instance_id,instance_width,split,graph,seed,method,parameter_dimension,gap,direction_cosine_exact_natural,direction_cosine_projected_target,direction_relative_error_exact_natural,direction_norm,exact_natural_norm,fisher_rank,fisher_condition
ct_w3_i1,3,calibration,chain,0,exact_natural,31,9.747976691316858,1.0,-0.8557420017520042,0.0,3.102753315539662,3.102753315539662,31,13968.34749444779
ct_w3_i1,3,calibration,chain,0,exact_regularized_full,31,9.747976691316858,0.9529354116108432,-0.7910530012630664,0.3226781281547688,2.6139138719559054,3.102753315539662,31,13968.34749444779
ct_w3_i1,3,calibration,chain,0,exact_diagonal,31,9.747976691316858,0.8363204647275726,-0.7298376582318128,0.5549275402542078,2.8613807855648994,3.102753315539662,31,13968.34749444779
ct_w3_i1,3,calibration,chain,0,exact_two_block,31,9.747976691316858,0.8820025716558789,-0.8132124924255957,0.4729565081279854,2.8613807855648994,3.102753315539662,31,13968.34749444779
ct_w3_i1,3,calibration,chain,0,exact_star,31,9.747976691316858,0.5770862811006405,-0.29577883984218756,0.866480148563695,2.6888365399309513,3.102753315539662,31,13968.34749444779
ct_w3_i1,3,calibration,chain,0,projected_target,31,9.747976691316858,-0.8557420017520042,1.0,2.7492813454562772,5.722761571129799,3.102753315539662,31,13968.34749444779
ct_w3_i1,3,calibration,chain,19,exact_natural,31,9.997657894342504,1.0,-0.8919174107373603,0.0,3.1673967813906265,3.1673967813906265,31,8201.65395868774
ct_w3_i1,3,calibration,chain,19,exact_regularized_full,31,9.997657894342504,0.9526063591757554,-0.8117470014012031,0.3277141243866193,2.631231050522921,3.1673967813906265,31,8201.65395868774
ct_w3_i1,3,calibration,chain,19,exact_diagonal,31,9.997657894342504,0.8405155879524673,-0.7294634794199882,0.5454229464655852,2.8613807855648985,3.1673967813906265,31,8201.65395868774
ct_w3_i1,3,calibration,chain,19,exact_two_block,31,9.997657894342504,0.8723577016469454,-0.8006308096189769,0.48985178745230895,2.8613807855648994,3.1673967813906265,31,8201.65395868774
ct_w3_i1,3,calibration,chain,19,exact_star,31,9.997657894342504,0.5141937292281012,-0.25239090080083615,0.9191044551806175,2.675086911527425,3.1673967813906265,31,8201.65395868774
ct_w3_i1,3,calibration,chain,19,projected_target,31,9.997657894342504,-0.8919174107373603,1.0,2.736312124032681,5.722761571129799,3.1673967813906265,31,8201.65395868774
ct_w3_i1,3,calibration,chain,42,exact_natural,31,9.975993077622542,1.0000000000000002,-0.8893684092999519,0.0,3.2760936830704828,3.2760936830704828,31,3469.959985818443
ct_w3_i1,3,calibration,chain,42,exact_regularized_full,31,9.975993077622542,0.9337427697864666,-0.8116311324428627,0.3796440853779279,2.6445648486347135,3.2760936830704828,31,3469.959985818443
ct_w3_i1,3,calibration,chain,42,exact_diagonal,31,9.975993077622542,0.8249443766412926,-0.7311180492074519,0.5672882185780735,2.8613807855648994,3.2760936830704828,31,3469.959985818443
ct_w3_i1,3,calibration,chain,42,exact_two_block,31,9.975993077622542,0.8779583839837822,-0.8158436618056283,0.4787585426200511,2.8613807855648994,3.2760936830704828,31,3469.959985818443
ct_w3_i1,3,calibration,chain,42,exact_star,31,9.975993077622542,0.4860685293183723,-0.24319899245716975,0.9389886760254402,2.7176016202928954,3.2760936830704828,31,3469.959985818443
ct_w3_i1,3,calibration,chain,42,projected_target,31,9.975993077622542,-0.8893684092999519,1.0,2.6755444817142893,5.722761571129799,3.2760936830704828,31,3469.959985818443
ct_w3_i1,3,calibration,chain,50,exact_natural,31,9.509534535557302,1.0,-0.8573754583383831,0.0,3.074675163148008,3.074675163148008,31,14238.580360872851
ct_w3_i1,3,calibration,chain,50,exact_regularized_full,31,9.509534535557302,0.947797249837069,-0.8115395436348087,0.35010951089496073,2.469707417415292,3.074675163148008,31,14238.580360872851
ct_w3_i1,3,calibration,chain,50,exact_diagonal,31,9.509534535557302,0.8227874706320548,-0.6983962470709089,0.5784898420780659,2.8613807855649,3.074675163148008,31,14238.580360872851
ct_w3_i1,3,calibration,chain,50,exact_two_block,31,9.509534535557302,0.830123947368638,-0.7987259675422722,0.5665645828644273,2.8613807855649,3.074675163148008,31,14238.580360872851
ct_w3_i1,3,calibration,chain,50,exact_star,31,9.509534535557302,0.5605496771970474,-0.33337895961415165,0.8693704354944166,2.5371121561632917,3.074675163148008,31,14238.580360872851
ct_w3_i1,3,calibration,chain,50,projected_target,31,9.509534535557302,-0.8573754583383831,1.0,2.7669245310075623,5.722761571129799,3.074675163148008,31,14238.580360872851
ct_w3_i1,3,calibration,chain,101,exact_natural,31,10.323180402626994,1.0,-0.9036191295299812,0.0,3.4173910949418778,3.4173910949418778,31,6894.750358772464
ct_w3_i1,3,calibration,chain,101,exact_regularized_full,31,10.323180402626994,0.944649041101124,-0.8182891000310063,0.3451985728019687,2.8613807855648994,3.4173910949418778,31,6894.750358772464
ct_w3_i1,3,calibration,chain,101,exact_diagonal,31,10.323180402626994,0.8394933305167489,-0.7474345898038136,0.5433744194527955,2.8613807855648994,3.4173910949418778,31,6894.750358772464
ct_w3_i1,3,calibration,chain,101,exact_two_block,31,10.323180402626994,0.8872347706331185,-0.8200859370422084,0.46401289404579654,2.8613807855648994,3.4173910949418778,31,6894.750358772464
ct_w3_i1,3,calibration,chain,101,exact_star,31,10.323180402626994,0.5575298707430507,-0.3330388235030504,0.876031758004063,2.861380785564899,3.4173910949418778,31,6894.750358772464
ct_w3_i1,3,calibration,chain,101,projected_target,31,10.323180402626994,-0.9036191295299812,1.0,2.6135577284820957,5.722761571129799,3.4173910949418778,31,6894.750358772464
ct_w3_i1,3,calibration,problem_tree,0,exact_natural,31,5.003096247447999,1.0,0.8505071886713502,0.0,3.066552860813817,3.066552860813817,31,3655.4425600176805
ct_w3_i1,3,calibration,problem_tree,0,exact_regularized_full,31,5.003096247447999,0.6825615930995461,0.31488779995905675,0.744674453978238,1.6547939388537471,3.066552860813817,31,3655.4425600176805
ct_w3_i1,3,calibration,problem_tree,0,exact_diagonal,31,5.003096247447999,0.35717180473573046,0.07444165614838452,1.1556238240443952,3.1819805153394634,3.066552860813817,31,3655.4425600176805
ct_w3_i1,3,calibration,problem_tree,0,exact_two_block,31,5.003096247447999,0.20176928378990555,-0.19075517451954382,1.1639235599540676,2.547080824242894,3.066552860813817,31,3655.4425600176805
ct_w3_i1,3,calibration,problem_tree,0,exact_star,31,5.003096247447999,0.562918975660112,0.38734103121329544,0.9531437899311764,3.1819805153394642,3.066552860813817,31,3655.4425600176805
ct_w3_i1,3,calibration,problem_tree,0,projected_target,31,5.003096247447999,0.8505071886713502,1.0,1.3329329026107568,6.363961030678928,3.066552860813817,31,3655.4425600176805
ct_w3_i1,3,calibration,problem_tree,19,exact_natural,31,5.579088914976157,1.0,0.8908180845550326,0.0,3.269373488907933,3.269373488907933,31,1868.1392310040533
ct_w3_i1,3,calibration,problem_tree,19,exact_regularized_full,31,5.579088914976157,0.7450806169204814,0.5132236353560271,0.7044582353131787,1.6946814901436051,3.269373488907933,31,1868.1392310040533
ct_w3_i1,3,calibration,problem_tree,19,exact_diagonal,31,5.579088914976157,0.411079356750765,0.1314772523843305,0.9906418261355003,2.6117027293878925,3.269373488907933,31,1868.1392310040533
ct_w3_i1,3,calibration,problem_tree,19,exact_two_block,31,5.579088914976157,0.06655252053154845,-0.26625193708341394,1.20084409347001,2.4020936476523866,3.269373488907933,31,1868.1392310040533
ct_w3_i1,3,calibration,problem_tree,19,exact_star,31,5.579088914976157,0.7642664792789191,0.6274996212868256,0.6459213255491429,2.617347227482859,3.269373488907933,31,1868.1392310040533
ct_w3_i1,3,calibration,problem_tree,19,projected_target,31,5.579088914976157,0.8908180845550326,1.0,1.1493426462929799,6.363961030678928,3.269373488907933,31,1868.1392310040533
ct_w3_i1,3,calibration,problem_tree,42,exact_natural,31,4.3290206716744635,1.0,0.9390675408893459,0.0,3.5687710633015097,3.5687710633015097,31,849.8352747566083
ct_w3_i1,3,calibration,problem_tree,42,exact_regularized_full,31,4.3290206716744635,0.7243909918571274,0.5683294279434391,0.7404808184213838,1.6205991990565058,3.5687710633015097,31,849.8352747566083
ct_w3_i1,3,calibration,problem_tree,42,exact_diagonal,31,4.3290206716744635,0.4622851301464964,0.3325161766741837,0.9852000664644153,3.181980515339464,3.5687710633015097,31,849.8352747566083
ct_w3_i1,3,calibration,problem_tree,42,exact_two_block,31,4.3290206716744635,-0.03524145413483564,-0.24745936924745543,1.2309249495310182,2.438830238391267,3.5687710633015097,31,849.8352747566083
ct_w3_i1,3,calibration,problem_tree,42,exact_star,31,4.3290206716744635,0.6378300891206058,0.5897211856227201,0.7943591207268467,2.970426593676945,3.5687710633015097,31,849.8352747566083
ct_w3_i1,3,calibration,problem_tree,42,projected_target,31,4.3290206716744635,0.9390675408893459,1.0,0.911467244921521,6.363961030678928,3.5687710633015097,31,849.8352747566083
ct_w3_i1,3,calibration,problem_tree,50,exact_natural,31,4.374780120164726,0.9999999999999999,0.8777671356553282,0.0,3.3929578305039976,3.3929578305039976,31,2933.075838870087
ct_w3_i1,3,calibration,problem_tree,50,exact_regularized_full,31,4.374780120164726,0.605377393181929,0.3074314599991725,0.8035788953697307,1.6789357407737522,3.3929578305039976,31,2933.075838870087
ct_w3_i1,3,calibration,problem_tree,50,exact_diagonal,31,4.374780120164726,0.4843744339572698,0.2750529561892723,0.9853899910738266,3.181980515339464,3.3929578305039976,31,2933.075838870087
ct_w3_i1,3,calibration,problem_tree,50,exact_two_block,31,4.374780120164726,0.2000313312612341,-0.13804059053806578,1.172240170955112,2.8622436585118614,3.3929578305039976,31,2933.075838870087
ct_w3_i1,3,calibration,problem_tree,50,exact_star,31,4.374780120164726,0.5892293998795223,0.482058809319174,0.8322333707969319,2.6761546681165567,3.3929578305039976,31,2933.075838870087
ct_w3_i1,3,calibration,problem_tree,50,projected_target,31,4.374780120164726,0.8777671356553282,1.0,1.1069197566609574,6.363961030678928,3.3929578305039976,31,2933.075838870087
ct_w3_i1,3,calibration,problem_tree,101,exact_natural,31,4.212793404091039,1.0,0.931297259521068,0.0,3.696605374035578,3.696605374035578,31,1566.4036172972458
ct_w3_i1,3,calibration,problem_tree,101,exact_regularized_full,31,4.212793404091039,0.7307432360932029,0.5613618301237142,0.7416606285041935,1.629596985322275,3.696605374035578,31,1566.4036172972458
ct_w3_i1,3,calibration,problem_tree,101,exact_diagonal,31,4.212793404091039,0.44496629111443303,0.3262118061819808,0.9453304806227135,2.7639336398926577,3.696605374035578,31,1566.4036172972458
ct_w3_i1,3,calibration,problem_tree,101,exact_two_block,31,4.212793404091039,0.2581528146716157,0.02555708215816336,1.0181016662397782,2.1416642687939307,3.696605374035578,31,1566.4036172972458
ct_w3_i1,3,calibration,problem_tree,101,exact_star,31,4.212793404091039,0.5061701559247823,0.4583505516897157,0.8759167201579355,2.437046116921824,3.696605374035578,31,1566.4036172972458
ct_w3_i1,3,calibration,problem_tree,101,projected_target,31,4.212793404091039,0.931297259521068,1.0,0.8701808768696121,6.363961030678928,3.696605374035578,31,1566.4036172972458
ct_w3_i1,3,calibration,width2,0,exact_natural,45,4.180420001596099,1.0000000000000002,0.9833157447289735,0.0,5.642112205743293,5.642112205743293,45,450.01099173859654
ct_w3_i1,3,calibration,width2,0,exact_regularized_full,45,4.180420001596099,0.8958256485092049,0.8623485419330356,0.6337459585892786,2.5051532894297286,5.642112205743293,45,450.01099173859654
ct_w3_i1,3,calibration,width2,0,exact_diagonal,45,4.180420001596099,0.33546109630687504,0.31996101340257804,0.9420622794024968,1.9149117059617615,5.642112205743293,45,450.01099173859654
ct_w3_i1,3,calibration,width2,0,exact_two_block,45,4.180420001596099,0.6548358410590147,0.5972565269271539,0.8333506397305688,1.713614817832132,5.642112205743293,45,450.01099173859654
ct_w3_i1,3,calibration,width2,0,exact_star,45,4.180420001596099,0.6092782273959677,0.5866176653304666,0.8421877779021802,1.8368044970751867,5.642112205743293,45,450.01099173859654
ct_w3_i1,3,calibration,width2,0,projected_target,45,4.180420001596099,0.9833157447289735,1.0,0.2647441311921883,6.6332495807108,5.642112205743293,45,450.01099173859654
ct_w3_i1,3,calibration,width2,19,exact_natural,45,4.491690907237528,0.9999999999999998,0.9875819178574969,0.0,5.76316736728583,5.76316736728583,45,713.3066372650723
ct_w3_i1,3,calibration,width2,19,exact_regularized_full,45,4.491690907237528,0.8653173094121994,0.8229394599052303,0.6357594804549449,2.732957230037556,5.76316736728583,45,713.3066372650723
ct_w3_i1,3,calibration,width2,19,exact_diagonal,45,4.491690907237528,0.45119412512113927,0.4429259059956916,0.9040648822013179,1.7669474823233873,5.76316736728583,45,713.3066372650723
ct_w3_i1,3,calibration,width2,19,exact_two_block,45,4.491690907237528,0.46810023982527627,0.45683844673383106,0.8974707742975485,1.794344005441052,5.76316736728583,45,713.3066372650723
ct_w3_i1,3,calibration,width2,19,exact_star,45,4.491690907237528,0.771842336962797,0.7474009191991042,0.7435384602240334,2.226706660032952,5.76316736728583,45,713.3066372650723
ct_w3_i1,3,calibration,width2,19,projected_target,45,4.491690907237528,0.9875819178574969,1.0,0.2266684264060767,6.6332495807108,5.76316736728583,45,713.3066372650723
ct_w3_i1,3,calibration,width2,42,exact_natural,45,4.1279512669250025,1.0,0.9928636831311841,0.0,5.9756526198724425,5.9756526198724425,45,254.27205509521022
ct_w3_i1,3,calibration,width2,42,exact_regularized_full,45,4.1279512669250025,0.9444691254953756,0.9299612151762829,0.5704522724864847,2.85735955336946,5.9756526198724425,45,254.27205509521022
ct_w3_i1,3,calibration,width2,42,exact_diagonal,45,4.1279512669250025,0.34685219638825243,0.3405351941813978,0.9379208724096696,2.081138164677359,5.9756526198724425,45,254.27205509521022
ct_w3_i1,3,calibration,width2,42,exact_two_block,45,4.1279512669250025,0.40070152832359573,0.3941086487523764,0.929424748725487,1.4611778933053505,5.9756526198724425,45,254.27205509521022
ct_w3_i1,3,calibration,width2,42,exact_star,45,4.1279512669250025,0.7297495810866068,0.7141088598174331,0.784841253800074,2.05789113436454,5.9756526198724425,45,254.27205509521022
ct_w3_i1,3,calibration,width2,42,projected_target,45,4.1279512669250025,0.9928636831311841,1.0,0.16719274381062416,6.6332495807108,5.9756526198724425,45,254.27205509521022
ct_w3_i1,3,calibration,width2,50,exact_natural,45,4.209470113867184,1.0000000000000002,0.9842492144088782,0.0,5.641316351068633,5.641316351068633,45,926.4286271091457
ct_w3_i1,3,calibration,width2,50,exact_regularized_full,45,4.209470113867184,0.8757259914683467,0.8306875031672152,0.6649692620739411,2.360739604904197,5.641316351068633,45,926.4286271091457
ct_w3_i1,3,calibration,width2,50,exact_diagonal,45,4.209470113867184,0.261278859219371,0.23833903714979351,0.9751325790908806,2.2546257971565944,5.641316351068633,45,926.4286271091457
ct_w3_i1,3,calibration,width2,50,exact_two_block,45,4.209470113867184,0.3880572017251492,0.32743967166479315,0.925767386154388,1.6962674895643437,5.641316351068633,45,926.4286271091457
ct_w3_i1,3,calibration,width2,50,exact_star,45,4.209470113867184,0.6549091698561228,0.627225985503484,0.8104594871573777,2.042591657717371,5.641316351068633,45,926.4286271091457
ct_w3_i1,3,calibration,width2,50,projected_target,45,4.209470113867184,0.9842492144088782,1.0,0.26068770371046995,6.6332495807108,5.641316351068633,45,926.4286271091457
ct_w3_i1,3,calibration,width2,101,exact_natural,45,4.0914368635840415,1.0000000000000002,0.9857842760268771,0.0,5.760181872196906,5.760181872196906,45,1349.2419578358592
ct_w3_i1,3,calibration,width2,101,exact_regularized_full,45,4.0914368635840415,0.8664023164408614,0.8355383140206938,0.6584927385435831,2.518009095055618,5.760181872196906,45,1349.2419578358592
ct_w3_i1,3,calibration,width2,101,exact_diagonal,45,4.0914368635840415,0.40659371119227217,0.3800330342479723,0.9220357013508812,1.6256510208927673,5.760181872196906,45,1349.2419578358592
ct_w3_i1,3,calibration,width2,101,exact_two_block,45,4.0914368635840415,0.6247114562163745,0.5859502507025333,0.836737412053297,1.8666196105515385,5.760181872196906,45,1349.2419578358592
ct_w3_i1,3,calibration,width2,101,exact_star,45,4.0914368635840415,0.6080335833330897,0.5874658043852297,0.8527159810138888,1.7099640385434929,5.760181872196906,45,1349.2419578358592
ct_w3_i1,3,calibration,width2,101,projected_target,45,4.0914368635840415,0.9857842760268771,1.0,0.23603832611133893,6.6332495807108,5.760181872196906,45,1349.2419578358592
ct_w3_i1,3,calibration,width3,0,exact_natural,49,4.085549114538509,1.0,0.9999999999999999,0.0,6.708203932500151,6.708203932500151,49,469.5206305544205
ct_w3_i1,3,calibration,width3,0,exact_regularized_full,49,4.085549114538509,0.9043854218097075,0.9043854218097391,0.6516912547200873,2.7626148447807237,6.708203932500151,49,469.5206305544205
ct_w3_i1,3,calibration,width3,0,exact_diagonal,49,4.085549114538509,0.3183558059903764,0.31835580599039315,0.9489817953080472,1.8418968162183953,6.708203932500151,49,469.5206305544205
ct_w3_i1,3,calibration,width3,0,exact_two_block,49,4.085549114538509,0.747945376031322,0.7479453760313493,0.8234210457674975,1.7485778761545954,6.708203932500151,49,469.5206305544205
ct_w3_i1,3,calibration,width3,0,exact_star,49,4.085549114538509,0.5580637915926228,0.5580637915926597,0.880490863184588,1.768391554801759,6.708203932500151,49,469.5206305544205
ct_w3_i1,3,calibration,width3,0,projected_target,49,4.085549114538509,0.9999999999999999,0.9999999999999999,1.8958816485976562e-13,6.708203932499369,6.708203932500151,49,469.5206305544205
ct_w3_i1,3,calibration,width3,19,exact_natural,49,4.2782262121211545,0.9999999999999999,0.9999999999999997,0.0,6.708203932501908,6.708203932501908,49,471.6143074640569
ct_w3_i1,3,calibration,width3,19,exact_regularized_full,49,4.2782262121211545,0.9119424481842205,0.9119424481843372,0.6067202291158431,3.119383021511249,6.708203932501908,49,471.6143074640569
ct_w3_i1,3,calibration,width3,19,exact_diagonal,49,4.2782262121211545,0.4008162365615542,0.4008162365616337,0.9262785574693475,1.7727587091453971,6.708203932501908,49,471.6143074640569
ct_w3_i1,3,calibration,width3,19,exact_two_block,49,4.2782262121211545,0.4944875160679455,0.4944875160680258,0.8958147015626297,1.8627900091524845,6.708203932501908,49,471.6143074640569
ct_w3_i1,3,calibration,width3,19,exact_star,49,4.2782262121211545,0.7406214892909434,0.7406214892910712,0.7872967780808908,2.2157795743570223,6.708203932501908,49,471.6143074640569
ct_w3_i1,3,calibration,width3,19,projected_target,49,4.2782262121211545,0.9999999999999997,0.9999999999999999,5.965125886231066e-13,6.708203932499369,6.708203932501908,49,471.6143074640569
ct_w3_i1,3,calibration,width3,42,exact_natural,49,3.971640201217159,1.0000000000000002,1.0,0.0,6.708203932498911,6.708203932498911,49,325.69800643763097
ct_w3_i1,3,calibration,width3,42,exact_regularized_full,49,3.971640201217159,0.9433843694938541,0.9433843694938214,0.5907904548123616,3.0488820945835973,6.708203932498911,49,325.69800643763097
ct_w3_i1,3,calibration,width3,42,exact_diagonal,49,3.971640201217159,0.32942663671199157,0.3294266367119712,0.9441908570698987,2.2385448486519994,6.708203932498911,49,325.69800643763097
ct_w3_i1,3,calibration,width3,42,exact_two_block,49,3.971640201217159,0.48585638703324124,0.48585638703323675,0.9085402884306913,1.5956177621063907,6.708203932498911,49,325.69800643763097
ct_w3_i1,3,calibration,width3,42,exact_star,49,3.971640201217159,0.6952277994860386,0.6952277994860101,0.8202168448160673,2.0133748904916313,6.708203932498911,49,325.69800643763097
ct_w3_i1,3,calibration,width3,42,projected_target,49,3.971640201217159,1.0,0.9999999999999999,5.579633166714238e-13,6.708203932499369,6.708203932498911,49,325.69800643763097
ct_w3_i1,3,calibration,width3,50,exact_natural,49,4.027763916597827,1.0,1.0,0.0,6.708203932494682,6.708203932494682,49,1673.911193090524
ct_w3_i1,3,calibration,width3,50,exact_regularized_full,49,4.027763916597827,0.8958683078296421,0.895868307829271,0.6653996887031837,2.6869944836674486,6.708203932494682,49,1673.911193090524
ct_w3_i1,3,calibration,width3,50,exact_diagonal,49,4.027763916597827,0.2530247481441686,0.2530247481440842,0.9763976951973536,2.581552674804466,6.708203932494682,49,1673.911193090524
ct_w3_i1,3,calibration,width3,50,exact_two_block,49,4.027763916597827,0.5273994098846426,0.5273994098843923,0.8892547029509459,1.7767716554587782,6.708203932494682,49,1673.911193090524
ct_w3_i1,3,calibration,width3,50,exact_star,49,4.027763916597827,0.5287723691564392,0.5287723691561365,0.8838648552819252,1.8927917156108096,6.708203932494682,49,1673.911193090524
ct_w3_i1,3,calibration,width3,50,projected_target,49,4.027763916597827,1.0,0.9999999999999999,1.6548697190697409e-12,6.708203932499369,6.708203932494682,49,1673.911193090524
ct_w3_i1,3,calibration,width3,101,exact_natural,49,3.997604635950381,1.0,1.0,0.0,6.708203932501672,6.708203932501672,49,1224.5674976060884
ct_w3_i1,3,calibration,width3,101,exact_regularized_full,49,3.997604635950381,0.8383485939221943,0.8383485939223523,0.7091601467569466,2.5810939027663835,6.708203932501672,49,1224.5674976060884
ct_w3_i1,3,calibration,width3,101,exact_diagonal,49,3.997604635950381,0.3046576165196169,0.3046576165194888,0.9526366763582895,1.9213104863114854,6.708203932501672,49,1224.5674976060884
ct_w3_i1,3,calibration,width3,101,exact_two_block,49,3.997604635950381,0.6115725751818338,0.6115725751816603,0.8563952264267592,1.9037991484481318,6.708203932501672,49,1224.5674976060884
ct_w3_i1,3,calibration,width3,101,exact_star,49,3.997604635950381,0.49919485124692764,0.49919485124700536,0.9026725918201323,1.6514681638907571,6.708203932501672,49,1224.5674976060884
ct_w3_i1,3,calibration,width3,101,projected_target,49,3.997604635950381,1.0,0.9999999999999999,1.8076096440040392e-12,6.708203932499369,6.708203932501672,49,1224.5674976060884
ct_w3_i2,3,evaluation,chain,0,exact_natural,31,7.370511463764053,1.0,-0.4090235316106381,0.0,1.852440963859961,1.852440963859961,31,2259.291805073215
ct_w3_i2,3,evaluation,chain,0,exact_regularized_full,31,7.370511463764053,0.9495744320796775,-0.5107700572998062,0.3231574841916957,1.61408536679061,1.852440963859961,31,2259.291805073215
ct_w3_i2,3,evaluation,chain,0,exact_diagonal,31,7.370511463764053,0.7773419490218159,-0.5139756695362577,0.8009976743450999,2.358495283014151,1.852440963859961,31,2259.291805073215
ct_w3_i2,3,evaluation,chain,0,exact_two_block,31,7.370511463764053,0.7744137629231621,-0.6581136548456653,0.8056385693822536,2.358495283014151,1.852440963859961,31,2259.291805073215
ct_w3_i2,3,evaluation,chain,0,exact_star,31,7.370511463764053,0.6086480363813284,0.07645394151576274,0.9062353749658498,1.9385808330638388,1.852440963859961,31,2259.291805073215
ct_w3_i2,3,evaluation,chain,0,projected_target,31,7.370511463764053,-0.4090235316106381,1.0000000000000002,3.093060016443607,4.716990566028302,1.852440963859961,31,2259.291805073215
ct_w3_i2,3,evaluation,chain,19,exact_natural,31,7.593445189703084,1.0,-0.3430865876541273,0.0,1.8076178208030322,1.8076178208030322,31,1014.1260153671658
ct_w3_i2,3,evaluation,chain,19,exact_regularized_full,31,7.593445189703084,0.9263128996536828,-0.6131806546599495,0.3770976591342122,1.6453719790590677,1.8076178208030322,31,1014.1260153671658
ct_w3_i2,3,evaluation,chain,19,exact_diagonal,31,7.593445189703084,0.7575912927969086,-0.5760337902865917,0.8517286391403709,2.3584952830141503,1.8076178208030322,31,1014.1260153671658
ct_w3_i2,3,evaluation,chain,19,exact_two_block,31,7.593445189703084,0.6987097770284199,-0.7110636171670961,0.9375997955122647,2.358495283014151,1.8076178208030322,31,1014.1260153671658
ct_w3_i2,3,evaluation,chain,19,exact_star,31,7.593445189703084,0.69643635992857,0.08012797695124112,0.8243693445607674,1.9922768120740946,1.8076178208030322,31,1014.1260153671658
ct_w3_i2,3,evaluation,chain,19,projected_target,31,7.593445189703084,-0.3430865876541273,1.0000000000000002,3.0984024761482636,4.716990566028302,1.8076178208030322,31,1014.1260153671658
ct_w3_i2,3,evaluation,chain,42,exact_natural,31,7.3134760646100485,1.0000000000000002,-0.332444655430523,0.0,1.8109775999360929,1.8109775999360929,31,1174.7404135049446
ct_w3_i2,3,evaluation,chain,42,exact_regularized_full,31,7.3134760646100485,0.8886238551749462,-0.610958966149256,0.45866099050320425,1.6178222176558945,1.8109775999360929,31,1174.7404135049446
ct_w3_i2,3,evaluation,chain,42,exact_diagonal,31,7.3134760646100485,0.7097531149370129,-0.5300608230516493,0.9205438818209202,2.358495283014151,1.8109775999360929,31,1174.7404135049446
ct_w3_i2,3,evaluation,chain,42,exact_two_block,31,7.3134760646100485,0.6954667365033876,-0.680705038139461,0.9405382889282142,2.358495283014151,1.8109775999360929,31,1174.7404135049446
ct_w3_i2,3,evaluation,chain,42,exact_star,31,7.3134760646100485,0.6933242431126551,0.09454164558424691,0.7892381982016168,1.838480369049452,1.8109775999360929,31,1174.7404135049446
ct_w3_i2,3,evaluation,chain,42,projected_target,31,7.3134760646100485,-0.332444655430523,1.0000000000000002,3.08481694940317,4.716990566028302,1.8109775999360929,31,1174.7404135049446
ct_w3_i2,3,evaluation,chain,50,exact_natural,31,6.50990591513563,1.0,-0.14677356998758573,0.0,1.614709330350861,1.614709330350861,31,1429.1646755360484
ct_w3_i2,3,evaluation,chain,50,exact_regularized_full,31,6.50990591513563,0.9211063254505027,-0.37038805480396286,0.3943956825953174,1.3853897913966247,1.614709330350861,31,1429.1646755360484
ct_w3_i2,3,evaluation,chain,50,exact_diagonal,31,6.50990591513563,0.7090852957111455,-0.38658043948934956,0.9208924364210822,2.101393800146649,1.614709330350861,31,1429.1646755360484
ct_w3_i2,3,evaluation,chain,50,exact_two_block,31,6.50990591513563,0.7009786967917199,-0.547644005284239,1.01200508711566,2.2912397489071434,1.614709330350861,31,1429.1646755360484
ct_w3_i2,3,evaluation,chain,50,exact_star,31,6.50990591513563,0.6609802618789582,0.12647428382454426,0.9203519159004576,1.9277092159523284,1.614709330350861,31,1429.1646755360484
ct_w3_i2,3,evaluation,chain,50,projected_target,31,6.50990591513563,-0.14677356998758573,1.0000000000000002,3.2235548233747138,4.716990566028302,1.614709330350861,31,1429.1646755360484
ct_w3_i2,3,evaluation,chain,101,exact_natural,31,7.338113275904185,1.0,-0.45872790793584606,0.0,1.816326729935678,1.816326729935678,31,975.4757816267229
ct_w3_i2,3,evaluation,chain,101,exact_regularized_full,31,7.338113275904185,0.9674473048260248,-0.5494199198868325,0.25834722505172936,1.6628636640534495,1.816326729935678,31,975.4757816267229
ct_w3_i2,3,evaluation,chain,101,exact_diagonal,31,7.338113275904185,0.8182112315769772,-0.4937807157685049,0.7491362026430028,2.358495283014151,1.816326729935678,31,975.4757816267229
ct_w3_i2,3,evaluation,chain,101,exact_two_block,31,7.338113275904185,0.8171070743357424,-0.6411608135945591,0.7510476285936933,2.358495283014151,1.816326729935678,31,975.4757816267229
ct_w3_i2,3,evaluation,chain,101,exact_star,31,7.338113275904185,0.610997921257872,0.14429436435872317,0.9444093138149913,2.0451843752524663,1.816326729935678,31,975.4757816267229
ct_w3_i2,3,evaluation,chain,101,projected_target,31,7.338113275904185,-0.45872790793584606,1.0000000000000002,3.1822960687709894,4.716990566028302,1.816326729935678,31,975.4757816267229
ct_w3_i2,3,evaluation,problem_tree,0,exact_natural,31,3.626167603749747,1.0,0.8014295655522157,0.0,2.668323409823717,2.668323409823717,31,2927.701230487801
ct_w3_i2,3,evaluation,problem_tree,0,exact_regularized_full,31,3.626167603749747,0.8382617685999666,0.4829890590044814,0.5649273424746742,1.8425481570514206,2.668323409823717,31,2927.701230487801
ct_w3_i2,3,evaluation,problem_tree,0,exact_diagonal,31,3.626167603749747,0.5317768786369682,0.31741236579526144,0.9469590108643695,2.5495097567963922,2.668323409823717,31,2927.701230487801
ct_w3_i2,3,evaluation,problem_tree,0,exact_two_block,31,3.626167603749747,0.1794591486323683,-0.22598215083598364,1.2429403839244617,2.505914122682094,2.668323409823717,31,2927.701230487801
ct_w3_i2,3,evaluation,problem_tree,0,exact_star,31,3.626167603749747,0.7919708248940449,0.6886416165303477,0.6283996475940453,2.5099441247371956,2.668323409823717,31,2927.701230487801
ct_w3_i2,3,evaluation,problem_tree,0,projected_target,31,3.626167603749747,0.8014295655522157,1.0000000000000002,1.2604504537424874,5.0990195135927845,2.668323409823717,31,2927.701230487801
ct_w3_i2,3,evaluation,problem_tree,19,exact_natural,31,4.870627641815064,1.0,0.8020604035187483,0.0,2.718612975433172,2.718612975433172,31,650.4633940677174
ct_w3_i2,3,evaluation,problem_tree,19,exact_regularized_full,31,4.870627641815064,0.8404887106976643,0.49077396784435484,0.5772594037852166,1.7436270344468436,2.718612975433172,31,650.4633940677174
ct_w3_i2,3,evaluation,problem_tree,19,exact_diagonal,31,4.870627641815064,0.44142675296448447,0.10128584063099319,1.0243716473144895,2.5435003340532556,2.718612975433172,31,650.4633940677174
ct_w3_i2,3,evaluation,problem_tree,19,exact_two_block,31,4.870627641815064,0.1783313999770035,-0.23959475752499232,1.1963552947723994,2.334805876910357,2.718612975433172,31,650.4633940677174
ct_w3_i2,3,evaluation,problem_tree,19,exact_star,31,4.870627641815064,0.8294244408569711,0.6665996800112635,0.5590366091633479,2.1961447992438266,2.718612975433172,31,650.4633940677174
ct_w3_i2,3,evaluation,problem_tree,19,projected_target,31,4.870627641815064,0.8020604035187483,1.0000000000000002,1.2284859381326143,5.0990195135927845,2.718612975433172,31,650.4633940677174
ct_w3_i2,3,evaluation,problem_tree,42,exact_natural,31,3.8153083575538638,0.9999999999999999,0.8792712166011328,0.0,2.7832150781386025,2.7832150781386025,31,521.5067953428472
ct_w3_i2,3,evaluation,problem_tree,42,exact_regularized_full,31,3.8153083575538638,0.8038673978179912,0.5913522744460615,0.6287951140873467,1.6697640657484685,2.7832150781386025,31,521.5067953428472
ct_w3_i2,3,evaluation,problem_tree,42,exact_diagonal,31,3.8153083575538638,0.4609769223431988,0.2812104392961521,0.9972833042306937,2.5495097567963922,2.7832150781386025,31,521.5067953428472
ct_w3_i2,3,evaluation,problem_tree,42,exact_two_block,31,3.8153083575538638,0.16498825073105883,-0.12114713917483778,1.1696119027097842,2.2088931810290267,2.7832150781386025,31,521.5067953428472
ct_w3_i2,3,evaluation,problem_tree,42,exact_star,31,3.8153083575538638,0.732444677199837,0.6463480526020993,0.6868206409897045,2.2905480727457306,2.7832150781386025,31,521.5067953428472
ct_w3_i2,3,evaluation,problem_tree,42,projected_target,31,3.8153083575538638,0.8792712166011328,1.0000000000000002,1.0652184299063137,5.0990195135927845,2.7832150781386025,31,521.5067953428472
ct_w3_i2,3,evaluation,problem_tree,50,exact_natural,31,3.426108007498539,1.0,0.8219413688253854,0.0,2.580571045593822,2.580571045593822,31,1254.5301087740902
ct_w3_i2,3,evaluation,problem_tree,50,exact_regularized_full,31,3.426108007498539,0.884070101021945,0.5764350443937968,0.5129243504109386,1.7359866896049605,2.580571045593822,31,1254.5301087740902
ct_w3_i2,3,evaluation,problem_tree,50,exact_diagonal,31,3.426108007498539,0.5521593854360775,0.3718985787857837,0.9407683861915795,2.5495097567963922,2.580571045593822,31,1254.5301087740902
ct_w3_i2,3,evaluation,problem_tree,50,exact_two_block,31,3.426108007498539,0.23732701679809196,-0.11469835299352722,1.193098376660768,2.399953402384323,2.580571045593822,31,1254.5301087740902
ct_w3_i2,3,evaluation,problem_tree,50,exact_star,31,3.426108007498539,0.8255627125379758,0.6860232142983589,0.5675425043386951,2.2865059006756407,2.580571045593822,31,1254.5301087740902
ct_w3_i2,3,evaluation,problem_tree,50,projected_target,31,3.426108007498539,0.8219413688253854,1.0000000000000002,1.2868934626471882,5.0990195135927845,2.580571045593822,31,1254.5301087740902
ct_w3_i2,3,evaluation,problem_tree,101,exact_natural,31,4.1659075333890625,0.9999999999999999,0.8535954804581997,0.0,2.676591169703593,2.676591169703593,31,1606.265811016541
ct_w3_i2,3,evaluation,problem_tree,101,exact_regularized_full,31,4.1659075333890625,0.8812867926795761,0.5915763874323043,0.5029368707348268,1.8982536796070566,2.676591169703593,31,1606.265811016541
ct_w3_i2,3,evaluation,problem_tree,101,exact_diagonal,31,4.1659075333890625,0.5364058275879819,0.3007462912252434,0.9327706694622472,2.4989636380504585,2.676591169703593,31,1606.265811016541
ct_w3_i2,3,evaluation,problem_tree,101,exact_two_block,31,4.1659075333890625,0.24079190528818828,-0.13709985199806093,1.1228972781215276,2.155955810221987,2.676591169703593,31,1606.265811016541
ct_w3_i2,3,evaluation,problem_tree,101,exact_star,31,4.1659075333890625,0.8438239625775562,0.7175105466254221,0.537076359676634,2.1993291871693943,2.676591169703593,31,1606.265811016541
ct_w3_i2,3,evaluation,problem_tree,101,projected_target,31,4.1659075333890625,0.8535954804581997,1.0000000000000002,1.1734203257190154,5.0990195135927845,2.676591169703593,31,1606.265811016541
ct_w3_i2,3,evaluation,width2,0,exact_natural,43,3.649445626074547,1.0,0.9648925623469861,0.0,4.332886834096378,4.332886834096378,43,393.12958574642215
ct_w3_i2,3,evaluation,width2,0,exact_regularized_full,43,3.649445626074547,0.9485641373316197,0.8612144889839666,0.4711722278136943,2.5979913608537504,4.332886834096378,43,393.12958574642215
ct_w3_i2,3,evaluation,width2,0,exact_diagonal,43,3.649445626074547,0.4280077811259609,0.3619775202270354,0.9045694243999448,1.690287480501806,4.332886834096378,43,393.12958574642215
ct_w3_i2,3,evaluation,width2,0,exact_two_block,43,3.649445626074547,0.453567900266048,0.393112788062717,0.8946221754573017,1.6276078529919524,4.332886834096378,43,393.12958574642215
ct_w3_i2,3,evaluation,width2,0,exact_star,43,3.649445626074547,0.7326876938427442,0.646399627175516,0.7233307759106467,2.112974732887723,4.332886834096378,43,393.12958574642215
ct_w3_i2,3,evaluation,width2,0,projected_target,43,3.649445626074547,0.9648925623469861,1.0000000000000002,0.3824230003554085,5.385164807134504,4.332886834096378,43,393.12958574642215
ct_w3_i2,3,evaluation,width2,19,exact_natural,43,4.119919029039536,1.0,0.9725133583072664,0.0,4.4949018069686195,4.4949018069686195,43,317.331706075334
ct_w3_i2,3,evaluation,width2,19,exact_regularized_full,43,4.119919029039536,0.9168852608086571,0.8372082640944069,0.5327829627652393,2.5350720163408296,4.4949018069686195,43,317.331706075334
ct_w3_i2,3,evaluation,width2,19,exact_diagonal,43,4.119919029039536,0.3820074909254896,0.31135427393784354,0.9241595065147619,1.7203168820206671,4.4949018069686195,43,317.331706075334
ct_w3_i2,3,evaluation,width2,19,exact_two_block,43,4.119919029039536,0.4319039476233413,0.28941188509288757,0.9028401615667748,1.758153652917084,4.4949018069686195,43,317.331706075334
ct_w3_i2,3,evaluation,width2,19,exact_star,43,4.119919029039536,0.7886071697634421,0.7668226237585425,0.7114481050153609,1.9361920140380182,4.4949018069686195,43,317.331706075334
ct_w3_i2,3,evaluation,width2,19,projected_target,43,4.119919029039536,0.9725133583072664,1.0000000000000002,0.32417484680509256,5.385164807134504,4.4949018069686195,43,317.331706075334
ct_w3_i2,3,evaluation,width2,42,exact_natural,43,3.8762646150439295,1.0,0.9808498448493724,0.0,4.609755556712147,4.609755556712147,43,351.934618902139
ct_w3_i2,3,evaluation,width2,42,exact_regularized_full,43,3.8762646150439295,0.9293609198816244,0.8789196181798085,0.5210627958111121,2.5890263598147665,4.609755556712147,43,351.934618902139
ct_w3_i2,3,evaluation,width2,42,exact_diagonal,43,3.8762646150439295,0.3770735954224942,0.3386103075312731,0.9279975850578541,1.4708507136895916,4.609755556712147,43,351.934618902139
ct_w3_i2,3,evaluation,width2,42,exact_two_block,43,3.8762646150439295,0.5587539363817798,0.47615574773282376,0.8574102006645834,1.5725467148460686,4.609755556712147,43,351.934618902139
ct_w3_i2,3,evaluation,width2,42,exact_star,43,3.8762646150439295,0.753571274030938,0.7143241033811608,0.7687577300817768,1.6364687040743955,4.609755556712147,43,351.934618902139
ct_w3_i2,3,evaluation,width2,42,projected_target,43,3.8762646150439295,0.9808498448493724,1.0000000000000002,0.2702546835453616,5.385164807134504,4.609755556712147,43,351.934618902139
ct_w3_i2,3,evaluation,width2,50,exact_natural,43,3.880675318706559,1.0,0.9667975663676704,0.0,4.331314910638429,4.331314910638429,43,842.5575520449075
ct_w3_i2,3,evaluation,width2,50,exact_regularized_full,43,3.880675318706559,0.9021486594769093,0.807221635469175,0.5351837810584044,2.5357967454141193,4.331314910638429,43,842.5575520449075
ct_w3_i2,3,evaluation,width2,50,exact_diagonal,43,3.880675318706559,0.4664239583554103,0.3909639115614326,0.8956770090431944,1.4109342855672842,4.331314910638429,43,842.5575520449075
ct_w3_i2,3,evaluation,width2,50,exact_two_block,43,3.880675318706559,0.5563180099136624,0.45479457779613053,0.8593288877993771,1.4612791091575528,4.331314910638429,43,842.5575520449075
ct_w3_i2,3,evaluation,width2,50,exact_star,43,3.880675318706559,0.7351027282337659,0.6129992910768155,0.7564228753362079,1.730861173490985,4.331314910638429,43,842.5575520449075
ct_w3_i2,3,evaluation,width2,50,projected_target,43,3.880675318706559,0.9667975663676704,1.0000000000000002,0.37651200984839966,5.385164807134504,4.331314910638429,43,842.5575520449075
ct_w3_i2,3,evaluation,width2,101,exact_natural,43,4.13334645573907,1.0,0.9773645614814735,0.0,4.587674702136466,4.587674702136466,43,472.10864549733594
ct_w3_i2,3,evaluation,width2,101,exact_regularized_full,43,4.13334645573907,0.9212993384768112,0.8482520496809044,0.516407238120801,2.667696952137848,4.587674702136466,43,472.10864549733594
ct_w3_i2,3,evaluation,width2,101,exact_diagonal,43,4.13334645573907,0.45790404250359995,0.36896483647070843,0.8980964319799841,1.5158391039106074,4.587674702136466,43,472.10864549733594
ct_w3_i2,3,evaluation,width2,101,exact_two_block,43,4.13334645573907,0.5165977026706743,0.475728677256168,0.8680076145401593,1.7161716817245085,4.587674702136466,43,472.10864549733594
ct_w3_i2,3,evaluation,width2,101,exact_star,43,4.13334645573907,0.7843824685994022,0.6945454354423379,0.7062925904184223,2.0488006239591328,4.587674702136466,43,472.10864549733594
ct_w3_i2,3,evaluation,width2,101,projected_target,43,4.13334645573907,0.9773645614814735,1.0000000000000002,0.28871860689726164,5.385164807134504,4.587674702136466,43,472.10864549733594
ct_w3_i2,3,evaluation,width3,0,exact_natural,47,3.397704860059987,1.0,0.9999999999999999,0.0,5.477225575051053,5.477225575051053,47,300.3127285758334
ct_w3_i2,3,evaluation,width3,0,exact_regularized_full,47,3.397704860059987,0.9221636809574053,0.9221636809574136,0.5757971323218263,2.7146952184669493,5.477225575051053,47,300.3127285758334
ct_w3_i2,3,evaluation,width3,0,exact_diagonal,47,3.397704860059987,0.345930956323233,0.34593095632322635,0.9382717773430489,1.9205225141334046,5.477225575051053,47,300.3127285758334
ct_w3_i2,3,evaluation,width3,0,exact_two_block,47,3.397704860059987,0.5121650920695183,0.5121650920695164,0.8798317228628442,1.760012540329912,5.477225575051053,47,300.3127285758334
ct_w3_i2,3,evaluation,width3,0,exact_star,47,3.397704860059987,0.5208748593237751,0.5208748593237756,0.8630270940287385,2.1573978640293263,5.477225575051053,47,300.3127285758334
ct_w3_i2,3,evaluation,width3,0,projected_target,47,3.397704860059987,0.9999999999999999,1.0,2.1327424518015687e-13,5.477225575051661,5.477225575051053,47,300.3127285758334
ct_w3_i2,3,evaluation,width3,19,exact_natural,47,3.628768798937964,0.9999999999999999,1.0,0.0,5.4772255750505625,5.4772255750505625,47,242.8752209344257
ct_w3_i2,3,evaluation,width3,19,exact_regularized_full,47,3.628768798937964,0.9310430951239576,0.9310430951239043,0.5647626978439316,2.7386127875258306,5.4772255750505625,47,242.8752209344257
ct_w3_i2,3,evaluation,width3,19,exact_diagonal,47,3.628768798937964,0.4498211884279336,0.4498211884278885,0.9204384667532511,1.2445993736946759,5.4772255750505625,47,242.8752209344257
ct_w3_i2,3,evaluation,width3,19,exact_two_block,47,3.628768798937964,0.5637015753387207,0.563701575338658,0.8678710378788085,1.6284839711260792,5.4772255750505625,47,242.8752209344257
ct_w3_i2,3,evaluation,width3,19,exact_star,47,3.628768798937964,0.7360619479596998,0.7360619479596437,0.8004813989048639,1.691335920517906,5.4772255750505625,47,242.8752209344257
ct_w3_i2,3,evaluation,width3,19,projected_target,47,3.628768798937964,1.0,1.0,3.121518722227776e-13,5.477225575051661,5.4772255750505625,47,242.8752209344257
ct_w3_i2,3,evaluation,width3,42,exact_natural,47,3.705325475001464,0.9999999999999999,1.0,0.0,5.477225575051455,5.477225575051455,47,219.5247244945993
ct_w3_i2,3,evaluation,width3,42,exact_regularized_full,47,3.705325475001464,0.9444564069316851,0.9444564069316748,0.5527599778098066,2.7386127875258306,5.477225575051455,47,219.5247244945993
ct_w3_i2,3,evaluation,width3,42,exact_diagonal,47,3.705325475001464,0.34795064187919966,0.3479506418792031,0.9399093966008114,1.5384083324795577,5.477225575051455,47,219.5247244945993
ct_w3_i2,3,evaluation,width3,42,exact_two_block,47,3.705325475001464,0.6406903127492842,0.640690312749285,0.8458974911182738,1.5647776179744615,5.477225575051455,47,219.5247244945993
ct_w3_i2,3,evaluation,width3,42,exact_star,47,3.705325475001464,0.7132324954354541,0.7132324954354393,0.7867090092234336,1.9499183550453045,5.477225575051455,47,219.5247244945993
ct_w3_i2,3,evaluation,width3,42,projected_target,47,3.705325475001464,1.0,1.0,1.6142424587972452e-13,5.477225575051661,5.477225575051455,47,219.5247244945993
ct_w3_i2,3,evaluation,width3,50,exact_natural,47,3.8065645551355702,1.0,0.9999999999999996,0.0,5.47722557504916,5.47722557504916,47,638.6005627049499
ct_w3_i2,3,evaluation,width3,50,exact_regularized_full,47,3.8065645551355702,0.8592888223607262,0.8592888223605113,0.6281075520760097,2.709798574492347,5.47722557504916,47,638.6005627049499
ct_w3_i2,3,evaluation,width3,50,exact_diagonal,47,3.8065645551355702,0.41851177315347043,0.41851177315333665,0.9227979743073331,1.3971598374602312,5.47722557504916,47,638.6005627049499
ct_w3_i2,3,evaluation,width3,50,exact_two_block,47,3.8065645551355702,0.5528027454773792,0.552802745477198,0.879197095816196,1.4924581934100674,5.47722557504916,47,638.6005627049499
ct_w3_i2,3,evaluation,width3,50,exact_star,47,3.8065645551355702,0.6525378907243954,0.6525378907241628,0.8272336123978344,1.7565069373269453,5.47722557504916,47,638.6005627049499
ct_w3_i2,3,evaluation,width3,50,projected_target,47,3.8065645551355702,0.9999999999999996,1.0,7.527043869925542e-13,5.477225575051661,5.47722557504916,47,638.6005627049499
ct_w3_i2,3,evaluation,width3,101,exact_natural,47,3.8646109167724054,1.0000000000000002,1.0,0.0,5.477225575051933,5.477225575051933,47,628.380405349127
ct_w3_i2,3,evaluation,width3,101,exact_regularized_full,47,3.8646109167724054,0.9004001421527057,0.9004001421527461,0.591269699754109,2.7386127875258297,5.477225575051933,47,628.380405349127
ct_w3_i2,3,evaluation,width3,101,exact_diagonal,47,3.8646109167724054,0.39007685810559484,0.39007685810562487,0.9244794910180538,1.6841358750759148,5.477225575051933,47,628.380405349127
ct_w3_i2,3,evaluation,width3,101,exact_two_block,47,3.8646109167724054,0.44908768736527155,0.4490876873652753,0.905818732733237,1.6438992943372888,5.477225575051933,47,628.380405349127
ct_w3_i2,3,evaluation,width3,101,exact_star,47,3.8646109167724054,0.7791673517515981,0.7791673517516309,0.7390551234774119,2.1231177864781157,5.477225575051933,47,628.380405349127
ct_w3_i2,3,evaluation,width3,101,projected_target,47,3.8646109167724054,1.0,1.0,2.399550767490876e-13,5.477225575051661,5.477225575051933,47,628.380405349127
ct_w3_i3,3,evaluation,chain,0,exact_natural,31,8.819642718875622,0.9999999999999999,-0.8296644480133079,0.0,2.775360162555734,2.775360162555734,31,1279.769972195199
ct_w3_i3,3,evaluation,chain,0,exact_regularized_full,31,8.819642718875622,0.9654210166826979,-0.7474109370823872,0.28315836549695234,2.3726365161704526,2.775360162555734,31,1279.769972195199
ct_w3_i3,3,evaluation,chain,0,exact_diagonal,31,8.819642718875622,0.8539108031540151,-0.672705882629511,0.5244273184376586,2.5495097567963922,2.775360162555734,31,1279.769972195199
ct_w3_i3,3,evaluation,chain,0,exact_two_block,31,8.819642718875622,0.9034335955175163,-0.767371114758912,0.4289970365336733,2.5495097567963922,2.775360162555734,31,1279.769972195199
ct_w3_i3,3,evaluation,chain,0,exact_star,31,8.819642718875622,0.5838557393751598,-0.17540194479300014,0.8781694672712304,2.5495097567963922,2.775360162555734,31,1279.769972195199
ct_w3_i3,3,evaluation,chain,0,projected_target,31,8.819642718875622,-0.8296644480133079,1.0000000000000002,2.724714396401929,5.0990195135927845,2.775360162555734,31,1279.769972195199
ct_w3_i3,3,evaluation,chain,19,exact_natural,31,9.07623959622615,1.0,-0.8716440231867709,0.0,2.7487062437051657,2.7487062437051657,31,855.6345362295814
ct_w3_i3,3,evaluation,chain,19,exact_regularized_full,31,9.07623959622615,0.9674856471538809,-0.8445599867083489,0.2657914662427275,2.4347865603254575,2.7487062437051657,31,855.6345362295814
ct_w3_i3,3,evaluation,chain,19,exact_diagonal,31,9.07623959622615,0.8311894440531021,-0.7168151500330422,0.5642745509576333,2.549509756796392,2.7487062437051657,31,855.6345362295814
ct_w3_i3,3,evaluation,chain,19,exact_two_block,31,9.07623959622615,0.8896473654160432,-0.7993703575638504,0.4582168933561568,2.5495097567963922,2.7487062437051657,31,855.6345362295814
ct_w3_i3,3,evaluation,chain,19,exact_star,31,9.07623959622615,0.5461945304648,-0.24110268701931875,0.9203743264468883,2.5495097567963927,2.7487062437051657,31,855.6345362295814
ct_w3_i3,3,evaluation,chain,19,projected_target,31,9.07623959622615,-0.8716440231867709,1.0000000000000002,2.770407997572016,5.0990195135927845,2.7487062437051657,31,855.6345362295814
ct_w3_i3,3,evaluation,chain,42,exact_natural,31,8.982470610598918,1.0000000000000002,-0.8346880271003084,0.0,2.6479429710482525,2.6479429710482525,31,2082.1807549990076
ct_w3_i3,3,evaluation,chain,42,exact_regularized_full,31,8.982470610598918,0.9471575969125618,-0.8240555122856249,0.32684910708748516,2.3418547676221,2.6479429710482525,31,2082.1807549990076
ct_w3_i3,3,evaluation,chain,42,exact_diagonal,31,8.982470610598918,0.8486430277745578,-0.7493114307150376,0.5411495956084421,2.549509756796392,2.6479429710482525,31,2082.1807549990076
ct_w3_i3,3,evaluation,chain,42,exact_two_block,31,8.982470610598918,0.8733185832728031,-0.7888573405121154,0.4953042757815097,2.5495097567963922,2.6479429710482525,31,2082.1807549990076
ct_w3_i3,3,evaluation,chain,42,exact_star,31,8.982470610598918,0.6617368590669586,-0.3428030855377879,0.796846915918012,2.4669932218140773,2.6479429710482525,31,2082.1807549990076
ct_w3_i3,3,evaluation,chain,42,projected_target,31,8.982470610598918,-0.8346880271003084,1.0000000000000002,2.814743127598225,5.0990195135927845,2.6479429710482525,31,2082.1807549990076
ct_w3_i3,3,evaluation,chain,50,exact_natural,31,8.331432885829873,1.0000000000000002,-0.830022242997532,0.0,2.282083044608518,2.282083044608518,31,2254.9370651425133
ct_w3_i3,3,evaluation,chain,50,exact_regularized_full,31,8.331432885829873,0.9509083592279465,-0.7542777525392904,0.335325881293786,1.875405365494476,2.282083044608518,31,2254.9370651425133
ct_w3_i3,3,evaluation,chain,50,exact_diagonal,31,8.331432885829873,0.8089292179315175,-0.6608613857718187,0.6638187753769571,2.5495097567963922,2.282083044608518,31,2254.9370651425133
ct_w3_i3,3,evaluation,chain,50,exact_two_block,31,8.331432885829873,0.8799815567735028,-0.7562854300194765,0.5309407704522434,2.5495097567963922,2.282083044608518,31,2254.9370651425133
ct_w3_i3,3,evaluation,chain,50,exact_star,31,8.331432885829873,0.3874913740649342,-0.05527218222344729,1.0722674033778394,2.1340419937119512,2.282083044608518,31,2254.9370651425133
ct_w3_i3,3,evaluation,chain,50,projected_target,31,8.331432885829873,-0.830022242997532,1.0000000000000002,3.114733896982689,5.0990195135927845,2.282083044608518,31,2254.9370651425133
ct_w3_i3,3,evaluation,chain,101,exact_natural,31,9.406082016770016,1.0,-0.8769763272475345,0.0,2.9919608604791517,2.9919608604791517,31,606.829900036762
ct_w3_i3,3,evaluation,chain,101,exact_regularized_full,31,9.406082016770016,0.9644072753614052,-0.8375836377259975,0.2903911050280139,2.5263289812088807,2.9919608604791517,31,606.829900036762
ct_w3_i3,3,evaluation,chain,101,exact_diagonal,31,9.406082016770016,0.8409930810519441,-0.7385372840048857,0.5411602779736566,2.5495097567963922,2.9919608604791517,31,606.829900036762
ct_w3_i3,3,evaluation,chain,101,exact_two_block,31,9.406082016770016,0.8946614772908507,-0.8031977598963896,0.44876565866578516,2.5495097567963927,2.9919608604791517,31,606.829900036762
ct_w3_i3,3,evaluation,chain,101,exact_star,31,9.406082016770016,0.5607313367251026,-0.31297839341282063,0.8736674033896767,2.5117640007103015,2.9919608604791517,31,606.829900036762
ct_w3_i3,3,evaluation,chain,101,projected_target,31,9.406082016770016,-0.8769763272475345,1.0000000000000002,2.625564793604415,5.0990195135927845,2.9919608604791517,31,606.829900036762
ct_w3_i3,3,evaluation,problem_tree,0,exact_natural,31,4.930358636169176,0.9999999999999999,0.9484204726430695,0.0,3.274041983899804,3.274041983899804,31,415.4006483358925
ct_w3_i3,3,evaluation,problem_tree,0,exact_regularized_full,31,4.930358636169176,0.8193666601663689,0.7056844292325127,0.6640007925123814,1.5856717413759676,3.274041983899804,31,415.4006483358925
ct_w3_i3,3,evaluation,problem_tree,0,exact_diagonal,31,4.930358636169176,0.32299356149385555,0.1919128687968901,0.9633872079303591,1.647183464768251,3.274041983899804,31,415.4006483358925
ct_w3_i3,3,evaluation,problem_tree,0,exact_two_block,31,4.930358636169176,0.031132864077039923,-0.1426233740841592,1.0946125521183931,1.5629966015675094,3.274041983899804,31,415.4006483358925
ct_w3_i3,3,evaluation,problem_tree,0,exact_star,31,4.930358636169176,0.7249679163205064,0.6466137336159984,0.7286442779702654,1.5953378639346065,3.274041983899804,31,415.4006483358925
ct_w3_i3,3,evaluation,problem_tree,0,projected_target,31,4.930358636169176,0.9484204726430695,1.0,0.8662498869462499,5.744562646538029,3.274041983899804,31,415.4006483358925
ct_w3_i3,3,evaluation,problem_tree,19,exact_natural,31,4.112498332379406,1.0,0.963152121628196,0.0,3.620125122765828,3.620125122765828,31,341.53059688327363
ct_w3_i3,3,evaluation,problem_tree,19,exact_regularized_full,31,4.112498332379406,0.8443243957796394,0.7863402038897788,0.6422369739652922,1.774851520539222,3.620125122765828,31,341.53059688327363
ct_w3_i3,3,evaluation,problem_tree,19,exact_diagonal,31,4.112498332379406,0.4425705990018515,0.36406698710778646,0.9159493250084845,2.277795992679912,3.620125122765828,31,341.53059688327363
ct_w3_i3,3,evaluation,problem_tree,19,exact_two_block,31,4.112498332379406,0.2553525477690764,0.13026882416625468,0.9908377185006397,1.7089345423449314,3.620125122765828,31,341.53059688327363
ct_w3_i3,3,evaluation,problem_tree,19,exact_star,31,4.112498332379406,0.4850378309205192,0.43210774047756473,0.887258240471578,2.2987822357627814,3.620125122765828,31,341.53059688327363
ct_w3_i3,3,evaluation,problem_tree,19,projected_target,31,4.112498332379406,0.963152121628196,1.0,0.6792096113687817,5.744562646538029,3.620125122765828,31,341.53059688327363
ct_w3_i3,3,evaluation,problem_tree,42,exact_natural,31,4.1884322621022685,1.0,0.931475945999584,0.0,3.0768920070755565,3.0768920070755565,31,828.8821030188819
ct_w3_i3,3,evaluation,problem_tree,42,exact_regularized_full,31,4.1884322621022685,0.7837011632158902,0.6102519064896024,0.660697963325987,1.7184868969915008,3.0768920070755565,31,828.8821030188819
ct_w3_i3,3,evaluation,problem_tree,42,exact_diagonal,31,4.1884322621022685,0.4708362179452816,0.29720216131260796,0.9269625173938834,2.324120431352109,3.0768920070755565,31,828.8821030188819
ct_w3_i3,3,evaluation,problem_tree,42,exact_two_block,31,4.1884322621022685,0.08328339627693469,-0.16892836773123635,1.1643398869863768,2.10910385580344,3.0768920070755565,31,828.8821030188819
ct_w3_i3,3,evaluation,problem_tree,42,exact_star,31,4.1884322621022685,0.7540472406687649,0.6647255712162567,0.6596575159027709,2.132071726438751,3.0768920070755565,31,828.8821030188819
ct_w3_i3,3,evaluation,problem_tree,42,projected_target,31,4.1884322621022685,0.931475945999584,1.0,1.0037733917084222,5.744562646538029,3.0768920070755565,31,828.8821030188819
ct_w3_i3,3,evaluation,problem_tree,50,exact_natural,31,4.962749750205163,1.0000000000000002,0.914909597349754,0.0,3.1698512399185166,3.1698512399185166,31,540.0921601389124
ct_w3_i3,3,evaluation,problem_tree,50,exact_regularized_full,31,4.962749750205163,0.7587007841635436,0.5745733766890028,0.6919942781865852,1.6650750869531272,3.1698512399185166,31,540.0921601389124
ct_w3_i3,3,evaluation,problem_tree,50,exact_diagonal,31,4.962749750205163,0.4179649795252067,0.16285446713159749,0.9624609393780861,2.332409870908355,3.1698512399185166,31,540.0921601389124
ct_w3_i3,3,evaluation,problem_tree,50,exact_two_block,31,4.962749750205163,-0.012112217796814187,-0.28514270069316294,1.2394555221576928,2.283176851288012,3.1698512399185166,31,540.0921601389124
ct_w3_i3,3,evaluation,problem_tree,50,exact_star,31,4.962749750205163,0.8569855643653702,0.7175623150761695,0.5549461708089197,2.0638851815876564,3.1698512399185166,31,540.0921601389124
ct_w3_i3,3,evaluation,problem_tree,50,projected_target,31,4.962749750205163,0.914909597349754,1.0,0.9839512579392182,5.744562646538029,3.1698512399185166,31,540.0921601389124
ct_w3_i3,3,evaluation,problem_tree,101,exact_natural,31,4.149312809965628,1.0,0.9459543248163426,0.0,3.531528666956719,3.531528666956719,31,1470.341258694183
ct_w3_i3,3,evaluation,problem_tree,101,exact_regularized_full,31,4.149312809965628,0.8004760370076751,0.6569648120086634,0.667405304263251,1.7901027918524564,3.531528666956719,31,1470.341258694183
ct_w3_i3,3,evaluation,problem_tree,101,exact_diagonal,31,4.149312809965628,0.47162827538431423,0.3765178447707342,0.8938699180876414,2.1826292034255435,3.531528666956719,31,1470.341258694183
ct_w3_i3,3,evaluation,problem_tree,101,exact_two_block,31,4.149312809965628,0.1483145225359133,-0.019296060125496766,1.0662836384562207,1.9317811040882182,3.531528666956719,31,1470.341258694183
ct_w3_i3,3,evaluation,problem_tree,101,exact_star,31,4.149312809965628,0.6881242761132288,0.6170616521564887,0.7340670212129958,2.03736156847126,3.531528666956719,31,1470.341258694183
ct_w3_i3,3,evaluation,problem_tree,101,projected_target,31,4.149312809965628,0.9459543248163426,1.0,0.7540010685711324,5.744562646538029,3.531528666956719,31,1470.341258694183
ct_w3_i3,3,evaluation,width2,0,exact_natural,42,3.7031729202180763,0.9999999999999999,0.9827939395054426,0.0,4.958317968430794,4.958317968430794,42,644.1989420122148
ct_w3_i3,3,evaluation,width2,0,exact_regularized_full,42,3.7031729202180763,0.9017447036472112,0.8396590920209434,0.5836744423139528,2.5264939824949644,4.958317968430794,42,644.1989420122148
ct_w3_i3,3,evaluation,width2,0,exact_diagonal,42,3.7031729202180763,0.3640510993607881,0.27766998232316015,0.9316379609922034,1.9139941826121076,4.958317968430794,42,644.1989420122148
ct_w3_i3,3,evaluation,width2,0,exact_two_block,42,3.7031729202180763,0.4844787276652725,0.379669188750288,0.8803908436275671,1.9111589722759552,4.958317968430794,42,644.1989420122148
ct_w3_i3,3,evaluation,width2,0,exact_star,42,3.7031729202180763,0.7397967342280066,0.6664149791418009,0.7383238242426488,2.1607757404942154,4.958317968430794,42,644.1989420122148
ct_w3_i3,3,evaluation,width2,0,projected_target,42,3.7031729202180763,0.9827939395054426,1.0,0.2896254718323721,5.979130371550699,4.958317968430794,42,644.1989420122148
ct_w3_i3,3,evaluation,width2,19,exact_natural,42,3.994646363720854,0.9999999999999999,0.9922443318684396,0.0,5.2185891814669745,5.2185891814669745,42,279.4281017258939
ct_w3_i3,3,evaluation,width2,19,exact_regularized_full,42,3.994646363720854,0.9324587539711516,0.9132247780034896,0.5400694504413438,2.7711669985504948,5.2185891814669745,42,279.4281017258939
ct_w3_i3,3,evaluation,width2,19,exact_diagonal,42,3.994646363720854,0.3862632362405417,0.3638990445410343,0.9370606562967704,1.1537816216776204,5.2185891814669745,42,279.4281017258939
ct_w3_i3,3,evaluation,width2,19,exact_two_block,42,3.994646363720854,0.7787752295866626,0.7534558935530028,0.7909797947993812,1.5497448530754934,5.2185891814669745,42,279.4281017258939
ct_w3_i3,3,evaluation,width2,19,exact_star,42,3.994646363720854,0.7211197682930941,0.6948943207240665,0.8174011227104555,1.4995489464738463,5.2185891814669745,42,279.4281017258939
ct_w3_i3,3,evaluation,width2,19,projected_target,42,3.994646363720854,0.9922443318684396,1.0,0.19751244254185812,5.979130371550699,5.2185891814669745,42,279.4281017258939
ct_w3_i3,3,evaluation,width2,42,exact_natural,42,3.848606193341796,0.9999999999999999,0.9880059096622851,0.0,4.953799337538731,4.953799337538731,42,814.6410668854056
ct_w3_i3,3,evaluation,width2,42,exact_regularized_full,42,3.848606193341796,0.8935758549699866,0.8511402160768957,0.5878262136806703,2.5466467998476907,4.953799337538731,42,814.6410668854056
ct_w3_i3,3,evaluation,width2,42,exact_diagonal,42,3.848606193341796,0.3680193410835018,0.3288874295194646,0.9317795754638913,1.5237511316921826,4.953799337538731,42,814.6410668854056
ct_w3_i3,3,evaluation,width2,42,exact_two_block,42,3.848606193341796,0.4774369674045917,0.4065833757551117,0.8939306919732403,1.5502587145690183,4.953799337538731,42,814.6410668854056
ct_w3_i3,3,evaluation,width2,42,exact_star,42,3.848606193341796,0.7488572531818051,0.6995407405527556,0.7611509262226459,1.8552338116125962,4.953799337538731,42,814.6410668854056
ct_w3_i3,3,evaluation,width2,42,projected_target,42,3.848606193341796,0.9880059096622851,1.0,0.2679429287702154,5.979130371550699,4.953799337538731,42,814.6410668854056
ct_w3_i3,3,evaluation,width2,50,exact_natural,42,3.9994494317610574,1.0,0.9920379248311821,0.0,5.144229024843701,5.144229024843701,42,319.91246948629134
ct_w3_i3,3,evaluation,width2,50,exact_regularized_full,42,3.9994494317610574,0.8939693306073585,0.8682100457520345,0.6176280897147263,2.412360845196058,5.144229024843701,42,319.91246948629134
ct_w3_i3,3,evaluation,width2,50,exact_diagonal,42,3.9994494317610574,0.33781101192537294,0.31975663092459344,0.9433080186627885,2.0609354463491587,5.144229024843701,42,319.91246948629134
ct_w3_i3,3,evaluation,width2,50,exact_two_block,42,3.9994494317610574,0.2919094281007609,0.246105075810088,0.9564675226489853,1.4686151120812299,5.144229024843701,42,319.91246948629134
ct_w3_i3,3,evaluation,width2,50,exact_star,42,3.9994494317610574,0.7188778418099654,0.7078392219677343,0.7640934978270209,2.066254822599935,5.144229024843701,42,319.91246948629134
ct_w3_i3,3,evaluation,width2,50,projected_target,42,3.9994494317610574,0.9920379248311821,1.0,0.21177692268362688,5.979130371550699,5.144229024843701,42,319.91246948629134
ct_w3_i3,3,evaluation,width2,101,exact_natural,42,4.388542023260462,1.0000000000000002,0.991608393291774,0.0,5.232497851100919,5.232497851100919,42,399.0714384222846
ct_w3_i3,3,evaluation,width2,101,exact_regularized_full,42,4.388542023260462,0.8758815820026239,0.8488109101144796,0.6275570827930913,2.483542147106835,5.232497851100919,42,399.0714384222846
ct_w3_i3,3,evaluation,width2,101,exact_diagonal,42,4.388542023260462,0.3886884718268817,0.3601889672577005,0.9255003544639104,1.576764535222611,5.232497851100919,42,399.0714384222846
ct_w3_i3,3,evaluation,width2,101,exact_two_block,42,4.388542023260462,0.3208792381287272,0.2761647449054587,0.9472272367821628,1.6044623421015292,5.232497851100919,42,399.0714384222846
ct_w3_i3,3,evaluation,width2,101,exact_star,42,4.388542023260462,0.7619957265563732,0.7392941927669651,0.751785671101223,1.989044827263477,5.232497851100919,42,399.0714384222846
ct_w3_i3,3,evaluation,width2,101,projected_target,42,4.388542023260462,0.991608393291774,1.0,0.19884384247845302,5.979130371550699,5.232497851100919,42,399.0714384222846
ct_w3_i3,3,evaluation,width3,0,exact_natural,47,2.9576704736501878,1.0,1.0000000000000004,0.0,6.082762530298155,6.082762530298155,47,410.2476360142043
ct_w3_i3,3,evaluation,width3,0,exact_regularized_full,47,2.9576704736501878,0.9264864372275463,0.9264864372275415,0.5773382000060204,2.9723712952765933,6.082762530298155,47,410.2476360142043
ct_w3_i3,3,evaluation,width3,0,exact_diagonal,47,2.9576704736501878,0.34653251846992983,0.34653251846992306,0.9395181852020826,2.42854719923355,6.082762530298155,47,410.2476360142043
ct_w3_i3,3,evaluation,width3,0,exact_two_block,47,2.9576704736501878,0.6795208637598894,0.6795208637598845,0.8195786367495284,1.911217202509255,6.082762530298155,47,410.2476360142043
ct_w3_i3,3,evaluation,width3,0,exact_star,47,2.9576704736501878,0.48426740732643714,0.48426740732643353,0.8869062144777853,2.061743858109086,6.082762530298155,47,410.2476360142043
ct_w3_i3,3,evaluation,width3,0,projected_target,47,2.9576704736501878,1.0000000000000004,1.0000000000000002,2.3758537146944876e-13,6.082762530298219,6.082762530298155,47,410.2476360142043
ct_w3_i3,3,evaluation,width3,19,exact_natural,47,3.4408039061446676,1.0,1.0000000000000002,0.0,6.082762530296015,6.082762530296015,47,420.405022368918
ct_w3_i3,3,evaluation,width3,19,exact_regularized_full,47,3.4408039061446676,0.8986483183775914,0.8986483183775208,0.6076909312781813,2.9081963919735787,6.082762530296015,47,420.405022368918
ct_w3_i3,3,evaluation,width3,19,exact_diagonal,47,3.4408039061446676,0.39391771528937114,0.3939177152892969,0.9284369035866598,1.5991441406512288,6.082762530296015,47,420.405022368918
ct_w3_i3,3,evaluation,width3,19,exact_two_block,47,3.4408039061446676,0.725662257955303,0.7256622579552569,0.8042372645752203,1.8812102861121405,6.082762530296015,47,420.405022368918
ct_w3_i3,3,evaluation,width3,19,exact_star,47,3.4408039061446676,0.560316969014266,0.5603169690141508,0.8678482244741975,1.8324327751244722,6.082762530296015,47,420.405022368918
ct_w3_i3,3,evaluation,width3,19,projected_target,47,3.4408039061446676,1.0000000000000002,1.0000000000000002,5.008134975315806e-13,6.082762530298219,6.082762530296015,47,420.405022368918
ct_w3_i3,3,evaluation,width3,42,exact_natural,47,3.8364648397590617,1.0,1.0000000000000002,0.0,6.082762530298752,6.082762530298752,47,382.9938319251966
ct_w3_i3,3,evaluation,width3,42,exact_regularized_full,47,3.8364648397590617,0.9219712247353788,0.9219712247353479,0.572737963875853,3.0413812651491097,6.082762530298752,47,382.9938319251966
ct_w3_i3,3,evaluation,width3,42,exact_diagonal,47,3.8364648397590617,0.37109510275421803,0.3710951027542255,0.9406215851242462,1.3452636262695015,6.082762530298752,47,382.9938319251966
ct_w3_i3,3,evaluation,width3,42,exact_two_block,47,3.8364648397590617,0.5406167380383359,0.5406167380383468,0.8852203202522096,1.6128494635666577,6.082762530298752,47,382.9938319251966
ct_w3_i3,3,evaluation,width3,42,exact_star,47,3.8364648397590617,0.7662501286923391,0.7662501286923306,0.7719425978915114,2.0585568234139933,6.082762530298752,47,382.9938319251966
ct_w3_i3,3,evaluation,width3,42,projected_target,47,3.8364648397590617,1.0000000000000002,1.0000000000000002,2.5741409295096645e-13,6.082762530298219,6.082762530298752,47,382.9938319251966
ct_w3_i3,3,evaluation,width3,50,exact_natural,47,3.746443405675704,1.0000000000000002,1.0000000000000002,0.0,6.082762530299157,6.082762530299157,47,654.6474639488389
ct_w3_i3,3,evaluation,width3,50,exact_regularized_full,47,3.746443405675704,0.8767584953744307,0.8767584953744978,0.6446483531688504,2.721936314488567,6.082762530299157,47,654.6474639488389
ct_w3_i3,3,evaluation,width3,50,exact_diagonal,47,3.746443405675704,0.3265447889717519,0.3265447889717561,0.9455379117260914,1.82844212305653,6.082762530299157,47,654.6474639488389
ct_w3_i3,3,evaluation,width3,50,exact_two_block,47,3.746443405675704,0.5068119294742899,0.5068119294743656,0.8908448553752522,1.7163881079244558,6.082762530299157,47,654.6474639488389
ct_w3_i3,3,evaluation,width3,50,exact_star,47,3.746443405675704,0.6849253517621622,0.6849253517621839,0.8149034460510701,1.9463185682659476,6.082762530299157,47,654.6474639488389
ct_w3_i3,3,evaluation,width3,50,projected_target,47,3.746443405675704,1.0000000000000002,1.0000000000000002,4.463319167189976e-13,6.082762530298219,6.082762530299157,47,654.6474639488389
ct_w3_i3,3,evaluation,width3,101,exact_natural,47,4.198727414822244,1.0,1.0000000000000002,0.0,6.082762530299371,6.082762530299371,47,385.0638739463022
ct_w3_i3,3,evaluation,width3,101,exact_regularized_full,47,4.198727414822244,0.8736039062955452,0.8736039062956217,0.6361150508160592,2.8220247704704664,6.082762530299371,47,385.0638739463022
ct_w3_i3,3,evaluation,width3,101,exact_diagonal,47,4.198727414822244,0.40513869081056,0.40513869081057563,0.9315553324777938,1.3773896969515893,6.082762530299371,47,385.0638739463022
ct_w3_i3,3,evaluation,width3,101,exact_two_block,47,4.198727414822244,0.44087570034010426,0.4408757003401442,0.9131269379051705,1.66077649499184,6.082762530299371,47,385.0638739463022
ct_w3_i3,3,evaluation,width3,101,exact_star,47,4.198727414822244,0.7919682541867614,0.7919682541867884,0.7793307572359985,1.8713243809557896,6.082762530299371,47,385.0638739463022
ct_w3_i3,3,evaluation,width3,101,projected_target,47,4.198727414822244,1.0000000000000002,1.0000000000000002,5.409112530640842e-13,6.082762530298219,6.082762530299371,47,385.0638739463022
ct_w3_i4,3,evaluation,chain,0,exact_natural,31,8.006185222376653,0.9999999999999999,-0.824181574147733,0.0,2.326101423391546,2.326101423391546,31,2104.4781966804
ct_w3_i4,3,evaluation,chain,0,exact_regularized_full,31,8.006185222376653,0.9730071750297792,-0.8159038873041286,0.24346327355921302,2.082874338889068,2.326101423391546,31,2104.4781966804
ct_w3_i4,3,evaluation,chain,0,exact_diagonal,31,8.006185222376653,0.8442399036754669,-0.7056819829969302,0.5732298091261278,2.4366985862022412,2.326101423391546,31,2104.4781966804
ct_w3_i4,3,evaluation,chain,0,exact_two_block,31,8.006185222376653,0.884878791994384,-0.7449527732666968,0.493406720897006,2.436698586202241,2.326101423391546,31,2104.4781966804
ct_w3_i4,3,evaluation,chain,0,exact_star,31,8.006185222376653,0.6731522006662606,-0.3952663975179875,0.7769767063359848,2.1203244633642235,2.326101423391546,31,2104.4781966804
ct_w3_i4,3,evaluation,chain,0,projected_target,31,8.006185222376653,-0.824181574147733,1.0000000000000002,2.973698818495859,4.873397172404482,2.326101423391546,31,2104.4781966804
ct_w3_i4,3,evaluation,chain,19,exact_natural,31,8.09984292078378,1.0,-0.8446551562421365,0.0,2.3560263685106198,2.3560263685106198,31,432.5785547925117
ct_w3_i4,3,evaluation,chain,19,exact_regularized_full,31,8.09984292078378,0.9869136624272693,-0.8210414140624018,0.17414936342324852,2.170222907953451,2.3560263685106198,31,432.5785547925117
ct_w3_i4,3,evaluation,chain,19,exact_diagonal,31,8.09984292078378,0.8644522770407709,-0.7135606500781027,0.5306132318442728,2.4366985862022403,2.3560263685106198,31,432.5785547925117
ct_w3_i4,3,evaluation,chain,19,exact_two_block,31,8.09984292078378,0.9001650591107301,-0.7413296582411607,0.45571830061396423,2.436698586202241,2.3560263685106198,31,432.5785547925117
ct_w3_i4,3,evaluation,chain,19,exact_star,31,8.09984292078378,0.6851892211492681,-0.38623935577997565,0.7700031250495734,2.202807578023653,2.3560263685106198,31,432.5785547925117
ct_w3_i4,3,evaluation,chain,19,projected_target,31,8.09984292078378,-0.8446551562421365,1.0000000000000002,2.961912115206489,4.873397172404482,2.3560263685106198,31,432.5785547925117
ct_w3_i4,3,evaluation,chain,42,exact_natural,31,7.686460911455801,0.9999999999999998,-0.8250110514234642,0.0,2.1252609281154435,2.1252609281154435,31,1596.6784673440657
ct_w3_i4,3,evaluation,chain,42,exact_regularized_full,31,7.686460911455801,0.9688165043615026,-0.8659493067981135,0.2484946505532444,2.0189442882741413,2.1252609281154435,31,1596.6784673440657
ct_w3_i4,3,evaluation,chain,42,exact_diagonal,31,7.686460911455801,0.8500439716725969,-0.7507236558847579,0.6044300432860438,2.43669858620224,2.1252609281154435,31,1596.6784673440657
ct_w3_i4,3,evaluation,chain,42,exact_two_block,31,7.686460911455801,0.893446064681036,-0.8082447262716005,0.5155687415872137,2.4366985862022403,2.1252609281154435,31,1596.6784673440657
ct_w3_i4,3,evaluation,chain,42,exact_star,31,7.686460911455801,0.7511978392739579,-0.517798033325694,0.6737645822037238,1.8836526751405047,2.1252609281154435,31,1596.6784673440657
ct_w3_i4,3,evaluation,chain,42,projected_target,31,7.686460911455801,-0.8250110514234642,1.0000000000000002,3.1688893713141186,4.873397172404482,2.1252609281154435,31,1596.6784673440657
ct_w3_i4,3,evaluation,chain,50,exact_natural,31,7.411820794656009,1.0000000000000002,-0.7462626289625363,0.0,2.068190701934123,2.068190701934123,31,1114.8359627227585
ct_w3_i4,3,evaluation,chain,50,exact_regularized_full,31,7.411820794656009,0.9634212508486371,-0.7449577253474786,0.2810816242900993,1.81720086474363,2.068190701934123,31,1114.8359627227585
ct_w3_i4,3,evaluation,chain,50,exact_diagonal,31,7.411820794656009,0.808698943208791,-0.6292704575627185,0.6946376294789613,2.436698586202241,2.068190701934123,31,1114.8359627227585
ct_w3_i4,3,evaluation,chain,50,exact_two_block,31,7.411820794656009,0.8793492619499705,-0.729863149691881,0.5621779173434719,2.436698586202241,2.068190701934123,31,1114.8359627227585
ct_w3_i4,3,evaluation,chain,50,exact_star,31,7.411820794656009,0.6102501527982965,-0.26077480071589154,0.8199588823611715,1.6995632471208348,2.068190701934123,31,1114.8359627227585
ct_w3_i4,3,evaluation,chain,50,projected_target,31,7.411820794656009,-0.7462626289625363,1.0000000000000002,3.1732231649908287,4.873397172404482,2.068190701934123,31,1114.8359627227585
ct_w3_i4,3,evaluation,chain,101,exact_natural,31,7.87165670324354,0.9999999999999999,-0.8316752765836584,0.0,2.321363563918311,2.321363563918311,31,1084.6763202246163
ct_w3_i4,3,evaluation,chain,101,exact_regularized_full,31,7.87165670324354,0.9806883923169226,-0.8383239237011092,0.19845250973010306,2.198392864645472,2.321363563918311,31,1084.6763202246163
ct_w3_i4,3,evaluation,chain,101,exact_diagonal,31,7.87165670324354,0.8607491673722835,-0.712642206043426,0.5429616065078565,2.4366985862022403,2.321363563918311,31,1084.6763202246163
ct_w3_i4,3,evaluation,chain,101,exact_two_block,31,7.87165670324354,0.9043824100099971,-0.758787540946628,0.45078271701959294,2.436698586202241,2.321363563918311,31,1084.6763202246163
ct_w3_i4,3,evaluation,chain,101,exact_star,31,7.87165670324354,0.714080997506026,-0.4319609000915919,0.7514339753411209,2.2915255842918536,2.321363563918311,31,1084.6763202246163
ct_w3_i4,3,evaluation,chain,101,projected_target,31,7.87165670324354,-0.8316752765836584,1.0000000000000002,2.983174972804085,4.873397172404482,2.321363563918311,31,1084.6763202246163
ct_w3_i4,3,evaluation,problem_tree,0,exact_natural,31,3.9214446559315963,1.0000000000000002,0.8997129969209255,0.0,2.593134688522267,2.593134688522267,31,3427.318555940662
ct_w3_i4,3,evaluation,problem_tree,0,exact_regularized_full,31,3.9214446559315963,0.8106615587578259,0.5661102391829503,0.612753175107474,1.6336747271768282,2.593134688522267,31,3427.318555940662
ct_w3_i4,3,evaluation,problem_tree,0,exact_diagonal,31,3.9214446559315963,0.5576323429188186,0.284015478645899,0.9005022347618716,2.3512319024784807,2.593134688522267,31,3427.318555940662
ct_w3_i4,3,evaluation,problem_tree,0,exact_two_block,31,3.9214446559315963,0.2025812728742686,-0.14616984930769777,1.1649889248046934,2.161747479053985,2.593134688522267,31,3427.318555940662
ct_w3_i4,3,evaluation,problem_tree,0,exact_star,31,3.9214446559315963,0.774604665689896,0.6046710447277375,0.6421812843825071,2.297520472136768,2.593134688522267,31,3427.318555940662
ct_w3_i4,3,evaluation,problem_tree,0,projected_target,31,3.9214446559315963,0.8997129969209255,0.9999999999999999,1.2636939667228244,5.408326913195984,2.593134688522267,31,3427.318555940662
ct_w3_i4,3,evaluation,problem_tree,19,exact_natural,31,4.862444107568566,1.0,0.9155306458141078,0.0,2.9348672643340263,2.9348672643340263,31,517.3966133603149
ct_w3_i4,3,evaluation,problem_tree,19,exact_regularized_full,31,4.862444107568566,0.8210242774203309,0.6469935103343635,0.6304412504392832,1.624625700717709,2.9348672643340263,31,517.3966133603149
ct_w3_i4,3,evaluation,problem_tree,19,exact_diagonal,31,4.862444107568566,0.3651526160846574,0.15179556758188553,1.0512489830223566,2.5048421691730516,2.9348672643340263,31,517.3966133603149
ct_w3_i4,3,evaluation,problem_tree,19,exact_two_block,31,4.862444107568566,0.1220729001393563,-0.12161907312747579,1.114399953949508,1.8454928867336944,2.9348672643340263,31,517.3966133603149
ct_w3_i4,3,evaluation,problem_tree,19,exact_star,31,4.862444107568566,0.668253682757246,0.4884689168061299,0.7636448340901749,2.4671614948833014,2.9348672643340263,31,517.3966133603149
ct_w3_i4,3,evaluation,problem_tree,19,projected_target,31,4.862444107568566,0.9155306458141078,0.9999999999999999,1.0107436472363662,5.408326913195984,2.9348672643340263,31,517.3966133603149
ct_w3_i4,3,evaluation,problem_tree,42,exact_natural,31,4.786430107547316,1.0,0.9037967009375624,0.0,2.8643289547153894,2.8643289547153894,31,942.7676952883426
ct_w3_i4,3,evaluation,problem_tree,42,exact_regularized_full,31,4.786430107547316,0.7470582962396781,0.565846052810712,0.6987915676469132,1.522787120957268,2.8643289547153894,31,942.7676952883426
ct_w3_i4,3,evaluation,problem_tree,42,exact_diagonal,31,4.786430107547316,0.35670153838691515,0.1533695487171873,1.0460957337157466,2.3699312631309137,2.8643289547153894,31,942.7676952883426
ct_w3_i4,3,evaluation,problem_tree,42,exact_two_block,31,4.786430107547316,0.024862861639722563,-0.2230858809514721,1.1960597219309443,1.95205040924942,2.8643289547153894,31,942.7676952883426
ct_w3_i4,3,evaluation,problem_tree,42,exact_star,31,4.786430107547316,0.7447136607250655,0.6255401572075118,0.6676271533520305,2.184698802177825,2.8643289547153894,31,942.7676952883426
ct_w3_i4,3,evaluation,problem_tree,42,projected_target,31,4.786430107547316,0.9037967009375624,0.9999999999999999,1.0733747335617998,5.408326913195984,2.8643289547153894,31,942.7676952883426
ct_w3_i4,3,evaluation,problem_tree,50,exact_natural,31,4.3753458883980905,1.0000000000000002,0.9187167958673851,0.0,2.9340785833996237,2.9340785833996237,31,2137.2381515954003
ct_w3_i4,3,evaluation,problem_tree,50,exact_regularized_full,31,4.3753458883980905,0.6872090414805881,0.4909664966416989,0.7401092102386169,1.601198212287986,2.9340785833996237,31,2137.2381515954003
ct_w3_i4,3,evaluation,problem_tree,50,exact_diagonal,31,4.3753458883980905,0.45840333292419544,0.2672552423876753,0.9618471103702353,2.424171986688396,2.9340785833996237,31,2137.2381515954003
ct_w3_i4,3,evaluation,problem_tree,50,exact_two_block,31,4.3753458883980905,0.1513256615291435,-0.09707953796311293,1.1167598162466372,1.9687399812003394,2.9340785833996237,31,2137.2381515954003
ct_w3_i4,3,evaluation,problem_tree,50,exact_star,31,4.3753458883980905,0.6998445761366808,0.5377158287201839,0.7147390930343704,2.1273006036282576,2.9340785833996237,31,2137.2381515954003
ct_w3_i4,3,evaluation,problem_tree,50,projected_target,31,4.3753458883980905,0.9187167958673851,0.9999999999999999,1.005373387629113,5.408326913195984,2.9340785833996237,31,2137.2381515954003
ct_w3_i4,3,evaluation,problem_tree,101,exact_natural,31,4.093956313219348,1.0000000000000002,0.9259730533972446,0.0,2.823096322891898,2.823096322891898,31,801.2000163802053
ct_w3_i4,3,evaluation,problem_tree,101,exact_regularized_full,31,4.093956313219348,0.7831060214052298,0.5887387838390734,0.657612599211567,1.607212790751198,2.823096322891898,31,801.2000163802053
ct_w3_i4,3,evaluation,problem_tree,101,exact_diagonal,31,4.093956313219348,0.4948735884081226,0.33270012090710827,0.8926250483300385,1.9734256002360069,2.823096322891898,31,801.2000163802053
ct_w3_i4,3,evaluation,problem_tree,101,exact_two_block,31,4.093956313219348,0.19147517635801115,-0.04838251444245081,1.0778807596893143,1.79830382480045,2.823096322891898,31,801.2000163802053
ct_w3_i4,3,evaluation,problem_tree,101,exact_star,31,4.093956313219348,0.7254606958650338,0.6015425997359517,0.6949066689705565,1.7774328303060183,2.823096322891898,31,801.2000163802053
ct_w3_i4,3,evaluation,problem_tree,101,projected_target,31,4.093956313219348,0.9259730533972446,0.9999999999999999,1.059348090788381,5.408326913195984,2.823096322891898,31,801.2000163802053
ct_w3_i4,3,evaluation,width2,0,exact_natural,43,3.6820474384106916,1.0000000000000002,0.9818055253020431,0.0,4.814460782269323,4.814460782269323,43,414.42831623613716
ct_w3_i4,3,evaluation,width2,0,exact_regularized_full,43,3.6820474384106916,0.9191611227835265,0.8963518455975581,0.58668591663695,2.331901674661947,4.814460782269323,43,414.42831623613716
ct_w3_i4,3,evaluation,width2,0,exact_diagonal,43,3.6820474384106916,0.32183816552004396,0.3002739900430265,0.9495868448111594,1.8998092523898344,4.814460782269323,43,414.42831623613716
ct_w3_i4,3,evaluation,width2,0,exact_two_block,43,3.6820474384106916,0.5236169840421832,0.5217248172159371,0.8739677693538339,1.5824913111808883,4.814460782269323,43,414.42831623613716
ct_w3_i4,3,evaluation,width2,0,exact_star,43,3.6820474384106916,0.6476665427553313,0.6250509152411121,0.79416604672152,2.0397725919769276,4.814460782269323,43,414.42831623613716
ct_w3_i4,3,evaluation,width2,0,projected_target,43,3.6820474384106916,0.9818055253020431,1.0,0.27415634600895433,5.678908345800274,4.814460782269323,43,414.42831623613716
ct_w3_i4,3,evaluation,width2,19,exact_natural,43,4.046716792773703,1.0,0.9913674062258143,0.0,5.077982726599807,5.077982726599807,43,509.88674262724015
ct_w3_i4,3,evaluation,width2,19,exact_regularized_full,43,4.046716792773703,0.906886294305166,0.8875131371633952,0.6007660021906576,2.4307174482656215,5.077982726599807,43,509.88674262724015
ct_w3_i4,3,evaluation,width2,19,exact_diagonal,43,4.046716792773703,0.36947895170141504,0.3472842480751272,0.9301300731108316,2.082891528738738,5.077982726599807,43,509.88674262724015
ct_w3_i4,3,evaluation,width2,19,exact_two_block,43,4.046716792773703,0.4102578510814719,0.37299025812014813,0.9151457757922867,1.6964447925605994,5.077982726599807,43,509.88674262724015
ct_w3_i4,3,evaluation,width2,19,exact_star,43,4.046716792773703,0.666236126676035,0.6356512578883408,0.7771886911665215,2.271847845797784,5.077982726599807,43,509.88674262724015
ct_w3_i4,3,evaluation,width2,19,projected_target,43,4.046716792773703,0.9913674062258143,1.0,0.1825172939312532,5.678908345800274,5.077982726599807,43,509.88674262724015
ct_w3_i4,3,evaluation,width2,42,exact_natural,43,3.7522290550939132,0.9999999999999999,0.982200157440108,0.0,4.813549123461294,4.813549123461294,43,237.7572419005633
ct_w3_i4,3,evaluation,width2,42,exact_regularized_full,43,3.7522290550939132,0.9600747863406653,0.9180450695835084,0.48925322455345194,2.6892663712733493,4.813549123461294,43,237.7572419005633
ct_w3_i4,3,evaluation,width2,42,exact_diagonal,43,3.7522290550939132,0.29852318096640656,0.2768736489726385,0.9680524088204799,2.216714640608222,4.813549123461294,43,237.7572419005633
ct_w3_i4,3,evaluation,width2,42,exact_two_block,43,3.7522290550939132,0.49442193718616834,0.4362043252255472,0.8892717449867349,1.4760878100513661,4.813549123461294,43,237.7572419005633
ct_w3_i4,3,evaluation,width2,42,exact_star,43,3.7522290550939132,0.7130965365220365,0.6847497503444372,0.7434565391866541,2.2413853070158853,4.813549123461294,43,237.7572419005633
ct_w3_i4,3,evaluation,width2,42,projected_target,43,3.7522290550939132,0.982200157440108,1.0,0.27261502269865673,5.678908345800274,4.813549123461294,43,237.7572419005633
ct_w3_i4,3,evaluation,width2,50,exact_natural,43,3.683960998354639,1.0,0.9830323681238623,0.0,4.881665562514047,4.881665562514047,43,558.3222061974053
ct_w3_i4,3,evaluation,width2,50,exact_regularized_full,43,3.683960998354639,0.8724074623105685,0.8383996625279088,0.6176426658202895,2.4155137476800994,4.881665562514047,43,558.3222061974053
ct_w3_i4,3,evaluation,width2,50,exact_diagonal,43,3.683960998354639,0.3591965379366474,0.3398807345545491,0.9340165918719701,1.9367282777203185,4.881665562514047,43,558.3222061974053
ct_w3_i4,3,evaluation,width2,50,exact_two_block,43,3.683960998354639,0.45598133476955316,0.41212925972663184,0.899439976689674,1.5911206778490286,4.881665562514047,43,558.3222061974053
ct_w3_i4,3,evaluation,width2,50,exact_star,43,3.683960998354639,0.6907444280440632,0.6671638887075074,0.7724768645246348,2.0453878984572897,4.881665562514047,43,558.3222061974053
ct_w3_i4,3,evaluation,width2,50,projected_target,43,3.683960998354639,0.9830323681238623,1.0,0.25719392643556804,5.678908345800274,4.881665562514047,43,558.3222061974053
ct_w3_i4,3,evaluation,width2,101,exact_natural,43,3.2145469380200096,1.0000000000000002,0.984184240183067,0.0,4.902176324322744,4.902176324322744,43,314.4677934178532
ct_w3_i4,3,evaluation,width2,101,exact_regularized_full,43,3.2145469380200096,0.9392639350801211,0.9037692472217903,0.540351404514282,2.558423942979625,4.902176324322744,43,314.4677934178532
ct_w3_i4,3,evaluation,width2,101,exact_diagonal,43,3.2145469380200096,0.33017429237115514,0.3300371750324419,0.9674014462681201,2.657100956658767,4.902176324322744,43,314.4677934178532
ct_w3_i4,3,evaluation,width2,101,exact_two_block,43,3.2145469380200096,0.5438536131112339,0.5090436309784031,0.8680390440341641,1.577953929531842,4.902176324322744,43,314.4677934178532
ct_w3_i4,3,evaluation,width2,101,exact_star,43,3.2145469380200096,0.6484820546691458,0.6297774701604216,0.8019198168587365,1.942649094432745,4.902176324322744,43,314.4677934178532
ct_w3_i4,3,evaluation,width2,101,projected_target,43,3.2145469380200096,0.984184240183067,1.0,0.24849279604141009,5.678908345800274,4.902176324322744,43,314.4677934178532
ct_w3_i4,3,evaluation,width3,0,exact_natural,46,3.5540794455121265,1.0,0.9999999999999998,0.0,5.744562646537765,5.744562646537765,46,369.6185797679186
ct_w3_i4,3,evaluation,width3,0,exact_regularized_full,46,3.5540794455121265,0.9132873727666974,0.9132873727667093,0.6278286061376995,2.5018663841193796,5.744562646537765,46,369.6185797679186
ct_w3_i4,3,evaluation,width3,0,exact_diagonal,46,3.5540794455121265,0.34044811958792925,0.3404481195878252,0.9434699097026036,1.5092583546590055,5.744562646537765,46,369.6185797679186
ct_w3_i4,3,evaluation,width3,0,exact_two_block,46,3.5540794455121265,0.5393270098772922,0.5393270098773633,0.880102759054975,1.6285045712279649,5.744562646537765,46,369.6185797679186
ct_w3_i4,3,evaluation,width3,0,exact_star,46,3.5540794455121265,0.6615988130054049,0.6615988130053092,0.8173354291183274,1.9325068658885247,5.744562646537765,46,369.6185797679186
ct_w3_i4,3,evaluation,width3,0,projected_target,46,3.5540794455121265,0.9999999999999998,1.0,6.440783403316145e-13,5.744562646538029,5.744562646537765,46,369.6185797679186
ct_w3_i4,3,evaluation,width3,19,exact_natural,46,3.503712175161443,1.0,1.0000000000000002,0.0,5.744562646542279,5.744562646542279,46,718.4144841567911
ct_w3_i4,3,evaluation,width3,19,exact_regularized_full,46,3.503712175161443,0.8446734556250209,0.8446734556252226,0.669618963952834,2.541116991959336,5.744562646542279,46,718.4144841567911
ct_w3_i4,3,evaluation,width3,19,exact_diagonal,46,3.503712175161443,0.44661905692960124,0.44661905692966986,0.8983091170534209,2.1050672481776114,5.744562646542279,46,718.4144841567911
ct_w3_i4,3,evaluation,width3,19,exact_two_block,46,3.503712175161443,0.4864928259611251,0.48649282596135035,0.8820903789290653,2.0968079327333746,5.744562646542279,46,718.4144841567911
ct_w3_i4,3,evaluation,width3,19,exact_star,46,3.503712175161443,0.6231356004108255,0.6231356004109185,0.8133625267933732,2.296961867362707,5.744562646542279,46,718.4144841567911
ct_w3_i4,3,evaluation,width3,19,projected_target,46,3.503712175161443,1.0000000000000002,1.0,1.0770877798515784e-12,5.744562646538029,5.744562646542279,46,718.4144841567911
ct_w3_i4,3,evaluation,width3,42,exact_natural,46,3.653941956993555,0.9999999999999998,1.0,0.0,5.744562646536238,5.744562646536238,46,318.6474794539707
ct_w3_i4,3,evaluation,width3,42,exact_regularized_full,46,3.653941956993555,0.9304096761024686,0.9304096761023731,0.5653232030417616,2.8722813232690143,5.744562646536238,46,318.6474794539707
ct_w3_i4,3,evaluation,width3,42,exact_diagonal,46,3.653941956993555,0.33387275135532335,0.333872751355226,0.9429311059609067,1.7784079804881705,5.744562646536238,46,318.6474794539707
ct_w3_i4,3,evaluation,width3,42,exact_two_block,46,3.653941956993555,0.5217954738138636,0.5217954738137326,0.8842508747632293,1.6604699001511443,5.744562646536238,46,318.6474794539707
ct_w3_i4,3,evaluation,width3,42,exact_star,46,3.653941956993555,0.7547966916617879,0.7547966916616937,0.7719416610475198,1.9982011994641624,5.744562646536238,46,318.6474794539707
ct_w3_i4,3,evaluation,width3,42,projected_target,46,3.653941956993555,1.0,1.0,4.73744002628404e-13,5.744562646538029,5.744562646536238,46,318.6474794539707
ct_w3_i4,3,evaluation,width3,50,exact_natural,46,3.54815654595377,1.0,0.9999999999999998,0.0,5.7445626465373305,5.7445626465373305,46,411.9664655942407
ct_w3_i4,3,evaluation,width3,50,exact_regularized_full,46,3.54815654595377,0.9124678270286753,0.9124678270286511,0.6124891530281585,2.623439758689199,5.7445626465373305,46,411.9664655942407
ct_w3_i4,3,evaluation,width3,50,exact_diagonal,46,3.54815654595377,0.34354310831114127,0.34354310831111634,0.941312825637374,1.6060457964788453,5.7445626465373305,46,411.9664655942407
ct_w3_i4,3,evaluation,width3,50,exact_two_block,46,3.54815654595377,0.4942048214962782,0.49420482149625344,0.8947882673147122,1.6219503713758385,5.7445626465373305,46,411.9664655942407
ct_w3_i4,3,evaluation,width3,50,exact_star,46,3.54815654595377,0.6670929260924185,0.6670929260924006,0.8243968787857652,1.804048347755876,5.7445626465373305,46,411.9664655942407
ct_w3_i4,3,evaluation,width3,50,projected_target,46,3.54815654595377,0.9999999999999998,1.0,1.8883814531225218e-13,5.744562646538029,5.7445626465373305,46,411.9664655942407
ct_w3_i4,3,evaluation,width3,101,exact_natural,46,3.416758711009864,1.0000000000000002,1.0000000000000002,0.0,5.74456264653928,5.74456264653928,46,321.31104179458583
ct_w3_i4,3,evaluation,width3,101,exact_regularized_full,46,3.416758711009864,0.9458740436782473,0.9458740436782797,0.5797874446655663,2.673663644134991,5.74456264653928,46,321.31104179458583
ct_w3_i4,3,evaluation,width3,101,exact_diagonal,46,3.416758711009864,0.35920250398563947,0.35920250398566966,0.9390737966943444,1.4640956733550974,5.74456264653928,46,321.31104179458583
ct_w3_i4,3,evaluation,width3,101,exact_two_block,46,3.416758711009864,0.6581391383206331,0.6581391383206836,0.8559725899047714,1.441363777444579,5.74456264653928,46,321.31104179458583
ct_w3_i4,3,evaluation,width3,101,exact_star,46,3.416758711009864,0.6562250997132815,0.6562250997133242,0.8420897669280768,1.622254104228297,5.74456264653928,46,321.31104179458583
ct_w3_i4,3,evaluation,width3,101,projected_target,46,3.416758711009864,1.0000000000000002,1.0,3.458428523386e-13,5.744562646538029,5.74456264653928,46,321.31104179458583
ct_w3_i5,3,evaluation,chain,0,exact_natural,31,8.055665348643187,1.0000000000000002,-0.7975129238268017,0.0,2.479161697877485,2.479161697877485,31,1496.9819481783722
ct_w3_i5,3,evaluation,chain,0,exact_regularized_full,31,8.055665348643187,0.9844176485846646,-0.80636655499076,0.1832169929610314,2.312990409025021,2.479161697877485,31,1496.9819481783722
ct_w3_i5,3,evaluation,chain,0,exact_diagonal,31,8.055665348643187,0.8535788074325624,-0.6868441952389432,0.5310634653161512,2.3717082451262845,2.479161697877485,31,1496.9819481783722
ct_w3_i5,3,evaluation,chain,0,exact_two_block,31,8.055665348643187,0.8871623765712804,-0.7804149918916756,0.4666609776787145,2.3717082451262845,2.479161697877485,31,1496.9819481783722
ct_w3_i5,3,evaluation,chain,0,exact_star,31,8.055665348643187,0.7018958939698926,-0.43211456103777407,0.7554496951907267,2.364163712249902,2.479161697877485,31,1496.9819481783722
ct_w3_i5,3,evaluation,chain,0,projected_target,31,8.055665348643187,-0.7975129238268017,1.0,2.777149523681284,4.743416490252569,2.479161697877485,31,1496.9819481783722
ct_w3_i5,3,evaluation,chain,19,exact_natural,31,7.852480612073675,1.0,-0.7805055490175994,0.0,2.3533093997112378,2.3533093997112378,31,516.3458598840929
ct_w3_i5,3,evaluation,chain,19,exact_regularized_full,31,7.852480612073675,0.992890043480978,-0.7856401727661055,0.12472348060075651,2.2489475780231807,2.3533093997112378,31,516.3458598840929
ct_w3_i5,3,evaluation,chain,19,exact_diagonal,31,7.852480612073675,0.8574560967796117,-0.6835197320933519,0.5360763284984498,2.3717082451262845,2.3533093997112378,31,516.3458598840929
ct_w3_i5,3,evaluation,chain,19,exact_two_block,31,7.852480612073675,0.8987789000083407,-0.7607015400772197,0.4517588699175669,2.3717082451262845,2.3533093997112378,31,516.3458598840929
ct_w3_i5,3,evaluation,chain,19,exact_star,31,7.852480612073675,0.7741859753017896,-0.42057051029078096,0.6631292618511887,2.28726178109663,2.3533093997112378,31,516.3458598840929
ct_w3_i5,3,evaluation,chain,19,projected_target,31,7.852480612073675,-0.7805055490175994,1.0,2.865173964424815,4.743416490252569,2.3533093997112378,31,516.3458598840929
ct_w3_i5,3,evaluation,chain,42,exact_natural,31,7.612799006976312,1.0,-0.7556994189640766,0.0,2.2468729950896003,2.2468729950896003,31,1878.8681637255436
ct_w3_i5,3,evaluation,chain,42,exact_regularized_full,31,7.612799006976312,0.978987994587922,-0.8012608143690635,0.204773032677587,2.1576572722199443,2.2468729950896003,31,1878.8681637255436
ct_w3_i5,3,evaluation,chain,42,exact_diagonal,31,7.612799006976312,0.8345873309910194,-0.6941670501264122,0.5935425073536883,2.3717082451262845,2.2468729950896003,31,1878.8681637255436
ct_w3_i5,3,evaluation,chain,42,exact_two_block,31,7.612799006976312,0.904919835243305,-0.778276605605792,0.4514558839055987,2.3717082451262845,2.2468729950896003,31,1878.8681637255436
ct_w3_i5,3,evaluation,chain,42,exact_star,31,7.612799006976312,0.7913166751678705,-0.4631908339395623,0.62436290297981,2.062296220483978,2.2468729950896003,31,1878.8681637255436
ct_w3_i5,3,evaluation,chain,42,projected_target,31,7.612799006976312,-0.7556994189640766,1.0,2.940674547821924,4.743416490252569,2.2468729950896003,31,1878.8681637255436
ct_w3_i5,3,evaluation,chain,50,exact_natural,31,7.707797538181204,0.9999999999999999,-0.6776646393392513,0.0,2.3404707332606414,2.3404707332606414,31,694.4303638807554
ct_w3_i5,3,evaluation,chain,50,exact_regularized_full,31,7.707797538181204,0.9605782568548182,-0.7799902278480757,0.2816257849272992,2.1429186995799205,2.3404707332606414,31,694.4303638807554
ct_w3_i5,3,evaluation,chain,50,exact_diagonal,31,7.707797538181204,0.812854534127151,-0.6930209576349475,0.6160069857985422,2.3717082451262845,2.3404707332606414,31,694.4303638807554
ct_w3_i5,3,evaluation,chain,50,exact_two_block,31,7.707797538181204,0.8462997214144926,-0.7744182796734003,0.5582843967121809,2.3717082451262845,2.3404707332606414,31,694.4303638807554
ct_w3_i5,3,evaluation,chain,50,exact_star,31,7.707797538181204,0.6721537269356938,-0.4289935745459639,0.7692569852424199,2.0615633132697604,2.3404707332606414,31,694.4303638807554
ct_w3_i5,3,evaluation,chain,50,projected_target,31,7.707797538181204,-0.6776646393392513,1.0,2.802556478584459,4.743416490252569,2.3404707332606414,31,694.4303638807554
ct_w3_i5,3,evaluation,chain,101,exact_natural,31,7.987000812766177,1.0000000000000002,-0.7834227477980622,0.0,2.512938451275762,2.512938451275762,31,683.2870354706047
ct_w3_i5,3,evaluation,chain,101,exact_regularized_full,31,7.987000812766177,0.977716299998216,-0.7873280522592255,0.2126528505910734,2.3717082451262845,2.512938451275762,31,683.2870354706047
ct_w3_i5,3,evaluation,chain,101,exact_diagonal,31,7.987000812766177,0.8642025855315355,-0.6927147089275993,0.5094010653427208,2.3717082451262845,2.512938451275762,31,683.2870354706047
ct_w3_i5,3,evaluation,chain,101,exact_two_block,31,7.987000812766177,0.9113736787324271,-0.7330877326144053,0.4128551863805822,2.371708245126285,2.512938451275762,31,683.2870354706047
ct_w3_i5,3,evaluation,chain,101,exact_star,31,7.987000812766177,0.7449583047652836,-0.42822512617196107,0.6961139697257203,2.3717082451262845,2.512938451275762,31,683.2870354706047
ct_w3_i5,3,evaluation,chain,101,projected_target,31,7.987000812766177,-0.7834227477980622,1.0,2.7423709241167518,4.743416490252569,2.512938451275762,31,683.2870354706047
ct_w3_i5,3,evaluation,problem_tree,0,exact_natural,31,3.2208998741747354,1.0,0.8002881759317371,0.0,2.6371042653355388,2.6371042653355388,31,2661.7281418181815
ct_w3_i5,3,evaluation,problem_tree,0,exact_regularized_full,31,3.2208998741747354,0.6950621321979347,0.4019553961890989,0.7193815956793206,1.7672219026944134,2.6371042653355388,31,2661.7281418181815
ct_w3_i5,3,evaluation,problem_tree,0,exact_diagonal,31,3.2208998741747354,0.5265328241311126,0.4048674343436631,0.9659912743904616,2.5980762113533156,2.6371042653355388,31,2661.7281418181815
ct_w3_i5,3,evaluation,problem_tree,0,exact_two_block,31,3.2208998741747354,0.22005612067346725,-0.11869830866372232,1.2155123549686004,2.4927024768158144,2.6371042653355388,31,2661.7281418181815
ct_w3_i5,3,evaluation,problem_tree,0,exact_star,31,3.2208998741747354,0.7633509815490356,0.6681737665856975,0.6619037072176733,2.3935588404969637,2.6371042653355388,31,2661.7281418181815
ct_w3_i5,3,evaluation,problem_tree,0,projected_target,31,3.2208998741747354,0.8002881759317371,1.0,1.3148012965274767,5.196152422706632,2.6371042653355388,31,2661.7281418181815
ct_w3_i5,3,evaluation,problem_tree,19,exact_natural,31,4.106239920188896,1.0,0.8820190533924926,0.0,2.83764368658025,2.83764368658025,31,793.4736578441745
ct_w3_i5,3,evaluation,problem_tree,19,exact_regularized_full,31,4.106239920188896,0.8021823693056683,0.6111911374678093,0.622745786541469,1.774206203866555,2.83764368658025,31,793.4736578441745
ct_w3_i5,3,evaluation,problem_tree,19,exact_diagonal,31,4.106239920188896,0.5252129306982978,0.32759813249399916,0.9025090785007639,2.343414292100106,2.83764368658025,31,793.4736578441745
ct_w3_i5,3,evaluation,problem_tree,19,exact_two_block,31,4.106239920188896,0.19797987364074054,-0.10644186178768254,1.1164294815905458,2.078306022617763,2.83764368658025,31,793.4736578441745
ct_w3_i5,3,evaluation,problem_tree,19,exact_star,31,4.106239920188896,0.8087370112259161,0.7222217668050347,0.5900677763336662,2.1607396115398436,2.83764368658025,31,793.4736578441745
ct_w3_i5,3,evaluation,problem_tree,19,projected_target,31,4.106239920188896,0.8820190533924926,1.0,1.0596663327013993,5.196152422706632,2.83764368658025,31,793.4736578441745
ct_w3_i5,3,evaluation,problem_tree,42,exact_natural,31,4.173645729076032,1.0,0.8105397598616753,0.0,2.5424630418364194,2.5424630418364194,31,1777.8303710155617
ct_w3_i5,3,evaluation,problem_tree,42,exact_regularized_full,31,4.173645729076032,0.790659576578455,0.4611737235139218,0.640384218291839,1.5329806108416564,2.5424630418364194,31,1777.8303710155617
ct_w3_i5,3,evaluation,problem_tree,42,exact_diagonal,31,4.173645729076032,0.4366583762425666,0.27371254072444384,1.0732224753813613,2.5980762113533156,2.5424630418364194,31,1777.8303710155617
ct_w3_i5,3,evaluation,problem_tree,42,exact_two_block,31,4.173645729076032,0.21407025947864758,-0.1608221459110205,1.171959305117769,2.1906252711852936,2.5424630418364194,31,1777.8303710155617
ct_w3_i5,3,evaluation,problem_tree,42,exact_star,31,4.173645729076032,0.7488790844222903,0.624939404798689,0.6818440588248064,2.311832588158382,2.5424630418364194,31,1777.8303710155617
ct_w3_i5,3,evaluation,problem_tree,42,projected_target,31,4.173645729076032,0.8105397598616753,1.0,1.3652203364338582,5.196152422706632,2.5424630418364194,31,1777.8303710155617
ct_w3_i5,3,evaluation,problem_tree,50,exact_natural,31,3.7082538009566948,0.9999999999999999,0.7605464266452474,0.0,2.6070243748287556,2.6070243748287556,31,3066.3489028566914
ct_w3_i5,3,evaluation,problem_tree,50,exact_regularized_full,31,3.7082538009566948,0.664899927381417,0.31304087906801253,0.748831259917818,1.594473545915332,2.6070243748287556,31,3066.3489028566914
ct_w3_i5,3,evaluation,problem_tree,50,exact_diagonal,31,3.7082538009566948,0.5103590155627998,0.30609342614772794,0.9878929762685756,2.598076211353316,2.6070243748287556,31,3066.3489028566914
ct_w3_i5,3,evaluation,problem_tree,50,exact_two_block,31,3.7082538009566948,0.1894890449004975,-0.1812699216065626,1.257509373232713,2.5421946663365445,2.6070243748287556,31,3066.3489028566914
ct_w3_i5,3,evaluation,problem_tree,50,exact_star,31,3.7082538009566948,0.7737520674499033,0.6012505191873675,0.6498335127631256,2.3947669857953966,2.6070243748287556,31,3066.3489028566914
ct_w3_i5,3,evaluation,problem_tree,50,projected_target,31,3.7082538009566948,0.7605464266452474,1.0,1.3931419779573324,5.196152422706632,2.6070243748287556,31,3066.3489028566914
ct_w3_i5,3,evaluation,problem_tree,101,exact_natural,31,3.55798172147244,1.0,0.8530225155786821,0.0,2.6384965311821817,2.6384965311821817,31,715.5210490696894
ct_w3_i5,3,evaluation,problem_tree,101,exact_regularized_full,31,3.55798172147244,0.8367913096966245,0.5859476302930755,0.5790166853806777,1.7108800609843866,2.6384965311821817,31,715.5210490696894
ct_w3_i5,3,evaluation,problem_tree,101,exact_diagonal,31,3.55798172147244,0.6112963449190433,0.4244982459400272,0.8750614504819749,2.5980762113533165,2.6384965311821817,31,715.5210490696894
ct_w3_i5,3,evaluation,problem_tree,101,exact_two_block,31,3.55798172147244,0.31662063389747236,-0.06271784688012133,1.0739172843090576,2.1639763884622156,2.6384965311821817,31,715.5210490696894
ct_w3_i5,3,evaluation,problem_tree,101,exact_star,31,3.55798172147244,0.788659014778282,0.7050995598059346,0.6274733814831971,2.4115387095912575,2.6384965311821817,31,715.5210490696894
ct_w3_i5,3,evaluation,problem_tree,101,projected_target,31,3.55798172147244,0.8530225155786821,1.0,1.2323004568569886,5.196152422706632,2.6384965311821817,31,715.5210490696894
ct_w3_i5,3,evaluation,width2,0,exact_natural,41,3.3770859254755905,0.9999999999999998,0.9551331336642327,0.0,4.226364227701371,4.226364227701371,41,1175.0712099489108
ct_w3_i5,3,evaluation,width2,0,exact_regularized_full,41,3.3770859254755905,0.8742075877251331,0.8035237755145229,0.5775940541934315,2.3726456752385543,4.226364227701371,41,1175.0712099489108
ct_w3_i5,3,evaluation,width2,0,exact_diagonal,41,3.3770859254755905,0.4142375180663704,0.37858947766127127,0.9308463497213434,2.575321693964809,4.226364227701371,41,1175.0712099489108
ct_w3_i5,3,evaluation,width2,0,exact_two_block,41,3.3770859254755905,0.47993881406947314,0.38346338790327916,0.8777872640472671,1.9050511022989316,4.226364227701371,41,1175.0712099489108
ct_w3_i5,3,evaluation,width2,0,exact_star,41,3.3770859254755905,0.6232197371589385,0.5852546268909938,0.7887871742150668,2.1990681790172597,4.226364227701371,41,1175.0712099489108
ct_w3_i5,3,evaluation,width2,0,projected_target,41,3.3770859254755905,0.9551331336642327,1.0,0.4434104389976963,5.431390245600108,4.226364227701371,41,1175.0712099489108
ct_w3_i5,3,evaluation,width2,19,exact_natural,41,3.516961875635184,0.9999999999999999,0.975548978942417,0.0,4.652734984051371,4.652734984051371,41,630.0434748167315
ct_w3_i5,3,evaluation,width2,19,exact_regularized_full,41,3.516961875635184,0.8613724502597877,0.8459073936435948,0.6229189136599953,2.330231761582093,4.652734984051371,41,630.0434748167315
ct_w3_i5,3,evaluation,width2,19,exact_diagonal,41,3.516961875635184,0.37078795406633486,0.3483526144829817,0.9390752467529323,2.3723269584335522,4.652734984051371,41,630.0434748167315
ct_w3_i5,3,evaluation,width2,19,exact_two_block,41,3.516961875635184,0.24976910475725508,0.18093206185278726,0.9759196105468857,1.7282096873250188,4.652734984051371,41,630.0434748167315
ct_w3_i5,3,evaluation,width2,19,exact_star,41,3.516961875635184,0.6858663393529912,0.6792648345491971,0.766458666128867,2.071869089914552,4.652734984051371,41,630.0434748167315
ct_w3_i5,3,evaluation,width2,19,projected_target,41,3.516961875635184,0.975548978942417,1.0,0.29170785971956015,5.431390245600108,4.652734984051371,41,630.0434748167315
ct_w3_i5,3,evaluation,width2,42,exact_natural,41,4.070665386827949,1.0,0.9812883553270166,0.0,4.480890873623598,4.480890873623598,41,285.9766601566155
ct_w3_i5,3,evaluation,width2,42,exact_regularized_full,41,4.070665386827949,0.9252904967740001,0.898226157013504,0.5371177514785702,2.441866848617687,4.480890873623598,41,285.9766601566155
ct_w3_i5,3,evaluation,width2,42,exact_diagonal,41,4.070665386827949,0.3859368964028637,0.36109296840108457,0.9235215004354156,1.5371715006999271,4.480890873623598,41,285.9766601566155
ct_w3_i5,3,evaluation,width2,42,exact_two_block,41,4.070665386827949,0.5105605161724126,0.4644979413575789,0.8734981344990322,1.5983632884186734,4.480890873623598,41,285.9766601566155
ct_w3_i5,3,evaluation,width2,42,exact_star,41,4.070665386827949,0.7051212604780207,0.6940849894977029,0.7745775746829512,1.7628093006558438,4.480890873623598,41,285.9766601566155
ct_w3_i5,3,evaluation,width2,42,projected_target,41,4.070665386827949,0.9812883553270166,1.0,0.30059562646826765,5.431390245600108,4.480890873623598,41,285.9766601566155
ct_w3_i5,3,evaluation,width2,50,exact_natural,41,3.386237225891997,1.0000000000000002,0.966835023137465,0.0,4.505321224696512,4.505321224696512,41,2085.9551076933662
ct_w3_i5,3,evaluation,width2,50,exact_regularized_full,41,3.386237225891997,0.8665736059413582,0.8033757795163718,0.6063733722567246,2.3523824455812474,4.505321224696512,41,2085.9551076933662
ct_w3_i5,3,evaluation,width2,50,exact_diagonal,41,3.386237225891997,0.3409750287351826,0.32152775708746073,0.9694254278489755,2.6028279649126427,4.505321224696512,41,2085.9551076933662
ct_w3_i5,3,evaluation,width2,50,exact_two_block,41,3.386237225891997,0.35912323449019384,0.28264815237237334,0.9334739752069489,1.7014246989050292,4.505321224696512,41,2085.9551076933662
ct_w3_i5,3,evaluation,width2,50,exact_star,41,3.386237225891997,0.6428337837791525,0.6173800103751292,0.8020734163462504,1.8247296392259262,4.505321224696512,41,2085.9551076933662
ct_w3_i5,3,evaluation,width2,50,projected_target,41,3.386237225891997,0.966835023137465,1.0,0.3495924827306072,5.431390245600108,4.505321224696512,41,2085.9551076933662
ct_w3_i5,3,evaluation,width2,101,exact_natural,41,2.8007803984500654,1.0000000000000002,0.972016641417877,0.0,4.665042173407869,4.665042173407869,41,1910.6240415671082
ct_w3_i5,3,evaluation,width2,101,exact_regularized_full,41,2.8007803984500654,0.8789379211598835,0.8504759906120031,0.6126630939461242,2.3062844969056178,4.665042173407869,41,1910.6240415671082
ct_w3_i5,3,evaluation,width2,101,exact_diagonal,41,2.8007803984500654,0.3701179392161654,0.3675341993482358,0.952871936075861,2.7156951228000548,4.665042173407869,41,1910.6240415671082
ct_w3_i5,3,evaluation,width2,101,exact_two_block,41,2.8007803984500654,0.30735125668373203,0.2517747414774672,0.9539352106381451,1.7452546943095162,4.665042173407869,41,1910.6240415671082
ct_w3_i5,3,evaluation,width2,101,exact_star,41,2.8007803984500654,0.5043173076282308,0.5155493873727357,0.8635668558162,2.309991992851554,4.665042173407869,41,1910.6240415671082
ct_w3_i5,3,evaluation,width2,101,projected_target,41,2.8007803984500654,0.972016641417877,1.0,0.3035568852562358,5.431390245600108,4.665042173407869,41,1910.6240415671082
ct_w3_i5,3,evaluation,width3,0,exact_natural,47,3.7132546923655543,1.0,0.9999999999999999,0.0,5.567764362829146,5.567764362829146,47,379.2233426444195
ct_w3_i5,3,evaluation,width3,0,exact_regularized_full,47,3.7132546923655543,0.887151246218416,0.8871512462183735,0.6225452021204587,2.6129504937685404,5.567764362829146,47,379.2233426444195
ct_w3_i5,3,evaluation,width3,0,exact_diagonal,47,3.7132546923655543,0.3636430166225563,0.363643016622524,0.9323991752516249,1.801657481772032,5.567764362829146,47,379.2233426444195
ct_w3_i5,3,evaluation,width3,0,exact_two_block,47,3.7132546923655543,0.586479775436239,0.586479775436193,0.8552325502250017,1.7367155983817761,5.567764362829146,47,379.2233426444195
ct_w3_i5,3,evaluation,width3,0,exact_star,47,3.7132546923655543,0.5802323722862255,0.5802323722861817,0.8568700955270633,1.7481076776714537,5.567764362829146,47,379.2233426444195
ct_w3_i5,3,evaluation,width3,0,projected_target,47,3.7132546923655543,0.9999999999999999,1.0000000000000002,2.1011665168927492e-13,5.5677643628300215,5.567764362829146,47,379.2233426444195
ct_w3_i5,3,evaluation,width3,19,exact_natural,47,3.5460089878752834,1.0000000000000002,1.0,0.0,5.567764362830586,5.567764362830586,47,860.0879423518408
ct_w3_i5,3,evaluation,width3,19,exact_regularized_full,47,3.5460089878752834,0.8895239304426723,0.8895239304427851,0.6101450639971886,2.701121392191474,5.567764362830586,47,860.0879423518408
ct_w3_i5,3,evaluation,width3,19,exact_diagonal,47,3.5460089878752834,0.3717000446941748,0.3717000446942797,0.9371641785736403,1.3556991730479562,5.567764362830586,47,860.0879423518408
ct_w3_i5,3,evaluation,width3,19,exact_two_block,47,3.5460089878752834,0.43354621093645834,0.43354621093658274,0.9155369206168323,1.5131749376851167,5.567764362830586,47,860.0879423518408
ct_w3_i5,3,evaluation,width3,19,exact_star,47,3.5460089878752834,0.7744336580141932,0.7744336580142777,0.7803739275622387,1.7681149834980314,5.567764362830586,47,860.0879423518408
ct_w3_i5,3,evaluation,width3,19,projected_target,47,3.5460089878752834,1.0,1.0000000000000002,5.058606821321946e-13,5.5677643628300215,5.567764362830586,47,860.0879423518408
ct_w3_i5,3,evaluation,width3,42,exact_natural,47,3.9386042401201937,1.0000000000000002,1.0000000000000002,0.0,5.567764362832366,5.567764362832366,47,330.01394074729643
ct_w3_i5,3,evaluation,width3,42,exact_regularized_full,47,3.9386042401201937,0.90734746301896,0.907347463019085,0.5919401550254803,2.731584489657207,5.567764362832366,47,330.01394074729643
ct_w3_i5,3,evaluation,width3,42,exact_diagonal,47,3.9386042401201937,0.33571544550482635,0.3357154455049463,0.9452097218930097,1.4333925247478272,5.567764362832366,47,330.01394074729643
ct_w3_i5,3,evaluation,width3,42,exact_two_block,47,3.9386042401201937,0.5556378960687861,0.5556378960689435,0.8809715903909567,1.4718788770450464,5.567764362832366,47,330.01394074729643
ct_w3_i5,3,evaluation,width3,42,exact_star,47,3.9386042401201937,0.6838531169346467,0.6838531169347701,0.8175688855749257,1.7536846713175736,5.567764362832366,47,330.01394074729643
ct_w3_i5,3,evaluation,width3,42,projected_target,47,3.9386042401201937,1.0000000000000002,1.0000000000000002,5.824294119947261e-13,5.5677643628300215,5.567764362832366,47,330.01394074729643
ct_w3_i5,3,evaluation,width3,50,exact_natural,47,3.432022050830814,1.0,1.0000000000000002,0.0,5.5677643628221745,5.5677643628221745,47,810.7468462240577
ct_w3_i5,3,evaluation,width3,50,exact_regularized_full,47,3.432022050830814,0.8810434643265251,0.8810434643260422,0.6234647607381972,2.6441766706358485,5.5677643628221745,47,810.7468462240577
ct_w3_i5,3,evaluation,width3,50,exact_diagonal,47,3.432022050830814,0.368204434928444,0.36820443492825167,0.9307797788486932,1.8057589719238252,5.5677643628221745,47,810.7468462240577
ct_w3_i5,3,evaluation,width3,50,exact_two_block,47,3.432022050830814,0.5549893209096135,0.5549893209090975,0.870375539460543,1.6643679937079192,5.5677643628221745,47,810.7468462240577
ct_w3_i5,3,evaluation,width3,50,exact_star,47,3.432022050830814,0.5885013642669348,0.5885013642665813,0.8463480646069618,1.883149941639018,5.5677643628221745,47,810.7468462240577
ct_w3_i5,3,evaluation,width3,50,projected_target,47,3.432022050830814,1.0000000000000002,1.0000000000000002,1.795658979943483e-12,5.5677643628300215,5.5677643628221745,47,810.7468462240577
ct_w3_i5,3,evaluation,width3,101,exact_natural,47,2.684983320919738,1.0,1.0000000000000002,0.0,5.567764362800567,5.567764362800567,47,1682.5907063854875
ct_w3_i5,3,evaluation,width3,101,exact_regularized_full,47,2.684983320919738,0.8454025815903524,0.845402581588482,0.674215761288425,2.416272144092098,5.567764362800567,47,1682.5907063854875
ct_w3_i5,3,evaluation,width3,101,exact_diagonal,47,2.684983320919738,0.31705261140751373,0.3170526114070383,0.9658920170461366,2.7838821814150103,5.567764362800567,47,1682.5907063854875
ct_w3_i5,3,evaluation,width3,101,exact_two_block,47,2.684983320919738,0.5139953203067215,0.5139953203055271,0.8809773428949863,1.743913818174886,5.567764362800567,47,1682.5907063854875
ct_w3_i5,3,evaluation,width3,101,exact_star,47,2.684983320919738,0.34693648597174603,0.3469364859696752,0.9383456663938197,2.0947034286956474,5.567764362800567,47,1682.5907063854875
ct_w3_i5,3,evaluation,width3,101,projected_target,47,2.684983320919738,1.0000000000000002,1.0000000000000002,6.7943018779530284e-12,5.5677643628300215,5.567764362800567,47,1682.5907063854875
ct_w4_i1,4,calibration,chain,0,exact_natural,31,8.916083732803159,1.0,-0.9213114015722309,0.0,2.9363287236022524,2.9363287236022524,31,891.0628832185213
ct_w4_i1,4,calibration,chain,0,exact_regularized_full,31,8.916083732803159,0.9804313837450509,-0.8795212326478041,0.2377437022104764,2.4874685927665503,2.9363287236022524,31,891.0628832185213
ct_w4_i1,4,calibration,chain,0,exact_diagonal,31,8.916083732803159,0.8479396315234148,-0.7783963190442057,0.5300934141827133,2.4874685927665503,2.9363287236022524,31,891.0628832185213
ct_w4_i1,4,calibration,chain,0,exact_two_block,31,8.916083732803159,0.9135320624068837,-0.8383399939851491,0.41215004704447994,2.48746859276655,2.9363287236022524,31,891.0628832185213
ct_w4_i1,4,calibration,chain,0,exact_star,31,8.916083732803159,0.6926712131505043,-0.5305464936551796,0.7352266818870354,2.4528050557196015,2.9363287236022524,31,891.0628832185213
ct_w4_i1,4,calibration,chain,0,projected_target,31,8.916083732803159,-0.9213114015722309,1.0,2.644325554614481,4.9749371855331,2.9363287236022524,31,891.0628832185213
ct_w4_i1,4,calibration,chain,19,exact_natural,31,9.220731684206536,1.0000000000000002,-0.9235608440618978,0.0,3.0254138304105287,3.0254138304105287,31,371.43139757078785
ct_w4_i1,4,calibration,chain,19,exact_regularized_full,31,9.220731684206536,0.9784570912051421,-0.8895424276142556,0.2589222914997207,2.4874685927665494,3.0254138304105287,31,371.43139757078785
ct_w4_i1,4,calibration,chain,19,exact_diagonal,31,9.220731684206536,0.8336758283554067,-0.7615822330891192,0.5523735241390311,2.48746859276655,3.0254138304105287,31,371.43139757078785
ct_w4_i1,4,calibration,chain,19,exact_two_block,31,9.220731684206536,0.8915000789353025,-0.8303676122642152,0.4582917537543002,2.4874685927665494,3.0254138304105287,31,371.43139757078785
ct_w4_i1,4,calibration,chain,19,exact_star,31,9.220731684206536,0.6632803286278064,-0.49664963423261427,0.7650567737257047,2.48746859276655,3.0254138304105287,31,371.43139757078785
ct_w4_i1,4,calibration,chain,19,projected_target,31,9.220731684206536,-0.9235608440618978,1.0,2.596414403241507,4.9749371855331,3.0254138304105287,31,371.43139757078785
ct_w4_i1,4,calibration,chain,42,exact_natural,31,9.117795015998883,0.9999999999999998,-0.8923123571782363,0.0,3.084407741576934,3.084407741576934,31,510.8724775645013
ct_w4_i1,4,calibration,chain,42,exact_regularized_full,31,9.117795015998883,0.9858906046854722,-0.8901868896471432,0.24538350601402756,2.4874685927665503,3.084407741576934,31,510.8724775645013
ct_w4_i1,4,calibration,chain,42,exact_diagonal,31,9.117795015998883,0.8287071834367143,-0.7716846456668869,0.5601241775507584,2.48746859276655,3.084407741576934,31,510.8724775645013
ct_w4_i1,4,calibration,chain,42,exact_two_block,31,9.117795015998883,0.8780303900049341,-0.8450754898203051,0.4839257796671154,2.48746859276655,3.084407741576934,31,510.8724775645013
ct_w4_i1,4,calibration,chain,42,exact_star,31,9.117795015998883,0.6755478192770065,-0.5031110864123105,0.7488488476886634,2.48746859276655,3.084407741576934,31,510.8724775645013
ct_w4_i1,4,calibration,chain,42,projected_target,31,9.117795015998883,-0.8923123571782363,1.0,2.5455890202084768,4.9749371855331,3.084407741576934,31,510.8724775645013
ct_w4_i1,4,calibration,chain,50,exact_natural,31,8.13968674888046,1.0,-0.7998246676317052,0.0,2.506606604684292,2.506606604684292,31,2537.196252584018
ct_w4_i1,4,calibration,chain,50,exact_regularized_full,31,8.13968674888046,0.9686063547421156,-0.7098655587856445,0.2695817112700315,2.1665471696589673,2.506606604684292,31,2537.196252584018
ct_w4_i1,4,calibration,chain,50,exact_diagonal,31,8.13968674888046,0.8080493242751965,-0.6093871194261844,0.6172750987117588,2.48746859276655,2.506606604684292,31,2537.196252584018
ct_w4_i1,4,calibration,chain,50,exact_two_block,31,8.13968674888046,0.8836205931751169,-0.7143815407704234,0.48066619104771063,2.4874685927665503,2.506606604684292,31,2537.196252584018
ct_w4_i1,4,calibration,chain,50,exact_star,31,8.13968674888046,0.6204635677825,-0.24891968540633308,0.8521955563815213,2.391174006163002,2.506606604684292,31,2537.196252584018
ct_w4_i1,4,calibration,chain,50,projected_target,31,8.13968674888046,-0.7998246676317052,1.0,2.8485127496375253,4.9749371855331,2.506606604684292,31,2537.196252584018
ct_w4_i1,4,calibration,chain,101,exact_natural,31,9.142369790729015,1.0,-0.9127415544212043,0.0,3.0291086986324847,3.0291086986324847,31,797.2299059245722
ct_w4_i1,4,calibration,chain,101,exact_regularized_full,31,9.142369790729015,0.9844955923290867,-0.8938836996575699,0.23966164408373267,2.48746859276655,3.0291086986324847,31,797.2299059245722
ct_w4_i1,4,calibration,chain,101,exact_diagonal,31,9.142369790729015,0.8409353303304876,-0.7675898551693439,0.5414958132799308,2.48746859276655,3.0291086986324847,31,797.2299059245722
ct_w4_i1,4,calibration,chain,101,exact_two_block,31,9.142369790729015,0.9065127003162806,-0.8481239479470709,0.4307144984133997,2.487468592766549,3.0291086986324847,31,797.2299059245722
ct_w4_i1,4,calibration,chain,101,exact_star,31,9.142369790729015,0.7196424986047063,-0.5569128461613081,0.7017308757444111,2.48746859276655,3.0291086986324847,31,797.2299059245722
ct_w4_i1,4,calibration,chain,101,projected_target,31,9.142369790729015,-0.9127415544212043,1.0,2.5875725181596305,4.9749371855331,3.0291086986324847,31,797.2299059245722
ct_w4_i1,4,calibration,problem_tree,0,exact_natural,31,3.982722157352258,1.0,0.8372702096503127,0.0,2.8295978396984642,2.8295978396984642,31,20231.89700096439
ct_w4_i1,4,calibration,problem_tree,0,exact_regularized_full,31,3.982722157352258,0.8584169575631708,0.5540033127408031,0.5500795154578947,1.8668372422193853,2.8295978396984642,31,20231.89700096439
ct_w4_i1,4,calibration,problem_tree,0,exact_diagonal,31,3.982722157352258,0.6377127398342258,0.3148109286563281,0.816957212741213,2.574706800964142,2.8295978396984642,31,20231.89700096439
ct_w4_i1,4,calibration,problem_tree,0,exact_two_block,31,3.982722157352258,0.4032270984169526,-0.04703793313477836,1.0537099331877138,2.619138778014185,2.8295978396984642,31,20231.89700096439
ct_w4_i1,4,calibration,problem_tree,0,exact_star,31,3.982722157352258,0.7347016750044648,0.5079384361308896,0.6885905988904286,2.4130373056403527,2.8295978396984642,31,20231.89700096439
ct_w4_i1,4,calibration,problem_tree,0,projected_target,31,3.982722157352258,0.8372702096503127,0.9999999999999999,1.2413919528229078,5.522680508593631,2.8295978396984642,31,20231.89700096439
ct_w4_i1,4,calibration,problem_tree,19,exact_natural,31,4.753900031303924,1.0,0.7800251057638702,0.0,2.8405615208266757,2.8405615208266757,31,1177.1200358061735
ct_w4_i1,4,calibration,problem_tree,19,exact_regularized_full,31,4.753900031303924,0.867106647962877,0.4831780048103394,0.5315718640300775,1.9358980973860511,2.8405615208266757,31,1177.1200358061735
ct_w4_i1,4,calibration,problem_tree,19,exact_diagonal,31,4.753900031303924,0.5811600954205892,0.2300142072993761,0.9028262957700356,2.7613402542968153,2.8405615208266757,31,1177.1200358061735
ct_w4_i1,4,calibration,problem_tree,19,exact_two_block,31,4.753900031303924,0.3458065725700053,-0.0999426089116057,1.0847354207302826,2.52832583674243,2.8405615208266757,31,1177.1200358061735
ct_w4_i1,4,calibration,problem_tree,19,exact_star,31,4.753900031303924,0.8215302594381801,0.5024134072459661,0.5879813170827353,2.741640794246188,2.8405615208266757,31,1177.1200358061735
ct_w4_i1,4,calibration,problem_tree,19,projected_target,31,4.753900031303924,0.7800251057638702,0.9999999999999999,1.3217086878552347,5.522680508593631,2.8405615208266757,31,1177.1200358061735
ct_w4_i1,4,calibration,problem_tree,42,exact_natural,31,4.541047811388978,1.0,0.8435162524537008,0.0,3.000016346947885,3.000016346947885,31,2140.474446135337
ct_w4_i1,4,calibration,problem_tree,42,exact_regularized_full,31,4.541047811388978,0.8201374826184432,0.538722232754276,0.6212656874990924,1.7342202012217331,3.000016346947885,31,2140.474446135337
ct_w4_i1,4,calibration,problem_tree,42,exact_diagonal,31,4.541047811388978,0.5474174205135617,0.28171801119680906,0.9126526363525227,2.7346983973728873,3.000016346947885,31,2140.474446135337
ct_w4_i1,4,calibration,problem_tree,42,exact_two_block,31,4.541047811388978,0.3092715034376823,-0.05799685600682674,1.0632649129952054,2.3545824848399044,3.000016346947885,31,2140.474446135337
ct_w4_i1,4,calibration,problem_tree,42,exact_star,31,4.541047811388978,0.6861384779682568,0.4920991986626796,0.7369950454513516,2.412729825060826,3.000016346947885,31,2140.474446135337
ct_w4_i1,4,calibration,problem_tree,42,projected_target,31,4.541047811388978,0.8435162524537008,0.9999999999999999,1.1327937598333404,5.522680508593631,3.000016346947885,31,2140.474446135337
ct_w4_i1,4,calibration,problem_tree,50,exact_natural,31,4.752801448388412,1.0,0.8828691734669871,0.0,2.998672713116602,2.998672713116602,31,7221.657981385125
ct_w4_i1,4,calibration,problem_tree,50,exact_regularized_full,31,4.752801448388412,0.7807092143199962,0.5742931770318903,0.6676993130097376,1.635738513274502,2.998672713116602,31,7221.657981385125
ct_w4_i1,4,calibration,problem_tree,50,exact_diagonal,31,4.752801448388412,0.4846447604831167,0.2611947443765083,0.9312357992917657,2.411368864109489,2.998672713116602,31,7221.657981385125
ct_w4_i1,4,calibration,problem_tree,50,exact_two_block,31,4.752801448388412,0.16979339519793282,-0.12800664569621423,1.1154551201504046,2.0761440129095945,2.998672713116602,31,7221.657981385125
ct_w4_i1,4,calibration,problem_tree,50,exact_star,31,4.752801448388412,0.7761973435402806,0.635093838837357,0.6364951447484671,2.0659993904068044,2.998672713116602,31,7221.657981385125
ct_w4_i1,4,calibration,problem_tree,50,projected_target,31,4.752801448388412,0.8828691734669871,0.9999999999999999,1.0676678072994543,5.522680508593631,2.998672713116602,31,7221.657981385125
ct_w4_i1,4,calibration,problem_tree,101,exact_natural,31,4.344833883879363,1.0,0.886936423273379,0.0,2.905053791208909,2.905053791208909,31,4420.338932052716
ct_w4_i1,4,calibration,problem_tree,101,exact_regularized_full,31,4.344833883879363,0.8392973115763739,0.648616555503935,0.6083407272244059,1.6452868856039966,2.905053791208909,31,4420.338932052716
ct_w4_i1,4,calibration,problem_tree,101,exact_diagonal,31,4.344833883879363,0.5729287234899739,0.36838137995279246,0.8432492860920844,2.240415442751698,2.905053791208909,31,4420.338932052716
ct_w4_i1,4,calibration,problem_tree,101,exact_two_block,31,4.344833883879363,0.3436278370115647,0.052852747661211986,1.0077801174960275,2.0604939760774394,2.905053791208909,31,4420.338932052716
ct_w4_i1,4,calibration,problem_tree,101,exact_star,31,4.344833883879363,0.7504684997483457,0.5864127399440671,0.6635435149349274,2.00845886382487,2.905053791208909,31,4420.338932052716
ct_w4_i1,4,calibration,problem_tree,101,projected_target,31,4.344833883879363,0.886936423273379,0.9999999999999999,1.1143561709139032,5.522680508593631,2.905053791208909,31,4420.338932052716
ct_w4_i1,4,calibration,width2,0,exact_natural,43,3.1182675948727763,1.0,0.9793058603178861,0.0,5.076431563141018,5.076431563141018,43,1053.4122328373714
ct_w4_i1,4,calibration,width2,0,exact_regularized_full,43,3.1182675948727763,0.8905714524821565,0.8519766309341933,0.5892585104797777,2.6191721849291283,5.076431563141018,43,1053.4122328373714
ct_w4_i1,4,calibration,width2,0,exact_diagonal,43,3.1182675948727763,0.3854747007820908,0.38882491948482867,0.9410034191272543,2.8939592256975564,5.076431563141018,43,1053.4122328373714
ct_w4_i1,4,calibration,width2,0,exact_two_block,43,3.1182675948727763,0.4560364358370063,0.39804960887374935,0.8938889497613215,1.8901102529371034,5.076431563141018,43,1053.4122328373714
ct_w4_i1,4,calibration,width2,0,exact_star,43,3.1182675948727763,0.5535335987656886,0.5390469366730206,0.8339703923116797,2.5883463008629244,5.076431563141018,43,1053.4122328373714
ct_w4_i1,4,calibration,width2,0,projected_target,43,3.1182675948727763,0.9793058603178861,1.0,0.25851973573093534,5.787918451395113,5.076431563141018,43,1053.4122328373714
ct_w4_i1,4,calibration,width2,19,exact_natural,43,4.143347809599375,1.0,0.9648732023489103,0.0,4.969886596971289,4.969886596971289,43,545.3009663800285
ct_w4_i1,4,calibration,width2,19,exact_regularized_full,43,4.143347809599375,0.9096269907792759,0.8396769864469253,0.5806023994658968,2.5049015496007168,4.969886596971289,43,545.3009663800285
ct_w4_i1,4,calibration,width2,19,exact_diagonal,43,4.143347809599375,0.3229766658083665,0.2995040162414612,0.9812920391077304,2.8939592256975564,4.969886596971289,43,545.3009663800285
ct_w4_i1,4,calibration,width2,19,exact_two_block,43,4.143347809599375,0.372881642900881,0.27490603199668634,0.928003823437856,1.9288485003389557,4.969886596971289,43,545.3009663800285
ct_w4_i1,4,calibration,width2,19,exact_star,43,4.143347809599375,0.6114038774277116,0.5665343141123341,0.7988805558703644,2.4936208609942714,4.969886596971289,43,545.3009663800285
ct_w4_i1,4,calibration,width2,19,projected_target,43,4.143347809599375,0.9648732023489103,1.0,0.3300145064036647,5.787918451395113,4.969886596971289,43,545.3009663800285
ct_w4_i1,4,calibration,width2,42,exact_natural,43,4.09533205091714,1.0,0.9738166002399462,0.0,5.080315226033806,5.080315226033806,43,349.7661569799824
ct_w4_i1,4,calibration,width2,42,exact_regularized_full,43,4.09533205091714,0.889196734866843,0.8388423463100009,0.612373846881294,2.449564367020666,5.080315226033806,43,349.7661569799824
ct_w4_i1,4,calibration,width2,42,exact_diagonal,43,4.09533205091714,0.38273891493707707,0.3508656485391505,0.9279912218620321,2.3889774463482003,5.080315226033806,43,349.7661569799824
ct_w4_i1,4,calibration,width2,42,exact_two_block,43,4.09533205091714,0.3931072900282253,0.3075652500573793,0.9196329391823034,1.9154936746479752,5.080315226033806,43,349.7661569799824
ct_w4_i1,4,calibration,width2,42,exact_star,43,4.09533205091714,0.6023417017674713,0.5740350239566329,0.8184686374553822,2.1413147316112258,5.080315226033806,43,349.7661569799824
ct_w4_i1,4,calibration,width2,42,projected_target,43,4.09533205091714,0.9738166002399462,1.0,0.28117693355781725,5.787918451395113,5.080315226033806,43,349.7661569799824
ct_w4_i1,4,calibration,width2,50,exact_natural,43,4.12969630933311,1.0,0.9874007696941904,0.0,4.978720977815838,4.978720977815838,43,676.0505964829018
ct_w4_i1,4,calibration,width2,50,exact_regularized_full,43,4.12969630933311,0.8466473722219395,0.827878019737248,0.6370831737308663,2.471340993612215,4.978720977815838,43,676.0505964829018
ct_w4_i1,4,calibration,width2,50,exact_diagonal,43,4.12969630933311,0.33128476494036047,0.34457343654686445,0.9506972263354656,2.229450137118365,4.978720977815838,43,676.0505964829018
ct_w4_i1,4,calibration,width2,50,exact_two_block,43,4.12969630933311,0.49380142504438984,0.4942937290058007,0.8861983799709022,1.6079186415116618,4.978720977815838,43,676.0505964829018
ct_w4_i1,4,calibration,width2,50,exact_star,43,4.12969630933311,0.6612095318416887,0.6437807401069303,0.8018388397041097,1.8825197976378847,4.978720977815838,43,676.0505964829018
ct_w4_i1,4,calibration,width2,50,projected_target,43,4.12969630933311,0.9874007696941904,1.0,0.23603047710024563,5.787918451395113,4.978720977815838,43,676.0505964829018
ct_w4_i1,4,calibration,width2,101,exact_natural,43,3.4900041449951242,1.0,0.9866927592943727,0.0,5.32471837425539,5.32471837425539,43,941.612513729467
ct_w4_i1,4,calibration,width2,101,exact_regularized_full,43,3.4900041449951242,0.8666843231061047,0.8550282081573336,0.6459011615344012,2.430222227186448,5.32471837425539,43,941.612513729467
ct_w4_i1,4,calibration,width2,101,exact_diagonal,43,3.4900041449951242,0.408682711295182,0.4277428325037146,0.921799038212338,2.864946816030935,5.32471837425539,43,941.612513729467
ct_w4_i1,4,calibration,width2,101,exact_two_block,43,3.4900041449951242,0.4589943735951327,0.456200188575183,0.8955608614539429,1.8438302148591397,5.32471837425539,43,941.612513729467
ct_w4_i1,4,calibration,width2,101,exact_star,43,3.4900041449951242,0.6006058240249015,0.5893857657820133,0.8222153144858431,2.1770793752692597,5.32471837425539,43,941.612513729467
ct_w4_i1,4,calibration,width2,101,projected_target,43,3.4900041449951242,0.9866927592943727,1.0,0.19104198937027478,5.787918451395113,5.32471837425539,43,941.612513729467
ct_w4_i1,4,calibration,width3,0,exact_natural,48,3.387049156192564,1.0000000000000002,0.9967415338043605,0.0,5.934227388930598,5.934227388930598,48,387.034541618373
ct_w4_i1,4,calibration,width3,0,exact_regularized_full,48,3.387049156192564,0.9048769874034035,0.9066987734179487,0.6111255422264292,2.7676240329166677,5.934227388930598,48,387.034541618373
ct_w4_i1,4,calibration,width3,0,exact_diagonal,48,3.387049156192564,0.40927381147400066,0.4090069191989727,0.9204565811233932,1.7081275609828894,5.934227388930598,48,387.034541618373
ct_w4_i1,4,calibration,width3,0,exact_two_block,48,3.387049156192564,0.5875630226816262,0.5855719356592268,0.8636430592412901,1.695523231946022,5.934227388930598,48,387.034541618373
ct_w4_i1,4,calibration,width3,0,exact_star,48,3.387049156192564,0.6126881278858541,0.6119427442284647,0.8409875122892687,1.9298384667325845,5.934227388930598,48,387.034541618373
ct_w4_i1,4,calibration,width3,0,projected_target,48,3.387049156192564,0.9967415338043605,1.0000000000000002,0.08073195414440927,5.894913061275798,5.934227388930598,48,387.034541618373
ct_w4_i1,4,calibration,width3,19,exact_natural,48,3.8464563693029934,1.0,0.9969069026052837,0.0,5.836842631324573,5.836842631324573,48,298.3545230626973
ct_w4_i1,4,calibration,width3,19,exact_regularized_full,48,3.8464563693029934,0.953545101014543,0.9470306903741456,0.5403400307375634,2.947456530637899,5.836842631324573,48,298.3545230626973
ct_w4_i1,4,calibration,width3,19,exact_diagonal,48,3.8464563693029934,0.4120380135004377,0.39754176785199663,0.9272156234995462,1.4024201062749648,5.836842631324573,48,298.3545230626973
ct_w4_i1,4,calibration,width3,19,exact_two_block,48,3.8464563693029934,0.663353517064308,0.6432890133840496,0.8317100136775333,1.7530323163245183,5.836842631324573,48,298.3545230626973
ct_w4_i1,4,calibration,width3,19,exact_star,48,3.8464563693029934,0.6433016593241334,0.6325365883636892,0.8323883386743963,1.8481820357075267,5.836842631324573,48,298.3545230626973
ct_w4_i1,4,calibration,width3,19,projected_target,48,3.8464563693029934,0.9969069026052837,1.0000000000000002,0.07966631925742394,5.894913061275798,5.836842631324573,48,298.3545230626973
ct_w4_i1,4,calibration,width3,42,exact_natural,48,4.042665359496479,1.0,0.9972422580360107,0.0,5.826165302192557,5.826165302192557,48,201.21283271351538
ct_w4_i1,4,calibration,width3,42,exact_regularized_full,48,4.042665359496479,0.9481101048810083,0.9424720204954031,0.5446439948586986,2.947456530637899,5.826165302192557,48,201.21283271351538
ct_w4_i1,4,calibration,width3,42,exact_diagonal,48,4.042665359496479,0.36745238606574404,0.35889532060317364,0.9328868473051565,1.7167220834723615,5.826165302192557,48,201.21283271351538
ct_w4_i1,4,calibration,width3,42,exact_two_block,48,4.042665359496479,0.5788695165714641,0.5592935257489127,0.8641447110743623,1.7058988524370615,5.826165302192557,48,201.21283271351538
ct_w4_i1,4,calibration,width3,42,exact_star,48,4.042665359496479,0.6667599778089431,0.6648718626029494,0.8141498845687619,1.9752273633938275,5.826165302192557,48,201.21283271351538
ct_w4_i1,4,calibration,width3,42,projected_target,48,4.042665359496479,0.9972422580360107,1.0000000000000002,0.07562937050878955,5.894913061275798,5.826165302192557,48,201.21283271351538
ct_w4_i1,4,calibration,width3,50,exact_natural,48,4.124190983056993,1.0,0.9963264375702472,0.0,5.790983893047783,5.790983893047783,48,490.8924865008739
ct_w4_i1,4,calibration,width3,50,exact_regularized_full,48,4.124190983056993,0.8822222570366005,0.8764975821738323,0.6134834332511051,2.831391392509328,5.790983893047783,48,490.8924865008739
ct_w4_i1,4,calibration,width3,50,exact_diagonal,48,4.124190983056993,0.37003736491489997,0.35058173937863907,0.9360593971340382,1.4791910586657504,5.790983893047783,48,490.8924865008739
ct_w4_i1,4,calibration,width3,50,exact_two_block,48,4.124190983056993,0.6412146188135828,0.6262546101271161,0.8498935614105625,1.5975701184453757,5.790983893047783,48,490.8924865008739
ct_w4_i1,4,calibration,width3,50,exact_star,48,4.124190983056993,0.6760886066603192,0.6576096578212618,0.827468685354919,1.734543839747593,5.790983893047783,48,490.8924865008739
ct_w4_i1,4,calibration,width3,50,projected_target,48,4.124190983056993,0.9963264375702472,1.0000000000000002,0.08832364589494962,5.894913061275798,5.790983893047783,48,490.8924865008739
ct_w4_i1,4,calibration,width3,101,exact_natural,48,3.5526103726725253,1.0000000000000002,0.9965025003832058,0.0,5.805866788354888,5.805866788354888,48,1218.600375029436
ct_w4_i1,4,calibration,width3,101,exact_regularized_full,48,3.5526103726725253,0.8296732295132063,0.8274048188419679,0.6734929825800309,2.6295356337729703,5.805866788354888,48,1218.600375029436
ct_w4_i1,4,calibration,width3,101,exact_diagonal,48,3.5526103726725253,0.47566028386392195,0.47149346510282136,0.8920316707772548,1.9009955695189447,5.805866788354888,48,1218.600375029436
ct_w4_i1,4,calibration,width3,101,exact_two_block,48,3.5526103726725253,0.5593438207425487,0.5471003588013514,0.852351844220964,2.0954949397230633,5.805866788354888,48,1218.600375029436
ct_w4_i1,4,calibration,width3,101,exact_star,48,3.5526103726725253,0.5913952821442687,0.5856468968865682,0.8385511172286261,2.0980064462530597,5.805866788354888,48,1218.600375029436
ct_w4_i1,4,calibration,width3,101,projected_target,48,3.5526103726725253,0.9965025003832058,1.0000000000000002,0.08565930245261778,5.894913061275798,5.805866788354888,48,1218.600375029436
ct_w4_i2,4,evaluation,chain,0,exact_natural,31,8.038835655359197,1.0,-0.6182355370160306,0.0,2.1178443866063157,2.1178443866063157,31,1955.4073745395617
ct_w4_i2,4,evaluation,chain,0,exact_regularized_full,31,8.038835655359197,0.970207741429561,-0.6976182944661455,0.24486575753943823,1.9795043969122401,2.1178443866063157,31,1955.4073745395617
ct_w4_i2,4,evaluation,chain,0,exact_diagonal,31,8.038835655359197,0.8464748715754792,-0.605786991408439,0.6575978802140033,2.6100766272276377,2.1178443866063157,31,1955.4073745395617
ct_w4_i2,4,evaluation,chain,0,exact_two_block,31,8.038835655359197,0.8568984343718129,-0.6941897953410658,0.6377636940919122,2.6100766272276372,2.1178443866063157,31,1955.4073745395617
ct_w4_i2,4,evaluation,chain,0,exact_star,31,8.038835655359197,0.7386455347036969,-0.29715008041332647,0.7086995785597962,2.0276184189834354,2.1178443866063157,31,1955.4073745395617
ct_w4_i2,4,evaluation,chain,0,projected_target,31,8.038835655359197,-0.6182355370160306,0.9999999999999999,3.181690772753104,5.220153254455275,2.1178443866063157,31,1955.4073745395617
ct_w4_i2,4,evaluation,chain,19,exact_natural,31,8.489140226603062,1.0,-0.6025171200256163,0.0,2.269839644598566,2.269839644598566,31,793.9892090075448
ct_w4_i2,4,evaluation,chain,19,exact_regularized_full,31,8.489140226603062,0.9842187626868059,-0.6865482395760835,0.17904002030430968,2.1721931637946787,2.269839644598566,31,793.9892090075448
ct_w4_i2,4,evaluation,chain,19,exact_diagonal,31,8.489140226603062,0.8257966644112987,-0.6547325684825,0.6504609288907867,2.6100766272276372,2.269839644598566,31,793.9892090075448
ct_w4_i2,4,evaluation,chain,19,exact_two_block,31,8.489140226603062,0.8414546862920792,-0.7445707613631771,0.6221649834059333,2.6100766272276377,2.269839644598566,31,793.9892090075448
ct_w4_i2,4,evaluation,chain,19,exact_star,31,8.489140226603062,0.8181052636994219,-0.2938253577025314,0.6367742392952137,2.477666832804022,2.269839644598566,31,793.9892090075448
ct_w4_i2,4,evaluation,chain,19,projected_target,31,8.489140226603062,-0.6025171200256163,0.9999999999999999,3.0100426097088087,5.220153254455275,2.269839644598566,31,793.9892090075448
ct_w4_i2,4,evaluation,chain,42,exact_natural,31,8.52037478654827,0.9999999999999999,-0.6830790194758253,0.0,2.4391324295486085,2.4391324295486085,31,554.679123652937
ct_w4_i2,4,evaluation,chain,42,exact_regularized_full,31,8.52037478654827,0.9848584855399496,-0.7040193234539603,0.17637183189003874,2.32304076036229,2.4391324295486085,31,554.679123652937
ct_w4_i2,4,evaluation,chain,42,exact_diagonal,31,8.52037478654827,0.8698258423251507,-0.6556322701624719,0.5324531344510394,2.6100766272276377,2.4391324295486085,31,554.679123652937
ct_w4_i2,4,evaluation,chain,42,exact_two_block,31,8.52037478654827,0.8942360117468575,-0.7250608691840209,0.4808996528439839,2.6100766272276377,2.4391324295486085,31,554.679123652937
ct_w4_i2,4,evaluation,chain,42,exact_star,31,8.52037478654827,0.7550460626015795,-0.26495581163389503,0.7009205641137889,2.445972733013037,2.4391324295486085,31,554.679123652937
ct_w4_i2,4,evaluation,chain,42,projected_target,31,8.52037478654827,-0.6830790194758253,0.9999999999999999,2.9161836316632295,5.220153254455275,2.4391324295486085,31,554.679123652937
ct_w4_i2,4,evaluation,chain,50,exact_natural,31,7.647318837025155,1.0,-0.5316370189307715,0.0,2.0359677520448485,2.0359677520448485,31,1789.5800571610575
ct_w4_i2,4,evaluation,chain,50,exact_regularized_full,31,7.647318837025155,0.9674783116991346,-0.600271004157096,0.25672085545075285,1.8805457655845395,2.0359677520448485,31,1789.5800571610575
ct_w4_i2,4,evaluation,chain,50,exact_diagonal,31,7.647318837025155,0.8471764587436619,-0.5397067453834281,0.6865486319561311,2.6100766272276377,2.0359677520448485,31,1789.5800571610575
ct_w4_i2,4,evaluation,chain,50,exact_two_block,31,7.647318837025155,0.8586775225050062,-0.6403773107173221,0.6647260195252176,2.6100766272276377,2.0359677520448485,31,1789.5800571610575
ct_w4_i2,4,evaluation,chain,50,exact_star,31,7.647318837025155,0.7635824682169153,-0.10188573939257592,0.7006732808820076,2.1084769995511863,2.0359677520448485,31,1789.5800571610575
ct_w4_i2,4,evaluation,chain,50,projected_target,31,7.647318837025155,-0.5316370189307715,0.9999999999999999,3.2093805729098746,5.220153254455275,2.0359677520448485,31,1789.5800571610575
ct_w4_i2,4,evaluation,chain,101,exact_natural,31,8.396297783961687,0.9999999999999999,-0.7053415906215953,0.0,2.343024979011004,2.343024979011004,31,1930.6285781133097
ct_w4_i2,4,evaluation,chain,101,exact_regularized_full,31,8.396297783961687,0.9731661857050832,-0.7271280863332062,0.2358932248994303,2.1584497629832087,2.343024979011004,31,1930.6285781133097
ct_w4_i2,4,evaluation,chain,101,exact_diagonal,31,8.396297783961687,0.856215661401162,-0.6254573241112397,0.5773524059922361,2.610076627227638,2.343024979011004,31,1930.6285781133097
ct_w4_i2,4,evaluation,chain,101,exact_two_block,31,8.396297783961687,0.8843458403000648,-0.7127751995620281,0.5202528611491797,2.610076627227638,2.343024979011004,31,1930.6285781133097
ct_w4_i2,4,evaluation,chain,101,exact_star,31,8.396297783961687,0.6659276275502035,-0.2186360239158636,0.8413150565887136,2.4715700741971123,2.343024979011004,31,1930.6285781133097
ct_w4_i2,4,evaluation,chain,101,projected_target,31,8.396297783961687,-0.7053415906215953,0.9999999999999999,3.0177342027982683,5.220153254455275,2.343024979011004,31,1930.6285781133097
ct_w4_i2,4,evaluation,problem_tree,0,exact_natural,31,3.6280589203791465,1.0,0.7787989255742201,0.0,2.561500238018634,2.561500238018634,31,843.4668102318842
ct_w4_i2,4,evaluation,problem_tree,0,exact_regularized_full,31,3.6280589203791465,0.8234173714518187,0.546210773835225,0.5768191951282476,1.8437679725519374,2.561500238018634,31,843.4668102318842
ct_w4_i2,4,evaluation,problem_tree,0,exact_diagonal,31,3.6280589203791465,0.5589176202630125,0.40550268898922714,0.9853555777819533,2.795084971874737,2.561500238018634,31,843.4668102318842
ct_w4_i2,4,evaluation,problem_tree,0,exact_two_block,31,3.6280589203791465,0.35083290762059377,0.0027765281988134153,1.1598598922738177,2.6516657606179037,2.561500238018634,31,843.4668102318842
ct_w4_i2,4,evaluation,problem_tree,0,exact_star,31,3.6280589203791465,0.7216298958763049,0.512672053120503,0.7847454393603642,2.7950849718747373,2.561500238018634,31,843.4668102318842
ct_w4_i2,4,evaluation,problem_tree,0,projected_target,31,3.6280589203791465,0.7787989255742201,0.9999999999999999,1.537372893360226,5.5901699437494745,2.561500238018634,31,843.4668102318842
ct_w4_i2,4,evaluation,problem_tree,19,exact_natural,31,4.175069409792757,1.0000000000000002,0.8309914272366267,0.0,2.742522461992834,2.742522461992834,31,290.5093043539697
ct_w4_i2,4,evaluation,problem_tree,19,exact_regularized_full,31,4.175069409792757,0.8813409129272298,0.6436412287650795,0.5333132682582422,1.7387186616496941,2.742522461992834,31,290.5093043539697
ct_w4_i2,4,evaluation,problem_tree,19,exact_diagonal,31,4.175069409792757,0.5072413249316187,0.407488451743532,1.002383588751668,2.795084971874737,2.742522461992834,31,290.5093043539697
ct_w4_i2,4,evaluation,problem_tree,19,exact_two_block,31,4.175069409792757,0.23810747756883166,-0.03592324692427505,1.1538143972915078,2.3612848493893046,2.742522461992834,31,290.5093043539697
ct_w4_i2,4,evaluation,problem_tree,19,exact_star,31,4.175069409792757,0.6904686313006194,0.568456322336026,0.7945406644279425,2.7950849718747373,2.742522461992834,31,290.5093043539697
ct_w4_i2,4,evaluation,problem_tree,19,projected_target,31,4.175069409792757,0.8309914272366267,0.9999999999999999,1.3293319061766309,5.5901699437494745,2.742522461992834,31,290.5093043539697
ct_w4_i2,4,evaluation,problem_tree,42,exact_natural,31,4.594858579039604,1.0,0.6985864355877294,0.0,2.343522860877062,2.343522860877062,31,1365.257055289006
ct_w4_i2,4,evaluation,problem_tree,42,exact_regularized_full,31,4.594858579039604,0.9282794602291399,0.5434419290206003,0.39928664314273254,1.8347650671975446,2.343522860877062,31,1365.257055289006
ct_w4_i2,4,evaluation,problem_tree,42,exact_diagonal,31,4.594858579039604,0.533753162086774,0.29662340217951216,1.0720536174665418,2.7950849718747377,2.343522860877062,31,1365.257055289006
ct_w4_i2,4,evaluation,problem_tree,42,exact_two_block,31,4.594858579039604,0.49225515456614527,0.0944680026127835,1.046503433374728,2.515043844026339,2.343522860877062,31,1365.257055289006
ct_w4_i2,4,evaluation,problem_tree,42,exact_star,31,4.594858579039604,0.8267802758328479,0.4807355785281106,0.5876691390260292,2.336119614044245,2.343522860877062,31,1365.257055289006
ct_w4_i2,4,evaluation,problem_tree,42,projected_target,31,4.594858579039604,0.6985864355877294,0.9999999999999999,1.8322709847131111,5.5901699437494745,2.343522860877062,31,1365.257055289006
ct_w4_i2,4,evaluation,problem_tree,50,exact_natural,31,4.95756839397772,1.0,0.7383703199395699,0.0,2.9820171064342023,2.9820171064342023,31,898.0586925442989
ct_w4_i2,4,evaluation,problem_tree,50,exact_regularized_full,31,4.95756839397772,0.6991555357733585,0.34947716289713926,0.7329017335290123,1.6043963794067002,2.9820171064342023,31,898.0586925442989
ct_w4_i2,4,evaluation,problem_tree,50,exact_diagonal,31,4.95756839397772,0.4101295600580476,0.2681925984414492,1.0534309085375282,2.7950849718747377,2.9820171064342023,31,898.0586925442989
ct_w4_i2,4,evaluation,problem_tree,50,exact_two_block,31,4.95756839397772,0.002939076140671122,-0.2830315272442047,1.3209625962886373,2.582559248360195,2.9820171064342023,31,898.0586925442989
ct_w4_i2,4,evaluation,problem_tree,50,exact_star,31,4.95756839397772,0.6559027081842418,0.5798119931496274,0.8055952373207161,2.7950849718747373,2.9820171064342023,31,898.0586925442989
ct_w4_i2,4,evaluation,problem_tree,50,projected_target,31,4.95756839397772,0.7383703199395699,0.9999999999999999,1.3213207925175998,5.5901699437494745,2.9820171064342023,31,898.0586925442989
ct_w4_i2,4,evaluation,problem_tree,101,exact_natural,31,4.361682042101545,0.9999999999999999,0.8036822129695365,0.0,2.4332544998868877,2.4332544998868877,31,1016.6814615108325
ct_w4_i2,4,evaluation,problem_tree,101,exact_regularized_full,31,4.361682042101545,0.8652803830854175,0.5378374836316062,0.5273437416014909,1.7070948396900998,2.4332544998868877,31,1016.6814615108325
ct_w4_i2,4,evaluation,problem_tree,101,exact_diagonal,31,4.361682042101545,0.5695518862131305,0.3851849796798549,1.0054977961340055,2.7950849718747373,2.4332544998868877,31,1016.6814615108325
ct_w4_i2,4,evaluation,problem_tree,101,exact_two_block,31,4.361682042101545,0.40742051371268584,-0.01534601301990384,1.0578234222353948,2.2903189099916266,2.4332544998868877,31,1016.6814615108325
ct_w4_i2,4,evaluation,problem_tree,101,exact_star,31,4.361682042101545,0.7128995053602244,0.5886242318873286,0.8256502567607464,2.7950849718747373,2.4332544998868877,31,1016.6814615108325
ct_w4_i2,4,evaluation,problem_tree,101,projected_target,31,4.361682042101545,0.8036822129695365,0.9999999999999999,1.6078872166756002,5.5901699437494745,2.4332544998868877,31,1016.6814615108325
ct_w4_i2,4,evaluation,width2,0,exact_natural,44,3.4897937368981182,0.9999999999999999,0.9822818605480345,0.0,5.10586593648054,5.10586593648054,44,750.5153448459425
ct_w4_i2,4,evaluation,width2,0,exact_regularized_full,44,3.4897937368981182,0.8969399879628851,0.8692545836970165,0.6084402140823776,2.445544848135075,5.10586593648054,44,750.5153448459425
ct_w4_i2,4,evaluation,width2,0,exact_diagonal,44,3.4897937368981182,0.3609538612561235,0.35512471138499113,0.9568744756292201,2.9368350311176825,5.10586593648054,44,750.5153448459425
ct_w4_i2,4,evaluation,width2,0,exact_two_block,44,3.4897937368981182,0.4995817441937097,0.44679079917960246,0.8777570143040567,1.8280099156351255,5.10586593648054,44,750.5153448459425
ct_w4_i2,4,evaluation,width2,0,exact_star,44,3.4897937368981182,0.5614264658516042,0.5439609654638647,0.828679767140537,2.6434335710106156,5.10586593648054,44,750.5153448459425
ct_w4_i2,4,evaluation,width2,0,projected_target,44,3.4897937368981182,0.9822818605480345,1.0,0.25175042765335165,5.873670062235365,5.10586593648054,44,750.5153448459425
ct_w4_i2,4,evaluation,width2,19,exact_natural,44,3.856292887013904,1.0,0.9853317925349795,0.0,5.070758765857869,5.070758765857869,44,351.75732717847836
ct_w4_i2,4,evaluation,width2,19,exact_regularized_full,44,3.856292887013904,0.9010090631262049,0.8665894513759356,0.5989696516516327,2.4744965808508312,5.070758765857869,44,351.75732717847836
ct_w4_i2,4,evaluation,width2,19,exact_diagonal,44,3.856292887013904,0.32621328929012755,0.32078743380155267,0.9707927244091918,2.7749313990513875,5.070758765857869,44,351.75732717847836
ct_w4_i2,4,evaluation,width2,19,exact_two_block,44,3.856292887013904,0.24449869088599868,0.19243975061627144,0.9765523226359537,1.8275219174618575,5.070758765857869,44,351.75732717847836
ct_w4_i2,4,evaluation,width2,19,exact_star,44,3.856292887013904,0.6340006676543158,0.6282273600472928,0.7791677059152262,2.73223153826269,5.070758765857869,44,351.75732717847836
ct_w4_i2,4,evaluation,width2,19,projected_target,44,3.856292887013904,0.9853317925349795,1.0,0.2430094653505665,5.873670062235365,5.070758765857869,44,351.75732717847836
ct_w4_i2,4,evaluation,width2,42,exact_natural,44,4.204730307088212,0.9999999999999999,0.9817666499602815,0.0,4.868230194239897,4.868230194239897,44,298.88536657597007
ct_w4_i2,4,evaluation,width2,42,exact_regularized_full,44,4.204730307088212,0.9459254936975876,0.9091122184921292,0.5299002731468457,2.565146154361635,4.868230194239897,44,298.88536657597007
ct_w4_i2,4,evaluation,width2,42,exact_diagonal,44,4.204730307088212,0.3411477139825699,0.3141821354613641,0.9495362542349911,2.3139428388547887,4.868230194239897,44,298.88536657597007
ct_w4_i2,4,evaluation,width2,42,exact_two_block,44,4.204730307088212,0.295658137892716,0.22247111487448065,0.9570322128438672,1.7200220091747644,4.868230194239897,44,298.88536657597007
ct_w4_i2,4,evaluation,width2,42,exact_star,44,4.204730307088212,0.7853811489204645,0.7678283598260062,0.6969699177151472,2.264133299103306,4.868230194239897,44,298.88536657597007
ct_w4_i2,4,evaluation,width2,42,projected_target,44,4.204730307088212,0.9817666499602815,1.0,0.2943691633135696,5.873670062235365,4.868230194239897,44,298.88536657597007
ct_w4_i2,4,evaluation,width2,50,exact_natural,44,4.778999643499204,1.0,0.9805403303499818,0.0,5.495677444882827,5.495677444882827,44,304.17187063628137
ct_w4_i2,4,evaluation,width2,50,exact_regularized_full,44,4.778999643499204,0.9184463802461535,0.8886151979233069,0.5935770437579339,2.615205625236789,5.495677444882827,44,304.17187063628137
ct_w4_i2,4,evaluation,width2,50,exact_diagonal,44,4.778999643499204,0.27396279563960074,0.2160722969973544,0.9617531628333813,1.5329571168344394,5.495677444882827,44,304.17187063628137
ct_w4_i2,4,evaluation,width2,50,exact_two_block,44,4.778999643499204,0.3519197350486872,0.28884439229479,0.9394388210874105,1.494630581945082,5.495677444882827,44,304.17187063628137
ct_w4_i2,4,evaluation,width2,50,exact_star,44,4.778999643499204,0.7881885916763279,0.7527507218991687,0.7547610572534968,1.9304184805189408,5.495677444882827,44,304.17187063628137
ct_w4_i2,4,evaluation,width2,50,projected_target,44,4.778999643499204,0.9805403303499818,1.0,0.215236840189119,5.873670062235365,5.495677444882827,44,304.17187063628137
ct_w4_i2,4,evaluation,width2,101,exact_natural,44,4.216537582725877,0.9999999999999999,0.9834292610806954,0.0,4.924250426118576,4.924250426118576,44,1858.7842233391968
ct_w4_i2,4,evaluation,width2,101,exact_regularized_full,44,4.216537582725877,0.8774705859500737,0.8390693514308609,0.6252239536335533,2.345900585432427,4.924250426118576,44,1858.7842233391968
ct_w4_i2,4,evaluation,width2,101,exact_diagonal,44,4.216537582725877,0.3298378073622672,0.3155948278356117,0.9809504222434567,2.936835031117683,4.924250426118576,44,1858.7842233391968
ct_w4_i2,4,evaluation,width2,101,exact_two_block,44,4.216537582725877,0.19230027292106092,0.12241814901061028,0.9959812617983249,1.7848978671752318,4.924250426118576,44,1858.7842233391968
ct_w4_i2,4,evaluation,width2,101,exact_star,44,4.216537582725877,0.6928274485759596,0.6887655685675926,0.7343616221737694,2.7276126786292147,4.924250426118576,44,1858.7842233391968
ct_w4_i2,4,evaluation,width2,101,projected_target,44,4.216537582725877,0.9834292610806954,1.0,0.27695676334133307,5.873670062235365,4.924250426118576,44,1858.7842233391968
ct_w4_i2,4,evaluation,width3,0,exact_natural,48,3.7642282891026824,1.0,0.9936844797746102,0.0,5.734820152593648,5.734820152593648,48,329.9644054377813
ct_w4_i2,4,evaluation,width3,0,exact_regularized_full,48,3.7642282891026824,0.9227798665343391,0.9115568929324828,0.5883755460788583,2.742022051529282,5.734820152593648,48,329.9644054377813
ct_w4_i2,4,evaluation,width3,0,exact_diagonal,48,3.7642282891026824,0.3133085900789196,0.28922335156118156,0.9508825381873527,2.074174539477354,5.734820152593648,48,329.9644054377813
ct_w4_i2,4,evaluation,width3,0,exact_two_block,48,3.7642282891026824,0.611141702102799,0.5816720345923344,0.8540464017912434,1.6652648564844947,5.734820152593648,48,329.9644054377813
ct_w4_i2,4,evaluation,width3,0,exact_star,48,3.7642282891026824,0.6664240199878322,0.6374541432377331,0.8264801902421628,1.7765685879062982,5.734820152593648,48,329.9644054377813
ct_w4_i2,4,evaluation,width3,0,projected_target,48,3.7642282891026824,0.9936844797746102,1.0,0.12099612688506298,5.958187643906492,5.734820152593648,48,329.9644054377813
ct_w4_i2,4,evaluation,width3,19,exact_natural,48,4.333049768049104,1.0,0.9937631080159831,0.0,5.761894540358095,5.761894540358095,48,319.8384728868427
ct_w4_i2,4,evaluation,width3,19,exact_regularized_full,48,4.333049768049104,0.9210956141334734,0.917776655650828,0.583690229233001,2.801584042579059,5.761894540358095,48,319.8384728868427
ct_w4_i2,4,evaluation,width3,19,exact_diagonal,48,4.333049768049104,0.27368176200251476,0.2522275968017356,0.9618231814571709,1.5904864105345002,5.761894540358095,48,319.8384728868427
ct_w4_i2,4,evaluation,width3,19,exact_two_block,48,4.333049768049104,0.48871423194763913,0.47416169605060227,0.9009313248962975,1.5208534389463866,5.761894540358095,48,319.8384728868427
ct_w4_i2,4,evaluation,width3,19,exact_star,48,4.333049768049104,0.6638626912711864,0.6465689088146302,0.81166190581215,2.007517003633396,5.761894540358095,48,319.8384728868427
ct_w4_i2,4,evaluation,width3,19,projected_target,48,4.333049768049104,0.9937631080159831,1.0,0.11857202798356264,5.958187643906492,5.761894540358095,48,319.8384728868427
ct_w4_i2,4,evaluation,width3,42,exact_natural,48,4.126925269334086,1.0,0.9958448713248849,0.0,5.752264954911276,5.752264954911276,48,295.08995713558596
ct_w4_i2,4,evaluation,width3,42,exact_regularized_full,48,4.126925269334086,0.958755950864643,0.9566121030999005,0.5270724753178337,2.961774726801546,5.752264954911276,48,295.08995713558596
ct_w4_i2,4,evaluation,width3,42,exact_diagonal,48,4.126925269334086,0.3439167870200233,0.33423196222118695,0.939085265088938,1.9055641199502231,5.752264954911276,48,295.08995713558596
ct_w4_i2,4,evaluation,width3,42,exact_two_block,48,4.126925269334086,0.39940443769450706,0.3850847232131499,0.9259691478670699,1.5487401078774825,5.752264954911276,48,295.08995713558596
ct_w4_i2,4,evaluation,width3,42,exact_star,48,4.126925269334086,0.8116819097484258,0.8020791608689245,0.7265464640636036,2.18354306708717,5.752264954911276,48,295.08995713558596
ct_w4_i2,4,evaluation,width3,42,projected_target,48,4.126925269334086,0.9958448713248849,1.0,0.09944489892972543,5.958187643906492,5.752264954911276,48,295.08995713558596
ct_w4_i2,4,evaluation,width3,50,exact_natural,48,3.8106502868761023,1.0,0.9927749107848642,0.0,5.725953624502159,5.725953624502159,48,543.6378243997592
ct_w4_i2,4,evaluation,width3,50,exact_regularized_full,48,3.8106502868761023,0.9168204295330594,0.89781132518096,0.5941546636176765,2.7303852911981203,5.725953624502159,48,543.6378243997592
ct_w4_i2,4,evaluation,width3,50,exact_diagonal,48,3.8106502868761023,0.2866872065874502,0.2918086858375816,0.9805117338260071,2.8370733431357156,5.725953624502159,48,543.6378243997592
ct_w4_i2,4,evaluation,width3,50,exact_two_block,48,3.8106502868761023,0.5416004442678725,0.5043561386184227,0.8791851286977198,1.6268429043280748,5.725953624502159,48,543.6378243997592
ct_w4_i2,4,evaluation,width3,50,exact_star,48,3.8106502868761023,0.5552237710548399,0.5510949830185626,0.8533753872947951,2.0848992339737435,5.725953624502159,48,543.6378243997592
ct_w4_i2,4,evaluation,width3,50,projected_target,48,3.8106502868761023,0.9927749107848642,1.0,0.1291557716657853,5.958187643906492,5.725953624502159,48,543.6378243997592
ct_w4_i2,4,evaluation,width3,101,exact_natural,48,4.508100670348732,1.0,0.9956121323992683,0.0,5.730277355991849,5.730277355991849,48,616.1968217451954
ct_w4_i2,4,evaluation,width3,101,exact_regularized_full,48,4.508100670348732,0.8860050049527056,0.8811465886105447,0.6264930966172315,2.6628560673373625,5.730277355991849,48,616.1968217451954
ct_w4_i2,4,evaluation,width3,101,exact_diagonal,48,4.508100670348732,0.2605721666668571,0.24681069395196004,0.9725286491825723,2.1641030750149075,5.730277355991849,48,616.1968217451954
ct_w4_i2,4,evaluation,width3,101,exact_two_block,48,4.508100670348732,0.29574393931225645,0.27772975232659525,0.9553362060042166,1.7604668368503698,5.730277355991849,48,616.1968217451954
ct_w4_i2,4,evaluation,width3,101,exact_star,48,4.508100670348732,0.7972569586511067,0.7923708211910976,0.7056549018684849,2.474265477902905,5.730277355991849,48,616.1968217451954
ct_w4_i2,4,evaluation,width3,101,projected_target,48,4.508100670348732,0.9956121323992683,1.0,0.10347300871419239,5.958187643906492,5.730277355991849,48,616.1968217451954
ct_w4_i3,4,evaluation,chain,0,exact_natural,31,7.105497745175219,1.0,-0.48602776132786996,0.0,1.8096920057409955,1.8096920057409955,31,339.8634768691776
ct_w4_i3,4,evaluation,chain,0,exact_regularized_full,31,7.105497745175219,0.9823202475992202,-0.46253679550038124,0.19236604657849735,1.6976243172963177,1.8096920057409955,31,339.8634768691776
ct_w4_i3,4,evaluation,chain,0,exact_diagonal,31,7.105497745175219,0.8311387257388063,-0.45394745139419557,0.7247246702294381,2.3452078799117144,1.8096920057409955,31,339.8634768691776
ct_w4_i3,4,evaluation,chain,0,exact_two_block,31,7.105497745175219,0.8524660504713123,-0.6090547352930681,0.6855282833014676,2.345207879911715,1.8096920057409955,31,339.8634768691776
ct_w4_i3,4,evaluation,chain,0,exact_star,31,7.105497745175219,0.6066759625395759,0.19145809710213776,1.0134133531479323,2.235360188262131,1.8096920057409955,31,339.8634768691776
ct_w4_i3,4,evaluation,chain,0,projected_target,31,7.105497745175219,-0.48602776132786996,1.0,3.199529855152059,4.69041575982343,1.8096920057409955,31,339.8634768691776
ct_w4_i3,4,evaluation,chain,19,exact_natural,31,6.9736674410719495,1.0,-0.4771488744665769,0.0,1.8048880480569944,1.8048880480569944,31,195.48774004929876
ct_w4_i3,4,evaluation,chain,19,exact_regularized_full,31,6.9736674410719495,0.9727742744485569,-0.5261079168992622,0.23226045650648905,1.7280974062593055,1.8048880480569944,31,195.48774004929876
ct_w4_i3,4,evaluation,chain,19,exact_diagonal,31,6.9736674410719495,0.8351245771775375,-0.4996481748563875,0.7197818173208159,2.3452078799117153,1.8048880480569944,31,195.48774004929876
ct_w4_i3,4,evaluation,chain,19,exact_two_block,31,6.9736674410719495,0.8608848364306297,-0.6122224552169527,0.6716709906494278,2.3452078799117144,1.8048880480569944,31,195.48774004929876
ct_w4_i3,4,evaluation,chain,19,exact_star,31,6.9736674410719495,0.7727341196517381,-0.05422490425171248,0.7264253905583233,2.0323424779908956,1.8048880480569944,31,195.48774004929876
ct_w4_i3,4,evaluation,chain,19,projected_target,31,6.9736674410719495,-0.4771488744665769,1.0,3.198961790819539,4.69041575982343,1.8048880480569944,31,195.48774004929876
ct_w4_i3,4,evaluation,chain,42,exact_natural,31,7.170033500587859,1.0,-0.5262608518947052,0.0,1.8921127652657133,1.8921127652657133,31,211.6184362197168
ct_w4_i3,4,evaluation,chain,42,exact_regularized_full,31,7.170033500587859,0.9917404419192106,-0.5544072856932724,0.13185376340680172,1.818643043401495,1.8921127652657133,31,211.6184362197168
ct_w4_i3,4,evaluation,chain,42,exact_diagonal,31,7.170033500587859,0.8490197957198102,-0.5362209214967154,0.6569725875227572,2.3452078799117144,1.8921127652657133,31,211.6184362197168
ct_w4_i3,4,evaluation,chain,42,exact_two_block,31,7.170033500587859,0.8347206382599082,-0.6717423680629712,0.6834175854966187,2.345207879911715,1.8921127652657133,31,211.6184362197168
ct_w4_i3,4,evaluation,chain,42,exact_star,31,7.170033500587859,0.7874647080891088,-0.05582173211512088,0.7267911225621605,2.2186835906563926,1.8921127652657133,31,211.6184362197168
ct_w4_i3,4,evaluation,chain,42,projected_target,31,7.170033500587859,-0.5262608518947052,1.0,3.1231752555576584,4.69041575982343,1.8921127652657133,31,211.6184362197168
ct_w4_i3,4,evaluation,chain,50,exact_natural,31,7.24874536837371,1.0,-0.4702720819478166,0.0,2.104116424565389,2.104116424565389,31,622.6177809360703
ct_w4_i3,4,evaluation,chain,50,exact_regularized_full,31,7.24874536837371,0.9572900873809721,-0.533120466604805,0.29083163432890513,1.9481339536530018,2.104116424565389,31,622.6177809360703
ct_w4_i3,4,evaluation,chain,50,exact_diagonal,31,7.24874536837371,0.8074151045258859,-0.5252435780271135,0.6651553549335095,2.345207879911715,2.104116424565389,31,622.6177809360703
ct_w4_i3,4,evaluation,chain,50,exact_two_block,31,7.24874536837371,0.825784883151175,-0.6113211053726542,0.6336264192147523,2.3452078799117153,2.104116424565389,31,622.6177809360703
ct_w4_i3,4,evaluation,chain,50,exact_star,31,7.24874536837371,0.6986514166000523,-0.011573946530056643,0.8029706548351931,2.2370388758267845,2.104116424565389,31,622.6177809360703
ct_w4_i3,4,evaluation,chain,50,projected_target,31,7.24874536837371,-0.4702720819478166,1.0,2.840032913114997,4.69041575982343,2.104116424565389,31,622.6177809360703
ct_w4_i3,4,evaluation,chain,101,exact_natural,31,7.839202319653058,0.9999999999999998,-0.5938007760007068,0.0,2.0914020153741633,2.0914020153741633,31,721.6845592963608
ct_w4_i3,4,evaluation,chain,101,exact_regularized_full,31,7.839202319653058,0.9790462002060472,-0.5996374847744818,0.21079734767946362,1.9336604703741107,2.0914020153741633,31,721.6845592963608
ct_w4_i3,4,evaluation,chain,101,exact_diagonal,31,7.839202319653058,0.8312245896861074,-0.5595575340374863,0.6270904107893719,2.345207879911715,2.0914020153741633,31,721.6845592963608
ct_w4_i3,4,evaluation,chain,101,exact_two_block,31,7.839202319653058,0.8463130148287974,-0.6864178247282852,0.5995025995874717,2.345207879911715,2.0914020153741633,31,721.6845592963608
ct_w4_i3,4,evaluation,chain,101,exact_star,31,7.839202319653058,0.6238960949285555,-0.01573463680552863,0.9178292699139902,2.311425018058044,2.0914020153741633,31,721.6845592963608
ct_w4_i3,4,evaluation,chain,101,projected_target,31,7.839202319653058,-0.5938007760007068,1.0,2.9484257646170513,4.69041575982343,2.0914020153741633,31,721.6845592963608
ct_w4_i3,4,evaluation,problem_tree,0,exact_natural,31,4.26779044705307,0.9999999999999999,0.8030505011156388,0.0,2.6298074230450124,2.6298074230450124,31,1246.393376920431
ct_w4_i3,4,evaluation,problem_tree,0,exact_regularized_full,31,4.26779044705307,0.7903198584496296,0.4494773642804168,0.6313325654427239,1.67794709733549,2.6298074230450124,31,1246.393376920431
ct_w4_i3,4,evaluation,problem_tree,0,exact_diagonal,31,4.26779044705307,0.44963481652135434,0.1459174772316411,1.0334666595775994,2.5495097567963922,2.6298074230450124,31,1246.393376920431
ct_w4_i3,4,evaluation,problem_tree,0,exact_two_block,31,4.26779044705307,0.32554362783733276,-0.06695888461949333,1.102754685953888,2.3485102887747504,2.6298074230450124,31,1246.393376920431
ct_w4_i3,4,evaluation,problem_tree,0,exact_star,31,4.26779044705307,0.6333933821110515,0.3840448075454985,0.843657425306907,2.5495097567963927,2.6298074230450124,31,1246.393376920431
ct_w4_i3,4,evaluation,problem_tree,0,projected_target,31,4.26779044705307,0.8030505011156388,1.0000000000000002,1.2827073639372675,5.0990195135927845,2.6298074230450124,31,1246.393376920431
ct_w4_i3,4,evaluation,problem_tree,19,exact_natural,31,4.212776539271741,0.9999999999999998,0.8952964577978179,0.0,2.8943752495312576,2.8943752495312576,31,475.1898273021175
ct_w4_i3,4,evaluation,problem_tree,19,exact_regularized_full,31,4.212776539271741,0.8960093453845432,0.7422243525208055,0.5256817635608325,1.778971260894058,2.8943752495312576,31,475.1898273021175
ct_w4_i3,4,evaluation,problem_tree,19,exact_diagonal,31,4.212776539271741,0.4944973482103373,0.30712416623452854,0.9054741812555673,2.1658343945573995,2.8943752495312576,31,475.1898273021175
ct_w4_i3,4,evaluation,problem_tree,19,exact_two_block,31,4.212776539271741,0.3520198728993059,0.0745623177228469,0.9849969885770454,1.9069229634729337,2.8943752495312576,31,475.1898273021175
ct_w4_i3,4,evaluation,problem_tree,19,exact_star,31,4.212776539271741,0.6590222247208,0.530346517615508,0.7627421638671721,2.2745518259779938,2.8943752495312576,31,475.1898273021175
ct_w4_i3,4,evaluation,problem_tree,19,projected_target,31,4.212776539271741,0.8952964577978179,1.0000000000000002,0.9742168825729602,5.0990195135927845,2.8943752495312576,31,475.1898273021175
ct_w4_i3,4,evaluation,problem_tree,42,exact_natural,31,4.63968763590565,1.0,0.8975919226502881,0.0,2.7539768695449003,2.7539768695449003,31,290.4116005701623
ct_w4_i3,4,evaluation,problem_tree,42,exact_regularized_full,31,4.63968763590565,0.8519671931933149,0.6733020586637977,0.6050981753872662,1.5110121731121606,2.7539768695449003,31,290.4116005701623
ct_w4_i3,4,evaluation,problem_tree,42,exact_diagonal,31,4.63968763590565,0.3882176367793694,0.1430461413478833,0.9338190379267165,1.4843534221134205,2.7539768695449003,31,290.4116005701623
ct_w4_i3,4,evaluation,problem_tree,42,exact_two_block,31,4.63968763590565,0.24902099916803386,-0.04436351189233967,1.0124128837782989,1.4980639541887404,2.7539768695449003,31,290.4116005701623
ct_w4_i3,4,evaluation,problem_tree,42,exact_star,31,4.63968763590565,0.6785224603617779,0.5185868809152265,0.7468865820137509,1.4967738767878085,2.7539768695449003,31,290.4116005701623
ct_w4_i3,4,evaluation,problem_tree,42,projected_target,31,4.63968763590565,0.8975919226502881,1.0000000000000002,1.0508525448745907,5.0990195135927845,2.7539768695449003,31,290.4116005701623
ct_w4_i3,4,evaluation,problem_tree,50,exact_natural,31,5.013709664366246,1.0000000000000002,0.7930513555457357,0.0,2.7383034543507585,2.7383034543507585,31,692.3538626521075
ct_w4_i3,4,evaluation,problem_tree,50,exact_regularized_full,31,5.013709664366246,0.7747503033540405,0.38388543354343907,0.6418442022827141,1.819020983668627,2.7383034543507585,31,692.3538626521075
ct_w4_i3,4,evaluation,problem_tree,50,exact_diagonal,31,5.013709664366246,0.4505349983633696,0.024760569629902505,0.9725044189363877,2.2898017822042727,2.7383034543507585,31,692.3538626521075
ct_w4_i3,4,evaluation,problem_tree,50,exact_two_block,31,5.013709664366246,0.2207768369590991,-0.2320991467869428,1.1816870631924132,2.4314902967850642,2.7383034543507585,31,692.3538626521075
ct_w4_i3,4,evaluation,problem_tree,50,exact_star,31,5.013709664366246,0.8432884675762409,0.5219633113766301,0.5392283253784598,2.189737374222894,2.7383034543507585,31,692.3538626521075
ct_w4_i3,4,evaluation,problem_tree,50,projected_target,31,5.013709664366246,0.7930513555457357,1.0000000000000002,1.230428299300822,5.0990195135927845,2.7383034543507585,31,692.3538626521075
ct_w4_i3,4,evaluation,problem_tree,101,exact_natural,31,4.810847669760341,1.0,0.8274779300169014,0.0,2.8610800124505573,2.8610800124505573,31,441.6571703347767
ct_w4_i3,4,evaluation,problem_tree,101,exact_regularized_full,31,4.810847669760341,0.8364358504652117,0.5189511274052843,0.5752952161251493,1.89271102640723,2.8610800124505573,31,441.6571703347767
ct_w4_i3,4,evaluation,problem_tree,101,exact_diagonal,31,4.810847669760341,0.4624363797091639,0.05148502673463498,0.9676920909628429,2.4321757250143885,2.8610800124505573,31,441.6571703347767
ct_w4_i3,4,evaluation,problem_tree,101,exact_two_block,31,4.810847669760341,0.3066285926266554,-0.11843580046027577,1.1146599965118347,2.536932382132191,2.8610800124505573,31,441.6571703347767
ct_w4_i3,4,evaluation,problem_tree,101,exact_star,31,4.810847669760341,0.7845112559857722,0.5020821422728018,0.6292085113410212,2.5495097567963922,2.8610800124505573,31,441.6571703347767
ct_w4_i3,4,evaluation,problem_tree,101,projected_target,31,4.810847669760341,0.8274779300169014,1.0000000000000002,1.1075993492550893,5.0990195135927845,2.8610800124505573,31,441.6571703347767
ct_w4_i3,4,evaluation,width2,0,exact_natural,41,2.9671586932055014,1.0,0.9529351899238643,0.0,4.169911614845273,4.169911614845273,41,889.8832552096396
ct_w4_i3,4,evaluation,width2,0,exact_regularized_full,41,2.9671586932055014,0.9197507963770163,0.8071975740323789,0.5426313788754711,2.2728678953673116,4.169911614845273,41,889.8832552096396
ct_w4_i3,4,evaluation,width2,0,exact_diagonal,41,2.9671586932055014,0.3417685606759645,0.3275198271006785,0.986007867949168,2.6692695630078282,4.169911614845273,41,889.8832552096396
ct_w4_i3,4,evaluation,width2,0,exact_two_block,41,2.9671586932055014,0.3109807699032532,0.22186868885722663,0.9553325322864241,1.7003892308417903,4.169911614845273,41,889.8832552096396
ct_w4_i3,4,evaluation,width2,0,exact_star,41,2.9671586932055014,0.6181107479183802,0.5680962646132642,0.7879662504033035,2.350917440629338,4.169911614845273,41,889.8832552096396
ct_w4_i3,4,evaluation,width2,0,projected_target,41,2.9671586932055014,0.9529351899238643,1.0,0.446151369190589,5.338539126015656,4.169911614845273,41,889.8832552096396
ct_w4_i3,4,evaluation,width2,19,exact_natural,41,3.3619007792358655,1.0,0.9729045698604379,0.0,4.468997103691387,4.468997103691387,41,213.46423029420077
ct_w4_i3,4,evaluation,width2,19,exact_regularized_full,41,3.3619007792358655,0.9734935666440948,0.9361235083198637,0.45244973714589504,2.605910262419499,4.468997103691387,41,213.46423029420077
ct_w4_i3,4,evaluation,width2,19,exact_diagonal,41,3.3619007792358655,0.3522820537510164,0.3487514265595451,0.9604973437092531,2.539669397082902,4.468997103691387,41,213.46423029420077
ct_w4_i3,4,evaluation,width2,19,exact_two_block,41,3.3619007792358655,0.48188841587929465,0.45351592600365626,0.887957099915447,1.5108257731942543,4.468997103691387,41,213.46423029420077
ct_w4_i3,4,evaluation,width2,19,exact_star,41,3.3619007792358655,0.7074339440587719,0.6874570813932321,0.7421229228005061,2.1502106138874857,4.468997103691387,41,213.46423029420077
ct_w4_i3,4,evaluation,width2,19,projected_target,41,3.3619007792358655,0.9729045698604379,1.0,0.3203017000614987,5.338539126015656,4.468997103691387,41,213.46423029420077
ct_w4_i3,4,evaluation,width2,42,exact_natural,41,4.047584874775289,1.0000000000000002,0.9731281763963646,0.0,4.32935908403503,4.32935908403503,41,153.10275495060705
ct_w4_i3,4,evaluation,width2,42,exact_regularized_full,41,4.047584874775289,0.9593772196722464,0.9081345079472537,0.46481559678222484,2.554212519600675,4.32935908403503,41,153.10275495060705
ct_w4_i3,4,evaluation,width2,42,exact_diagonal,41,4.047584874775289,0.4211065852367737,0.35899576642837777,0.9169864752117864,1.2391401545051284,4.32935908403503,41,153.10275495060705
ct_w4_i3,4,evaluation,width2,42,exact_two_block,41,4.047584874775289,0.6393426545930003,0.5503503359726125,0.8372330408743427,1.3338984164221162,4.32935908403503,41,153.10275495060705
ct_w4_i3,4,evaluation,width2,42,exact_star,41,4.047584874775289,0.7838199608909352,0.7291141272573064,0.7336152535312402,1.7024086355382047,4.32935908403503,41,153.10275495060705
ct_w4_i3,4,evaluation,width2,42,projected_target,41,4.047584874775289,0.9731281763963646,1.0,0.3472861568477534,5.338539126015656,4.32935908403503,41,153.10275495060705
ct_w4_i3,4,evaluation,width2,50,exact_natural,41,4.267302739391681,1.0,0.9487928923245723,0.0,4.313582423015484,4.313582423015484,41,553.9488907830425
ct_w4_i3,4,evaluation,width2,50,exact_regularized_full,41,4.267302739391681,0.8691203660294929,0.743385955865852,0.5833850490354827,2.414539594091671,4.313582423015484,41,553.9488907830425
ct_w4_i3,4,evaluation,width2,50,exact_diagonal,41,4.267302739391681,0.3584839098220915,0.23530479605055862,0.9384963591652052,1.9620263946338687,4.313582423015484,41,553.9488907830425
ct_w4_i3,4,evaluation,width2,50,exact_two_block,41,4.267302739391681,0.20930628837819365,0.020073628021473888,1.0038946807512419,1.8828471128928863,4.313582423015484,41,553.9488907830425
ct_w4_i3,4,evaluation,width2,50,exact_star,41,4.267302739391681,0.8113126222564598,0.759749207687916,0.65610832853094,2.214923537566166,4.313582423015484,41,553.9488907830425
ct_w4_i3,4,evaluation,width2,50,projected_target,41,4.267302739391681,0.9487928923245723,1.0,0.4280282981021601,5.338539126015656,4.313582423015484,41,553.9488907830425
ct_w4_i3,4,evaluation,width2,101,exact_natural,41,3.771741439343157,1.0,0.9557121044662511,0.0,4.41131104216801,4.41131104216801,41,275.84128046234275
ct_w4_i3,4,evaluation,width2,101,exact_regularized_full,41,3.771741439343157,0.9340642251039941,0.8455975923214879,0.5081703729569527,2.5255706436362755,4.41131104216801,41,275.84128046234275
ct_w4_i3,4,evaluation,width2,101,exact_diagonal,41,3.771741439343157,0.34858556326749396,0.29913524484484383,0.9629955207674578,2.512931099464835,4.41131104216801,41,275.84128046234275
ct_w4_i3,4,evaluation,width2,101,exact_two_block,41,3.771741439343157,0.29984440111941146,0.15926249003914242,0.9697717226924099,2.0913879489228755,4.41131104216801,41,275.84128046234275
ct_w4_i3,4,evaluation,width2,101,exact_star,41,3.771741439343157,0.7420147530675256,0.7287758931865193,0.6993581306686066,2.3944466702911766,4.41131104216801,41,275.84128046234275
ct_w4_i3,4,evaluation,width2,101,projected_target,41,3.771741439343157,0.9557121044662511,1.0,0.3890694783895882,5.338539126015656,4.41131104216801,41,275.84128046234275
ct_w4_i3,4,evaluation,width3,0,exact_natural,45,2.6759636859515474,0.9999999999999999,0.9882893923605098,0.0,4.928905374879501,4.928905374879501,45,260.9750982140546
ct_w4_i3,4,evaluation,width3,0,exact_regularized_full,45,2.6759636859515474,0.9615430768117754,0.9315076377014191,0.5146581173282981,2.594074233408399,4.928905374879501,45,260.9750982140546
ct_w4_i3,4,evaluation,width3,0,exact_diagonal,45,2.6759636859515474,0.312154155657721,0.3359943641177597,0.9795888696465387,2.715695122800054,4.928905374879501,45,260.9750982140546
ct_w4_i3,4,evaluation,width3,0,exact_two_block,45,2.6759636859515474,0.5273269997587876,0.5298832211032559,0.8748371363800027,1.5721594574610378,4.928905374879501,45,260.9750982140546
ct_w4_i3,4,evaluation,width3,0,exact_star,45,2.6759636859515474,0.5947791601799102,0.6050212495897568,0.8178161577934497,2.190870702959266,4.928905374879501,45,260.9750982140546
ct_w4_i3,4,evaluation,width3,0,projected_target,45,2.6759636859515474,0.9882893923605098,1.0,0.1902682978348632,5.431390245600108,4.928905374879501,45,260.9750982140546
ct_w4_i3,4,evaluation,width3,19,exact_natural,45,3.503879853843813,0.9999999999999999,0.9920997234756923,0.0,5.179394081865239,5.179394081865239,45,281.54595419963204
ct_w4_i3,4,evaluation,width3,19,exact_regularized_full,45,3.503879853843813,0.9658893011137332,0.9561352701683645,0.5118938373716329,2.7156951228000534,5.179394081865239,45,281.54595419963204
ct_w4_i3,4,evaluation,width3,19,exact_diagonal,45,3.503879853843813,0.3318385712837771,0.33676618310087075,0.9492213842084212,2.265340819943414,5.179394081865239,45,281.54595419963204
ct_w4_i3,4,evaluation,width3,19,exact_two_block,45,3.503879853843813,0.5833990055212965,0.5851837590637643,0.8621523228940046,1.5235542213117856,5.179394081865239,45,281.54595419963204
ct_w4_i3,4,evaluation,width3,19,exact_star,45,3.503879853843813,0.7011391356555879,0.6936600013371427,0.7845645849735046,1.9361622114412216,5.179394081865239,45,281.54595419963204
ct_w4_i3,4,evaluation,width3,19,projected_target,45,3.503879853843813,0.9920997234756923,1.0,0.1376098816887503,5.431390245600108,5.179394081865239,45,281.54595419963204
ct_w4_i3,4,evaluation,width3,42,exact_natural,45,3.6088654046255675,0.9999999999999999,0.9889574395937775,0.0,4.942974207998348,4.942974207998348,45,170.23122521558074
ct_w4_i3,4,evaluation,width3,42,exact_regularized_full,45,3.6088654046255675,0.9702477250703043,0.9501749297430132,0.48551816327061126,2.715695122800054,4.942974207998348,45,170.23122521558074
ct_w4_i3,4,evaluation,width3,42,exact_diagonal,45,3.6088654046255675,0.3490246764750295,0.3531674488684393,0.9378300737043771,1.9063967981796164,4.942974207998348,45,170.23122521558074
ct_w4_i3,4,evaluation,width3,42,exact_two_block,45,3.6088654046255675,0.7039221455680864,0.666501502105976,0.8179254380719791,1.474616651327985,4.942974207998348,45,170.23122521558074
ct_w4_i3,4,evaluation,width3,42,exact_star,45,3.6088654046255675,0.7350904175924253,0.7250355591419659,0.7771988073998993,1.7552293881777827,4.942974207998348,45,170.23122521558074
ct_w4_i3,4,evaluation,width3,42,projected_target,45,3.6088654046255675,0.9889574395937775,1.0,0.18447439201002616,5.431390245600108,4.942974207998348,45,170.23122521558074
ct_w4_i3,4,evaluation,width3,50,exact_natural,45,3.9656646668923248,0.9999999999999999,0.9864833904723965,0.0,4.9618758485347065,4.9618758485347065,45,448.6136974824911
ct_w4_i3,4,evaluation,width3,50,exact_regularized_full,45,3.9656646668923248,0.9158857597999377,0.8618513765964019,0.5449768375679263,2.7156951228000534,4.9618758485347065,45,448.6136974824911
ct_w4_i3,4,evaluation,width3,50,exact_diagonal,45,3.9656646668923248,0.36513338901957354,0.31723425715198755,0.9312419032901152,1.6970988386425014,4.9618758485347065,45,448.6136974824911
ct_w4_i3,4,evaluation,width3,50,exact_two_block,45,3.9656646668923248,0.3517517436223458,0.26332659352679266,0.9364611335271882,1.6151293696477096,4.9618758485347065,45,448.6136974824911
ct_w4_i3,4,evaluation,width3,50,exact_star,45,3.9656646668923248,0.7884740925375907,0.7614823141407155,0.7093082975674254,2.159358711472622,4.9618758485347065,45,448.6136974824911
ct_w4_i3,4,evaluation,width3,50,projected_target,45,3.9656646668923248,0.9864833904723965,1.0,0.1963287872050113,5.431390245600108,4.9618758485347065,45,448.6136974824911
ct_w4_i3,4,evaluation,width3,101,exact_natural,45,3.470978201057779,1.0,0.9888069076369964,0.0,4.944706547316286,4.944706547316286,45,327.8268051254405
ct_w4_i3,4,evaluation,width3,101,exact_regularized_full,45,3.470978201057779,0.9442978670202268,0.9166317224450728,0.514192482598127,2.715695122800054,4.944706547316286,45,327.8268051254405
ct_w4_i3,4,evaluation,width3,101,exact_diagonal,45,3.470978201057779,0.40527092153667715,0.3969657079806542,0.9148731137844308,1.8300119629523088,4.944706547316286,45,327.8268051254405
ct_w4_i3,4,evaluation,width3,101,exact_two_block,45,3.470978201057779,0.4382696523463307,0.4144457474768553,0.9009762734444019,1.8607610777566603,4.944706547316286,45,327.8268051254405
ct_w4_i3,4,evaluation,width3,101,exact_star,45,3.470978201057779,0.7441758957773169,0.7237119190423192,0.7464151390990794,2.032815095972017,4.944706547316286,45,327.8268051254405
ct_w4_i3,4,evaluation,width3,101,projected_target,45,3.470978201057779,0.9888069076369964,1.0,0.1851406708034461,5.431390245600108,4.944706547316286,45,327.8268051254405
ct_w4_i4,4,evaluation,chain,0,exact_natural,31,9.86208494042578,1.0,-0.8990354494374945,0.0,3.276444027866703,3.276444027866703,31,21708.259585668322
ct_w4_i4,4,evaluation,chain,0,exact_regularized_full,31,9.86208494042578,0.9319365863818847,-0.8134542565696139,0.3697106825089455,2.817356917396161,3.276444027866703,31,21708.259585668322
ct_w4_i4,4,evaluation,chain,0,exact_diagonal,31,9.86208494042578,0.8239594359316964,-0.7161140930840557,0.5677863288702055,2.8173569173961615,3.276444027866703,31,21708.259585668322
ct_w4_i4,4,evaluation,chain,0,exact_two_block,31,9.86208494042578,0.8902587453118106,-0.7765293656224622,0.4564669561040607,2.817356917396161,3.276444027866703,31,21708.259585668322
ct_w4_i4,4,evaluation,chain,0,exact_star,31,9.86208494042578,0.5482566326095213,-0.3622317519686454,0.8924826904759636,2.817356917396161,3.276444027866703,31,21708.259585668322
ct_w4_i4,4,evaluation,chain,0,projected_target,31,9.86208494042578,-0.8990354494374945,1.0000000000000002,2.6551555827219278,5.634713834792322,3.276444027866703,31,21708.259585668322
ct_w4_i4,4,evaluation,chain,19,exact_natural,31,10.217698102145405,0.9999999999999999,-0.9129082845217984,0.0,3.465687240511458,3.465687240511458,31,4993.9378886135755
ct_w4_i4,4,evaluation,chain,19,exact_regularized_full,31,10.217698102145405,0.9514205801472492,-0.8530473234373864,0.33760754880954114,2.817356917396161,3.465687240511458,31,4993.9378886135755
ct_w4_i4,4,evaluation,chain,19,exact_diagonal,31,10.217698102145405,0.8491048564962009,-0.7546937126627069,0.529461661339247,2.817356917396161,3.465687240511458,31,4993.9378886135755
ct_w4_i4,4,evaluation,chain,19,exact_two_block,31,10.217698102145405,0.8895721110420843,-0.8086791202307422,0.4631799420233766,2.8173569173961606,3.465687240511458,31,4993.9378886135755
ct_w4_i4,4,evaluation,chain,19,exact_star,31,10.217698102145405,0.5861721442888549,-0.4267554854184866,0.8413208611090366,2.817356917396161,3.465687240511458,31,4993.9378886135755
ct_w4_i4,4,evaluation,chain,19,projected_target,31,10.217698102145405,-0.9129082845217984,1.0000000000000002,2.5713674431096694,5.634713834792322,3.465687240511458,31,4993.9378886135755
ct_w4_i4,4,evaluation,chain,42,exact_natural,31,9.937956159155608,1.0,-0.9104211786114206,0.0,3.406178355178468,3.406178355178468,31,1849.4598696688392
ct_w4_i4,4,evaluation,chain,42,exact_regularized_full,31,9.937956159155608,0.9330619374448681,-0.8475458454410959,0.37589964370537143,2.8065252392050026,3.406178355178468,31,1849.4598696688392
ct_w4_i4,4,evaluation,chain,42,exact_diagonal,31,9.937956159155608,0.8011223432003148,-0.7248770221343975,0.5990654888293735,2.817356917396162,3.406178355178468,31,1849.4598696688392
ct_w4_i4,4,evaluation,chain,42,exact_two_block,31,9.937956159155608,0.8632172088373682,-0.7951582861545664,0.5061207753423524,2.8173569173961606,3.406178355178468,31,1849.4598696688392
ct_w4_i4,4,evaluation,chain,42,exact_star,31,9.937956159155608,0.5284003563866781,-0.38002097687125697,0.900018484669111,2.8173569173961615,3.406178355178468,31,1849.4598696688392
ct_w4_i4,4,evaluation,chain,42,projected_target,31,9.937956159155608,-0.9104211786114206,1.0000000000000002,2.5978330822717246,5.634713834792322,3.406178355178468,31,1849.4598696688392
ct_w4_i4,4,evaluation,chain,50,exact_natural,31,9.296114215851018,1.0000000000000002,-0.8657361033916475,0.0,2.776298037141659,2.776298037141659,31,6893.984147967891
ct_w4_i4,4,evaluation,chain,50,exact_regularized_full,31,9.296114215851018,0.9291076401860997,-0.8509581905090422,0.37906486996136807,2.34834256502941,2.776298037141659,31,6893.984147967891
ct_w4_i4,4,evaluation,chain,50,exact_diagonal,31,9.296114215851018,0.7926729909547776,-0.7459002470109259,0.6488490458189273,2.8173569173961615,2.776298037141659,31,6893.984147967891
ct_w4_i4,4,evaluation,chain,50,exact_two_block,31,9.296114215851018,0.8691086160688135,-0.8120734832275174,0.5156287517460835,2.8173569173961606,2.776298037141659,31,6893.984147967891
ct_w4_i4,4,evaluation,chain,50,exact_star,31,9.296114215851018,0.4508413426520709,-0.37285245275603984,0.9593572800076705,2.2278232216128298,2.776298037141659,31,6893.984147967891
ct_w4_i4,4,evaluation,chain,50,projected_target,31,9.296114215851018,-0.8657361033916475,1.0000000000000002,2.9382555414195,5.634713834792322,2.776298037141659,31,6893.984147967891
ct_w4_i4,4,evaluation,chain,101,exact_natural,31,9.910442127806597,1.0,-0.9019984173160608,0.0,3.202433741060077,3.202433741060077,31,13004.971031044483
ct_w4_i4,4,evaluation,chain,101,exact_regularized_full,31,9.910442127806597,0.9459681730718127,-0.8464405724462204,0.3353882396736289,2.755015996267986,3.202433741060077,31,13004.971031044483
ct_w4_i4,4,evaluation,chain,101,exact_diagonal,31,9.910442127806597,0.8294340266847205,-0.7129637440696281,0.5608666420141615,2.817356917396161,3.202433741060077,31,13004.971031044483
ct_w4_i4,4,evaluation,chain,101,exact_two_block,31,9.910442127806597,0.8890202727166616,-0.7931508046812681,0.4579615715428636,2.817356917396161,3.202433741060077,31,13004.971031044483
ct_w4_i4,4,evaluation,chain,101,exact_star,31,9.910442127806597,0.5966829221707433,-0.42238789291866,0.8509402212173353,2.8173569173961615,3.202433741060077,31,13004.971031044483
ct_w4_i4,4,evaluation,chain,101,projected_target,31,9.910442127806597,-0.9019984173160608,1.0000000000000002,2.696298447372816,5.634713834792322,3.202433741060077,31,13004.971031044483
ct_w4_i4,4,evaluation,problem_tree,0,exact_natural,31,4.528542210601939,1.0,0.7520686619934066,0.0,2.976417825472097,2.976417825472097,31,4158.330119222125
ct_w4_i4,4,evaluation,problem_tree,0,exact_regularized_full,31,4.528542210601939,0.680387604949978,0.2192537947618574,0.7392378600165936,1.7365448136830686,2.976417825472097,31,4158.330119222125
ct_w4_i4,4,evaluation,problem_tree,0,exact_diagonal,31,4.528542210601939,0.5578506760642865,0.30343208096957547,0.9575970197644152,3.082207001484488,2.976417825472097,31,4158.330119222125
ct_w4_i4,4,evaluation,problem_tree,0,exact_two_block,31,4.528542210601939,0.226106229657801,-0.19972817621593353,1.2363143560440188,2.938971668732897,2.976417825472097,31,4158.330119222125
ct_w4_i4,4,evaluation,problem_tree,0,exact_star,31,4.528542210601939,0.7835057877228391,0.5648397499822535,0.6518744001002279,2.918489726024243,2.976417825472097,31,4158.330119222125
ct_w4_i4,4,evaluation,problem_tree,0,projected_target,31,4.528542210601939,0.7520686619934066,1.0000000000000002,1.4745157013806063,6.164414002968976,2.976417825472097,31,4158.330119222125
ct_w4_i4,4,evaluation,problem_tree,19,exact_natural,31,5.195754796589682,1.0,0.7773834745236118,0.0,2.980011979140908,2.980011979140908,31,3982.8910741209907
ct_w4_i4,4,evaluation,problem_tree,19,exact_regularized_full,31,5.195754796589682,0.680297740580562,0.2561719388556916,0.7398544311289416,1.726482504651718,2.980011979140908,31,3982.8910741209907
ct_w4_i4,4,evaluation,problem_tree,19,exact_diagonal,31,5.195754796589682,0.47812073486098694,0.2489769364945089,1.0395810217037778,3.0822070014844876,2.980011979140908,31,3982.8910741209907
ct_w4_i4,4,evaluation,problem_tree,19,exact_two_block,31,5.195754796589682,0.1820769486700807,-0.18046513376003595,1.1996118997572136,2.590405601632896,2.980011979140908,31,3982.8910741209907
ct_w4_i4,4,evaluation,problem_tree,19,exact_star,31,5.195754796589682,0.742634861910891,0.5149780047291148,0.6832474769374821,2.616559830302459,2.980011979140908,31,3982.8910741209907
ct_w4_i4,4,evaluation,problem_tree,19,projected_target,31,5.195754796589682,0.7773834745236118,1.0000000000000002,1.4362734578557488,6.164414002968976,2.980011979140908,31,3982.8910741209907
ct_w4_i4,4,evaluation,problem_tree,42,exact_natural,31,5.087802736894982,1.0,0.7321409129591013,0.0,2.851838823248153,2.851838823248153,31,7619.429517615568
ct_w4_i4,4,evaluation,problem_tree,42,exact_regularized_full,31,5.087802736894982,0.7093708864542422,0.19524325710090126,0.709414258052028,1.793520009338818,2.851838823248153,31,7619.429517615568
ct_w4_i4,4,evaluation,problem_tree,42,exact_diagonal,31,5.087802736894982,0.5424826169295718,0.19498147806708835,0.9894715592098174,3.0380730081275105,2.851838823248153,31,7619.429517615568
ct_w4_i4,4,evaluation,problem_tree,42,exact_two_block,31,5.087802736894982,0.31722490510041285,-0.20418394983613922,1.1430134822443898,2.7242982372865088,2.851838823248153,31,7619.429517615568
ct_w4_i4,4,evaluation,problem_tree,42,exact_star,31,5.087802736894982,0.76724680692172,0.48729976226640875,0.6558284046153847,2.578865629150875,2.851838823248153,31,7619.429517615568
ct_w4_i4,4,evaluation,problem_tree,42,projected_target,31,5.087802736894982,0.7321409129591013,1.0000000000000002,1.583414623419925,6.164414002968976,2.851838823248153,31,7619.429517615568
ct_w4_i4,4,evaluation,problem_tree,50,exact_natural,31,5.254988598998072,1.0,0.7281677800701916,0.0,3.1768387605680726,3.1768387605680726,31,1761.6409261015551
ct_w4_i4,4,evaluation,problem_tree,50,exact_regularized_full,31,5.254988598998072,0.6994755910505496,0.23766371150807886,0.7304759198053963,1.7417859657278656,3.1768387605680726,31,1761.6409261015551
ct_w4_i4,4,evaluation,problem_tree,50,exact_diagonal,31,5.254988598998072,0.4857259172632297,0.231980609395412,0.9993983547154144,3.082207001484489,3.1768387605680726,31,1761.6409261015551
ct_w4_i4,4,evaluation,problem_tree,50,exact_two_block,31,5.254988598998072,0.13205476559578794,-0.2697377686706975,1.2632104333716299,2.9070829988594693,3.1768387605680726,31,1761.6409261015551
ct_w4_i4,4,evaluation,problem_tree,50,exact_star,31,5.254988598998072,0.7166374815713019,0.52415619681762,0.7354021197843663,3.0175031260650074,3.1768387605680726,31,1761.6409261015551
ct_w4_i4,4,evaluation,problem_tree,50,projected_target,31,5.254988598998072,0.7281677800701916,1.0000000000000002,1.3926006948980862,6.164414002968976,3.1768387605680726,31,1761.6409261015551
ct_w4_i4,4,evaluation,problem_tree,101,exact_natural,31,3.9408632422889447,1.0000000000000002,0.847657960266083,0.0,3.141804126507384,3.141804126507384,31,8114.874388848289
ct_w4_i4,4,evaluation,problem_tree,101,exact_regularized_full,31,3.9408632422889447,0.7412172047905123,0.45884758143943416,0.6962993292541377,1.7474346536962504,3.141804126507384,31,8114.874388848289
ct_w4_i4,4,evaluation,problem_tree,101,exact_diagonal,31,3.9408632422889447,0.6067479911030079,0.43449222899671175,0.8786037720452737,3.0822070014844885,3.141804126507384,31,8114.874388848289
ct_w4_i4,4,evaluation,problem_tree,101,exact_two_block,31,3.9408632422889447,0.41042776993511637,0.0544650252379248,0.9864353082336426,2.471343230277441,3.141804126507384,31,8114.874388848289
ct_w4_i4,4,evaluation,problem_tree,101,exact_star,31,3.9408632422889447,0.7317508106905601,0.598083522352168,0.7255173460156266,3.080276878785155,3.141804126507384,31,8114.874388848289
ct_w4_i4,4,evaluation,problem_tree,101,projected_target,31,3.9408632422889447,0.847657960266083,1.0000000000000002,1.2342495704050365,6.164414002968976,3.141804126507384,31,8114.874388848289
ct_w4_i4,4,evaluation,width2,0,exact_natural,44,4.548204082736181,0.9999999999999999,0.9327909013290857,0.0,4.890068767482352,4.890068767482352,44,1694.3841530678335
ct_w4_i4,4,evaluation,width2,0,exact_regularized_full,44,4.548204082736181,0.8097439193444526,0.6488684565432677,0.6905933846231469,2.178990176729028,4.890068767482352,44,1694.3841530678335
ct_w4_i4,4,evaluation,width2,0,exact_diagonal,44,4.548204082736181,0.31439654940915546,0.220719665087297,0.9640526748137994,2.3592251391998142,4.890068767482352,44,1694.3841530678335
ct_w4_i4,4,evaluation,width2,0,exact_two_block,44,4.548204082736181,0.22423592268201015,0.07022101441648973,0.9862241025760045,1.8368494714842,4.890068767482352,44,1694.3841530678335
ct_w4_i4,4,evaluation,width2,0,exact_star,44,4.548204082736181,0.6660076566109022,0.4911013873171989,0.7794308127049706,2.151639673916651,4.890068767482352,44,1694.3841530678335
ct_w4_i4,4,evaluation,width2,0,projected_target,44,4.548204082736181,0.9327909013290857,1.0,0.524179755177216,6.422616289332565,4.890068767482352,44,1694.3841530678335
ct_w4_i4,4,evaluation,width2,19,exact_natural,44,4.364049203692673,0.9999999999999999,0.9527431751022952,0.0,4.906161204765663,4.906161204765663,44,570.171521349513
ct_w4_i4,4,evaluation,width2,19,exact_regularized_full,44,4.364049203692673,0.8253644272036047,0.7092180581738312,0.6813840388789072,2.177873659775064,4.906161204765663,44,570.171521349513
ct_w4_i4,4,evaluation,width2,19,exact_diagonal,44,4.364049203692673,0.32917740505125026,0.28913026659347396,0.9987526982757746,3.2113081446662823,4.906161204765663,44,570.171521349513
ct_w4_i4,4,evaluation,width2,19,exact_two_block,44,4.364049203692673,0.20965448205881224,0.12645514091483165,1.0044979673046164,2.1577745571634264,4.906161204765663,44,570.171521349513
ct_w4_i4,4,evaluation,width2,19,exact_star,44,4.364049203692673,0.5321373477216222,0.42854281908444136,0.8468538150867772,2.7000843014776583,4.906161204765663,44,570.171521349513
ct_w4_i4,4,evaluation,width2,19,projected_target,44,4.364049203692673,0.9527431751022952,1.0,0.4682573155531512,6.422616289332565,4.906161204765663,44,570.171521349513
ct_w4_i4,4,evaluation,width2,42,exact_natural,44,5.005771351476722,0.9999999999999999,0.9263692744195418,0.0,4.80543102933655,4.80543102933655,44,1719.6770691545048
ct_w4_i4,4,evaluation,width2,42,exact_regularized_full,44,5.005771351476722,0.7976183827831659,0.6454881109377684,0.6848470117888679,2.2742023358211103,4.80543102933655,44,1719.6770691545048
ct_w4_i4,4,evaluation,width2,42,exact_diagonal,44,5.005771351476722,0.19757924056251225,0.09884839898408634,1.0300355355106066,2.4691458908035426,4.80543102933655,44,1719.6770691545048
ct_w4_i4,4,evaluation,width2,42,exact_two_block,44,5.005771351476722,0.5437978519177326,0.3670454695141328,0.8633164375129776,1.6397852184381727,4.80543102933655,44,1719.6770691545048
ct_w4_i4,4,evaluation,width2,42,exact_star,44,5.005771351476722,0.44347263780537155,0.29197221653679406,0.8996922590518844,2.506828127032748,4.80543102933655,44,1719.6770691545048
ct_w4_i4,4,evaluation,width2,42,projected_target,44,5.005771351476722,0.9263692744195418,1.0,0.5568429781203009,6.422616289332565,4.80543102933655,44,1719.6770691545048
ct_w4_i4,4,evaluation,width2,50,exact_natural,44,5.3270687863035455,1.0000000000000002,0.9566716838596547,0.0,4.841454545690005,4.841454545690005,44,430.843427089163
ct_w4_i4,4,evaluation,width2,50,exact_regularized_full,44,5.3270687863035455,0.889715070612269,0.7712085621065218,0.5995375564477582,2.425949999616857,4.841454545690005,44,430.843427089163
ct_w4_i4,4,evaluation,width2,50,exact_diagonal,44,5.3270687863035455,0.27175181330076337,0.1591563115913259,0.9702958486049388,1.914980457313489,4.841454545690005,44,430.843427089163
ct_w4_i4,4,evaluation,width2,50,exact_two_block,44,5.3270687863035455,0.4641297665904252,0.34160579933711827,0.892813952513278,1.7050538655930787,4.841454545690005,44,430.843427089163
ct_w4_i4,4,evaluation,width2,50,exact_star,44,5.3270687863035455,0.6383347303353215,0.5178748386542961,0.7849796550988623,2.3456979045212725,4.841454545690005,44,430.843427089163
ct_w4_i4,4,evaluation,width2,50,projected_target,44,5.3270687863035455,0.9566716838596547,1.0,0.4707626689010384,6.422616289332565,4.841454545690005,44,430.843427089163
ct_w4_i4,4,evaluation,width2,101,exact_natural,44,4.294208832696189,1.0,0.9597822340069242,0.0,5.096426592276633,5.096426592276633,44,1711.2953217260103
ct_w4_i4,4,evaluation,width2,101,exact_regularized_full,44,4.294208832696189,0.7574789374130964,0.6707999351694979,0.7439220664883262,2.0428298432201726,5.096426592276633,44,1711.2953217260103
ct_w4_i4,4,evaluation,width2,101,exact_diagonal,44,4.294208832696189,0.34730794712812313,0.28987710810908973,0.9669192039792898,2.971268742562894,5.096426592276633,44,1711.2953217260103
ct_w4_i4,4,evaluation,width2,101,exact_two_block,44,4.294208832696189,0.44052343032559327,0.3469780556968757,0.9011737534027157,1.8446113104867274,5.096426592276633,44,1711.2953217260103
ct_w4_i4,4,evaluation,width2,101,exact_star,44,4.294208832696189,0.4516524546097135,0.3828679518219586,0.8924997032231745,2.182764282968514,5.096426592276633,44,1711.2953217260103
ct_w4_i4,4,evaluation,width2,101,projected_target,44,4.294208832696189,0.9597822340069242,1.0,0.41119414870210724,6.422616289332565,5.096426592276633,44,1711.2953217260103
ct_w4_i4,4,evaluation,width3,0,exact_natural,50,4.154561917171975,0.9999999999999998,0.9976980393374065,0.0,6.385761086914751,6.385761086914751,50,532.8414467953628
ct_w4_i4,4,evaluation,width3,0,exact_regularized_full,50,4.154561917171975,0.9123464696137595,0.9127509039172894,0.624692506604018,2.8130785430506817,6.385761086914751,50,532.8414467953628
ct_w4_i4,4,evaluation,width3,0,exact_diagonal,50,4.154561917171975,0.3386496615908452,0.33095577264961434,0.9424814900582849,1.815409218218417,6.385761086914751,50,532.8414467953628
ct_w4_i4,4,evaluation,width3,0,exact_two_block,50,4.154561917171975,0.4783031765469198,0.4626144616915006,0.9022751407980429,1.7320861837003747,6.385761086914751,50,532.8414467953628
ct_w4_i4,4,evaluation,width3,0,exact_star,50,4.154561917171975,0.6412790667929288,0.6429589085561971,0.8294646944893246,2.0832815015930195,6.385761086914751,50,532.8414467953628
ct_w4_i4,4,evaluation,width3,0,projected_target,50,4.154561917171975,0.9976980393374065,1.0,0.07269731425174986,6.5383484153110105,6.385761086914751,50,532.8414467953628
ct_w4_i4,4,evaluation,width3,19,exact_natural,50,4.3734942720380925,0.9999999999999998,0.9975402674750329,0.0,6.420096002273608,6.420096002273608,50,968.5117926520392
ct_w4_i4,4,evaluation,width3,19,exact_regularized_full,50,4.3734942720380925,0.9119029372700039,0.9034463257446215,0.6254357117582885,2.8245401342646774,6.420096002273608,50,968.5117926520392
ct_w4_i4,4,evaluation,width3,19,exact_diagonal,50,4.3734942720380925,0.32088167647127813,0.31663337352013154,0.9493349360689614,2.4762536138212634,6.420096002273608,50,968.5117926520392
ct_w4_i4,4,evaluation,width3,19,exact_two_block,50,4.3734942720380925,0.40419409271710277,0.3939789547762627,0.922056791274964,1.8473174530479017,6.420096002273608,50,968.5117926520392
ct_w4_i4,4,evaluation,width3,19,exact_star,50,4.3734942720380925,0.6061434380304284,0.6015587099859975,0.8239551560821929,2.50988058046225,6.420096002273608,50,968.5117926520392
ct_w4_i4,4,evaluation,width3,19,projected_target,50,4.3734942720380925,0.9975402674750329,1.0,0.0731391862238943,6.5383484153110105,6.420096002273608,50,968.5117926520392
ct_w4_i4,4,evaluation,width3,42,exact_natural,50,4.889237299247277,1.0000000000000002,0.9973335378501215,0.0,6.320802658495985,6.320802658495985,50,934.5547748538177
ct_w4_i4,4,evaluation,width3,42,exact_regularized_full,50,4.889237299247277,0.8687675761398367,0.8675430726393245,0.6474697711382039,2.854888008451292,6.320802658495985,50,934.5547748538177
ct_w4_i4,4,evaluation,width3,42,exact_diagonal,50,4.889237299247277,0.18979086064576517,0.17112236703866004,0.9894838882656362,1.9763164433439722,6.320802658495985,50,934.5547748538177
ct_w4_i4,4,evaluation,width3,42,exact_two_block,50,4.889237299247277,0.552125702539862,0.5420961644196115,0.8849684652059786,1.6146969413921248,6.320802658495985,50,934.5547748538177
ct_w4_i4,4,evaluation,width3,42,exact_star,50,4.889237299247277,0.6409461156500987,0.6293323975259426,0.8204844168888222,2.2192792741187612,6.320802658495985,50,934.5547748538177
ct_w4_i4,4,evaluation,width3,42,projected_target,50,4.889237299247277,0.9973335378501215,1.0,0.08185981326995301,6.5383484153110105,6.320802658495985,50,934.5547748538177
ct_w4_i4,4,evaluation,width3,50,exact_natural,50,4.52303971622511,1.0,0.9960667574238986,0.0,6.275188152002117,6.275188152002117,50,830.4683926825879
ct_w4_i4,4,evaluation,width3,50,exact_regularized_full,50,4.52303971622511,0.8867384143646683,0.8774076054028189,0.6636535327993587,2.57637323932455,6.275188152002117,50,830.4683926825879
ct_w4_i4,4,evaluation,width3,50,exact_diagonal,50,4.52303971622511,0.34689675514208634,0.3341329260132925,0.9380047445080115,2.2633989438750293,6.275188152002117,50,830.4683926825879
ct_w4_i4,4,evaluation,width3,50,exact_two_block,50,4.52303971622511,0.46599046497731533,0.4382190042844827,0.8966643463719225,2.01148708456074,6.275188152002117,50,830.4683926825879
ct_w4_i4,4,evaluation,width3,50,exact_star,50,4.52303971622511,0.5187711172093558,0.5126391458735489,0.8574227015545532,2.84403061628984,6.275188152002117,50,830.4683926825879
ct_w4_i4,4,evaluation,width3,50,projected_target,50,4.52303971622511,0.9960667574238986,1.0,0.0997750482420335,6.5383484153110105,6.275188152002117,50,830.4683926825879
ct_w4_i4,4,evaluation,width3,101,exact_natural,50,3.6937119627526567,0.9999999999999998,0.996397626407774,0.0,6.349334061816081,6.349334061816081,50,2909.282558555296
ct_w4_i4,4,evaluation,width3,101,exact_regularized_full,50,3.6937119627526567,0.7814925893798124,0.771700481441962,0.7453172720358376,2.3732622793147407,6.349334061816081,50,2909.282558555296
ct_w4_i4,4,evaluation,width3,101,exact_diagonal,50,3.6937119627526567,0.3930422188553003,0.37469434178714817,0.9196580736400274,2.394532434247758,6.349334061816081,50,2909.282558555296
ct_w4_i4,4,evaluation,width3,101,exact_two_block,50,3.6937119627526567,0.5325528073114318,0.509906237221567,0.8739871732434582,1.9980447048693109,6.349334061816081,50,2909.282558555296
ct_w4_i4,4,evaluation,width3,101,exact_star,50,3.6937119627526567,0.3725934519520933,0.36756872225336773,0.9288031508503198,2.1197154751177605,6.349334061816081,50,2909.282558555296
ct_w4_i4,4,evaluation,width3,101,projected_target,50,3.6937119627526567,0.996397626407774,1.0,0.09113412899952658,6.5383484153110105,6.349334061816081,50,2909.282558555296
ct_w4_i5,4,evaluation,chain,0,exact_natural,31,9.354567020724765,1.0,-0.9122818474328918,0.0,3.4147142777769575,3.4147142777769575,31,2631.1813800771624
ct_w4_i5,4,evaluation,chain,0,exact_regularized_full,31,9.354567020724765,0.9732569940037953,-0.889557586233297,0.31049652153902346,2.6100766272276377,3.4147142777769575,31,2631.1813800771624
ct_w4_i5,4,evaluation,chain,0,exact_diagonal,31,9.354567020724765,0.8746111338730799,-0.806696082135264,0.49720248792724464,2.6100766272276372,3.4147142777769575,31,2631.1813800771624
ct_w4_i5,4,evaluation,chain,0,exact_two_block,31,9.354567020724765,0.9078588483549649,-0.8433584175306972,0.44315207146367697,2.610076627227638,3.4147142777769575,31,2631.1813800771624
ct_w4_i5,4,evaluation,chain,0,exact_star,31,9.354567020724765,0.7876625259459089,-0.6252359939394551,0.6165473835884429,2.6100766272276377,3.4147142777769575,31,2631.1813800771624
ct_w4_i5,4,evaluation,chain,0,projected_target,31,9.354567020724765,-0.9122818474328918,0.9999999999999999,2.475125840264693,5.220153254455275,3.4147142777769575,31,2631.1813800771624
ct_w4_i5,4,evaluation,chain,19,exact_natural,31,9.102277328387041,1.0,-0.9414375298436456,0.0,3.2149533589497623,3.2149533589497623,31,741.9069145074242
ct_w4_i5,4,evaluation,chain,19,exact_regularized_full,31,9.102277328387041,0.9784547510566909,-0.9185272376075609,0.2652955106200717,2.610076627227638,3.2149533589497623,31,741.9069145074242
ct_w4_i5,4,evaluation,chain,19,exact_diagonal,31,9.102277328387041,0.8621850140029597,-0.7951070985229165,0.5090875082177233,2.6100766272276377,3.2149533589497623,31,741.9069145074242
ct_w4_i5,4,evaluation,chain,19,exact_two_block,31,9.102277328387041,0.9063791581151349,-0.8410312533044351,0.43291061308517637,2.6100766272276377,3.2149533589497623,31,741.9069145074242
ct_w4_i5,4,evaluation,chain,19,exact_star,31,9.102277328387041,0.7825108800392471,-0.6568044023270154,0.6233280133209634,2.6100766272276377,3.2149533589497623,31,741.9069145074242
ct_w4_i5,4,evaluation,chain,19,projected_target,31,9.102277328387041,-0.9414375298436456,0.9999999999999999,2.5872145947317144,5.220153254455275,3.2149533589497623,31,741.9069145074242
ct_w4_i5,4,evaluation,chain,42,exact_natural,31,9.297776108368568,0.9999999999999998,-0.9258717565892016,0.0,3.2651451512575282,3.2651451512575282,31,970.0544317573698
ct_w4_i5,4,evaluation,chain,42,exact_regularized_full,31,9.297776108368568,0.9753775189239106,-0.9084697864047876,0.2821620997084876,2.6100766272276377,3.2651451512575282,31,970.0544317573698
ct_w4_i5,4,evaluation,chain,42,exact_diagonal,31,9.297776108368568,0.8691360219546506,-0.7953400860427045,0.4994688411810104,2.6100766272276377,3.2651451512575282,31,970.0544317573698
ct_w4_i5,4,evaluation,chain,42,exact_two_block,31,9.297776108368568,0.9141488278514469,-0.8609867469978235,0.42131326372688555,2.6100766272276372,3.2651451512575282,31,970.0544317573698
ct_w4_i5,4,evaluation,chain,42,exact_star,31,9.297776108368568,0.7541603959363888,-0.6166924493615425,0.6582450086889207,2.6100766272276377,3.2651451512575282,31,970.0544317573698
ct_w4_i5,4,evaluation,chain,42,projected_target,31,9.297776108368568,-0.9258717565892016,0.9999999999999999,2.5527397602245663,5.220153254455275,3.2651451512575282,31,970.0544317573698
ct_w4_i5,4,evaluation,chain,50,exact_natural,31,9.026229290158689,1.0,-0.9002285075729914,0.0,3.133576791380844,3.133576791380844,31,2847.7102623559363
ct_w4_i5,4,evaluation,chain,50,exact_regularized_full,31,9.026229290158689,0.9685033612361496,-0.8881595104640284,0.28351204858610213,2.610076627227638,3.133576791380844,31,2847.7102623559363
ct_w4_i5,4,evaluation,chain,50,exact_diagonal,31,9.026229290158689,0.8442991289204075,-0.8026668793718109,0.5359925798928725,2.6100766272276377,3.133576791380844,31,2847.7102623559363
ct_w4_i5,4,evaluation,chain,50,exact_two_block,31,9.026229290158689,0.888244873757478,-0.8454916694540754,0.46268763073467695,2.610076627227638,3.133576791380844,31,2847.7102623559363
ct_w4_i5,4,evaluation,chain,50,exact_star,31,9.026229290158689,0.7056683229452818,-0.5555582868567377,0.7198818693395249,2.6100766272276377,3.133576791380844,31,2847.7102623559363
ct_w4_i5,4,evaluation,chain,50,projected_target,31,9.026229290158689,-0.9002285075729914,0.9999999999999999,2.6027842209124716,5.220153254455275,3.133576791380844,31,2847.7102623559363
ct_w4_i5,4,evaluation,chain,101,exact_natural,31,9.800532948757018,1.0,-0.9404505448222993,0.0,3.6308106605470125,3.6308106605470125,31,783.8004238380948
ct_w4_i5,4,evaluation,chain,101,exact_regularized_full,31,9.800532948757018,0.9739226021814724,-0.9307540508271366,0.3413607907394777,2.6100766272276372,3.6308106605470125,31,783.8004238380948
ct_w4_i5,4,evaluation,chain,101,exact_diagonal,31,9.800532948757018,0.8687345089896603,-0.838738521630647,0.5174553829375907,2.6100766272276372,3.6308106605470125,31,783.8004238380948
ct_w4_i5,4,evaluation,chain,101,exact_two_block,31,9.800532948757018,0.9165831084648254,-0.8966636961906832,0.44605643081658125,2.6100766272276377,3.6308106605470125,31,783.8004238380948
ct_w4_i5,4,evaluation,chain,101,exact_star,31,9.800532948757018,0.7370756608095241,-0.6585045822849953,0.6760554406057137,2.6100766272276377,3.6308106605470125,31,783.8004238380948
ct_w4_i5,4,evaluation,chain,101,projected_target,31,9.800532948757018,-0.9404505448222993,0.9999999999999999,2.4023596632287636,5.220153254455275,3.6308106605470125,31,783.8004238380948
ct_w4_i5,4,evaluation,problem_tree,0,exact_natural,31,4.711018085503847,1.0,0.8287888175988258,0.0,2.559466418035939,2.559466418035939,31,2083.2664447872467
ct_w4_i5,4,evaluation,problem_tree,0,exact_regularized_full,31,4.711018085503847,0.8155082496151853,0.47435522190735907,0.601733413180313,1.6656386055605974,2.559466418035939,31,2083.2664447872467
ct_w4_i5,4,evaluation,problem_tree,0,exact_diagonal,31,4.711018085503847,0.46200138590133244,0.19259847816234074,1.105640876890484,2.872281323269014,2.559466418035939,31,2083.2664447872467
ct_w4_i5,4,evaluation,problem_tree,0,exact_two_block,31,4.711018085503847,0.2682257584398308,-0.1547656595453924,1.1449670383659443,2.2702736286561267,2.559466418035939,31,2083.2664447872467
ct_w4_i5,4,evaluation,problem_tree,0,exact_star,31,4.711018085503847,0.6729133812213672,0.4515513177308507,0.7928493676269127,2.4526335969504913,2.559466418035939,31,2083.2664447872467
ct_w4_i5,4,evaluation,problem_tree,0,projected_target,31,4.711018085503847,0.8287888175988258,1.0,1.5222255256636734,5.744562646538029,2.559466418035939,31,2083.2664447872467
ct_w4_i5,4,evaluation,problem_tree,19,exact_natural,31,5.620976588956431,1.0,0.8488897862834969,0.0,2.772459004555283,2.772459004555283,31,1458.9441940962658
ct_w4_i5,4,evaluation,problem_tree,19,exact_regularized_full,31,5.620976588956431,0.8077314226256617,0.49413302081388255,0.6236045915673475,1.6758851277443376,2.772459004555283,31,1458.9441940962658
ct_w4_i5,4,evaluation,problem_tree,19,exact_diagonal,31,5.620976588956431,0.4190729451967359,0.07948301752100309,0.962638461283282,2.0485942109963307,2.772459004555283,31,1458.9441940962658
ct_w4_i5,4,evaluation,problem_tree,19,exact_two_block,31,5.620976588956431,0.1826169730487001,-0.18390427472152185,1.1570154863285051,2.197347604797081,2.772459004555283,31,1458.9441940962658
ct_w4_i5,4,evaluation,problem_tree,19,exact_star,31,5.620976588956431,0.754819581608388,0.5360847248269835,0.6562418048828516,2.036849225779033,2.772459004555283,31,1458.9441940962658
ct_w4_i5,4,evaluation,problem_tree,19,projected_target,31,5.620976588956431,0.8488897862834969,1.0,1.3324447712371656,5.744562646538029,2.772459004555283,31,1458.9441940962658
ct_w4_i5,4,evaluation,problem_tree,42,exact_natural,31,4.621302182860857,1.0,0.8680020922616469,0.0,2.783912531766952,2.783912531766952,31,1056.404076494385
ct_w4_i5,4,evaluation,problem_tree,42,exact_regularized_full,31,4.621302182860857,0.7607951133129994,0.4800411322520992,0.6652371743323949,1.7112146289582344,2.783912531766952,31,1056.404076494385
ct_w4_i5,4,evaluation,problem_tree,42,exact_diagonal,31,4.621302182860857,0.47134924596097744,0.24055423866671583,1.033752370597592,2.813480597580416,2.783912531766952,31,1056.404076494385
ct_w4_i5,4,evaluation,problem_tree,42,exact_two_block,31,4.621302182860857,0.3288485974375642,-0.02522371850826326,1.0786730248666205,2.3665342635335844,2.783912531766952,31,1056.404076494385
ct_w4_i5,4,evaluation,problem_tree,42,exact_star,31,4.621302182860857,0.6782630278959788,0.4512905310518564,0.7686180927146073,2.5157765503718994,2.783912531766952,31,1056.404076494385
ct_w4_i5,4,evaluation,problem_tree,42,projected_target,31,4.621302182860857,0.8680020922616469,1.0,1.2945086017442953,5.744562646538029,2.783912531766952,31,1056.404076494385
ct_w4_i5,4,evaluation,problem_tree,50,exact_natural,31,4.457632625851044,0.9999999999999999,0.8561435563576065,0.0,2.8053337285788698,2.8053337285788698,31,623.1645782499534
ct_w4_i5,4,evaluation,problem_tree,50,exact_regularized_full,31,4.457632625851044,0.8390057862772131,0.5587835748770789,0.5974485560556749,1.6615324130292881,2.8053337285788698,31,623.1645782499534
ct_w4_i5,4,evaluation,problem_tree,50,exact_diagonal,31,4.457632625851044,0.4644670645104778,0.2915803298550395,1.0474711071598455,2.8722813232690143,2.8053337285788698,31,623.1645782499534
ct_w4_i5,4,evaluation,problem_tree,50,exact_two_block,31,4.457632625851044,0.17939279179008058,-0.12834730386854695,1.165692774265572,2.2574796714369127,2.8053337285788698,31,623.1645782499534
ct_w4_i5,4,evaluation,problem_tree,50,exact_star,31,4.457632625851044,0.6782386445836607,0.48618417427314164,0.7588850169263435,2.4343251905970957,2.8053337285788698,31,623.1645782499534
ct_w4_i5,4,evaluation,problem_tree,50,projected_target,31,4.457632625851044,0.8561435563576065,1.0,1.2988046751391102,5.744562646538029,2.8053337285788698,31,623.1645782499534
ct_w4_i5,4,evaluation,problem_tree,101,exact_natural,31,4.457803211013499,1.0,0.9011561305303281,0.0,2.811161523326638,2.811161523326638,31,2130.158416392115
ct_w4_i5,4,evaluation,problem_tree,101,exact_regularized_full,31,4.457803211013499,0.818377398101765,0.5972333193629736,0.5992373110338434,1.8232982055173095,2.811161523326638,31,2130.158416392115
ct_w4_i5,4,evaluation,problem_tree,101,exact_diagonal,31,4.457803211013499,0.532449480528373,0.2712984606576801,0.8644101435912671,1.9894157066378377,2.811161523326638,31,2130.158416392115
ct_w4_i5,4,evaluation,problem_tree,101,exact_two_block,31,4.457803211013499,0.3927286302675277,0.036871844069340604,0.9739043042580179,2.005023340547939,2.811161523326638,31,2130.158416392115
ct_w4_i5,4,evaluation,problem_tree,101,exact_star,31,4.457803211013499,0.7518893569278234,0.5473423038896286,0.6593118811881992,2.098346329733053,2.811161523326638,31,2130.158416392115
ct_w4_i5,4,evaluation,problem_tree,101,projected_target,31,4.457803211013499,0.9011561305303281,1.0,1.221814150962829,5.744562646538029,2.811161523326638,31,2130.158416392115
ct_w4_i5,4,evaluation,width2,0,exact_natural,44,3.449875546640623,0.9999999999999999,0.9814552391252028,0.0,5.203536922672203,5.203536922672203,44,1030.2910876489707
ct_w4_i5,4,evaluation,width2,0,exact_regularized_full,44,3.449875546640623,0.8812704394509958,0.814956247914176,0.5975641857296953,2.6829032723747606,5.203536922672203,44,1030.2910876489707
ct_w4_i5,4,evaluation,width2,0,exact_diagonal,44,3.449875546640623,0.32994238514643426,0.3048338597315574,0.9761831198769603,3.0103986446980735,5.203536922672203,44,1030.2910876489707
ct_w4_i5,4,evaluation,width2,0,exact_two_block,44,3.449875546640623,0.5226972594888551,0.45819332536648777,0.8587259343530016,2.1835653629528626,5.203536922672203,44,1030.2910876489707
ct_w4_i5,4,evaluation,width2,0,exact_star,44,3.449875546640623,0.5761171056483431,0.5227770339283163,0.8190626642765252,2.7237546797418757,5.203536922672203,44,1030.2910876489707
ct_w4_i5,4,evaluation,width2,0,projected_target,44,3.449875546640623,0.9814552391252028,1.0,0.25996569690805055,6.020797289396148,5.203536922672203,44,1030.2910876489707
ct_w4_i5,4,evaluation,width2,19,exact_natural,44,4.537005393372336,0.9999999999999999,0.9864412300230834,0.0,5.331239480108437,5.331239480108437,44,837.1287286382498
ct_w4_i5,4,evaluation,width2,19,exact_regularized_full,44,4.537005393372336,0.9092346792398875,0.8777419424395505,0.5773484963622469,2.714592223246413,5.331239480108437,44,837.1287286382498
ct_w4_i5,4,evaluation,width2,19,exact_diagonal,44,4.537005393372336,0.38881467742870623,0.34264104244354365,0.9215158069753877,2.175167836962708,5.331239480108437,44,837.1287286382498
ct_w4_i5,4,evaluation,width2,19,exact_two_block,44,4.537005393372336,0.4702745443126157,0.4192892426509222,0.8862755270293645,2.0726434344518587,5.331239480108437,44,837.1287286382498
ct_w4_i5,4,evaluation,width2,19,exact_star,44,4.537005393372336,0.6646148845852787,0.6425972837487451,0.7820547347654973,2.312148530385865,5.331239480108437,44,837.1287286382498
ct_w4_i5,4,evaluation,width2,19,projected_target,44,4.537005393372336,0.9864412300230834,1.0,0.21761107074693728,6.020797289396148,5.331239480108437,44,837.1287286382498
ct_w4_i5,4,evaluation,width2,42,exact_natural,44,4.02347495665509,0.9999999999999999,0.9858952984474294,0.0,5.137804418681534,5.137804418681534,44,487.7121459550701
ct_w4_i5,4,evaluation,width2,42,exact_regularized_full,44,4.02347495665509,0.9049332098268846,0.855172452569243,0.5747181642365442,2.664786342775659,5.137804418681534,44,487.7121459550701
ct_w4_i5,4,evaluation,width2,42,exact_diagonal,44,4.02347495665509,0.40043744132274584,0.3550933363781181,0.9216974973744412,1.5467733041690714,5.137804418681534,44,487.7121459550701
ct_w4_i5,4,evaluation,width2,42,exact_two_block,44,4.02347495665509,0.48892620107886986,0.432497572886189,0.885431865778839,1.7321700746718012,5.137804418681534,44,487.7121459550701
ct_w4_i5,4,evaluation,width2,42,exact_star,44,4.02347495665509,0.7445562169311868,0.6997565527258035,0.7862408821790319,1.6912545214155972,5.137804418681534,44,487.7121459550701
ct_w4_i5,4,evaluation,width2,42,projected_target,44,4.02347495665509,0.9858952984474294,1.0,0.25018801009621744,6.020797289396148,5.137804418681534,44,487.7121459550701
ct_w4_i5,4,evaluation,width2,50,exact_natural,44,4.320173959213817,1.0,0.9871564864863648,0.0,5.252732298861303,5.252732298861303,44,496.4052225307684
ct_w4_i5,4,evaluation,width2,50,exact_regularized_full,44,4.320173959213817,0.8799216419654541,0.8228820508616469,0.6109280754467626,2.604675471995729,5.252732298861303,44,496.4052225307684
ct_w4_i5,4,evaluation,width2,50,exact_diagonal,44,4.320173959213817,0.3083538321249771,0.2782135954900013,0.9697050456178579,2.608134857414574,5.252732298861303,44,496.4052225307684
ct_w4_i5,4,evaluation,width2,50,exact_two_block,44,4.320173959213817,0.39820790243650966,0.3338882904261195,0.919479818927282,1.758941785481541,5.252732298861303,44,496.4052225307684
ct_w4_i5,4,evaluation,width2,50,exact_star,44,4.320173959213817,0.681329072325457,0.6539575763868856,0.7817548051600123,2.1369677466311563,5.252732298861303,44,496.4052225307684
ct_w4_i5,4,evaluation,width2,50,projected_target,44,4.320173959213817,0.9871564864863648,1.0,0.22544158192136485,6.020797289396148,5.252732298861303,44,496.4052225307684
ct_w4_i5,4,evaluation,width2,101,exact_natural,44,3.962146851257259,0.9999999999999999,0.9866844615911168,0.0,5.197405676887421,5.197405676887421,44,1905.7467839224655
ct_w4_i5,4,evaluation,width2,101,exact_regularized_full,44,3.962146851257259,0.7806644300214772,0.7321633667473101,0.6971649211158014,2.4514744500789196,5.197405676887421,44,1905.7467839224655
ct_w4_i5,4,evaluation,width2,101,exact_diagonal,44,3.962146851257259,0.39229667106115285,0.36658016195984305,0.921550063080773,2.3306840286754227,5.197405676887421,44,1905.7467839224655
ct_w4_i5,4,evaluation,width2,101,exact_two_block,44,3.962146851257259,0.39270671317578776,0.3409111678816061,0.9197114380044643,2.0897266256935874,5.197405676887421,44,1905.7467839224655
ct_w4_i5,4,evaluation,width2,101,exact_star,44,3.962146851257259,0.6050832537886315,0.5767605120655747,0.7985848693267524,2.8218061170337365,5.197405676887421,44,1905.7467839224655
ct_w4_i5,4,evaluation,width2,101,projected_target,44,3.962146851257259,0.9866844615911168,1.0,0.23653350279610016,6.020797289396148,5.197405676887421,44,1905.7467839224655
ct_w4_i5,4,evaluation,width3,0,exact_natural,48,3.5605232144933208,1.0,0.9960843685929562,0.0,6.104568423873641,6.104568423873641,48,477.1058875119451
ct_w4_i5,4,evaluation,width3,0,exact_regularized_full,48,3.5605232144933208,0.9233156474233541,0.906274031751824,0.5959634264552514,2.8544463696916003,6.104568423873641,48,477.1058875119451
ct_w4_i5,4,evaluation,width3,0,exact_diagonal,48,3.5605232144933208,0.315880872021812,0.3000792184309054,0.9621623043926283,2.903845250940858,6.104568423873641,48,477.1058875119451
ct_w4_i5,4,evaluation,width3,0,exact_two_block,48,3.5605232144933208,0.6378252847910206,0.623559470582701,0.8344168005619473,1.9337822148575106,6.104568423873641,48,477.1058875119451
ct_w4_i5,4,evaluation,width3,0,exact_star,48,3.5605232144933208,0.35932540656313855,0.3302471273176747,0.9332148512584534,2.18028311862436,6.104568423873641,48,477.1058875119451
ct_w4_i5,4,evaluation,width3,0,projected_target,48,3.5605232144933208,0.9960843685929562,1.0000000000000002,0.08848531991974984,6.103277807866851,6.104568423873641,48,477.1058875119451
ct_w4_i5,4,evaluation,width3,19,exact_natural,48,4.080939962166479,1.0,0.9958049837085545,0.0,6.03528845305183,6.03528845305183,48,664.8539716202603
ct_w4_i5,4,evaluation,width3,19,exact_regularized_full,48,4.080939962166479,0.8886610821642275,0.8785302276206811,0.6259021710049985,2.792321091446898,6.03528845305183,48,664.8539716202603
ct_w4_i5,4,evaluation,width3,19,exact_diagonal,48,4.080939962166479,0.3260812617079503,0.3153062356735642,0.9490792246896345,2.4758332089528126,6.03528845305183,48,664.8539716202603
ct_w4_i5,4,evaluation,width3,19,exact_two_block,48,4.080939962166479,0.5937036193824542,0.587344807849571,0.8510454379689941,1.9110346915148844,6.03528845305183,48,664.8539716202603
ct_w4_i5,4,evaluation,width3,19,exact_star,48,4.080939962166479,0.4134796621462986,0.3996092625769649,0.9133782372704696,2.0592034413250273,6.03528845305183,48,664.8539716202603
ct_w4_i5,4,evaluation,width3,19,projected_target,48,4.080939962166479,0.9958049837085545,1.0000000000000002,0.09279793048610127,6.103277807866851,6.03528845305183,48,664.8539716202603
ct_w4_i5,4,evaluation,width3,42,exact_natural,48,3.8031714722837453,1.0,0.9962549541859615,0.0,5.953752127944275,5.953752127944275,48,700.9301845257557
ct_w4_i5,4,evaluation,width3,42,exact_regularized_full,48,3.8031714722837453,0.8529049139718231,0.8401783528022284,0.6599827903847583,2.6740831966321124,5.953752127944275,48,700.9301845257557
ct_w4_i5,4,evaluation,width3,42,exact_diagonal,48,3.8031714722837453,0.348985439875328,0.3371459651270515,0.93998352491257,1.6418920958487528,5.953752127944275,48,700.9301845257557
ct_w4_i5,4,evaluation,width3,42,exact_two_block,48,3.8031714722837453,0.5685634164005419,0.5647676844422949,0.8739565706781512,1.6283307648822738,5.953752127944275,48,700.9301845257557
ct_w4_i5,4,evaluation,width3,42,exact_star,48,3.8031714722837453,0.6024581285848924,0.5831459407527289,0.8690449148268679,1.5400173760827938,5.953752127944275,48,700.9301845257557
ct_w4_i5,4,evaluation,width3,42,projected_target,48,3.8031714722837453,0.9962549541859615,1.0000000000000002,0.09115339441298594,6.103277807866851,5.953752127944275,48,700.9301845257557
ct_w4_i5,4,evaluation,width3,50,exact_natural,48,4.26994939999996,1.0,0.9980528448129412,0.0,6.0598192537492555,6.0598192537492555,48,360.4614677416226
ct_w4_i5,4,evaluation,width3,50,exact_regularized_full,48,4.26994939999996,0.9102480650027306,0.9063465766054876,0.6057348345293405,2.8367979476408096,6.0598192537492555,48,360.4614677416226
ct_w4_i5,4,evaluation,width3,50,exact_diagonal,48,4.26994939999996,0.2935511217397117,0.280738579919667,0.956743000493295,2.0158537172662587,6.0598192537492555,48,360.4614677416226
ct_w4_i5,4,evaluation,width3,50,exact_two_block,48,4.26994939999996,0.46994094580048745,0.46349927306334937,0.908581395409598,1.5429295797375824,6.0598192537492555,48,360.4614677416226
ct_w4_i5,4,evaluation,width3,50,exact_star,48,4.26994939999996,0.7275658877550647,0.7189454657639668,0.7935917137950332,1.9915136939115767,6.0598192537492555,48,360.4614677416226
ct_w4_i5,4,evaluation,width3,50,projected_target,48,4.26994939999996,0.9980528448129412,1.0000000000000002,0.0630370567173931,6.103277807866851,6.0598192537492555,48,360.4614677416226
ct_w4_i5,4,evaluation,width3,101,exact_natural,48,3.9171898480991736,1.0,0.9971602806252791,0.0,6.091724171484069,6.091724171484069,48,1296.130763889216
ct_w4_i5,4,evaluation,width3,101,exact_regularized_full,48,3.9171898480991736,0.7800301202715021,0.7735694715713476,0.7316322861231322,2.442227312653907,6.091724171484069,48,1296.130763889216
ct_w4_i5,4,evaluation,width3,101,exact_diagonal,48,3.9171898480991736,0.3492005808021091,0.3337692327298337,0.937050680290712,2.1135807264489523,6.091724171484069,48,1296.130763889216
ct_w4_i5,4,evaluation,width3,101,exact_two_block,48,3.9171898480991736,0.34458152046153,0.3322760970817146,0.9388528721677596,2.017108161423846,6.091724171484069,48,1296.130763889216
ct_w4_i5,4,evaluation,width3,101,exact_star,48,3.9171898480991736,0.557958583360027,0.541057099509955,0.8481140862698466,2.3330471773129795,6.091724171484069,48,1296.130763889216
ct_w4_i5,4,evaluation,width3,101,projected_target,48,3.9171898480991736,0.9971602806252791,1.0000000000000002,0.0754573228851277,6.103277807866851,6.091724171484069,48,1296.130763889216
ct_w5_i1,5,calibration,chain,0,exact_natural,31,9.037613777007163,1.0000000000000002,-0.9225704226261142,0.0,2.66251279328876,2.66251279328876,31,828.4008131757014
ct_w5_i1,5,calibration,chain,0,exact_regularized_full,31,9.037613777007163,0.9658042829905175,-0.8854501640257653,0.29696466214334755,2.18594467081344,2.66251279328876,31,828.4008131757014
ct_w5_i1,5,calibration,chain,0,exact_diagonal,31,9.037613777007163,0.7831535512843208,-0.7253118475855466,0.6302459875654872,2.3584952830141512,2.66251279328876,31,828.4008131757014
ct_w5_i1,5,calibration,chain,0,exact_two_block,31,9.037613777007163,0.8735691245034771,-0.8144107405317051,0.4868541466385633,2.3584952830141503,2.66251279328876,31,828.4008131757014
ct_w5_i1,5,calibration,chain,0,exact_star,31,9.037613777007163,0.3899469704842403,-0.240185549012951,1.0014928528455034,2.0866286061200143,2.66251279328876,31,828.4008131757014
ct_w5_i1,5,calibration,chain,0,projected_target,31,9.037613777007163,-0.9225704226261142,1.0000000000000002,2.721688052792298,4.716990566028302,2.66251279328876,31,828.4008131757014
ct_w5_i1,5,calibration,chain,19,exact_natural,31,9.4143925819377,1.0,-0.931959376277493,0.0,2.8991041822227106,2.8991041822227106,31,324.7918790563588
ct_w5_i1,5,calibration,chain,19,exact_regularized_full,31,9.4143925819377,0.9740909634780593,-0.8933696688747709,0.27735906593169013,2.358495283014151,2.8991041822227106,31,324.7918790563588
ct_w5_i1,5,calibration,chain,19,exact_diagonal,31,9.4143925819377,0.7862605052287882,-0.7270982367710779,0.6184964024198112,2.358495283014151,2.8991041822227106,31,324.7918790563588
ct_w5_i1,5,calibration,chain,19,exact_two_block,31,9.4143925819377,0.8779631698546002,-0.8273769800799906,0.4830454234012697,2.358495283014151,2.8991041822227106,31,324.7918790563588
ct_w5_i1,5,calibration,chain,19,exact_star,31,9.4143925819377,0.34865813948013835,-0.18007830965264918,1.0462022738846375,2.358495283014151,2.8991041822227106,31,324.7918790563588
ct_w5_i1,5,calibration,chain,19,projected_target,31,9.4143925819377,-0.931959376277493,1.0000000000000002,2.5845669255639994,4.716990566028302,2.8991041822227106,31,324.7918790563588
ct_w5_i1,5,calibration,chain,42,exact_natural,31,8.889839552168661,1.0000000000000002,-0.9109242622038803,0.0,2.578511456724823,2.578511456724823,31,213.4863896963932
ct_w5_i1,5,calibration,chain,42,exact_regularized_full,31,8.889839552168661,0.9708695962507267,-0.8627755911873015,0.28099958772171924,2.1248878146901586,2.578511456724823,31,213.4863896963932
ct_w5_i1,5,calibration,chain,42,exact_diagonal,31,8.889839552168661,0.787309026783522,-0.6954055606183939,0.6295761469282997,2.358495283014151,2.578511456724823,31,213.4863896963932
ct_w5_i1,5,calibration,chain,42,exact_two_block,31,8.889839552168661,0.8689015723563659,-0.8002978188466527,0.4970966686173171,2.358495283014151,2.578511456724823,31,213.4863896963932
ct_w5_i1,5,calibration,chain,42,exact_star,31,8.889839552168661,0.32887331460895064,-0.14019678261514723,1.070218575548687,2.1463179439766065,2.578511456724823,31,213.4863896963932
ct_w5_i1,5,calibration,chain,42,projected_target,31,8.889839552168661,-0.9109242622038803,1.0000000000000002,2.7711550138268666,4.716990566028302,2.578511456724823,31,213.4863896963932
ct_w5_i1,5,calibration,chain,50,exact_natural,31,8.611831293905826,0.9999999999999999,-0.8640081977611725,0.0,2.526421289087033,2.526421289087033,31,587.8126030667071
ct_w5_i1,5,calibration,chain,50,exact_regularized_full,31,8.611831293905826,0.9591904287200115,-0.831834886002887,0.33449048832379435,1.9718725512590034,2.526421289087033,31,587.8126030667071
ct_w5_i1,5,calibration,chain,50,exact_diagonal,31,8.611831293905826,0.7234796337245974,-0.6925686185283327,0.7215949303193419,2.358495283014151,2.526421289087033,31,587.8126030667071
ct_w5_i1,5,calibration,chain,50,exact_two_block,31,8.611831293905826,0.8354220231141027,-0.7967522621681209,0.5582970746933241,2.358495283014151,2.526421289087033,31,587.8126030667071
ct_w5_i1,5,calibration,chain,50,exact_star,31,8.611831293905826,0.3132031384458543,-0.1215606447031366,1.055921137227404,1.9574547714164952,2.526421289087033,31,587.8126030667071
ct_w5_i1,5,calibration,chain,50,projected_target,31,8.611831293905826,-0.8640081977611725,1.0000000000000002,2.7770930653221004,4.716990566028302,2.526421289087033,31,587.8126030667071
ct_w5_i1,5,calibration,chain,101,exact_natural,31,9.622782507350147,0.9999999999999998,-0.9356816212890264,0.0,3.0883858607863757,3.0883858607863757,31,467.5242429061542
ct_w5_i1,5,calibration,chain,101,exact_regularized_full,31,9.622782507350147,0.9728719244017701,-0.9048535680807005,0.31190918016104413,2.358495283014151,3.0883858607863757,31,467.5242429061542
ct_w5_i1,5,calibration,chain,101,exact_diagonal,31,9.622782507350147,0.7736162841337633,-0.7207933403073185,0.6337324774990878,2.358495283014151,3.0883858607863757,31,467.5242429061542
ct_w5_i1,5,calibration,chain,101,exact_two_block,31,9.622782507350147,0.8665174319579716,-0.832645662412532,0.5096331590001055,2.3584952830141512,3.0883858607863757,31,467.5242429061542
ct_w5_i1,5,calibration,chain,101,exact_star,31,9.622782507350147,0.2970693562372231,-0.18234652209781,1.0627616042388168,2.358495283014151,3.0883858607863757,31,467.5242429061542
ct_w5_i1,5,calibration,chain,101,projected_target,31,9.622782507350147,-0.9356816212890264,1.0000000000000002,2.4881591633530364,4.716990566028302,3.0883858607863757,31,467.5242429061542
ct_w5_i1,5,calibration,problem_tree,0,exact_natural,31,5.740235016381242,1.0,0.597245494802008,0.0,2.5192603197600323,2.5192603197600323,31,858.9594827739265
ct_w5_i1,5,calibration,problem_tree,0,exact_regularized_full,31,5.740235016381242,0.897594994802203,0.2752997360836576,0.48227039268700395,1.7684943131050277,2.5192603197600323,31,858.9594827739265
ct_w5_i1,5,calibration,problem_tree,0,exact_diagonal,31,5.740235016381242,0.5072678049823347,-0.14068097753241537,0.914546616270667,2.04916312838561,2.5192603197600323,31,858.9594827739265
ct_w5_i1,5,calibration,problem_tree,0,exact_two_block,31,5.740235016381242,0.3317157262583713,-0.3402569525456113,1.0837449789699958,2.1795058990212324,2.5192603197600323,31,858.9594827739265
ct_w5_i1,5,calibration,problem_tree,0,exact_star,31,5.740235016381242,0.8654711341084758,0.2984977502207328,0.5241873705248721,1.7915909874060643,2.5192603197600323,31,858.9594827739265
ct_w5_i1,5,calibration,problem_tree,0,projected_target,31,5.740235016381242,0.597245494802008,0.9999999999999999,1.653666551891995,5.1478150704935,2.5192603197600323,31,858.9594827739265
ct_w5_i1,5,calibration,problem_tree,19,exact_natural,31,6.110960736280432,0.9999999999999999,0.7087500757875366,0.0,2.438989404454114,2.438989404454114,31,304.25228700562843
ct_w5_i1,5,calibration,problem_tree,19,exact_regularized_full,31,6.110960736280432,0.9415105763061998,0.4906775424309212,0.4141635213509512,1.709081646474831,2.438989404454114,31,304.25228700562843
ct_w5_i1,5,calibration,problem_tree,19,exact_diagonal,31,6.110960736280432,0.4316408980515018,-0.09108861843734245,0.9731548420791281,1.943396915874134,2.438989404454114,31,304.25228700562843
ct_w5_i1,5,calibration,problem_tree,19,exact_two_block,31,6.110960736280432,0.1683554220858486,-0.3810722286943033,1.1525156359348123,1.8671570569435119,2.438989404454114,31,304.25228700562843
ct_w5_i1,5,calibration,problem_tree,19,exact_star,31,6.110960736280432,0.9218751930595127,0.5263354202890866,0.42857892043595763,1.8018105728248672,2.438989404454114,31,304.25228700562843
ct_w5_i1,5,calibration,problem_tree,19,projected_target,31,6.110960736280432,0.7087500757875366,0.9999999999999999,1.5693798585860415,5.1478150704935,2.438989404454114,31,304.25228700562843
ct_w5_i1,5,calibration,problem_tree,42,exact_natural,31,6.214315306766601,1.0,0.7297108118926555,0.0,2.3444772088921613,2.3444772088921613,31,187.19667304311193
ct_w5_i1,5,calibration,problem_tree,42,exact_regularized_full,31,6.214315306766601,0.9097779837874211,0.48176293019284105,0.46328886767477595,1.6505804555813437,2.3444772088921613,31,187.19667304311193
ct_w5_i1,5,calibration,problem_tree,42,exact_diagonal,31,6.214315306766601,0.47327008030297535,-0.017941698002622842,1.0110709288544133,2.2729821320490307,2.3444772088921613,31,187.19667304311193
ct_w5_i1,5,calibration,problem_tree,42,exact_two_block,31,6.214315306766601,0.13034338499319595,-0.37484202128443866,1.2767619836527377,2.191559175032587,2.3444772088921613,31,187.19667304311193
ct_w5_i1,5,calibration,problem_tree,42,exact_star,31,6.214315306766601,0.9427823942662638,0.6395783029012697,0.3428273868852151,2.023224632436476,2.3444772088921613,31,187.19667304311193
ct_w5_i1,5,calibration,problem_tree,42,projected_target,31,6.214315306766601,0.7297108118926555,0.9999999999999999,1.6176231134273595,5.1478150704935,2.3444772088921613,31,187.19667304311193
ct_w5_i1,5,calibration,problem_tree,50,exact_natural,31,5.394204448733319,1.0000000000000002,0.7377401528227793,0.0,2.3533660518093797,2.3533660518093797,31,297.7860698195011
ct_w5_i1,5,calibration,problem_tree,50,exact_regularized_full,31,5.394204448733319,0.9047116923261094,0.4790769106703526,0.48072265478422366,1.6050113966719222,2.3533660518093797,31,297.7860698195011
ct_w5_i1,5,calibration,problem_tree,50,exact_diagonal,31,5.394204448733319,0.5495180591256763,0.05366246830093947,0.9277086850838722,2.2422205820951664,2.3533660518093797,31,297.7860698195011
ct_w5_i1,5,calibration,problem_tree,50,exact_two_block,31,5.394204448733319,0.20595183714807302,-0.31258518391078854,1.2395178466006562,2.2751271580390053,2.3533660518093797,31,297.7860698195011
ct_w5_i1,5,calibration,problem_tree,50,exact_star,31,5.394204448733319,0.8936847539401642,0.554210121666941,0.4508712628331838,1.9990502584487786,2.3533660518093797,31,297.7860698195011
ct_w5_i1,5,calibration,problem_tree,50,projected_target,31,5.394204448733319,0.7377401528227793,0.9999999999999999,1.599165323325692,5.1478150704935,2.3533660518093797,31,297.7860698195011
ct_w5_i1,5,calibration,problem_tree,101,exact_natural,31,4.628662325180541,1.0000000000000002,0.7452314790815564,0.0,2.5345232622569407,2.5345232622569407,31,498.8070398131895
ct_w5_i1,5,calibration,problem_tree,101,exact_regularized_full,31,4.628662325180541,0.9028504819958342,0.516966207687579,0.4742188926221718,1.7812480268094717,2.5345232622569407,31,498.8070398131895
ct_w5_i1,5,calibration,problem_tree,101,exact_diagonal,31,4.628662325180541,0.5625415666707962,0.15890083838113503,0.8626167958913288,2.0494978989605475,2.5345232622569407,31,498.8070398131895
ct_w5_i1,5,calibration,problem_tree,101,exact_two_block,31,4.628662325180541,0.4125100183005598,-0.08950277751774693,0.9967214049491394,2.070724080531251,2.5345232622569407,31,498.8070398131895
ct_w5_i1,5,calibration,problem_tree,101,exact_star,31,4.628662325180541,0.7289197000400516,0.366367792504717,0.6848131972257981,1.8040766138158633,2.5345232622569407,31,498.8070398131895
ct_w5_i1,5,calibration,problem_tree,101,projected_target,31,4.628662325180541,0.7452314790815564,0.9999999999999999,1.4484584768809516,5.1478150704935,2.5345232622569407,31,498.8070398131895
ct_w5_i1,5,calibration,width2,0,exact_natural,43,4.244805755910964,1.0000000000000002,0.9449761163202851,0.0,4.518273360034107,4.518273360034107,43,323.0374994867018
ct_w5_i1,5,calibration,width2,0,exact_regularized_full,43,4.244805755910964,0.9218993741546341,0.8252208442133843,0.5283934177397669,2.541967893246006,4.518273360034107,43,323.0374994867018
ct_w5_i1,5,calibration,width2,0,exact_diagonal,43,4.244805755910964,0.3845078844410665,0.2886965203381475,0.9244050828243042,1.957322896844275,4.518273360034107,43,323.0374994867018
ct_w5_i1,5,calibration,width2,0,exact_two_block,43,4.244805755910964,0.35724044600704824,0.20132686042192974,0.9344804420595714,1.7477189972827092,4.518273360034107,43,323.0374994867018
ct_w5_i1,5,calibration,width2,0,exact_star,43,4.244805755910964,0.8205990032547159,0.7276851838261599,0.6645408883758287,2.1754874489440374,4.518273360034107,43,323.0374994867018
ct_w5_i1,5,calibration,width2,0,projected_target,43,4.244805755910964,0.9449761163202851,1.0,0.4160887570176977,5.431390245600108,4.518273360034107,43,323.0374994867018
ct_w5_i1,5,calibration,width2,19,exact_natural,43,4.5377108495076275,1.0,0.9702574864132074,0.0,4.741191221250744,4.741191221250744,43,238.23098654082034
ct_w5_i1,5,calibration,width2,19,exact_regularized_full,43,4.5377108495076275,0.9659490851298648,0.9179050844862955,0.47065739943706275,2.7156951228000534,4.741191221250744,43,238.23098654082034
ct_w5_i1,5,calibration,width2,19,exact_diagonal,43,4.5377108495076275,0.3594587273113611,0.3225801759395123,0.9455506448524987,2.427610471473437,4.741191221250744,43,238.23098654082034
ct_w5_i1,5,calibration,width2,19,exact_two_block,43,4.5377108495076275,0.36526821553065925,0.30232238435246733,0.9310045769328662,1.7972265718147369,4.741191221250744,43,238.23098654082034
ct_w5_i1,5,calibration,width2,19,exact_star,43,4.5377108495076275,0.7645753007934969,0.6981230462337562,0.7085099567968506,2.2300739041610678,4.741191221250744,43,238.23098654082034
ct_w5_i1,5,calibration,width2,19,projected_target,43,4.5377108495076275,0.9702574864132074,1.0,0.29889237015303693,5.431390245600108,4.741191221250744,43,238.23098654082034
ct_w5_i1,5,calibration,width2,42,exact_natural,43,5.073385488476194,1.0,0.959163022564039,0.0,4.274111991172266,4.274111991172266,43,277.9421683513293
ct_w5_i1,5,calibration,width2,42,exact_regularized_full,43,5.073385488476194,0.9449349737840452,0.8651579963296009,0.4815450164963518,2.5289148643383554,4.274111991172266,43,277.9421683513293
ct_w5_i1,5,calibration,width2,42,exact_diagonal,43,5.073385488476194,0.34557676317465,0.24493272479393485,0.9410250167548811,1.7777861779501392,4.274111991172266,43,277.9421683513293
ct_w5_i1,5,calibration,width2,42,exact_two_block,43,5.073385488476194,0.3586317252458989,0.22623928487941064,0.9338439679106924,1.6443914548233098,4.274111991172266,43,277.9421683513293
ct_w5_i1,5,calibration,width2,42,exact_star,43,5.073385488476194,0.8587514997961719,0.7926212302002814,0.6412981913264921,2.0221354190899805,4.274111991172266,43,277.9421683513293
ct_w5_i1,5,calibration,width2,42,projected_target,43,5.073385488476194,0.959163022564039,1.0,0.4208346987770984,5.431390245600108,4.274111991172266,43,277.9421683513293
ct_w5_i1,5,calibration,width2,50,exact_natural,43,3.8977381639377544,1.0,0.9664569798877061,0.0,4.468031329635798,4.468031329635798,43,361.22682878739784
ct_w5_i1,5,calibration,width2,50,exact_regularized_full,43,3.8977381639377544,0.9218989282390536,0.8544329468317206,0.5470086639143789,2.393718178426944,4.468031329635798,43,361.22682878739784
ct_w5_i1,5,calibration,width2,50,exact_diagonal,43,3.8977381639377544,0.4076828374155844,0.3454975912439777,0.9347961720474292,2.715695122800054,4.468031329635798,43,361.22682878739784
ct_w5_i1,5,calibration,width2,50,exact_two_block,43,3.8977381639377544,0.3270006432475767,0.1902071994456338,0.9541148257066275,2.0481239750823232,4.468031329635798,43,361.22682878739784
ct_w5_i1,5,calibration,width2,50,exact_star,43,3.8977381639377544,0.6898795561790215,0.6191687992801318,0.7414564912576074,2.36624159521527,4.468031329635798,43,361.22682878739784
ct_w5_i1,5,calibration,width2,50,projected_target,43,3.8977381639377544,0.9664569798877061,1.0,0.35782520672716817,5.431390245600108,4.468031329635798,43,361.22682878739784
ct_w5_i1,5,calibration,width2,101,exact_natural,43,3.9550772570733415,1.0000000000000002,0.9584472924416221,0.0,4.623795924885471,4.623795924885471,43,671.6865328840496
ct_w5_i1,5,calibration,width2,101,exact_regularized_full,43,3.9550772570733415,0.9025947380093897,0.8586455174558324,0.5549209459552884,2.5543290389669613,4.623795924885471,43,671.6865328840496
ct_w5_i1,5,calibration,width2,101,exact_diagonal,43,3.9550772570733415,0.40501886690689204,0.33858211771777535,0.9258205932082509,2.5457061838062573,4.623795924885471,43,671.6865328840496
ct_w5_i1,5,calibration,width2,101,exact_two_block,43,3.9550772570733415,0.5093678005879877,0.4028996344575398,0.8655936723821299,1.9237364872848612,4.623795924885471,43,671.6865328840496
ct_w5_i1,5,calibration,width2,101,exact_star,43,3.9550772570733415,0.607884895256422,0.5229668600535338,0.7980490558340912,2.4406488145366847,4.623795924885471,43,671.6865328840496
ct_w5_i1,5,calibration,width2,101,projected_target,43,3.9550772570733415,0.9584472924416221,1.0,0.35794821022847056,5.431390245600108,4.623795924885471,43,671.6865328840496
ct_w5_i1,5,calibration,width3,0,exact_natural,48,3.724707151924271,0.9999999999999999,0.9892402813449012,0.0,5.18890858404937,5.18890858404937,48,457.7808233298461
ct_w5_i1,5,calibration,width3,0,exact_regularized_full,48,3.724707151924271,0.9262303738994688,0.9048537283454435,0.5437614000624871,2.7726341266023544,5.18890858404937,48,457.7808233298461
ct_w5_i1,5,calibration,width3,0,exact_diagonal,48,3.724707151924271,0.3682218416864025,0.36742131115911847,0.9297970400099995,1.9650566402900278,5.18890858404937,48,457.7808233298461
ct_w5_i1,5,calibration,width3,0,exact_two_block,48,3.724707151924271,0.5144061234347572,0.4772857957649042,0.8773366082355392,1.707742278118971,5.18890858404937,48,457.7808233298461
ct_w5_i1,5,calibration,width3,0,exact_star,48,3.724707151924271,0.7508225878887962,0.740859959710073,0.7384864072539232,2.1820639315552155,5.18890858404937,48,457.7808233298461
ct_w5_i1,5,calibration,width3,0,projected_target,48,3.724707151924271,0.9892402813449012,0.9999999999999999,0.1664748884355556,5.545268253204709,5.18890858404937,48,457.7808233298461
ct_w5_i1,5,calibration,width3,19,exact_natural,48,4.217973885893514,0.9999999999999999,0.991730921405174,0.0,5.165365643175634,5.165365643175634,48,221.20404199156928
ct_w5_i1,5,calibration,width3,19,exact_regularized_full,48,4.217973885893514,0.960855223601615,0.9358197197189652,0.5065590775488081,2.772634126602355,5.165365643175634,48,221.20404199156928
ct_w5_i1,5,calibration,width3,19,exact_diagonal,48,4.217973885893514,0.3652893383708188,0.3385100932636677,0.9312020509180878,2.0105589612375465,5.165365643175634,48,221.20404199156928
ct_w5_i1,5,calibration,width3,19,exact_two_block,48,4.217973885893514,0.568216054092271,0.5248675172722964,0.8481080416394268,1.8744853755445716,5.165365643175634,48,221.20404199156928
ct_w5_i1,5,calibration,width3,19,exact_star,48,4.217973885893514,0.6634632256780106,0.6200915046749151,0.7981527880424706,1.9915479497409843,5.165365643175634,48,221.20404199156928
ct_w5_i1,5,calibration,width3,19,projected_target,48,4.217973885893514,0.991730921405174,0.9999999999999999,0.15219665998194754,5.545268253204709,5.165365643175634,48,221.20404199156928
ct_w5_i1,5,calibration,width3,42,exact_natural,48,4.673451100980422,1.0000000000000002,0.9921945064515373,0.0,5.215163761205626,5.215163761205626,48,133.34015106860102
ct_w5_i1,5,calibration,width3,42,exact_regularized_full,48,4.673451100980422,0.9739444381593747,0.9645039759538439,0.49704919804066117,2.7726341266023544,5.215163761205626,48,133.34015106860102
ct_w5_i1,5,calibration,width3,42,exact_diagonal,48,4.673451100980422,0.4081139839555113,0.3948278413485335,0.9226466338115895,1.4319306550091766,5.215163761205626,48,133.34015106860102
ct_w5_i1,5,calibration,width3,42,exact_two_block,48,4.673451100980422,0.5066621448360346,0.49013712316498526,0.8908385041989634,1.4726894613964092,5.215163761205626,48,133.34015106860102
ct_w5_i1,5,calibration,width3,42,exact_star,48,4.673451100980422,0.9138461973530639,0.9074594051529412,0.6536973449901746,2.09421162893059,5.215163761205626,48,133.34015106860102
ct_w5_i1,5,calibration,width3,42,projected_target,48,4.673451100980422,0.9921945064515373,0.9999999999999999,0.14354662433088825,5.545268253204709,5.215163761205626,48,133.34015106860102
ct_w5_i1,5,calibration,width3,50,exact_natural,48,3.2454274247274295,1.0,0.9916989240928215,0.0,5.2932696233582535,5.2932696233582535,48,655.5780200594412
ct_w5_i1,5,calibration,width3,50,exact_regularized_full,48,3.2454274247274295,0.9128366180573988,0.9079022768352888,0.6005625435352561,2.5007710584864578,5.2932696233582535,48,655.5780200594412
ct_w5_i1,5,calibration,width3,50,exact_diagonal,48,3.2454274247274295,0.32246111495828567,0.33357747221568446,0.967759091539119,2.772634126602354,5.2932696233582535,48,655.5780200594412
ct_w5_i1,5,calibration,width3,50,exact_two_block,48,3.2454274247274295,0.47224134794642014,0.4806567758094798,0.8881176546786265,1.9255613380304866,5.2932696233582535,48,655.5780200594412
ct_w5_i1,5,calibration,width3,50,exact_star,48,3.2454274247274295,0.5426484208100052,0.5524254434920011,0.8475536861442976,2.273178810653866,5.2932696233582535,48,655.5780200594412
ct_w5_i1,5,calibration,width3,50,projected_target,48,3.2454274247274295,0.9916989240928215,0.9999999999999999,0.14021054862912674,5.545268253204709,5.2932696233582535,48,655.5780200594412
ct_w5_i1,5,calibration,width3,101,exact_natural,48,3.2124397308392005,1.0,0.9923085658713335,0.0,5.218932512796557,5.218932512796557,48,752.2326444033115
ct_w5_i1,5,calibration,width3,101,exact_regularized_full,48,3.2124397308392005,0.9212949176778953,0.9223126686513237,0.5507624882574825,2.772634126602355,5.218932512796557,48,752.2326444033115
ct_w5_i1,5,calibration,width3,101,exact_diagonal,48,3.2124397308392005,0.34542765153764693,0.35857465899667484,0.9566687573556255,2.7726341266023544,5.218932512796557,48,752.2326444033115
ct_w5_i1,5,calibration,width3,101,exact_two_block,48,3.2124397308392005,0.5705497393860267,0.5568925079142905,0.8461819991614213,1.913830370488498,5.218932512796557,48,752.2326444033115
ct_w5_i1,5,calibration,width3,101,exact_star,48,3.2124397308392005,0.5045550400537248,0.5150782430344748,0.863586211149112,2.534639195363762,5.218932512796557,48,752.2326444033115
ct_w5_i1,5,calibration,width3,101,projected_target,48,3.2124397308392005,0.9923085658713335,0.9999999999999999,0.14231882981247485,5.545268253204709,5.218932512796557,48,752.2326444033115
ct_w5_i2,5,evaluation,chain,0,exact_natural,31,9.961036887149145,1.0,-0.8613534822739362,0.0,2.980514148810734,2.980514148810734,31,481.27130223445494
ct_w5_i2,5,evaluation,chain,0,exact_regularized_full,31,9.961036887149145,0.9513256374350123,-0.8412304358861018,0.3359002266573901,2.4372375816685765,2.980514148810734,31,481.27130223445494
ct_w5_i2,5,evaluation,chain,0,exact_diagonal,31,9.961036887149145,0.7856819066016655,-0.6989075225811935,0.6297304019108658,2.692582403567252,2.980514148810734,31,481.27130223445494
ct_w5_i2,5,evaluation,chain,0,exact_two_block,31,9.961036887149145,0.8791839114541371,-0.7927370477015548,0.4770973066759324,2.692582403567252,2.980514148810734,31,481.27130223445494
ct_w5_i2,5,evaluation,chain,0,exact_star,31,9.961036887149145,0.32663969811761034,-0.14831908918300304,1.0988769534108507,2.644302047990661,2.980514148810734,31,481.27130223445494
ct_w5_i2,5,evaluation,chain,0,projected_target,31,9.961036887149145,-0.8613534822739362,1.0000000000000002,2.716074883265817,5.385164807134504,2.980514148810734,31,481.27130223445494
ct_w5_i2,5,evaluation,chain,19,exact_natural,31,9.934862311433722,1.0,-0.8410198619748098,0.0,2.944657852166521,2.944657852166521,31,1690.2774564571023
ct_w5_i2,5,evaluation,chain,19,exact_regularized_full,31,9.934862311433722,0.9526435034479647,-0.8263011115519948,0.31519016092505076,2.5610602365786908,2.944657852166521,31,1690.2774564571023
ct_w5_i2,5,evaluation,chain,19,exact_diagonal,31,9.934862311433722,0.8084442850584446,-0.6991985844441523,0.5980330550468757,2.6925824035672514,2.944657852166521,31,1690.2774564571023
ct_w5_i2,5,evaluation,chain,19,exact_two_block,31,9.934862311433722,0.8847733038162771,-0.7780822130891553,0.46696218873941775,2.692582403567252,2.944657852166521,31,1690.2774564571023
ct_w5_i2,5,evaluation,chain,19,exact_star,31,9.934862311433722,0.49960967894949543,-0.219103048730542,0.9604361462334654,2.692582403567252,2.944657852166521,31,1690.2774564571023
ct_w5_i2,5,evaluation,chain,19,projected_target,31,9.934862311433722,-0.8410198619748098,1.0000000000000002,2.724073695115048,5.385164807134504,2.944657852166521,31,1690.2774564571023
ct_w5_i2,5,evaluation,chain,42,exact_natural,31,9.00933252223772,0.9999999999999999,-0.7995158409430446,0.0,2.7314659042175293,2.7314659042175293,31,2510.43345698454
ct_w5_i2,5,evaluation,chain,42,exact_regularized_full,31,9.00933252223772,0.9371244201724765,-0.7310376834779126,0.36494641861080107,2.26823532341553,2.7314659042175293,31,2510.43345698454
ct_w5_i2,5,evaluation,chain,42,exact_diagonal,31,9.00933252223772,0.7887332573006136,-0.6193917230356941,0.6455394644359225,2.692582403567252,2.7314659042175293,31,2510.43345698454
ct_w5_i2,5,evaluation,chain,42,exact_two_block,31,9.00933252223772,0.875929833111043,-0.7245166641323068,0.494783391206751,2.6925824035672523,2.7314659042175293,31,2510.43345698454
ct_w5_i2,5,evaluation,chain,42,exact_star,31,9.00933252223772,0.4528150145848441,-0.07207442155162706,1.025635486300374,2.621488054346206,2.7314659042175293,31,2510.43345698454
ct_w5_i2,5,evaluation,chain,42,projected_target,31,9.00933252223772,-0.7995158409430446,1.0000000000000002,2.8353950475856253,5.385164807134504,2.7314659042175293,31,2510.43345698454
ct_w5_i2,5,evaluation,chain,50,exact_natural,31,9.214291455822465,1.0000000000000002,-0.7308222073697084,0.0,2.8522041499729798,2.8522041499729798,31,1004.4638574714385
ct_w5_i2,5,evaluation,chain,50,exact_regularized_full,31,9.214291455822465,0.936210397073922,-0.7546823732979275,0.3735395355954466,2.309240238563334,2.8522041499729798,31,1004.4638574714385
ct_w5_i2,5,evaluation,chain,50,exact_diagonal,31,9.214291455822465,0.7432429801840252,-0.658608839789425,0.6985038076853934,2.692582403567252,2.8522041499729798,31,1004.4638574714385
ct_w5_i2,5,evaluation,chain,50,exact_two_block,31,9.214291455822465,0.8336408680062926,-0.7463248147522088,0.5632316676658107,2.6925824035672514,2.8522041499729798,31,1004.4638574714385
ct_w5_i2,5,evaluation,chain,50,exact_star,31,9.214291455822465,0.462269351326646,-0.12250633051885239,1.004782229310828,2.66622555321858,2.8522041499729798,31,1004.4638574714385
ct_w5_i2,5,evaluation,chain,50,projected_target,31,9.214291455822465,-0.7308222073697084,1.0000000000000002,2.7063817399268717,5.385164807134504,2.8522041499729798,31,1004.4638574714385
ct_w5_i2,5,evaluation,chain,101,exact_natural,31,10.247260830251669,1.0,-0.867204945304152,0.0,3.3018202708365942,3.3018202708365942,31,400.3494055848943
ct_w5_i2,5,evaluation,chain,101,exact_regularized_full,31,10.247260830251669,0.9642146410756771,-0.8575881832110982,0.30399154148383395,2.6925824035672523,3.3018202708365942,31,400.3494055848943
ct_w5_i2,5,evaluation,chain,101,exact_diagonal,31,10.247260830251669,0.8071919102977758,-0.7118861582001449,0.590347340748538,2.692582403567252,3.3018202708365942,31,400.3494055848943
ct_w5_i2,5,evaluation,chain,101,exact_two_block,31,10.247260830251669,0.8757663585216144,-0.7798297067157773,0.48648455140165114,2.692582403567252,3.3018202708365942,31,400.3494055848943
ct_w5_i2,5,evaluation,chain,101,exact_star,31,10.247260830251669,0.4589056398229605,-0.26894841576612877,0.9573682227181396,2.692582403567252,3.3018202708365942,31,400.3494055848943
ct_w5_i2,5,evaluation,chain,101,projected_target,31,10.247260830251669,-0.867204945304152,1.0000000000000002,2.5473174270487666,5.385164807134504,3.3018202708365942,31,400.3494055848943
ct_w5_i2,5,evaluation,problem_tree,0,exact_natural,31,5.631391217349371,1.0,0.6898502105836746,0.0,2.3832096036050516,2.3832096036050516,31,2334.448014804219
ct_w5_i2,5,evaluation,problem_tree,0,exact_regularized_full,31,5.631391217349371,0.8113492494042653,0.2824420340187647,0.5872656225365365,1.7994654743546468,2.3832096036050516,31,2334.448014804219
ct_w5_i2,5,evaluation,problem_tree,0,exact_diagonal,31,5.631391217349371,0.6337276772897138,0.14845776847143596,0.9098553145078284,2.651879362820179,2.3832096036050516,31,2334.448014804219
ct_w5_i2,5,evaluation,problem_tree,0,exact_two_block,31,5.631391217349371,0.3833314506160009,-0.19341355726595363,1.1316465429672122,2.4719065861366065,2.3832096036050516,31,2334.448014804219
ct_w5_i2,5,evaluation,problem_tree,0,exact_star,31,5.631391217349371,0.8882089440576784,0.5640219263944221,0.4617349236199915,2.2263708514111724,2.3832096036050516,31,2334.448014804219
ct_w5_i2,5,evaluation,problem_tree,0,projected_target,31,5.631391217349371,0.6898502105836746,1.0,1.9084515020422625,5.852349955359813,2.3832096036050516,31,2334.448014804219
ct_w5_i2,5,evaluation,problem_tree,19,exact_natural,31,4.616496522742642,0.9999999999999999,0.8404343913252825,0.0,2.7118276218979602,2.7118276218979602,31,536.1124357420251
ct_w5_i2,5,evaluation,problem_tree,19,exact_regularized_full,31,4.616496522742642,0.836421151850385,0.5475721430432089,0.5798906452667542,1.7546016436426473,2.7118276218979602,31,536.1124357420251
ct_w5_i2,5,evaluation,problem_tree,19,exact_diagonal,31,4.616496522742642,0.47891447015276634,0.3348303870643348,1.0633877814754364,2.9261749776799064,2.7118276218979602,31,536.1124357420251
ct_w5_i2,5,evaluation,problem_tree,19,exact_two_block,31,4.616496522742642,0.3928248389627162,0.07205897454129852,0.995033654625134,2.095779619865614,2.7118276218979602,31,536.1124357420251
ct_w5_i2,5,evaluation,problem_tree,19,exact_star,31,4.616496522742642,0.6798357408758564,0.5151271334919395,0.7609849136351247,2.394536830247504,2.7118276218979602,31,536.1124357420251
ct_w5_i2,5,evaluation,problem_tree,19,projected_target,31,4.616496522742642,0.8404343913252825,1.0,1.4247346177457838,5.852349955359813,2.7118276218979602,31,536.1124357420251
ct_w5_i2,5,evaluation,problem_tree,42,exact_natural,31,5.398409239139366,1.0000000000000002,0.8007876535007934,0.0,2.533265459650593,2.533265459650593,31,1972.5235605158894
ct_w5_i2,5,evaluation,problem_tree,42,exact_regularized_full,31,5.398409239139366,0.841050246326028,0.48800521514304424,0.5803085260015455,1.598476055728779,2.533265459650593,31,1972.5235605158894
ct_w5_i2,5,evaluation,problem_tree,42,exact_diagonal,31,5.398409239139366,0.5320414061363546,0.2761983506954458,0.9380178517401684,2.3703930824054495,2.533265459650593,31,1972.5235605158894
ct_w5_i2,5,evaluation,problem_tree,42,exact_two_block,31,5.398409239139366,0.3138150615394662,-0.05417181441569951,1.1052164615277753,2.2279708545872046,2.533265459650593,31,1972.5235605158894
ct_w5_i2,5,evaluation,problem_tree,42,exact_star,31,5.398409239139366,0.7807433676640352,0.5850221412897858,0.6251602100794617,1.92809204231674,2.533265459650593,31,1972.5235605158894
ct_w5_i2,5,evaluation,problem_tree,42,projected_target,31,5.398409239139366,0.8007876535007934,1.0,1.6239042070213348,5.852349955359813,2.533265459650593,31,1972.5235605158894
ct_w5_i2,5,evaluation,problem_tree,50,exact_natural,31,5.539034455439431,1.0000000000000002,0.6978678616092817,0.0,2.754047219409196,2.754047219409196,31,796.8490811045626
ct_w5_i2,5,evaluation,problem_tree,50,exact_regularized_full,31,5.539034455439431,0.8064742024226519,0.305662211176394,0.6063654093414144,1.8507572354870494,2.754047219409196,31,796.8490811045626
ct_w5_i2,5,evaluation,problem_tree,50,exact_diagonal,31,5.539034455439431,0.4579079078258025,0.19593668420240334,1.0751055116394137,2.9261749776799073,2.754047219409196,31,796.8490811045626
ct_w5_i2,5,evaluation,problem_tree,50,exact_two_block,31,5.539034455439431,0.12272142302099344,-0.3094664246538101,1.257445851854706,2.464544896575477,2.754047219409196,31,796.8490811045626
ct_w5_i2,5,evaluation,problem_tree,50,exact_star,31,5.539034455439431,0.846584159327776,0.5300425164178696,0.5336915677266827,2.4393081676531554,2.754047219409196,31,796.8490811045626
ct_w5_i2,5,evaluation,problem_tree,50,projected_target,31,5.539034455439431,0.6978678616092817,1.0,1.5967736809685584,5.852349955359813,2.754047219409196,31,796.8490811045626
ct_w5_i2,5,evaluation,problem_tree,101,exact_natural,31,5.228032800206904,0.9999999999999999,0.7661145642773445,0.0,2.48275842701796,2.48275842701796,31,1949.5695297569823
ct_w5_i2,5,evaluation,problem_tree,101,exact_regularized_full,31,5.228032800206904,0.8719544054176999,0.4643532718759321,0.5089800622143044,1.8193543108274883,2.48275842701796,31,1949.5695297569823
ct_w5_i2,5,evaluation,problem_tree,101,exact_diagonal,31,5.228032800206904,0.6248051093716677,0.22509688527320512,0.8269738265137331,2.227841404346999,2.48275842701796,31,1949.5695297569823
ct_w5_i2,5,evaluation,problem_tree,101,exact_two_block,31,5.228032800206904,0.42227924844476755,-0.07114570059461073,1.0030412943459548,2.1145925833883306,2.48275842701796,31,1949.5695297569823
ct_w5_i2,5,evaluation,problem_tree,101,exact_star,31,5.228032800206904,0.8193332115499029,0.5062409652116656,0.5759280579513976,2.1701936099278742,2.48275842701796,31,1949.5695297569823
ct_w5_i2,5,evaluation,problem_tree,101,projected_target,31,5.228032800206904,0.7661145642773445,1.0,1.7159868347076137,5.852349955359813,2.48275842701796,31,1949.5695297569823
ct_w5_i2,5,evaluation,width2,0,exact_natural,44,4.99269578265514,1.0000000000000002,0.9596130610500277,0.0,4.997802479586522,4.997802479586522,44,820.2983966144294
ct_w5_i2,5,evaluation,width2,0,exact_regularized_full,44,4.99269578265514,0.8367498345795079,0.7560179897512901,0.6478674863169486,2.4514681792964335,4.997802479586522,44,820.2983966144294
ct_w5_i2,5,evaluation,width2,0,exact_diagonal,44,4.99269578265514,0.37768363034728175,0.2743406149457004,0.9261805527638874,1.9942348895266602,4.997802479586522,44,820.2983966144294
ct_w5_i2,5,evaluation,width2,0,exact_two_block,44,4.99269578265514,0.37444676998032816,0.26578983115111277,0.9273375590014183,1.9356734626119103,4.997802479586522,44,820.2983966144294
ct_w5_i2,5,evaluation,width2,0,exact_star,44,4.99269578265514,0.7788115501919723,0.712169533008822,0.7043181308400458,2.2913990485490183,4.997802479586522,44,820.2983966144294
ct_w5_i2,5,evaluation,width2,0,projected_target,44,4.99269578265514,0.9596130610500277,1.0,0.3869412047319696,6.123724356957945,4.997802479586522,44,820.2983966144294
ct_w5_i2,5,evaluation,width2,19,exact_natural,44,4.666408176581832,0.9999999999999999,0.9657658709931339,0.0,5.157375938624701,5.157375938624701,44,1441.4674397454737
ct_w5_i2,5,evaluation,width2,19,exact_regularized_full,44,4.666408176581832,0.8740445680778034,0.8210642819982024,0.6078088305504992,2.624200762937991,5.157375938624701,44,1441.4674397454737
ct_w5_i2,5,evaluation,width2,19,exact_diagonal,44,4.666408176581832,0.34262594580358685,0.30763596563398926,0.9502006614245065,2.5013900750053986,5.157375938624701,44,1441.4674397454737
ct_w5_i2,5,evaluation,width2,19,exact_two_block,44,4.666408176581832,0.5913911438754976,0.5161054438889132,0.8436536350123705,1.771091422116271,5.157375938624701,44,1441.4674397454737
ct_w5_i2,5,evaluation,width2,19,exact_star,44,4.666408176581832,0.641530233777367,0.576923912224833,0.803722350701245,2.0715876395304313,5.157375938624701,44,1441.4674397454737
ct_w5_i2,5,evaluation,width2,19,projected_target,44,4.666408176581832,0.9657658709931339,1.0,0.3411826609942516,6.123724356957945,5.157375938624701,44,1441.4674397454737
ct_w5_i2,5,evaluation,width2,42,exact_natural,44,4.717614865084068,1.0,0.9643672363971423,0.0,5.2019213046856825,5.2019213046856825,44,848.2661232296259
ct_w5_i2,5,evaluation,width2,42,exact_regularized_full,44,4.717614865084068,0.8820868146422454,0.8053509422136053,0.615116793508106,2.531018178044768,5.2019213046856825,44,848.2661232296259
ct_w5_i2,5,evaluation,width2,42,exact_diagonal,44,4.717614865084068,0.362469900070744,0.2931197581960309,0.9327033228173964,2.0745291294570873,5.2019213046856825,44,848.2661232296259
ct_w5_i2,5,evaluation,width2,42,exact_two_block,44,4.717614865084068,0.46673214741124597,0.37104183487610803,0.8900037017574775,1.909131581231752,5.2019213046856825,44,848.2661232296259
ct_w5_i2,5,evaluation,width2,42,exact_star,44,4.717614865084068,0.6662026905047992,0.6160421614322392,0.7913408367320741,2.0887794318369712,5.2019213046856825,44,848.2661232296259
ct_w5_i2,5,evaluation,width2,42,projected_target,44,4.717614865084068,0.9643672363971423,1.0,0.33955186309492646,6.123724356957945,5.2019213046856825,44,848.2661232296259
ct_w5_i2,5,evaluation,width2,50,exact_natural,44,5.218384743528484,1.0,0.9588187407451567,0.0,5.06989842399121,5.06989842399121,44,414.32173842560417
ct_w5_i2,5,evaluation,width2,50,exact_regularized_full,44,5.218384743528484,0.8897629965613839,0.7937137624577811,0.590062599403557,2.6150282656510866,5.06989842399121,44,414.32173842560417
ct_w5_i2,5,evaluation,width2,50,exact_diagonal,44,5.218384743528484,0.3499826715338232,0.24568298664903584,0.9480807279050011,2.515084017779796,5.06989842399121,44,414.32173842560417
ct_w5_i2,5,evaluation,width2,50,exact_two_block,44,5.218384743528484,0.46034732669615386,0.3076587557510498,0.8877562111586554,2.3057994864023796,5.06989842399121,44,414.32173842560417
ct_w5_i2,5,evaluation,width2,50,exact_star,44,5.218384743528484,0.6863830815704766,0.6246466754169787,0.7473037795491833,2.6078600471483098,5.06989842399121,44,414.32173842560417
ct_w5_i2,5,evaluation,width2,50,projected_target,44,5.218384743528484,0.9588187407451567,1.0,0.37774046831573,6.123724356957945,5.06989842399121,44,414.32173842560417
ct_w5_i2,5,evaluation,width2,101,exact_natural,44,4.720162535477023,1.0,0.9641189228995871,0.0,4.896169365046029,4.896169365046029,44,1499.6097625345255
ct_w5_i2,5,evaluation,width2,101,exact_regularized_full,44,4.720162535477023,0.9170936924484655,0.8425853724745201,0.556777065916813,2.5872697012669352,4.896169365046029,44,1499.6097625345255
ct_w5_i2,5,evaluation,width2,101,exact_diagonal,44,4.720162535477023,0.34696112203120283,0.27437449696174404,0.9537543399923848,2.5472367180086164,4.896169365046029,44,1499.6097625345255
ct_w5_i2,5,evaluation,width2,101,exact_two_block,44,4.720162535477023,0.4580202663186355,0.329355329868169,0.8921439554856874,1.872781830855103,4.896169365046029,44,1499.6097625345255
ct_w5_i2,5,evaluation,width2,101,exact_star,44,4.720162535477023,0.6909645373894773,0.6219790834287761,0.7592013546987941,2.2472241521252605,4.896169365046029,44,1499.6097625345255
ct_w5_i2,5,evaluation,width2,101,projected_target,44,4.720162535477023,0.9641189228995871,1.0,0.39065765809273967,6.123724356957945,4.896169365046029,44,1499.6097625345255
ct_w5_i2,5,evaluation,width3,0,exact_natural,48,4.503947233129498,1.0,0.9831264955659085,0.0,5.584580790012233,5.584580790012233,48,446.4374921909827
ct_w5_i2,5,evaluation,width3,0,exact_regularized_full,48,4.503947233129498,0.8981249194166758,0.8687510623561312,0.6110646202871921,2.6461276849841595,5.584580790012233,48,446.4374921909827
ct_w5_i2,5,evaluation,width3,0,exact_diagonal,48,4.503947233129498,0.35722724286511043,0.3409544863488771,0.9342451185086891,1.8798022037185182,5.584580790012233,48,446.4374921909827
ct_w5_i2,5,evaluation,width3,0,exact_two_block,48,4.503947233129498,0.484119868684008,0.45081927435245533,0.8995899543691632,1.537055452641343,5.584580790012233,48,446.4374921909827
ct_w5_i2,5,evaluation,width3,0,exact_star,48,4.503947233129498,0.7567719047383463,0.7439897234018006,0.7716785167698876,1.935952991932723,5.584580790012233,48,446.4374921909827
ct_w5_i2,5,evaluation,width3,0,projected_target,48,4.503947233129498,0.9831264955659085,1.0,0.22322805359444428,6.2048368229954285,5.584580790012233,48,446.4374921909827
ct_w5_i2,5,evaluation,width3,19,exact_natural,48,4.345526799527246,1.0,0.991315179269932,0.0,5.754045546420534,5.754045546420534,48,1253.9324533997599
ct_w5_i2,5,evaluation,width3,19,exact_regularized_full,48,4.345526799527246,0.8770996422108928,0.8667578767987175,0.6204428573329239,2.786965806218957,5.754045546420534,48,1253.9324533997599
ct_w5_i2,5,evaluation,width3,19,exact_diagonal,48,4.345526799527246,0.36076698901524457,0.3498660884573463,0.9327707283801189,1.9916850138051556,5.754045546420534,48,1253.9324533997599
ct_w5_i2,5,evaluation,width3,19,exact_two_block,48,4.345526799527246,0.6363470199470825,0.6217740873082307,0.8411917729476747,1.731251433931031,5.754045546420534,48,1253.9324533997599
ct_w5_i2,5,evaluation,width3,19,exact_star,48,4.345526799527246,0.5691973676067673,0.5565358118153146,0.8531615988662656,1.9646999837956114,5.754045546420534,48,1253.9324533997599
ct_w5_i2,5,evaluation,width3,19,projected_target,48,4.345526799527246,0.991315179269932,1.0,0.15769629050861075,6.2048368229954285,5.754045546420534,48,1253.9324533997599
ct_w5_i2,5,evaluation,width3,42,exact_natural,48,4.355732493353907,0.9999999999999998,0.9878346957646301,0.0,5.661168562628927,5.661168562628927,48,808.1944711949508
ct_w5_i2,5,evaluation,width3,42,exact_regularized_full,48,4.355732493353907,0.8758893271987968,0.843317145100711,0.6267230728426604,2.6943450065140566,5.661168562628927,48,808.1944711949508
ct_w5_i2,5,evaluation,width3,42,exact_diagonal,48,4.355732493353907,0.357873515717973,0.3374661208757064,0.933854886781508,1.9547318586376492,5.661168562628927,48,808.1944711949508
ct_w5_i2,5,evaluation,width3,42,exact_two_block,48,4.355732493353907,0.5254036328551546,0.4965926436377013,0.8822692586319704,1.6534157970952754,5.661168562628927,48,808.1944711949508
ct_w5_i2,5,evaluation,width3,42,exact_star,48,4.355732493353907,0.590748825786482,0.5581239968929066,0.841770688619016,1.9860956806860834,5.661168562628927,48,808.1944711949508
ct_w5_i2,5,evaluation,width3,42,projected_target,48,4.355732493353907,0.9878346957646301,1.0,0.18944614231666576,6.2048368229954285,5.661168562628927,48,808.1944711949508
ct_w5_i2,5,evaluation,width3,50,exact_natural,48,4.524517696558652,0.9999999999999999,0.9740427270371782,0.0,5.570070359922559,5.570070359922559,48,398.08564745111744
ct_w5_i2,5,evaluation,width3,50,exact_regularized_full,48,4.524517696558652,0.916006217086886,0.8563191649484878,0.5791412923080538,2.77560911643724,5.570070359922559,48,398.08564745111744
ct_w5_i2,5,evaluation,width3,50,exact_diagonal,48,4.524517696558652,0.32799564566561623,0.3075420627202116,0.9720353605348419,3.1024184114977142,5.570070359922559,48,398.08564745111744
ct_w5_i2,5,evaluation,width3,50,exact_two_block,48,4.524517696558652,0.5040134659843425,0.44793573308226703,0.8719577894155494,2.140376916460318,5.570070359922559,48,398.08564745111744
ct_w5_i2,5,evaluation,width3,50,exact_star,48,4.524517696558652,0.621725475902967,0.5809321246790267,0.8014886800788061,2.5157058345024024,5.570070359922559,48,398.08564745111744
ct_w5_i2,5,evaluation,width3,50,projected_target,48,4.524517696558652,0.9740427270371782,1.0,0.26611589903584454,6.2048368229954285,5.570070359922559,48,398.08564745111744
ct_w5_i2,5,evaluation,width3,101,exact_natural,48,4.973215784907948,0.9999999999999999,0.9882447700289813,0.0,5.638770001988663,5.638770001988663,48,1141.8573197768426
ct_w5_i2,5,evaluation,width3,101,exact_regularized_full,48,4.973215784907948,0.9276100548909589,0.917996111419239,0.5645191616869577,2.8439587881264106,5.638770001988663,48,1141.8573197768426
ct_w5_i2,5,evaluation,width3,101,exact_diagonal,48,4.973215784907948,0.36139134470630313,0.35586203482205075,0.938220432518855,1.4501442496068944,5.638770001988663,48,1141.8573197768426
ct_w5_i2,5,evaluation,width3,101,exact_two_block,48,4.973215784907948,0.5396531689006853,0.5346803310859739,0.8852793090131496,1.499305686379674,5.638770001988663,48,1141.8573197768426
ct_w5_i2,5,evaluation,width3,101,exact_star,48,4.973215784907948,0.7938153260251275,0.7838768132241974,0.7657236657645264,1.8525955811297605,5.638770001988663,48,1141.8573197768426
ct_w5_i2,5,evaluation,width3,101,projected_target,48,4.973215784907948,0.9882447700289813,1.0,0.18960078379897036,6.2048368229954285,5.638770001988663,48,1141.8573197768426
ct_w5_i3,5,evaluation,chain,0,exact_natural,31,9.784922829611089,1.0,-0.8578313384603493,0.0,2.9827865043053934,2.9827865043053934,31,2673.586916910003
ct_w5_i3,5,evaluation,chain,0,exact_regularized_full,31,9.784922829611089,0.9508405248111745,-0.7477596933196562,0.3391867305750866,2.4234359796613654,2.9827865043053934,31,2673.586916910003
ct_w5_i3,5,evaluation,chain,0,exact_diagonal,31,9.784922829611089,0.8036745885045251,-0.6496513692751399,0.6020196311836927,2.6692695630078282,2.9827865043053934,31,2673.586916910003
ct_w5_i3,5,evaluation,chain,0,exact_two_block,31,9.784922829611089,0.8904776155990909,-0.7326197785211908,0.45504845494061796,2.669269563007828,2.9827865043053934,31,2673.586916910003
ct_w5_i3,5,evaluation,chain,0,exact_star,31,9.784922829611089,0.3170141168347774,0.018147799815821396,1.1106052576819885,2.669269563007828,2.9827865043053934,31,2673.586916910003
ct_w5_i3,5,evaluation,chain,0,projected_target,31,9.784922829611089,-0.8578313384603493,1.0,2.6970325363741328,5.338539126015656,2.9827865043053934,31,2673.586916910003
ct_w5_i3,5,evaluation,chain,19,exact_natural,31,9.890437588489592,1.0,-0.8624495121313995,0.0,2.8076882396856213,2.8076882396856213,31,1821.5148301900758
ct_w5_i3,5,evaluation,chain,19,exact_regularized_full,31,9.890437588489592,0.9786362186852026,-0.7946109901340447,0.2262672776272727,2.482446027023346,2.8076882396856213,31,1821.5148301900758
ct_w5_i3,5,evaluation,chain,19,exact_diagonal,31,9.890437588489592,0.8506534456479861,-0.6750547572955872,0.5351617079353443,2.6692695630078274,2.8076882396856213,31,1821.5148301900758
ct_w5_i3,5,evaluation,chain,19,exact_two_block,31,9.890437588489592,0.9241181481131667,-0.7497107830532935,0.38303035111060296,2.669269563007828,2.8076882396856213,31,1821.5148301900758
ct_w5_i3,5,evaluation,chain,19,exact_star,31,9.890437588489592,0.49798718659206004,-0.1302326934144767,0.9614615673631166,2.5639738108192973,2.8076882396856213,31,1821.5148301900758
ct_w5_i3,5,evaluation,chain,19,projected_target,31,9.890437588489592,-0.8624495121313995,1.0,2.809812512750242,5.338539126015656,2.8076882396856213,31,1821.5148301900758
ct_w5_i3,5,evaluation,chain,42,exact_natural,31,9.737839538527739,1.0000000000000002,-0.8138685930949503,0.0,2.7489674366262666,2.7489674366262666,31,1126.400044929103
ct_w5_i3,5,evaluation,chain,42,exact_regularized_full,31,9.737839538527739,0.9794009902927957,-0.769299120778676,0.2219036816491781,2.4393834878254337,2.7489674366262666,31,1126.400044929103
ct_w5_i3,5,evaluation,chain,42,exact_diagonal,31,9.737839538527739,0.8463904834025401,-0.6768950762893728,0.5469485280192861,2.669269563007828,2.7489674366262666,31,1126.400044929103
ct_w5_i3,5,evaluation,chain,42,exact_two_block,31,9.737839538527739,0.9054518534812513,-0.7758427011680104,0.4294817323825768,2.6692695630078282,2.7489674366262666,31,1126.400044929103
ct_w5_i3,5,evaluation,chain,42,exact_star,31,9.737839538527739,0.46965275481963226,-0.08031948095586999,1.0107437494249318,2.6438667422226536,2.7489674366262666,31,1126.400044929103
ct_w5_i3,5,evaluation,chain,42,projected_target,31,9.737839538527739,-0.8138685930949503,1.0,2.8164727172057136,5.338539126015656,2.7489674366262666,31,1126.400044929103
ct_w5_i3,5,evaluation,chain,50,exact_natural,31,9.794113694821213,1.0,-0.8177520730994456,0.0,2.7137824156416888,2.7137824156416888,31,2788.6672018270706
ct_w5_i3,5,evaluation,chain,50,exact_regularized_full,31,9.794113694821213,0.9571962505446265,-0.7161792319231248,0.31503856625224086,2.2600430882790423,2.7137824156416888,31,2788.6672018270706
ct_w5_i3,5,evaluation,chain,50,exact_diagonal,31,9.794113694821213,0.8285784311423041,-0.6337453717717993,0.5809377685934112,2.6692695630078282,2.7137824156416888,31,2788.6672018270706
ct_w5_i3,5,evaluation,chain,50,exact_two_block,31,9.794113694821213,0.9023532245545409,-0.7025346810780477,0.43858783412169716,2.6692695630078282,2.7137824156416888,31,2788.6672018270706
ct_w5_i3,5,evaluation,chain,50,exact_star,31,9.794113694821213,0.3241378137178536,0.07109849070399425,1.129845066680803,2.5560788817711324,2.7137824156416888,31,2788.6672018270706
ct_w5_i3,5,evaluation,chain,50,projected_target,31,9.794113694821213,-0.8177520730994456,1.0,2.84380231324656,5.338539126015656,2.7137824156416888,31,2788.6672018270706
ct_w5_i3,5,evaluation,chain,101,exact_natural,31,10.351196045145569,1.0000000000000002,-0.8624249552657705,0.0,3.099007256511144,3.099007256511144,31,1055.1702373595645
ct_w5_i3,5,evaluation,chain,101,exact_regularized_full,31,10.351196045145569,0.9525580583632014,-0.7719322444933849,0.3270898080443732,2.5806901937740596,3.099007256511144,31,1055.1702373595645
ct_w5_i3,5,evaluation,chain,101,exact_diagonal,31,10.351196045145569,0.8406874635719268,-0.6675842257282263,0.5419139459252988,2.669269563007828,3.099007256511144,31,1055.1702373595645
ct_w5_i3,5,evaluation,chain,101,exact_two_block,31,10.351196045145569,0.9019297010007838,-0.739546341284837,0.43378693748332975,2.669269563007828,3.099007256511144,31,1055.1702373595645
ct_w5_i3,5,evaluation,chain,101,exact_star,31,10.351196045145569,0.35181348815365,-0.04810647647728131,1.0657555468202609,2.669269563007828,3.099007256511144,31,1055.1702373595645
ct_w5_i3,5,evaluation,chain,101,projected_target,31,10.351196045145569,-0.8624249552657705,1.0,2.6341778420984725,5.338539126015656,3.099007256511144,31,1055.1702373595645
ct_w5_i3,5,evaluation,problem_tree,0,exact_natural,31,4.60041713368272,1.0,0.7632505630637797,0.0,3.0345316313222237,3.0345316313222237,31,768.1916828533505
ct_w5_i3,5,evaluation,problem_tree,0,exact_regularized_full,31,4.60041713368272,0.8333387054174803,0.40335814857258934,0.5769189503492632,2.027507936717168,3.0345316313222237,31,768.1916828533505
ct_w5_i3,5,evaluation,problem_tree,0,exact_diagonal,31,4.60041713368272,0.5223123044363597,0.22168488945908915,0.9669982175142683,2.9685855217594797,3.0345316313222237,31,768.1916828533505
ct_w5_i3,5,evaluation,problem_tree,0,exact_two_block,31,4.60041713368272,0.22344851773809976,-0.2359466498792419,1.2328111679463738,2.968585521759479,3.0345316313222237,31,768.1916828533505
ct_w5_i3,5,evaluation,problem_tree,0,exact_star,31,4.60041713368272,0.8014741044303771,0.512565000031497,0.6236147689926352,2.9685855217594797,3.0345316313222237,31,768.1916828533505
ct_w5_i3,5,evaluation,problem_tree,0,projected_target,31,4.60041713368272,0.7632505630637797,1.0,1.356974293775069,5.937171043518958,3.0345316313222237,31,768.1916828533505
ct_w5_i3,5,evaluation,problem_tree,19,exact_natural,31,4.708518570563211,1.0,0.90067412091648,0.0,3.234262381698798,3.234262381698798,31,500.93335147315776
ct_w5_i3,5,evaluation,problem_tree,19,exact_regularized_full,31,4.708518570563211,0.8397934980199819,0.6406107894914418,0.6033915640783186,1.8644845029098094,3.234262381698798,31,500.93335147315776
ct_w5_i3,5,evaluation,problem_tree,19,exact_diagonal,31,4.708518570563211,0.466678520209834,0.3064164854313397,0.9928604270580075,2.968585521759479,3.234262381698798,31,500.93335147315776
ct_w5_i3,5,evaluation,problem_tree,19,exact_two_block,31,4.708518570563211,0.18221648855193723,-0.08548522599210621,1.1242616918706816,2.352430821009869,3.234262381698798,31,500.93335147315776
ct_w5_i3,5,evaluation,problem_tree,19,exact_star,31,4.708518570563211,0.688415219194129,0.5562787560849011,0.7324990697220922,2.557461274100484,3.234262381698798,31,500.93335147315776
ct_w5_i3,5,evaluation,problem_tree,19,projected_target,31,4.708518570563211,0.90067412091648,1.0,1.0310577580393245,5.937171043518958,3.234262381698798,31,500.93335147315776
ct_w5_i3,5,evaluation,problem_tree,42,exact_natural,31,5.1564678180657415,1.0,0.835348262996262,0.0,2.9838401462654365,2.9838401462654365,31,455.25768744615135
ct_w5_i3,5,evaluation,problem_tree,42,exact_regularized_full,31,5.1564678180657415,0.7932242895189872,0.4501251176306867,0.6377859686247394,1.8009016036928571,2.9838401462654365,31,455.25768744615135
ct_w5_i3,5,evaluation,problem_tree,42,exact_diagonal,31,5.1564678180657415,0.43494977669553475,0.16728496012225347,1.0603532631408927,2.968585521759479,2.9838401462654365,31,455.25768744615135
ct_w5_i3,5,evaluation,problem_tree,42,exact_two_block,31,5.1564678180657415,0.1610736522499388,-0.241626322949492,1.2238254981022512,2.6399239440359095,2.9838401462654365,31,455.25768744615135
ct_w5_i3,5,evaluation,problem_tree,42,exact_star,31,5.1564678180657415,0.7702941799947745,0.589751001515189,0.6442470760469244,2.57202890211111,2.9838401462654365,31,455.25768744615135
ct_w5_i3,5,evaluation,problem_tree,42,projected_target,31,5.1564678180657415,0.835348262996262,1.0,1.2786300365101817,5.937171043518958,2.9838401462654365,31,455.25768744615135
ct_w5_i3,5,evaluation,problem_tree,50,exact_natural,31,4.853692048788345,1.0,0.807923223112597,0.0,3.030660190577912,3.030660190577912,31,867.3426266743057
ct_w5_i3,5,evaluation,problem_tree,50,exact_regularized_full,31,4.853692048788345,0.7515701931619648,0.37146541554839924,0.6788357096525579,1.7921320504653449,3.030660190577912,31,867.3426266743057
ct_w5_i3,5,evaluation,problem_tree,50,exact_diagonal,31,4.853692048788345,0.4437893075279945,0.21982018779728307,1.0440574886722631,2.968585521759479,3.030660190577912,31,867.3426266743057
ct_w5_i3,5,evaluation,problem_tree,50,exact_two_block,31,4.853692048788345,0.14413214010924538,-0.221461647044361,1.2308932762385691,2.655358848202224,3.030660190577912,31,867.3426266743057
ct_w5_i3,5,evaluation,problem_tree,50,exact_star,31,4.853692048788345,0.7106603210683734,0.48607541475655325,0.7476577250286194,2.920653732877589,3.030660190577912,31,867.3426266743057
ct_w5_i3,5,evaluation,problem_tree,50,projected_target,31,4.853692048788345,0.807923223112597,1.0,1.293181985347896,5.937171043518958,3.030660190577912,31,867.3426266743057
ct_w5_i3,5,evaluation,problem_tree,101,exact_natural,31,4.544523377542296,1.0,0.8577772434243423,0.0,3.1215108753579304,3.1215108753579304,31,512.4951270751367
ct_w5_i3,5,evaluation,problem_tree,101,exact_regularized_full,31,4.544523377542296,0.8433940336492008,0.5656629847689801,0.5881351700813262,1.8859993281582923,3.1215108753579304,31,512.4951270751367
ct_w5_i3,5,evaluation,problem_tree,101,exact_diagonal,31,4.544523377542296,0.4758839268864129,0.280774047139706,0.9996391856715087,2.9685855217594788,3.1215108753579304,31,512.4951270751367
ct_w5_i3,5,evaluation,problem_tree,101,exact_two_block,31,4.544523377542296,0.14880965778228994,-0.1950954146604327,1.1981862245003827,2.5765413310651972,3.1215108753579304,31,512.4951270751367
ct_w5_i3,5,evaluation,problem_tree,101,exact_star,31,4.544523377542296,0.7644096631341861,0.6268755979155084,0.6549580954058669,2.745998234989641,3.1215108753579304,31,512.4951270751367
ct_w5_i3,5,evaluation,problem_tree,101,projected_target,31,4.544523377542296,0.8577772434243423,1.0,1.1638976510373602,5.937171043518958,3.1215108753579304,31,512.4951270751367
ct_w5_i3,5,evaluation,width2,0,exact_natural,43,3.7871869414983017,1.0000000000000002,0.979758188283442,0.0,5.198832199409635,5.198832199409635,43,346.5760421091463
ct_w5_i3,5,evaluation,width2,0,exact_regularized_full,43,3.7871869414983017,0.9366789031968327,0.8769777796463867,0.5406267511245291,2.728344482364125,5.198832199409635,43,346.5760421091463
ct_w5_i3,5,evaluation,width2,0,exact_diagonal,43,3.7871869414983017,0.3683405481684376,0.29119712034450074,0.9395833217126782,2.6218973544156525,5.198832199409635,43,346.5760421091463
ct_w5_i3,5,evaluation,width2,0,exact_two_block,43,3.7871869414983017,0.23589439573471271,0.12666471224654421,0.9890138797777406,2.1820929849092607,5.198832199409635,43,346.5760421091463
ct_w5_i3,5,evaluation,width2,0,exact_star,43,3.7871869414983017,0.7584088506529904,0.6954064756563872,0.6970640715955986,2.657957576740468,5.198832199409635,43,346.5760421091463
ct_w5_i3,5,evaluation,width2,0,projected_target,43,3.7871869414983017,0.979758188283442,1.0000000000000002,0.2900306606251254,6.18465843842649,5.198832199409635,43,346.5760421091463
ct_w5_i3,5,evaluation,width2,19,exact_natural,43,3.537713078418598,1.0,0.9875051082282562,0.0,5.763851382346069,5.763851382346069,43,235.2454474123522
ct_w5_i3,5,evaluation,width2,19,exact_regularized_full,43,3.537713078418598,0.9551071384320633,0.9248319791297607,0.5261917680349291,2.998599333629132,5.763851382346069,43,235.2454474123522
ct_w5_i3,5,evaluation,width2,19,exact_diagonal,43,3.537713078418598,0.3394116437280718,0.3296484353121538,0.9571084064207562,2.975343161580492,5.763851382346069,43,235.2454474123522
ct_w5_i3,5,evaluation,width2,19,exact_two_block,43,3.537713078418598,0.5450717075971122,0.5127409283142358,0.8689505358028148,1.825101794359128,5.763851382346069,43,235.2454474123522
ct_w5_i3,5,evaluation,width2,19,exact_star,43,3.537713078418598,0.6486224498322744,0.6484774165468419,0.8089203479133538,2.1594026381529106,5.763851382346069,43,235.2454474123522
ct_w5_i3,5,evaluation,width2,19,projected_target,43,3.537713078418598,0.9875051082282562,1.0000000000000002,0.17928859312101028,6.18465843842649,5.763851382346069,43,235.2454474123522
ct_w5_i3,5,evaluation,width2,42,exact_natural,43,4.166132912424132,1.0000000000000002,0.9743950775050434,0.0,5.361472045612245,5.361472045612245,43,839.2347482601425
ct_w5_i3,5,evaluation,width2,42,exact_regularized_full,43,4.166132912424132,0.8986185066638326,0.8414621358548993,0.5881828020698733,2.717519131329089,5.361472045612245,43,839.2347482601425
ct_w5_i3,5,evaluation,width2,42,exact_diagonal,43,4.166132912424132,0.3560895462750607,0.3055713684320596,0.9398527079928402,2.448595321730095,5.361472045612245,43,839.2347482601425
ct_w5_i3,5,evaluation,width2,42,exact_two_block,43,4.166132912424132,0.43845093214867936,0.3132241332433603,0.9032594050821814,1.8677105973140693,5.361472045612245,43,839.2347482601425
ct_w5_i3,5,evaluation,width2,42,exact_star,43,4.166132912424132,0.6864298775250874,0.6617961917093347,0.7701282046751715,2.320917495191786,5.361472045612245,43,839.2347482601425
ct_w5_i3,5,evaluation,width2,42,projected_target,43,4.166132912424132,0.9743950775050434,1.0000000000000002,0.287482519375494,6.18465843842649,5.361472045612245,43,839.2347482601425
ct_w5_i3,5,evaluation,width2,50,exact_natural,43,4.397434010078026,1.0,0.9766683140107094,0.0,5.293829184583093,5.293829184583093,43,384.5711023455918
ct_w5_i3,5,evaluation,width2,50,exact_regularized_full,43,4.397434010078026,0.8882776359489747,0.816731780978468,0.5980696223892449,2.6746086413038914,5.293829184583093,43,384.5711023455918
ct_w5_i3,5,evaluation,width2,50,exact_diagonal,43,4.397434010078026,0.29883749654893993,0.23946401309304133,0.9869067837568819,2.9137778332652946,5.293829184583093,43,384.5711023455918
ct_w5_i3,5,evaluation,width2,50,exact_two_block,43,4.397434010078026,0.21544532686869866,0.12157785035417412,0.9900702137337115,2.0048319436797515,5.293829184583093,43,384.5711023455918
ct_w5_i3,5,evaluation,width2,50,exact_star,43,4.397434010078026,0.7265826072117053,0.6675497578247167,0.7098589297523795,2.9020529623580065,5.293829184583093,43,384.5711023455918
ct_w5_i3,5,evaluation,width2,50,projected_target,43,4.397434010078026,0.9766683140107094,1.0000000000000002,0.2878069858663601,6.18465843842649,5.293829184583093,43,384.5711023455918
ct_w5_i3,5,evaluation,width2,101,exact_natural,43,4.22918931214817,0.9999999999999999,0.9714399413090542,0.0,5.102226004648914,5.102226004648914,43,779.0757474981984
ct_w5_i3,5,evaluation,width2,101,exact_regularized_full,43,4.22918931214817,0.9336741822821396,0.8557202731341549,0.5290153766360979,2.777190795916372,5.102226004648914,43,779.0757474981984
ct_w5_i3,5,evaluation,width2,101,exact_diagonal,43,4.22918931214817,0.40623387356327784,0.33888963123364085,0.9167556216364764,2.449945488598928,5.102226004648914,43,779.0757474981984
ct_w5_i3,5,evaluation,width2,101,exact_two_block,43,4.22918931214817,0.523317281279211,0.40419210936763145,0.8596006444127086,2.0934131079888694,5.102226004648914,43,779.0757474981984
ct_w5_i3,5,evaluation,width2,101,exact_star,43,4.22918931214817,0.7090500104931975,0.6626363859234591,0.7329694448985338,2.5973376361449554,5.102226004648914,43,779.0757474981984
ct_w5_i3,5,evaluation,width2,101,projected_target,43,4.22918931214817,0.9714399413090542,1.0000000000000002,0.3380019506524682,6.18465843842649,5.102226004648914,43,779.0757474981984
ct_w5_i3,5,evaluation,width3,0,exact_natural,47,3.6879511047307396,1.0,0.9932120247681399,0.0,5.782841989052952,5.782841989052952,47,354.8217431634974
ct_w5_i3,5,evaluation,width3,0,exact_regularized_full,47,3.6879511047307396,0.9584159080031504,0.933743008704662,0.5050760637478997,3.1324910215354165,5.782841989052952,47,354.8217431634974
ct_w5_i3,5,evaluation,width3,0,exact_diagonal,47,3.6879511047307396,0.39463202419007054,0.36045110350782933,0.9236445415740406,1.7379641250028754,5.782841989052952,47,354.8217431634974
ct_w5_i3,5,evaluation,width3,0,exact_two_block,47,3.6879511047307396,0.5498420791886419,0.5065486618895957,0.8669216392794563,1.8373397406504968,5.782841989052952,47,354.8217431634974
ct_w5_i3,5,evaluation,width3,0,exact_star,47,3.6879511047307396,0.7682453192068212,0.7308628167605553,0.7643161394599143,2.027793835129935,5.782841989052952,47,354.8217431634974
ct_w5_i3,5,evaluation,width3,0,projected_target,47,3.6879511047307396,0.9932120247681399,1.0,0.1471703056105561,6.264982043070834,5.782841989052952,47,354.8217431634974
ct_w5_i3,5,evaluation,width3,19,exact_natural,47,3.491550370779642,1.0,0.9932071278056492,0.0,6.137819783802378,6.137819783802378,47,221.15698857868728
ct_w5_i3,5,evaluation,width3,19,exact_regularized_full,47,3.491550370779642,0.9781731405838514,0.9680154939444773,0.5118861790726909,3.1324910215354174,6.137819783802378,47,221.15698857868728
ct_w5_i3,5,evaluation,width3,19,exact_diagonal,47,3.491550370779642,0.3519569680191997,0.3501166976215415,0.9374921474326935,2.4830087066939686,6.137819783802378,47,221.15698857868728
ct_w5_i3,5,evaluation,width3,19,exact_two_block,47,3.491550370779642,0.7042050477955634,0.7011654956979351,0.8155888722091252,1.8588074983665575,6.137819783802378,47,221.15698857868728
ct_w5_i3,5,evaluation,width3,19,exact_star,47,3.491550370779642,0.647066741586864,0.6476985523977529,0.8372364680697344,1.8483877540555984,6.137819783802378,47,221.15698857868728
ct_w5_i3,5,evaluation,width3,19,projected_target,47,3.491550370779642,0.9932071278056492,1.0,0.11956771966015728,6.264982043070834,6.137819783802378,47,221.15698857868728
ct_w5_i3,5,evaluation,width3,42,exact_natural,47,3.9814811263371066,1.0000000000000002,0.9912885641572239,0.0,5.897387334822995,5.897387334822995,47,603.8956410822694
ct_w5_i3,5,evaluation,width3,42,exact_regularized_full,47,3.9814811263371066,0.9191111087360522,0.893073797856052,0.566465011544538,3.0201259744138635,5.897387334822995,47,603.8956410822694
ct_w5_i3,5,evaluation,width3,42,exact_diagonal,47,3.9814811263371066,0.3626924146595445,0.35434683144875123,0.9323846498055077,2.31456921851652,5.897387334822995,47,603.8956410822694
ct_w5_i3,5,evaluation,width3,42,exact_two_block,47,3.9814811263371066,0.530079724697094,0.49386209947708526,0.8807669502241882,1.7213810828530025,5.897387334822995,47,603.8956410822694
ct_w5_i3,5,evaluation,width3,42,exact_star,47,3.9814811263371066,0.685858430736372,0.6616470179783833,0.7862080675067615,2.290115126515876,5.897387334822995,47,603.8956410822694
ct_w5_i3,5,evaluation,width3,42,projected_target,47,3.9814811263371066,0.9912885641572239,1.0,0.14964665881160039,6.264982043070834,5.897387334822995,47,603.8956410822694
ct_w5_i3,5,evaluation,width3,50,exact_natural,47,4.073966211241892,1.0,0.9881906890596533,0.0,5.765458100865916,5.765458100865916,47,460.83200449800677
ct_w5_i3,5,evaluation,width3,50,exact_regularized_full,47,4.073966211241892,0.9350774427041391,0.902038735945907,0.5645989749025881,2.857351827510685,5.765458100865916,47,460.83200449800677
ct_w5_i3,5,evaluation,width3,50,exact_diagonal,47,4.073966211241892,0.27406996411829554,0.2523426335160424,0.9827858833161163,2.7473051259691577,5.765458100865916,47,460.83200449800677
ct_w5_i3,5,evaluation,width3,50,exact_two_block,47,4.073966211241892,0.36694606856742185,0.32597720655553186,0.932947185679941,1.7063106017648253,5.765458100865916,47,460.83200449800677
ct_w5_i3,5,evaluation,width3,50,exact_star,47,4.073966211241892,0.7128427889483505,0.6857140628690839,0.7480786524351748,2.6090010732276516,5.765458100865916,47,460.83200449800677
ct_w5_i3,5,evaluation,width3,50,projected_target,47,4.073966211241892,0.9881906890596533,1.0,0.18213068869726287,6.264982043070834,5.765458100865916,47,460.83200449800677
ct_w5_i3,5,evaluation,width3,101,exact_natural,47,4.631232790447333,1.0,0.9897199953765542,0.0,5.690554264562162,5.690554264562162,47,291.0519352757292
ct_w5_i3,5,evaluation,width3,101,exact_regularized_full,47,4.631232790447333,0.9399900587530978,0.9027438879766442,0.5337823303993093,3.013129085835423,5.690554264562162,47,291.0519352757292
ct_w5_i3,5,evaluation,width3,101,exact_diagonal,47,4.631232790447333,0.26365024792704006,0.21113021056780326,0.9797284823098131,2.4757001555337603,5.690554264562162,47,291.0519352757292
ct_w5_i3,5,evaluation,width3,101,exact_two_block,47,4.631232790447333,0.6726967875058784,0.6291651800692927,0.8054861884375469,2.0165883147296064,5.690554264562162,47,291.0519352757292
ct_w5_i3,5,evaluation,width3,101,exact_star,47,4.631232790447333,0.563345007340044,0.49411060859813083,0.8324506263892391,2.6273307191498882,5.690554264562162,47,291.0519352757292
ct_w5_i3,5,evaluation,width3,101,projected_target,47,4.631232790447333,0.9897199953765542,1.0,0.18117706334716432,6.264982043070834,5.690554264562162,47,291.0519352757292
ct_w5_i4,5,evaluation,chain,0,exact_natural,31,8.715522735777618,1.0000000000000002,-0.8584214914635601,0.0,2.538832700218673,2.538832700218673,31,4250.424572327912
ct_w5_i4,5,evaluation,chain,0,exact_regularized_full,31,8.715522735777618,0.9560208676296431,-0.7989111165775745,0.3237669826669995,2.079060966214333,2.538832700218673,31,4250.424572327912
ct_w5_i4,5,evaluation,chain,0,exact_diagonal,31,8.715522735777618,0.791337051602944,-0.6867631948218341,0.6412305694504923,2.5,2.538832700218673,31,4250.424572327912
ct_w5_i4,5,evaluation,chain,0,exact_two_block,31,8.715522735777618,0.8535003967875607,-0.7794438566771525,0.5373561118751172,2.4999999999999996,2.538832700218673,31,4250.424572327912
ct_w5_i4,5,evaluation,chain,0,exact_star,31,8.715522735777618,0.49771301495767156,-0.25215274965113293,0.9475665615491811,2.232369001718804,2.538832700218673,31,4250.424572327912
ct_w5_i4,5,evaluation,chain,0,projected_target,31,8.715522735777618,-0.8584214914635601,1.0,2.873975974120643,5.0,2.538832700218673,31,4250.424572327912
ct_w5_i4,5,evaluation,chain,19,exact_natural,31,8.891387391231756,1.0,-0.8555383433307004,0.0,2.554045856472017,2.554045856472017,31,2357.8033164482335
ct_w5_i4,5,evaluation,chain,19,exact_regularized_full,31,8.891387391231756,0.9614249698343359,-0.7853251312978232,0.30167218641537613,2.1391506685297865,2.554045856472017,31,2357.8033164482335
ct_w5_i4,5,evaluation,chain,19,exact_diagonal,31,8.891387391231756,0.8209896088425371,-0.7001213588614326,0.592361823989083,2.5000000000000004,2.554045856472017,31,2357.8033164482335
ct_w5_i4,5,evaluation,chain,19,exact_two_block,31,8.891387391231756,0.8806918112885951,-0.790684771100409,0.48375079105358837,2.5,2.554045856472017,31,2357.8033164482335
ct_w5_i4,5,evaluation,chain,19,exact_star,31,8.891387391231756,0.46205810612053866,-0.1765370034937063,0.9900586861121955,2.304228281015027,2.554045856472017,31,2357.8033164482335
ct_w5_i4,5,evaluation,chain,19,projected_target,31,8.891387391231756,-0.8555383433307004,1.0,2.8604617973389885,5.0,2.554045856472017,31,2357.8033164482335
ct_w5_i4,5,evaluation,chain,42,exact_natural,31,8.820753204593085,1.0000000000000002,-0.8423199110370254,0.0,2.8207902590475076,2.8207902590475076,31,2214.6109209907013
ct_w5_i4,5,evaluation,chain,42,exact_regularized_full,31,8.820753204593085,0.9561978389498117,-0.7941820568759081,0.31687699632107696,2.35493628294963,2.8207902590475076,31,2214.6109209907013
ct_w5_i4,5,evaluation,chain,42,exact_diagonal,31,8.820753204593085,0.8265276978855675,-0.7211494325855737,0.5660581939891691,2.5,2.8207902590475076,31,2214.6109209907013
ct_w5_i4,5,evaluation,chain,42,exact_two_block,31,8.820753204593085,0.8760648785421619,-0.7729378200386098,0.4823013631985638,2.4999999999999996,2.8207902590475076,31,2214.6109209907013
ct_w5_i4,5,evaluation,chain,42,exact_star,31,8.820753204593085,0.6365728873289744,-0.2988772822761091,0.8032716846883913,2.4293468219080916,2.8207902590475076,31,2214.6109209907013
ct_w5_i4,5,evaluation,chain,42,projected_target,31,8.820753204593085,-0.8423199110370254,1.0,2.669842143408021,5.0,2.8207902590475076,31,2214.6109209907013
ct_w5_i4,5,evaluation,chain,50,exact_natural,31,8.393404457392258,0.9999999999999998,-0.7712883213856383,0.0,2.269212998243089,2.269212998243089,31,2842.3513014636405
ct_w5_i4,5,evaluation,chain,50,exact_regularized_full,31,8.393404457392258,0.9439175061196599,-0.7503145451115389,0.370962838253097,1.7582334997571083,2.269212998243089,31,2842.3513014636405
ct_w5_i4,5,evaluation,chain,50,exact_diagonal,31,8.393404457392258,0.7392510471083928,-0.6484849936353826,0.7647742811651365,2.4999999999999996,2.269212998243089,31,2842.3513014636405
ct_w5_i4,5,evaluation,chain,50,exact_two_block,31,8.393404457392258,0.8434870746035859,-0.7794741236508902,0.5959910230288481,2.5,2.269212998243089,31,2842.3513014636405
ct_w5_i4,5,evaluation,chain,50,exact_star,31,8.393404457392258,0.3757508402881607,-0.03701489116931008,1.0321311182223198,1.8837990129838529,2.269212998243089,31,2842.3513014636405
ct_w5_i4,5,evaluation,chain,50,projected_target,31,8.393404457392258,-0.7712883213856383,1.0,3.042026806602533,5.0,2.269212998243089,31,2842.3513014636405
ct_w5_i4,5,evaluation,chain,101,exact_natural,31,9.023170911579928,1.0,-0.8395125396286447,0.0,2.7526923339936693,2.7526923339936693,31,4076.400606584491
ct_w5_i4,5,evaluation,chain,101,exact_regularized_full,31,9.023170911579928,0.9715426763711054,-0.8008904759563732,0.25734771105636456,2.397400887829713,2.7526923339936693,31,4076.400606584491
ct_w5_i4,5,evaluation,chain,101,exact_diagonal,31,9.023170911579928,0.8194804466189958,-0.6913592684460107,0.5799338476142187,2.4999999999999996,2.7526923339936693,31,4076.400606584491
ct_w5_i4,5,evaluation,chain,101,exact_two_block,31,9.023170911579928,0.8951124312960743,-0.7861157685759878,0.4460325836207942,2.5000000000000004,2.7526923339936693,31,4076.400606584491
ct_w5_i4,5,evaluation,chain,101,exact_star,31,9.023170911579928,0.5789391575458354,-0.26719817797643414,0.87934254295988,2.4999999999999996,2.7526923339936693,31,4076.400606584491
ct_w5_i4,5,evaluation,chain,101,projected_target,31,9.023170911579928,-0.8395125396286447,1.0,2.7109239614702405,5.0,2.7526923339936693,31,4076.400606584491
ct_w5_i4,5,evaluation,problem_tree,0,exact_natural,31,4.293620187599055,1.0,0.5892415596655295,0.0,2.3445232432239815,2.3445232432239815,31,2169.7920538142403
ct_w5_i4,5,evaluation,problem_tree,0,exact_regularized_full,31,4.293620187599055,0.8519525218763719,0.3013278117695011,0.5311574383986236,1.7883608919720615,2.3445232432239815,31,2169.7920538142403
ct_w5_i4,5,evaluation,problem_tree,0,exact_diagonal,31,4.293620187599055,0.6457940932329564,0.23004458419520374,0.9141221179624385,2.692582403567252,2.3445232432239815,31,2169.7920538142403
ct_w5_i4,5,evaluation,problem_tree,0,exact_two_block,31,4.293620187599055,0.5217650449538596,-0.11880534835403155,1.0585382001839199,2.692582403567252,2.3445232432239815,31,2169.7920538142403
ct_w5_i4,5,evaluation,problem_tree,0,exact_star,31,4.293620187599055,0.8111443066122738,0.47499168815522125,0.6359933512260235,2.4876084139987618,2.3445232432239815,31,2169.7920538142403
ct_w5_i4,5,evaluation,problem_tree,0,projected_target,31,4.293620187599055,0.5892415596655295,1.0000000000000002,1.8891623850106134,5.385164807134504,2.3445232432239815,31,2169.7920538142403
ct_w5_i4,5,evaluation,problem_tree,19,exact_natural,31,5.365150475192102,1.0,0.6825851185465247,0.0,2.4176178061355627,2.4176178061355627,31,661.6209929016148
ct_w5_i4,5,evaluation,problem_tree,19,exact_regularized_full,31,5.365150475192102,0.8555547302694464,0.37518610036322547,0.5412160372476938,1.6869973034203765,2.4176178061355627,31,661.6209929016148
ct_w5_i4,5,evaluation,problem_tree,19,exact_diagonal,31,5.365150475192102,0.5717659664993342,0.13677301812164464,0.908276136267382,2.3245061567289187,2.4176178061355627,31,661.6209929016148
ct_w5_i4,5,evaluation,problem_tree,19,exact_two_block,31,5.365150475192102,0.3493482605214735,-0.14582371320128198,1.0766770845971334,2.1267892881178336,2.4176178061355627,31,661.6209929016148
ct_w5_i4,5,evaluation,problem_tree,19,exact_star,31,5.365150475192102,0.8536681543149949,0.4702697125099407,0.5214781299990224,2.0003948978320074,2.4176178061355627,31,661.6209929016148
ct_w5_i4,5,evaluation,problem_tree,19,projected_target,31,5.365150475192102,0.6825851185465247,1.0000000000000002,1.7090169005028957,5.385164807134504,2.4176178061355627,31,661.6209929016148
ct_w5_i4,5,evaluation,problem_tree,42,exact_natural,31,5.778259221115701,1.0,0.6012876447039696,0.0,2.375953417222921,2.375953417222921,31,629.8058733997459
ct_w5_i4,5,evaluation,problem_tree,42,exact_regularized_full,31,5.778259221115701,0.799656882373752,0.17142858247915768,0.6026762939700687,1.7771807030419577,2.375953417222921,31,629.8058733997459
ct_w5_i4,5,evaluation,problem_tree,42,exact_diagonal,31,5.778259221115701,0.5586602580323912,0.0017767698195396183,1.008993628619066,2.692582403567252,2.375953417222921,31,629.8058733997459
ct_w5_i4,5,evaluation,problem_tree,42,exact_two_block,31,5.778259221115701,0.3188222005923875,-0.3386445192847691,1.2496670761229534,2.692582403567252,2.375953417222921,31,629.8058733997459
ct_w5_i4,5,evaluation,problem_tree,42,exact_star,31,5.778259221115701,0.8774089123762082,0.5679286058355524,0.49607795018498874,2.3846531239904643,2.375953417222921,31,629.8058733997459
ct_w5_i4,5,evaluation,problem_tree,42,projected_target,31,5.778259221115701,0.6012876447039696,1.0000000000000002,1.8470187907580529,5.385164807134504,2.375953417222921,31,629.8058733997459
ct_w5_i4,5,evaluation,problem_tree,50,exact_natural,31,4.861379487829134,0.9999999999999999,0.6079610112243398,0.0,2.480433383079539,2.480433383079539,31,1392.8753481710278
ct_w5_i4,5,evaluation,problem_tree,50,exact_regularized_full,31,4.861379487829134,0.7526612154891572,0.13642980004956973,0.6614845307762595,1.7088640051007657,2.480433383079539,31,1392.8753481710278
ct_w5_i4,5,evaluation,problem_tree,50,exact_diagonal,31,4.861379487829134,0.547007901367908,0.10242296898777042,0.9953830137848533,2.6925824035672514,2.480433383079539,31,1392.8753481710278
ct_w5_i4,5,evaluation,problem_tree,50,exact_two_block,31,4.861379487829134,0.30126767171435986,-0.29203643983522376,1.2216217095233208,2.64139317317165,2.480433383079539,31,1392.8753481710278
ct_w5_i4,5,evaluation,problem_tree,50,exact_star,31,4.861379487829134,0.7721130513935913,0.42258233720593896,0.6667791698132588,2.415909465875943,2.480433383079539,31,1392.8753481710278
ct_w5_i4,5,evaluation,problem_tree,50,projected_target,31,4.861379487829134,0.6079610112243398,1.0000000000000002,1.7531844426678889,5.385164807134504,2.480433383079539,31,1392.8753481710278
ct_w5_i4,5,evaluation,problem_tree,101,exact_natural,31,5.137556847381486,1.0,0.6315402498595484,0.0,2.2516028097620135,2.2516028097620135,31,3012.0643831183
ct_w5_i4,5,evaluation,problem_tree,101,exact_regularized_full,31,5.137556847381486,0.8338733189134399,0.2695582697707734,0.5597593488222609,1.667835034504099,2.2516028097620135,31,3012.0643831183
ct_w5_i4,5,evaluation,problem_tree,101,exact_diagonal,31,5.137556847381486,0.6055823126249202,0.11307851716534413,0.9908015313579875,2.692582403567252,2.2516028097620135,31,3012.0643831183
ct_w5_i4,5,evaluation,problem_tree,101,exact_two_block,31,5.137556847381486,0.4114392255059425,-0.21754962169554248,1.2025058191114126,2.692582403567252,2.2516028097620135,31,3012.0643831183
ct_w5_i4,5,evaluation,problem_tree,101,exact_star,31,5.137556847381486,0.8533993754370123,0.5428229872390811,0.5469939925388912,2.2948544610574526,2.2516028097620135,31,3012.0643831183
ct_w5_i4,5,evaluation,problem_tree,101,projected_target,31,5.137556847381486,0.6315402498595484,1.0000000000000002,1.9233640356162907,5.385164807134504,2.2516028097620135,31,3012.0643831183
ct_w5_i4,5,evaluation,width2,0,exact_natural,42,3.813013125758445,1.0000000000000002,0.9464696430449366,0.0,4.327450013989606,4.327450013989606,42,1078.4824895228326
ct_w5_i4,5,evaluation,width2,0,exact_regularized_full,42,3.813013125758445,0.84966763084453,0.7573780775354915,0.6346762930967442,2.148445962757389,4.327450013989606,42,1078.4824895228326
ct_w5_i4,5,evaluation,width2,0,exact_diagonal,42,3.813013125758445,0.4409887724250274,0.37115997283105884,0.9204231851536336,2.791516553362804,4.327450013989606,42,1078.4824895228326
ct_w5_i4,5,evaluation,width2,0,exact_two_block,42,3.813013125758445,0.4881222956050472,0.3185171543323394,0.8727811657852672,2.126239330553057,4.327450013989606,42,1078.4824895228326
ct_w5_i4,5,evaluation,width2,0,exact_star,42,3.813013125758445,0.6025274388242423,0.5608230954754894,0.8057894134898415,2.1267701918270006,4.327450013989606,42,1078.4824895228326
ct_w5_i4,5,evaluation,width2,0,projected_target,42,3.813013125758445,0.9464696430449366,1.0000000000000002,0.4802691919262458,5.634713834792322,4.327450013989606,42,1078.4824895228326
ct_w5_i4,5,evaluation,width2,19,exact_natural,42,4.302327185896908,1.0,0.9338629447393348,0.0,4.152925363008325,4.152925363008325,42,728.7117141494014
ct_w5_i4,5,evaluation,width2,19,exact_regularized_full,42,4.302327185896908,0.873331020981418,0.7693490954525382,0.584770802901057,2.2833320045154744,4.152925363008325,42,728.7117141494014
ct_w5_i4,5,evaluation,width2,19,exact_diagonal,42,4.302327185896908,0.446173996325829,0.3857892752099147,0.9245858873632457,2.8173569173961606,4.152925363008325,42,728.7117141494014
ct_w5_i4,5,evaluation,width2,19,exact_two_block,42,4.302327185896908,0.45018430960605266,0.3382149065823306,0.8938550785178003,2.0379067216791067,4.152925363008325,42,728.7117141494014
ct_w5_i4,5,evaluation,width2,19,exact_star,42,4.302327185896908,0.6600284798759842,0.6092629475200483,0.7529926621970882,2.527848019922967,4.152925363008325,42,728.7117141494014
ct_w5_i4,5,evaluation,width2,19,projected_target,42,4.302327185896908,0.9338629447393348,1.0000000000000002,0.5538779509827814,5.634713834792322,4.152925363008325,42,728.7117141494014
ct_w5_i4,5,evaluation,width2,42,exact_natural,42,4.6643182826848,1.0000000000000002,0.9563734494755496,0.0,4.135980319546957,4.135980319546957,42,765.584017076245
ct_w5_i4,5,evaluation,width2,42,exact_regularized_full,42,4.6643182826848,0.8470650816395887,0.7601804534866947,0.6152105078307691,2.2219363739227194,4.135980319546957,42,765.584017076245
ct_w5_i4,5,evaluation,width2,42,exact_diagonal,42,4.6643182826848,0.40805805861591654,0.34332228933319486,0.916794019356136,2.0343205099262134,4.135980319546957,42,765.584017076245
ct_w5_i4,5,evaluation,width2,42,exact_two_block,42,4.6643182826848,0.22231925528689245,0.11825940440404172,0.9990316395903869,1.820829832844031,4.135980319546957,42,765.584017076245
ct_w5_i4,5,evaluation,width2,42,exact_star,42,4.6643182826848,0.8056621031137192,0.7745009904548015,0.6647381240215914,2.0847522811948904,4.135980319546957,42,765.584017076245
ct_w5_i4,5,evaluation,width2,42,projected_target,42,4.6643182826848,0.9563734494755496,1.0000000000000002,0.5001787372924325,5.634713834792322,4.135980319546957,42,765.584017076245
ct_w5_i4,5,evaluation,width2,50,exact_natural,42,4.0020773135870815,0.9999999999999998,0.9610001714816601,0.0,4.183146305402965,4.183146305402965,42,446.2960019781756
ct_w5_i4,5,evaluation,width2,50,exact_regularized_full,42,4.0020773135870815,0.9110866540733767,0.8348503521742888,0.5703203930909381,2.1624746173659903,4.183146305402965,42,446.2960019781756
ct_w5_i4,5,evaluation,width2,50,exact_diagonal,42,4.0020773135870815,0.3280428066924295,0.31099579426747836,1.0058478468512682,2.8173569173961606,4.183146305402965,42,446.2960019781756
ct_w5_i4,5,evaluation,width2,50,exact_two_block,42,4.0020773135870815,0.24704408315490506,0.15116178917967113,0.9814832640696562,1.6860483637579458,4.183146305402965,42,446.2960019781756
ct_w5_i4,5,evaluation,width2,50,exact_star,42,4.0020773135870815,0.6165973068839807,0.5866016326031747,0.787292333755724,2.598694083717037,4.183146305402965,42,446.2960019781756
ct_w5_i4,5,evaluation,width2,50,projected_target,42,4.0020773135870815,0.9610001714816601,1.0000000000000002,0.4748446554523703,5.634713834792322,4.183146305402965,42,446.2960019781756
ct_w5_i4,5,evaluation,width2,101,exact_natural,42,4.059681404889648,1.0,0.9523264189812272,0.0,4.1870589990403415,4.1870589990403415,42,2533.8011028395526
ct_w5_i4,5,evaluation,width2,101,exact_regularized_full,42,4.059681404889648,0.8391048599490241,0.7661392305418131,0.6419723672258336,2.0859352970262215,4.1870589990403415,42,2533.8011028395526
ct_w5_i4,5,evaluation,width2,101,exact_diagonal,42,4.059681404889648,0.403325264886403,0.33617784024288,0.9469667008193395,2.709369273110182,4.1870589990403415,42,2533.8011028395526
ct_w5_i4,5,evaluation,width2,101,exact_two_block,42,4.059681404889648,0.2359355684114306,0.10491365759943988,1.0103418557062247,2.1456283032005827,4.1870589990403415,42,2533.8011028395526
ct_w5_i4,5,evaluation,width2,101,exact_star,42,4.059681404889648,0.7336590106897609,0.725506683202508,0.6964585626757683,2.4326086003720753,4.1870589990403415,42,2533.8011028395526
ct_w5_i4,5,evaluation,width2,101,projected_target,42,4.059681404889648,0.9523264189812272,1.0000000000000002,0.4978479632898023,5.634713834792322,4.1870589990403415,42,2533.8011028395526
ct_w5_i4,5,evaluation,width3,0,exact_natural,48,3.7923220771167347,1.0000000000000002,0.9911376878138667,0.0,5.550871198857682,5.550871198857682,48,586.2791930285355
ct_w5_i4,5,evaluation,width3,0,exact_regularized_full,48,3.7923220771167347,0.8580089298543733,0.8521725369352965,0.6614779132088017,2.4490265983011184,5.550871198857682,48,586.2791930285355
ct_w5_i4,5,evaluation,width3,0,exact_diagonal,48,3.7923220771167347,0.36782989393164794,0.34522227436094094,0.9321975746038833,2.4053965178244776,5.550871198857682,48,586.2791930285355
ct_w5_i4,5,evaluation,width3,0,exact_two_block,48,3.7923220771167347,0.5371276884661705,0.4984796173628779,0.8650282354608847,1.9169742644716985,5.550871198857682,48,586.2791930285355
ct_w5_i4,5,evaluation,width3,0,exact_star,48,3.7923220771167347,0.5084629495937798,0.5016768035478509,0.8721188944971494,2.054745976053733,5.550871198857682,48,586.2791930285355
ct_w5_i4,5,evaluation,width3,0,projected_target,48,3.7923220771167347,0.9911376878138667,0.9999999999999998,0.14113257295195716,5.766281297335398,5.550871198857682,48,586.2791930285355
ct_w5_i4,5,evaluation,width3,19,exact_natural,48,4.374691463111654,1.0000000000000002,0.9935599590740448,0.0,5.614706106715423,5.614706106715423,48,451.9754974276536
ct_w5_i4,5,evaluation,width3,19,exact_regularized_full,48,4.374691463111654,0.9229668028102226,0.9063746771780244,0.5647547254921123,2.8616379430753405,5.614706106715423,48,451.9754974276536
ct_w5_i4,5,evaluation,width3,19,exact_diagonal,48,4.374691463111654,0.3774506493867789,0.3652136783653785,0.926278885357976,1.9986476070151895,5.614706106715423,48,451.9754974276536
ct_w5_i4,5,evaluation,width3,19,exact_two_block,48,4.374691463111654,0.6339117883822554,0.6036077165395896,0.8423737517745177,1.684911212161569,5.614706106715423,48,451.9754974276536
ct_w5_i4,5,evaluation,width3,19,exact_star,48,4.374691463111654,0.6417897315653842,0.6187974307508168,0.8221813291045558,1.9390417558277775,5.614706106715423,48,451.9754974276536
ct_w5_i4,5,evaluation,width3,19,projected_target,48,4.374691463111654,0.9935599590740448,0.9999999999999998,0.1181379850845563,5.766281297335398,5.614706106715423,48,451.9754974276536
ct_w5_i4,5,evaluation,width3,42,exact_natural,48,4.752232959800443,1.0,0.9952089888599664,0.0,5.597148938645825,5.597148938645825,48,229.5557397320671
ct_w5_i4,5,evaluation,width3,42,exact_regularized_full,48,4.752232959800443,0.92832810631438,0.9266902986675483,0.5639313184001498,2.8225645299885307,5.597148938645825,48,229.5557397320671
ct_w5_i4,5,evaluation,width3,42,exact_diagonal,48,4.752232959800443,0.346185089823944,0.3457257340383257,0.9433859423143565,1.382962374125905,5.597148938645825,48,229.5557397320671
ct_w5_i4,5,evaluation,width3,42,exact_two_block,48,4.752232959800443,0.4128551059122308,0.4112514667589243,0.9250277688549607,1.4061191470492194,5.597148938645825,48,229.5557397320671
ct_w5_i4,5,evaluation,width3,42,exact_star,48,4.752232959800443,0.747881295811333,0.7410211059102301,0.7686822698410515,2.0168000411645557,5.597148938645825,48,229.5557397320671
ct_w5_i4,5,evaluation,width3,42,projected_target,48,4.752232959800443,0.9952089888599664,0.9999999999999998,0.10384926929125632,5.766281297335398,5.597148938645825,48,229.5557397320671
ct_w5_i4,5,evaluation,width3,50,exact_natural,48,4.027413980288863,1.0,0.9905815788055901,0.0,5.473558556050133,5.473558556050133,48,670.9718034169213
ct_w5_i4,5,evaluation,width3,50,exact_regularized_full,48,4.027413980288863,0.917698264804638,0.9108542028382128,0.6001757884934217,2.5606971706133486,5.473558556050133,48,670.9718034169213
ct_w5_i4,5,evaluation,width3,50,exact_diagonal,48,4.027413980288863,0.3182899806340114,0.31070199000422855,0.9488816531082436,1.966855149753903,5.473558556050133,48,670.9718034169213
ct_w5_i4,5,evaluation,width3,50,exact_two_block,48,4.027413980288863,0.49791210140458353,0.4728632478036881,0.8891108433147705,1.6522745466153772,5.473558556050133,48,670.9718034169213
ct_w5_i4,5,evaluation,width3,50,exact_star,48,4.027413980288863,0.5954309497704234,0.5804900943980149,0.8278083053922294,2.167091477138954,5.473558556050133,48,670.9718034169213
ct_w5_i4,5,evaluation,width3,50,projected_target,48,4.027413980288863,0.9905815788055901,0.9999999999999998,0.15067937569028225,5.766281297335398,5.473558556050133,48,670.9718034169213
ct_w5_i4,5,evaluation,width3,101,exact_natural,48,4.362602531567635,0.9999999999999998,0.9928371845096349,0.0,5.773869744583799,5.773869744583799,48,1481.9814264202146
ct_w5_i4,5,evaluation,width3,101,exact_regularized_full,48,4.362602531567635,0.8538924797248071,0.8609686115644452,0.6734067221292754,2.462929359881611,5.773869744583799,48,1481.9814264202146
ct_w5_i4,5,evaluation,width3,101,exact_diagonal,48,4.362602531567635,0.28097845240022734,0.2640114693352219,0.9691619631417118,2.4017797710226025,5.773869744583799,48,1481.9814264202146
ct_w5_i4,5,evaluation,width3,101,exact_two_block,48,4.362602531567635,0.38692290217540487,0.37611651214118796,0.9233264244572491,1.9607109372372016,5.773869744583799,48,1481.9814264202146
ct_w5_i4,5,evaluation,width3,101,exact_star,48,4.362602531567635,0.6361344566951627,0.6178974420110892,0.808195749451045,2.2842557971271287,5.773869744583799,48,1481.9814264202146
ct_w5_i4,5,evaluation,width3,101,projected_target,48,4.362602531567635,0.9928371845096349,0.9999999999999998,0.11961826989138787,5.766281297335398,5.773869744583799,48,1481.9814264202146
ct_w5_i5,5,evaluation,chain,0,exact_natural,31,8.721432019804407,1.0,-0.8054765329076644,0.0,2.617685547822954,2.617685547822954,31,696.667897794949
ct_w5_i5,5,evaluation,chain,0,exact_regularized_full,31,8.721432019804407,0.9630674703296414,-0.7842653934805255,0.3008930771659171,2.1694613394594175,2.617685547822954,31,696.667897794949
ct_w5_i5,5,evaluation,chain,0,exact_diagonal,31,8.721432019804407,0.7645257072753706,-0.663407917528751,0.6682104553189753,2.462214450449026,2.617685547822954,31,696.667897794949
ct_w5_i5,5,evaluation,chain,0,exact_two_block,31,8.721432019804407,0.8530662962307878,-0.7691839495935431,0.5290948333226598,2.462214450449025,2.617685547822954,31,696.667897794949
ct_w5_i5,5,evaluation,chain,0,exact_star,31,8.721432019804407,0.4742009235842715,-0.19315022164957596,0.9453382441047994,2.14253402300616,2.617685547822954,31,696.667897794949
ct_w5_i5,5,evaluation,chain,0,projected_target,31,8.721432019804407,-0.8054765329076644,1.0000000000000002,2.751275720833992,4.924428900898052,2.617685547822954,31,696.667897794949
ct_w5_i5,5,evaluation,chain,19,exact_natural,31,9.113937247543257,1.0,-0.820915616393604,0.0,2.7776634206197803,2.7776634206197803,31,183.95749069236734
ct_w5_i5,5,evaluation,chain,19,exact_regularized_full,31,9.113937247543257,0.983823954851569,-0.8076709746083142,0.20390019249881908,2.462214450449026,2.7776634206197803,31,183.95749069236734
ct_w5_i5,5,evaluation,chain,19,exact_diagonal,31,9.113937247543257,0.8313433667665605,-0.7297864870618341,0.5584829011164693,2.462214450449026,2.7776634206197803,31,183.95749069236734
ct_w5_i5,5,evaluation,chain,19,exact_two_block,31,9.113937247543257,0.8743243842954154,-0.8062076679403993,0.4854930549876835,2.462214450449027,2.7776634206197803,31,183.95749069236734
ct_w5_i5,5,evaluation,chain,19,exact_star,31,9.113937247543257,0.6517504015817088,-0.3524920757468873,0.7939128808779528,2.4622144504490264,2.7776634206197803,31,183.95749069236734
ct_w5_i5,5,evaluation,chain,19,projected_target,31,9.113937247543257,-0.820915616393604,1.0000000000000002,2.655900570223221,4.924428900898052,2.7776634206197803,31,183.95749069236734
ct_w5_i5,5,evaluation,chain,42,exact_natural,31,8.613022150048103,1.0,-0.7888903644895512,0.0,2.650811023252456,2.650811023252456,31,412.6366478196628
ct_w5_i5,5,evaluation,chain,42,exact_regularized_full,31,8.613022150048103,0.9838810338581973,-0.7951224319397895,0.18973147659181477,2.4400137037359872,2.650811023252456,31,412.6366478196628
ct_w5_i5,5,evaluation,chain,42,exact_diagonal,31,8.613022150048103,0.8652144677429934,-0.7181052580264801,0.505424396127778,2.462214450449026,2.650811023252456,31,412.6366478196628
ct_w5_i5,5,evaluation,chain,42,exact_two_block,31,8.613022150048103,0.8894480223009366,-0.7665897983886854,0.4587319348830146,2.462214450449027,2.650811023252456,31,412.6366478196628
ct_w5_i5,5,evaluation,chain,42,exact_star,31,8.613022150048103,0.7152869311992268,-0.36173131812884435,0.7307360544127195,2.462214450449026,2.650811023252456,31,412.6366478196628
ct_w5_i5,5,evaluation,chain,42,projected_target,31,8.613022150048103,-0.7888903644895512,1.0000000000000002,2.717006996917385,4.924428900898052,2.650811023252456,31,412.6366478196628
ct_w5_i5,5,evaluation,chain,50,exact_natural,31,8.519088954569497,0.9999999999999999,-0.7799226701590258,0.0,2.5682829426463383,2.5682829426463383,31,906.8004586321098
ct_w5_i5,5,evaluation,chain,50,exact_regularized_full,31,8.519088954569497,0.9528796904803049,-0.7275789379383841,0.325002592165975,2.1476836210270602,2.5682829426463383,31,906.8004586321098
ct_w5_i5,5,evaluation,chain,50,exact_diagonal,31,8.519088954569497,0.796204838070336,-0.6845875222939898,0.6264684629769324,2.462214450449026,2.5682829426463383,31,906.8004586321098
ct_w5_i5,5,evaluation,chain,50,exact_two_block,31,8.519088954569497,0.8441656579533519,-0.7432127466156419,0.5481811740221249,2.4622144504490264,2.5682829426463383,31,906.8004586321098
ct_w5_i5,5,evaluation,chain,50,exact_star,31,8.519088954569497,0.46216520684697804,-0.14322384269004856,1.0041225594485017,2.3966807930368392,2.5682829426463383,31,906.8004586321098
ct_w5_i5,5,evaluation,chain,50,projected_target,31,8.519088954569497,-0.7799226701590258,1.0000000000000002,2.768984815610679,4.924428900898052,2.5682829426463383,31,906.8004586321098
ct_w5_i5,5,evaluation,chain,101,exact_natural,31,8.921319299645965,0.9999999999999998,-0.8379123792244976,0.0,2.9279704537713416,2.9279704537713416,31,1144.383874749661
ct_w5_i5,5,evaluation,chain,101,exact_regularized_full,31,8.921319299645965,0.9671726410579724,-0.8016567485678072,0.28375096405070704,2.462214450449026,2.9279704537713416,31,1144.383874749661
ct_w5_i5,5,evaluation,chain,101,exact_diagonal,31,8.921319299645965,0.8224666393216518,-0.7026267416109849,0.5691128848334432,2.4622144504490255,2.9279704537713416,31,1144.383874749661
ct_w5_i5,5,evaluation,chain,101,exact_two_block,31,8.921319299645965,0.8794689082785551,-0.7704368408628589,0.47751417294546866,2.4622144504490255,2.9279704537713416,31,1144.383874749661
ct_w5_i5,5,evaluation,chain,101,exact_star,31,8.921319299645965,0.582261036367277,-0.3006897102418581,0.8531594557234551,2.4622144504490255,2.9279704537713416,31,1144.383874749661
ct_w5_i5,5,evaluation,chain,101,projected_target,31,8.921319299645965,-0.8379123792244976,1.0000000000000002,2.578205345258299,4.924428900898052,2.9279704537713416,31,1144.383874749661
ct_w5_i5,5,evaluation,problem_tree,0,exact_natural,31,4.316066021282319,0.9999999999999999,0.8358564463720473,0.0,2.8069546533464442,2.8069546533464442,31,532.2998177868396
ct_w5_i5,5,evaluation,problem_tree,0,exact_regularized_full,31,4.316066021282319,0.8240230339956123,0.5402968819104,0.6059229358982835,1.7099469361193225,2.8069546533464442,31,532.2998177868396
ct_w5_i5,5,evaluation,problem_tree,0,exact_diagonal,31,4.316066021282319,0.4963124576131092,0.27789801084937854,0.9705172520467507,2.6109366801102323,2.8069546533464442,31,532.2998177868396
ct_w5_i5,5,evaluation,problem_tree,0,exact_two_block,31,4.316066021282319,0.2343288241680897,-0.13028833184328845,1.1220950134413004,2.2306652293753517,2.8069546533464442,31,532.2998177868396
ct_w5_i5,5,evaluation,problem_tree,0,exact_star,31,4.316066021282319,0.7517328452486151,0.5590052739680876,0.6594727222978064,2.1172594937819516,2.8069546533464442,31,532.2998177868396
ct_w5_i5,5,evaluation,problem_tree,0,projected_target,31,4.316066021282319,0.8358564463720473,1.0,1.2285796981938646,5.431390245600108,2.8069546533464442,31,532.2998177868396
ct_w5_i5,5,evaluation,problem_tree,19,exact_natural,31,5.313884772114282,1.0,0.8708945162991897,0.0,2.8424107126870233,2.8424107126870233,31,459.65898998876435
ct_w5_i5,5,evaluation,problem_tree,19,exact_regularized_full,31,5.313884772114282,0.8957226310272719,0.6268338374122608,0.5034793312661744,1.874513690388509,2.8424107126870233,31,459.65898998876435
ct_w5_i5,5,evaluation,problem_tree,19,exact_diagonal,31,5.313884772114282,0.4755522189500376,0.19816298813404534,0.9677363298156587,2.498103457926949,2.8424107126870233,31,459.65898998876435
ct_w5_i5,5,evaluation,problem_tree,19,exact_two_block,31,5.313884772114282,0.23188105492438393,-0.13677276733075122,1.1235681385915377,2.2573707821877598,2.8424107126870233,31,459.65898998876435
ct_w5_i5,5,evaluation,problem_tree,19,exact_star,31,5.313884772114282,0.8134181654180905,0.6615719176856697,0.5831080713060522,2.196115754475346,2.8424107126870233,31,459.65898998876435
ct_w5_i5,5,evaluation,problem_tree,19,projected_target,31,5.313884772114282,0.8708945162991897,1.0,1.1502295439156758,5.431390245600108,2.8424107126870233,31,459.65898998876435
ct_w5_i5,5,evaluation,problem_tree,42,exact_natural,31,4.300066215685508,1.0,0.7996865460495455,0.0,2.8594453959775454,2.8594453959775454,31,894.1389847773672
ct_w5_i5,5,evaluation,problem_tree,42,exact_regularized_full,31,4.300066215685508,0.8485902425698333,0.49486569681330106,0.5581665488372513,1.9177467885724415,2.8594453959775454,31,894.1389847773672
ct_w5_i5,5,evaluation,problem_tree,42,exact_diagonal,31,4.300066215685508,0.5405940049160215,0.27143037359178507,0.9254781896072937,2.6486399298431254,2.8594453959775454,31,894.1389847773672
ct_w5_i5,5,evaluation,problem_tree,42,exact_two_block,31,4.300066215685508,0.2720044789169919,-0.15961539381518508,1.1028412001285177,2.3182911425787838,2.8594453959775454,31,894.1389847773672
ct_w5_i5,5,evaluation,problem_tree,42,exact_star,31,4.300066215685508,0.7886003573666087,0.5813761674526648,0.6170045338618497,2.109573847646424,2.8594453959775454,31,894.1389847773672
ct_w5_i5,5,evaluation,problem_tree,42,projected_target,31,4.300066215685508,0.7996865460495455,1.0,1.2529939822522136,5.431390245600108,2.8594453959775454,31,894.1389847773672
ct_w5_i5,5,evaluation,problem_tree,50,exact_natural,31,4.258526715546411,0.9999999999999999,0.8574732705406346,0.0,2.778266481227714,2.778266481227714,31,715.3745813046697
ct_w5_i5,5,evaluation,problem_tree,50,exact_regularized_full,31,4.258526715546411,0.8712350540054845,0.5907061372636006,0.5553592898263779,1.6988449113683124,2.778266481227714,31,715.3745813046697
ct_w5_i5,5,evaluation,problem_tree,50,exact_diagonal,31,4.258526715546411,0.5238872356385449,0.2638127507861013,0.9648752543764725,2.7147676414991553,2.778266481227714,31,715.3745813046697
ct_w5_i5,5,evaluation,problem_tree,50,exact_two_block,31,4.258526715546411,0.23768001171736727,-0.14000105352168876,1.1438588385173867,2.338615652196372,2.778266481227714,31,715.3745813046697
ct_w5_i5,5,evaluation,problem_tree,50,exact_star,31,4.258526715546411,0.7209642902471806,0.5288877508766803,0.701307686858342,2.302542731368113,2.778266481227714,31,715.3745813046697
ct_w5_i5,5,evaluation,problem_tree,50,projected_target,31,4.258526715546411,0.8574732705406346,1.0,1.212109372737794,5.431390245600108,2.778266481227714,31,715.3745813046697
ct_w5_i5,5,evaluation,problem_tree,101,exact_natural,31,4.695961219620367,1.0,0.8657168072329996,0.0,2.9820794745724726,2.9820794745724726,31,811.6027967855414
ct_w5_i5,5,evaluation,problem_tree,101,exact_regularized_full,31,4.695961219620367,0.8417784742259218,0.572222040372689,0.5751387505323038,1.9185078856947386,2.9820794745724726,31,811.6027967855414
ct_w5_i5,5,evaluation,problem_tree,101,exact_diagonal,31,4.695961219620367,0.4850867437470738,0.24827302380682856,0.9407448714783826,2.480923581871089,2.9820794745724726,31,811.6027967855414
ct_w5_i5,5,evaluation,problem_tree,101,exact_two_block,31,4.695961219620367,0.40260339490251756,0.05944434787140305,0.9689542653385124,2.148136054486592,2.9820794745724726,31,811.6027967855414
ct_w5_i5,5,evaluation,problem_tree,101,exact_star,31,4.695961219620367,0.6263224628565016,0.42308134472124187,0.8135409882308031,2.5615417398836673,2.9820794745724726,31,811.6027967855414
ct_w5_i5,5,evaluation,problem_tree,101,projected_target,31,4.695961219620367,0.8657168072329996,1.0,1.0787753514237568,5.431390245600108,2.9820794745724726,31,811.6027967855414
ct_w5_i5,5,evaluation,width2,0,exact_natural,42,4.088832511255635,1.0,0.9809407858231991,0.0,4.845261565751185,4.845261565751185,42,266.6998599208221
ct_w5_i5,5,evaluation,width2,0,exact_regularized_full,42,4.088832511255635,0.9255573240191064,0.8774357860007171,0.5458294659834471,2.5795341677722092,4.845261565751185,42,266.6998599208221
ct_w5_i5,5,evaluation,width2,0,exact_diagonal,42,4.088832511255635,0.3854896063837985,0.32560220339161483,0.9227543446628673,1.9105399988352743,4.845261565751185,42,266.6998599208221
ct_w5_i5,5,evaluation,width2,0,exact_two_block,42,4.088832511255635,0.3683216568355691,0.27614075768384255,0.9297085423671588,1.8056326191206906,4.845261565751185,42,266.6998599208221
ct_w5_i5,5,evaluation,width2,0,exact_star,42,4.088832511255635,0.7456494936252241,0.6812387787817596,0.7295775708194971,2.1732728465890774,4.845261565751185,42,266.6998599208221
ct_w5_i5,5,evaluation,width2,0,projected_target,42,4.088832511255635,0.9809407858231991,1.0,0.2725425598095547,5.678908345800274,4.845261565751185,42,266.6998599208221
ct_w5_i5,5,evaluation,width2,19,exact_natural,42,4.479475065697724,0.9999999999999999,0.9867520397062788,0.0,5.069201353049097,5.069201353049097,42,142.98463989465625
ct_w5_i5,5,evaluation,width2,19,exact_regularized_full,42,4.479475065697724,0.9578034374078049,0.930707503719002,0.49066290131448564,2.839454172900137,5.069201353049097,42,142.98463989465625
ct_w5_i5,5,evaluation,width2,19,exact_diagonal,42,4.479475065697724,0.43259983634632704,0.41042547437641974,0.9155541925747727,1.3853226778227323,5.069201353049097,42,142.98463989465625
ct_w5_i5,5,evaluation,width2,19,exact_two_block,42,4.479475065697724,0.5889468643517987,0.5379318381014707,0.8560972885104603,1.5538471132621785,5.069201353049097,42,142.98463989465625
ct_w5_i5,5,evaluation,width2,19,exact_star,42,4.479475065697724,0.8089762547634235,0.7908183428147156,0.7200914748139975,1.9925735236398163,5.069201353049097,42,142.98463989465625
ct_w5_i5,5,evaluation,width2,19,projected_target,42,4.479475065697724,0.9867520397062788,1.0,0.21011724500737317,5.678908345800274,5.069201353049097,42,142.98463989465625
ct_w5_i5,5,evaluation,width2,42,exact_natural,42,4.0512494194122475,1.0000000000000002,0.9830784394873731,0.0,4.912960581673888,4.912960581673888,42,443.26146735945764
ct_w5_i5,5,evaluation,width2,42,exact_regularized_full,42,4.0512494194122475,0.8782372995697799,0.8356483599093508,0.5814646959010145,2.6897361052465913,4.912960581673888,42,443.26146735945764
ct_w5_i5,5,evaluation,width2,42,exact_diagonal,42,4.0512494194122475,0.4000625774431973,0.3596655033617702,0.9164891712276204,1.9732080685818973,4.912960581673888,42,443.26146735945764
ct_w5_i5,5,evaluation,width2,42,exact_two_block,42,4.0512494194122475,0.48993576507573033,0.42147337970231474,0.8795298524903513,1.8338836510356162,4.912960581673888,42,443.26146735945764
ct_w5_i5,5,evaluation,width2,42,exact_star,42,4.0512494194122475,0.6590960772206652,0.6133539862265538,0.7748020683902412,2.322588620388112,4.912960581673888,42,443.26146735945764
ct_w5_i5,5,evaluation,width2,42,projected_target,42,4.0512494194122475,0.9830784394873731,1.0,0.2518437697203514,5.678908345800274,4.912960581673888,42,443.26146735945764
ct_w5_i5,5,evaluation,width2,50,exact_natural,42,4.04696139106489,1.0000000000000002,0.9729132288083356,0.0,4.944128801086411,4.944128801086411,42,319.3766691043635
ct_w5_i5,5,evaluation,width2,50,exact_regularized_full,42,4.04696139106489,0.9230473407893884,0.8637718240705177,0.5570874736770003,2.571464167337733,4.944128801086411,42,319.3766691043635
ct_w5_i5,5,evaluation,width2,50,exact_diagonal,42,4.04696139106489,0.361603358668628,0.27440701988772886,0.9358013044340006,2.185841140824649,4.944128801086411,42,319.3766691043635
ct_w5_i5,5,evaluation,width2,50,exact_two_block,42,4.04696139106489,0.33401459734851985,0.2002134691164938,0.943267904061447,1.8310464391934411,4.944128801086411,42,319.3766691043635
ct_w5_i5,5,evaluation,width2,50,exact_star,42,4.04696139106489,0.7369318356652288,0.6816312526093325,0.7325024536157722,2.2483269208884047,4.944128801086411,42,319.3766691043635
ct_w5_i5,5,evaluation,width2,50,projected_target,42,4.04696139106489,0.9729132288083356,1.0,0.2903644589967578,5.678908345800274,4.944128801086411,42,319.3766691043635
ct_w5_i5,5,evaluation,width2,101,exact_natural,42,4.116374742859438,1.0000000000000002,0.976758141299902,0.0,4.889614323662173,4.889614323662173,42,293.2869032338704
ct_w5_i5,5,evaluation,width2,101,exact_regularized_full,42,4.116374742859438,0.9329992941688764,0.8772233596261763,0.5127014319565082,2.7764574640238413,4.889614323662173,42,293.2869032338704
ct_w5_i5,5,evaluation,width2,101,exact_diagonal,42,4.116374742859438,0.3875291163597044,0.3117320905512362,0.92240127118441,2.049716770526886,4.889614323662173,42,293.2869032338704
ct_w5_i5,5,evaluation,width2,101,exact_two_block,42,4.116374742859438,0.6032374632093657,0.48764000620301146,0.824146015348358,1.9343458442309618,4.889614323662173,42,293.2869032338704
ct_w5_i5,5,evaluation,width2,101,exact_star,42,4.116374742859438,0.7171163733252365,0.6651745869622276,0.740806714530821,2.278647430117825,4.889614323662173,42,293.2869032338704
ct_w5_i5,5,evaluation,width2,101,projected_target,42,4.116374742859438,0.976758141299902,1.0,0.2829213282207335,5.678908345800274,4.889614323662173,42,293.2869032338704
ct_w5_i5,5,evaluation,width3,0,exact_natural,46,4.007661913080824,1.0,0.9922487222762598,0.0,5.283527208582462,5.283527208582462,46,253.47999378081286
ct_w5_i5,5,evaluation,width3,0,exact_regularized_full,46,4.007661913080824,0.9467805729705216,0.9311485015368335,0.5311701735199428,2.7698696228297286,5.283527208582462,46,253.47999378081286
ct_w5_i5,5,evaluation,width3,0,exact_diagonal,46,4.007661913080824,0.368217876607076,0.34521229804085946,0.9297397265785275,1.9486761105715715,5.283527208582462,46,253.47999378081286
ct_w5_i5,5,evaluation,width3,0,exact_two_block,46,4.007661913080824,0.41672339413755227,0.3816728121101253,0.9141003197732736,1.6939517325972835,5.283527208582462,46,253.47999378081286
ct_w5_i5,5,evaluation,width3,0,exact_star,46,4.007661913080824,0.7485587845318611,0.7306423291779428,0.7380062960776486,2.2430248250342633,5.283527208582462,46,253.47999378081286
ct_w5_i5,5,evaluation,width3,0,projected_target,46,4.007661913080824,0.9922487222762598,0.9999999999999998,0.15895733260956607,5.766281297335398,5.283527208582462,46,253.47999378081286
ct_w5_i5,5,evaluation,width3,19,exact_natural,46,4.503248346599066,1.0000000000000002,0.9894161071080187,0.0,5.282257475040552,5.282257475040552,46,184.98293285540956
ct_w5_i5,5,evaluation,width3,19,exact_regularized_full,46,4.503248346599066,0.9584426121027413,0.9348796981732372,0.5016457713404676,2.8831406486676996,5.282257475040552,46,184.98293285540956
ct_w5_i5,5,evaluation,width3,19,exact_diagonal,46,4.503248346599066,0.3602928431117031,0.3401924178803762,0.9393646675943103,1.3193109132959724,5.282257475040552,46,184.98293285540956
ct_w5_i5,5,evaluation,width3,19,exact_two_block,46,4.503248346599066,0.6692725875366102,0.6335433642271356,0.8224028292855844,1.6731547905884006,5.282257475040552,46,184.98293285540956
ct_w5_i5,5,evaluation,width3,19,exact_star,46,4.503248346599066,0.7847492184729924,0.7698955789265004,0.7563347845636429,1.8556849752051106,5.282257475040552,46,184.98293285540956
ct_w5_i5,5,evaluation,width3,19,projected_target,46,4.503248346599066,0.9894161071080187,0.9999999999999998,0.17749325610191422,5.766281297335398,5.282257475040552,46,184.98293285540956
ct_w5_i5,5,evaluation,width3,42,exact_natural,46,3.2313359118230895,1.0000000000000002,0.9886409009938434,0.0,5.136403388990292,5.136403388990292,46,408.9354175141059
ct_w5_i5,5,evaluation,width3,42,exact_regularized_full,46,3.2313359118230895,0.9248149105822423,0.9083372182521042,0.5326215801271996,2.835450299849588,5.136403388990292,46,408.9354175141059
ct_w5_i5,5,evaluation,width3,42,exact_diagonal,46,3.2313359118230895,0.3517852441671128,0.3724518010024047,0.9592444378776207,2.883140648667699,5.136403388990292,46,408.9354175141059
ct_w5_i5,5,evaluation,width3,42,exact_two_block,46,3.2313359118230895,0.5668001954766689,0.5529602775428162,0.8513724070327073,1.80851252427653,5.136403388990292,46,408.9354175141059
ct_w5_i5,5,evaluation,width3,42,exact_star,46,3.2313359118230895,0.5926871320208924,0.5965245280024545,0.8214002236457637,2.2164365787073286,5.136403388990292,46,408.9354175141059
ct_w5_i5,5,evaluation,width3,42,projected_target,46,3.2313359118230895,0.9886409009938434,0.9999999999999998,0.2013511540191973,5.766281297335398,5.136403388990292,46,408.9354175141059
ct_w5_i5,5,evaluation,width3,50,exact_natural,46,3.938772632254677,1.0,0.9873329527991562,0.0,5.207796664374668,5.207796664374668,46,493.3389847519647
ct_w5_i5,5,evaluation,width3,50,exact_regularized_full,46,3.938772632254677,0.9381367590877309,0.9010377438987228,0.526685050358907,2.8188602097181,5.207796664374668,46,493.3389847519647
ct_w5_i5,5,evaluation,width3,50,exact_diagonal,46,3.938772632254677,0.4038105794217288,0.3758376431713724,0.9196940211513607,1.6116587197387822,5.207796664374668,46,493.3389847519647
ct_w5_i5,5,evaluation,width3,50,exact_two_block,46,3.938772632254677,0.4164514516660514,0.37681881077311546,0.9140805393351423,1.675424965005274,5.207796664374668,46,493.3389847519647
ct_w5_i5,5,evaluation,width3,50,exact_star,46,3.938772632254677,0.7860433498212377,0.7498062827630569,0.7224718992135485,2.146159716453147,5.207796664374668,46,493.3389847519647
ct_w5_i5,5,evaluation,width3,50,projected_target,46,3.938772632254677,0.9873329527991562,0.9999999999999998,0.19887524775532628,5.766281297335398,5.207796664374668,46,493.3389847519647
ct_w5_i5,5,evaluation,width3,101,exact_natural,46,3.4651013712779495,1.0000000000000002,0.9895388386831655,0.0,5.1915169830241945,5.1915169830241945,46,294.2361457972252
ct_w5_i5,5,evaluation,width3,101,exact_regularized_full,46,3.4651013712779495,0.9475307511102375,0.9323650368959011,0.5092492618564216,2.8610974281200785,5.1915169830241945,46,294.2361457972252
ct_w5_i5,5,evaluation,width3,101,exact_diagonal,46,3.4651013712779495,0.33889128746037805,0.3691263454067862,0.9654065010883365,2.883140648667699,5.1915169830241945,46,294.2361457972252
ct_w5_i5,5,evaluation,width3,101,exact_two_block,46,3.4651013712779495,0.5650344650594409,0.556849785925815,0.846084951102221,1.9604274371287036,5.1915169830241945,46,294.2361457972252
ct_w5_i5,5,evaluation,width3,101,exact_star,46,3.4651013712779495,0.615259524920378,0.6304630849723091,0.7941226780509114,2.696851480531711,5.1915169830241945,46,294.2361457972252
ct_w5_i5,5,evaluation,width3,101,projected_target,46,3.4651013712779495,0.9895388386831655,0.9999999999999998,0.1884034831444894,5.766281297335398,5.1915169830241945,46,294.2361457972252
ct_w6_i1,6,calibration,chain,0,exact_natural,31,8.517586159895046,0.9999999999999999,-0.8317289463304361,0.0,2.5855200894467196,2.5855200894467196,31,632.9038593589387
ct_w6_i1,6,calibration,chain,0,exact_regularized_full,31,8.517586159895046,0.9647898967078097,-0.759853071582327,0.28516321269173267,2.209634872821461,2.5855200894467196,31,632.9038593589387
ct_w6_i1,6,calibration,chain,0,exact_diagonal,31,8.517586159895046,0.8024463499278194,-0.6686808659837195,0.607677681129189,2.3717082451262845,2.5855200894467196,31,632.9038593589387
ct_w6_i1,6,calibration,chain,0,exact_two_block,31,8.517586159895046,0.8810164842122294,-0.7426647312691549,0.4744752337804059,2.3717082451262845,2.5855200894467196,31,632.9038593589387
ct_w6_i1,6,calibration,chain,0,exact_star,31,8.517586159895046,0.5530314385372281,-0.2108367793724799,0.9093133775554307,2.3717082451262845,2.5855200894467196,31,632.9038593589387
ct_w6_i1,6,calibration,chain,0,projected_target,31,8.517586159895046,-0.8317289463304361,1.0,2.7235236389322806,4.743416490252569,2.5855200894467196,31,632.9038593589387
ct_w6_i1,6,calibration,chain,19,exact_natural,31,8.93957385863966,1.0,-0.8502734262683985,0.0,2.6254002079542778,2.6254002079542778,31,209.287479587163
ct_w6_i1,6,calibration,chain,19,exact_regularized_full,31,8.93957385863966,0.9785225072598527,-0.8228304311323814,0.2287577415295144,2.308629586638548,2.6254002079542778,31,209.287479587163
ct_w6_i1,6,calibration,chain,19,exact_diagonal,31,8.93957385863966,0.7975359607081903,-0.7006096152679988,0.6124845077858253,2.371708245126284,2.6254002079542778,31,209.287479587163
ct_w6_i1,6,calibration,chain,19,exact_two_block,31,8.93957385863966,0.8761308324714183,-0.8008991586969578,0.48284236161570027,2.3717082451262845,2.6254002079542778,31,209.287479587163
ct_w6_i1,6,calibration,chain,19,exact_star,31,8.93957385863966,0.49867436499532825,-0.20253271763198324,0.9566099394616605,2.371708245126284,2.6254002079542778,31,209.287479587163
ct_w6_i1,6,calibration,chain,19,projected_target,31,8.93957385863966,-0.8502734262683985,1.0,2.7086449208302716,4.743416490252569,2.6254002079542778,31,209.287479587163
ct_w6_i1,6,calibration,chain,42,exact_natural,31,8.569367332413824,1.0000000000000002,-0.8575126025438545,0.0,2.5612915235029887,2.5612915235029887,31,1095.9618092634296
ct_w6_i1,6,calibration,chain,42,exact_regularized_full,31,8.569367332413824,0.9700146299292877,-0.7826959612528807,0.2703897713082166,2.181012213301805,2.5612915235029887,31,1095.9618092634296
ct_w6_i1,6,calibration,chain,42,exact_diagonal,31,8.569367332413824,0.7812794028387231,-0.6581394988621252,0.6407348556684602,2.3717082451262845,2.5612915235029887,31,1095.9618092634296
ct_w6_i1,6,calibration,chain,42,exact_two_block,31,8.569367332413824,0.8719806748208592,-0.7700932374435433,0.4925096732979498,2.3717082451262845,2.5612915235029887,31,1095.9618092634296
ct_w6_i1,6,calibration,chain,42,exact_star,31,8.569367332413824,0.44986159118978386,-0.1270299976497326,0.9801847717724304,2.186740025172322,2.5612915235029887,31,1095.9618092634296
ct_w6_i1,6,calibration,chain,42,projected_target,31,8.569367332413824,-0.8575126025438545,1.0,2.7578848445544955,4.743416490252569,2.5612915235029887,31,1095.9618092634296
ct_w6_i1,6,calibration,chain,50,exact_natural,31,8.454759835913796,1.0,-0.7965778146684476,0.0,2.3693083030339466,2.3693083030339466,31,901.3910364392594
ct_w6_i1,6,calibration,chain,50,exact_regularized_full,31,8.454759835913796,0.9568228677621851,-0.732149195694012,0.329462948970814,1.8995299838426056,2.3693083030339466,31,901.3910364392594
ct_w6_i1,6,calibration,chain,50,exact_diagonal,31,8.454759835913796,0.7387816947673528,-0.6621914087770002,0.7231644542603789,2.3717082451262845,2.3693083030339466,31,901.3910364392594
ct_w6_i1,6,calibration,chain,50,exact_two_block,31,8.454759835913796,0.8511584858594127,-0.7924369619925102,0.5458805603841096,2.3717082451262845,2.3693083030339466,31,901.3910364392594
ct_w6_i1,6,calibration,chain,50,exact_star,31,8.454759835913796,0.4294144600184659,-0.1032140290934121,1.0008449148030059,2.039483664868699,2.3693083030339466,31,901.3910364392594
ct_w6_i1,6,calibration,chain,50,projected_target,31,8.454759835913796,-0.7965778146684476,1.0,2.863153210463382,4.743416490252569,2.3693083030339466,31,901.3910364392594
ct_w6_i1,6,calibration,chain,101,exact_natural,31,9.10769462751752,0.9999999999999999,-0.8674635260515507,0.0,2.763263389166838,2.763263389166838,31,329.9827352542744
ct_w6_i1,6,calibration,chain,101,exact_regularized_full,31,9.10769462751752,0.9725605694670787,-0.8247227061163341,0.2591938968131465,2.371708245126284,2.763263389166838,31,329.9827352542744
ct_w6_i1,6,calibration,chain,101,exact_diagonal,31,9.10769462751752,0.811719728104826,-0.703965404435002,0.585901681513833,2.3717082451262845,2.763263389166838,31,329.9827352542744
ct_w6_i1,6,calibration,chain,101,exact_two_block,31,9.10769462751752,0.8914523797745543,-0.790527799487481,0.45432560152232304,2.3717082451262845,2.763263389166838,31,329.9827352542744
ct_w6_i1,6,calibration,chain,101,exact_star,31,9.10769462751752,0.4884166007209622,-0.2263921032329012,0.9477672498915649,2.3717082451262845,2.763263389166838,31,329.9827352542744
ct_w6_i1,6,calibration,chain,101,projected_target,31,9.10769462751752,-0.8674635260515507,1.0,2.6315183141475798,4.743416490252569,2.763263389166838,31,329.9827352542744
ct_w6_i1,6,calibration,problem_tree,0,exact_natural,31,5.245389318808193,1.0000000000000002,0.38280590307968726,0.0,2.4479780369870574,2.4479780369870574,31,538.5628371402388
ct_w6_i1,6,calibration,problem_tree,0,exact_regularized_full,31,5.245389318808193,0.9017011899295638,0.08049640610565258,0.45805697802563167,1.8370502526085386,2.4479780369870574,31,538.5628371402388
ct_w6_i1,6,calibration,problem_tree,0,exact_diagonal,31,5.245389318808193,0.5570054412177083,0.06306393815614489,0.958967315516292,2.5372228912730552,2.4479780369870574,31,538.5628371402388
ct_w6_i1,6,calibration,problem_tree,0,exact_two_block,31,5.245389318808193,0.3890643873189229,-0.35658141513991054,1.0830021601576723,2.34640384194554,2.4479780369870574,31,538.5628371402388
ct_w6_i1,6,calibration,problem_tree,0,exact_star,31,5.245389318808193,0.7418089466847053,0.21224973174017242,0.7324866563375387,2.5372228912730543,2.4479780369870574,31,538.5628371402388
ct_w6_i1,6,calibration,problem_tree,0,projected_target,31,5.245389318808193,0.38280590307968726,1.0,1.926115789481079,5.07444578254611,2.4479780369870574,31,538.5628371402388
ct_w6_i1,6,calibration,problem_tree,19,exact_natural,31,6.366567906537979,1.0000000000000002,0.5164933844402694,0.0,2.370969559033944,2.370969559033944,31,183.9010665069227
ct_w6_i1,6,calibration,problem_tree,19,exact_regularized_full,31,6.366567906537979,0.912817541791511,0.22807470373182914,0.45205275114448507,1.7045906440654495,2.370969559033944,31,183.9010665069227
ct_w6_i1,6,calibration,problem_tree,19,exact_diagonal,31,6.366567906537979,0.47404929838112053,-0.16692751178682474,1.0030156121704805,2.262918151394621,2.370969559033944,31,183.9010665069227
ct_w6_i1,6,calibration,problem_tree,19,exact_two_block,31,6.366567906537979,0.3131524840681364,-0.39844244105045323,1.0938536827382106,2.0293248401435804,2.370969559033944,31,183.9010665069227
ct_w6_i1,6,calibration,problem_tree,19,exact_star,31,6.366567906537979,0.8512619551502115,0.3154858832315179,0.539204715209182,2.312437237256785,2.370969559033944,31,183.9010665069227
ct_w6_i1,6,calibration,problem_tree,19,projected_target,31,6.366567906537979,0.5164933844402694,1.0,1.8356988448288993,5.07444578254611,2.370969559033944,31,183.9010665069227
ct_w6_i1,6,calibration,problem_tree,42,exact_natural,31,5.269433723951943,0.9999999999999999,0.3486343966045209,0.0,2.5169054137249622,2.5169054137249622,31,347.0079286797245
ct_w6_i1,6,calibration,problem_tree,42,exact_regularized_full,31,5.269433723951943,0.9338436342326397,0.07415377691104219,0.3703918676938257,2.1082746530605303,2.5169054137249622,31,347.0079286797245
ct_w6_i1,6,calibration,problem_tree,42,exact_diagonal,31,5.269433723951943,0.6316324799095616,0.028910348137283215,0.8618279566351609,2.537222891273055,2.5169054137249622,31,347.0079286797245
ct_w6_i1,6,calibration,problem_tree,42,exact_two_block,31,5.269433723951943,0.48128217518364175,-0.35538887889298976,1.0226805039299658,2.5372228912730543,2.5169054137249622,31,347.0079286797245
ct_w6_i1,6,calibration,problem_tree,42,exact_star,31,5.269433723951943,0.9022443957358846,0.25913869140317175,0.4414995079845033,2.509197140943289,2.5169054137249622,31,347.0079286797245
ct_w6_i1,6,calibration,problem_tree,42,projected_target,31,5.269433723951943,0.3486343966045209,1.0,1.9128630453318252,5.07444578254611,2.5169054137249622,31,347.0079286797245
ct_w6_i1,6,calibration,problem_tree,50,exact_natural,31,6.190185790214173,1.0,0.44222226968276207,0.0,2.425587632003231,2.425587632003231,31,401.79054538709784
ct_w6_i1,6,calibration,problem_tree,50,exact_regularized_full,31,6.190185790214173,0.8934705829127051,0.14169004888361325,0.4658279671555413,1.8673059807917296,2.425587632003231,31,401.79054538709784
ct_w6_i1,6,calibration,problem_tree,50,exact_diagonal,31,6.190185790214173,0.5437322938702036,0.004017273985361594,0.9780859657958608,2.537222891273055,2.425587632003231,31,401.79054538709784
ct_w6_i1,6,calibration,problem_tree,50,exact_two_block,31,6.190185790214173,0.2692294356715358,-0.44414426415803665,1.2059139799841412,2.4134097358127495,2.425587632003231,31,401.79054538709784
ct_w6_i1,6,calibration,problem_tree,50,exact_star,31,6.190185790214173,0.8267616033026325,0.4184621988910215,0.6037725171437477,2.537222891273055,2.425587632003231,31,401.79054538709784
ct_w6_i1,6,calibration,problem_tree,50,projected_target,31,6.190185790214173,0.44222226968276207,1.0,1.877861667684923,5.07444578254611,2.425587632003231,31,401.79054538709784
ct_w6_i1,6,calibration,problem_tree,101,exact_natural,31,5.072881858443662,1.0000000000000002,0.5035105647075808,0.0,2.5782055491080453,2.5782055491080453,31,396.16770767383383
ct_w6_i1,6,calibration,problem_tree,101,exact_regularized_full,31,5.072881858443662,0.9103544594000675,0.2078239338799861,0.43959149204909775,1.9647936135255362,2.5782055491080453,31,396.16770767383383
ct_w6_i1,6,calibration,problem_tree,101,exact_diagonal,31,5.072881858443662,0.5581825935875107,0.0999790074223316,0.9326528834756218,2.5372228912730543,2.5782055491080453,31,396.16770767383383
ct_w6_i1,6,calibration,problem_tree,101,exact_two_block,31,5.072881858443662,0.43961316919209686,-0.26143683701007,1.026857269951156,2.416560893223127,2.5782055491080453,31,396.16770767383383
ct_w6_i1,6,calibration,problem_tree,101,exact_star,31,5.072881858443662,0.7465501984353361,0.28369169761915514,0.7064663484880901,2.5372228912730543,2.5782055491080453,31,396.16770767383383
ct_w6_i1,6,calibration,problem_tree,101,projected_target,31,5.072881858443662,0.5035105647075808,1.0,1.7005342745387617,5.07444578254611,2.5782055491080453,31,396.16770767383383
ct_w6_i1,6,calibration,width2,0,exact_natural,42,4.5821587317528625,1.0000000000000002,0.9070836545894768,0.0,4.160791773941047,4.160791773941047,42,774.7096671615938
ct_w6_i1,6,calibration,width2,0,exact_regularized_full,42,4.5821587317528625,0.9202316480599478,0.7529633600855296,0.5488155255922138,2.22806978703274,4.160791773941047,42,774.7096671615938
ct_w6_i1,6,calibration,width2,0,exact_diagonal,42,4.5821587317528625,0.32914410698457836,0.1123322971177865,0.9460823681633175,1.612388090483062,4.160791773941047,42,774.7096671615938
ct_w6_i1,6,calibration,width2,0,exact_two_block,42,4.5821587317528625,0.39136941599492686,0.17878850864678839,0.9206671029930337,1.7459395736528525,4.160791773941047,42,774.7096671615938
ct_w6_i1,6,calibration,width2,0,exact_star,42,4.5821587317528625,0.7637010849031967,0.600892611075776,0.7123058315053057,1.9250788473020157,4.160791773941047,42,774.7096671615938
ct_w6_i1,6,calibration,width2,0,projected_target,42,4.5821587317528625,0.9070836545894768,1.0,0.5644079244113256,5.338539126015656,4.160791773941047,42,774.7096671615938
ct_w6_i1,6,calibration,width2,19,exact_natural,42,4.7207108858532205,1.0000000000000002,0.9407240094930982,0.0,4.050829565225504,4.050829565225504,42,270.47820763786916
ct_w6_i1,6,calibration,width2,19,exact_regularized_full,42,4.7207108858532205,0.9415972230905538,0.8386549226159797,0.4762421892403296,2.4500645041480005,4.050829565225504,42,270.47820763786916
ct_w6_i1,6,calibration,width2,19,exact_diagonal,42,4.7207108858532205,0.42604888878780484,0.33215694141687735,0.9074573808619376,2.0121896091861773,4.050829565225504,42,270.47820763786916
ct_w6_i1,6,calibration,width2,19,exact_two_block,42,4.7207108858532205,0.46582905377891715,0.3332641540625115,0.8856445942644106,1.7374392152094238,4.050829565225504,42,270.47820763786916
ct_w6_i1,6,calibration,width2,19,exact_star,42,4.7207108858532205,0.7582852474477416,0.66215338420015,0.6997885977140301,2.0413026431098142,4.050829565225504,42,270.47820763786916
ct_w6_i1,6,calibration,width2,19,projected_target,42,4.7207108858532205,0.9407240094930982,1.0,0.507238515537464,5.338539126015656,4.050829565225504,42,270.47820763786916
ct_w6_i1,6,calibration,width2,42,exact_natural,42,4.225223085682174,1.0,0.9489975994890761,0.0,4.005365379429746,4.005365379429746,42,414.6547437237895
ct_w6_i1,6,calibration,width2,42,exact_regularized_full,42,4.225223085682174,0.9518063188759563,0.8639197239408296,0.45246076233931937,2.479947358680317,4.005365379429746,42,414.6547437237895
ct_w6_i1,6,calibration,width2,42,exact_diagonal,42,4.225223085682174,0.4220390471446541,0.32086149175060646,0.915418282259628,2.1987642428854293,4.005365379429746,42,414.6547437237895
ct_w6_i1,6,calibration,width2,42,exact_two_block,42,4.225223085682174,0.40333107365027404,0.24205531849001663,0.9160888591152541,1.7898368988713702,4.005365379429746,42,414.6547437237895
ct_w6_i1,6,calibration,width2,42,exact_star,42,4.225223085682174,0.7932591549123402,0.7112692444501864,0.659471903696738,2.1627148202807835,4.005365379429746,42,414.6547437237895
ct_w6_i1,6,calibration,width2,42,projected_target,42,4.225223085682174,0.9489975994890761,1.0,0.49673322672210235,5.338539126015656,4.005365379429746,42,414.6547437237895
ct_w6_i1,6,calibration,width2,50,exact_natural,42,5.438132815766234,0.9999999999999998,0.9286624984946071,0.0,4.1615784358229995,4.1615784358229995,42,346.5737826105731
ct_w6_i1,6,calibration,width2,50,exact_regularized_full,42,5.438132815766234,0.9112942108924024,0.7844145306584095,0.5300900392196206,2.4030995327492692,4.1615784358229995,42,346.5737826105731
ct_w6_i1,6,calibration,width2,50,exact_diagonal,42,5.438132815766234,0.31697201813247006,0.13822152644985788,0.9534238771166613,1.7244756156965255,4.1615784358229995,42,346.5737826105731
ct_w6_i1,6,calibration,width2,50,exact_two_block,42,5.438132815766234,0.19075986557028657,0.004990069710756598,0.9996077787443216,1.5791227457630859,4.1615784358229995,42,346.5737826105731
ct_w6_i1,6,calibration,width2,50,exact_star,42,5.438132815766234,0.8993941399446865,0.7471724251516741,0.5883519329436914,2.1041258070840403,4.1615784358229995,42,346.5737826105731
ct_w6_i1,6,calibration,width2,50,projected_target,42,5.438132815766234,0.9286624984946071,1.0,0.5128456097319178,5.338539126015656,4.1615784358229995,42,346.5737826105731
ct_w6_i1,6,calibration,width2,101,exact_natural,42,4.80926052420293,1.0,0.9328888854286637,0.0,4.328954724015472,4.328954724015472,42,1008.04642276579
ct_w6_i1,6,calibration,width2,101,exact_regularized_full,42,4.80926052420293,0.9425963596586835,0.8227034131872315,0.4971438966297693,2.4861319644412103,4.328954724015472,42,1008.04642276579
ct_w6_i1,6,calibration,width2,101,exact_diagonal,42,4.80926052420293,0.2442984073153496,0.12664925902549587,1.0261427713132032,2.5105044682116944,4.328954724015472,42,1008.04642276579
ct_w6_i1,6,calibration,width2,101,exact_two_block,42,4.80926052420293,0.4845630218292321,0.3333582695905819,0.8844305490759505,1.532914089110156,4.328954724015472,42,1008.04642276579
ct_w6_i1,6,calibration,width2,101,exact_star,42,4.80926052420293,0.6155630254459443,0.48171886980329254,0.7893126428838323,2.47445322311877,4.328954724015472,42,1008.04642276579
ct_w6_i1,6,calibration,width2,101,projected_target,42,4.80926052420293,0.9328888854286637,1.0,0.46895106905642087,5.338539126015656,4.328954724015472,42,1008.04642276579
ct_w6_i1,6,calibration,width3,0,exact_natural,48,3.609483427674819,1.0,0.9859709975720127,0.0,4.955047891770688,4.955047891770688,48,429.8157097114395
ct_w6_i1,6,calibration,width3,0,exact_regularized_full,48,3.609483427674819,0.9391266563672596,0.9286396785789327,0.5264173112238387,2.6771418058503453,4.955047891770688,48,429.8157097114395
ct_w6_i1,6,calibration,width3,0,exact_diagonal,48,3.609483427674819,0.3233643258449351,0.3273461824679196,0.9736665032856384,2.738612787525831,4.955047891770688,48,429.8157097114395
ct_w6_i1,6,calibration,width3,0,exact_two_block,48,3.609483427674819,0.5183114346735614,0.5029755539919553,0.865488104784173,1.908726349572815,4.955047891770688,48,429.8157097114395
ct_w6_i1,6,calibration,width3,0,exact_star,48,3.609483427674819,0.6113262496495047,0.6193333023136062,0.7935478888377516,2.7386127875258306,4.955047891770688,48,429.8157097114395
ct_w6_i1,6,calibration,width3,0,projected_target,48,3.609483427674819,0.9859709975720127,1.0,0.2052325804245887,5.477225575051661,4.955047891770688,48,429.8157097114395
ct_w6_i1,6,calibration,width3,19,exact_natural,48,3.9866137263897663,1.0000000000000002,0.9880559082682,0.0,4.901378827462784,4.901378827462784,48,330.3789894422166
ct_w6_i1,6,calibration,width3,19,exact_regularized_full,48,3.9866137263897663,0.9522100537802323,0.9300106645136241,0.4981084887738924,2.7386127875258306,4.901378827462784,48,330.3789894422166
ct_w6_i1,6,calibration,width3,19,exact_diagonal,48,3.9866137263897663,0.40290657778823324,0.38830160136513525,0.9281726135958653,2.731550836827266,4.901378827462784,48,330.3789894422166
ct_w6_i1,6,calibration,width3,19,exact_two_block,48,3.9866137263897663,0.6289907832825362,0.5917839392832906,0.7998433297319153,2.16100991445773,4.901378827462784,48,330.3789894422166
ct_w6_i1,6,calibration,width3,19,exact_star,48,3.9866137263897663,0.5764106503942403,0.5682474560714927,0.8179601672041106,2.6479373578418572,4.901378827462784,48,330.3789894422166
ct_w6_i1,6,calibration,width3,19,projected_target,48,3.9866137263897663,0.9880559082682,1.0,0.20124077110499727,5.477225575051661,4.901378827462784,48,330.3789894422166
ct_w6_i1,6,calibration,width3,42,exact_natural,48,4.414776529958017,1.0,0.9904229628471768,0.0,4.986038587936562,4.986038587936562,48,194.49352367248707
ct_w6_i1,6,calibration,width3,42,exact_regularized_full,48,4.414776529958017,0.9639288716713947,0.9451489980793281,0.4927418442810814,2.7386127875258306,4.986038587936562,48,194.49352367248707
ct_w6_i1,6,calibration,width3,42,exact_diagonal,48,4.414776529958017,0.3430543569027598,0.3226171288437441,0.9397417507754728,1.8515836243292285,4.986038587936562,48,194.49352367248707
ct_w6_i1,6,calibration,width3,42,exact_two_block,48,4.414776529958017,0.5643455888226204,0.5213729855104662,0.8525499112554571,1.7523109065759133,4.986038587936562,48,194.49352367248707
ct_w6_i1,6,calibration,width3,42,exact_star,48,4.414776529958017,0.7350850184603049,0.7314644809771297,0.7559135530508854,1.998338560817552,4.986038587936562,48,194.49352367248707
ct_w6_i1,6,calibration,width3,42,projected_target,48,4.414776529958017,0.9904229628471768,1.0,0.17534450852031033,5.477225575051661,4.986038587936562,48,194.49352367248707
ct_w6_i1,6,calibration,width3,50,exact_natural,48,4.7695416159668556,0.9999999999999999,0.9833214222345842,0.0,4.841121256101334,4.841121256101334,48,394.3444490749747
ct_w6_i1,6,calibration,width3,50,exact_regularized_full,48,4.7695416159668556,0.9145708013390265,0.8812997681083765,0.5407711796781453,2.689638076968223,4.841121256101334,48,394.3444490749747
ct_w6_i1,6,calibration,width3,50,exact_diagonal,48,4.7695416159668556,0.3304984259036152,0.29219776080328713,0.9519127401193039,2.200107730257557,4.841121256101334,48,394.3444490749747
ct_w6_i1,6,calibration,width3,50,exact_two_block,48,4.7695416159668556,0.33243792634753916,0.2541309411980666,0.9431525882554297,1.6442080752983075,4.841121256101334,48,394.3444490749747
ct_w6_i1,6,calibration,width3,50,exact_star,48,4.7695416159668556,0.7815751374218902,0.7412865348974117,0.7072232559320333,2.1706225051620507,4.841121256101334,48,394.3444490749747
ct_w6_i1,6,calibration,width3,50,projected_target,48,4.7695416159668556,0.9833214222345842,1.0,0.23453162385746346,5.477225575051661,4.841121256101334,48,394.3444490749747
ct_w6_i1,6,calibration,width3,101,exact_natural,48,4.375730243830761,0.9999999999999999,0.9891806562753668,0.0,5.033476217857729,5.033476217857729,48,298.30568714851654
ct_w6_i1,6,calibration,width3,101,exact_regularized_full,48,4.375730243830761,0.9566624906632903,0.9476477013033351,0.5049963829617453,2.7386127875258306,5.033476217857729,48,298.30568714851654
ct_w6_i1,6,calibration,width3,101,exact_diagonal,48,4.375730243830761,0.3009920692976692,0.29743471410195693,0.9661871585752171,2.2966665832679847,5.033476217857729,48,298.30568714851654
ct_w6_i1,6,calibration,width3,101,exact_two_block,48,4.375730243830761,0.529264728704018,0.4955373384062861,0.8740361024314475,1.607487772370796,5.033476217857729,48,298.30568714851654
ct_w6_i1,6,calibration,width3,101,exact_star,48,4.375730243830761,0.7032273951516443,0.7032342008345165,0.752446938947271,2.299509447839913,5.033476217857729,48,298.30568714851654
ct_w6_i1,6,calibration,width3,101,projected_target,48,4.375730243830761,0.9891806562753668,1.0,0.176970236955767,5.477225575051661,5.033476217857729,48,298.30568714851654
ct_w6_i2,6,evaluation,chain,0,exact_natural,31,8.909784927699624,0.9999999999999999,-0.6415315043458427,0.0,2.4945587313716837,2.4945587313716837,31,4050.5597791453774
ct_w6_i2,6,evaluation,chain,0,exact_regularized_full,31,8.909784927699624,0.9784926816525633,-0.6088240345587516,0.21099649492590125,2.3302589790937507,2.4945587313716837,31,4050.5597791453774
ct_w6_i2,6,evaluation,chain,0,exact_diagonal,31,8.909784927699624,0.8714685269954408,-0.5671518254968679,0.5291237595047009,2.669269563007828,2.4945587313716837,31,4050.5597791453774
ct_w6_i2,6,evaluation,chain,0,exact_two_block,31,8.909784927699624,0.8889443835216699,-0.6774414568059817,0.49251632947000035,2.669269563007828,2.4945587313716837,31,4050.5597791453774
ct_w6_i2,6,evaluation,chain,0,exact_star,31,8.909784927699624,0.6414479794240754,-0.011055301716291006,0.8787677961550316,2.669269563007828,2.4945587313716837,31,4050.5597791453774
ct_w6_i2,6,evaluation,chain,0,projected_target,31,8.909784927699624,-0.6415315043458427,1.0,2.88543998926684,5.338539126015656,2.4945587313716837,31,4050.5597791453774
ct_w6_i2,6,evaluation,chain,19,exact_natural,31,9.742817772021953,0.9999999999999999,-0.6741060727043676,0.0,2.7140200762993603,2.7140200762993603,31,1419.1394844613185
ct_w6_i2,6,evaluation,chain,19,exact_regularized_full,31,9.742817772021953,0.9860006890378036,-0.6962675313480137,0.17167601714090036,2.5651150625057757,2.7140200762993603,31,1419.1394844613185
ct_w6_i2,6,evaluation,chain,19,exact_diagonal,31,9.742817772021953,0.8753133811454911,-0.6608807312122885,0.4955131545734714,2.669269563007828,2.7140200762993603,31,1419.1394844613185
ct_w6_i2,6,evaluation,chain,19,exact_two_block,31,9.742817772021953,0.8937738076647411,-0.7304471764020918,0.4574070486470846,2.669269563007828,2.7140200762993603,31,1419.1394844613185
ct_w6_i2,6,evaluation,chain,19,exact_star,31,9.742817772021953,0.7114986850335854,-0.13445902418205585,0.7534988479564818,2.6692695630078282,2.7140200762993603,31,1419.1394844613185
ct_w6_i2,6,evaluation,chain,19,projected_target,31,9.742817772021953,-0.6741060727043676,1.0,2.7424701002237684,5.338539126015656,2.7140200762993603,31,1419.1394844613185
ct_w6_i2,6,evaluation,chain,42,exact_natural,31,9.348496280047957,1.0000000000000002,-0.6680314521762942,0.0,2.3657426086844215,2.3657426086844215,31,430.24868143340575
ct_w6_i2,6,evaluation,chain,42,exact_regularized_full,31,9.348496280047957,0.9879273903633994,-0.657695802432235,0.16050921606605378,2.2378281373694127,2.3657426086844215,31,430.24868143340575
ct_w6_i2,6,evaluation,chain,42,exact_diagonal,31,9.348496280047957,0.8812588682998878,-0.5944995382832842,0.5333034620085854,2.669269563007828,2.3657426086844215,31,430.24868143340575
ct_w6_i2,6,evaluation,chain,42,exact_two_block,31,9.348496280047957,0.8929415856169791,-0.7127263562690993,0.5079855718276615,2.6692695630078274,2.3657426086844215,31,430.24868143340575
ct_w6_i2,6,evaluation,chain,42,exact_star,31,9.348496280047957,0.6243394342325511,0.024285129255168292,0.9296114513533936,2.6692695630078282,2.3657426086844215,31,430.24868143340575
ct_w6_i2,6,evaluation,chain,42,projected_target,31,9.348496280047957,-0.6680314521762942,1.0,3.0178160776091203,5.338539126015656,2.3657426086844215,31,430.24868143340575
ct_w6_i2,6,evaluation,chain,50,exact_natural,31,8.74656335178456,0.9999999999999999,-0.45204149752654416,0.0,2.3647409325007236,2.3647409325007236,31,3476.5082617245553
ct_w6_i2,6,evaluation,chain,50,exact_regularized_full,31,8.74656335178456,0.9419425158490011,-0.6139655317067965,0.3362338845894434,2.2690135531011375,2.3647409325007236,31,3476.5082617245553
ct_w6_i2,6,evaluation,chain,50,exact_diagonal,31,8.74656335178456,0.8062566237731327,-0.538618809579946,0.6737735869628819,2.6692695630078282,2.3647409325007236,31,3476.5082617245553
ct_w6_i2,6,evaluation,chain,50,exact_two_block,31,8.74656335178456,0.7851803107190151,-0.6781203746437016,0.7082032473362726,2.669269563007828,2.3647409325007236,31,3476.5082617245553
ct_w6_i2,6,evaluation,chain,50,exact_star,31,8.74656335178456,0.7402246888889051,-0.06568735626785577,0.7765576284090535,2.669269563007828,2.3647409325007236,31,3476.5082617245553
ct_w6_i2,6,evaluation,chain,50,projected_target,31,8.74656335178456,-0.45204149752654416,1.0,2.8526455009042455,5.338539126015656,2.3647409325007236,31,3476.5082617245553
ct_w6_i2,6,evaluation,chain,101,exact_natural,31,9.89912275413074,1.0,-0.7133629266052575,0.0,2.727284896329103,2.727284896329103,31,908.9931032080868
ct_w6_i2,6,evaluation,chain,101,exact_regularized_full,31,9.89912275413074,0.9851592295465927,-0.7238877504714571,0.17472072058344013,2.597763397932871,2.727284896329103,31,908.9931032080868
ct_w6_i2,6,evaluation,chain,101,exact_diagonal,31,9.89912275413074,0.8780618353994183,-0.6656742827828235,0.48902050147040177,2.669269563007827,2.727284896329103,31,908.9931032080868
ct_w6_i2,6,evaluation,chain,101,exact_two_block,31,9.89912275413074,0.895973858852773,-0.7480095280561417,0.4517511040674709,2.6692695630078274,2.727284896329103,31,908.9931032080868
ct_w6_i2,6,evaluation,chain,101,exact_star,31,9.89912275413074,0.694541061754278,-0.16989543636308999,0.7735469081835269,2.669269563007828,2.727284896329103,31,908.9931032080868
ct_w6_i2,6,evaluation,chain,101,projected_target,31,9.89912275413074,-0.7133629266052575,1.0,2.7612288933448372,5.338539126015656,2.727284896329103,31,908.9931032080868
ct_w6_i2,6,evaluation,problem_tree,0,exact_natural,31,3.503490087209487,1.0,0.8040661170546317,0.0,3.0254030552157167,3.0254030552157167,31,4471.562735773533
ct_w6_i2,6,evaluation,problem_tree,0,exact_regularized_full,31,3.503490087209487,0.8024530644767549,0.4676064876527874,0.6205250442151488,1.91269406241221,3.0254030552157167,31,4471.562735773533
ct_w6_i2,6,evaluation,problem_tree,0,exact_diagonal,31,3.503490087209487,0.5457244698466265,0.3647071863326203,0.9316864967414689,2.883140648667699,3.0254030552157167,31,4471.562735773533
ct_w6_i2,6,evaluation,problem_tree,0,exact_two_block,31,3.503490087209487,0.30278324138599827,-0.10606346793855188,1.1537221131816893,2.883140648667699,3.0254030552157167,31,4471.562735773533
ct_w6_i2,6,evaluation,problem_tree,0,exact_star,31,3.503490087209487,0.6551171049312305,0.5419766552200335,0.8121221070202915,2.8831406486676996,3.0254030552157167,31,4471.562735773533
ct_w6_i2,6,evaluation,problem_tree,0,projected_target,31,3.503490087209487,0.8040661170546317,0.9999999999999998,1.2520528022314963,5.766281297335398,3.0254030552157167,31,4471.562735773533
ct_w6_i2,6,evaluation,problem_tree,19,exact_natural,31,4.6314981129201165,1.0,0.7897544564884289,0.0,2.953762551193461,2.953762551193461,31,1037.9412376968296
ct_w6_i2,6,evaluation,problem_tree,19,exact_regularized_full,31,4.6314981129201165,0.7750280282969119,0.40591428213775593,0.6443072297099063,1.9179636226545864,2.953762551193461,31,1037.9412376968296
ct_w6_i2,6,evaluation,problem_tree,19,exact_diagonal,31,4.6314981129201165,0.537514950933362,0.29349784714076094,0.9504875125048663,2.883140648667699,2.953762551193461,31,1037.9412376968296
ct_w6_i2,6,evaluation,problem_tree,19,exact_two_block,31,4.6314981129201165,0.31130201969534277,-0.11076417841389258,1.1337194419141863,2.745665572781571,2.953762551193461,31,1037.9412376968296
ct_w6_i2,6,evaluation,problem_tree,19,exact_star,31,4.6314981129201165,0.7174776433641691,0.5356055500074771,0.7366432541743314,2.827037378608762,2.953762551193461,31,1037.9412376968296
ct_w6_i2,6,evaluation,problem_tree,19,projected_target,31,4.6314981129201165,0.7897544564884289,0.9999999999999998,1.3143534808563215,5.766281297335398,2.953762551193461,31,1037.9412376968296
ct_w6_i2,6,evaluation,problem_tree,42,exact_natural,31,5.022858615252096,1.0000000000000002,0.6763114230163616,0.0,2.7682795796147563,2.7682795796147563,31,2082.3567960902487
ct_w6_i2,6,evaluation,problem_tree,42,exact_regularized_full,31,5.022858615252096,0.8684024803644198,0.3719128951763051,0.5183885063092895,1.9855261940464588,2.7682795796147563,31,2082.3567960902487
ct_w6_i2,6,evaluation,problem_tree,42,exact_diagonal,31,5.022858615252096,0.5242229360409538,0.2076699406187011,0.9963721459035714,2.883140648667699,2.7682795796147563,31,2082.3567960902487
ct_w6_i2,6,evaluation,problem_tree,42,exact_two_block,31,5.022858615252096,0.3290330576046919,-0.1808882557701401,1.1796912084195392,2.868195756304748,2.7682795796147563,31,2082.3567960902487
ct_w6_i2,6,evaluation,problem_tree,42,exact_star,31,5.022858615252096,0.7718602202488865,0.47924681855842555,0.684573783839563,2.8392871115097247,2.7682795796147563,31,2082.3567960902487
ct_w6_i2,6,evaluation,problem_tree,42,projected_target,31,5.022858615252096,0.6763114230163616,0.9999999999999998,1.5878695824272913,5.766281297335398,2.7682795796147563,31,2082.3567960902487
ct_w6_i2,6,evaluation,problem_tree,50,exact_natural,31,5.267439581414244,1.0,0.7414693534070947,0.0,3.048334637149018,3.048334637149018,31,2470.5013271360663
ct_w6_i2,6,evaluation,problem_tree,50,exact_regularized_full,31,5.267439581414244,0.7897096510518778,0.3260461207828045,0.6238548985480153,2.0619313437343303,3.048334637149018,31,2470.5013271360663
ct_w6_i2,6,evaluation,problem_tree,50,exact_diagonal,31,5.267439581414244,0.4752102435828,0.2131072921116185,0.9978165629616226,2.883140648667699,3.048334637149018,31,2470.5013271360663
ct_w6_i2,6,evaluation,problem_tree,50,exact_two_block,31,5.267439581414244,0.18801414674559883,-0.2478551763270958,1.240525244365278,2.8831406486676996,3.048334637149018,31,2470.5013271360663
ct_w6_i2,6,evaluation,problem_tree,50,exact_star,31,5.267439581414244,0.7686115460390057,0.5958669486217744,0.663803459583978,2.8831406486676987,3.048334637149018,31,2470.5013271360663
ct_w6_i2,6,evaluation,problem_tree,50,projected_target,31,5.267439581414244,0.7414693534070947,0.9999999999999998,1.331563953567467,5.766281297335398,3.048334637149018,31,2470.5013271360663
ct_w6_i2,6,evaluation,problem_tree,101,exact_natural,31,3.817174635750529,1.0,0.8273333909683342,0.0,3.1294835357278474,3.1294835357278474,31,1454.8737975853671
ct_w6_i2,6,evaluation,problem_tree,101,exact_regularized_full,31,3.817174635750529,0.7927665109035105,0.48684411006584155,0.6417505859773012,1.8525345238273359,3.1294835357278474,31,1454.8737975853671
ct_w6_i2,6,evaluation,problem_tree,101,exact_diagonal,31,3.817174635750529,0.5188869764415718,0.3663531256679423,0.9448169332465114,2.883140648667699,3.1294835357278474,31,1454.8737975853671
ct_w6_i2,6,evaluation,problem_tree,101,exact_two_block,31,3.817174635750529,0.2949126342174596,-0.08335826826301396,1.1219767148817152,2.763223434034445,3.1294835357278474,31,1454.8737975853671
ct_w6_i2,6,evaluation,problem_tree,101,exact_star,31,3.817174635750529,0.6039185802993724,0.4992131592373927,0.8579059731881707,2.883140648667699,3.1294835357278474,31,1454.8737975853671
ct_w6_i2,6,evaluation,problem_tree,101,projected_target,31,3.817174635750529,0.8273333909683342,0.9999999999999998,1.160266166876533,5.766281297335398,3.1294835357278474,31,1454.8737975853671
ct_w6_i2,6,evaluation,width2,0,exact_natural,42,4.074798369033594,1.0000000000000002,0.9698299931609439,0.0,5.03050653825425,5.03050653825425,42,568.1623298852942
ct_w6_i2,6,evaluation,width2,0,exact_regularized_full,42,4.074798369033594,0.8786122719439002,0.8188230302322398,0.6082008196711575,2.525107535981822,5.03050653825425,42,568.1623298852942
ct_w6_i2,6,evaluation,width2,0,exact_diagonal,42,4.074798369033594,0.3563204612424811,0.28363048276104524,0.9647048194326193,2.9999999999999996,5.03050653825425,42,568.1623298852942
ct_w6_i2,6,evaluation,width2,0,exact_two_block,42,4.074798369033594,0.2758794752247065,0.16202578361388376,0.9732155326530361,2.154993918774275,5.03050653825425,42,568.1623298852942
ct_w6_i2,6,evaluation,width2,0,exact_star,42,4.074798369033594,0.599239114280205,0.5325209244700083,0.8005752713310326,2.9999999999999996,5.03050653825425,42,568.1623298852942
ct_w6_i2,6,evaluation,width2,0,projected_target,42,4.074798369033594,0.9698299931609439,1.0,0.33031954461487767,6.0,5.03050653825425,42,568.1623298852942
ct_w6_i2,6,evaluation,width2,19,exact_natural,42,4.229494221711935,1.0000000000000002,0.9660069099719802,0.0,4.8414713125276725,4.8414713125276725,42,542.4188162732567
ct_w6_i2,6,evaluation,width2,19,exact_regularized_full,42,4.229494221711935,0.8530394120351269,0.7847155218473856,0.6310850108411313,2.4117923404458175,4.8414713125276725,42,542.4188162732567
ct_w6_i2,6,evaluation,width2,19,exact_diagonal,42,4.229494221711935,0.4278969841920896,0.37324371867879214,0.9043703107811434,2.2233280269412936,4.8414713125276725,42,542.4188162732567
ct_w6_i2,6,evaluation,width2,19,exact_two_block,42,4.229494221711935,0.28542687718970033,0.1831942208693571,0.9712340500264343,2.143769384524188,4.8414713125276725,42,542.4188162732567
ct_w6_i2,6,evaluation,width2,19,exact_star,42,4.229494221711935,0.674866002453994,0.6100273860991852,0.765176584123888,2.287746800906757,4.8414713125276725,42,542.4188162732567
ct_w6_i2,6,evaluation,width2,19,projected_target,42,4.229494221711935,0.9660069099719802,1.0,0.3761858140900421,6.0,4.8414713125276725,42,542.4188162732567
ct_w6_i2,6,evaluation,width2,42,exact_natural,42,4.7829310454134895,0.9999999999999999,0.9599629754366941,0.0,4.648062591861271,4.648062591861271,42,267.5490867254532
ct_w6_i2,6,evaluation,width2,42,exact_regularized_full,42,4.7829310454134895,0.9292198886054105,0.8492787468729907,0.5371204214088374,2.507234102920971,4.648062591861271,42,267.5490867254532
ct_w6_i2,6,evaluation,width2,42,exact_diagonal,42,4.7829310454134895,0.32040974301509817,0.20450975903746027,0.951350396136788,1.8979436111966872,4.648062591861271,42,267.5490867254532
ct_w6_i2,6,evaluation,width2,42,exact_two_block,42,4.7829310454134895,0.31124212319295275,0.15769070279737155,0.9578236580097893,2.002457927550236,4.648062591861271,42,267.5490867254532
ct_w6_i2,6,evaluation,width2,42,exact_star,42,4.7829310454134895,0.8051860494842262,0.7381907376330693,0.6802870587931599,2.19317345041736,4.648062591861271,42,267.5490867254532
ct_w6_i2,6,evaluation,width2,42,projected_target,42,4.7829310454134895,0.9599629754366941,1.0,0.4335483830055141,6.0,4.648062591861271,42,267.5490867254532
ct_w6_i2,6,evaluation,width2,50,exact_natural,42,5.290713523116624,1.0,0.9510539378436565,0.0,4.63605674500566,4.63605674500566,42,806.95838127094
ct_w6_i2,6,evaluation,width2,50,exact_regularized_full,42,5.290713523116624,0.8433930450276466,0.7112903759043087,0.6214881535700619,2.46196920945791,4.63605674500566,42,806.95838127094
ct_w6_i2,6,evaluation,width2,50,exact_diagonal,42,5.290713523116624,0.32272684750810776,0.21023081928704412,0.9628683574278684,2.3159639681771997,4.63605674500566,42,806.95838127094
ct_w6_i2,6,evaluation,width2,50,exact_two_block,42,5.290713523116624,0.36001194263549635,0.22050681710635586,0.9363591048350144,2.03925249016393,4.63605674500566,42,806.95838127094
ct_w6_i2,6,evaluation,width2,50,exact_star,42,5.290713523116624,0.6630090180329942,0.5454866880221207,0.7623729959402271,2.405229607801308,4.63605674500566,42,806.95838127094
ct_w6_i2,6,evaluation,width2,50,projected_target,42,5.290713523116624,0.9510539378436565,1.0,0.4617877230754919,6.0,4.63605674500566,42,806.95838127094
ct_w6_i2,6,evaluation,width2,101,exact_natural,42,4.218095360512876,0.9999999999999999,0.9707754181636921,0.0,5.311161959996689,5.311161959996689,42,705.7583578136092
ct_w6_i2,6,evaluation,width2,101,exact_regularized_full,42,4.218095360512876,0.8800516202049596,0.8247568161663769,0.6274071057330599,2.4963225462572605,5.311161959996689,42,705.7583578136092
ct_w6_i2,6,evaluation,width2,101,exact_diagonal,42,4.218095360512876,0.29053857646152237,0.24311471136279994,0.9954059859939343,2.9999999999999996,5.311161959996689,42,705.7583578136092
ct_w6_i2,6,evaluation,width2,101,exact_two_block,42,4.218095360512876,0.26947944307689103,0.1714717108116148,0.9755220831169653,2.2585381828609914,5.311161959996689,42,705.7583578136092
ct_w6_i2,6,evaluation,width2,101,exact_star,42,4.218095360512876,0.5282524334919155,0.44413434021307563,0.8498756455352049,3.0000000000000004,5.311161959996689,42,705.7583578136092
ct_w6_i2,6,evaluation,width2,101,projected_target,42,4.218095360512876,0.9707754181636921,1.0,0.287838380485511,6.0,5.311161959996689,42,705.7583578136092
ct_w6_i2,6,evaluation,width3,0,exact_natural,47,3.2809343967992426,1.0000000000000002,0.9889538162074601,0.0,5.611655733528146,5.611655733528146,47,876.2719507266397
ct_w6_i2,6,evaluation,width3,0,exact_regularized_full,47,3.2809343967992426,0.8946959977366103,0.8852693624555983,0.6184069257145727,2.6207469640190757,5.611655733528146,47,876.2719507266397
ct_w6_i2,6,evaluation,width3,0,exact_diagonal,47,3.2809343967992426,0.3778996242918627,0.37282623627061673,0.9405934412310568,3.051638903933426,5.611655733528146,47,876.2719507266397
ct_w6_i2,6,evaluation,width3,0,exact_two_block,47,3.2809343967992426,0.2718970524411567,0.25239745474789915,0.9668531437187728,2.0502050685453383,5.611655733528146,47,876.2719507266397
ct_w6_i2,6,evaluation,width3,0,exact_star,47,3.2809343967992426,0.5324096095066958,0.5198692872710594,0.8479117270123742,2.7119683991614845,5.611655733528146,47,876.2719507266397
ct_w6_i2,6,evaluation,width3,0,projected_target,47,3.2809343967992426,0.9889538162074601,1.0000000000000002,0.17805297422019173,6.103277807866851,5.611655733528146,47,876.2719507266397
ct_w6_i2,6,evaluation,width3,19,exact_natural,47,3.9207584912287103,1.0,0.9895090778708225,0.0,5.74205723348934,5.74205723348934,47,659.0449274740224
ct_w6_i2,6,evaluation,width3,19,exact_regularized_full,47,3.9207584912287103,0.8696629200900806,0.8674698676410042,0.6536644131817966,2.533326730019419,5.74205723348934,47,659.0449274740224
ct_w6_i2,6,evaluation,width3,19,exact_diagonal,47,3.9207584912287103,0.37774297710647914,0.3651650258026415,0.9290985517267207,2.610595910328162,5.74205723348934,47,659.0449274740224
ct_w6_i2,6,evaluation,width3,19,exact_two_block,47,3.9207584912287103,0.2631931287264026,0.2512484068640801,0.9709364829455855,2.1399735405879623,5.74205723348934,47,659.0449274740224
ct_w6_i2,6,evaluation,width3,19,exact_star,47,3.9207584912287103,0.5831742367118423,0.5747221304756019,0.8275761678490812,2.4411839533838267,5.74205723348934,47,659.0449274740224
ct_w6_i2,6,evaluation,width3,19,projected_target,47,3.9207584912287103,0.9895090778708225,1.0000000000000002,0.16204680527073728,6.103277807866851,5.74205723348934,47,659.0449274740224
ct_w6_i2,6,evaluation,width3,42,exact_natural,47,4.39942927754714,1.0,0.9833930278329867,0.0,5.657825218011307,5.657825218011307,47,289.5290898020668
ct_w6_i2,6,evaluation,width3,42,exact_regularized_full,47,4.39942927754714,0.9476097853874937,0.9204262320083746,0.5304340212799827,2.9655065574667736,5.657825218011307,47,289.5290898020668
ct_w6_i2,6,evaluation,width3,42,exact_diagonal,47,4.39942927754714,0.30105772671627723,0.2634051661207326,0.9576253359106817,2.199224766733101,5.657825218011307,47,289.5290898020668
ct_w6_i2,6,evaluation,width3,42,exact_two_block,47,4.39942927754714,0.49607455968390474,0.43625592004900005,0.8827397585552336,1.9064251035931588,5.657825218011307,47,289.5290898020668
ct_w6_i2,6,evaluation,width3,42,exact_star,47,4.39942927754714,0.721441474271217,0.7026664150306616,0.7585298908173914,2.3301888842740004,5.657825218011307,47,289.5290898020668
ct_w6_i2,6,evaluation,width3,42,projected_target,47,4.39942927754714,0.9833930278329867,1.0000000000000002,0.2050065751114894,6.103277807866851,5.657825218011307,47,289.5290898020668
ct_w6_i2,6,evaluation,width3,50,exact_natural,47,4.8768816264722545,0.9999999999999998,0.9914362438731238,0.0,5.747098975411505,5.747098975411505,47,272.98530683636955
ct_w6_i2,6,evaluation,width3,50,exact_regularized_full,47,4.8768816264722545,0.9305070022969393,0.9100252700852011,0.5586175550767565,2.9237147500444856,5.747098975411505,47,272.98530683636955
ct_w6_i2,6,evaluation,width3,50,exact_diagonal,47,4.8768816264722545,0.31640195654457837,0.29081424243428744,0.9531365140228832,2.3507190805472793,5.747098975411505,47,272.98530683636955
ct_w6_i2,6,evaluation,width3,50,exact_two_block,47,4.8768816264722545,0.4498651925365003,0.4009684582468887,0.8986844872476294,2.010350834601813,5.747098975411505,47,272.98530683636955
ct_w6_i2,6,evaluation,width3,50,exact_star,47,4.8768816264722545,0.6728677164924265,0.6583350923641297,0.7824058889767118,2.402824301236974,5.747098975411505,47,272.98530683636955
ct_w6_i2,6,evaluation,width3,50,projected_target,47,4.8768816264722545,0.9914362438731238,1.0000000000000002,0.14842489249941973,6.103277807866851,5.747098975411505,47,272.98530683636955
ct_w6_i2,6,evaluation,width3,101,exact_natural,47,2.981441134671247,1.0000000000000002,0.9882436144982755,0.0,5.692201058040998,5.692201058040998,47,741.3177118049151
ct_w6_i2,6,evaluation,width3,101,exact_regularized_full,47,2.981441134671247,0.9164788431164669,0.9031749981129599,0.6203647460024827,2.518018804861666,5.692201058040998,47,741.3177118049151
ct_w6_i2,6,evaluation,width3,101,exact_diagonal,47,2.981441134671247,0.31153010836960954,0.31362560834171416,0.9764141367945833,3.051638903933426,5.692201058040998,47,741.3177118049151
ct_w6_i2,6,evaluation,width3,101,exact_two_block,47,2.981441134671247,0.31128899901742435,0.2811323839088995,0.952006631457541,2.094796710622701,5.692201058040998,47,741.3177118049151
ct_w6_i2,6,evaluation,width3,101,exact_star,47,2.981441134671247,0.4114226673061402,0.3897909818993291,0.9199337002531527,3.0516389039334255,5.692201058040998,47,741.3177118049151
ct_w6_i2,6,evaluation,width3,101,projected_target,47,2.981441134671247,0.9882436144982755,1.0000000000000002,0.17443101312055434,6.103277807866851,5.692201058040998,47,741.3177118049151
ct_w6_i3,6,evaluation,chain,0,exact_natural,31,8.747683113778944,1.0000000000000002,-0.8249445358541745,0.0,2.64452771234193,2.64452771234193,31,1199.6337667115508
ct_w6_i3,6,evaluation,chain,0,exact_regularized_full,31,8.747683113778944,0.9389406638349452,-0.8054299528085288,0.37785850798264387,2.0700794287285427,2.64452771234193,31,1199.6337667115508
ct_w6_i3,6,evaluation,chain,0,exact_diagonal,31,8.747683113778944,0.7334796934928849,-0.6678852452263865,0.6990657300730565,2.371708245126285,2.64452771234193,31,1199.6337667115508
ct_w6_i3,6,evaluation,chain,0,exact_two_block,31,8.747683113778944,0.8420001396211163,-0.7939827587047134,0.542257098540114,2.371708245126284,2.64452771234193,31,1199.6337667115508
ct_w6_i3,6,evaluation,chain,0,exact_star,31,8.747683113778944,0.2883330846100986,-0.01844040319752553,1.1181310143075394,2.289368505912691,2.64452771234193,31,1199.6337667115508
ct_w6_i3,6,evaluation,chain,0,projected_target,31,8.747683113778944,-0.8249445358541745,1.0,2.6789216879751128,4.743416490252569,2.64452771234193,31,1199.6337667115508
ct_w6_i3,6,evaluation,chain,19,exact_natural,31,9.348055762021065,0.9999999999999999,-0.8562684934211581,0.0,2.820383616132579,2.820383616132579,31,644.4537587068555
ct_w6_i3,6,evaluation,chain,19,exact_regularized_full,31,9.348055762021065,0.9739025223668251,-0.8083584376123621,0.263057128562939,2.3717082451262845,2.820383616132579,31,644.4537587068555
ct_w6_i3,6,evaluation,chain,19,exact_diagonal,31,9.348055762021065,0.7950259794131417,-0.6864720999382053,0.6083088595278753,2.371708245126285,2.820383616132579,31,644.4537587068555
ct_w6_i3,6,evaluation,chain,19,exact_two_block,31,9.348055762021065,0.8678462649369815,-0.788040953092943,0.49756210785402477,2.3717082451262845,2.820383616132579,31,644.4537587068555
ct_w6_i3,6,evaluation,chain,19,exact_star,31,9.348055762021065,0.3249085523875356,-0.03459486548518363,1.0773574367867962,2.3717082451262845,2.820383616132579,31,644.4537587068555
ct_w6_i3,6,evaluation,chain,19,projected_target,31,9.348055762021065,-0.8562684934211581,1.0,2.5901288599718315,4.743416490252569,2.820383616132579,31,644.4537587068555
ct_w6_i3,6,evaluation,chain,42,exact_natural,31,8.897129800972975,1.0000000000000002,-0.8627060720440032,0.0,2.533996319238243,2.533996319238243,31,300.1258380525841
ct_w6_i3,6,evaluation,chain,42,exact_regularized_full,31,8.897129800972975,0.9675704603865376,-0.8152635077145588,0.29261887270631576,2.077522047574612,2.533996319238243,31,300.1258380525841
ct_w6_i3,6,evaluation,chain,42,exact_diagonal,31,8.897129800972975,0.7739562590248175,-0.676614669651179,0.6536325581958451,2.371708245126284,2.533996319238243,31,300.1258380525841
ct_w6_i3,6,evaluation,chain,42,exact_two_block,31,8.897129800972975,0.8683203414749477,-0.7744142143519024,0.5005939706388924,2.371708245126285,2.533996319238243,31,300.1258380525841
ct_w6_i3,6,evaluation,chain,42,exact_star,31,8.897129800972975,0.23808544388076597,0.018471237206914907,1.1729127214728208,2.269608071795977,2.533996319238243,31,300.1258380525841
ct_w6_i3,6,evaluation,chain,42,projected_target,31,8.897129800972975,-0.8627060720440032,1.0,2.780983768399838,4.743416490252569,2.533996319238243,31,300.1258380525841
ct_w6_i3,6,evaluation,chain,50,exact_natural,31,8.48821481323238,0.9999999999999999,-0.7149734820955502,0.0,2.369938175132278,2.369938175132278,31,1697.3549571742885
ct_w6_i3,6,evaluation,chain,50,exact_regularized_full,31,8.48821481323238,0.934193752334914,-0.8033949344241809,0.3714797637752461,1.9686592717335132,2.369938175132278,31,1697.3549571742885
ct_w6_i3,6,evaluation,chain,50,exact_diagonal,31,8.48821481323238,0.709383040922154,-0.6609100720932579,0.7626720072043711,2.3717082451262845,2.369938175132278,31,1697.3549571742885
ct_w6_i3,6,evaluation,chain,50,exact_two_block,31,8.48821481323238,0.8098711597370256,-0.7795568340026174,0.6168810638321622,2.3717082451262845,2.369938175132278,31,1697.3549571742885
ct_w6_i3,6,evaluation,chain,50,exact_star,31,8.48821481323238,0.4170983054353243,-0.08336782536217796,1.0274525196935367,2.124164242471261,2.369938175132278,31,1697.3549571742885
ct_w6_i3,6,evaluation,chain,50,projected_target,31,8.48821481323238,-0.7149734820955502,1.0,2.804996835245881,4.743416490252569,2.369938175132278,31,1697.3549571742885
ct_w6_i3,6,evaluation,chain,101,exact_natural,31,9.424935909053945,1.0000000000000002,-0.8821098291759863,0.0,2.8859778219295116,2.8859778219295116,31,141.23113062454146
ct_w6_i3,6,evaluation,chain,101,exact_regularized_full,31,9.424935909053945,0.9748130582743824,-0.8574869055408062,0.2704648957792972,2.371708245126285,2.8859778219295116,31,141.23113062454146
ct_w6_i3,6,evaluation,chain,101,exact_diagonal,31,9.424935909053945,0.772195989440961,-0.6942690455832005,0.6373180626455546,2.3717082451262845,2.8859778219295116,31,141.23113062454146
ct_w6_i3,6,evaluation,chain,101,exact_two_block,31,9.424935909053945,0.8622482866603984,-0.8200097264062235,0.5080980504890837,2.3717082451262845,2.8859778219295116,31,141.23113062454146
ct_w6_i3,6,evaluation,chain,101,exact_star,31,9.424935909053945,0.30291736008375714,-0.08525938571239879,1.0851195619685055,2.3717082451262845,2.8859778219295116,31,141.23113062454146
ct_w6_i3,6,evaluation,chain,101,projected_target,31,9.424935909053945,-0.8821098291759863,1.0,2.5692670641665654,4.743416490252569,2.8859778219295116,31,141.23113062454146
ct_w6_i3,6,evaluation,problem_tree,0,exact_natural,31,4.659127138767685,1.0,0.4408500521002598,0.0,2.3544685014013207,2.3544685014013207,31,357.69650103771585
ct_w6_i3,6,evaluation,problem_tree,0,exact_regularized_full,31,4.659127138767685,0.9431818792768162,0.2770122467305802,0.3476294236874484,1.980140994666265,2.3544685014013207,31,357.69650103771585
ct_w6_i3,6,evaluation,problem_tree,0,exact_diagonal,31,4.659127138767685,0.6886413682078596,0.18276755325706648,0.8228472652885215,2.5372228912730543,2.3544685014013207,31,357.69650103771585
ct_w6_i3,6,evaluation,problem_tree,0,exact_two_block,31,4.659127138767685,0.5310687893689219,-0.19419853232933493,1.0083077009177626,2.5372228912730552,2.3544685014013207,31,357.69650103771585
ct_w6_i3,6,evaluation,problem_tree,0,exact_star,31,4.659127138767685,0.9079808714785356,0.42773562184227815,0.43705453541681727,2.4304296050000893,2.3544685014013207,31,357.69650103771585
ct_w6_i3,6,evaluation,problem_tree,0,projected_target,31,4.659127138767685,0.4408500521002598,1.0,1.935144881338861,5.07444578254611,2.3544685014013207,31,357.69650103771585
ct_w6_i3,6,evaluation,problem_tree,19,exact_natural,31,5.615564307835459,0.9999999999999999,0.5879121724075269,0.0,2.441585982349421,2.441585982349421,31,300.54294102368334
ct_w6_i3,6,evaluation,problem_tree,19,exact_regularized_full,31,5.615564307835459,0.933126505389551,0.3700775603377362,0.3881060698193411,1.9215411935097064,2.441585982349421,31,300.54294102368334
ct_w6_i3,6,evaluation,problem_tree,19,exact_diagonal,31,5.615564307835459,0.5880019411619786,0.10173581899640918,0.9261783463942528,2.5372228912730543,2.441585982349421,31,300.54294102368334
ct_w6_i3,6,evaluation,problem_tree,19,exact_two_block,31,5.615564307835459,0.3851494377610036,-0.2227340884272415,1.0917386502809427,2.3645410187975098,2.441585982349421,31,300.54294102368334
ct_w6_i3,6,evaluation,problem_tree,19,exact_star,31,5.615564307835459,0.895693570754703,0.5095303345824578,0.44789855109902127,2.317944048639518,2.441585982349421,31,300.54294102368334
ct_w6_i3,6,evaluation,problem_tree,19,projected_target,31,5.615564307835459,0.5879121724075269,1.0,1.6957990307228528,5.07444578254611,2.441585982349421,31,300.54294102368334
ct_w6_i3,6,evaluation,problem_tree,42,exact_natural,31,5.733145219002228,1.0,0.46690852413485995,0.0,2.2399226496400697,2.2399226496400697,31,283.6213981963846
ct_w6_i3,6,evaluation,problem_tree,42,exact_regularized_full,31,5.733145219002228,0.9372275864146454,0.23644365348338067,0.37717540756325774,1.7773847183422755,2.2399226496400697,31,283.6213981963846
ct_w6_i3,6,evaluation,problem_tree,42,exact_diagonal,31,5.733145219002228,0.6062182354197382,0.07424197068842595,0.9537881754712555,2.537222891273055,2.2399226496400697,31,283.6213981963846
ct_w6_i3,6,evaluation,problem_tree,42,exact_two_block,31,5.733145219002228,0.4232527774183979,-0.2772486992614223,1.11585739680558,2.4070680590288562,2.2399226496400697,31,283.6213981963846
ct_w6_i3,6,evaluation,problem_tree,42,exact_star,31,5.733145219002228,0.894089799492372,0.4113448594105877,0.4553296844581526,2.1863341122211306,2.2399226496400697,31,283.6213981963846
ct_w6_i3,6,evaluation,problem_tree,42,projected_target,31,5.733145219002228,0.46690852413485995,1.0,2.0041878087505065,5.07444578254611,2.2399226496400697,31,283.6213981963846
ct_w6_i3,6,evaluation,problem_tree,50,exact_natural,31,5.1207318945479,1.0000000000000002,0.45708017249808497,0.0,2.3973602243312904,2.3973602243312904,31,278.9452543207256
ct_w6_i3,6,evaluation,problem_tree,50,exact_regularized_full,31,5.1207318945479,0.9207899178822004,0.23049130845550292,0.4204728627908409,1.8310604728055975,2.3973602243312904,31,278.9452543207256
ct_w6_i3,6,evaluation,problem_tree,50,exact_diagonal,31,5.1207318945479,0.5845098023016458,0.1838458476741478,0.9396082229767876,2.537222891273055,2.3973602243312904,31,278.9452543207256
ct_w6_i3,6,evaluation,problem_tree,50,exact_two_block,31,5.1207318945479,0.4017134481198353,-0.24842566219125073,1.1178892851928826,2.5000760234322534,2.3973602243312904,31,278.9452543207256
ct_w6_i3,6,evaluation,problem_tree,50,exact_star,31,5.1207318945479,0.844834004369519,0.3395260755934072,0.5760559302958466,2.537222891273055,2.3973602243312904,31,278.9452543207256
ct_w6_i3,6,evaluation,problem_tree,50,projected_target,31,5.1207318945479,0.45708017249808497,1.0,1.8829102906514692,5.07444578254611,2.3973602243312904,31,278.9452543207256
ct_w6_i3,6,evaluation,problem_tree,101,exact_natural,31,5.087658599016116,0.9999999999999998,0.6141807345437257,0.0,2.2166397675274485,2.2166397675274485,31,153.07153609876212
ct_w6_i3,6,evaluation,problem_tree,101,exact_regularized_full,31,5.087658599016116,0.9340337288777565,0.42507389602216905,0.38249248232531546,1.7671373289065404,2.2166397675274485,31,153.07153609876212
ct_w6_i3,6,evaluation,problem_tree,101,exact_diagonal,31,5.087658599016116,0.663656282892522,0.21861853602087394,0.889321054631214,2.5372228912730543,2.2166397675274485,31,153.07153609876212
ct_w6_i3,6,evaluation,problem_tree,101,exact_two_block,31,5.087658599016116,0.5053700063356694,-0.07647693810366878,1.049300885271493,2.44359839137986,2.2166397675274485,31,153.07153609876212
ct_w6_i3,6,evaluation,problem_tree,101,exact_star,31,5.087658599016116,0.8651258291246193,0.4990584667271025,0.538381598138065,2.3514628034526255,2.2166397675274485,31,153.07153609876212
ct_w6_i3,6,evaluation,problem_tree,101,projected_target,31,5.087658599016116,0.6141807345437257,1.0,1.8516597683655491,5.07444578254611,2.2166397675274485,31,153.07153609876212
ct_w6_i3,6,evaluation,width2,0,exact_natural,42,3.476667452541834,1.0000000000000002,0.914784546640705,0.0,4.163669481763029,4.163669481763029,42,485.0656813788892
ct_w6_i3,6,evaluation,width2,0,exact_regularized_full,42,3.476667452541834,0.9051651735327919,0.7579788894939409,0.5683064547551689,2.1981820905316916,4.163669481763029,42,485.0656813788892
ct_w6_i3,6,evaluation,width2,0,exact_diagonal,42,3.476667452541834,0.36596343754593075,0.2955391238988342,0.9704447953391985,2.669269563007828,4.163669481763029,42,485.0656813788892
ct_w6_i3,6,evaluation,width2,0,exact_two_block,42,3.476667452541834,0.2923018760879611,0.16695359380236197,0.9819426482999435,2.1448252536641528,4.163669481763029,42,485.0656813788892
ct_w6_i3,6,evaluation,width2,0,exact_star,42,3.476667452541834,0.5629902494598601,0.37520516192178477,0.8301451083202225,2.669269563007828,4.163669481763029,42,485.0656813788892
ct_w6_i3,6,evaluation,width2,0,projected_target,42,3.476667452541834,0.914784546640705,1.0,0.5460243076687895,5.338539126015656,4.163669481763029,42,485.0656813788892
ct_w6_i3,6,evaluation,width2,19,exact_natural,42,5.373240626551649,1.0,0.8949147725724478,0.0,4.344341374880677,4.344341374880677,42,326.64298300222185
ct_w6_i3,6,evaluation,width2,19,exact_regularized_full,42,5.373240626551649,0.9343988262999834,0.7479191853794196,0.496892055788729,2.554405414772669,4.344341374880677,42,326.64298300222185
ct_w6_i3,6,evaluation,width2,19,exact_diagonal,42,5.373240626551649,0.35893966947879585,0.16692583236544561,0.9366773769751023,1.9014907825607172,4.344341374880677,42,326.64298300222185
ct_w6_i3,6,evaluation,width2,19,exact_two_block,42,5.373240626551649,0.4396079034973445,0.21335492230346095,0.8982115822204984,1.9369911542088762,4.344341374880677,42,326.64298300222185
ct_w6_i3,6,evaluation,width2,19,exact_star,42,5.373240626551649,0.7625515471976262,0.5782673106843982,0.7096829464674702,2.0451984282532796,4.344341374880677,42,326.64298300222185
ct_w6_i3,6,evaluation,width2,19,projected_target,42,5.373240626551649,0.8949147725724478,1.0,0.5573504752453028,5.338539126015656,4.344341374880677,42,326.64298300222185
ct_w6_i3,6,evaluation,width2,42,exact_natural,42,5.282189485005659,1.0000000000000002,0.8994957878116736,0.0,4.257079285725045,4.257079285725045,42,142.58396559620735
ct_w6_i3,6,evaluation,width2,42,exact_regularized_full,42,5.282189485005659,0.9668159371459626,0.8224068144074093,0.45813804794213703,2.4968703844582105,4.257079285725045,42,142.58396559620735
ct_w6_i3,6,evaluation,width2,42,exact_diagonal,42,5.282189485005659,0.31265864673341437,0.140271665553261,0.9601797485747275,1.928530979477442,4.257079285725045,42,142.58396559620735
ct_w6_i3,6,evaluation,width2,42,exact_two_block,42,5.282189485005659,0.32209565170583804,0.1111459190930484,0.9481838250219521,1.5963767604243004,4.257079285725045,42,142.58396559620735
ct_w6_i3,6,evaluation,width2,42,exact_star,42,5.282189485005659,0.8320066376894537,0.6804178216441097,0.6366966734075339,2.2118435548894237,4.257079285725045,42,142.58396559620735
ct_w6_i3,6,evaluation,width2,42,projected_target,42,5.282189485005659,0.8994957878116736,1.0,0.5626788575405686,5.338539126015656,4.257079285725045,42,142.58396559620735
ct_w6_i3,6,evaluation,width2,50,exact_natural,42,5.4917441404696445,1.0000000000000002,0.8520444689202991,0.0,4.396740461028156,4.396740461028156,42,278.4912648361779
ct_w6_i3,6,evaluation,width2,50,exact_regularized_full,42,5.4917441404696445,0.9204733820314089,0.6751513629918952,0.5434843236385021,2.3864967432821285,4.396740461028156,42,278.4912648361779
ct_w6_i3,6,evaluation,width2,50,exact_diagonal,42,5.4917441404696445,0.2664918020262929,-0.05053211103177339,0.9675881283623384,1.5459265252784706,4.396740461028156,42,278.4912648361779
ct_w6_i3,6,evaluation,width2,50,exact_two_block,42,5.4917441404696445,0.5034765279474249,0.17249723786150897,0.8733889795054988,1.6523703498815265,4.396740461028156,42,278.4912648361779
ct_w6_i3,6,evaluation,width2,50,exact_star,42,5.4917441404696445,0.6316321193778328,0.37548489344954145,0.7893431251477041,2.124658900268428,4.396740461028156,42,278.4912648361779
ct_w6_i3,6,evaluation,width2,50,projected_target,42,5.4917441404696445,0.8520444689202991,1.0,0.6365372172024188,5.338539126015656,4.396740461028156,42,278.4912648361779
ct_w6_i3,6,evaluation,width2,101,exact_natural,42,4.831111483531872,1.0,0.8979457809112539,0.0,4.207487163112266,4.207487163112266,42,273.0632297247981
ct_w6_i3,6,evaluation,width2,101,exact_regularized_full,42,4.831111483531872,0.9247921215134723,0.7741323050523997,0.5467072540166802,2.239220832884831,4.207487163112266,42,273.0632297247981
ct_w6_i3,6,evaluation,width2,101,exact_diagonal,42,4.831111483531872,0.38035590728241625,0.26600520691467194,0.9277549624848496,1.90952525087331,4.207487163112266,42,273.0632297247981
ct_w6_i3,6,evaluation,width2,101,exact_two_block,42,4.831111483531872,0.5289834592190545,0.3505986425559939,0.8585883388222729,1.6771432821500267,4.207487163112266,42,273.0632297247981
ct_w6_i3,6,evaluation,width2,101,exact_star,42,4.831111483531872,0.6540278822661226,0.44925352214697206,0.7864503325923349,1.846895065382229,4.207487163112266,42,273.0632297247981
ct_w6_i3,6,evaluation,width2,101,projected_target,42,4.831111483531872,0.8979457809112539,1.0,0.5755347304535133,5.338539126015656,4.207487163112266,42,273.0632297247981
ct_w6_i3,6,evaluation,width3,0,exact_natural,47,3.567154577056357,0.9999999999999999,0.9775181950284481,0.0,4.855845894627696,4.855845894627696,47,371.27290244046065
ct_w6_i3,6,evaluation,width3,0,exact_regularized_full,47,3.567154577056357,0.9274923697894881,0.8906637679707644,0.5467197537970029,2.566620819724946,4.855845894627696,47,371.27290244046065
ct_w6_i3,6,evaluation,width3,0,exact_diagonal,47,3.567154577056357,0.3767643718142991,0.3287282666001989,0.9368298948250621,2.5093566584301166,4.855845894627696,47,371.27290244046065
ct_w6_i3,6,evaluation,width3,0,exact_two_block,47,3.567154577056357,0.5159970126496718,0.43360758949462297,0.866593737659495,1.8680676284953508,4.855845894627696,47,371.27290244046065
ct_w6_i3,6,evaluation,width3,0,exact_star,47,3.567154577056357,0.5987782693214309,0.5413676643014145,0.8183171673932247,2.09245213191523,4.855845894627696,47,371.27290244046065
ct_w6_i3,6,evaluation,width3,0,projected_target,47,3.567154577056357,0.9775181950284481,1.0000000000000002,0.2563153670805749,5.454356057317857,4.855845894627696,47,371.27290244046065
ct_w6_i3,6,evaluation,width3,19,exact_natural,47,4.6672205404172,1.0000000000000002,0.9769991119056679,0.0,4.891524807737065,4.891524807737065,47,317.701496588155
ct_w6_i3,6,evaluation,width3,19,exact_regularized_full,47,4.6672205404172,0.9551140256046226,0.9080222906908543,0.4958117054021596,2.727178028658929,4.891524807737065,47,317.701496588155
ct_w6_i3,6,evaluation,width3,19,exact_diagonal,47,4.6672205404172,0.37384292785918394,0.305830372859813,0.9281545291816758,1.6571538546572686,4.891524807737065,47,317.701496588155
ct_w6_i3,6,evaluation,width3,19,exact_two_block,47,4.6672205404172,0.48655214389932805,0.3976636952076123,0.8793832999692424,1.889657402035362,4.891524807737065,47,317.701496588155
ct_w6_i3,6,evaluation,width3,19,exact_star,47,4.6672205404172,0.7594733986433491,0.7205278290726502,0.7318401028830278,2.0751195820168724,4.891524807737065,47,317.701496588155
ct_w6_i3,6,evaluation,width3,19,projected_target,47,4.6672205404172,0.9769991119056679,1.0000000000000002,0.2540359116835211,5.454356057317857,4.891524807737065,47,317.701496588155
ct_w6_i3,6,evaluation,width3,42,exact_natural,47,4.6846318727653875,1.0000000000000002,0.9756924178913449,0.0,4.762278536679476,4.762278536679476,47,118.0839805424726
ct_w6_i3,6,evaluation,width3,42,exact_regularized_full,47,4.6846318727653875,0.9714682353679138,0.9366076055504169,0.4639994969008882,2.7271780286589284,4.762278536679476,47,118.0839805424726
ct_w6_i3,6,evaluation,width3,42,exact_diagonal,47,4.6846318727653875,0.3770882052812666,0.3241686203837206,0.9263944045504263,1.7003029312476277,4.762278536679476,47,118.0839805424726
ct_w6_i3,6,evaluation,width3,42,exact_two_block,47,4.6846318727653875,0.35545966605608365,0.2837030387113994,0.9347189915199884,1.726863146452101,4.762278536679476,47,118.0839805424726
ct_w6_i3,6,evaluation,width3,42,exact_star,47,4.6846318727653875,0.8667778142306212,0.8462401673058397,0.6352064072385776,2.2541911731308346,4.762278536679476,47,118.0839805424726
ct_w6_i3,6,evaluation,width3,42,projected_target,47,4.6846318727653875,0.9756924178913449,1.0000000000000002,0.277127182516038,5.454356057317857,4.762278536679476,47,118.0839805424726
ct_w6_i3,6,evaluation,width3,50,exact_natural,47,4.930942547549165,0.9999999999999999,0.9704093510369728,0.0,4.745327144845619,4.745327144845619,47,241.60825368105205
ct_w6_i3,6,evaluation,width3,50,exact_regularized_full,47,4.930942547549165,0.9460549555331759,0.9023366459667049,0.5072053505538442,2.6375846644857557,4.745327144845619,47,241.60825368105205
ct_w6_i3,6,evaluation,width3,50,exact_diagonal,47,4.930942547549165,0.2705436134090204,0.21426920053990658,0.966112613047499,1.6683776905932208,4.745327144845619,47,241.60825368105205
ct_w6_i3,6,evaluation,width3,50,exact_two_block,47,4.930942547549165,0.4365098621391809,0.34963538343167483,0.9079186624331232,1.4929744594463161,4.745327144845619,47,241.60825368105205
ct_w6_i3,6,evaluation,width3,50,exact_star,47,4.930942547549165,0.7154553344459669,0.6716448655875136,0.729153373882476,2.4048871132709317,4.745327144845619,47,241.60825368105205
ct_w6_i3,6,evaluation,width3,50,projected_target,47,4.930942547549165,0.9704093510369728,1.0000000000000002,0.3005813628173194,5.454356057317857,4.745327144845619,47,241.60825368105205
ct_w6_i3,6,evaluation,width3,101,exact_natural,47,4.598684903676496,1.0000000000000002,0.9755830279269812,0.0,4.720491588732426,4.720491588732426,47,265.6522870981143
ct_w6_i3,6,evaluation,width3,101,exact_regularized_full,47,4.598684903676496,0.9505920625865392,0.9185652405372694,0.5044858689381244,2.6101242925836403,4.720491588732426,47,265.6522870981143
ct_w6_i3,6,evaluation,width3,101,exact_diagonal,47,4.598684903676496,0.41542983630126507,0.3734860571323515,0.911867282200442,1.6593685478209188,4.720491588732426,47,265.6522870981143
ct_w6_i3,6,evaluation,width3,101,exact_two_block,47,4.598684903676496,0.50566610453203,0.4461988185565593,0.8752439031282978,1.6908185132457798,4.720491588732426,47,265.6522870981143
ct_w6_i3,6,evaluation,width3,101,exact_star,47,4.598684903676496,0.7293079197532445,0.6830666195747401,0.7569881770972369,1.9136523022621885,4.720491588732426,47,265.6522870981143
ct_w6_i3,6,evaluation,width3,101,projected_target,47,4.598684903676496,0.9755830279269812,1.0000000000000002,0.2838921706978644,5.454356057317857,4.720491588732426,47,265.6522870981143
ct_w6_i4,6,evaluation,chain,0,exact_natural,31,10.498941042386011,1.0000000000000002,-0.9354874039777955,0.0,3.5971403745954893,3.5971403745954893,31,2991.5629618890116
ct_w6_i4,6,evaluation,chain,0,exact_regularized_full,31,10.498941042386011,0.9386991035725097,-0.8607965237718478,0.40015959836166315,2.6457513110645903,3.5971403745954893,31,2991.5629618890116
ct_w6_i4,6,evaluation,chain,0,exact_diagonal,31,10.498941042386011,0.7816322047462417,-0.7370041829862176,0.6254421455866477,2.645751311064591,3.5971403745954893,31,2991.5629618890116
ct_w6_i4,6,evaluation,chain,0,exact_two_block,31,10.498941042386011,0.8745070584239543,-0.8248955790473963,0.504535578578535,2.6457513110645907,3.5971403745954893,31,2991.5629618890116
ct_w6_i4,6,evaluation,chain,0,exact_star,31,10.498941042386011,0.2147379331034657,-0.09854081252069176,1.106840796893192,2.645751311064591,3.5971403745954893,31,2991.5629618890116
ct_w6_i4,6,evaluation,chain,0,projected_target,31,10.498941042386011,-0.9354874039777955,0.9999999999999999,2.4323221334485643,5.291502622129181,3.5971403745954893,31,2991.5629618890116
ct_w6_i4,6,evaluation,chain,19,exact_natural,31,10.285274449736717,1.0,-0.9409476260696248,0.0,3.3985167755864607,3.3985167755864607,31,1306.3813533015236
ct_w6_i4,6,evaluation,chain,19,exact_regularized_full,31,10.285274449736717,0.9515904750006061,-0.8735820836193988,0.3527538364406216,2.6457513110645903,3.3985167755864607,31,1306.3813533015236
ct_w6_i4,6,evaluation,chain,19,exact_diagonal,31,10.285274449736717,0.7968946125696718,-0.7425406932937085,0.6043982737135256,2.6457513110645903,3.3985167755864607,31,1306.3813533015236
ct_w6_i4,6,evaluation,chain,19,exact_two_block,31,10.285274449736717,0.8720748256549481,-0.8228819452727841,0.498238312437101,2.6457513110645903,3.3985167755864607,31,1306.3813533015236
ct_w6_i4,6,evaluation,chain,19,exact_star,31,10.285274449736717,0.32374187514530983,-0.18634583835912114,1.0497608091708588,2.6457513110645903,3.3985167755864607,31,1306.3813533015236
ct_w6_i4,6,evaluation,chain,19,projected_target,31,10.285274449736717,-0.9409476260696248,0.9999999999999999,2.520789073206169,5.291502622129181,3.3985167755864607,31,1306.3813533015236
ct_w6_i4,6,evaluation,chain,42,exact_natural,31,10.0514200466303,1.0000000000000002,-0.9499646466312358,0.0,3.331778242289834,3.331778242289834,31,2198.947352063837
ct_w6_i4,6,evaluation,chain,42,exact_regularized_full,31,10.0514200466303,0.9403858242446743,-0.8803917441821942,0.39001719950586233,2.497154558420503,3.331778242289834,31,2198.947352063837
ct_w6_i4,6,evaluation,chain,42,exact_diagonal,31,10.0514200466303,0.7623239927311026,-0.715029309314281,0.6479749853987391,2.6457513110645907,3.331778242289834,31,2198.947352063837
ct_w6_i4,6,evaluation,chain,42,exact_two_block,31,10.0514200466303,0.8670344516883017,-0.822452306798219,0.5035586337626443,2.6457513110645907,3.331778242289834,31,2198.947352063837
ct_w6_i4,6,evaluation,chain,42,exact_star,31,10.0514200466303,0.11529751292737882,-0.008557149716418343,1.203110003486403,2.6457513110645907,3.331778242289834,31,2198.947352063837
ct_w6_i4,6,evaluation,chain,42,projected_target,31,10.0514200466303,-0.9499646466312358,0.9999999999999999,2.5573042288723453,5.291502622129181,3.331778242289834,31,2198.947352063837
ct_w6_i4,6,evaluation,chain,50,exact_natural,31,9.69152020702877,1.0,-0.8855885041649872,0.0,3.2771270788755973,3.2771270788755973,31,2566.1797025174164
ct_w6_i4,6,evaluation,chain,50,exact_regularized_full,31,9.69152020702877,0.9234100694607859,-0.8158018877710327,0.43204124183551396,2.376088638912845,3.2771270788755973,31,2566.1797025174164
ct_w6_i4,6,evaluation,chain,50,exact_diagonal,31,9.69152020702877,0.7409267616211618,-0.6954843978002154,0.6748615200047425,2.6457513110645907,3.2771270788755973,31,2566.1797025174164
ct_w6_i4,6,evaluation,chain,50,exact_two_block,31,9.69152020702877,0.8507021974125891,-0.796723175854208,0.5274335689335568,2.6457513110645907,3.2771270788755973,31,2566.1797025174164
ct_w6_i4,6,evaluation,chain,50,exact_star,31,9.69152020702877,0.22954556903463608,-0.10868865522953987,1.1159630550155735,2.5414074508940505,3.2771270788755973,31,2566.1797025174164
ct_w6_i4,6,evaluation,chain,50,projected_target,31,9.69152020702877,-0.8855885041649872,0.9999999999999999,2.5430418731593494,5.291502622129181,3.2771270788755973,31,2566.1797025174164
ct_w6_i4,6,evaluation,chain,101,exact_natural,31,10.5882010359872,1.0,-0.9576406735247791,0.0,3.6684106609918157,3.6684106609918157,31,1095.507707999308
ct_w6_i4,6,evaluation,chain,101,exact_regularized_full,31,10.5882010359872,0.9437743761805469,-0.8896437476242526,0.39851967255181936,2.6457513110645907,3.6684106609918157,31,1095.507707999308
ct_w6_i4,6,evaluation,chain,101,exact_diagonal,31,10.5882010359872,0.7903459610413466,-0.7387445360046254,0.6165475651398553,2.6457513110645903,3.6684106609918157,31,1095.507707999308
ct_w6_i4,6,evaluation,chain,101,exact_two_block,31,10.5882010359872,0.8731300639557659,-0.8369337803323346,0.510606392578779,2.6457513110645907,3.6684106609918157,31,1095.507707999308
ct_w6_i4,6,evaluation,chain,101,exact_star,31,10.5882010359872,0.2324720055957688,-0.12965788533849507,1.0885020644643577,2.645751311064591,3.6684106609918157,31,1095.507707999308
ct_w6_i4,6,evaluation,chain,101,projected_target,31,10.5882010359872,-0.9576406735247791,0.9999999999999999,2.4173051888828794,5.291502622129181,3.6684106609918157,31,1095.507707999308
ct_w6_i4,6,evaluation,problem_tree,0,exact_natural,31,4.199543961070448,1.0,0.8481129229426401,0.0,3.0862659020714287,3.0862659020714287,31,2523.5640052612343
ct_w6_i4,6,evaluation,problem_tree,0,exact_regularized_full,31,4.199543961070448,0.8346648621078304,0.537550348059512,0.5875119616957354,1.9447394730378538,3.0862659020714287,31,2523.5640052612343
ct_w6_i4,6,evaluation,problem_tree,0,exact_diagonal,31,4.199543961070448,0.5239553805373065,0.27504515947143693,0.948445413191144,2.9047375096555625,3.0862659020714287,31,2523.5640052612343
ct_w6_i4,6,evaluation,problem_tree,0,exact_two_block,31,4.199543961070448,0.3911147252202869,-0.009929182254921556,1.0282847074020203,2.6225337661009815,3.0862659020714287,31,2523.5640052612343
ct_w6_i4,6,evaluation,problem_tree,0,exact_star,31,4.199543961070448,0.621189952595834,0.4128892309317023,0.8464737853581075,2.9047375096555625,3.0862659020714287,31,2523.5640052612343
ct_w6_i4,6,evaluation,problem_tree,0,projected_target,31,4.199543961070448,0.8481129229426401,1.0,1.1620581818479658,5.809475019311125,3.0862659020714287,31,2523.5640052612343
ct_w6_i4,6,evaluation,problem_tree,19,exact_natural,31,5.355302016796435,1.0000000000000002,0.84738137090066,0.0,3.1504433037520383,3.1504433037520383,31,612.836803136196
ct_w6_i4,6,evaluation,problem_tree,19,exact_regularized_full,31,5.355302016796435,0.7785320473634322,0.5022569158934679,0.6707570344609032,1.7070094280674344,3.1504433037520383,31,612.836803136196
ct_w6_i4,6,evaluation,problem_tree,19,exact_diagonal,31,5.355302016796435,0.4106249782809686,0.055310970958470276,0.9488494945265813,2.1207740047653454,3.1504433037520383,31,612.836803136196
ct_w6_i4,6,evaluation,problem_tree,19,exact_two_block,31,5.355302016796435,0.2894247010487586,-0.06290337678239104,1.0670397489946029,2.397344450662616,3.1504433037520383,31,612.836803136196
ct_w6_i4,6,evaluation,problem_tree,19,exact_star,31,5.355302016796435,0.6946758048848906,0.44384618537626963,0.7208690999159684,2.0398727591762738,3.1504433037520383,31,612.836803136196
ct_w6_i4,6,evaluation,problem_tree,19,projected_target,31,5.355302016796435,0.84738137090066,1.0,1.1292607875658116,5.809475019311125,3.1504433037520383,31,612.836803136196
ct_w6_i4,6,evaluation,problem_tree,42,exact_natural,31,5.56232420634122,0.9999999999999999,0.7667575794840805,0.0,2.7964488547559294,2.7964488547559294,31,666.2166439219039
ct_w6_i4,6,evaluation,problem_tree,42,exact_regularized_full,31,5.56232420634122,0.8138840157716081,0.4140448097326117,0.6133462549829924,1.7265641643339782,2.7964488547559294,31,666.2166439219039
ct_w6_i4,6,evaluation,problem_tree,42,exact_diagonal,31,5.56232420634122,0.4449056977216028,0.15537360552486879,1.074559751054352,2.9047375096555625,2.7964488547559294,31,666.2166439219039
ct_w6_i4,6,evaluation,problem_tree,42,exact_two_block,31,5.56232420634122,0.2095022416280889,-0.2490170116229134,1.2114524646950258,2.5858770964208917,2.7964488547559294,31,666.2166439219039
ct_w6_i4,6,evaluation,problem_tree,42,exact_star,31,5.56232420634122,0.7468111813675794,0.480501119256228,0.6849272791132244,2.546664313972884,2.7964488547559294,31,666.2166439219039
ct_w6_i4,6,evaluation,problem_tree,42,projected_target,31,5.56232420634122,0.7667575794840805,1.0,1.459448615287736,5.809475019311125,2.7964488547559294,31,666.2166439219039
ct_w6_i4,6,evaluation,problem_tree,50,exact_natural,31,5.298845275257001,1.0,0.8034702114125714,0.0,3.3425989762903385,3.3425989762903385,31,1304.8257696893018
ct_w6_i4,6,evaluation,problem_tree,50,exact_regularized_full,31,5.298845275257001,0.7817621949730311,0.433843125813289,0.6622677432116807,1.8675553765098096,3.3425989762903385,31,1304.8257696893018
ct_w6_i4,6,evaluation,problem_tree,50,exact_diagonal,31,5.298845275257001,0.47144025848943893,0.19113619713505559,0.967368776744093,2.904737509655562,3.3425989762903385,31,1304.8257696893018
ct_w6_i4,6,evaluation,problem_tree,50,exact_two_block,31,5.298845275257001,0.17500269021921955,-0.21949195689271345,1.189479077080286,2.8159737722596594,3.3425989762903385,31,1304.8257696893018
ct_w6_i4,6,evaluation,problem_tree,50,exact_star,31,5.298845275257001,0.7004841861499199,0.49012881893512106,0.7174311212548032,2.5867377784348977,3.3425989762903385,31,1304.8257696893018
ct_w6_i4,6,evaluation,problem_tree,50,projected_target,31,5.298845275257001,0.8034702114125714,1.0,1.1080626302905479,5.809475019311125,3.3425989762903385,31,1304.8257696893018
ct_w6_i4,6,evaluation,problem_tree,101,exact_natural,31,4.955321424083333,1.0,0.8669942569345116,0.0,2.970750221832119,2.970750221832119,31,1312.06094115058
ct_w6_i4,6,evaluation,problem_tree,101,exact_regularized_full,31,4.955321424083333,0.8332348656847068,0.5584628702337714,0.5905679441746313,1.8589407331372603,2.970750221832119,31,1312.06094115058
ct_w6_i4,6,evaluation,problem_tree,101,exact_diagonal,31,4.955321424083333,0.502927164967659,0.2304618727201277,0.9716019135013118,2.8124483374280755,2.970750221832119,31,1312.06094115058
ct_w6_i4,6,evaluation,problem_tree,101,exact_two_block,31,4.955321424083333,0.2848654706446553,-0.09573644722454537,1.0992712285770878,2.4448081824781616,2.970750221832119,31,1312.06094115058
ct_w6_i4,6,evaluation,problem_tree,101,exact_star,31,4.955321424083333,0.744619853492001,0.5621456198741633,0.6704577430600681,2.3993149178133626,2.970750221832119,31,1312.06094115058
ct_w6_i4,6,evaluation,problem_tree,101,projected_target,31,4.955321424083333,0.8669942569345116,1.0,1.1972019306068644,5.809475019311125,2.970750221832119,31,1312.06094115058
ct_w6_i4,6,evaluation,width2,0,exact_natural,44,3.1221678846455063,0.9999999999999999,0.9748769704823358,0.0,5.440142134443289,5.440142134443289,44,1249.5927342185753
ct_w6_i4,6,evaluation,width2,0,exact_regularized_full,44,3.1221678846455063,0.9013223897358703,0.8159375805899702,0.5743424611973115,2.8515060209002123,5.440142134443289,44,1249.5927342185753
ct_w6_i4,6,evaluation,width2,0,exact_diagonal,44,3.1221678846455063,0.3579444553108242,0.2839395609582318,0.9551567243815965,3.0413812651491097,5.440142134443289,44,1249.5927342185753
ct_w6_i4,6,evaluation,width2,0,exact_two_block,44,3.1221678846455063,0.5312489151998996,0.41584892980370763,0.8498965965890535,2.523126685448168,5.440142134443289,44,1249.5927342185753
ct_w6_i4,6,evaluation,width2,0,exact_star,44,3.1221678846455063,0.4973088884635276,0.40942758317059824,0.8697686007950738,3.041381265149109,5.440142134443289,44,1249.5927342185753
ct_w6_i4,6,evaluation,width2,0,projected_target,44,3.1221678846455063,0.9748769704823358,1.0000000000000002,0.2648302858438031,6.082762530298219,5.440142134443289,44,1249.5927342185753
ct_w6_i4,6,evaluation,width2,19,exact_natural,44,4.273530599620779,1.0000000000000002,0.9730955435269786,0.0,5.2981555314973665,5.2981555314973665,44,488.51605244552616
ct_w6_i4,6,evaluation,width2,19,exact_regularized_full,44,4.273530599620779,0.9106860043711483,0.847583760141816,0.5901573467069535,2.591956737784676,5.2981555314973665,44,488.51605244552616
ct_w6_i4,6,evaluation,width2,19,exact_diagonal,44,4.273530599620779,0.3676633126875519,0.33506059084253276,0.9525844906961523,3.04138126514911,5.2981555314973665,44,488.51605244552616
ct_w6_i4,6,evaluation,width2,19,exact_two_block,44,4.273530599620779,0.5639115714701761,0.5061879725388354,0.8364970089372837,2.28234956658209,5.2981555314973665,44,488.51605244552616
ct_w6_i4,6,evaluation,width2,19,exact_star,44,4.273530599620779,0.5213651589373272,0.4598360268711265,0.8535928183324649,2.6508449796319344,5.2981555314973665,44,488.51605244552616
ct_w6_i4,6,evaluation,width2,19,projected_target,44,4.273530599620779,0.9730955435269786,1.0000000000000002,0.28932392019046166,6.082762530298219,5.2981555314973665,44,488.51605244552616
ct_w6_i4,6,evaluation,width2,42,exact_natural,44,5.239663540247823,1.0000000000000002,0.9688338795640453,0.0,5.157381326112749,5.157381326112749,44,672.7327187865785
ct_w6_i4,6,evaluation,width2,42,exact_regularized_full,44,5.239663540247823,0.9183397483498787,0.8264857862533608,0.5477525263745663,2.7833524530860707,5.157381326112749,44,672.7327187865785
ct_w6_i4,6,evaluation,width2,42,exact_diagonal,44,5.239663540247823,0.2967505192615221,0.1690852875081175,0.9584860897700213,1.9543802524686698,5.157381326112749,44,672.7327187865785
ct_w6_i4,6,evaluation,width2,42,exact_two_block,44,5.239663540247823,0.20882976029674047,0.07042186675693117,0.9933505889781156,1.9755729479714674,5.157381326112749,44,672.7327187865785
ct_w6_i4,6,evaluation,width2,42,exact_star,44,5.239663540247823,0.8398083774952617,0.7542788546552551,0.6389945696640663,2.592997243768786,5.157381326112749,44,672.7327187865785
ct_w6_i4,6,evaluation,width2,42,projected_target,44,5.239663540247823,0.9688338795640453,1.0000000000000002,0.3251322941409377,6.082762530298219,5.157381326112749,44,672.7327187865785
ct_w6_i4,6,evaluation,width2,50,exact_natural,44,4.769610136127497,0.9999999999999999,0.971315721899297,0.0,5.380097943468415,5.380097943468415,44,961.6971611699581
ct_w6_i4,6,evaluation,width2,50,exact_regularized_full,44,4.769610136127497,0.8649861176777233,0.7863928606466383,0.628525976343548,2.617459260578698,5.380097943468415,44,961.6971611699581
ct_w6_i4,6,evaluation,width2,50,exact_diagonal,44,4.769610136127497,0.389240144952894,0.2750226250274193,0.9212308597690695,2.0231435238783457,5.380097943468415,44,961.6971611699581
ct_w6_i4,6,evaluation,width2,50,exact_two_block,44,4.769610136127497,0.3108640256429686,0.1603674672539525,0.9517196416182139,1.9364174671951333,5.380097943468415,44,961.6971611699581
ct_w6_i4,6,evaluation,width2,50,exact_star,44,4.769610136127497,0.722098389174194,0.6403543843501712,0.7640963755986617,2.1393744101623327,5.380097943468415,44,961.6971611699581
ct_w6_i4,6,evaluation,width2,50,projected_target,44,4.769610136127497,0.971315721899297,1.0000000000000002,0.2862143578588823,6.082762530298219,5.380097943468415,44,961.6971611699581
ct_w6_i4,6,evaluation,width2,101,exact_natural,44,4.16305403533404,1.0,0.9780075409562499,0.0,5.3639265821204205,5.3639265821204205,44,680.7580454823445
ct_w6_i4,6,evaluation,width2,101,exact_regularized_full,44,4.16305403533404,0.9284685437194341,0.8741652861822253,0.5334907260217466,2.926012944948681,5.3639265821204205,44,680.7580454823445
ct_w6_i4,6,evaluation,width2,101,exact_diagonal,44,4.16305403533404,0.45315368993609023,0.39606541327140665,0.8927352104547553,2.1720760627380065,5.3639265821204205,44,680.7580454823445
ct_w6_i4,6,evaluation,width2,101,exact_two_block,44,4.16305403533404,0.38721950380460474,0.30557682029408373,0.9223602245806466,2.2176427383249027,5.3639265821204205,44,680.7580454823445
ct_w6_i4,6,evaluation,width2,101,exact_star,44,4.16305403533404,0.7435534221818954,0.7155595206753983,0.7094614119494621,2.716683307927276,5.3639265821204205,44,680.7580454823445
ct_w6_i4,6,evaluation,width2,101,projected_target,44,4.16305403533404,0.9780075409562499,1.0000000000000002,0.26045912595045084,6.082762530298219,5.3639265821204205,44,680.7580454823445
ct_w6_i4,6,evaluation,width3,0,exact_natural,48,2.5369715583487427,1.0,0.9897288334339532,0.0,6.009263863583642,6.009263863583642,48,1275.035210004402
ct_w6_i4,6,evaluation,width3,0,exact_regularized_full,48,2.5369715583487427,0.895908237718729,0.8745459246564548,0.6177541643079373,2.804158983499529,6.009263863583642,48,1275.035210004402
ct_w6_i4,6,evaluation,width3,0,exact_diagonal,48,2.5369715583487427,0.3231339751987023,0.31136814296078763,0.9651938083852319,3.0822070014844876,6.009263863583642,48,1275.035210004402
ct_w6_i4,6,evaluation,width3,0,exact_two_block,48,2.5369715583487427,0.5290240521061296,0.4855301148226306,0.8575686071594196,2.4359743425487235,6.009263863583642,48,1275.035210004402
ct_w6_i4,6,evaluation,width3,0,exact_star,48,2.5369715583487427,0.35311391985403523,0.33834851082540174,0.9491286035552378,3.082207001484488,6.009263863583642,48,1275.035210004402
ct_w6_i4,6,evaluation,width3,0,projected_target,48,2.5369715583487427,0.9897288334339532,1.0000000000000002,0.1474425305864803,6.164414002968976,6.009263863583642,48,1275.035210004402
ct_w6_i4,6,evaluation,width3,19,exact_natural,48,4.355975497479884,1.0,0.9893991941034408,0.0,6.139018862573608,6.139018862573608,48,576.5567886133899
ct_w6_i4,6,evaluation,width3,19,exact_regularized_full,48,4.355975497479884,0.9549919116695246,0.9401376233008077,0.5506399479274301,3.0147517529671264,6.139018862573608,48,576.5567886133899
ct_w6_i4,6,evaluation,width3,19,exact_diagonal,48,4.355975497479884,0.34943546206714393,0.32204114828377556,0.9391706250579627,2.5405077260937166,6.139018862573608,48,576.5567886133899
ct_w6_i4,6,evaluation,width3,19,exact_two_block,48,4.355975497479884,0.6266954668702147,0.5964508537499535,0.8320783311665931,2.056410198137555,6.139018862573608,48,576.5567886133899
ct_w6_i4,6,evaluation,width3,19,exact_star,48,4.355975497479884,0.5802643787934848,0.5537489853346459,0.84362187660544,2.2116053589916755,6.139018862573608,48,576.5567886133899
ct_w6_i4,6,evaluation,width3,19,projected_target,48,4.355975497479884,0.9893991941034408,1.0000000000000002,0.14596721590979983,6.164414002968976,6.139018862573608,48,576.5567886133899
ct_w6_i4,6,evaluation,width3,42,exact_natural,48,4.462053764543793,1.0,0.981325666288229,0.0,5.817474119379728,5.817474119379728,48,593.7724991192489
ct_w6_i4,6,evaluation,width3,42,exact_regularized_full,48,4.462053764543793,0.9380325781812111,0.8908879884618374,0.5446266077636411,3.012787623239373,5.817474119379728,48,593.7724991192489
ct_w6_i4,6,evaluation,width3,42,exact_diagonal,48,4.462053764543793,0.29526203042980154,0.26788077883759415,0.9814911981662897,3.0250539740435176,5.817474119379728,48,593.7724991192489
ct_w6_i4,6,evaluation,width3,42,exact_two_block,48,4.462053764543793,0.468881076148515,0.3845056920310838,0.8969804331787521,1.8185501093712413,5.817474119379728,48,593.7724991192489
ct_w6_i4,6,evaluation,width3,42,exact_star,48,4.462053764543793,0.6482101846032094,0.5872842855159838,0.789164441001214,2.5652127675860856,5.817474119379728,48,593.7724991192489
ct_w6_i4,6,evaluation,width3,42,projected_target,48,4.462053764543793,0.981325666288229,1.0000000000000002,0.2076841045286416,6.164414002968976,5.817474119379728,48,593.7724991192489
ct_w6_i4,6,evaluation,width3,50,exact_natural,48,4.551716108717891,1.0,0.9880602869222883,0.0,6.041949370059495,6.041949370059495,48,857.0993745725925
ct_w6_i4,6,evaluation,width3,50,exact_regularized_full,48,4.551716108717891,0.8747581279193269,0.8482541354285138,0.642611446459586,2.7350602831939215,6.041949370059495,48,857.0993745725925
ct_w6_i4,6,evaluation,width3,50,exact_diagonal,48,4.551716108717891,0.3600040788033462,0.3306862332308966,0.9330303222985595,2.248758690978819,6.041949370059495,48,857.0993745725925
ct_w6_i4,6,evaluation,width3,50,exact_two_block,48,4.551716108717891,0.2859129242398108,0.24220932514083207,0.9584905387600282,1.855685100163121,6.041949370059495,48,857.0993745725925
ct_w6_i4,6,evaluation,width3,50,exact_star,48,4.551716108717891,0.717713080792338,0.689682185412907,0.7771010096947211,2.252149601803319,6.041949370059495,48,857.0993745725925
ct_w6_i4,6,evaluation,width3,50,projected_target,48,4.551716108717891,0.9880602869222883,1.0000000000000002,0.15739845760173612,6.164414002968976,6.041949370059495,48,857.0993745725925
ct_w6_i4,6,evaluation,width3,101,exact_natural,48,4.083192869626055,1.0,0.9882016792643623,0.0,5.883259676564173,5.883259676564173,48,910.1643532673222
ct_w6_i4,6,evaluation,width3,101,exact_regularized_full,48,4.083192869626055,0.9057819563291712,0.8952298050033602,0.5864085666255722,2.944117905988611,5.883259676564173,48,910.1643532673222
ct_w6_i4,6,evaluation,width3,101,exact_diagonal,48,4.083192869626055,0.37303303348199807,0.3591945960893676,0.9305513689924786,2.6139534850192816,5.883259676564173,48,910.1643532673222
ct_w6_i4,6,evaluation,width3,101,exact_two_block,48,4.083192869626055,0.3561814520269719,0.3277270498736309,0.9344337837270633,2.0623716201472666,5.883259676564173,48,910.1643532673222
ct_w6_i4,6,evaluation,width3,101,exact_star,48,4.083192869626055,0.6991328855845924,0.69591664881079,0.743544661316471,2.9125706804461546,5.883259676564173,48,910.1643532673222
ct_w6_i4,6,evaluation,width3,101,projected_target,48,4.083192869626055,0.9882016792643623,1.0000000000000002,0.1643413346920519,6.164414002968976,5.883259676564173,48,910.1643532673222
ct_w6_i5,6,evaluation,chain,0,exact_natural,31,9.753716014178067,1.0,-0.8220903917412531,0.0,2.9694488178788103,2.9694488178788103,31,1564.5477307016254
ct_w6_i5,6,evaluation,chain,0,exact_regularized_full,31,9.753716014178067,0.9749960757128656,-0.7857831714085046,0.24167534265548762,2.6131139516079886,2.9694488178788103,31,1564.5477307016254
ct_w6_i5,6,evaluation,chain,0,exact_diagonal,31,9.753716014178067,0.8450144914957968,-0.7082269682107105,0.5374526206449459,2.669269563007828,2.9694488178788103,31,1564.5477307016254
ct_w6_i5,6,evaluation,chain,0,exact_two_block,31,9.753716014178067,0.8935014006105636,-0.7673922361187133,0.4490929842790047,2.669269563007828,2.9694488178788103,31,1564.5477307016254
ct_w6_i5,6,evaluation,chain,0,exact_star,31,9.753716014178067,0.6255919116614852,-0.2716399183294288,0.8266425864221931,2.6692695630078282,2.9694488178788103,31,1564.5477307016254
ct_w6_i5,6,evaluation,chain,0,projected_target,31,9.753716014178067,-0.8220903917412531,1.0,2.6810643516759898,5.338539126015656,2.9694488178788103,31,1564.5477307016254
ct_w6_i5,6,evaluation,chain,19,exact_natural,31,9.991330254683723,1.0,-0.8070205891496677,0.0,2.936460189810541,2.936460189810541,31,913.4974273267225
ct_w6_i5,6,evaluation,chain,19,exact_regularized_full,31,9.991330254683723,0.9768905164521372,-0.803494936768521,0.22746324054383738,2.64011016573606,2.936460189810541,31,913.4974273267225
ct_w6_i5,6,evaluation,chain,19,exact_diagonal,31,9.991330254683723,0.8246144245603627,-0.6986482752757177,0.5719558920393493,2.669269563007828,2.936460189810541,31,913.4974273267225
ct_w6_i5,6,evaluation,chain,19,exact_two_block,31,9.991330254683723,0.8829199581835728,-0.7843078128485012,0.470247807178388,2.6692695630078282,2.936460189810541,31,913.4974273267225
ct_w6_i5,6,evaluation,chain,19,exact_star,31,9.991330254683723,0.6692817607701604,-0.29054709944630996,0.7807247967087994,2.669269563007828,2.936460189810541,31,913.4974273267225
ct_w6_i5,6,evaluation,chain,19,projected_target,31,9.991330254683723,-0.8070205891496677,1.0,2.690640872298677,5.338539126015656,2.936460189810541,31,913.4974273267225
ct_w6_i5,6,evaluation,chain,42,exact_natural,31,9.530516038043794,1.0,-0.8434668745849054,0.0,2.7844470193145052,2.7844470193145052,31,616.7430850506947
ct_w6_i5,6,evaluation,chain,42,exact_regularized_full,31,9.530516038043794,0.9803941628796458,-0.7930610071048547,0.21936406530223246,2.4614298896464755,2.7844470193145052,31,616.7430850506947
ct_w6_i5,6,evaluation,chain,42,exact_diagonal,31,9.530516038043794,0.8431581197252721,-0.6930467247752992,0.5499267170347213,2.6692695630078282,2.7844470193145052,31,616.7430850506947
ct_w6_i5,6,evaluation,chain,42,exact_two_block,31,9.530516038043794,0.9095933960099216,-0.7832141122284301,0.41838376514767767,2.6692695630078282,2.7844470193145052,31,616.7430850506947
ct_w6_i5,6,evaluation,chain,42,exact_star,31,9.530516038043794,0.528382595392314,-0.19371860285351644,0.9342046152924981,2.5565678938438836,2.7844470193145052,31,616.7430850506947
ct_w6_i5,6,evaluation,chain,42,projected_target,31,9.530516038043794,-0.8434668745849054,1.0,2.8125142595318393,5.338539126015656,2.7844470193145052,31,616.7430850506947
ct_w6_i5,6,evaluation,chain,50,exact_natural,31,9.468151907527641,1.0000000000000002,-0.7226012667346055,0.0,2.689209049110652,2.689209049110652,31,2394.354824368577
ct_w6_i5,6,evaluation,chain,50,exact_regularized_full,31,9.468151907527641,0.9588101708811579,-0.6810183332416183,0.296994539447903,2.3451964713672444,2.689209049110652,31,2394.354824368577
ct_w6_i5,6,evaluation,chain,50,exact_diagonal,31,9.468151907527641,0.8196429974310517,-0.6413340031839896,0.5984099109348698,2.669269563007828,2.689209049110652,31,2394.354824368577
ct_w6_i5,6,evaluation,chain,50,exact_two_block,31,9.468151907527641,0.8650095824661066,-0.7363456219609311,0.5177200055871695,2.669269563007828,2.689209049110652,31,2394.354824368577
ct_w6_i5,6,evaluation,chain,50,exact_star,31,9.468151907527641,0.6157023698057357,-0.10152163901478253,0.873470886045502,2.669269563007828,2.689209049110652,31,2394.354824368577
ct_w6_i5,6,evaluation,chain,50,projected_target,31,9.468151907527641,-0.7226012667346055,1.0,2.794615656192309,5.338539126015656,2.689209049110652,31,2394.354824368577
ct_w6_i5,6,evaluation,chain,101,exact_natural,31,10.140334755491809,1.0,-0.8495509206747497,0.0,3.1321852222675135,3.1321852222675135,31,1557.3632260630977
ct_w6_i5,6,evaluation,chain,101,exact_regularized_full,31,10.140334755491809,0.9722203163761756,-0.7946829926685264,0.26304163012637577,2.6692695630078282,3.1321852222675135,31,1557.3632260630977
ct_w6_i5,6,evaluation,chain,101,exact_diagonal,31,10.140334755491809,0.8525855710782876,-0.7092931304505102,0.5225877796622801,2.6692695630078282,3.1321852222675135,31,1557.3632260630977
ct_w6_i5,6,evaluation,chain,101,exact_two_block,31,10.140334755491809,0.8997865093387061,-0.7775875576481298,0.4389169235904506,2.6692695630078274,3.1321852222675135,31,1557.3632260630977
ct_w6_i5,6,evaluation,chain,101,exact_star,31,10.140334755491809,0.5937705866672525,-0.24527026569331548,0.8451187902873283,2.669269563007828,3.1321852222675135,31,1557.3632260630977
ct_w6_i5,6,evaluation,chain,101,projected_target,31,10.140334755491809,-0.8495509206747497,1.0,2.6078723250727114,5.338539126015656,3.1321852222675135,31,1557.3632260630977
ct_w6_i5,6,evaluation,problem_tree,0,exact_natural,31,6.144526618782983,0.9999999999999999,0.5927205157353689,0.0,2.580299375598258,2.580299375598258,31,4470.236385704818
ct_w6_i5,6,evaluation,problem_tree,0,exact_regularized_full,31,6.144526618782983,0.8167687896052335,0.13936045543928954,0.5811662398470155,1.9275248748332683,2.580299375598258,31,4470.236385704818
ct_w6_i5,6,evaluation,problem_tree,0,exact_diagonal,31,6.144526618782983,0.5420520383189478,0.032484569090452976,1.0160422225374175,2.8722813232690143,2.580299375598258,31,4470.236385704818
ct_w6_i5,6,evaluation,problem_tree,0,exact_two_block,31,6.144526618782983,0.35849465648675083,-0.33731572303960755,1.2004160092986356,2.872281323269014,2.580299375598258,31,4470.236385704818
ct_w6_i5,6,evaluation,problem_tree,0,exact_star,31,6.144526618782983,0.7827454036271337,0.333995847002176,0.7046149496743559,2.8722813232690143,2.580299375598258,31,4470.236385704818
ct_w6_i5,6,evaluation,problem_tree,0,projected_target,31,6.144526618782983,0.5927205157353689,1.0,1.8213505120433753,5.744562646538029,2.580299375598258,31,4470.236385704818
ct_w6_i5,6,evaluation,problem_tree,19,exact_natural,31,6.224888542724692,0.9999999999999998,0.7556038140224628,0.0,2.9324847956090454,2.9324847956090454,31,1608.2032833968938
ct_w6_i5,6,evaluation,problem_tree,19,exact_regularized_full,31,6.224888542724692,0.7714387449131571,0.33503479928997565,0.6543418278334477,1.8147908964233832,2.9324847956090454,31,1608.2032833968938
ct_w6_i5,6,evaluation,problem_tree,19,exact_diagonal,31,6.224888542724692,0.40985212451155095,0.04000752007042629,1.0596623679579338,2.7834247643383963,2.9324847956090454,31,1608.2032833968938
ct_w6_i5,6,evaluation,problem_tree,19,exact_two_block,31,6.224888542724692,0.20877898100125558,-0.29876603136487034,1.1427625462992137,2.345870296288082,2.9324847956090454,31,1608.2032833968938
ct_w6_i5,6,evaluation,problem_tree,19,exact_star,31,6.224888542724692,0.6851895618976106,0.36357249296938365,0.7649062178585793,2.6943194597866476,2.9324847956090454,31,1608.2032833968938
ct_w6_i5,6,evaluation,problem_tree,19,projected_target,31,6.224888542724692,0.7556038140224628,1.0,1.3700662669271784,5.744562646538029,2.9324847956090454,31,1608.2032833968938
ct_w6_i5,6,evaluation,problem_tree,42,exact_natural,31,5.910582322018626,1.0000000000000002,0.6846946109457949,0.0,2.6601383232644267,2.6601383232644267,31,2402.1607281753886
ct_w6_i5,6,evaluation,problem_tree,42,exact_regularized_full,31,5.910582322018626,0.8246138236917804,0.27890328681990567,0.5709013394424736,1.9889757175379195,2.6601383232644267,31,2402.1607281753886
ct_w6_i5,6,evaluation,problem_tree,42,exact_diagonal,31,5.910582322018626,0.5781438838841855,0.05722926177424317,0.9577876602227184,2.8722813232690143,2.6601383232644267,31,2402.1607281753886
ct_w6_i5,6,evaluation,problem_tree,42,exact_two_block,31,5.910582322018626,0.4392217986105246,-0.21841290913201156,1.1033399877711858,2.8722813232690148,2.6601383232644267,31,2402.1607281753886
ct_w6_i5,6,evaluation,problem_tree,42,exact_star,31,5.910582322018626,0.813326718592089,0.4056097912990031,0.639906560767572,2.8722813232690148,2.6601383232644267,31,2402.1607281753886
ct_w6_i5,6,evaluation,problem_tree,42,projected_target,31,5.910582322018626,0.6846946109457949,1.0,1.6450645893279099,5.744562646538029,2.6601383232644267,31,2402.1607281753886
ct_w6_i5,6,evaluation,problem_tree,50,exact_natural,31,6.5914429124359435,1.0000000000000002,0.6858521519163367,0.0,3.0424202749266827,3.0424202749266827,31,5069.93802193587
ct_w6_i5,6,evaluation,problem_tree,50,exact_regularized_full,31,6.5914429124359435,0.7097023526324457,0.16537174551268655,0.7076478154153384,1.9564209659347394,3.0424202749266827,31,5069.93802193587
ct_w6_i5,6,evaluation,problem_tree,50,exact_diagonal,31,6.5914429124359435,0.44849651468816387,-0.06852704082753013,0.9966016704445472,2.7058186292996558,3.0424202749266827,31,5069.93802193587
ct_w6_i5,6,evaluation,problem_tree,50,exact_two_block,31,6.5914429124359435,0.24060537748533128,-0.341344918850598,1.168336997317651,2.7105371149955575,3.0424202749266827,31,5069.93802193587
ct_w6_i5,6,evaluation,problem_tree,50,exact_star,31,6.5914429124359435,0.7380521029584085,0.3770703414581481,0.6875966163284553,2.6480541846316172,3.0424202749266827,31,5069.93802193587
ct_w6_i5,6,evaluation,problem_tree,50,projected_target,31,6.5914429124359435,0.6858521519163367,1.0,1.4053968203814295,5.744562646538029,3.0424202749266827,31,5069.93802193587
ct_w6_i5,6,evaluation,problem_tree,101,exact_natural,31,6.2313757000393135,1.0,0.7985662640822039,0.0,2.911059263774129,2.911059263774129,31,10179.736199607847
ct_w6_i5,6,evaluation,problem_tree,101,exact_regularized_full,31,6.2313757000393135,0.7361349019165221,0.32960953232891543,0.6921781051211855,1.721028307272902,2.911059263774129,31,10179.736199607847
ct_w6_i5,6,evaluation,problem_tree,101,exact_diagonal,31,6.2313757000393135,0.3441277523574087,-0.03499678384182343,1.085771006578004,2.58909815024455,2.911059263774129,31,10179.736199607847
ct_w6_i5,6,evaluation,problem_tree,101,exact_two_block,31,6.2313757000393135,0.14453804861218086,-0.3273066520936817,1.1597249273524903,2.1815361999496328,2.911059263774129,31,10179.736199607847
ct_w6_i5,6,evaluation,problem_tree,101,exact_star,31,6.2313757000393135,0.6748275949169638,0.39966538578291466,0.8011610799149206,2.8722813232690143,2.911059263774129,31,10179.736199607847
ct_w6_i5,6,evaluation,problem_tree,101,projected_target,31,6.2313757000393135,0.7985662640822039,1.0,1.3200106047130895,5.744562646538029,2.911059263774129,31,10179.736199607847
ct_w6_i5,6,evaluation,width2,0,exact_natural,42,5.277042710539523,1.0,0.934470283104817,0.0,4.3574830194234035,4.3574830194234035,42,1029.9352203117264
ct_w6_i5,6,evaluation,width2,0,exact_regularized_full,42,5.277042710539523,0.812552915949654,0.6321404252433613,0.6559165076742395,2.2300410822047003,4.3574830194234035,42,1029.9352203117264
ct_w6_i5,6,evaluation,width2,0,exact_diagonal,42,5.277042710539523,0.3174449229793064,0.17433977012806154,0.9601761924138982,2.0399206795043074,4.3574830194234035,42,1029.9352203117264
ct_w6_i5,6,evaluation,width2,0,exact_two_block,42,5.277042710539523,0.16859624831722347,-0.040403255467695444,1.024283061612389,1.9483569584459852,4.3574830194234035,42,1029.9352203117264
ct_w6_i5,6,evaluation,width2,0,exact_star,42,5.277042710539523,0.7811134242331255,0.6531503578192267,0.6786980787846917,2.2444893648138846,4.3574830194234035,42,1029.9352203117264
ct_w6_i5,6,evaluation,width2,0,projected_target,42,5.277042710539523,0.934470283104817,1.0,0.5642081555388379,5.979130371550699,4.3574830194234035,42,1029.9352203117264
ct_w6_i5,6,evaluation,width2,19,exact_natural,42,5.46156599410091,0.9999999999999998,0.9372049128912697,0.0,4.381431247870945,4.381431247870945,42,1201.3649929492753
ct_w6_i5,6,evaluation,width2,19,exact_regularized_full,42,5.46156599410091,0.831491757593874,0.6574222757820442,0.6213457149184388,2.423786212559473,4.381431247870945,42,1201.3649929492753
ct_w6_i5,6,evaluation,width2,19,exact_diagonal,42,5.46156599410091,0.3135754755669772,0.1365267904922022,0.9835029161489808,2.49616803541412,4.381431247870945,42,1201.3649929492753
ct_w6_i5,6,evaluation,width2,19,exact_two_block,42,5.46156599410091,0.13518343561954926,-0.08156265754976244,1.0555026838854324,2.1863220559650096,4.381431247870945,42,1201.3649929492753
ct_w6_i5,6,evaluation,width2,19,exact_star,42,5.46156599410091,0.7768319609952632,0.6152100616858491,0.6472533642118805,2.7478127972420716,4.381431247870945,42,1201.3649929492753
ct_w6_i5,6,evaluation,width2,19,projected_target,42,5.46156599410091,0.9372049128912697,1.0,0.5516867296540084,5.979130371550699,4.381431247870945,42,1201.3649929492753
ct_w6_i5,6,evaluation,width2,42,exact_natural,42,4.8354369233768715,1.0000000000000002,0.9570824540011434,0.0,4.626850086797284,4.626850086797284,42,339.43814021979733
ct_w6_i5,6,evaluation,width2,42,exact_regularized_full,42,4.8354369233768715,0.9170150815912068,0.8262283486159107,0.5429740486057679,2.538240947735664,4.626850086797284,42,339.43814021979733
ct_w6_i5,6,evaluation,width2,42,exact_diagonal,42,4.8354369233768715,0.33013922616845176,0.2214992264723716,0.9535443999495727,2.1523664443573702,4.626850086797284,42,339.43814021979733
ct_w6_i5,6,evaluation,width2,42,exact_two_block,42,4.8354369233768715,0.2012677293499086,0.05247292460467268,1.0077763719892237,2.0273393732367775,4.626850086797284,42,339.43814021979733
ct_w6_i5,6,evaluation,width2,42,exact_star,42,4.8354369233768715,0.8620542048581993,0.7737843586447105,0.6184957115345485,2.348350152234679,4.626850086797284,42,339.43814021979733
ct_w6_i5,6,evaluation,width2,42,projected_target,42,4.8354369233768715,0.9570824540011434,1.0,0.44310555819398156,5.979130371550699,4.626850086797284,42,339.43814021979733
ct_w6_i5,6,evaluation,width2,50,exact_natural,42,5.244734501121813,0.9999999999999998,0.9410841009282899,0.0,4.510806925376651,4.510806925376651,42,2365.9184396217106
ct_w6_i5,6,evaluation,width2,50,exact_regularized_full,42,5.244734501121813,0.8579211881682769,0.707985616574024,0.6093512551290027,2.392066632750063,4.510806925376651,42,2365.9184396217106
ct_w6_i5,6,evaluation,width2,50,exact_diagonal,42,5.244734501121813,0.37607178344630754,0.2280497334011749,0.9313853068850242,2.122140862919282,4.510806925376651,42,2365.9184396217106
ct_w6_i5,6,evaluation,width2,50,exact_two_block,42,5.244734501121813,0.17723369578112957,-0.02082213771711566,1.023899106268931,2.07356963311713,4.510806925376651,42,2365.9184396217106
ct_w6_i5,6,evaluation,width2,50,exact_star,42,5.244734501121813,0.7999345997390683,0.7127250482819393,0.6405285638015404,2.597967993707336,4.510806925376651,42,2365.9184396217106
ct_w6_i5,6,evaluation,width2,50,projected_target,42,5.244734501121813,0.9410841009282899,1.0,0.512001765520827,5.979130371550699,4.510806925376651,42,2365.9184396217106
ct_w6_i5,6,evaluation,width2,101,exact_natural,42,4.510450466096517,1.0,0.9585348628008389,0.0,4.727171996248079,4.727171996248079,42,1307.9548349413442
ct_w6_i5,6,evaluation,width2,101,exact_regularized_full,42,4.510450466096517,0.8601051474699836,0.7504657546053041,0.606496889777656,2.5150978965972515,4.727171996248079,42,1307.9548349413442
ct_w6_i5,6,evaluation,width2,101,exact_diagonal,42,4.510450466096517,0.32308031763751915,0.2989831447430903,0.9956460580917436,2.9895651857753496,4.727171996248079,42,1307.9548349413442
ct_w6_i5,6,evaluation,width2,101,exact_two_block,42,4.510450466096517,0.20975049849120742,0.09244270462480601,0.9914672904568703,1.7683185598534592,4.727171996248079,42,1307.9548349413442
ct_w6_i5,6,evaluation,width2,101,exact_star,42,4.510450466096517,0.6985142136662229,0.6640959376527226,0.7284383902458051,2.6582574434729236,4.727171996248079,42,1307.9548349413442
ct_w6_i5,6,evaluation,width2,101,projected_target,42,4.510450466096517,0.9585348628008389,1.0,0.41837254549517944,5.979130371550699,4.727171996248079,42,1307.9548349413442
ct_w6_i5,6,evaluation,width3,0,exact_natural,47,4.954397125771562,0.9999999999999999,0.9838219714775283,0.0,5.30835075031425,5.30835075031425,47,455.48215094952894
ct_w6_i5,6,evaluation,width3,0,exact_regularized_full,47,4.954397125771562,0.9237072142796742,0.8740688634624427,0.5676154714587446,2.6800414341605734,5.30835075031425,47,455.48215094952894
ct_w6_i5,6,evaluation,width3,0,exact_diagonal,47,4.954397125771562,0.3528286078642668,0.30564721249730487,0.9405361557983392,1.3666569392723813,5.30835075031425,47,455.48215094952894
ct_w6_i5,6,evaluation,width3,0,exact_two_block,47,4.954397125771562,0.3345804075587027,0.2790593782098309,0.9455698015294307,1.3633036887489045,5.30835075031425,47,455.48215094952894
ct_w6_i5,6,evaluation,width3,0,exact_star,47,4.954397125771562,0.8471852957185707,0.8024481112620515,0.7163069461096598,1.946834914341106,5.30835075031425,47,455.48215094952894
ct_w6_i5,6,evaluation,width3,0,projected_target,47,4.954397125771562,0.9838219714775283,1.0000000000000002,0.2415759481204713,6.082762530298219,5.30835075031425,47,455.48215094952894
ct_w6_i5,6,evaluation,width3,19,exact_natural,47,5.08600097432114,0.9999999999999999,0.9786735573014282,0.0,5.358358188820965,5.358358188820965,47,395.471741903005
ct_w6_i5,6,evaluation,width3,19,exact_regularized_full,47,5.08600097432114,0.9187911607684072,0.8629152874953115,0.5494025665221103,2.8756434764452425,5.358358188820965,47,395.471741903005
ct_w6_i5,6,evaluation,width3,19,exact_diagonal,47,5.08600097432114,0.3193246816644218,0.210685021010897,0.9487466912957033,1.9559357219713895,5.358358188820965,47,395.471741903005
ct_w6_i5,6,evaluation,width3,19,exact_two_block,47,5.08600097432114,0.36514786361158336,0.23960026900151035,0.9309560850171937,1.9378813002968829,5.358358188820965,47,395.471741903005
ct_w6_i5,6,evaluation,width3,19,exact_star,47,5.08600097432114,0.7530754437242437,0.6819349838180568,0.7145686806820495,2.5413224922047166,5.358358188820965,47,395.471741903005
ct_w6_i5,6,evaluation,width3,19,projected_target,47,5.08600097432114,0.9786735573014282,1.0000000000000002,0.2582555448963701,6.082762530298219,5.358358188820965,47,395.471741903005
ct_w6_i5,6,evaluation,width3,42,exact_natural,47,4.526443527626279,0.9999999999999999,0.9849730797004361,0.0,5.464049219446064,5.464049219446064,47,267.59950183555543
ct_w6_i5,6,evaluation,width3,42,exact_regularized_full,47,4.526443527626279,0.9566973571292195,0.9284252795587573,0.49476728555584465,3.041381265149109,5.464049219446064,47,267.59950183555543
ct_w6_i5,6,evaluation,width3,42,exact_diagonal,47,4.526443527626279,0.3862854137844897,0.34735653340275946,0.9254989587735197,1.6958196121665488,5.464049219446064,47,267.59950183555543
ct_w6_i5,6,evaluation,width3,42,exact_two_block,47,4.526443527626279,0.42036859858668696,0.3742818497126192,0.9142527506626567,1.6843596829836902,5.464049219446064,47,267.59950183555543
ct_w6_i5,6,evaluation,width3,42,exact_star,47,4.526443527626279,0.8603179769940666,0.8174787802504497,0.6770726741816879,2.2659470586723,5.464049219446064,47,267.59950183555543
ct_w6_i5,6,evaluation,width3,42,projected_target,47,4.526443527626279,0.9849730797004361,1.0000000000000002,0.2151249931642375,6.082762530298219,5.464049219446064,47,267.59950183555543
ct_w6_i5,6,evaluation,width3,50,exact_natural,47,4.688662367566513,1.0000000000000002,0.9645257177743843,0.0,5.024399987685463,5.024399987685463,47,2281.8786891670748
ct_w6_i5,6,evaluation,width3,50,exact_regularized_full,47,4.688662367566513,0.8836317899930107,0.7934994594862028,0.5923378368790129,2.6165528031336325,5.024399987685463,47,2281.8786891670748
ct_w6_i5,6,evaluation,width3,50,exact_diagonal,47,4.688662367566513,0.37580367739089854,0.2889347636702763,0.92767096090337,2.1014627130622117,5.024399987685463,47,2281.8786891670748
ct_w6_i5,6,evaluation,width3,50,exact_two_block,47,4.688662367566513,0.3795666534180779,0.22904829547624891,0.9251763498432795,1.9307268387774466,5.024399987685463,47,2281.8786891670748
ct_w6_i5,6,evaluation,width3,50,exact_star,47,4.688662367566513,0.7749866552353489,0.7298465359152975,0.7112912677028981,2.253858594409565,5.024399987685463,47,2281.8786891670748
ct_w6_i5,6,evaluation,width3,50,projected_target,47,4.688662367566513,0.9645257177743843,1.0000000000000002,0.36092191123306455,6.082762530298219,5.024399987685463,47,2281.8786891670748
ct_w6_i5,6,evaluation,width3,101,exact_natural,47,4.437817959336138,0.9999999999999999,0.9824316409299114,0.0,5.394048478268651,5.394048478268651,47,708.0700147118223
ct_w6_i5,6,evaluation,width3,101,exact_regularized_full,47,4.437817959336138,0.9032925404753771,0.8571615326229193,0.5736139224559641,2.818621330877156,5.394048478268651,47,708.0700147118223
ct_w6_i5,6,evaluation,width3,101,exact_diagonal,47,4.437817959336138,0.30964223265642354,0.28726054128393036,0.9592214613818831,2.352185788907047,5.394048478268651,47,708.0700147118223
ct_w6_i5,6,evaluation,width3,101,exact_two_block,47,4.437817959336138,0.3295275279663664,0.26520116420494316,0.944162330252539,1.7475043350382267,5.394048478268651,47,708.0700147118223
ct_w6_i5,6,evaluation,width3,101,exact_star,47,4.437817959336138,0.7985820868611526,0.794968728573773,0.6832523445345027,2.563325717437027,5.394048478268651,47,708.0700147118223
ct_w6_i5,6,evaluation,width3,101,projected_target,47,4.437817959336138,0.9824316409299114,1.0000000000000002,0.23648522430883728,6.082762530298219,5.394048478268651,47,708.0700147118223
