instance_id,instance_width,split,graph,seed,budget,success,first_success_step,minimum_gap,final_gap,final_pstar,final_dominant_probability,final_dominant_gap,final_dominant_hamming,final_dominant_local_min,final_gradient_rms,final_fisher_condition,final_fisher_rank,gradient_evaluations,iterations,mean_accepted_alpha,minimum_accepted_alpha,first_direction_cosine_exact_natural,first_direction_cosine_projected_target,final_target_beta,final_transverse_norm,initial_target_beta
ct_w3_i1,3,calibration,chain,0,200,0,,1.0000000000076295,1.0000000000076295,4.976036314581212e-93,0.9871062422336461,1.0,9,1,1.8145982186345963e-12,46570823314.46178,9,68,34,1.0,1.0,1.0,-0.8557420017157078,2.367425385440241,34.72123834135719,1.0653433793234621
ct_w3_i1,3,calibration,chain,19,200,0,,1.0000000000000018,1.0000000000000018,2.6864032154001166e-111,0.999991629819658,1.0,9,1,5.994275759132069e-15,918799056113.0952,12,90,45,1.0,1.0,1.0,-0.8919174107275435,2.282783255161019,40.27754021788586,0.9503465411780939
ct_w3_i1,3,calibration,chain,42,200,0,,1.0000000000195008,1.0000000000195008,5.076885792607689e-93,0.9611551725195803,1.0,9,1,4.543860793632099e-12,343623701291.01697,10,68,34,1.0,1.0,1.0,-0.8893684092982903,1.9884327596330513,35.22969979818574,0.975101121426946
ct_w3_i1,3,calibration,chain,50,200,0,,1.000000000147951,1.000000000147951,7.55566797792202e-80,0.57721325662966,1.0,11,1,3.035711123610811e-11,32831855716.55977,9,80,40,1.0,1.0,1.0,-0.8573754583402627,1.991547563554263,33.14540245021091,1.0414249909848043
ct_w3_i1,3,calibration,chain,101,200,0,,2.000000000172582,2.000000000172582,3.0207134314757283e-64,0.8654941777387926,2.0,13,1,4.750687444336041e-11,751442515051.8949,16,154,77,1.0,1.0,1.0,-0.9036191295236763,2.204279806481331,37.4328135923691,0.9973608866798054
ct_w3_i1,3,calibration,problem_tree,0,200,1,4.0,0.0923696562016012,0.0923696562016012,0.9148434839800654,0.9148434839800654,0.0,0,1,0.024076275873185272,487407732.4698467,30,10,5,1.0,1.0,1.0,0.850507188676253,2.783772040639222,6.098172575697209,1.0640812724764432
ct_w3_i1,3,calibration,problem_tree,19,200,1,6.0,0.07817719848032212,0.07817719848032212,0.9259398585611737,0.9259398585611737,0.0,0,1,0.025371771811009202,362858938438.90967,29,14,7,1.0,1.0,1.0,0.8908180845551147,3.3421148287118143,8.71205809284037,0.9325661621552664
ct_w3_i1,3,calibration,problem_tree,42,200,1,7.0,0.057779492688307954,0.057779492688307954,0.9430622305245068,0.9430622305245068,0.0,0,1,0.026212550264929097,40199755493.757095,26,16,8,1.0,1.0,1.0,0.9390675408894873,3.6048060050151074,10.154132106868543,0.9787965794372013
ct_w3_i1,3,calibration,problem_tree,50,200,1,5.0,0.0734711678174591,0.0734711678174591,0.9284635324609087,0.9284635324609087,0.0,0,1,0.03266309763012941,37970925608.324936,30,12,6,1.0,1.0,1.0,0.8777671356585884,3.0913334054072186,8.49217474100084,1.0723456396744937
ct_w3_i1,3,calibration,problem_tree,101,200,1,6.0,0.04396480405912939,0.04396480405912939,0.956919461986566,0.956919461986566,0.0,0,1,0.013963972908328695,187389544086.45224,30,14,7,1.0,1.0,1.0,0.9312972595214702,3.427960384732554,9.544718419249032,1.0496576866116425
ct_w3_i1,3,calibration,width2,0,200,1,10.0,0.054527374786456306,0.054527374786456306,0.9497073301039263,0.9497073301039263,0.0,0,1,0.032637010043633875,30068841902.257065,45,22,11,1.0,1.0,1.0,0.9833157447289704,5.9529924203335325,7.356819090180408,1.071903040542432
ct_w3_i1,3,calibration,width2,19,200,1,12.0,0.0704612261308899,0.0704612261308899,0.9308576140255219,0.9308576140255219,0.0,0,1,0.04679193770724083,47441347333.66637,45,26,13,1.0,1.0,1.0,0.9875819178574979,6.649938996706866,8.204870932636792,0.9286235674970483
ct_w3_i1,3,calibration,width2,42,200,1,9.0,0.08137797093559662,0.08137797093559662,0.9211133337938293,0.9211133337938293,0.0,0,1,0.03947148694975931,2823440985.5762944,45,20,10,1.0,1.0,1.0,0.9928636831311851,5.391500172261001,5.580244479647623,0.9656560595663073
ct_w3_i1,3,calibration,width2,50,200,1,11.0,0.05763866721021138,0.05763866721021138,0.9430520635255324,0.9430520635255324,0.0,0,1,0.06092328972891124,46244461565.85729,45,24,12,1.0,1.0,1.0,0.9842492144088845,6.210201196927903,9.269831662853896,1.0714278223018505
ct_w3_i1,3,calibration,width2,101,200,1,12.0,0.06696134112686103,0.06696134112686103,0.9335646368859312,0.9335646368859312,0.0,0,1,0.06230990364265927,19982411493.32901,45,26,13,1.0,1.0,1.0,0.9857842760268766,6.551151259041787,9.343173154607777,1.0502672546895413
ct_w3_i1,3,calibration,width3,0,200,1,11.0,0.06663441588292152,0.06663441588292152,0.934312099656592,0.934312099656592,0.0,0,1,0.05199306164940988,18365225884.49559,49,24,12,1.0,1.0,1.0,0.9999999999999999,6.5733690083744944,1.8138498611689076,1.0733690083746845
ct_w3_i1,3,calibration,width3,19,200,1,11.0,0.08107515959346223,0.08107515959346223,0.9204986992126999,0.9204986992126999,0.0,0,1,0.07157266250028337,5930269151.1938505,49,24,12,1.0,1.0,1.0,0.9999999999999999,6.442524060802675,1.9113383652569615,0.9425240608026739
ct_w3_i1,3,calibration,width3,42,200,1,10.0,0.09898132952923255,0.09898132952923255,0.902897575528703,0.902897575528703,0.0,0,1,0.05596991834516584,2172033164.659292,49,22,11,1.0,1.0,1.0,1.0,5.958222434493097,1.6351643772168325,0.9582224344930972
ct_w3_i1,3,calibration,width3,50,200,1,13.0,0.08734558734472131,0.08734558734472131,0.9130224255872782,0.9130224255872782,0.0,0,1,0.10289482580425026,24023673187.84139,49,28,14,1.0,1.0,1.0,0.9999999999999999,7.460877723449483,2.516127063237432,1.0669364504149408
ct_w3_i1,3,calibration,width3,101,200,1,14.0,0.08300056271792933,0.08300056271792933,0.9174061988614669,0.9174061988614669,0.0,0,1,0.09004122152318124,29130039533.6816,49,30,15,1.0,1.0,1.0,1.0,7.952817927211689,3.0310564665999205,1.0446737201584415
ct_w3_i2,3,evaluation,chain,0,200,0,,1.0000000000029647,1.0000000000029647,5.626871358121231e-33,0.9898620838807617,1.0,4,1,8.013130770508798e-13,657943124999.6217,12,78,39,1.0,1.0,1.0,-0.40902353161556637,2.4986285603594194,35.12305559831316,1.0426874457398723
ct_w3_i2,3,evaluation,chain,19,200,0,,2.0000000000334186,2.0000000000334186,3.806676029524646e-40,0.8309149709038735,2.0,6,1,8.550421895351987e-12,935056451258.2341,14,98,49,1.0,1.0,1.0,-0.34308658765570677,2.788116792078536,30.388244976517345,0.9665003432286984
ct_w3_i2,3,evaluation,chain,42,200,0,,1.0000000000197566,1.0000000000196891,1.1706971637145043e-96,0.9999999999803142,1.0,11,1,1.2982494921709821e-11,949173591891.9923,20,167,82,0.9908536585365854,0.25,1.0,-0.33244465543186247,4.1713192913120265,50.557038987640375,1.0086279394676254
ct_w3_i2,3,evaluation,chain,50,200,0,,2.0000000000035136,2.0000000000035136,3.8233029792425054e-74,0.9928987310019076,2.0,9,1,8.146283276059371e-13,733124440842.7883,15,78,39,1.0,1.0,1.0,-0.14677356998519006,2.933977718862664,32.58008000917341,1.0491819923900938
ct_w3_i2,3,evaluation,chain,101,200,0,,2.000000000116138,2.000000000116138,1.5475723589168705e-68,0.49183474754074574,2.0,10,1,2.914216461418156e-11,442569893784.0449,17,60,30,1.0,1.0,1.0,-0.4587279079316206,2.3560895400500246,29.826579468389628,0.9881147522374065
ct_w3_i2,3,evaluation,problem_tree,0,200,1,4.0,0.06316782780161212,0.06316782780161212,0.9414988822993157,0.9414988822993157,0.0,0,1,0.020095342799988335,18169190.753663514,31,10,5,1.0,1.0,1.0,0.8014295655571094,2.7541013016267404,5.182152144565806,1.0571881135579093
ct_w3_i2,3,evaluation,problem_tree,19,200,1,5.0,0.08169935185907029,0.08169935185907029,0.9222220471668833,0.9222220471668833,0.0,0,1,0.032929649539687994,7394711040.7866,31,12,6,1.0,1.0,1.0,0.8020604035190381,3.1094921793900054,6.265569536599937,0.9749912570658351
ct_w3_i2,3,evaluation,problem_tree,42,200,1,5.0,0.08072159139118362,0.08072159139118362,0.9214906234150481,0.9214906234150481,0.0,0,1,0.041786382112087433,465037862.51470095,31,12,6,1.0,1.0,1.0,0.8792712166011477,3.2502686459338097,5.717895610272436,1.0357562398272306
ct_w3_i2,3,evaluation,problem_tree,50,200,1,5.0,0.08483807799953347,0.08483807799953347,0.9173413662643041,0.9173413662643041,0.0,0,1,0.03725924182460655,493587843.3425923,31,12,6,1.0,1.0,1.0,0.8219413688286495,3.129659585733211,6.410912666495805,1.0452097881866982
ct_w3_i2,3,evaluation,problem_tree,101,200,1,5.0,0.05320975216614521,0.05320975216614521,0.9492808563247492,0.9492808563247492,0.0,0,1,0.016139181909323067,57874914.741011284,31,12,6,1.0,1.0,1.0,0.8535954804596898,3.0741145031282495,7.302698497373756,1.0075505606485464
ct_w3_i2,3,evaluation,width2,0,200,1,11.0,0.06175215261848699,0.06175215261848699,0.9396519096016492,0.9396519096016492,0.0,0,1,0.047997763219678254,847101738.9574919,43,24,12,1.0,1.0,1.0,0.9648925623469793,6.315719550793505,8.568386078087382,1.068563535671556
ct_w3_i2,3,evaluation,width2,19,200,0,,1.000002147890232,1.0000020973330699,2.8337740448733846e-13,0.45491774749114744,1.0,9,1,2.078678349634102e-06,813585761383.8054,41,401,200,1.0,1.0,1.0,0.9725133583072659,11.869359087556093,31.30058405324831,0.9790977398322165
ct_w3_i2,3,evaluation,width2,42,200,0,,1.0000062121644202,1.000006148375732,1.686426959459818e-11,0.3446013624193717,1.0,6,1,6.057007524702301e-06,964957122414.4269,37,401,200,1.0,1.0,1.0,0.9808498448493709,12.314305541299975,31.933947833625076,1.0215293846037163
ct_w3_i2,3,evaluation,width2,50,200,1,14.0,0.07568758528889497,0.07568758528889497,0.9251067391970601,0.9251067391970601,0.0,0,1,0.052981920267020685,28006292319.85697,43,30,15,1.0,1.0,1.0,0.9667975663676444,7.772961567913905,9.538302590891893,1.033785975747027
ct_w3_i2,3,evaluation,width2,101,200,1,13.0,0.05854167701433255,0.05854167701433255,0.9419043803790309,0.9419043803790309,0.0,0,1,0.04720191157650671,27716848536.456856,43,28,14,1.0,1.0,1.0,0.9773645614814745,7.1292163139291835,9.026578257061425,0.9796022089760934
ct_w3_i2,3,evaluation,width3,0,200,1,9.0,0.08899985702149138,0.08899985702149138,0.9130664693458801,0.9130664693458801,0.0,0,1,0.04991252589011468,429397.4512729344,47,20,10,1.0,1.0,1.0,0.9999999999999999,5.576708615661986,1.9388069768229999,1.076708615661985
ct_w3_i2,3,evaluation,width3,19,200,1,15.0,0.08344205522631043,0.08344205522631043,0.916822228955907,0.916822228955907,0.0,0,1,0.07516563235397747,94273830.46767767,47,32,16,1.0,1.0,1.0,1.0000000000000004,8.495215128947619,1.987147605632119,0.9952151289476184
ct_w3_i2,3,evaluation,width3,42,200,1,10.0,0.07666216823162131,0.07666216823162131,0.9248412494070082,0.9248412494070082,0.0,0,1,0.053983054603107115,861314.4496893084,47,22,11,1.0,1.0,1.0,1.0000000000000002,6.011251034090329,1.7781545158554992,1.0112510340903293
ct_w3_i2,3,evaluation,width3,50,200,1,12.0,0.06518483079854498,0.06518483079854498,0.9356570395704873,0.9356570395704873,0.0,0,1,0.04098351420935968,18902526.1556955,47,26,13,1.0,1.0,1.0,1.0,7.023112486349177,2.0673245780535905,1.0231124863491778
ct_w3_i2,3,evaluation,width3,101,200,1,15.0,0.06839833801983985,0.06839833801983985,0.931946811137381,0.931946811137381,0.0,0,1,0.04734587806255126,23531335.98330348,47,32,16,1.0,1.0,1.0,0.9999999999999998,8.457732268196251,2.4761052792693303,0.9577322681962521
ct_w3_i3,3,evaluation,chain,0,200,0,,2.0000000000295834,2.0000000000295834,2.0390968327304825e-85,0.8726629573960788,2.0,7,1,1.1941242965140765e-11,909965671111.2977,8,200,100,1.0,1.0,1.0,-0.8296644480128971,2.554110914142968,32.590153120354664,1.047108421848362
ct_w3_i3,3,evaluation,chain,19,200,0,,2.00000000011719,2.0000000001149587,4.46388669016345e-84,0.5061946626280696,2.0,8,1,3.469313766973322e-11,262011443692.18225,10,299,149,1.0,1.0,1.0,-0.8716440231871275,2.249443326448335,32.33791255722521,0.9619372637854843
ct_w3_i3,3,evaluation,chain,42,200,0,,2.0000000001431353,2.0000000001431353,4.8349647114483256e-85,0.6962976557579934,2.0,8,1,3.6513969981857987e-11,305210216781.39325,12,64,32,1.0,1.0,1.0,-0.8346880270997956,2.2738152346090974,30.625237958411336,1.0471447693712306
ct_w3_i3,3,evaluation,chain,50,200,0,,2.000000000231889,2.0000000002287806,2.0478574847319175e-74,0.668119388173694,2.0,8,1,6.236428641620408e-11,732255796458.082,15,379,189,1.0,1.0,1.0,-0.8300222429972952,2.6933043591460386,29.221075154139545,1.0409057795341736
ct_w3_i3,3,evaluation,chain,101,200,0,,2.0000000001127187,2.0000000001127187,5.000880920567813e-66,0.3521468299974732,2.0,8,1,2.5476720812580618e-11,148535915277.7047,14,64,32,1.0,1.0,1.0,-0.8769763272471505,2.7166431247421845,29.505659529674826,0.994539648160794
ct_w3_i3,3,evaluation,problem_tree,0,200,0,,1.0000000000643965,1.0000000000643965,1.2086861572983909e-23,0.570512643894255,1.0,6,1,1.4348906851362394e-11,450521241739.6159,15,60,30,1.0,1.0,1.0,0.9484204726430748,5.178375878749511,25.442459096279304,1.0288437860186368
ct_w3_i3,3,evaluation,problem_tree,19,200,0,,1.000000000352129,1.000000000352129,4.765036102424741e-25,0.38501602207040675,1.0,6,1,1.4859088669981267e-10,677348265686.7253,23,64,32,1.0,1.0,1.0,0.9631521216281625,4.952762596624329,29.93610184875307,1.0050576721422357
ct_w3_i3,3,evaluation,problem_tree,42,200,0,,1.0000000010784529,1.0000000010784529,5.149109458673269e-25,0.5284105092088144,1.0,6,1,2.4647460895632486e-10,360034125709.9199,23,85,42,0.9878048780487805,0.5,1.0,0.9314759459990228,5.005604741846508,28.37566738811498,1.0492821264874383
ct_w3_i3,3,evaluation,problem_tree,50,200,1,17.0,0.04503356845910034,0.04503356845910034,0.9557438359755331,0.9557438359755331,0.0,0,1,0.04219162429369164,180960114091.38214,24,36,18,1.0,1.0,1.0,0.9149095973497773,4.877522496070846,27.246031557819222,0.9980798353419911
ct_w3_i3,3,evaluation,problem_tree,101,200,0,,1.0000000002535696,1.0000000002535696,2.67453070126706e-23,0.33811222796486884,1.0,6,1,9.438672216856071e-11,544318730409.4609,22,70,35,1.0,1.0,1.0,0.9459543248161518,4.845144790932867,29.984106981971923,1.0205416339575168
ct_w3_i3,3,evaluation,width2,0,200,1,26.0,0.0616941586110471,0.0616941586110471,0.939669154000939,0.939669154000939,0.0,0,1,0.03828857592516682,368547974916.0056,36,54,27,1.0,1.0,1.0,0.9827939395054652,9.302510901190285,27.125194065890298,1.0541204359496659
ct_w3_i3,3,evaluation,width2,19,200,1,11.0,0.06253472890508327,0.06253472890508327,0.9390492308195636,0.9390492308195636,0.0,0,1,0.032866360103578615,11527943703.829714,42,24,12,1.0,1.0,1.0,0.9922443318684396,6.360886177952758,7.415182403138464,1.0296069078724743
ct_w3_i3,3,evaluation,width2,42,200,1,13.0,0.07801264083485471,0.07801264083485471,0.922576712533835,0.922576712533835,0.0,0,1,0.07528824415925169,12136578545.810442,42,28,14,1.0,1.0,1.0,0.9880059096622953,7.3645849102464,8.974846821504505,1.0516831767371304
ct_w3_i3,3,evaluation,width2,50,200,1,14.0,0.09776463442956285,0.09776463442956285,0.9023203388023254,0.9023203388023254,0.0,0,1,0.12959289652637612,31958146741.464977,42,30,15,1.0,1.0,1.0,0.9920379248311841,7.539701333161637,11.50748968137532,0.9940892509773794
ct_w3_i3,3,evaluation,width2,101,200,1,16.0,0.09971874556672589,0.09971874556672589,0.9018503582509383,0.9018503582509383,0.0,0,1,0.08320311027025164,37939987400.64057,42,34,17,1.0,1.0,1.0,0.9916083932917715,8.462020490109563,11.100755325959087,0.9847574970004823
ct_w3_i3,3,evaluation,width3,0,200,1,12.0,0.08356372695368819,0.08356372695368819,0.9166558526945581,0.9166558526945581,0.0,0,1,0.06574254966362071,2383352790.473426,47,26,13,1.0,1.0,1.0,1.0000000000000002,7.065796318058652,1.983400218063549,1.0657963180586585
ct_w3_i3,3,evaluation,width3,19,200,1,12.0,0.07859837788331525,0.07859837788331525,0.9219496177524437,0.9219496177524437,0.0,0,1,0.0667001867892626,4195861711.969738,47,26,13,1.0,1.0,1.0,1.0000000000000002,7.039919469077233,2.1097923782171817,1.0399194690772373
ct_w3_i3,3,evaluation,width3,42,200,1,11.0,0.0925733204056769,0.0925733204056769,0.9084922912244503,0.9084922912244503,0.0,0,1,0.09056862248722362,29596224.50196868,47,24,12,1.0,1.0,1.0,1.0000000000000002,6.531780660472903,1.5547875376785838,1.0317806604729036
ct_w3_i3,3,evaluation,width3,50,200,1,13.0,0.09763678374985041,0.09763678374985041,0.9027825725711894,0.9027825725711894,0.0,0,1,0.10624810900846401,7078366923.419717,47,28,14,1.0,1.0,1.0,0.9999999999999997,7.510368777688054,1.8557314701308407,1.0103687776880554
ct_w3_i3,3,evaluation,width3,101,200,1,11.0,0.0951349607464067,0.0951349607464067,0.9066181033070116,0.9066181033070116,0.0,0,1,0.0849375154687871,213918742.3616755,47,24,12,1.0,1.0,1.0,0.9999999999999994,6.469244688407397,2.340523939619124,0.9692446884073967
ct_w3_i4,3,evaluation,chain,0,200,0,,2.000000000044807,2.000000000042977,7.3994851981897e-63,0.8544360453523141,2.0,7,1,1.1814906055902972e-11,456404113441.8011,13,297,148,1.0,1.0,1.0,-0.8241815741467231,3.4365482605336255,32.47062870711253,1.0979540450359313
ct_w3_i4,3,evaluation,chain,19,200,0,,1.0000000001276366,1.0000000001276366,4.189780430002881e-73,0.6901646423736322,1.0,10,1,2.9189024737692295e-11,343595147028.3101,11,64,32,1.0,1.0,1.0,-0.8446551562423592,1.9655367915617938,31.109634569278843,0.9065539789624856
ct_w3_i4,3,evaluation,chain,42,200,0,,2.000000000112582,2.000000000112582,2.5303411554117207e-77,0.6374177759866996,2.0,11,1,2.5351704365253606e-11,496493856745.7735,13,68,34,1.0,1.0,1.0,-0.8250110514222244,3.1725725368630533,29.98369405951192,1.0100754789016886
ct_w3_i4,3,evaluation,chain,50,200,0,,2.000000000106569,2.000000000106569,5.33216969260765e-65,0.6751111081764575,2.0,8,1,2.356084286451639e-11,843521584050.9829,15,106,53,1.0,1.0,1.0,-0.7462626289623928,2.7333484207233627,31.177222296451866,1.0618316817798412
ct_w3_i4,3,evaluation,chain,101,200,0,,1.0000000001088143,1.0000000001088143,2.838201921103025e-68,0.6018344608467311,1.0,9,1,2.368621628249283e-11,896151173176.634,12,60,30,1.0,1.0,1.0,-0.8316752765841057,2.126469124584496,30.03400851071277,1.014772660399433
ct_w3_i4,3,evaluation,problem_tree,0,200,1,5.0,0.09854949932989143,0.09854949932989143,0.9139002727535083,0.9139002727535083,0.0,0,1,0.05660723797419956,80096713981.18404,31,12,6,1.0,1.0,1.0,0.8997129969209652,2.993191278736071,8.54485397786259,1.1021155749740223
ct_w3_i4,3,evaluation,problem_tree,19,200,1,7.0,0.06102337988025219,0.06102337988025219,0.9443175026646985,0.9443175026646985,0.0,0,1,0.026740856565425068,588010162071.7579,31,16,8,1.0,1.0,1.0,0.91553064581399,3.6088346250419385,9.262338316912631,0.9036002437752143
ct_w3_i4,3,evaluation,problem_tree,42,200,1,7.0,0.06681020171656726,0.06681020171656726,0.9380997834571297,0.9380997834571297,0.0,0,1,0.027506426147352374,79503173563.97803,31,16,8,1.0,1.0,1.0,0.9037967009375774,3.7083437175771365,10.480704773769546,0.9916065249173845
ct_w3_i4,3,evaluation,problem_tree,50,200,1,4.0,0.07941246261860968,0.07941246261860968,0.9266965455881302,0.9266965455881302,0.0,0,1,0.02274957643970593,28422945167.418118,31,10,5,1.0,1.0,1.0,0.9187167958676129,2.8363525276633688,5.315686906378123,1.061983828284677
ct_w3_i4,3,evaluation,problem_tree,101,200,1,6.0,0.08564926294491926,0.08564926294491926,0.9238131387381442,0.9238131387381442,0.0,0,1,0.050816186834885965,156271443261.35992,31,14,7,1.0,1.0,1.0,0.9259730533972831,3.275814465639628,9.33091210855656,1.0224815195179247
ct_w3_i4,3,evaluation,width2,0,200,1,12.0,0.08311699170962328,0.08311699170962328,0.9170892372155752,0.9170892372155752,0.0,0,1,0.09709737114247184,9438564396.002842,43,26,13,1.0,1.0,1.0,0.9818055253020203,6.804111221911935,9.324998417682083,1.1025582015010063
ct_w3_i4,3,evaluation,width2,19,200,1,19.0,0.07722703081940274,0.07722703081940274,0.9248482413803247,0.9248482413803247,0.0,0,1,0.07518521174310427,35007274931.54569,43,40,20,1.0,1.0,1.0,0.9913674062258165,9.471755396138143,16.237690301120754,0.8811480603535842
ct_w3_i4,3,evaluation,width2,42,200,0,,1.000000001715545,1.000000001715545,4.820112198244874e-12,0.28647461469723773,1.0,8,1,9.293673236114013e-10,861623391871.6714,38,125,62,1.0,1.0,1.0,0.9822001574401099,11.873167109865006,28.984542817085416,0.9969069780092484
ct_w3_i4,3,evaluation,width2,50,200,1,11.0,0.05507388585838946,0.05507388585838946,0.9451548977935249,0.9451548977935249,0.0,0,1,0.05915201674741053,2585139137.1251216,43,24,12,1.0,1.0,1.0,0.9830323681238529,6.2441643105919455,9.187109710451308,1.048866729818259
ct_w3_i4,3,evaluation,width2,101,200,1,13.0,0.0812036651446757,0.0812036651446757,0.9188662329502538,0.9188662329502538,0.0,0,1,0.09583871169514557,11943844571.929192,43,28,14,1.0,1.0,1.0,0.984184240183059,7.20154023617388,10.6922470272689,1.024148986721226
ct_w3_i4,3,evaluation,width3,0,200,1,11.0,0.09557982814292387,0.09557982814292387,0.9054169083179765,0.9054169083179765,0.0,0,1,0.08099976156127017,8634437.485101454,46,24,12,1.0,1.0,1.0,0.9999999999999996,6.597704900435212,2.009764331490989,1.097704900435215
ct_w3_i4,3,evaluation,width3,19,200,1,13.0,0.07489600078920944,0.07489600078920944,0.925419954690778,0.925419954690778,0.0,0,1,0.07620812523910848,6041573398.567444,46,28,14,1.0,1.0,1.0,1.0000000000000002,7.39816052661588,2.0120517580609545,0.8981605266158947
ct_w3_i4,3,evaluation,width3,42,200,1,15.0,0.06986783338346214,0.06986783338346214,0.9302427822585616,0.9302427822585616,0.0,0,1,0.06277989763445903,2179356946.567772,46,32,16,1.0,1.0,1.0,0.9999999999999998,8.502192417715936,1.676384862787175,1.0021924177159405
ct_w3_i4,3,evaluation,width3,50,200,1,9.0,0.0969497834354236,0.0969497834354236,0.9061744133169782,0.9061744133169782,0.0,0,1,0.0476823552948318,4692305.893414819,46,20,10,1.0,1.0,1.0,1.0,5.554559415133363,2.0832636274181,1.0545594151333624
ct_w3_i4,3,evaluation,width3,101,200,1,10.0,0.09673671606499745,0.09673671606499745,0.9052909218097165,0.9052909218097165,0.0,0,1,0.05600168139081165,4461707.663855796,46,22,11,1.0,1.0,1.0,0.9999999999999998,6.037812793926913,2.080406047918062,1.0378127939269155
ct_w3_i5,3,evaluation,chain,0,200,0,,1.0000039227681956,1.0000038376426748,3.8326111191669388e-31,0.9890361197416505,1.0,3,1,3.3582042119009466e-06,788148929623.3721,14,401,200,1.0,1.0,1.0,-0.7975129238270546,2.569719103284244,32.56077052566948,1.0853788955891048
ct_w3_i5,3,evaluation,chain,19,200,0,,1.0000000000051266,1.0000000000051266,7.106586684095282e-72,0.9999999999948697,1.0,6,1,2.2158386483039065e-12,657534154547.7853,20,213,58,0.8667216629817568,9.5367431640625e-07,1.0,-0.7805055490177837,3.0790127955952187,42.74517979848407,0.9290096308203944
ct_w3_i5,3,evaluation,chain,42,200,0,,1.0000000000003322,1.0000000000003322,1.9996528830577035e-80,0.999287896451079,1.0,8,1,8.632695711362079e-14,522472746233.2328,10,82,41,1.0,1.0,1.0,-0.7556994189636997,3.5190278924463154,35.86955988274176,1.0246840860855972
ct_w3_i5,3,evaluation,chain,50,200,0,,1.0000000001040945,1.0000000001040945,1.9280960476069315e-33,0.8151413917047049,1.0,6,1,2.4364602498362765e-11,249329698668.05948,11,62,31,1.0,1.0,1.0,-0.6776646393394442,2.8337660877760507,32.11023517005836,1.0438109044916242
ct_w3_i5,3,evaluation,chain,101,200,0,,2.0000000000207745,2.0000000000207745,1.5807171746742766e-67,0.9846393057594829,2.0,10,1,6.03014950316629e-12,240982959848.23776,17,74,37,1.0,1.0,1.0,-0.7834227477979504,3.5310572452504023,32.45897499010495,1.0238777742837148
ct_w3_i5,3,evaluation,problem_tree,0,200,1,4.0,0.07683789545946951,0.07683789545946951,0.9293799583591782,0.9293799583591782,0.0,0,1,0.023798618560660463,1412964901.2018797,31,10,5,1.0,1.0,1.0,0.8002881759315608,2.8042611900961907,5.814258210329135,1.1082674498785992
ct_w3_i5,3,evaluation,problem_tree,19,200,1,5.0,0.040854305873990526,0.040854305873990526,0.9641763423687277,0.9641763423687277,0.0,0,1,0.013164131726895673,813600845.4802645,31,12,6,1.0,1.0,1.0,0.8820190533925629,3.094044613444356,7.1858874399837465,0.9599515877394835
ct_w3_i5,3,evaluation,problem_tree,42,200,1,5.0,0.09918318659061676,0.09918318659061676,0.9057158247728119,0.9057158247728119,0.0,0,1,0.03478645876701857,84935655376.7954,31,12,6,1.0,1.0,1.0,0.8105397598611029,3.1717368892037774,6.159259379128106,1.0243068484917306
ct_w3_i5,3,evaluation,problem_tree,50,200,1,5.0,0.042455030660219606,0.042455030660219606,0.9589139308627813,0.9589139308627813,0.0,0,1,0.019296523307004047,9040654258.194025,31,12,6,1.0,1.0,1.0,0.7605464266457767,3.084861021958478,7.444858270788266,1.0499216364227937
ct_w3_i5,3,evaluation,problem_tree,101,200,1,5.0,0.09021241146202108,0.09021241146202108,0.911805232017499,0.911805232017499,0.0,0,1,0.04809662161096524,3863807786.7424397,31,12,6,1.0,1.0,1.0,0.853022515578658,3.1107848140085057,8.107543007681604,1.0274302219759175
ct_w3_i5,3,evaluation,width2,0,200,1,9.0,0.09708888642149205,0.09708888642149205,0.9035514846960246,0.9035514846960246,0.0,0,1,0.0671963054759978,15358079243.997637,41,20,10,1.0,1.0,1.0,0.9551331336642339,5.360051185981196,8.036776014663657,1.0927492740143105
ct_w3_i5,3,evaluation,width2,19,200,1,13.0,0.07769056874250069,0.07769056874250069,0.9223497500406439,0.9223497500406439,0.0,0,1,0.07798899783633931,7691670983.427246,41,28,14,1.0,1.0,1.0,0.9755489789424074,6.8030546361191995,11.370605245507292,0.9404991137821018
ct_w3_i5,3,evaluation,width2,42,200,1,11.0,0.06230389098948663,0.06230389098948663,0.9381933786857682,0.9381933786857682,0.0,0,1,0.050772681258855215,18481041464.747063,41,24,12,1.0,1.0,1.0,0.9812883553270167,6.231755414750672,9.169039366004979,1.019143370633375
ct_w3_i5,3,evaluation,width2,50,200,1,10.0,0.09289757716440583,0.09289757716440583,0.9074896013814007,0.9074896013814007,0.0,0,1,0.07705974129885744,13098528727.44855,41,22,11,1.0,1.0,1.0,0.9668350231374704,5.742695785322246,8.445674388881319,1.04578969978675
ct_w3_i5,3,evaluation,width2,101,200,1,13.0,0.0825744568226856,0.0825744568226856,0.9174584179602185,0.9174584179602185,0.0,0,1,0.09156655711193512,30902207717.997772,41,28,14,1.0,1.0,1.0,0.9720166414178577,6.862859436313747,11.323951395448155,1.0044784397461406
ct_w3_i5,3,evaluation,width3,0,200,1,10.0,0.09988167160248196,0.09988167160248196,0.9017785163180205,0.9017785163180205,0.0,0,1,0.06296473110194226,16913902.027990285,47,22,11,1.0,1.0,1.0,1.0000000000000002,6.102921507996236,1.9560811375744989,1.1029215079962364
ct_w3_i5,3,evaluation,width3,19,200,1,12.0,0.08705271638959466,0.08705271638959466,0.91399472283295,0.91399472283295,0.0,0,1,0.0624056275834337,457765713.83736855,47,26,13,1.0,1.0,1.0,1.0000000000000002,6.943733179179334,2.0026102980585216,0.9437331791793367
ct_w3_i5,3,evaluation,width3,42,200,1,13.0,0.08442130282989346,0.08442130282989346,0.9161871643308417,0.9161871643308417,0.0,0,1,0.058361989743361334,1393041792.418471,47,28,14,1.0,1.0,1.0,0.9999999999999999,7.508479926477511,1.7184716726350182,1.0084799264775137
ct_w3_i5,3,evaluation,width3,50,200,1,12.0,0.09474092018522207,0.09474092018522207,0.906005598512059,0.906005598512059,0.0,0,1,0.07866990002766674,503267898.50511557,47,26,13,1.0,1.0,1.0,1.0000000000000002,7.060661435720015,2.0676835532557725,1.0606614357200186
ct_w3_i5,3,evaluation,width3,101,200,1,19.0,0.06233361864312137,0.06233361864312137,0.9376716831293739,0.9376716831293739,0.0,0,1,0.07789062010774551,16177029970.058638,47,40,20,1.0,1.0,1.0,0.9999999999999999,10.151858856327964,4.803340472653701,1.0148624684880283
ct_w4_i1,4,calibration,chain,0,200,0,,1.0000000001680611,1.0000000001680611,8.89186587715484e-44,0.5078837394290651,1.0,6,1,4.1666558082391745e-11,934541520513.6708,11,94,47,1.0,1.0,1.0,-0.9213114015718923,2.887751885997359,30.225952949222297,1.0841816140024283
ct_w4_i1,4,calibration,chain,19,200,0,,3.0000000000874554,3.0000000000874554,1.9979436144667705e-36,0.38094761140566685,3.0,6,1,2.3722127515985896e-11,185604174134.26678,12,192,96,1.0,1.0,1.0,-0.9235608440618844,2.856746121014796,32.23753112059298,0.9633268774882239
ct_w4_i1,4,calibration,chain,42,200,0,,2.0000000000379696,2.000000000036694,8.334224699620866e-48,0.9052599854042062,2.0,6,1,1.1561645441580296e-11,502860804505.2828,11,173,86,1.0,1.0,1.0,-0.8923123571786666,3.042477376096538,31.806009033483555,1.0374945839895158
ct_w4_i1,4,calibration,chain,50,200,0,,2.0000000000271303,2.0000000000271303,2.6380784752023276e-61,0.7298224840836407,2.0,7,1,7.28505085388822e-12,686307332090.019,11,188,94,1.0,1.0,1.0,-0.7998246676316988,3.1278700603817002,28.41508831351493,1.0697496191770448
ct_w4_i1,4,calibration,chain,101,200,0,,2.000000000102176,2.000000000102176,4.221944380265659e-24,0.2896223551970547,2.0,5,1,2.6507363551701577e-11,757971900903.8057,13,72,36,1.0,1.0,1.0,-0.9127415544209073,3.0208262143778972,32.33069595302613,1.0781705460724913
ct_w4_i1,4,calibration,problem_tree,0,200,1,5.0,0.025267458491624595,0.025267458491624595,0.9836385597319701,0.9836385597319701,0.0,0,1,0.008081748395660518,405789771218.1566,31,12,6,1.0,1.0,1.0,0.8372702096649342,2.9125106884974827,8.697015040321746,1.10643159946804
ct_w4_i1,4,calibration,problem_tree,19,200,0,,1.0000000000413625,1.0000000000394245,1.8245182024446576e-17,0.9314075197620311,1.0,6,1,1.4219556278442849e-11,128844572074.24881,12,303,151,1.0,1.0,1.0,0.7800251057640619,4.780257285975863,27.21033281969864,0.959015353562589
ct_w4_i1,4,calibration,problem_tree,42,200,0,,1.0000088756390504,1.0000087699855502,9.923160491765034e-17,0.9941542781618926,1.0,6,1,6.84772930055343e-06,355257974104.14453,16,401,200,1.0,1.0,1.0,0.8435162524516959,4.4049580269136355,28.12481711696199,1.0422614500558922
ct_w4_i1,4,calibration,problem_tree,50,200,1,6.0,0.04049923558842394,0.04049923558842394,0.9627723709284535,0.9627723709284535,0.0,0,1,0.025025497418889094,19080223598.573875,30,14,7,1.0,1.0,1.0,0.8828691734671076,3.336819723272208,9.054196132465753,1.0439013122203138
ct_w4_i1,4,calibration,problem_tree,101,200,1,7.0,0.031711061240576655,0.031711061240576655,0.9776043570029835,0.9776043570029835,0.0,0,1,0.018866770585448167,45237667172.489685,29,16,8,1.0,1.0,1.0,0.8869364232738697,3.530649001525548,10.517957792251028,1.0948909085932432
ct_w4_i1,4,calibration,width2,0,200,1,14.0,0.06964440220170154,0.06964440220170154,0.9313223988146014,0.9313223988146014,0.0,0,1,0.07706495305853608,16319655641.533268,43,30,15,1.0,1.0,1.0,0.9793058603177488,7.519503037114202,11.224935286810245,1.0871747498625572
ct_w4_i1,4,calibration,width2,19,200,1,17.0,0.06394525410732221,0.06394525410732221,0.9364261193124178,0.9364261193124178,0.0,0,1,0.06713753491038067,83528245575.70226,43,36,18,1.0,1.0,1.0,0.9648732023489124,8.633557812090773,13.472093385355707,0.9567861467851244
ct_w4_i1,4,calibration,width2,42,200,1,11.0,0.058849421077587394,0.058849421077587394,0.9424294686894675,0.9424294686894675,0.0,0,1,0.05742573011425622,7369171130.760635,43,24,12,1.0,1.0,1.0,0.9738166002399399,6.266113636789103,7.734895805325416,1.0253968334841617
ct_w4_i1,4,calibration,width2,50,200,1,11.0,0.06276644408039722,0.06276644408039722,0.9377153141523867,0.9377153141523867,0.0,0,1,0.06514934972101334,23268799896.474224,43,24,12,1.0,1.0,1.0,0.9874007696942017,6.312206400072958,7.654915962597708,1.0477568157557475
ct_w4_i1,4,calibration,width2,101,200,1,12.0,0.05873322795798508,0.05873322795798508,0.941514327727281,0.941514327727281,0.0,0,1,0.05591809991647728,57875793803.63231,43,26,13,1.0,1.0,1.0,0.9866927592944432,6.663229668021772,8.838964879855215,1.084114086393311
ct_w4_i1,4,calibration,width3,0,200,1,11.0,0.07896247236244136,0.07896247236244136,0.9226670791210823,0.9226670791210823,0.0,0,1,0.06566433770034674,56642175.155118115,48,24,12,1.0,1.0,1.0,0.9967415338043606,6.521723379184718,5.097496751320775,1.0860644118943157
ct_w4_i1,4,calibration,width3,19,200,1,16.0,0.06789829470538677,0.06789829470538677,0.9327859863118299,0.9327859863118299,0.0,0,1,0.059784982716118235,3596307329.028545,48,34,17,1.0,1.0,1.0,0.9969069026052848,8.8846613996852,7.208590607007038,0.9873723515334912
ct_w4_i1,4,calibration,width3,42,200,1,9.0,0.09755045968434573,0.09755045968434573,0.9091343240895093,0.9091343240895093,0.0,0,1,0.06397715078985099,3171145.20979998,48,20,10,1.0,1.0,1.0,0.9972422580360101,5.484264607532479,3.7941457798556897,1.0243978497329669
ct_w4_i1,4,calibration,width3,50,200,1,11.0,0.0913817449642309,0.0913817449642309,0.9107214356535229,0.9107214356535229,0.0,0,1,0.08180942604669098,51810994.17475969,48,24,12,1.0,1.0,1.0,0.9963264375702459,6.482895947055779,4.651312334431035,1.0426904105497752
ct_w4_i1,4,calibration,width3,101,200,1,10.0,0.08537489867616799,0.08537489867616799,0.9175384721716848,0.9175384721716848,0.0,0,1,0.04993805997205614,141780407.39083084,48,22,11,1.0,1.0,1.0,0.9965025003832033,6.029080238033386,4.627258095879567,1.080310242314151
ct_w4_i2,4,evaluation,chain,0,200,0,,2.000000000063654,2.000000000063654,4.949002185041999e-73,0.5227346533109786,2.0,6,1,1.753221441433458e-11,575300507578.6466,11,60,30,1.0,1.0,1.0,-0.6182355370151283,3.625074518699386,26.775844746395077,1.0734568980615968
ct_w4_i2,4,evaluation,chain,19,200,0,,1.0000000000025207,1.0000000000025207,9.490891823911217e-121,0.9999999999975799,1.0,10,1,1.4518813666550935e-12,538296487692.7629,20,133,66,1.0,1.0,1.0,-0.6025171200259181,3.859463550526118,40.24939271872924,0.955069852210789
ct_w4_i2,4,evaluation,chain,42,200,0,,1.0000000000000888,1.0000000000000888,1.2292693061540977e-100,0.9998844480331603,1.0,9,1,2.4287123751023255e-14,936153624253.7401,14,82,41,1.0,1.0,1.0,-0.6830790194761756,3.905039738423744,34.976549410821356,0.9963177355600491
ct_w4_i2,4,evaluation,chain,50,200,0,,2.000000000083512,2.000000000083512,3.2838125890711686e-68,0.8430842350460795,2.0,6,1,2.197179090852248e-11,156807460805.02835,13,144,72,1.0,1.0,1.0,-0.5316370189289873,3.299314011795828,28.753748062507633,1.0613979610995325
ct_w4_i2,4,evaluation,chain,101,200,0,,2.0000000003152163,2.0000000003047607,1.7008666240320577e-80,0.6473610840711852,2.0,9,1,1.695500338317119e-10,637179046955.5708,15,401,200,1.0,1.0,1.0,-0.7053415906219125,2.1757221844672476,31.336511151391,1.0148324434791465
ct_w4_i2,4,evaluation,problem_tree,0,200,1,4.0,0.086747484376696,0.086747484376696,0.9206416587035863,0.9206416587035863,0.0,0,1,0.022174418703764538,3043122970.5808105,31,10,5,1.0,1.0,1.0,0.778798925575495,2.710315288415814,6.521813846038035,1.0948408377790406
ct_w4_i2,4,evaluation,problem_tree,19,200,1,10.0,0.06904255627569711,0.06904255627569711,0.9330635252097771,0.9330635252097771,0.0,0,1,0.03751396406757487,461651683126.5649,27,22,11,1.0,1.0,1.0,0.8309914272366596,4.393969652138073,12.803405580565824,0.9783070920706647
ct_w4_i2,4,evaluation,problem_tree,42,200,1,8.0,0.06132654771584889,0.06132654771584889,0.940575784900884,0.940575784900884,0.0,0,1,0.030931895933014195,470656666823.6703,28,18,9,1.0,1.0,1.0,0.6985864355894662,3.8563566561149356,11.536759127121524,0.9989788887570525
ct_w4_i2,4,evaluation,problem_tree,50,200,1,5.0,0.07608041987295877,0.07608041987295877,0.9272489043043693,0.9272489043043693,0.0,0,1,0.024329027712308614,671359137.675327,31,12,6,1.0,1.0,1.0,0.7383703199396472,3.0523103565026077,7.788103290307082,1.0235138028208204
ct_w4_i2,4,evaluation,problem_tree,101,200,1,5.0,0.0666811737714319,0.0666811737714319,0.9362983985318372,0.9362983985318372,0.0,0,1,0.01870780805056147,1834267708.4682508,31,12,6,1.0,1.0,1.0,0.8036822129700091,3.067677630582899,7.811063592480866,1.0289962088537687
ct_w4_i2,4,evaluation,width2,0,200,1,9.0,0.08082987239429507,0.08082987239429507,0.9231485510243576,0.9231485510243576,0.0,0,1,0.038935724959035155,21268543162.334335,44,20,10,1.0,1.0,1.0,0.9822818605480327,5.481255093926911,6.400534737667637,1.1014975683106116
ct_w4_i2,4,evaluation,width2,19,200,0,,1.0000000006335483,1.000000000632788,4.958705432953703e-11,0.4894835590834125,1.0,4,1,2.2358749860257584e-10,873022346671.8406,31,225,112,1.0,1.0,1.0,0.9853317925349792,9.386756078263321,23.12308112958922,0.9732149265071671
ct_w4_i2,4,evaluation,width2,42,200,1,12.0,0.0975116181216844,0.0975116181216844,0.9060327040449175,0.9060327040449175,0.0,0,1,0.050187740476454704,1784810897.9625313,44,26,13,1.0,1.0,1.0,0.9817666499602772,6.800185163046012,8.153520000947832,0.9869819956916911
ct_w4_i2,4,evaluation,width2,50,200,1,11.0,0.06079462588912499,0.06079462588912499,0.9406405994662721,0.9406405994662721,0.0,0,1,0.03989858469649774,5789933628.693969,44,24,12,1.0,1.0,1.0,0.9805403303499851,6.3198722550366195,7.466575904885224,1.0261760427495603
ct_w4_i2,4,evaluation,width2,101,200,1,10.0,0.07002836339234086,0.07002836339234086,0.9323183508791258,0.9323183508791258,0.0,0,1,0.03353279863681074,19998043724.817352,44,22,11,1.0,1.0,1.0,0.983429261080687,5.849122936340098,6.8223573834863105,0.9867808170053946
ct_w4_i2,4,evaluation,width3,0,200,1,8.0,0.08575660694628162,0.08575660694628162,0.916998351914039,0.916998351914039,0.0,0,1,0.039739196390881665,3631707.3727405635,48,18,9,1.0,1.0,1.0,0.9936844797746139,5.047072371715639,4.430916624050745,1.1057451144903658
ct_w4_i2,4,evaluation,width3,19,200,1,23.0,0.05620223843777872,0.05620223843777872,0.9442982732893054,0.9442982732893054,0.0,0,1,0.03711018459524262,15766054222.497833,48,48,24,1.0,1.0,1.0,0.9937631080159812,11.414256431945615,14.156992080050829,0.9776987095102426
ct_w4_i2,4,evaluation,width3,42,200,1,11.0,0.09530651369821364,0.09530651369821364,0.9080451120388489,0.9080451120388489,0.0,0,1,0.04113979278565703,2808793.1198026743,48,24,12,1.0,1.0,1.0,0.9958448713248855,6.3760182623681905,5.888279505834735,0.9759902090265168
ct_w4_i2,4,evaluation,width3,50,200,1,17.0,0.06462458485868616,0.06462458485868616,0.9354780337709518,0.9354780337709518,0.0,0,1,0.08233134786658944,8394642612.286639,48,36,18,1.0,1.0,1.0,0.992774910784862,9.24983085899486,8.92766565999198,1.0330997238848667
ct_w4_i2,4,evaluation,width3,101,200,1,9.0,0.08773367746641014,0.08773367746641014,0.9144198251340291,0.9144198251340291,0.0,0,1,0.04020433992441834,8610549.736754311,48,20,10,1.0,1.0,1.0,0.995612132399266,5.427269258317386,5.060061540233266,0.9868220365879455
ct_w4_i3,4,evaluation,chain,0,200,0,,1.0000000000680274,1.0000000000680274,1.6579373023908724e-83,0.5036595537661734,1.0,8,1,1.6588949367849724e-11,709706496348.4331,12,64,32,1.0,1.0,1.0,-0.4860277613278152,3.6804204238812646,27.1121607821285,1.0615606256662418
ct_w4_i3,4,evaluation,chain,19,200,0,,1.0000000006420517,1.0000000006420482,1.4865334358058322e-95,0.6274385140652218,1.0,10,1,1.2155522220910605e-10,183782579759.19662,17,97,48,1.0,1.0,1.0,-0.47714887446676063,3.099907096043427,34.082859318117926,0.9270421914851074
ct_w4_i3,4,evaluation,chain,42,200,0,,1.0000000000373674,1.0000000000373674,1.3144335864685077e-89,0.7827134841969581,1.0,10,1,9.543273949318146e-12,836462643803.968,13,98,49,1.0,1.0,1.0,-0.5262608518942774,3.1930925043954685,28.568267044723353,0.9539066650271121
ct_w4_i3,4,evaluation,chain,50,200,0,,1.0000000000002913,1.0000000000002913,6.092126768799864e-132,0.9999999999997096,1.0,9,1,1.271301712327337e-13,746345120320.7113,23,129,64,1.0,1.0,1.0,-0.47027208194761744,3.320033548849109,46.10391252184913,1.0793300608957146
ct_w4_i3,4,evaluation,chain,101,200,0,,1.0000000000122498,1.0000000000121503,2.6626780290320703e-129,0.9999999999878497,1.0,10,1,6.3737958901026864e-12,440851316293.7092,23,135,67,1.0,1.0,1.0,-0.5938007760009754,3.348672407460704,45.08519107638232,0.9907661722985186
ct_w4_i3,4,evaluation,problem_tree,0,200,1,5.0,0.05619214275850304,0.05619214275850304,0.9453824108353704,0.9453824108353704,0.0,0,1,0.01546705728656784,164964677515.79456,31,12,6,1.0,1.0,1.0,0.8030505011156133,3.087786950329417,7.2829748572626825,1.0636758378881115
ct_w4_i3,4,evaluation,problem_tree,19,200,1,6.0,0.04149692757154355,0.04149692757154355,0.9593740197078442,0.9593740197078442,0.0,0,1,0.012718826639357217,394375203092.1662,31,14,7,1.0,1.0,1.0,0.895296457797792,3.282498437223865,9.257647594106285,0.9505654405752495
ct_w4_i3,4,evaluation,problem_tree,42,200,1,7.0,0.05372289219494064,0.05372289219494064,0.9477408492595789,0.9477408492595789,0.0,0,1,0.015430981396036676,687353701852.6581,31,16,8,1.0,1.0,1.0,0.8975919226502154,3.831187046162154,8.720398036315562,0.9873805163756889
ct_w4_i3,4,evaluation,problem_tree,50,200,1,6.0,0.05299719823043425,0.05299719823043425,0.9507711025972186,0.9507711025972186,0.0,0,1,0.018385544934400477,37728694196.29491,31,14,7,1.0,1.0,1.0,0.7930513555457764,3.525021857970924,7.598663208071093,1.0370620537936082
ct_w4_i3,4,evaluation,problem_tree,101,200,1,5.0,0.0780722057561789,0.0780722057561789,0.9391942548231378,0.9391942548231378,0.0,0,1,0.027228218481405997,229053977.48953372,31,12,6,1.0,1.0,1.0,0.8274779300169345,3.124189323224758,6.740073596232844,1.0185872237446216
ct_w4_i3,4,evaluation,width2,0,200,1,7.0,0.0827867054058391,0.0827867054058391,0.9195786480979298,0.9195786480979298,0.0,0,1,0.030193512362066605,128909642.51318567,41,16,8,1.0,1.0,1.0,0.9529351899239336,4.3722171057017025,6.278596082817607,1.0731663717433582
ct_w4_i3,4,evaluation,width2,19,200,1,8.0,0.08324164855778804,0.08324164855778804,0.9187474269780279,0.9187474269780279,0.0,0,1,0.030307000364638285,239370997.8642528,41,18,9,1.0,1.0,1.0,0.9729045698604305,4.796512878680827,6.3113670705851455,0.960471074217104
ct_w4_i3,4,evaluation,width2,42,200,1,11.0,0.09188491486519723,0.09188491486519723,0.9137147443484173,0.9137147443484173,0.0,0,1,0.031831810452412394,23476856520.9926,41,24,12,1.0,1.0,1.0,0.9731281763963703,6.274202106579404,7.904491733796367,0.977801409344864
ct_w4_i3,4,evaluation,width2,50,200,1,10.0,0.06025397881338712,0.06025397881338712,0.940745258247541,0.940745258247541,0.0,0,1,0.043374176189411605,11616164655.435223,41,22,11,1.0,1.0,1.0,0.9487928923245784,5.6986527362522335,8.873619775562439,1.0125636222531877
ct_w4_i3,4,evaluation,width2,101,200,1,8.0,0.07853627920402673,0.07853627920402673,0.9240532844578525,0.9240532844578525,0.0,0,1,0.03522024593659185,69737676.87319782,41,18,9,1.0,1.0,1.0,0.9557121044662288,4.756317228010121,7.379062837550456,0.9886215950788231
ct_w4_i3,4,evaluation,width3,0,200,1,8.0,0.060909850713439795,0.060909850713439795,0.9399050024691331,0.9399050024691331,0.0,0,1,0.026361561508325623,13363573.954911137,45,18,9,1.0,1.0,1.0,0.9882893923605319,5.022797062974965,3.944999560481975,1.0792252889203413
ct_w4_i3,4,evaluation,width3,19,200,1,10.0,0.07277584622551103,0.07277584622551103,0.9281309745671467,0.9281309745671467,0.0,0,1,0.037341635862813756,115074978.51374705,45,22,11,1.0,1.0,1.0,0.9920997234756906,5.899342800535552,4.223806635510081,0.9523392190891316
ct_w4_i3,4,evaluation,width3,42,200,1,13.0,0.07462551270533346,0.07462551270533346,0.9256130743330466,0.9256130743330466,0.0,0,1,0.06488304339167161,5446231931.392233,45,28,14,1.0,1.0,1.0,0.9889574395937845,7.367965966125834,6.31034595498583,0.9787161988836872
ct_w4_i3,4,evaluation,width3,50,200,1,9.0,0.07357733603187633,0.07357733603187633,0.9281369956621544,0.9281369956621544,0.0,0,1,0.04255126394075993,49523025.34748623,45,20,10,1.0,1.0,1.0,0.986483390472397,5.453365580190442,3.9740660932283736,1.013442707151146
ct_w4_i3,4,evaluation,width3,101,200,1,8.0,0.09728957564723117,0.09728957564723117,0.9061035135403995,0.9061035135403995,0.0,0,1,0.05442750146448081,5075627.519467321,45,18,9,1.0,1.0,1.0,0.9888069076370025,4.932664416109586,4.22225185338771,0.9873319607838997
ct_w4_i4,4,evaluation,chain,0,200,0,,1.0000000000006821,1.0000000000006803,2.9495233353554834e-46,0.9999999999993214,1.0,3,1,4.134127780209664e-13,552808289608.8102,14,124,61,0.9918032786885246,0.5,1.0,-0.8990354494321801,3.429924241662437,47.73655606058963,1.0808934240389674
ct_w4_i4,4,evaluation,chain,19,200,0,,2.0000002175969005,2.0000002081567256,3.470228497332871e-61,0.9778223499276306,2.0,7,1,1.8112292383123455e-07,359031107358.4753,12,401,200,1.0,1.0,1.0,-0.9129082845235381,1.8309588836610196,34.90903161581725,0.9737957032520124
ct_w4_i4,4,evaluation,chain,42,200,0,,1.0000000000233875,1.0000000000164473,3.1642331913632885e-96,0.9999999999835583,1.0,9,1,9.915590170815934e-12,150786574339.36075,17,115,57,1.0,1.0,1.0,-0.910421178609702,2.49109011598244,43.06053053427515,1.0186621569158425
ct_w4_i4,4,evaluation,chain,50,200,1,10.0,0.0963987837625897,0.0963987837625897,0.9076471172945644,0.9076471172945644,0.0,0,1,0.0417487191574451,823517880658.3643,28,22,11,1.0,1.0,1.0,-0.8657361033952138,2.285833983614443,19.991583527143142,1.0529128091831559
ct_w4_i4,4,evaluation,chain,101,200,0,,1.0000000000020055,1.0000000000020055,1.7219678670589944e-114,0.9999999999979976,1.0,9,1,1.2341639799588245e-12,848662478154.0547,18,125,61,0.9836065573770492,0.5,1.0,-0.9019984173084217,3.1417743270364054,47.72969294292541,1.0755995247822043
ct_w4_i4,4,evaluation,problem_tree,0,200,1,4.0,0.0654444390374298,0.0654444390374298,0.9379752513020833,0.9379752513020833,0.0,0,1,0.0152295256309308,6537890756.605769,31,10,5,1.0,1.0,1.0,0.7520686619925404,2.7294305028485675,6.02570120953167,1.0663609949904092
ct_w4_i4,4,evaluation,problem_tree,19,200,1,5.0,0.044397080269659384,0.044397080269659384,0.9568941174859054,0.9568941174859054,0.0,0,1,0.0107095989542708,41128106881.4623,31,12,6,1.0,1.0,1.0,0.7773834745263014,3.0866915655476426,7.487157619651304,0.9850234136952936
ct_w4_i4,4,evaluation,problem_tree,42,200,1,5.0,0.05964287146525926,0.05964287146525926,0.942779860426403,0.942779860426403,0.0,0,1,0.02338174478320016,412839312687.2214,31,12,6,1.0,1.0,1.0,0.7321409129655346,3.020915088508378,7.267002252208335,1.032057414717405
ct_w4_i4,4,evaluation,problem_tree,50,200,1,5.0,0.06287091380166032,0.06287091380166032,0.9390204234088192,0.9390204234088192,0.0,0,1,0.01712603061805038,11047200559.178078,31,12,6,1.0,1.0,1.0,0.7281677800705493,3.1008678137896037,7.378657145996622,1.0073863036623756
ct_w4_i4,4,evaluation,problem_tree,101,200,1,4.0,0.09763938550803353,0.09763938550803353,0.909105571796491,0.909105571796491,0.0,0,1,0.02421403569057552,13123891033.64356,31,10,5,1.0,1.0,1.0,0.8476579602687663,2.8227196257880074,6.682680840515324,1.1150301897992823
ct_w4_i4,4,evaluation,width2,0,200,1,7.0,0.06585379550181436,0.06585379550181436,0.9365930077500944,0.9365930077500944,0.0,0,1,0.020022765570429837,2085507766.316959,44,16,8,1.0,1.0,1.0,0.932790901329046,4.317964880623616,8.110758410396153,1.049905665102273
ct_w4_i4,4,evaluation,width2,19,200,1,7.0,0.07070779690409346,0.07070779690409346,0.9308595661910446,0.9308595661910446,0.0,0,1,0.027876314252361832,2953332758.396762,44,16,8,1.0,1.0,1.0,0.9527431751023037,4.2443533340117074,8.376056742307137,0.9776984885068334
ct_w4_i4,4,evaluation,width2,42,200,1,6.0,0.09517676373862294,0.09517676373862294,0.9143379928611122,0.9143379928611122,0.0,0,1,0.03335563552353034,178605823.0571656,44,14,7,1.0,1.0,1.0,0.926369274419555,3.8344193154991673,6.547728702048655,1.0257095203726547
ct_w4_i4,4,evaluation,width2,50,200,1,7.0,0.09097437463920421,0.09097437463920421,0.9148736560884444,0.9148736560884444,0.0,0,1,0.029370150335848257,21709875.689135388,44,16,8,1.0,1.0,1.0,0.9566716838596652,4.339087300224999,7.141460009047327,1.0321806975114887
ct_w4_i4,4,evaluation,width2,101,200,1,7.0,0.08030437050933337,0.08030437050933337,0.9225989543220754,0.9225989543220754,0.0,0,1,0.022915984696883676,14710979911.529263,44,16,8,1.0,1.0,1.0,0.9597822340069243,4.427325236345791,7.592441263318521,1.0987023134926615
ct_w4_i4,4,evaluation,width3,0,200,1,12.0,0.07850089195589582,0.07850089195589582,0.9222332676492363,0.9222332676492363,0.0,0,1,0.06858891588547886,31132400613.339603,50,26,13,1.0,1.0,1.0,0.9976980393374066,6.989515597094251,4.103299159305404,1.0524740719278358
ct_w4_i4,4,evaluation,width3,19,200,1,10.0,0.06266877169694673,0.06266877169694673,0.9390704380285563,0.9390704380285563,0.0,0,1,0.023220827577257717,44425975005.70546,50,22,11,1.0,1.0,1.0,0.9975402674750329,5.960060978124331,3.7120542002058317,0.9787294568520786
ct_w4_i4,4,evaluation,width3,42,200,1,10.0,0.0659894620012853,0.0659894620012853,0.9356143852934269,0.9356143852934269,0.0,0,1,0.04531794969703716,4947427321.013608,50,22,11,1.0,1.0,1.0,0.9973335378501214,5.989000429020138,3.1265146549416127,1.0089719196238003
ct_w4_i4,4,evaluation,width3,50,200,1,11.0,0.07099220602304257,0.07099220602304257,0.9303410572490562,0.9303410572490562,0.0,0,1,0.05709756287850777,8111528552.989386,50,24,12,1.0,1.0,1.0,0.9960667574238956,6.4909533669464246,4.627093773488353,1.0230852421785428
ct_w4_i4,4,evaluation,width3,101,200,1,9.0,0.09934156383381954,0.09934156383381954,0.9040138141498226,0.9040138141498226,0.0,0,1,0.04972832346859996,21967902669.43777,50,20,10,1.0,1.0,1.0,0.9963976264077752,5.571129494835938,4.120048064128764,1.0922247555859994
ct_w4_i5,4,evaluation,chain,0,200,0,,2.000000000101309,2.000000000101309,1.8614181381828145e-72,0.6056356412176768,2.0,9,1,2.5404142928595684e-11,747915170742.0292,14,78,39,1.0,1.0,1.0,-0.9122818474329819,2.467442851979458,31.610527274118606,1.0575001695806878
ct_w4_i5,4,evaluation,chain,19,200,0,,1.0000000000018936,1.0000000000018936,3.6775640951306585e-116,0.999999999998106,1.0,7,1,8.084357796989808e-13,715307554326.5398,17,112,55,0.990909090909091,0.5,1.0,-0.9414375298436771,4.1257679329716055,42.84268004682939,0.947749281250007
ct_w4_i5,4,evaluation,chain,42,200,0,,2.000000000027214,2.000000000027214,4.793470470111716e-74,0.9395334727570847,2.0,9,1,6.637509629400087e-12,135219968388.20996,10,68,34,1.0,1.0,1.0,-0.9258717565891432,3.148198432454763,31.3887861227897,1.0117174200180508
ct_w4_i5,4,evaluation,chain,50,200,0,,1.0000000000528857,1.0000000000528857,6.277038871378916e-23,0.8589745126964127,1.0,2,1,1.2602331413516652e-11,182927584999.51453,11,158,79,1.0,1.0,1.0,-0.900228507573011,2.2086405240055287,35.416148652527724,1.0353760400373433
ct_w4_i5,4,evaluation,chain,101,200,0,,2.0000000001718874,2.0000000001718874,2.3077953975492648e-79,0.4180873076015297,2.0,11,1,4.4914858400478004e-11,136259879907.08669,14,64,32,1.0,1.0,1.0,-0.940450544822314,2.4486464716099783,30.7696792149621,0.9965787093464411
ct_w4_i5,4,evaluation,problem_tree,0,200,1,4.0,0.08668639676620238,0.08668639676620238,0.920042436029465,0.920042436029465,0.0,0,1,0.024938251632287873,3427643742.7410975,31,10,5,1.0,1.0,1.0,0.8287888175972744,2.650918966790429,5.978027988911936,1.0301406991111697
ct_w4_i5,4,evaluation,problem_tree,19,200,1,9.0,0.07843119272505739,0.07843119272505739,0.9219677168548527,0.9219677168548527,0.0,0,1,0.03628026463229715,152775139650.15286,30,20,10,1.0,1.0,1.0,0.8488897862835606,4.056532737716686,13.266314842007743,0.9143327197032779
ct_w4_i5,4,evaluation,problem_tree,42,200,1,7.0,0.06479884749090203,0.06479884749090203,0.938083983486131,0.938083983486131,0.0,0,1,0.028707404237847383,279414231772.3722,30,16,8,1.0,1.0,1.0,0.8680020922623878,3.649553564973374,10.804131418126047,1.0274423881468997
ct_w4_i5,4,evaluation,problem_tree,50,200,1,5.0,0.06116724912264182,0.06116724912264182,0.940978823431455,0.940978823431455,0.0,0,1,0.019007745463300696,307145921500.12634,31,12,6,1.0,1.0,1.0,0.8561435563581056,3.117275321131174,7.448153192631906,1.0204140697474564
ct_w4_i5,4,evaluation,problem_tree,101,200,1,5.0,0.0456857422108623,0.0456857422108623,0.9570395066675585,0.9570395066675585,0.0,0,1,0.012805690828765552,21942198477.57567,31,12,6,1.0,1.0,1.0,0.901156130530239,3.0917977146423508,8.700201843476748,1.0260213672439629
ct_w4_i5,4,evaluation,width2,0,200,1,7.0,0.05651912240124268,0.05651912240124268,0.944716475672065,0.944716475672065,0.0,0,1,0.022389702200944304,235584658.59906822,44,16,8,1.0,1.0,1.0,0.9814552391252312,4.461696141913311,4.858083784607083,1.0408382454653693
ct_w4_i5,4,evaluation,width2,19,200,1,9.0,0.08752811329546262,0.08752811329546262,0.9148427439244509,0.9148427439244509,0.0,0,1,0.04316495972931346,706255578.918716,44,20,10,1.0,1.0,1.0,0.9864412300230926,5.309365115961962,6.2902788539902295,0.9202625880465056
ct_w4_i5,4,evaluation,width2,42,200,1,12.0,0.09524092684365293,0.09524092684365293,0.9068544849505902,0.9068544849505902,0.0,0,1,0.0573038782899868,24419638828.653885,44,26,13,1.0,1.0,1.0,0.9858952984474305,6.831911273002578,8.400166619032277,1.0335392832157568
ct_w4_i5,4,evaluation,width2,50,200,1,8.0,0.07324502964364754,0.07324502964364754,0.9290197891123597,0.9290197891123597,0.0,0,1,0.02356335788439907,75498648.2331335,44,18,9,1.0,1.0,1.0,0.9871564864863719,4.924046490898952,4.592223338087565,0.999972872494993
ct_w4_i5,4,evaluation,width2,101,200,1,8.0,0.05965497692137767,0.05965497692137767,0.9427524607778294,0.9427524607778294,0.0,0,1,0.017498460924623406,285540455.39693636,44,18,9,1.0,1.0,1.0,0.9866844615911536,4.902275097497463,5.493838050790844,0.9918648055527869
ct_w4_i5,4,evaluation,width3,0,200,1,9.0,0.07770547812245887,0.07770547812245887,0.9244230133269794,0.9244230133269794,0.0,0,1,0.03909630182174007,18447083.564482793,48,20,10,1.0,1.0,1.0,0.9960843685929784,5.495020490696999,4.46665595252453,1.0496067590582214
ct_w4_i5,4,evaluation,width3,19,200,1,15.0,0.09205607521331416,0.09205607521331416,0.908325958180216,0.908325958180216,0.0,0,1,0.08282436197492213,16119741530.635212,48,32,16,1.0,1.0,1.0,0.9958049837085796,8.250680215215198,8.074534938176347,0.9295408537326403
ct_w4_i5,4,evaluation,width3,42,200,1,22.0,0.07795932759740687,0.07795932759740687,0.9231994606595245,0.9231994606595245,0.0,0,1,0.04791720129245381,16387598459.311592,48,46,23,1.0,1.0,1.0,0.9962549541859964,11.441721557253071,7.504460257354707,1.0280552009081183
ct_w4_i5,4,evaluation,width3,50,200,1,9.0,0.09180015003657616,0.09180015003657616,0.9119447891584447,0.9119447891584447,0.0,0,1,0.0367189667525052,5950484.922204917,48,20,10,1.0,1.0,1.0,0.9980528448129468,5.4714054520571676,3.3922049816149604,0.9993032381000411
ct_w4_i5,4,evaluation,width3,101,200,1,9.0,0.08638330005560135,0.08638330005560135,0.9182929395583254,0.9182929395583254,0.0,0,1,0.03551033601138372,21193335.836775593,48,20,10,1.0,1.0,1.0,0.997160280625276,5.456472598149565,4.014446204702557,0.9908771308867105
ct_w5_i1,5,calibration,chain,0,200,0,,1.0000000001024656,1.0000000001024656,3.663264185238727e-77,0.5171409146039007,1.0,9,1,2.5512602110745464e-11,605311456196.6864,11,66,33,1.0,1.0,1.0,-0.9225704226249395,2.698656815605169,30.2741102911885,1.0664126968887393
ct_w5_i1,5,calibration,chain,19,200,0,,1.000000000008674,1.000000000008633,1.2214657996347102e-117,0.9999999999924483,1.0,7,1,2.915238261274234e-12,957338634505.5402,25,124,59,0.961864406779661,0.25,1.0,-0.931959376277411,2.8436562398381313,41.63706687984594,0.9250709975836895
ct_w5_i1,5,calibration,chain,42,200,0,,2.000000000050246,2.0000000000481055,3.0354193321905307e-81,0.8382091703458094,2.0,10,1,1.666051746290736e-11,117363632275.98572,10,305,152,1.0,1.0,1.0,-0.9109242622040632,2.7780456014333788,30.03532722336778,1.0151059069108865
ct_w5_i1,5,calibration,chain,50,200,0,,1.0000000000486438,1.0000000000486438,2.1275041013362104e-64,0.9234732853650195,1.0,6,1,1.0738182872174668e-11,848280900267.5447,13,68,34,1.0,1.0,1.0,-0.8640081977595939,3.109102747823951,31.680506541163144,1.060833365537584
ct_w5_i1,5,calibration,chain,101,200,0,,1.0000000000524132,1.0000000000524132,8.004749046281253e-71,0.8684205249846348,1.0,9,1,1.4700570845589008e-11,516536947558.8011,11,186,93,1.0,1.0,1.0,-0.9356816212888566,2.298126265749714,33.46200080722181,1.0041138263018148
ct_w5_i1,5,calibration,problem_tree,0,200,1,7.0,0.07769274106194146,0.07769274106194146,0.9249586082976966,0.9249586082976966,0.0,0,1,0.0728496938565206,855370893.7275084,31,16,8,1.0,1.0,1.0,0.597245494801486,3.3343613183614758,11.850711224911928,1.0545795436681242
ct_w5_i1,5,calibration,problem_tree,19,200,1,8.0,0.05285144997316138,0.05285144997316138,0.9478087168167154,0.9478087168167154,0.0,0,1,0.02557088604652121,1525751849.932151,31,18,9,1.0,1.0,1.0,0.7087500757876617,3.6074918057850263,13.078938352096404,0.9070982090078267
ct_w5_i1,5,calibration,problem_tree,42,200,1,7.0,0.0437220720257816,0.0437220720257816,0.9692196899241541,0.9692196899241541,0.0,0,1,0.013582321956311596,577734042.6462773,31,16,8,1.0,1.0,1.0,0.7297108118926131,3.55987248064575,9.942822608869045,0.9616794507131603
ct_w5_i1,5,calibration,problem_tree,50,200,1,8.0,0.06579181498328524,0.06579181498328524,0.9354291103918443,0.9354291103918443,0.0,0,1,0.07560396910536073,1356364623.8528333,31,18,9,1.0,1.0,1.0,0.7377401528230673,3.7404418746427406,14.448571275155022,1.0388838031340881
ct_w5_i1,5,calibration,problem_tree,101,200,1,9.0,0.05261681414742725,0.05261681414742725,0.9484887910778449,0.9484887910778449,0.0,0,1,0.06411588398410543,5517958500.54618,31,20,10,1.0,1.0,1.0,0.7452314790817532,4.0698666615515995,16.984392286812582,1.0450234489239523
ct_w5_i1,5,calibration,width2,0,200,1,13.0,0.068169324094427,0.068169324094427,0.9326621251057948,0.9326621251057948,0.0,0,1,0.07387382696255389,21647217513.398026,43,28,14,1.0,1.0,1.0,0.9449761163203004,6.886483064832059,14.347522867336878,1.0502431639207979
ct_w5_i1,5,calibration,width2,19,200,1,16.0,0.05324330182387982,0.05324330182387982,0.9476349734912871,0.9476349734912871,0.0,0,1,0.06221717902142484,25825026363.148186,43,34,17,1.0,1.0,1.0,0.9702574864132075,8.090423475747114,15.408653200840872,0.9322050532053685
ct_w5_i1,5,calibration,width2,42,200,0,,1.000000838127102,1.000000831025158,3.522726137070597e-19,0.49535393585280924,1.0,9,1,8.565231505959423e-07,718408873067.4175,34,401,200,1.0,1.0,1.0,0.9591630225640397,9.935766515865684,25.479060960580217,0.9665973156570122
ct_w5_i1,5,calibration,width2,50,200,0,,1.0000000013694965,1.000000001318119,2.6557084790053916e-17,0.5984801261488852,1.0,9,1,6.582357812657447e-10,893899579663.5626,26,401,200,1.0,1.0,1.0,0.9664569798877041,8.944100639703183,19.814130388591277,1.0331604870425242
ct_w5_i1,5,calibration,width2,101,200,1,15.0,0.09302829411213231,0.09302829411213231,0.9071550750940449,0.9071550750940449,0.0,0,1,0.11489546040408641,278821058141.8001,43,32,16,1.0,1.0,1.0,0.9584472924416186,7.742341762272499,16.134649276707794,1.0259827450237178
ct_w5_i1,5,calibration,width3,0,200,1,15.0,0.0810599511699035,0.0810599511699035,0.9191644863772859,0.9191644863772859,0.0,0,1,0.08961761681871243,5401618473.268572,48,32,16,1.0,1.0,1.0,0.9892402813449013,8.30037082591786,10.913847143038481,1.061985713079723
ct_w5_i1,5,calibration,width3,19,200,1,18.0,0.08672062559448612,0.08672062559448612,0.9133749922080833,0.9133749922080833,0.0,0,1,0.09625075851797228,18512077895.94097,48,38,19,1.0,1.0,1.0,0.9917309214051752,9.444099839501359,14.19515818657263,0.9474557131326063
ct_w5_i1,5,calibration,width3,42,200,0,,1.000000001411033,1.0000000014107027,2.031499274269598e-23,0.6076136675378934,1.0,9,1,5.235930723996381e-10,763657291105.6173,28,221,110,1.0,1.0,1.0,0.9921945064515371,11.680428445973815,19.508216856737008,0.9655282574270319
ct_w5_i1,5,calibration,width3,50,200,0,,1.000000000732717,1.000000000732717,3.976878603612396e-16,0.5343862044087613,1.0,9,1,4.4638961668114077e-10,970622926147.1768,39,87,43,0.9880952380952381,0.5,1.0,0.9916989240928316,10.242693071555788,17.416252300666518,1.0555040169064014
ct_w5_i1,5,calibration,width3,101,200,1,22.0,0.08426506271395162,0.08426506271395162,0.9157356155508898,0.9157356155508898,0.0,0,1,0.10523682384822769,277410083332.0658,47,46,23,1.0,1.0,1.0,0.9923085658713378,10.595178961438492,18.511797106196212,1.0156168483310446
ct_w5_i2,5,evaluation,chain,0,200,0,,2.0000000004197176,2.0000000004197176,3.016118054761785e-87,0.3320519882869769,2.0,11,1,8.372079543219095e-11,863596904278.3549,19,64,32,1.0,1.0,1.0,-0.8613534822745451,2.3393443219688557,34.79331255647163,1.0335170205881472
ct_w5_i2,5,evaluation,chain,19,200,0,,1.0000000000020624,1.0000000000007923,1.2150029965419545e-132,0.9999999999992049,1.0,10,1,3.549063108989891e-13,101522096990.56335,20,129,64,1.0,1.0,1.0,-0.8410198619750597,3.253557379211482,43.367890799477706,0.9597406657013262
ct_w5_i2,5,evaluation,chain,42,200,0,,1.0000000000322462,1.0000000000322462,1.9992217027681248e-78,0.9381796046712834,1.0,9,1,7.770962564545867e-12,942771942333.2396,12,62,31,1.0,1.0,1.0,-0.7995158409407949,2.8813633857590912,30.60063853597235,1.0395008905644525
ct_w5_i2,5,evaluation,chain,50,200,0,,1.000000000007299,1.0000000000071054,7.08393791928737e-131,0.9999999999928957,1.0,10,1,3.894162541526967e-12,206230113079.70444,21,111,55,1.0,1.0,1.0,-0.7308222073696692,4.108738970457498,43.726137272184175,1.0411805403242353
ct_w5_i2,5,evaluation,chain,101,200,0,,2.0000000000731504,2.0000000000731504,7.199885727412561e-84,0.5756206340732671,2.0,10,1,1.831268533307314e-11,347379900457.1626,12,98,49,1.0,1.0,1.0,-0.8672049453040592,2.827874999792663,29.02733825986334,0.976828915833347
ct_w5_i2,5,evaluation,problem_tree,0,200,1,5.0,0.0392537478774706,0.0392537478774706,0.9640101019617737,0.9640101019617737,0.0,0,1,0.014455715366453133,42176652.589454316,31,12,6,1.0,1.0,1.0,0.6898502105846632,2.403289957098799,10.579087568053724,1.0405405720411867
ct_w5_i2,5,evaluation,problem_tree,19,200,1,5.0,0.03597357265217127,0.03597357265217127,0.9663249755207828,0.9663249755207828,0.0,0,1,0.014520903498688948,91697423.95914409,31,12,6,1.0,1.0,1.0,0.8404343913245195,2.6228913458707437,9.117544465307475,1.020205850554926
ct_w5_i2,5,evaluation,problem_tree,42,200,1,7.0,0.035938177329049026,0.035938177329049026,0.9714042321611231,0.9714042321611231,0.0,0,1,0.02351714983566079,11689398242.387474,30,16,8,1.0,1.0,1.0,0.8007876535009982,3.140732188511143,14.058167031848987,1.051054715344568
ct_w5_i2,5,evaluation,problem_tree,50,200,1,8.0,0.08969091864551793,0.08969091864551793,0.9104308312433684,0.9104308312433684,0.0,0,1,0.041329587204429086,171116653481.20816,31,18,9,1.0,1.0,1.0,0.6978678616094152,3.4289651447688767,15.011806768840588,1.0030454666228386
ct_w5_i2,5,evaluation,problem_tree,101,200,1,4.0,0.08545138263321839,0.08545138263321839,0.9232940619313231,0.9232940619313231,0.0,0,1,0.030226070066328995,2332067.870398359,31,10,5,1.0,1.0,1.0,0.7661145642780414,2.204519275252448,8.628400665488774,1.011407129235317
ct_w5_i2,5,evaluation,width2,0,200,1,7.0,0.06078950741036948,0.06078950741036948,0.9446638594808324,0.9446638594808324,0.0,0,1,0.034705221089553005,6458583.575105588,44,16,8,1.0,1.0,1.0,0.9596130610500176,4.391182258914505,5.584136013709105,1.021553535399301
ct_w5_i2,5,evaluation,width2,19,200,1,11.0,0.063449562766829,0.063449562766829,0.9435861756882729,0.9435861756882729,0.0,0,1,0.05073006787323704,12544140638.00459,44,24,12,1.0,1.0,1.0,0.9657658709931353,6.227170616342647,9.191805978278854,0.9805833449631762
ct_w5_i2,5,evaluation,width2,42,200,0,,1.0000000001784937,1.0000000001784937,4.729948418671763e-13,0.7899879350871137,1.0,9,1,5.541723402747392e-11,997797321600.6348,17,88,44,1.0,1.0,1.0,0.9643672363971444,8.737341794732096,23.130612695191438,1.0362085096224647
ct_w5_i2,5,evaluation,width2,50,200,1,13.0,0.05884439638768413,0.05884439638768413,0.9412728373853873,0.9412728373853873,0.0,0,1,0.06322854080866203,120721806710.91953,44,28,14,1.0,1.0,1.0,0.9588187407451574,6.858993434273225,13.10846656671405,0.993850661733486
ct_w5_i2,5,evaluation,width2,101,200,1,12.0,0.08400608786705632,0.08400608786705632,0.916361727308883,0.916361727308883,0.0,0,1,0.08278249584123254,108201788718.56607,43,26,13,1.0,1.0,1.0,0.9641189228995851,6.532804334195845,9.874269527117086,0.9795363300169493
ct_w5_i2,5,evaluation,width3,0,200,1,7.0,0.07791974884837138,0.07791974884837138,0.9359792488736838,0.9359792488736838,0.0,0,1,0.038910920053581245,23156470.658628494,48,16,8,1.0,1.0,1.0,0.9831264955659226,4.441037903611236,4.548669548448007,1.0242981805347275
ct_w5_i2,5,evaluation,width3,19,200,1,12.0,0.08056464645097705,0.08056464645097705,0.923651458966796,0.923651458966796,0.0,0,1,0.08299467430580294,1686005942.469139,48,26,13,1.0,1.0,1.0,0.9913151792699296,6.81536070023808,8.415018983719627,0.9843742564673992
ct_w5_i2,5,evaluation,width3,42,200,1,12.0,0.06551230017824672,0.06551230017824672,0.9360772712915025,0.9360772712915025,0.0,0,1,0.07746827860990387,16309816878.214508,48,26,13,1.0,1.0,1.0,0.987834695764634,6.865780354870639,8.809838497711443,1.0328943568400268
ct_w5_i2,5,evaluation,width3,50,200,1,17.0,0.08260698584931525,0.08260698584931525,0.9175267832230074,0.9175267832230074,0.0,0,1,0.09384625476865263,213401460979.52728,47,36,18,1.0,1.0,1.0,0.9740427270371613,8.481867160410788,17.11762218224762,0.9916570826203032
ct_w5_i2,5,evaluation,width3,101,200,1,12.0,0.08807068811608154,0.08807068811608154,0.9136212412223045,0.9136212412223045,0.0,0,1,0.07962518034208138,30447089902.997147,48,26,13,1.0,1.0,1.0,0.9882447700289854,6.818275070045056,8.20104175023461,0.9705119010137735
ct_w5_i3,5,evaluation,chain,0,200,0,,1.000000000049008,1.000000000049008,3.3986982604372015e-110,0.9999999999510123,1.0,8,1,2.1213542200919754e-11,723399288689.7832,23,226,49,0.817324837859796,2.384185791015625e-07,1.0,-0.8578313384603901,2.6980558054715447,40.43794138270764,1.0521875329827797
ct_w5_i3,5,evaluation,chain,19,200,0,,1.0000000000004263,1.0000000000002718,6.18644567171346e-116,0.999999999999738,1.0,8,1,1.1156294681843733e-13,936004247013.9098,15,121,59,0.9830508474576272,0.5,1.0,-0.8624495121318363,2.5120383046230668,47.596055816768576,0.9570588347974166
ct_w5_i3,5,evaluation,chain,42,200,0,,1.0000000000008757,1.0000000000008757,1.4807981240233564e-105,0.9969656623623563,1.0,12,1,2.4223315043443877e-13,361280758725.93774,7,80,40,1.0,1.0,1.0,-0.8138685930937215,3.0516527366616857,34.42807658514559,0.9876061888925806
ct_w5_i3,5,evaluation,chain,50,200,0,,1.0000000000535572,1.0000000000535572,2.0103319756938032e-97,0.9999999999464386,1.0,7,1,2.3448382427244338e-11,715522918570.2094,17,294,56,0.8037764163953918,0.0,1.0,-0.8177520730982932,2.7978172954818197,42.281760472483995,1.0598549686864491
ct_w5_i3,5,evaluation,chain,101,200,0,,1.0000000000008775,1.000000000000325,2.7529316622479545e-113,0.9999999999996778,1.0,8,1,1.0785355916998377e-13,922009232715.1453,12,102,50,0.99,0.5,1.0,-0.8624249552653133,2.758081650162705,51.55486472438668,1.0115435212813595
ct_w5_i3,5,evaluation,problem_tree,0,200,1,6.0,0.05156812485877893,0.05156812485877893,0.9496150617506366,0.9496150617506366,0.0,0,1,0.03732042632625095,540876954492.5884,31,14,7,1.0,1.0,1.0,0.7632505630640052,3.382555751044501,10.618937920511046,1.0194995484091982
ct_w5_i3,5,evaluation,problem_tree,19,200,1,8.0,0.03287578707062444,0.03287578707062444,0.972479458474262,0.972479458474262,0.0,0,1,0.01740329478771716,105502258771.37871,30,18,9,1.0,1.0,1.0,0.9006741209165021,4.064409396119878,13.028273201738553,0.973364546238068
ct_w5_i3,5,evaluation,problem_tree,42,200,1,8.0,0.08369544006461993,0.08369544006461993,0.9172642123794921,0.9172642123794921,0.0,0,1,0.055148382543006635,143481562951.37537,29,18,9,1.0,1.0,1.0,0.8353482629963286,4.0450863830605215,11.93460069279705,0.9907696203027364
ct_w5_i3,5,evaluation,problem_tree,50,200,1,7.0,0.03180480831626298,0.03180480831626298,0.9758954682348818,0.9758954682348818,0.0,0,1,0.025395377931633396,367014915959.9167,30,16,8,1.0,1.0,1.0,0.8079232231128124,3.84273395000788,10.887458438704963,1.0468961139751014
ct_w5_i3,5,evaluation,problem_tree,101,200,1,6.0,0.05074444896013475,0.05074444896013475,0.9563359188829157,0.9563359188829157,0.0,0,1,0.024924765642839165,192548690194.26794,31,14,7,1.0,1.0,1.0,0.8577772434244781,3.519943263400263,9.987827797387265,1.0307179175872614
ct_w5_i3,5,evaluation,width2,0,200,1,7.0,0.09201598839338132,0.09201598839338132,0.9109375012850328,0.9109375012850328,0.0,0,1,0.0549874120890096,232237111.3610182,43,16,8,1.0,1.0,1.0,0.9797581882834704,4.446680983825226,4.5009120361584225,1.019799413645316
ct_w5_i3,5,evaluation,width2,19,200,1,15.0,0.07183516997031703,0.07183516997031703,0.9282341699627873,0.9282341699627873,0.0,0,1,0.08139818076556105,31103743885.65405,43,32,16,1.0,1.0,1.0,0.987505108228254,7.823515753999804,12.459846576949772,1.0003465566676715
ct_w5_i3,5,evaluation,width2,42,200,1,9.0,0.08437182659743492,0.08437182659743492,0.92055373537917,0.92055373537917,0.0,0,1,0.08233325101375238,3747542624.029846,43,20,10,1.0,1.0,1.0,0.9743950775050468,5.3224398815949705,7.382396362222619,0.9893608621967346
ct_w5_i3,5,evaluation,width2,50,200,1,7.0,0.07663521661749506,0.07663521661749506,0.9265931546094766,0.9265931546094766,0.0,0,1,0.05001232069956225,112472935.78714865,43,16,8,1.0,1.0,1.0,0.9766683140107061,4.449654889827061,4.785865124877723,1.0326528320710422
ct_w5_i3,5,evaluation,width2,101,200,1,7.0,0.0715464706617901,0.0715464706617901,0.9321764312709904,0.9321764312709904,0.0,0,1,0.057540006926688224,104401429.29601523,43,16,8,1.0,1.0,1.0,0.9714399413090581,4.431147894178178,5.657330628385786,1.033440073871559
ct_w5_i3,5,evaluation,width3,0,200,1,9.0,0.09370317050618304,0.09370317050618304,0.908111808355048,0.908111808355048,0.0,0,1,0.07001209769429156,255595976.5172317,47,20,10,1.0,1.0,1.0,0.993212024768145,5.469978873314477,4.394660528586736,1.0295252149487735
ct_w5_i3,5,evaluation,width3,19,200,1,17.0,0.06814031246703323,0.06814031246703323,0.931909616918974,0.931909616918974,0.0,0,1,0.07520283543109388,36281923926.78966,47,36,18,1.0,1.0,1.0,0.9932071278056395,8.994774485854933,12.227683959051177,0.9968818878386877
ct_w5_i3,5,evaluation,width3,42,200,1,11.0,0.0745389533743186,0.0745389533743186,0.9289376300326204,0.9289376300326204,0.0,0,1,0.07525500961543793,11965679961.491817,47,24,12,1.0,1.0,1.0,0.991288564157226,6.385212907452826,6.024003179402626,0.9792560983481692
ct_w5_i3,5,evaluation,width3,50,200,1,14.0,0.08826072755639025,0.08826072755639025,0.9121269806419458,0.9121269806419458,0.0,0,1,0.08463210954291414,15157248906.425184,47,30,15,1.0,1.0,1.0,0.9881906890596494,7.8137602729909,8.88961914047963,1.0355629331329086
ct_w5_i3,5,evaluation,width3,101,200,1,11.0,0.0663966425792406,0.0663966425792406,0.9368292385836953,0.9368292385836953,0.0,0,1,0.07588595966765747,179808398.74827817,47,24,12,1.0,1.0,1.0,0.9897199953765559,6.442991480831911,6.619556280806789,1.0425851234239187
ct_w5_i4,5,evaluation,chain,0,200,0,,1.000000000000064,1.000000000000064,1.4262857197723035e-85,0.9999178143451181,1.0,6,1,1.497464771173487e-14,65875726108.86493,9,92,46,1.0,1.0,1.0,-0.8584214914628434,2.5786205479374225,38.27973749903951,1.1157806226182911
ct_w5_i4,5,evaluation,chain,19,200,0,,1.0000000000000213,1.0000000000000213,7.276713145801053e-89,0.9999237660843502,1.0,7,1,7.509382874798362e-15,778609012927.7166,8,88,44,1.0,1.0,1.0,-0.8555383433326543,3.198593818802508,37.564250851600406,0.9501116694254804
ct_w5_i4,5,evaluation,chain,42,200,0,,1.0000000000881375,1.0000000000881375,3.1355213772110035e-82,0.5428460187952893,1.0,8,1,2.209239404697246e-11,634192805861.1564,10,74,37,1.0,1.0,1.0,-0.8423199110378711,2.7528700427117276,31.193478288046805,1.0353580865879843
ct_w5_i4,5,evaluation,chain,50,200,0,,2.000000000117497,2.000000000117497,5.876910328915076e-51,0.6558187778929125,2.0,6,1,2.7916741140604117e-11,400347592226.90436,13,82,41,1.0,1.0,1.0,-0.7712883213836604,2.3447184005728694,32.56712252851158,1.0654681393806735
ct_w5_i4,5,evaluation,chain,101,200,0,,1.0000000001109957,1.0000000001109957,1.0999016141643548e-77,0.6179958982423539,1.0,8,1,2.6862976883554723e-11,450818142098.9423,11,68,34,1.0,1.0,1.0,-0.8395125396265853,2.8811499201621316,30.64369604931799,1.0565514341980153
ct_w5_i4,5,evaluation,problem_tree,0,200,1,5.0,0.04981277567385867,0.04981277567385867,0.9526633548163296,0.9526633548163296,0.0,0,1,0.019747528418664537,311582031.09509236,31,12,6,1.0,1.0,1.0,0.5892415596723347,2.946433470947783,8.847764814156415,1.1497048051078322
ct_w5_i4,5,evaluation,problem_tree,19,200,1,6.0,0.05846671739965004,0.05846671739965004,0.9440663886159921,0.9440663886159921,0.0,0,1,0.028563615088967716,26778659000.673553,31,14,7,1.0,1.0,1.0,0.6825851185467636,3.235309452002065,9.12296719130668,0.9583771914642891
ct_w5_i4,5,evaluation,problem_tree,42,200,1,6.0,0.06741825025683745,0.06741825025683745,0.9359474958027308,0.9359474958027308,0.0,0,1,0.04532920397647664,30233320908.35853,31,14,7,1.0,1.0,1.0,0.60128764470453,3.2087099488280204,9.321366999868003,1.0149530887863254
ct_w5_i4,5,evaluation,problem_tree,50,200,1,5.0,0.05731632768238448,0.05731632768238448,0.9477549746459738,0.9477549746459738,0.0,0,1,0.0208060432611464,82376187.65261915,31,12,6,1.0,1.0,1.0,0.607961011226982,2.9041941060881773,8.317541865998628,1.0759411293431358
ct_w5_i4,5,evaluation,problem_tree,101,200,1,6.0,0.0759413888668643,0.0759413888668643,0.9264195599155294,0.9264195599155294,0.0,0,1,0.044267763546395576,119969189119.69969,31,14,7,1.0,1.0,1.0,0.6315402498646516,3.3022187980216064,9.697953104060186,1.0596872397725652
ct_w5_i4,5,evaluation,width2,0,200,1,10.0,0.0561309035523454,0.0561309035523454,0.9441847502843199,0.9441847502843199,0.0,0,1,0.051654838609138755,664217283657.9655,42,22,11,1.0,1.0,1.0,0.9464696430449441,5.443779402125602,11.800140179349446,1.1420889542598947
ct_w5_i4,5,evaluation,width2,19,200,1,18.0,0.05079584449397245,0.05079584449397245,0.9492092997735252,0.9492092997735252,0.0,0,1,0.05032281552280589,261000902807.35007,33,38,19,1.0,1.0,1.0,0.9338629447393091,6.6340772905698975,19.72464257317966,0.9518461974644572
ct_w5_i4,5,evaluation,width2,42,200,0,,1.0000000013286616,1.0000000013286616,1.239908016399929e-30,0.6162715340221745,1.0,8,1,5.195829694751498e-10,551742725125.3951,31,64,32,1.0,1.0,1.0,0.9563734494755368,7.252078794213164,24.981703608608317,0.9977669232204002
ct_w5_i4,5,evaluation,width2,50,200,1,17.0,0.03996865117904491,0.03996865117904491,0.9600317197644445,0.9600317197644445,0.0,0,1,0.05057933455538011,45223088739.109344,31,36,18,1.0,1.0,1.0,0.9610001714816556,7.009991939703998,19.42090866214811,1.0838098456915557
ct_w5_i4,5,evaluation,width2,101,200,1,18.0,0.06517157671167695,0.06517157671167695,0.9348892462695383,0.9348892462695383,0.0,0,1,0.056512985970420496,633593626325.5392,33,38,19,1.0,1.0,1.0,0.9523264189811297,6.637226289972179,20.134836052882225,1.0378709234442844
ct_w5_i4,5,evaluation,width3,0,200,1,8.0,0.09494937775113499,0.09494937775113499,0.9093298590642089,0.9093298590642089,0.0,0,1,0.05375864789432081,61435815.51199572,48,18,9,1.0,1.0,1.0,0.9911376878138624,5.100964455781313,4.1167105643941735,1.1482880261835489
ct_w5_i4,5,evaluation,width3,19,200,1,21.0,0.05093775409251933,0.05093775409251933,0.9490938972851962,0.9490938972851962,0.0,0,1,0.05114517338804038,810562309760.3452,42,44,22,1.0,1.0,1.0,0.9935599590740427,9.63623909643835,12.949528122354838,0.9612063521566997
ct_w5_i4,5,evaluation,width3,42,200,1,12.0,0.09909627063353454,0.09909627063353454,0.9032195064741807,0.9032195064741807,0.0,0,1,0.06411696594845458,1599632418.5915644,48,26,13,1.0,1.0,1.0,0.9952089888599676,6.91950292712022,5.600511426113314,0.9932940167830966
ct_w5_i4,5,evaluation,width3,50,200,1,17.0,0.050482978928195976,0.050482978928195976,0.9495312362047941,0.9495312362047941,0.0,0,1,0.05382300806656854,968371094783.5956,48,36,18,1.0,1.0,1.0,0.9905815788055916,8.973123083541918,8.1909958803118,1.0897789903822186
ct_w5_i4,5,evaluation,width3,101,200,1,14.0,0.04643170019619269,0.04643170019619269,0.9536603436161315,0.9536603436161315,0.0,0,1,0.03968290571216105,73275990375.68242,48,30,15,1.0,1.0,1.0,0.9928371845096413,7.631281891035508,6.934872118650723,1.0516451592209786
ct_w5_i5,5,evaluation,chain,0,200,0,,1.0000000000002593,1.0000000000002593,9.475491789805078e-90,0.9993543330611682,1.0,9,1,5.933344078904916e-14,251528928959.3616,10,80,40,1.0,1.0,1.0,-0.8054765329068984,3.2971440529786946,35.75667350698653,1.0177158887282105
ct_w5_i5,5,evaluation,chain,19,200,0,,1.000000000022398,1.000000000022398,2.105134562418241e-86,0.9447441511629011,1.0,10,1,5.805652658747979e-12,917770510912.897,12,72,36,1.0,1.0,1.0,-0.8209156163931772,3.302708447178488,31.390940337161563,0.9268391357985166
ct_w5_i5,5,evaluation,chain,42,200,0,,2.000000000137348,2.0000000001328484,2.891567968585325e-80,0.5514696325190751,2.0,9,1,7.763436564729365e-11,868930406674.1987,14,299,149,1.0,1.0,1.0,-0.7888903644901757,1.9889889142849668,32.237916522411034,1.0026050462275273
ct_w5_i5,5,evaluation,chain,50,200,0,,3.0000000000805844,3.000000000079277,3.8666515097818447e-69,0.48079635013300714,3.0,8,1,2.4787989431244258e-11,835223321873.4105,12,243,121,1.0,1.0,1.0,-0.7799226701593802,3.41164811740102,32.565786113206066,1.0268283386699146
ct_w5_i5,5,evaluation,chain,101,200,0,,1.0000000000752092,1.0000000000276632,3.743578601918214e-112,0.9999999999723341,1.0,12,1,1.7095074994806483e-11,954300778072.4296,17,149,74,1.0,1.0,1.0,-0.837912379224757,4.3255144666561565,51.72265877264857,1.007954957458645
ct_w5_i5,5,evaluation,problem_tree,0,200,1,5.0,0.09544336271365772,0.09544336271365772,0.9095736748674426,0.9095736748674426,0.0,0,1,0.034473482106289165,87742632821.19894,31,12,6,1.0,1.0,1.0,0.8358564463720876,3.0253556812295193,8.02810449559066,1.0404778467792775
ct_w5_i5,5,evaluation,problem_tree,19,200,1,6.0,0.08390179509225071,0.08390179509225071,0.917705523773318,0.917705523773318,0.0,0,1,0.03376477197464524,164912693322.1778,31,14,7,1.0,1.0,1.0,0.8708945162990248,3.256059811108759,9.268374735557915,0.9389581656627995
ct_w5_i5,5,evaluation,problem_tree,42,200,1,12.0,0.06281009416633943,0.06281009416633943,0.937409823445841,0.937409823445841,0.0,0,1,0.02866407385319467,511986505227.0753,29,26,13,1.0,1.0,1.0,0.7996865460479231,4.389818796208383,21.40330736636267,1.0040078594214359
ct_w5_i5,5,evaluation,problem_tree,50,200,1,4.0,0.09001156210362105,0.09001156210362105,0.9157899395845425,0.9157899395845425,0.0,0,1,0.0292500535411866,2498494241.536798,31,10,5,1.0,1.0,1.0,0.8574732705406416,2.650713378691702,6.987542765082823,1.0445652390658136
ct_w5_i5,5,evaluation,problem_tree,101,200,1,6.0,0.0664453433541361,0.0664453433541361,0.9366726552841227,0.9366726552841227,0.0,0,1,0.02543093053847318,71184452135.0615,31,14,7,1.0,1.0,1.0,0.8657168072334295,3.409251586873636,9.805844633126776,1.057176819774956
ct_w5_i5,5,evaluation,width2,0,200,1,9.0,0.060062041907944064,0.060062041907944064,0.9439989719605311,0.9439989719605311,0.0,0,1,0.0314479200261557,1955570887.0327492,42,20,10,1.0,1.0,1.0,0.9809407858231974,5.343382141411492,6.845693173731555,1.017244169244719
ct_w5_i5,5,evaluation,width2,19,200,1,9.0,0.07801916392414832,0.07801916392414832,0.9293515061865321,0.9293515061865321,0.0,0,1,0.034760639719723166,198226466.4541138,42,20,10,1.0,1.0,1.0,0.9867520397062803,5.3298036594766955,5.93054785204818,0.9507390030326413
ct_w5_i5,5,evaluation,width2,42,200,1,20.0,0.04260232080112836,0.04260232080112836,0.9579767280793824,0.9579767280793824,0.0,0,1,0.028071920939560544,143453899996.5267,41,42,21,1.0,1.0,1.0,0.9830784394873691,8.829210208419287,16.402390260848648,1.008967756832618
ct_w5_i5,5,evaluation,width2,50,200,1,7.0,0.0862255615491474,0.0862255615491474,0.9199343572928477,0.9199343572928477,0.0,0,1,0.033818590757472976,164976773.594314,42,16,8,1.0,1.0,1.0,0.9729132288083333,4.378952102759008,5.89288735695116,1.0185126957994992
ct_w5_i5,5,evaluation,width2,101,200,0,,1.0000000016795152,1.0000000016795152,5.025647334939235e-11,0.3864105879969118,1.0,9,1,2.541637847439919e-10,668664619671.4015,40,98,49,1.0,1.0,1.0,0.9767581412998952,9.310174391290104,22.962170354188114,1.0572550381868322
ct_w5_i5,5,evaluation,width3,0,200,1,9.0,0.06247916690049671,0.06247916690049671,0.9384551137967757,0.9384551137967757,0.0,0,1,0.04861798890516821,10375583740.172384,46,20,10,1.0,1.0,1.0,0.992248722276257,5.389848515071498,5.805558637194195,0.9997733700846222
ct_w5_i5,5,evaluation,width3,19,200,1,15.0,0.09911293738210603,0.09911293738210603,0.9009843001378469,0.9009843001378469,0.0,0,1,0.10399736438774235,6587916730.501589,46,32,16,1.0,1.0,1.0,0.9894161071080179,8.211303376610148,8.758514018388494,0.9643598716107484
ct_w5_i5,5,evaluation,width3,42,200,1,16.0,0.09331596610056714,0.09331596610056714,0.906694200345969,0.906694200345969,0.0,0,1,0.10447932692659335,213819134823.4298,45,34,17,1.0,1.0,1.0,0.988640900993841,8.28322839460448,13.642590120409396,1.0005475253364624
ct_w5_i5,5,evaluation,width3,50,200,1,10.0,0.06560803631231238,0.06560803631231238,0.9351581323572062,0.9351581323572062,0.0,0,1,0.05057139543724209,7465775183.381199,46,22,11,1.0,1.0,1.0,0.987332952799159,5.829264965004241,6.788900150571344,1.0099047971905581
ct_w5_i5,5,evaluation,width3,101,200,1,16.0,0.09748846877093342,0.09748846877093342,0.9025197596319161,0.9025197596319161,0.0,0,1,0.11464902941318852,163859747615.74112,45,34,17,1.0,1.0,1.0,0.9895388386831728,8.294921145497536,13.800715405972321,1.0427365876159518
ct_w6_i1,6,calibration,chain,0,200,0,,1.0000000002013465,1.0000000002013465,1.713594663512487e-61,0.8012999068770522,1.0,6,1,4.993659024009018e-11,811351348425.5331,13,130,65,1.0,1.0,1.0,-0.8317289463311499,2.420443877350912,32.410396937730496,1.104943277541665
ct_w6_i1,6,calibration,chain,19,200,0,,1.0000000000622435,1.0000000000595453,2.5526255579743857e-61,0.9448502781437457,1.0,7,1,2.408055122461759e-11,76514077084.26321,10,365,182,1.0,1.0,1.0,-0.8502734262688143,3.137296036895244,32.375860838074956,0.956271449003607
ct_w6_i1,6,calibration,chain,42,200,0,,1.0000000008384244,1.0000000007767493,5.131374798514476e-62,0.9602632550189885,1.0,7,1,6.910703785062594e-10,564477750674.2704,12,401,200,1.0,1.0,1.0,-0.8575126025441462,2.7598773112080663,32.580765042654996,1.0138715154928315
ct_w6_i1,6,calibration,chain,50,200,0,,2.000000000029633,2.0000000000108997,6.609143113834152e-51,0.9999999999855715,2.0,3,1,6.781493616684849e-12,333037825781.2403,13,183,91,1.0,1.0,1.0,-0.796577814668253,3.4448239630544677,47.70736913653831,1.0630346156244974
ct_w6_i1,6,calibration,chain,101,200,0,,1.0000000000030962,1.0000000000030962,2.32163764174102e-120,0.9999999999969025,1.0,9,1,1.1523189986547106e-12,614379869541.6287,18,140,59,0.9219412076271186,0.00390625,1.0,-0.8674635260514987,4.020421730174732,46.667301355603904,1.013679682551023
ct_w6_i1,6,calibration,problem_tree,0,200,1,4.0,0.02585676560100758,0.02585676560100758,0.9805546807681265,0.9805546807681265,0.0,0,1,0.008512254915473888,2165691.5311904084,31,10,5,1.0,1.0,1.0,0.38280590307914875,2.292557994011987,7.273445826470358,1.1067573902675705
ct_w6_i1,6,calibration,problem_tree,19,200,1,5.0,0.030666471556687114,0.030666471556687114,0.9770943087296722,0.9770943087296722,0.0,0,1,0.010802857811093235,2096666.6921003126,31,12,6,1.0,1.0,1.0,0.516493384440076,2.752854299734404,7.361657758021468,0.9500402938654686
ct_w6_i1,6,calibration,problem_tree,42,200,0,,1.0000000001167706,1.0000000001167706,5.59011692370131e-25,0.8727982295654473,1.0,5,1,2.4158183278596325e-11,656605062219.6825,15,50,25,1.0,1.0,1.0,0.34863439660450185,4.235551868733907,26.49354440743177,1.0208078873477886
ct_w6_i1,6,calibration,problem_tree,50,200,1,4.0,0.08478606740998806,0.08478606740998806,0.9313397967319909,0.9313397967319909,0.0,0,1,0.027886060331230474,47649.73574123254,31,10,5,1.0,1.0,1.0,0.44222226968266454,2.275921850704018,7.255377053862979,1.0293284513308905
ct_w6_i1,6,calibration,problem_tree,101,200,1,4.0,0.05321968229921481,0.05321968229921481,0.9572586765411939,0.9572586765411939,0.0,0,1,0.01920115406789526,3376920.4703953406,31,10,5,1.0,1.0,1.0,0.5035105647077477,2.416068688711179,7.389728011079558,1.0677317721749817
ct_w6_i1,6,calibration,width2,0,200,0,,1.0000000015459332,1.0000000015459332,1.7385816696472234e-30,0.5397182841978739,1.0,8,1,7.413780053114806e-10,821779216412.9473,34,96,47,0.9893617021276596,0.5,1.0,0.907083654589484,9.233051657491293,20.495017241249634,1.126784280413276
ct_w6_i1,6,calibration,width2,19,200,0,,1.0000000003095444,1.0000000003064624,8.017699815890318e-35,0.6889688435323992,1.0,8,1,1.1080007089235809e-10,444124925920.9005,23,319,159,1.0,1.0,1.0,0.9407240094930825,7.969662461724261,20.097488069991215,0.9579916702919951
ct_w6_i1,6,calibration,width2,42,200,0,,1.0000000018269883,1.0000000018269883,3.669132660674206e-31,0.2653610498966722,1.0,6,1,3.803806993697155e-10,429166935172.32056,32,87,43,0.9880952380952381,0.5,1.0,0.9489975994890706,8.583361451106995,21.175962236020496,1.0136918822289562
ct_w6_i1,6,calibration,width2,50,200,0,,1.0000000004845617,1.0000000004845617,3.343154610426079e-32,0.5762496528457421,1.0,6,1,2.611875960120046e-10,818368212517.8842,30,141,70,1.0,1.0,1.0,0.9286624984945989,9.930621238089087,26.917937430196538,1.0219141301976087
ct_w6_i1,6,calibration,width2,101,200,0,,1.0000000003062475,1.0000000003062475,5.507022952564235e-35,0.3738305566361054,1.0,7,1,1.5202113954757185e-10,667109385464.3223,27,94,47,1.0,1.0,1.0,0.9328888854286528,9.265035278717052,24.822636249031042,1.058906067299356
ct_w6_i1,6,calibration,width3,0,200,1,6.0,0.09304068149133649,0.09304068149133649,0.9093931071094749,0.9093931071094749,0.0,0,1,0.08157418392255578,3177485.282674193,48,14,7,1.0,1.0,1.0,0.985970997572014,4.045347234572229,3.787443978483511,1.100594997931173
ct_w6_i1,6,calibration,width3,19,200,1,9.0,0.0808689172915873,0.0808689172915873,0.9198032350327524,0.9198032350327524,0.0,0,1,0.07577934396258447,2018046458.1003776,48,20,10,1.0,1.0,1.0,0.9880559082682063,5.3263043550291895,5.780012294699953,0.9740778734747229
ct_w6_i1,6,calibration,width3,42,200,1,8.0,0.06669064978461137,0.06669064978461137,0.9393387525494978,0.9393387525494978,0.0,0,1,0.04709307262597875,1137197.2898404896,48,18,9,1.0,1.0,1.0,0.9904229628471761,4.955627953224899,4.245777761786684,1.0312396719572916
ct_w6_i1,6,calibration,width3,50,200,1,9.0,0.0907049223931864,0.0907049223931864,0.9107095753609632,0.9107095753609632,0.0,0,1,0.07257941365761787,82014469.90088679,48,20,10,1.0,1.0,1.0,0.9833214222345834,5.399112364004781,5.0785077699646735,0.997108795387034
ct_w6_i1,6,calibration,width3,101,200,1,8.0,0.05919887186757755,0.05919887186757755,0.9422651180465589,0.9422651180465589,0.0,0,1,0.03964332276534646,3970182.059835879,48,18,9,1.0,1.0,1.0,0.9891806562753601,4.96469125447371,4.83400502730242,1.0333908681557202
ct_w6_i2,6,evaluation,chain,0,200,0,,2.000000083351166,2.000000080406865,1.2385420655752717e-83,0.9776962149826023,2.0,9,1,7.010615164757776e-08,403532357222.3692,13,401,200,1.0,1.0,1.0,-0.6415315043447049,3.5737487154376764,35.69473795176084,1.0797216588269527
ct_w6_i2,6,evaluation,chain,19,200,0,,1.0000000000001457,1.0000000000001457,1.3379776176903014e-130,0.999999999999853,1.0,9,1,5.90996677047083e-14,651474332962.0239,17,121,58,0.9838362068965517,0.0625,1.0,-0.6741060727040884,3.5032318464836454,51.21584827379522,0.9825700718870333
ct_w6_i2,6,evaluation,chain,42,200,0,,3.000000068293957,3.0000000677085854,3.1325074513133254e-113,0.7628545350464359,3.0,10,1,7.196025730287357e-08,973162219686.26,21,401,200,1.0,1.0,1.0,-0.6680314521763656,2.3809743331015856,34.387821895016636,0.9868107029123978
ct_w6_i2,6,evaluation,chain,50,200,0,,2.0000000000809273,2.0000000000809273,1.6991340464424126e-73,0.7506358440613988,2.0,9,1,2.0791030165238727e-11,755327805863.1068,13,92,46,1.0,1.0,1.0,-0.4520414975244765,3.645674795419582,30.519688546725632,1.0453294110140856
ct_w6_i2,6,evaluation,chain,101,200,0,,2.000000057009343,2.000000056967954,9.4599500525577e-89,0.9970801670447127,2.0,9,1,5.0113932324005137e-08,631529116957.9928,15,401,200,1.0,1.0,1.0,-0.7133629266067155,3.2464545150640003,36.31981442641637,1.0013976952974504
ct_w6_i2,6,evaluation,problem_tree,0,200,1,3.0,0.08674912974566595,0.08674912974566595,0.9237316118517647,0.9237316118517647,0.0,0,1,0.027799103772068533,11435672.43781573,31,8,4,1.0,1.0,1.0,0.8040661170547267,2.3181084201212285,5.385481789999269,1.098765036468175
ct_w6_i2,6,evaluation,problem_tree,19,200,1,5.0,0.07471320595682585,0.07471320595682585,0.9310391312542108,0.9310391312542108,0.0,0,1,0.028648151028844215,1237219967.7043848,31,12,6,1.0,1.0,1.0,0.7897544564880489,2.945318997149686,8.923588650390132,1.007792398833078
ct_w6_i2,6,evaluation,problem_tree,42,200,1,6.0,0.059646313153820074,0.059646313153820074,0.9414898875355157,0.9414898875355157,0.0,0,1,0.02917154723607673,98695168866.05797,31,14,7,1.0,1.0,1.0,0.6763114230179613,3.3666124266290103,9.344965876463473,1.0027209205818115
ct_w6_i2,6,evaluation,problem_tree,50,200,1,4.0,0.06476219266221683,0.06476219266221683,0.9428848927099902,0.9428848927099902,0.0,0,1,0.02388266310893325,202658570.71573377,31,10,5,1.0,1.0,1.0,0.7414693534102414,2.5866568181167655,6.650920681373591,1.0038031403764711
ct_w6_i2,6,evaluation,problem_tree,101,200,1,4.0,0.07650453013762792,0.07650453013762792,0.9295922404762895,0.9295922404762895,0.0,0,1,0.02247190879057815,805528367.7897426,31,10,5,1.0,1.0,1.0,0.8273333909693231,2.733825051495252,6.8597627466340665,1.063194587324988
ct_w6_i2,6,evaluation,width2,0,200,1,7.0,0.06620108368371014,0.06620108368371014,0.9388241159195359,0.9388241159195359,0.0,0,1,0.026018678164690397,172283857.13550472,42,16,8,1.0,1.0,1.0,0.9698299931609594,4.462304536814765,6.087264765960039,1.0826973339745718
ct_w6_i2,6,evaluation,width2,19,200,1,19.0,0.05779369840279891,0.05779369840279891,0.9434452155818321,0.9434452155818321,0.0,0,1,0.03218725712283557,635667755043.7126,38,40,20,1.0,1.0,1.0,0.9660069099719837,8.029798125889412,19.863852068943576,0.99105889852363
ct_w6_i2,6,evaluation,width2,42,200,1,10.0,0.08036523550747887,0.08036523550747887,0.922625090604981,0.922625090604981,0.0,0,1,0.03322346477893299,1352857541.7851133,42,22,11,1.0,1.0,1.0,0.9599629754366897,5.68716296932522,9.978394305471332,0.9958165219994787
ct_w6_i2,6,evaluation,width2,50,200,1,8.0,0.05902304766837574,0.05902304766837574,0.9431564458100142,0.9431564458100142,0.0,0,1,0.026628281453001598,43968814.980901875,42,18,9,1.0,1.0,1.0,0.9510539378436764,4.795244833979536,7.026903278596562,1.01456268699807
ct_w6_i2,6,evaluation,width2,101,200,1,7.0,0.09945492564987113,0.09945492564987113,0.9050883575397786,0.9050883575397786,0.0,0,1,0.03251645303476155,136088038.98021045,42,16,8,1.0,1.0,1.0,0.9707754181636932,4.371010400909695,6.937222164958401,1.0450780979303607
ct_w6_i2,6,evaluation,width3,0,200,1,8.0,0.05632573827062615,0.05632573827062615,0.9488756260746153,0.9488756260746153,0.0,0,1,0.026999596923074687,29048032.60281853,47,18,9,1.0,1.0,1.0,0.9889538162074536,5.0139773596090595,5.17098857059239,1.079038685182987
ct_w6_i2,6,evaluation,width3,19,200,1,25.0,0.07948618666297946,0.07948618666297946,0.922714270482619,0.922714270482619,0.0,0,1,0.04535988639016415,819857735050.6724,42,52,26,1.0,1.0,1.0,0.9895090778708185,9.81469301745918,15.919737687860442,0.9839311919081907
ct_w6_i2,6,evaluation,width3,42,200,1,11.0,0.0798658848015048,0.0798658848015048,0.9224532248716467,0.9224532248716467,0.0,0,1,0.04429465942841925,352632925.5332352,47,24,12,1.0,1.0,1.0,0.9833930278330175,6.386530481743056,6.770898842795849,0.9997876974825115
ct_w6_i2,6,evaluation,width3,50,200,1,7.0,0.07660348199542177,0.07660348199542177,0.929125094598721,0.929125094598721,0.0,0,1,0.03212214981078781,631836.9911283548,47,16,8,1.0,1.0,1.0,0.9914362438731272,4.463314905408657,4.309847856052251,1.0178264892399587
ct_w6_i2,6,evaluation,width3,101,200,1,7.0,0.08440170976678019,0.08440170976678019,0.9188613876368734,0.9188613876368734,0.0,0,1,0.02416108682144728,36827843.01703525,47,16,8,1.0,1.0,1.0,0.9882436144982634,4.477631766138687,4.701557667199409,1.037296045429981
ct_w6_i3,6,evaluation,chain,0,200,0,,1.0000000000509726,1.0000000000509726,6.235940557595062e-68,0.8965408956305004,1.0,7,1,1.2425015816847557e-11,972731535245.9929,13,66,33,1.0,1.0,1.0,-0.8249445358542163,2.5070265927302557,32.99412545837217,1.067894923491469
ct_w6_i3,6,evaluation,chain,19,200,0,,1.0000000004049578,1.0000000003744915,1.6209225221819765e-82,0.9594083277629178,1.0,10,1,3.1129286087170903e-10,845841096901.6537,12,401,200,1.0,1.0,1.0,-0.8562684934210502,2.8807322111825924,30.428260899066927,0.9565512017027276
ct_w6_i3,6,evaluation,chain,42,200,0,,1.0000000000105018,1.0000000000105018,1.0372630939313818e-103,0.9830683775525649,1.0,12,1,2.633434273400466e-12,221415256993.904,9,72,36,1.0,1.0,1.0,-0.8627060720442565,2.6616938293443737,33.91018945481635,0.9829229972322854
ct_w6_i3,6,evaluation,chain,50,200,0,,2.000000000086864,2.0000000000853966,8.083649396321903e-59,0.5864582180957671,2.0,7,1,2.3162603347770638e-11,870170433944.1398,11,241,120,1.0,1.0,1.0,-0.7149734820952187,2.796728295358842,30.059199030086738,1.059679095580813
ct_w6_i3,6,evaluation,chain,101,200,0,,2.0000000000223093,2.0000000000223093,6.740262948063041e-72,0.9352342979772051,2.0,9,1,5.2126333553019875e-12,897698668853.0358,14,78,39,1.0,1.0,1.0,-0.8821098291759777,2.8934745787993874,32.149942391540414,0.9710468076105282
ct_w6_i3,6,evaluation,problem_tree,0,200,1,5.0,0.09803963103322388,0.09803963103322388,0.9102458176633703,0.9102458176633703,0.0,0,1,0.06872057232623592,62803645.70832496,31,12,6,1.0,1.0,1.0,0.4408500521001575,2.6147446373237275,9.949043341292446,1.06046561350214
ct_w6_i3,6,evaluation,problem_tree,19,200,1,6.0,0.049013011873986656,0.049013011873986656,0.9521367832932064,0.9521367832932064,0.0,0,1,0.03581151886964478,7943681.586449712,31,14,7,1.0,1.0,1.0,0.5879121724073664,2.945356491042894,10.452349937108757,0.9587657131784554
ct_w6_i3,6,evaluation,problem_tree,42,200,1,6.0,0.047590381831662754,0.047590381831662754,0.955401236093284,0.955401236093284,0.0,0,1,0.02051387940809818,28323747.252353255,31,14,7,1.0,1.0,1.0,0.4669085241355936,2.9384928056950748,9.481547000282037,0.9815294227640958
ct_w6_i3,6,evaluation,problem_tree,50,200,1,5.0,0.05398678701294912,0.05398678701294912,0.9700790699257009,0.9700790699257009,0.0,0,1,0.017270433237548545,17970699.757104084,31,12,6,1.0,1.0,1.0,0.4570801724982046,2.6479965195760045,8.311514370189702,1.0376580337478034
ct_w6_i3,6,evaluation,problem_tree,101,200,1,5.0,0.07856663011307496,0.07856663011307496,0.934987261998588,0.934987261998588,0.0,0,1,0.03139254902525779,16569433.68522029,31,12,6,1.0,1.0,1.0,0.6141807345436263,2.723404810672223,8.740647108992867,0.9931248752995815
ct_w6_i3,6,evaluation,width2,0,200,1,19.0,0.04885590219890901,0.04885590219890901,0.951574520474589,0.951574520474589,0.0,0,1,0.059698881471652636,801111526020.6317,33,40,20,1.0,1.0,1.0,0.9147845466406914,7.596731121457116,23.798623603766572,1.0652229041197374
ct_w6_i3,6,evaluation,width2,19,200,1,20.0,0.05982267981587874,0.05982267981587874,0.9414520850182119,0.9414520850182119,0.0,0,1,0.07051109941103413,533780158815.7788,37,42,21,1.0,1.0,1.0,0.8949147725724113,8.369712761194847,22.681867868930023,0.9557848139819658
ct_w6_i3,6,evaluation,width2,42,200,0,,1.0000000009531824,1.0000000009531824,1.3796651128986343e-18,0.5993547595327493,1.0,12,1,1.594215238749805e-10,998820074204.8463,19,78,39,1.0,1.0,1.0,0.8994957878116429,8.421524479900128,24.623515008399288,0.9645699976397404
ct_w6_i3,6,evaluation,width2,50,200,1,32.0,0.06430210921408985,0.06430210921408985,0.9371399654182416,0.9371399654182416,0.0,0,1,0.06753999562543764,76053986714.92104,40,66,33,1.0,1.0,1.0,0.8520444689203458,12.172090801531045,34.00278227570553,1.0468368374338402
ct_w6_i3,6,evaluation,width2,101,200,0,,1.000001749967005,1.0000017006712554,1.6654775499675424e-17,0.985715375638347,1.0,10,1,1.3458991445150828e-06,939286420158.0762,19,401,200,1.0,1.0,1.0,0.8979457809112352,9.297593710934224,25.417066621775845,0.9910701841733879
ct_w6_i3,6,evaluation,width3,0,200,1,13.0,0.08620430871983409,0.08620430871983409,0.9158508148115277,0.9158508148115277,0.0,0,1,0.09904271106445897,44549982623.30385,47,28,14,1.0,1.0,1.0,0.9775181950284573,7.129515136604266,11.52108154896946,1.0800760074351496
ct_w6_i3,6,evaluation,width3,19,200,1,19.0,0.05883001847625202,0.05883001847625202,0.9416073528747366,0.9416073528747366,0.0,0,1,0.07354800027956569,50293842499.60499,47,40,20,1.0,1.0,1.0,0.9769991119056401,9.562889528816006,15.911682730072613,0.9652169011618568
ct_w6_i3,6,evaluation,width3,42,200,1,15.0,0.06775155325839499,0.06775155325839499,0.9331199545025165,0.9331199545025165,0.0,0,1,0.09046126069306207,45325646355.75857,47,32,16,1.0,1.0,1.0,0.9756924178913564,8.019651584601728,11.595365223789099,0.9561778984894101
ct_w6_i3,6,evaluation,width3,50,200,1,12.0,0.09757186179421318,0.09757186179421318,0.9078623506219067,0.9078623506219067,0.0,0,1,0.10441500393536561,35789498629.79439,47,26,13,1.0,1.0,1.0,0.9704093510369622,6.836179779837772,7.417170926671781,1.0279354044647508
ct_w6_i3,6,evaluation,width3,101,200,1,22.0,0.09381622923972799,0.09381622923972799,0.907012450779284,0.907012450779284,0.0,0,1,0.1161785068609757,184605738458.51538,47,46,23,1.0,1.0,1.0,0.9755830279269859,10.501119212700091,19.209919505820668,0.9642052457212856
ct_w6_i4,6,evaluation,chain,0,200,0,,1.0000000000289084,1.0000000000289084,4.4201418291977276e-82,0.950076029045761,1.0,9,1,7.278713309131484e-12,916641261614.5978,13,70,35,1.0,1.0,1.0,-0.9354874039788652,2.0190979694026123,34.76235840127012,1.0471510740585446
ct_w6_i4,6,evaluation,chain,19,200,0,,1.0000000000003944,1.0000000000003944,3.568852975909178e-68,0.999201132235034,1.0,5,1,9.519788682626723e-14,59935071081.23835,9,78,39,1.0,1.0,1.0,-0.9409476260695679,2.533949512405863,36.83030750073011,0.9795118239931649
ct_w6_i4,6,evaluation,chain,42,200,0,,2.000000000005315,2.000000000005315,4.6692576090046015e-84,0.9871694565310426,2.0,7,1,1.5195326858680197e-12,932987769734.7677,12,78,39,1.0,1.0,1.0,-0.9499646466308098,2.125318551315709,36.670307555909,0.9897877321096756
ct_w6_i4,6,evaluation,chain,50,200,0,,1.00000000005795,1.00000000005795,1.2365831531995946e-52,0.8690916577059128,1.0,4,1,1.5280378831972415e-11,488461951935.61005,11,78,39,1.0,1.0,1.0,-0.8855885041646989,2.073325996477753,33.4784090078775,1.0491772795414331
ct_w6_i4,6,evaluation,chain,101,200,0,,2.000000000013644,2.0000000000129106,1.1219145312972847e-98,0.9999999999871432,2.0,10,1,3.9347011657528284e-12,910544980417.4156,21,161,80,1.0,1.0,1.0,-0.9576406735248302,2.8627718698782862,40.64562464500584,0.9953558744703503
ct_w6_i4,6,evaluation,problem_tree,0,200,1,4.0,0.0843400627029034,0.0843400627029034,0.9213376629886963,0.9213376629886963,0.0,0,1,0.025956635412956872,1304858625.3747334,31,10,5,1.0,1.0,1.0,0.8481129229442413,2.746809227013762,6.971680763515033,1.0954995891740693
ct_w6_i4,6,evaluation,problem_tree,19,200,1,7.0,0.09743201292608106,0.09743201292608106,0.9062795409722295,0.9062795409722295,0.0,0,1,0.07141088753024626,113812570126.20816,31,16,8,1.0,1.0,1.0,0.8473813709011779,3.6940272546868638,11.979627071177909,0.9958422291349159
ct_w6_i4,6,evaluation,problem_tree,42,200,1,7.0,0.06830527330831337,0.06830527330831337,0.9331050388148479,0.9331050388148479,0.0,0,1,0.03042768332034237,965325030007.1031,31,16,8,1.0,1.0,1.0,0.7667575794843354,3.622930190121908,10.98695694635536,0.978384376256205
ct_w6_i4,6,evaluation,problem_tree,50,200,1,5.0,0.09774651279730939,0.09774651279730939,0.906393073476372,0.906393073476372,0.0,0,1,0.025333753327520407,33649008294.364353,31,12,6,1.0,1.0,1.0,0.8034702114124787,3.0103401732577986,8.920708454427075,1.0430714198996711
ct_w6_i4,6,evaluation,problem_tree,101,200,1,5.0,0.06607404457508892,0.06607404457508892,0.9352681005677327,0.9352681005677327,0.0,0,1,0.024086957782766844,17996474545.027733,31,12,6,1.0,1.0,1.0,0.8669942569345068,3.0371065592302875,8.716833155378943,1.016239414871733
ct_w6_i4,6,evaluation,width2,0,200,1,5.0,0.09761315183016173,0.09761315183016173,0.9102219226118735,0.9102219226118735,0.0,0,1,0.03275868752257199,29993926.576060034,44,12,6,1.0,1.0,1.0,0.9748769704823348,3.5225634859295214,4.680827469126001,1.10468967350923
ct_w6_i4,6,evaluation,width2,19,200,1,16.0,0.08206153676805172,0.08206153676805172,0.9180446159546584,0.9180446159546584,0.0,0,1,0.09627333631218168,343464370999.6348,44,34,17,1.0,1.0,1.0,0.9730955435269808,7.983200121024435,15.764137042322192,1.0111577824310112
ct_w6_i4,6,evaluation,width2,42,200,1,11.0,0.08727745975214773,0.08727745975214773,0.9174171559856175,0.9174171559856175,0.0,0,1,0.046445932074118325,48145859774.661446,44,24,12,1.0,1.0,1.0,0.9688338795640488,6.149091210096666,9.135715267536934,0.9580470794061619
ct_w6_i4,6,evaluation,width2,50,200,1,10.0,0.09552496929554621,0.09552496929554621,0.9082711185961349,0.9082711185961349,0.0,0,1,0.06210490969910165,51107165044.51215,44,22,11,1.0,1.0,1.0,0.9713157218993028,5.7651310403854525,8.39524400504108,1.0172666507696666
ct_w6_i4,6,evaluation,width2,101,200,1,7.0,0.08602328772330381,0.08602328772330381,0.919973149754791,0.919973149754791,0.0,0,1,0.0497234428993412,190318733.92137918,44,16,8,1.0,1.0,1.0,0.9780075409562499,4.3811005214381105,6.1021175874577365,1.0046065872647325
ct_w6_i4,6,evaluation,width3,0,200,1,6.0,0.06159766200023142,0.06159766200023142,0.9411365445186415,0.9411365445186415,0.0,0,1,0.0195952624781071,8397872.003241006,48,14,7,1.0,1.0,1.0,0.989728833433952,4.054803670616886,3.9387884046633994,1.0984886357301342
ct_w6_i4,6,evaluation,width3,19,200,1,13.0,0.08906684521935126,0.08906684521935126,0.911281692980301,0.911281692980301,0.0,0,1,0.09937902139288245,40517145849.74128,48,28,14,1.0,1.0,1.0,0.9893991941034583,7.368689521132814,8.405989929967184,1.0134465670224393
ct_w6_i4,6,evaluation,width3,42,200,1,8.0,0.0781237040114906,0.0781237040114906,0.9315692579257028,0.9315692579257028,0.0,0,1,0.04505448655912813,8145299.994137875,48,18,9,1.0,1.0,1.0,0.9813256662882377,4.863583499612278,5.120079248869741,0.9677990052929409
ct_w6_i4,6,evaluation,width3,50,200,1,9.0,0.08388204568256263,0.08388204568256263,0.9195152290542734,0.9195152290542734,0.0,0,1,0.035670113303797185,130743506.25846913,48,20,10,1.0,1.0,1.0,0.988060286922288,5.4185005295967335,5.52857002328608,1.0043780289324946
ct_w6_i4,6,evaluation,width3,101,200,1,8.0,0.08903051849321919,0.08903051849321919,0.9166622055131464,0.9166622055131464,0.0,0,1,0.05666898450065266,36617552.0340886,48,18,9,1.0,1.0,1.0,0.988201679264369,4.928923862664652,4.654072750558668,0.9866930064333643
ct_w6_i5,6,evaluation,chain,0,200,0,,1.0000000000087095,1.0000000000087041,2.8834342971979023e-103,0.9999999999912972,1.0,8,1,3.142017893827435e-12,886545478449.1945,20,148,65,0.9372596153846153,0.015625,1.0,-0.8220903917433884,2.115888422194971,44.14772287154974,1.0773257488795476
ct_w6_i5,6,evaluation,chain,19,200,0,,2.0000000001073666,2.0000000001025615,4.991759553887694e-87,0.9749692600607673,2.0,10,1,8.189505954276628e-11,778414398154.6451,9,309,154,1.0,1.0,1.0,-0.8070205891495055,4.269783869335136,29.63887457227069,0.9651053608039518
ct_w6_i5,6,evaluation,chain,42,200,0,,2.000000000005958,2.000000000005958,3.026914075446156e-98,0.974790158253115,2.0,11,1,1.6309710160825375e-12,768688989403.1046,9,86,43,1.0,1.0,1.0,-0.8434668745844031,1.7695744396573825,35.89912568891827,0.9864766003622287
ct_w6_i5,6,evaluation,chain,50,200,0,,2.0000020743488705,2.0000020608482423,3.9817161040340527e-79,0.9983712077570016,2.0,9,1,1.8118268797332785e-06,207078054472.00043,13,401,200,1.0,1.0,1.0,-0.7226012667342424,2.8498811050437785,34.093171985603945,1.0795179719186854
ct_w6_i5,6,evaluation,chain,101,200,0,,1.0000000000063807,1.0000000000063807,3.8667810987517555e-98,0.9999999999937148,1.0,10,1,3.86870156939481e-12,730994561862.0317,23,126,59,0.9748411016949152,0.015625,1.0,-0.8495509206751363,2.7004399885327506,42.11128988355892,1.043851541784275
ct_w6_i5,6,evaluation,problem_tree,0,200,1,8.0,0.056122563403970815,0.056122563403970815,0.9445909579264479,0.9445909579264479,0.0,0,1,0.024827273360525204,141673915169.34573,29,18,9,1.0,1.0,1.0,0.5927205157361076,3.546525525606279,14.614206531927383,1.0510533140245577
ct_w6_i5,6,evaluation,problem_tree,19,200,1,6.0,0.062457811612985026,0.062457811612985026,0.9419922632822222,0.9419922632822222,0.0,0,1,0.019532301576226024,2093432250.8331232,30,14,7,1.0,1.0,1.0,0.7556038140226619,3.0965789381914086,10.016483371471868,0.9532053220317362
ct_w6_i5,6,evaluation,problem_tree,42,200,1,7.0,0.05045521106048945,0.05045521106048945,0.9506949526403567,0.9506949526403567,0.0,0,1,0.0163791836943651,269749712570.7886,30,16,8,1.0,1.0,1.0,0.6846946109455087,3.406343721321166,11.930599984149518,0.9934295754881215
ct_w6_i5,6,evaluation,problem_tree,50,200,1,5.0,0.04303394299069119,0.04303394299069119,0.9601886835865583,0.9601886835865583,0.0,0,1,0.013047247766645205,8162977.209504059,30,12,6,1.0,1.0,1.0,0.685852151916377,2.713230496216514,8.685550813372814,1.0639133256143463
ct_w6_i5,6,evaluation,problem_tree,101,200,1,7.0,0.041333608612792005,0.041333608612792005,0.9590197170260908,0.9590197170260908,0.0,0,1,0.020204987101412993,221107132581.43637,30,16,8,1.0,1.0,1.0,0.7985662640819804,3.5073989105709544,11.933580142137806,1.0663245182479901
ct_w6_i5,6,evaluation,width2,0,200,1,15.0,0.07880199968589885,0.07880199968589885,0.9212586781350708,0.9212586781350708,0.0,0,1,0.08448241527003854,776633456525.6736,41,32,16,1.0,1.0,1.0,0.9344702831047527,7.386321199882696,18.048646550541132,1.045579247491765
ct_w6_i5,6,evaluation,width2,19,200,1,8.0,0.08368889787360878,0.08368889787360878,0.9183314025622246,0.9183314025622246,0.0,0,1,0.05355412950486191,53636770165.20725,42,18,9,1.0,1.0,1.0,0.9372049128912696,4.6510777096653975,8.33817777767107,0.9371987333532869
ct_w6_i5,6,evaluation,width2,42,200,1,10.0,0.06137272703434071,0.06137272703434071,0.9391589027480807,0.9391589027480807,0.0,0,1,0.06003872901208119,172728244104.1886,42,22,11,1.0,1.0,1.0,0.9570824540011418,5.554279087296674,10.760648647079732,0.9776925275134751
ct_w6_i5,6,evaluation,width2,50,200,1,10.0,0.06901452111054063,0.06901452111054063,0.9318662629662358,0.9318662629662358,0.0,0,1,0.07829770039495007,101525736928.40823,42,22,11,1.0,1.0,1.0,0.9410841009282943,5.534547325703052,11.234778130241054,1.0454463033028836
ct_w6_i5,6,evaluation,width2,101,200,1,13.0,0.06800830002723579,0.06800830002723579,0.9321874101869607,0.9321874101869607,0.0,0,1,0.08774016291804507,985751831914.5479,42,28,14,1.0,1.0,1.0,0.9585348628008158,6.501394250194091,16.922989509923337,1.0477757428284025
ct_w6_i5,6,evaluation,width3,0,200,1,13.0,0.06101189011379837,0.06101189011379837,0.9395021440309685,0.9395021440309685,0.0,0,1,0.05261566350506653,34511147804.5532,47,28,14,1.0,1.0,1.0,0.9838219714775394,7.272807960270661,10.34963643028021,1.0513040021377154
ct_w6_i5,6,evaluation,width3,19,200,1,8.0,0.08087107976152907,0.08087107976152907,0.926291338404855,0.926291338404855,0.0,0,1,0.040256078357747783,33080969.76196666,47,18,9,1.0,1.0,1.0,0.978673557301425,4.8255833534347605,6.396430632598414,0.9594379024565343
ct_w6_i5,6,evaluation,width3,42,200,1,9.0,0.07037741792822949,0.07037741792822949,0.9324377734116869,0.9324377734116869,0.0,0,1,0.05213820583998256,14426639.921138339,47,20,10,1.0,1.0,1.0,0.9849730797004387,5.299945293148855,8.166625402232928,0.9843759839733474
ct_w6_i5,6,evaluation,width3,50,200,1,10.0,0.0746004828952227,0.0746004828952227,0.9349123129145082,0.9349123129145082,0.0,0,1,0.06889222332252776,484903198.8813167,47,22,11,1.0,1.0,1.0,0.9645257177743761,5.796647737831674,8.388727954954378,1.0504644525948035
ct_w6_i5,6,evaluation,width3,101,200,1,12.0,0.07603088254341017,0.07603088254341017,0.9243968927542021,0.9243968927542021,0.0,0,1,0.09514148818846689,21324519027.624367,47,26,13,1.0,1.0,1.0,0.9824316409299069,6.730937566401686,11.184979685044262,1.0531681993376563
