instance_id,instance_width,split,graph,seed,sample_budget,method,parameter_dimension,sample_rank,sample_alignment_residual,direction_cosine_exact_natural,direction_cosine_projected_target,exact_natural_cosine_projected_target,direction_relative_error_exact_natural,exact_natural_norm,direction_norm,initial_gap
ct_w3_i1,3,calibration,chain,0,256,sampled_adam,31,25,2.0403168184177938,0.5901669712829022,-0.44580926650370184,-0.8557420017524692,0.980257132669112,3.1027533155401597,0.1058300475953395,9.747976691316858
ct_w3_i1,3,calibration,chain,0,256,sampled_diagonal_fisher,31,25,2.0403168184177938,0.7622990762954541,-0.5587139143864484,-0.8557420017524692,0.6666863266076952,3.1027533155401597,2.8613807855649003,9.747976691316858
ct_w3_i1,3,calibration,chain,0,256,sampled_two_block_fisher,31,25,2.0403168184177938,0.8271856839735606,-0.6353575012592894,-0.8557420017524692,0.5699060380440026,3.1027533155401597,2.8613807855649,9.747976691316858
ct_w3_i1,3,calibration,chain,0,256,sampled_star_fisher,31,25,2.0403168184177938,0.5626662214064797,-0.3256337670508067,-0.8557420017524692,0.8913903768833977,3.1027533155401597,2.7803400049741733,9.747976691316858
ct_w3_i1,3,calibration,chain,0,256,sampled_full_fisher,31,25,2.0403168184177938,0.8770754007195163,-0.6589618388778631,-0.8557420017524692,0.48246823885605045,3.1027533155401597,2.861380785564899,9.747976691316858
ct_w3_i1,3,calibration,chain,0,256,protected_ray_star,31,25,2.0403168184177938,0.8816410044700124,-0.9806981695552083,-0.8557420017524692,0.4755594379068997,3.1027533155401597,2.917697691699238,9.747976691316858
ct_w3_i1,3,calibration,chain,19,256,sampled_adam,31,24,1.9090500215648292,0.6910426411022996,-0.5806108814135805,-0.891917410737403,0.9760360709182347,3.167396781390059,0.11135527681039717,9.997657894342504
ct_w3_i1,3,calibration,chain,19,256,sampled_diagonal_fisher,31,24,1.9090500215648292,0.7727912034167694,-0.6940911156491573,-0.891917410737403,0.6479573012137279,3.167396781390059,2.8613807855648994,9.997657894342504
ct_w3_i1,3,calibration,chain,19,256,sampled_two_block_fisher,31,24,1.9090500215648292,0.8247743340145155,-0.8032178689455722,-0.891917410737403,0.5709001981320515,3.167396781390059,2.8613807855648985,9.997657894342504
ct_w3_i1,3,calibration,chain,19,256,sampled_star_fisher,31,24,1.9090500215648292,0.3523734769837375,-0.14072267215447676,-0.891917410737403,1.0860236380719703,3.167396781390059,2.8613807855649,9.997657894342504
ct_w3_i1,3,calibration,chain,19,256,sampled_full_fisher,31,24,1.9090500215648292,0.8414696659770516,-0.7324959981314799,-0.891917410737403,0.5411790443359575,3.167396781390059,2.5678505559733336,9.997657894342504
ct_w3_i1,3,calibration,chain,19,256,protected_ray_star,31,24,1.9090500215648292,0.906638483876866,-0.979669463253111,-0.891917410737403,0.4221927792850866,3.167396781390059,2.9207614332117067,9.997657894342504
ct_w3_i1,3,calibration,chain,42,256,sampled_adam,31,28,1.9676543297814701,0.6605296124624607,-0.580610934443619,-0.8893684093000148,0.977881480359701,3.2760936830708136,0.11135528029108606,9.975993077622542
ct_w3_i1,3,calibration,chain,42,256,sampled_diagonal_fisher,31,28,1.9676543297814701,0.7813223603072442,-0.6606034415254001,-0.8893684093000148,0.6308850460083086,3.2760936830708136,2.8613807855648994,9.975993077622542
ct_w3_i1,3,calibration,chain,42,256,sampled_two_block_fisher,31,28,1.9676543297814701,0.8051336208868912,-0.650673776751391,-0.8893684093000148,0.5970107550629169,3.2760936830708136,2.8613807855649,9.975993077622542
ct_w3_i1,3,calibration,chain,42,256,sampled_star_fisher,31,28,1.9676543297814701,0.391755372218433,-0.1531385569943736,-0.8893684093000148,1.0385187542236418,3.2760936830708136,2.861380785564899,9.975993077622542
ct_w3_i1,3,calibration,chain,42,256,sampled_full_fisher,31,28,1.9676543297814701,0.4302261377605005,-0.24083885787571704,-0.8893684093000148,1.0056438320688266,3.2760936830708136,2.8613807855648994,9.975993077622542
ct_w3_i1,3,calibration,chain,42,256,protected_ray_star,31,28,1.9676543297814701,0.9089733990825555,-0.9801017611909758,-0.8893684093000148,0.41723521689657955,3.2760936830708136,2.919473159693007,9.975993077622542
ct_w3_i1,3,calibration,chain,50,256,sampled_adam,31,25,1.9165853205946057,0.5430818311688183,-0.3668863252920347,-0.857375458338437,0.9811072948404703,3.074675163148319,0.10954450075896527,9.509534535557302
ct_w3_i1,3,calibration,chain,50,256,sampled_diagonal_fisher,31,25,1.9165853205946057,0.5948573310826499,-0.3440005986498645,-0.857375458338437,0.871141281266578,3.074675163148319,2.8613807855648994,9.509534535557302
ct_w3_i1,3,calibration,chain,50,256,sampled_two_block_fisher,31,25,1.9165853205946057,0.6153503913803918,-0.48751745211843645,-0.857375458338437,0.8489665917990857,3.074675163148319,2.8613807855648994,9.509534535557302
ct_w3_i1,3,calibration,chain,50,256,sampled_star_fisher,31,25,1.9165853205946057,0.30246951364892405,-0.04438542135511705,-0.857375458338437,1.084526082332924,3.074675163148319,2.520778560358373,9.509534535557302
ct_w3_i1,3,calibration,chain,50,256,sampled_full_fisher,31,25,1.9165853205946057,0.6028290983158106,-0.37530145812867344,-0.857375458338437,0.8009471285625794,3.074675163148319,2.0691527127645637,9.509534535557302
ct_w3_i1,3,calibration,chain,50,256,protected_ray_star,31,25,1.9165853205946057,0.8642675037607348,-0.9799205043511603,-0.857375458338437,0.5102353081235762,3.074675163148319,2.920013177456185,9.509534535557302
ct_w3_i1,3,calibration,chain,101,256,sampled_adam,31,23,1.9644078366264082,0.5617880122689952,-0.46232069432267947,-0.9036191295300229,0.9829364317831011,3.4173910949422335,0.10583004351830058,10.323180402626994
ct_w3_i1,3,calibration,chain,101,256,sampled_diagonal_fisher,31,23,1.9644078366264082,0.6346602309714539,-0.5115565396152583,-0.9036191295300229,0.7989175019502311,3.4173910949422335,2.8613807855649,10.323180402626994
ct_w3_i1,3,calibration,chain,101,256,sampled_two_block_fisher,31,23,1.9644078366264082,0.6971703517467953,-0.6364277246205433,-0.9036191295300229,0.7304722822547222,3.4173910949422335,2.8613807855648994,10.323180402626994
ct_w3_i1,3,calibration,chain,101,256,sampled_star_fisher,31,23,1.9644078366264082,0.47333146954941707,-0.2692460866650667,-0.9036191295300229,0.9164281705192734,3.4173910949422335,2.481309143304522,10.323180402626994
ct_w3_i1,3,calibration,chain,101,256,sampled_full_fisher,31,23,1.9644078366264082,0.7135772903415156,-0.5950043477756335,-0.9036191295300229,0.7005836289751051,3.4173910949422335,2.4493634540409914,10.323180402626994
ct_w3_i1,3,calibration,chain,101,256,protected_ray_star,31,23,1.9644078366264082,0.8685979213269922,-0.9804507805421443,-0.9036191295300229,0.4957326951872356,3.4173910949422335,2.918433890156818,10.323180402626994
ct_w3_i1,3,calibration,problem_tree,0,256,sampled_adam,31,25,1.012264328172393,0.3670210641689267,0.22577799958723482,0.8505071886713712,0.9872504545239394,3.0665528608140975,0.11135528062329242,5.003096247447999
ct_w3_i1,3,calibration,problem_tree,0,256,sampled_diagonal_fisher,31,25,1.012264328172393,0.29129322227190724,0.060282614372834914,0.8505071886713712,1.2133355015138363,3.0665528608140975,3.1819805153394642,5.003096247447999
ct_w3_i1,3,calibration,problem_tree,0,256,sampled_two_block_fisher,31,25,1.012264328172393,0.19927067540638202,-0.14510102360199797,0.8505071886713712,1.1412831122002027,3.0665528608140975,2.4050361678628427,5.003096247447999
ct_w3_i1,3,calibration,problem_tree,0,256,sampled_star_fisher,31,25,1.012264328172393,0.39717869788477084,0.26201459170493785,0.8505071886713712,1.1191250374814372,3.0665528608140975,3.181980515339464,5.003096247447999
ct_w3_i1,3,calibration,problem_tree,0,256,sampled_full_fisher,31,25,1.012264328172393,0.4321907376898955,0.08229368142158314,0.8505071886713712,0.935153317610564,3.0665528608140975,2.084582036778934,5.003096247447999
ct_w3_i1,3,calibration,problem_tree,0,256,protected_ray_star,31,25,1.012264328172393,0.8716386035921802,0.9683435251442515,0.8505071886713712,0.4902334560930606,3.0665528608140975,2.6450393114768174,5.003096247447999
ct_w3_i1,3,calibration,problem_tree,19,256,sampled_adam,31,26,1.220777867797446,0.357131880115769,0.14111143691776754,0.8908180845550309,0.9883482084548761,3.2693734889079793,0.11135525959737567,5.579088914976157
ct_w3_i1,3,calibration,problem_tree,19,256,sampled_diagonal_fisher,31,26,1.220777867797446,0.478742045072628,0.18981945777765513,0.8908180845550309,0.9572803276340589,3.2693734889079793,2.812612444146446,5.579088914976157
ct_w3_i1,3,calibration,problem_tree,19,256,sampled_two_block_fisher,31,26,1.220777867797446,0.2099472925649497,-0.13143786926751197,0.8908180845550309,1.1658246234279104,3.2693734889079793,2.762448067376752,5.579088914976157
ct_w3_i1,3,calibration,problem_tree,19,256,sampled_star_fisher,31,26,1.220777867797446,0.710352797262187,0.5692709763148105,0.8908180845550309,0.7513480801150989,3.2693734889079793,3.181980515339464,5.579088914976157
ct_w3_i1,3,calibration,problem_tree,19,256,sampled_full_fisher,31,26,1.220777867797446,0.5816564186601983,0.3460775113172089,0.8908180845550309,0.8139891637424953,3.2693734889079793,1.9998720239539114,5.579088914976157
ct_w3_i1,3,calibration,problem_tree,19,256,protected_ray_star,31,26,1.220777867797446,0.9167533763314007,0.9516863265866642,0.8908180845550309,0.48601238718826995,3.2693734889079793,2.092089800260026,5.579088914976157
ct_w3_i1,3,calibration,problem_tree,42,256,sampled_adam,31,25,0.7119845913497959,0.42765240443479724,0.36688923424707603,0.9390675408893479,0.9870591633658831,3.5687710633014347,0.11135527999784864,4.3290206716744635
ct_w3_i1,3,calibration,problem_tree,42,256,sampled_diagonal_fisher,31,25,0.7119845913497959,0.4479556465602885,0.3141679617775651,0.9390675408893479,0.9980841757753337,3.5687710633014347,3.1819805153394642,4.3290206716744635
ct_w3_i1,3,calibration,problem_tree,42,256,sampled_two_block_fisher,31,25,0.7119845913497959,-0.055219432024526206,-0.26568470201080524,0.9390675408893479,1.2430856927912326,3.5687710633014347,2.445539519372234,4.3290206716744635
ct_w3_i1,3,calibration,problem_tree,42,256,sampled_star_fisher,31,25,0.7119845913497959,0.6327641192281555,0.5646994596018357,0.9390675408893479,0.794231261275228,3.5687710633014347,2.8884975570229807,4.3290206716744635
ct_w3_i1,3,calibration,problem_tree,42,256,sampled_full_fisher,31,25,0.7119845913497959,0.33945231962140265,0.16522811328292672,0.9390675408893479,0.948484513618777,3.5687710633014347,1.6463310933758395,4.3290206716744635
ct_w3_i1,3,calibration,problem_tree,42,256,protected_ray_star,31,25,0.7119845913497959,0.9432137702840045,0.981112978237307,0.9390675408893479,0.3339660422683689,3.5687710633014347,3.2432355762496305,4.3290206716744635
ct_w3_i1,3,calibration,problem_tree,50,256,sampled_adam,31,25,0.6554192865870638,0.47574951999516135,0.39511142586617193,0.8777671356553048,0.9848093075422898,3.3929578305036103,0.1113552737982199,4.374780120164726
ct_w3_i1,3,calibration,problem_tree,50,256,sampled_diagonal_fisher,31,25,0.6554192865870638,0.4806768441529547,0.3000675402475205,0.8777671356553048,0.9889028136680004,3.3929578305036103,3.181980515339464,4.374780120164726
ct_w3_i1,3,calibration,problem_tree,50,256,sampled_two_block_fisher,31,25,0.6554192865870638,0.26510530504305807,-0.035820163309889214,0.8777671356553048,1.1043000947805297,3.3929578305036103,2.725897100349199,4.374780120164726
ct_w3_i1,3,calibration,problem_tree,50,256,sampled_star_fisher,31,25,0.6554192865870638,0.512024470824073,0.41204407947272187,0.8777671356553048,0.9213504666658845,3.3929578305036103,2.8679815441526104,4.374780120164726
ct_w3_i1,3,calibration,problem_tree,50,256,sampled_full_fisher,31,25,0.6554192865870638,0.5268611900390385,0.31386624978176836,0.8777671356553048,0.8500615695344721,3.3929578305036103,1.7411719912483663,4.374780120164726
ct_w3_i1,3,calibration,problem_tree,50,256,protected_ray_star,31,25,0.6554192865870638,0.8932375929070205,0.9805126469844353,0.8777671356553048,0.45400815918993054,3.3929578305036103,3.245221288196168,4.374780120164726
ct_w3_i1,3,calibration,problem_tree,101,256,sampled_adam,31,26,0.8823238062946671,0.4755250114531174,0.39511149685130054,0.931297259521076,0.9860316066271166,3.696605374035635,0.11135527552026526,4.212793404091039
ct_w3_i1,3,calibration,problem_tree,101,256,sampled_diagonal_fisher,31,26,0.8823238062946671,0.4084657394694017,0.28456215522715317,0.931297259521076,0.9697378406890926,3.696605374035635,2.720459150288357,4.212793404091039
ct_w3_i1,3,calibration,problem_tree,101,256,sampled_two_block_fisher,31,26,0.8823238062946671,0.22650108576328695,0.006377304911505594,0.931297259521076,1.0351003944815953,3.696605374035635,2.1323404197322064,4.212793404091039
ct_w3_i1,3,calibration,problem_tree,101,256,sampled_star_fisher,31,26,0.8823238062946671,0.44579535468738474,0.39537667365393675,0.931297259521076,0.9113910904953766,3.696605374035635,2.281411818370146,4.212793404091039
ct_w3_i1,3,calibration,problem_tree,101,256,sampled_full_fisher,31,26,0.8823238062946671,0.518523546766164,0.36121108512412226,0.931297259521076,0.8622692175406357,3.696605374035635,1.5055576673831979,4.212793404091039
ct_w3_i1,3,calibration,problem_tree,101,256,protected_ray_star,31,26,0.8823238062946671,0.9196871418680742,0.9733376195489762,0.931297259521076,0.4288889055452282,3.696605374035635,2.761907276228152,4.212793404091039
ct_w3_i1,3,calibration,width2,0,256,sampled_adam,45,44,0.5482784674720234,0.2225644149431762,0.2022599606897217,0.9833157447289724,0.9949777398349494,5.642112205743159,0.13416406469143102,4.180420001596099
ct_w3_i1,3,calibration,width2,0,256,sampled_diagonal_fisher,45,44,0.5482784674720234,0.3249918141963443,0.30594805633321676,0.9833157447289724,0.9540735139236912,5.642112205743159,2.5445452836510833,4.180420001596099
ct_w3_i1,3,calibration,width2,0,256,sampled_two_block_fisher,45,44,0.5482784674720234,0.5906831965747626,0.5302713102545185,0.9833157447289724,0.839135287286063,5.642112205743159,2.0331193627821045,4.180420001596099
ct_w3_i1,3,calibration,width2,0,256,sampled_star_fisher,45,44,0.5482784674720234,0.6167748714865922,0.5903243322392084,0.9833157447289724,0.8180431815544476,5.642112205743159,2.223280386737538,4.180420001596099
ct_w3_i1,3,calibration,width2,0,256,sampled_full_fisher,45,44,0.5482784674720234,0.6764681280015715,0.6365576616447296,0.9833157447289724,0.7735269031853104,5.642112205743159,2.482102076731016,4.180420001596099
ct_w3_i1,3,calibration,width2,0,256,protected_ray_star,45,44,0.5482784674720234,0.9721246922263591,0.9794060699040161,0.9833157447289724,0.43966559394112165,5.642112205743159,3.386363319843868,4.180420001596099
ct_w3_i1,3,calibration,width2,19,256,sampled_adam,45,43,0.2077642782392433,0.3661585184124113,0.3371000866516565,0.9875819178574955,0.9917126167372493,5.763167367285764,0.13416404522788883,4.491690907237528
ct_w3_i1,3,calibration,width2,19,256,sampled_diagonal_fisher,45,43,0.2077642782392433,0.42831200347619675,0.4203169828735664,0.9875819178574955,0.9060958805972091,5.763167367285764,2.083511249658676,4.491690907237528
ct_w3_i1,3,calibration,width2,19,256,sampled_two_block_fisher,45,43,0.2077642782392433,0.40873268279522557,0.407528958275257,0.9875819178574955,0.9156659483632662,5.763167367285764,1.927933085435411,4.491690907237528
ct_w3_i1,3,calibration,width2,19,256,sampled_star_fisher,45,43,0.2077642782392433,0.7094703320763656,0.6738353632689932,0.9875819178574955,0.7321311348036532,5.763167367285764,2.9453607577324656,4.491690907237528
ct_w3_i1,3,calibration,width2,19,256,sampled_full_fisher,45,43,0.2077642782392433,0.7364440417160003,0.6859284263188439,0.9875819178574955,0.7199097949567475,5.763167367285764,2.8252940977628542,4.491690907237528
ct_w3_i1,3,calibration,width2,19,256,protected_ray_star,45,43,0.2077642782392433,0.9813770089749476,0.9798960736642397,0.9875819178574955,0.4384074430831201,5.763167367285764,3.3846699456128637,4.491690907237528
ct_w3_i1,3,calibration,width2,42,256,sampled_adam,45,43,0.48159803816550156,0.32534145176505913,0.31462661925683627,0.9928636831311842,0.9929224995763146,5.975652619872524,0.13416406619466015,4.1279512669250025
ct_w3_i1,3,calibration,width2,42,256,sampled_diagonal_fisher,45,43,0.48159803816550156,0.3359197199559007,0.32692531922674317,0.9928636831311842,0.9419733420936598,5.975652619872524,2.0819360631579955,4.1279512669250025
ct_w3_i1,3,calibration,width2,42,256,sampled_two_block_fisher,45,43,0.48159803816550156,0.3616039801047756,0.3613666538985805,0.9928636831311842,0.9346377237889757,5.975652619872524,1.768737117812802,4.1279512669250025
ct_w3_i1,3,calibration,width2,42,256,sampled_star_fisher,45,43,0.48159803816550156,0.6706765607671685,0.6440843357522553,0.9928636831311842,0.8006952122558111,5.975652619872524,2.2058962583375794,4.1279512669250025
ct_w3_i1,3,calibration,width2,42,256,sampled_full_fisher,45,43,0.48159803816550156,0.7183584988191632,0.7023536868436896,0.9928636831311842,0.7524965098474892,5.975652619872524,2.578471901330769,4.1279512669250025
ct_w3_i1,3,calibration,width2,42,256,protected_ray_star,45,43,0.48159803816550156,0.9798341069249588,0.9810585809800029,0.9928636831311842,0.45978249715910663,5.975652619872524,3.380659274232477,4.1279512669250025
ct_w3_i1,3,calibration,width2,50,256,sampled_adam,45,43,0.6013350169122491,0.11213613858550085,0.11236665018712143,0.9842492144088788,0.997613085663689,5.641316351068543,0.134164069370715,4.209470113867184
ct_w3_i1,3,calibration,width2,50,256,sampled_diagonal_fisher,45,43,0.6013350169122491,0.25141657111532073,0.23440113944028415,0.9842492144088788,0.9822888331378347,5.641316351068543,2.364005016007162,4.209470113867184
ct_w3_i1,3,calibration,width2,50,256,sampled_two_block_fisher,45,43,0.6013350169122491,0.4079358440034886,0.3497968701927444,0.9842492144088788,0.9160632838772531,5.641316351068543,1.8797565677814085,4.209470113867184
ct_w3_i1,3,calibration,width2,50,256,sampled_star_fisher,45,43,0.6013350169122491,0.7035546508015097,0.6800679097199508,0.9842492144088788,0.777977567730911,5.641316351068543,2.182909699365976,4.209470113867184
ct_w3_i1,3,calibration,width2,50,256,sampled_full_fisher,45,43,0.6013350169122491,0.741338313005002,0.6869184978728627,0.9842492144088788,0.7405230074752671,5.641316351068543,2.4165017043585464,4.209470113867184
ct_w3_i1,3,calibration,width2,50,256,protected_ray_star,45,43,0.6013350169122491,0.9770031135850344,0.9793751180696816,0.9842492144088788,0.4328645704159157,5.641316351068543,3.386470341305347,4.209470113867184
ct_w3_i1,3,calibration,width2,101,256,sampled_adam,45,43,0.5247868631205954,0.17247491531222323,0.1573125265621088,0.9857842760268751,0.9962469861751738,5.760181872196877,0.13416400060313965,4.0914368635840415
ct_w3_i1,3,calibration,width2,101,256,sampled_diagonal_fisher,45,43,0.5247868631205954,0.34942783885398226,0.31846869305067155,0.9857842760268751,0.9390024887369839,5.760181872196877,1.656497584592716,4.0914368635840415
ct_w3_i1,3,calibration,width2,101,256,sampled_two_block_fisher,45,43,0.5247868631205954,0.5333887342082211,0.5030951350568384,0.9857842760268751,0.8687540640503486,5.760181872196877,1.9314177851814798,4.0914368635840415
ct_w3_i1,3,calibration,width2,101,256,sampled_star_fisher,45,43,0.5247868631205954,0.4976539172320442,0.4695470851583669,0.9857842760268751,0.8779041915782546,5.760181872196877,2.0857549199234318,4.0914368635840415
ct_w3_i1,3,calibration,width2,101,256,sampled_full_fisher,45,43,0.5247868631205954,0.7122027997776049,0.6766938891793834,0.9857842760268751,0.7715595042062473,5.760181872196877,2.257927761242882,4.0914368635840415
ct_w3_i1,3,calibration,width2,101,256,protected_ray_star,45,43,0.5247868631205954,0.9720214643665326,0.9796833263415589,0.9857842760268751,0.4503973462372654,5.760181872196877,3.3854049580905956,4.0914368635840415
ct_w3_i1,3,calibration,width3,0,256,sampled_adam,49,49,0.0,0.23425478254106438,0.23425478254107657,0.9999999999999999,0.99531792767195,6.708203932500247,0.13999998236065125,4.085549114538509
ct_w3_i1,3,calibration,width3,0,256,sampled_diagonal_fisher,49,49,0.0,0.2762711515045247,0.276271151504543,0.9999999999999999,0.9630497289183506,6.708203932500247,2.2662890706205188,4.085549114538509
ct_w3_i1,3,calibration,width3,0,256,sampled_two_block_fisher,49,49,0.0,0.6073349538598399,0.6073349538598712,0.9999999999999999,0.8557874091052142,6.708203932500247,1.9398229495730073,4.085549114538509
ct_w3_i1,3,calibration,width3,0,256,sampled_star_fisher,49,49,0.0,0.45489272338212,0.45489272338216163,0.9999999999999999,0.9039617073810411,6.708203932500247,2.010678337610096,4.085549114538509
ct_w3_i1,3,calibration,width3,0,256,sampled_full_fisher,49,49,0.0,0.7136973624929288,0.7136973624929722,0.9999999999999999,0.7819296553839099,6.708203932500247,2.4563175206441565,4.085549114538509
ct_w3_i1,3,calibration,width3,0,256,protected_ray_star,49,49,0.0,0.9788769313841028,0.9788769313841129,0.9999999999999999,0.5107894403978644,6.708203932500247,3.4264797327556282,4.085549114538509
ct_w3_i1,3,calibration,width3,19,256,sampled_adam,49,48,0.0,0.3407330466138108,0.3407330466139279,1.0,0.9930827782841066,6.708203932501914,0.13999974430221326,4.2782262121211545
ct_w3_i1,3,calibration,width3,19,256,sampled_diagonal_fisher,49,48,0.0,0.3979796807001511,0.3979796807002489,1.0,0.9244783775373561,6.708203932501914,1.9034623550363394,4.2782262121211545
ct_w3_i1,3,calibration,width3,19,256,sampled_two_block_fisher,49,48,0.0,0.5286514052651882,0.528651405265356,1.0,0.8758783226991231,6.708203932501914,2.0976532724888504,4.2782262121211545
ct_w3_i1,3,calibration,width3,19,256,sampled_star_fisher,49,48,0.0,0.624768198682189,0.6247681986823441,1.0,0.8261193941555505,6.708203932501914,2.380993760614695,4.2782262121211545
ct_w3_i1,3,calibration,width3,19,256,sampled_full_fisher,49,48,0.0,0.7993331260967499,0.7993331260969383,1.0,0.6865214731722933,6.708203932501914,3.1347519530255004,4.2782262121211545
ct_w3_i1,3,calibration,width3,19,256,protected_ray_star,49,48,0.0,0.97963049729465,0.9796304972946993,1.0,0.5103965233636549,6.708203932501914,3.4238439651605495,4.2782262121211545
ct_w3_i1,3,calibration,width3,42,256,sampled_adam,49,48,0.0,0.21295886806410594,0.21295886806411973,1.0,0.9957643630888113,6.708203932498939,0.13999998819106768,3.971640201217159
ct_w3_i1,3,calibration,width3,42,256,sampled_diagonal_fisher,49,48,0.0,0.28715049521094976,0.28715049521092245,1.0,0.959441505808764,6.708203932498939,2.2926702063898365,3.971640201217159
ct_w3_i1,3,calibration,width3,42,256,sampled_two_block_fisher,49,48,0.0,0.3444389934873364,0.3444389934873072,1.0,0.9464347166516247,6.708203932498939,1.5062286550046247,3.971640201217159
ct_w3_i1,3,calibration,width3,42,256,sampled_star_fisher,49,48,0.0,0.6187896205384109,0.6187896205383719,1.0,0.8484428998723764,6.708203932498939,2.000614041980543,3.971640201217159
ct_w3_i1,3,calibration,width3,42,256,sampled_full_fisher,49,48,0.0,0.779206408163326,0.7792064081633092,1.0,0.7373847847992464,6.708203932498939,2.6212257966619403,3.971640201217159
ct_w3_i1,3,calibration,width3,42,256,protected_ray_star,49,48,0.0,0.9799467237191452,0.9799467237191342,1.0,0.5102318196466225,6.708203932498939,3.4227390990400566,3.971640201217159
ct_w3_i1,3,calibration,width3,50,256,sampled_adam,49,47,0.0,0.2129588603198184,0.21295886031984246,0.9999999999999999,0.9957643632964345,6.708203932494801,0.13999998661525612,4.027763916597827
ct_w3_i1,3,calibration,width3,50,256,sampled_diagonal_fisher,49,47,0.0,0.2314480441848146,0.2314480441847509,0.9999999999999999,0.9779227469790523,6.708203932494801,2.2200954964189505,4.027763916597827
ct_w3_i1,3,calibration,width3,50,256,sampled_two_block_fisher,49,47,0.0,0.3925331187731514,0.39253311877280916,0.9999999999999999,0.931662741176085,6.708203932494801,1.6364489800976378,4.027763916597827
ct_w3_i1,3,calibration,width3,50,256,sampled_star_fisher,49,47,0.0,0.5194814198940327,0.5194814198937815,0.9999999999999999,0.8923842484689372,6.708203932494801,1.7586712405229354,4.027763916597827
ct_w3_i1,3,calibration,width3,50,256,sampled_full_fisher,49,47,0.0,0.8226920379698108,0.8226920379693808,0.9999999999999999,0.7320532996209226,6.708203932494801,2.4248257145799474,4.027763916597827
ct_w3_i1,3,calibration,width3,50,256,protected_ray_star,49,47,0.0,0.97807572905937,0.978075729059308,0.9999999999999999,0.5112078596209698,6.708203932494801,3.4292865742365235,4.027763916597827
ct_w3_i1,3,calibration,width3,101,256,sampled_adam,49,46,0.0,0.17036712364448983,0.1703671236447046,1.0,0.9966566326533832,6.7082039325020375,0.13999998603829997,3.997604635950381
ct_w3_i1,3,calibration,width3,101,256,sampled_diagonal_fisher,49,46,0.0,0.30130864208472297,0.3013086420845829,1.0,0.9538017597072831,6.7082039325020375,2.1748993690247933,3.997604635950381
ct_w3_i1,3,calibration,width3,101,256,sampled_two_block_fisher,49,46,0.0,0.6160099171794771,0.6160099171792097,1.0,0.8323196396873408,6.7082039325020375,2.329519818765089,3.997604635950381
ct_w3_i1,3,calibration,width3,101,256,sampled_star_fisher,49,46,0.0,0.3589191270210365,0.35891912702123485,1.0,0.9363163796307676,6.7082039325020375,1.909698068040315,3.997604635950381
ct_w3_i1,3,calibration,width3,101,256,sampled_full_fisher,49,46,0.0,0.6276347523532062,0.6276347523533857,1.0,0.8130877900849457,6.7082039325020375,2.6365576038008887,3.997604635950381
ct_w3_i1,3,calibration,width3,101,256,protected_ray_star,49,46,0.0,0.9789090104314699,0.9789090104315863,1.0,0.5107727017241915,6.7082039325020375,3.4263674463175198,3.997604635950381
ct_w3_i2,3,evaluation,chain,0,256,sampled_adam,31,26,2.1905022080052805,0.6463178909697764,-0.40640933092634457,-0.4090235316106499,0.9628378247236264,1.8524409638599606,0.10954449791087818,7.370511463764053
ct_w3_i2,3,evaluation,chain,0,256,sampled_diagonal_fisher,31,26,2.1905022080052805,0.749172019075849,-0.4090329453966364,-0.4090235316106499,0.7966526758277741,1.8524409638599606,2.2077279885678815,7.370511463764053
ct_w3_i2,3,evaluation,chain,0,256,sampled_two_block_fisher,31,26,2.1905022080052805,0.76135582415307,-0.5533665440080822,-0.4090235316106499,0.8260168163161231,1.8524409638599606,2.358495283014151,7.370511463764053
ct_w3_i2,3,evaluation,chain,0,256,sampled_star_fisher,31,26,2.1905022080052805,0.5326723461543655,0.014210619295103609,-0.4090235316106499,0.9240208682091018,1.8524409638599606,1.6737834197019896,7.370511463764053
ct_w3_i2,3,evaluation,chain,0,256,sampled_full_fisher,31,26,2.1905022080052805,0.8505577028715322,-0.38410815621071825,-0.4090235316106499,0.5259745854569463,1.8524409638599606,1.5939153024179264,7.370511463764053
ct_w3_i2,3,evaluation,chain,0,256,protected_ray_star,31,26,2.1905022080052805,0.4357215529021296,-0.9770369748031055,-0.4090235316106499,1.1342601008840845,1.8524409638599606,2.085734350669064,7.370511463764053
ct_w3_i2,3,evaluation,chain,19,256,sampled_adam,31,29,2.471911494750933,0.6149227386229096,-0.5140293548530178,-0.34308658765413136,0.9633443797876285,1.807617820803026,0.11135527617308393,7.593445189703084
ct_w3_i2,3,evaluation,chain,19,256,sampled_diagonal_fisher,31,29,2.471911494750933,0.7338126519849085,-0.5248222837867316,-0.34308658765413136,0.8874075692601131,1.807617820803026,2.358495283014151,7.593445189703084
ct_w3_i2,3,evaluation,chain,19,256,sampled_two_block_fisher,31,29,2.471911494750933,0.6200438495344425,-0.5734759633008586,-0.34308658765413136,1.041332142302299,1.807617820803026,2.3584952830141512,7.593445189703084
ct_w3_i2,3,evaluation,chain,19,256,sampled_star_fisher,31,29,2.471911494750933,0.6174722331064497,0.08937030821747301,-0.34308658765413136,0.9975170381088926,1.807617820803026,2.225024142896891,7.593445189703084
ct_w3_i2,3,evaluation,chain,19,256,sampled_full_fisher,31,29,2.471911494750933,0.4660437653235201,-0.2567926452598028,-0.34308658765413136,1.2191131452735227,1.807617820803026,2.3584952830141503,7.593445189703084
ct_w3_i2,3,evaluation,chain,19,256,protected_ray_star,31,29,2.471911494750933,0.4378543971217045,-0.9637711231559815,-0.34308658765413136,1.0704909369142896,1.807617820803026,1.84186474297486,7.593445189703084
ct_w3_i2,3,evaluation,chain,42,256,sampled_adam,31,29,1.961002311464217,0.5354810664808992,-0.475953280323913,-0.3324446554306189,0.9684670841521684,1.810977599936035,0.11135522731963443,7.3134760646100485
ct_w3_i2,3,evaluation,chain,42,256,sampled_diagonal_fisher,31,29,1.961002311464217,0.6770401944363966,-0.47981748527499546,-0.3324446554306189,0.9657159252047606,1.810977599936035,2.358495283014151,7.3134760646100485
ct_w3_i2,3,evaluation,chain,42,256,sampled_two_block_fisher,31,29,1.961002311464217,0.6860705404982838,-0.669928574595747,-0.3324446554306189,0.9534601296847287,1.810977599936035,2.358495283014151,7.3134760646100485
ct_w3_i2,3,evaluation,chain,42,256,sampled_star_fisher,31,29,1.961002311464217,0.639112969689058,0.09089666327111563,-0.3324446554306189,0.9088999857069666,1.810977599936035,2.034509530670536,7.3134760646100485
ct_w3_i2,3,evaluation,chain,42,256,sampled_full_fisher,31,29,1.961002311464217,0.777455990048828,-0.6263496483353901,-0.3324446554306189,0.7044206420151866,1.810977599936035,1.982484301376552,7.3134760646100485
ct_w3_i2,3,evaluation,chain,42,256,protected_ray_star,31,29,1.961002311464217,0.41721932022394886,-0.981640001174072,-0.3324446554306189,1.2857162350899494,1.810977599936035,2.4026071474199475,7.3134760646100485
ct_w3_i2,3,evaluation,chain,50,256,sampled_adam,31,27,2.2099635675248512,0.5158175632582462,-0.43787680471895235,-0.14677356998754446,0.9662355835343966,1.6147093303509032,0.11135527046572953,6.50990591513563
ct_w3_i2,3,evaluation,chain,50,256,sampled_diagonal_fisher,31,27,2.2099635675248512,0.6774898567931618,-0.4394111737894964,-0.14677356998754446,1.074392060596943,1.6147093303509032,2.358495283014151,6.50990591513563
ct_w3_i2,3,evaluation,chain,50,256,sampled_two_block_fisher,31,27,2.2099635675248512,0.6668324405779643,-0.5731150142896052,-0.14677356998754446,1.0887843749641242,1.6147093303509032,2.3584952830141503,6.50990591513563
ct_w3_i2,3,evaluation,chain,50,256,sampled_star_fisher,31,27,2.2099635675248512,0.6589076741585032,-0.0010799655914993421,-0.14677356998754446,1.0993642443765552,1.6147093303509032,2.3584952830141503,6.50990591513563
ct_w3_i2,3,evaluation,chain,50,256,sampled_full_fisher,31,27,2.2099635675248512,0.7561327663616998,-0.3802034249983824,-0.14677356998754446,0.900570764172931,1.6147093303509032,2.219922373966945,6.50990591513563
ct_w3_i2,3,evaluation,chain,50,256,protected_ray_star,31,27,2.2099635675248512,0.2651727254652784,-0.9810823581125632,-0.14677356998754446,1.557863063270194,1.6147093303509032,2.4039727791573973,6.50990591513563
ct_w3_i2,3,evaluation,chain,101,256,sampled_adam,31,28,1.8538757177554988,0.6938946342574882,-0.5521055608427068,-0.4587279079358163,0.9584759481087551,1.816326729935684,0.11135527773961174,7.338113275904185
ct_w3_i2,3,evaluation,chain,101,256,sampled_diagonal_fisher,31,28,1.8538757177554988,0.7653494840889133,-0.5286704024561799,-0.4587279079358163,0.8357551786908113,1.816326729935684,2.3584952830141503,7.338113275904185
ct_w3_i2,3,evaluation,chain,101,256,sampled_two_block_fisher,31,28,1.8538757177554988,0.7318465686267428,-0.6976732175873569,-0.4587279079358163,0.8862807718787659,1.816326729935684,2.358495283014151,7.338113275904185
ct_w3_i2,3,evaluation,chain,101,256,sampled_star_fisher,31,28,1.8538757177554988,0.5800331336277015,0.10326173599331018,-0.4587279079358163,1.0463643724201928,1.816326729935684,2.246397111639767,7.338113275904185
ct_w3_i2,3,evaluation,chain,101,256,sampled_full_fisher,31,28,1.8538757177554988,0.7769168343640916,-0.6713163582026247,-0.4587279079358163,0.7579538019836978,1.816326729935684,2.177645639791442,7.338113275904185
ct_w3_i2,3,evaluation,chain,101,256,protected_ray_star,31,28,1.8538757177554988,0.4954853584991842,-0.9819217697476978,-0.4587279079358163,1.1992867351404937,1.816326729935684,2.401917704319928,7.338113275904185
ct_w3_i2,3,evaluation,problem_tree,0,256,sampled_adam,31,28,0.9397494307613801,0.4759032851267165,0.3170115106323936,0.8014295655522529,0.9808264407454681,2.6683234098239184,0.11135527508258673,3.626167603749747
ct_w3_i2,3,evaluation,problem_tree,0,256,sampled_diagonal_fisher,31,28,0.9397494307613801,0.51993483714341,0.2914084664210829,0.8014295655522529,0.9588330716464267,2.6683234098239184,2.549509756796392,3.626167603749747
ct_w3_i2,3,evaluation,problem_tree,0,256,sampled_two_block_fisher,31,28,0.9397494307613801,0.07526772455811427,-0.3780981475322629,0.8014295655522529,1.3300734167476072,2.6683234098239184,2.549509756796392,3.626167603749747
ct_w3_i2,3,evaluation,problem_tree,0,256,sampled_star_fisher,31,28,0.9397494307613801,0.6867839013441057,0.584379718433418,0.8014295655522529,0.7508808897773095,2.6683234098239184,2.335271410026458,3.626167603749747
ct_w3_i2,3,evaluation,problem_tree,0,256,sampled_full_fisher,31,28,0.9397494307613801,0.5104668580277701,0.06020437980358111,0.8014295655522529,0.8930351125301915,2.6683234098239184,2.005196053323855,3.626167603749747
ct_w3_i2,3,evaluation,problem_tree,0,256,protected_ray_star,31,28,0.9397494307613801,0.8481999205647988,0.9764903886185443,0.8014295655522529,0.5331628096240045,2.6683234098239184,2.4257041645257886,3.626167603749747
ct_w3_i2,3,evaluation,problem_tree,19,256,sampled_adam,31,29,0.7560351306160839,0.4309345822305256,0.1761174668263756,0.8020604035187424,0.9830438980426436,2.718612975433122,0.11135527681408117,4.870627641815064
ct_w3_i2,3,evaluation,problem_tree,19,256,sampled_diagonal_fisher,31,29,0.7560351306160839,0.4246043287622394,0.11270867581420162,0.8020604035187424,1.040710760816727,2.718612975433122,2.5495097567963922,4.870627641815064
ct_w3_i2,3,evaluation,problem_tree,19,256,sampled_two_block_fisher,31,29,0.7560351306160839,0.18361248619583637,-0.21361169163900032,0.8020604035187424,1.2129454950584322,2.718612975433122,2.4310137636672557,4.870627641815064
ct_w3_i2,3,evaluation,problem_tree,19,256,sampled_star_fisher,31,29,0.7560351306160839,0.7370070596334263,0.6076098137094771,0.8020604035187424,0.6856534695110085,2.718612975433122,2.317163714437742,4.870627641815064
ct_w3_i2,3,evaluation,problem_tree,19,256,sampled_full_fisher,31,29,0.7560351306160839,0.7045415576156852,0.38856761546521473,0.8020604035187424,0.7118841580820162,2.718612975433122,1.7626037774873207,4.870627641815064
ct_w3_i2,3,evaluation,problem_tree,19,256,protected_ray_star,31,29,0.7560351306160839,0.8376898117031979,0.9744031652307822,0.8020604035187424,0.5481761287612741,2.718612975433122,2.4054841171689856,4.870627641815064
ct_w3_i2,3,evaluation,problem_tree,42,256,sampled_adam,31,30,0.7875600952684552,0.4891385883558311,0.4226819586922431,0.8792712166011342,0.9810506114924795,2.7832150781386336,0.11135528249433567,3.8153083575538638
ct_w3_i2,3,evaluation,problem_tree,42,256,sampled_diagonal_fisher,31,30,0.7875600952684552,0.4549299471079947,0.3313463748413869,0.8792712166011342,1.002822225408365,2.7832150781386336,2.5495097567963922,3.8153083575538638
ct_w3_i2,3,evaluation,problem_tree,42,256,sampled_two_block_fisher,31,30,0.7875600952684552,0.221453121060459,0.017524619839126215,0.8792712166011342,1.1583333581709157,2.7832150781386336,2.356200950243853,3.8153083575538638
ct_w3_i2,3,evaluation,problem_tree,42,256,sampled_star_fisher,31,30,0.7875600952684552,0.6903490783608444,0.6677061122671046,0.8792712166011342,0.7578589782504624,2.7832150781386336,2.5495097567963922,3.8153083575538638
ct_w3_i2,3,evaluation,problem_tree,42,256,sampled_full_fisher,31,30,0.7875600952684552,0.7685796614072979,0.6483440671339334,0.8792712166011342,0.6398938164815299,2.7832150781386336,2.101907232355218,3.8153083575538638
ct_w3_i2,3,evaluation,problem_tree,42,256,protected_ray_star,31,30,0.7875600952684552,0.8777803749709979,0.9798778180482396,0.8792712166011342,0.4824495675610623,2.7832150781386336,2.601864956872489,3.8153083575538638
ct_w3_i2,3,evaluation,problem_tree,50,256,sampled_adam,31,28,0.7361526256799364,0.5237235600034095,0.45790542766319153,0.8219413688253873,0.9780916235342486,2.5805710455938224,0.11135527929877904,3.426108007498539
ct_w3_i2,3,evaluation,problem_tree,50,256,sampled_diagonal_fisher,31,28,0.7361526256799364,0.5415163475497411,0.4033529974279934,0.8219413688253873,0.9518797299842462,2.5805710455938224,2.5495097567963922,3.426108007498539
ct_w3_i2,3,evaluation,problem_tree,50,256,sampled_two_block_fisher,31,28,0.7361526256799364,0.2834193257537893,-0.012770241127951295,0.8219413688253873,1.1076412906883109,2.5805710455938224,2.161671448084391,3.426108007498539
ct_w3_i2,3,evaluation,problem_tree,50,256,sampled_star_fisher,31,28,0.7361526256799364,0.7596395683476969,0.6528763662367607,0.8219413688253873,0.6590066571240675,2.5805710455938224,2.2351322434002427,3.426108007498539
ct_w3_i2,3,evaluation,problem_tree,50,256,sampled_full_fisher,31,28,0.7361526256799364,0.7593286650974472,0.46573191433774386,0.8219413688253873,0.6615853814324272,2.5805710455938224,1.6511774423627923,3.426108007498539
ct_w3_i2,3,evaluation,problem_tree,50,256,protected_ray_star,31,28,0.7361526256799364,0.8532981612618691,0.9801881240869804,0.8219413688253873,0.5438694763508669,2.5805710455938224,2.6010412635545803,3.426108007498539
ct_w3_i2,3,evaluation,problem_tree,101,256,sampled_adam,31,29,1.3279145585913814,0.4283057280830013,0.211341672844736,0.8535954804582038,0.98290025439837,2.676591169703614,0.1113552367962436,4.1659075333890625
ct_w3_i2,3,evaluation,problem_tree,101,256,sampled_diagonal_fisher,31,29,1.3279145585913814,0.5050458285084466,0.2479526763411668,0.8535954804582038,0.9265533748743356,2.676591169703614,2.2538261112919504,4.1659075333890625
ct_w3_i2,3,evaluation,problem_tree,101,256,sampled_two_block_fisher,31,29,1.3279145585913814,0.18534841232065077,-0.2102259974291821,0.8535954804582038,1.1724508965159168,2.676591169703614,2.2078549875277744,4.1659075333890625
ct_w3_i2,3,evaluation,problem_tree,101,256,sampled_star_fisher,31,29,1.3279145585913814,0.7775075233065575,0.6451760892716387,0.8535954804582038,0.628906743002325,2.676591169703614,2.06379793934207,4.1659075333890625
ct_w3_i2,3,evaluation,problem_tree,101,256,sampled_full_fisher,31,29,1.3279145585913814,0.775019309600753,0.4602688536518668,0.8535954804582038,0.6487400744297049,2.676591169703614,1.6817746756978167,4.1659075333890625
ct_w3_i2,3,evaluation,problem_tree,101,256,protected_ray_star,31,29,1.3279145585913814,0.895609262276659,0.9599631181442945,0.8535954804582038,0.4807799071782754,2.676591169703614,1.9090025597668774,4.1659075333890625
ct_w3_i2,3,evaluation,width2,0,256,sampled_adam,43,41,0.44593198599142597,0.32382165854864725,0.22654622996505658,0.964892562346984,0.9906125162116525,4.332886834096345,0.13114875320893443,3.649445626074547
ct_w3_i2,3,evaluation,width2,0,256,sampled_diagonal_fisher,43,41,0.44593198599142597,0.3788513798483435,0.30811520632023104,0.964892562346984,0.9273017163323778,4.332886834096345,1.894793648382999,3.649445626074547
ct_w3_i2,3,evaluation,width2,0,256,sampled_two_block_fisher,43,41,0.44593198599142597,0.37802453213592846,0.313852254514862,0.964892562346984,0.9260382571849087,4.332886834096345,1.729790699548586,3.649445626074547
ct_w3_i2,3,evaluation,width2,0,256,sampled_star_fisher,43,41,0.44593198599142597,0.7152032654254168,0.6258821025017329,0.964892562346984,0.7181521252594286,4.332886834096345,2.3835328881314872,3.649445626074547
ct_w3_i2,3,evaluation,width2,0,256,sampled_full_fisher,43,41,0.44593198599142597,0.851546353491173,0.7341558431406537,0.964892562346984,0.591989516906829,4.332886834096345,2.498442756731659,3.649445626074547
ct_w3_i2,3,evaluation,width2,0,256,protected_ray_star,43,41,0.44593198599142597,0.9742759724808782,0.9791397954299388,0.964892562346984,0.4075776660377118,4.332886834096345,2.7499468575730233,3.649445626074547
ct_w3_i2,3,evaluation,width2,19,256,sampled_adam,43,42,0.5619819394793059,0.2848667492487333,0.2265461930503825,0.9725133583072683,0.9920826922082586,4.494901806968668,0.13114875965041953,4.119919029039536
ct_w3_i2,3,evaluation,width2,19,256,sampled_diagonal_fisher,43,42,0.5619819394793059,0.35354714865199627,0.2959222426543625,0.9725133583072683,0.9437295077084289,4.494901806968668,2.150949981416949,4.119919029039536
ct_w3_i2,3,evaluation,width2,19,256,sampled_two_block_fisher,43,42,0.5619819394793059,0.3893708775248405,0.2702767661863692,0.9725133583072683,0.9227725745047416,4.494901806968668,2.0012113308817865,4.119919029039536
ct_w3_i2,3,evaluation,width2,19,256,sampled_star_fisher,43,42,0.5619819394793059,0.6895973061608904,0.6695578708469403,0.9725133583072683,0.7632098281769812,4.494901806968668,2.0168421551525495,4.119919029039536
ct_w3_i2,3,evaluation,width2,19,256,sampled_full_fisher,43,42,0.5619819394793059,0.835843912076461,0.7839503948448467,0.9725133583072683,0.629921202985901,4.494901806968668,2.3684406823362067,4.119919029039536
ct_w3_i2,3,evaluation,width2,19,256,protected_ray_star,43,42,0.5619819394793059,0.9639074553043963,0.979494063505453,0.9725133583072683,0.4416144170333367,4.494901806968668,2.7489522437031715,4.119919029039536
ct_w3_i2,3,evaluation,width2,42,256,sampled_adam,43,43,0.844043272765725,0.3256864711447076,0.3115010032129992,0.9808498448493718,0.9910992310410692,4.609755556712163,0.1311487593139267,3.8762646150439295
ct_w3_i2,3,evaluation,width2,42,256,sampled_diagonal_fisher,43,43,0.844043272765725,0.3441768786793868,0.31469554594512966,0.9808498448493718,0.9395543964274183,4.609755556712163,1.7475955016935283,3.8762646150439295
ct_w3_i2,3,evaluation,width2,42,256,sampled_two_block_fisher,43,43,0.844043272765725,0.5017794015852686,0.4302106199235075,0.9808498448493718,0.8741650768684098,4.609755556712163,1.7309511249336702,3.8762646150439295
ct_w3_i2,3,evaluation,width2,42,256,sampled_star_fisher,43,43,0.844043272765725,0.704159309847982,0.6766349466321075,0.9808498448493718,0.7685174499140301,4.609755556712163,1.8905506856445973,3.8762646150439295
ct_w3_i2,3,evaluation,width2,42,256,sampled_full_fisher,43,43,0.844043272765725,0.8924341721964165,0.8328382199586525,0.9808498448493718,0.58725702764485,4.609755556712163,2.3810425692136565,3.8762646150439295
ct_w3_i2,3,evaluation,width2,42,256,protected_ray_star,43,43,0.844043272765725,0.9724806517456519,0.9794225191578398,0.9808498448493718,0.44241970889120513,4.609755556712163,2.749153047739273,3.8762646150439295
ct_w3_i2,3,evaluation,width2,50,256,sampled_adam,43,42,0.4389815062253589,0.4202893161363255,0.36813754728547615,0.9667975663676588,0.9876562055030524,4.33131491063829,0.1311487568925925,3.880675318706559
ct_w3_i2,3,evaluation,width2,50,256,sampled_diagonal_fisher,43,42,0.4389815062253589,0.407628232112542,0.3623379622605042,0.9667975663676588,0.9131519176026699,4.33131491063829,1.7539439112787334,3.880675318706559
ct_w3_i2,3,evaluation,width2,50,256,sampled_two_block_fisher,43,42,0.4389815062253589,0.49395935347002323,0.4116267984495627,0.9667975663676588,0.8795776595033515,4.33131491063829,1.564019979068994,3.880675318706559
ct_w3_i2,3,evaluation,width2,50,256,sampled_star_fisher,43,42,0.4389815062253589,0.547318761816705,0.4566010009496274,0.9667975663676588,0.8445775870652122,4.33131491063829,1.879256119533147,3.880675318706559
ct_w3_i2,3,evaluation,width2,50,256,sampled_full_fisher,43,42,0.4389815062253589,0.8275845804745817,0.7374594281209825,0.9667975663676588,0.6236135282648562,4.33131491063829,2.4079568529144195,3.880675318706559
ct_w3_i2,3,evaluation,width2,50,256,protected_ray_star,43,42,0.4389815062253589,0.9705969040736507,0.9799312609640702,0.9667975663676588,0.41349653238571293,4.33131491063829,2.7477257954994223,3.880675318706559
ct_w3_i2,3,evaluation,width2,101,256,sampled_adam,43,42,0.7146017992037106,0.23405082071567246,0.19822795593547635,0.9773645614814725,0.9936979012160944,4.587674702136443,0.131148705904854,4.13334645573907
ct_w3_i2,3,evaluation,width2,101,256,sampled_diagonal_fisher,43,42,0.7146017992037106,0.409545382835339,0.3384430208543602,0.9773645614814725,0.9150197218996318,4.587674702136443,1.5548362831150568,4.13334645573907
ct_w3_i2,3,evaluation,width2,101,256,sampled_two_block_fisher,43,42,0.7146017992037106,0.5177823061103325,0.5138117546503775,0.9773645614814725,0.8586108649834497,4.587674702136443,2.041078398507069,4.13334645573907
ct_w3_i2,3,evaluation,width2,101,256,sampled_star_fisher,43,42,0.7146017992037106,0.6622066198584413,0.573119798069166,0.9773645614814725,0.7851609715991363,4.587674702136443,1.9621288685584586,4.13334645573907
ct_w3_i2,3,evaluation,width2,101,256,sampled_full_fisher,43,42,0.7146017992037106,0.8620316207915528,0.7869615210462401,0.9773645614814725,0.5904701507378803,4.587674702136443,2.5650753390374277,4.13334645573907
ct_w3_i2,3,evaluation,width2,101,256,protected_ray_star,43,42,0.7146017992037106,0.9796319369265784,0.9769744848698042,0.9773645614814725,0.428804656591803,4.587674702136443,2.7560416830395287,4.13334645573907
ct_w3_i2,3,evaluation,width3,0,256,sampled_adam,47,46,0.0,0.3195741936898189,0.31957419368981194,0.9999999999999999,0.9922835626569795,5.477225575051107,0.13711306877340712,3.397704860059987
ct_w3_i2,3,evaluation,width3,0,256,sampled_diagonal_fisher,47,46,0.0,0.352900067392991,0.3529000673929867,0.9999999999999999,0.9381572513340808,5.477225575051107,1.558314056862969,3.397704860059987
ct_w3_i2,3,evaluation,width3,0,256,sampled_two_block_fisher,47,46,0.0,0.5593320090502637,0.5593320090502558,0.9999999999999999,0.8584425261593158,5.477225575051107,1.8415908533277572,3.397704860059987
ct_w3_i2,3,evaluation,width3,0,256,sampled_star_fisher,47,46,0.0,0.38764738888535577,0.38764738888534866,0.9999999999999999,0.9224075146303345,5.477225575051107,2.305395950382986,3.397704860059987
ct_w3_i2,3,evaluation,width3,0,256,sampled_full_fisher,47,46,0.0,0.7816808137892335,0.7816808137892526,0.9999999999999999,0.7000124378263572,5.477225575051107,2.5403880868547746,3.397704860059987
ct_w3_i2,3,evaluation,width3,0,256,protected_ray_star,47,46,0.0,0.9787998912346232,0.9787998912346235,0.9999999999999999,0.5108296440136209,5.477225575051107,2.7979291906861996,3.397704860059987
ct_w3_i2,3,evaluation,width3,19,256,sampled_adam,47,46,0.0,0.2663118711793196,0.26631187117929034,0.9999999999999998,0.9936263547082892,5.477225575050623,0.1371130696749117,3.628768798937964
ct_w3_i2,3,evaluation,width3,19,256,sampled_diagonal_fisher,47,46,0.0,0.426794259848601,0.426794259848569,0.9999999999999998,0.9153435281437319,5.477225575050623,1.562914001711966,3.628768798937964
ct_w3_i2,3,evaluation,width3,19,256,sampled_two_block_fisher,47,46,0.0,0.503882154137778,0.5038821541377227,0.9999999999999998,0.8891004951182145,5.477225575050623,1.6057932650177855,3.628768798937964
ct_w3_i2,3,evaluation,width3,19,256,sampled_star_fisher,47,46,0.0,0.6626957136737547,0.6626957136737109,0.9999999999999998,0.7892112896976167,5.477225575050623,2.2656950332138104,3.628768798937964
ct_w3_i2,3,evaluation,width3,19,256,sampled_full_fisher,47,46,0.0,0.8918558532532804,0.8918558532532191,0.9999999999999998,0.5984514573017976,5.477225575050623,2.7386127875258306,3.628768798937964
ct_w3_i2,3,evaluation,width3,19,256,protected_ray_star,47,46,0.0,0.9781110910399426,0.9781110910399283,0.9999999999999998,0.511189377750843,5.477225575050623,2.7998995335122254,3.628768798937964
ct_w3_i2,3,evaluation,width3,42,256,sampled_adam,47,47,0.0,0.18641747029105468,0.1864174702910751,0.9999999999999998,0.9956371731005966,5.477225575051423,0.1371129755157178,3.705325475001464
ct_w3_i2,3,evaluation,width3,42,256,sampled_diagonal_fisher,47,47,0.0,0.3191450088780797,0.31914500887808794,0.9999999999999998,0.947716656062077,5.477225575051423,1.7232924693771476,3.705325475001464
ct_w3_i2,3,evaluation,width3,42,256,sampled_two_block_fisher,47,47,0.0,0.5985861474882851,0.5985861474883024,0.9999999999999998,0.8583013044826739,5.477225575051423,1.5905169626149556,3.705325475001464
ct_w3_i2,3,evaluation,width3,42,256,sampled_star_fisher,47,47,0.0,0.6863574862408713,0.6863574862408645,0.9999999999999998,0.786756013884242,5.477225575051423,2.115513397354125,3.705325475001464
ct_w3_i2,3,evaluation,width3,42,256,sampled_full_fisher,47,47,0.0,0.9278454767542614,0.9278454767542731,0.9999999999999998,0.5675865777533149,5.477225575051423,2.738612787525831,3.705325475001464
ct_w3_i2,3,evaluation,width3,42,256,protected_ray_star,47,47,0.0,0.9781548868217247,0.9781548868217247,0.9999999999999998,0.5111664898231081,5.477225575051423,2.7997741711686204,3.705325475001464
ct_w3_i2,3,evaluation,width3,50,256,sampled_adam,47,44,0.0,0.3462053761838054,0.346205376183723,1.0,0.9916114839312152,5.47722557504914,0.13711307325911826,3.8065645551355702
ct_w3_i2,3,evaluation,width3,50,256,sampled_diagonal_fisher,47,44,0.0,0.3798782032905453,0.3798782032904219,1.0,0.9295209271319437,5.47722557504914,1.581180763279938,3.8065645551355702
ct_w3_i2,3,evaluation,width3,50,256,sampled_two_block_fisher,47,44,0.0,0.44559494224094537,0.44559494224079044,1.0,0.9046901259770225,5.47722557504914,1.7260805946886766,3.8065645551355702
ct_w3_i2,3,evaluation,width3,50,256,sampled_star_fisher,47,44,0.0,0.5647164653183384,0.5647164653181156,1.0,0.8563419646072359,5.47722557504914,1.841365682727227,3.8065645551355702
ct_w3_i2,3,evaluation,width3,50,256,sampled_full_fisher,47,44,0.0,0.7106454943123515,0.7106454943120966,1.0,0.7418200453757802,5.47722557504914,2.604180926590751,3.8065645551355702
ct_w3_i2,3,evaluation,width3,50,256,protected_ray_star,47,44,0.0,0.9789032131100431,0.9789032131099772,1.0,0.5107757266535308,5.47722557504914,2.797633873143856,3.8065645551355702
ct_w3_i2,3,evaluation,width3,101,256,sampled_adam,47,44,0.0,0.26631180596432796,0.2663118059643204,1.0,0.9936263564348216,5.477225575051908,0.13711306779120497,3.8646109167724054
ct_w3_i2,3,evaluation,width3,101,256,sampled_diagonal_fisher,47,44,0.0,0.38996154705208264,0.3899615470521199,1.0,0.9224603593817696,5.477225575051908,1.835751258912548,3.8646109167724054
ct_w3_i2,3,evaluation,width3,101,256,sampled_two_block_fisher,47,44,0.0,0.35406791804138166,0.35406791804139576,1.0,0.9356515036786878,5.477225575051908,1.78363452825045,3.8646109167724054
ct_w3_i2,3,evaluation,width3,101,256,sampled_star_fisher,47,44,0.0,0.6827175461122251,0.6827175461122595,1.0,0.7811214997323278,5.477225575051908,2.2269095402101655,3.8646109167724054
ct_w3_i2,3,evaluation,width3,101,256,sampled_full_fisher,47,44,0.0,0.7022162882047202,0.7022162882047874,1.0,0.7423407185897474,5.477225575051908,2.6949699559199467,3.8646109167724054
ct_w3_i2,3,evaluation,width3,101,256,protected_ray_star,47,44,0.0,0.9786366565449304,0.9786366565449441,1.0,0.5109148494041429,5.477225575051908,2.7983958798298483,3.8646109167724054
ct_w3_i3,3,evaluation,chain,0,256,sampled_adam,31,26,2.1884012449381074,0.6184826032013299,-0.5987994511005574,-0.8296644480133304,0.9756942702903378,2.7753601625557716,0.1113552745209126,8.819642718875622
ct_w3_i3,3,evaluation,chain,0,256,sampled_diagonal_fisher,31,26,2.1884012449381074,0.8559095441301928,-0.669886310833761,-0.8296644480133304,0.5209144203682351,2.7753601625557716,2.5495097567963922,8.819642718875622
ct_w3_i3,3,evaluation,chain,0,256,sampled_two_block_fisher,31,26,2.1884012449381074,0.8443155077486791,-0.7486105897731308,-0.8296644480133304,0.5409740575726633,2.7753601625557716,2.5495097567963922,8.819642718875622
ct_w3_i3,3,evaluation,chain,0,256,sampled_star_fisher,31,26,2.1884012449381074,0.5246851022301061,-0.10775886012474425,-0.8296644480133304,0.9380259234123558,2.7753601625557716,2.5495097567963922,8.819642718875622
ct_w3_i3,3,evaluation,chain,0,256,sampled_full_fisher,31,26,2.1884012449381074,0.8187023270949002,-0.6767044998264673,-0.8296644480133304,0.5760182656594154,2.7753601625557716,2.398481639540155,8.819642718875622
ct_w3_i3,3,evaluation,chain,0,256,protected_ray_star,31,26,2.1884012449381074,0.812349407272127,-0.9800585971735469,-0.8296644480133304,0.5964098321812467,2.7753601625557716,2.6013850234558276,8.819642718875622
ct_w3_i3,3,evaluation,chain,19,256,sampled_adam,31,27,2.2717485078526627,0.6740646323200543,-0.5987994455000409,-0.8716440231867646,0.9731525839510778,2.748706243705171,0.111355278709037,9.07623959622615
ct_w3_i3,3,evaluation,chain,19,256,sampled_diagonal_fisher,31,27,2.2717485078526627,0.8043730520483059,-0.6697011243758366,-0.8716440231867646,0.6067551639682172,2.748706243705171,2.5495097567963922,9.07623959622615
ct_w3_i3,3,evaluation,chain,19,256,sampled_two_block_fisher,31,27,2.2717485078526627,0.8590995867974226,-0.7515944143756579,-0.8716440231867646,0.5163629863513285,2.748706243705171,2.5495097567963922,9.07623959622615
ct_w3_i3,3,evaluation,chain,19,256,sampled_star_fisher,31,27,2.2717485078526627,0.5110094523695059,-0.2092398717251688,-0.8716440231867646,0.9551750569784382,2.748706243705171,2.5495097567963927,9.07623959622615
ct_w3_i3,3,evaluation,chain,19,256,sampled_full_fisher,31,27,2.2717485078526627,0.8319491893137235,-0.7031016584378127,-0.8716440231867646,0.5630243285764285,2.748706243705171,2.5495097567963927,9.07623959622615
ct_w3_i3,3,evaluation,chain,19,256,protected_ray_star,31,27,2.2717485078526627,0.9060876657095602,-0.9805766904435197,-0.8716440231867646,0.4249593325509037,2.748706243705171,2.600010566887162,9.07623959622615
ct_w3_i3,3,evaluation,chain,42,256,sampled_adam,31,25,2.677414015262751,0.5507762243050329,-0.46547466910094876,-0.8346880271003091,0.9778244203240796,2.6479429710482996,0.10954450434980435,8.982470610598918
ct_w3_i3,3,evaluation,chain,42,256,sampled_diagonal_fisher,31,25,2.677414015262751,0.8122496218858779,-0.6716695900376872,-0.8346880271003091,0.6024317045398804,2.6479429710482996,2.5495097567963922,8.982470610598918
ct_w3_i3,3,evaluation,chain,42,256,sampled_two_block_fisher,31,25,2.677414015262751,0.8033800333367065,-0.6881016285039939,-0.8346880271003091,0.6164444087357535,2.6479429710482996,2.5495097567963922,8.982470610598918
ct_w3_i3,3,evaluation,chain,42,256,sampled_star_fisher,31,25,2.677414015262751,0.6636597340502295,-0.35415392931101564,-0.8346880271003091,0.8056404486124312,2.6479429710482996,2.5495097567963927,8.982470610598918
ct_w3_i3,3,evaluation,chain,42,256,sampled_full_fisher,31,25,2.677414015262751,0.8223944210649449,-0.6796578534234476,-0.8346880271003091,0.5727066727596745,2.6479429710482996,2.3518051913547153,8.982470610598918
ct_w3_i3,3,evaluation,chain,42,256,protected_ray_star,31,25,2.677414015262751,0.8206133043686622,-0.9822406312586921,-0.8346880271003091,0.5933572741056801,2.6479429710482996,2.5956060823194864,8.982470610598918
ct_w3_i3,3,evaluation,chain,50,256,sampled_adam,31,29,2.562176695075012,0.5568966374905707,-0.5283524043815553,-0.8300222429975332,0.9736698463819562,2.282083044608547,0.11135522896295631,8.331432885829873
ct_w3_i3,3,evaluation,chain,50,256,sampled_diagonal_fisher,31,29,2.562176695075012,0.7392201014991815,-0.6701620924033174,-0.8300222429975332,0.7722767473825748,2.282083044608547,2.5495097567963922,8.331432885829873
ct_w3_i3,3,evaluation,chain,50,256,sampled_two_block_fisher,31,29,2.562176695075012,0.8234757911699102,-0.7387206196436366,-0.8300222429975332,0.6388684757931632,2.282083044608547,2.549509756796392,8.331432885829873
ct_w3_i3,3,evaluation,chain,50,256,sampled_star_fisher,31,29,2.562176695075012,0.31374768269556513,-0.18924852951366947,-0.8300222429975332,1.2438144898694468,2.282083044608547,2.549509756796392,8.331432885829873
ct_w3_i3,3,evaluation,chain,50,256,sampled_full_fisher,31,29,2.562176695075012,0.5670420239601197,-0.5272506860764385,-0.8300222429975332,0.9905155364634629,2.282083044608547,2.5495097567963922,8.331432885829873
ct_w3_i3,3,evaluation,chain,50,256,protected_ray_star,31,29,2.562176695075012,0.8304876694823362,-0.983482260303527,-0.8300222429975332,0.6352925682250221,2.282083044608547,2.5923291753219324,8.331432885829873
ct_w3_i3,3,evaluation,chain,101,256,sampled_adam,31,25,2.136301284836752,0.658791557811839,-0.5987994154924865,-0.8769763272475244,0.9758827653909256,2.991960860479162,0.11135527906879601,9.406082016770016
ct_w3_i3,3,evaluation,chain,101,256,sampled_diagonal_fisher,31,25,2.136301284836752,0.8277159728645593,-0.7294659295732828,-0.8769763272475244,0.5616776886440696,2.991960860479162,2.549509756796392,9.406082016770016
ct_w3_i3,3,evaluation,chain,101,256,sampled_two_block_fisher,31,25,2.136301284836752,0.8860886424895211,-0.8140731814660284,-0.8769763272475244,0.46475884582364285,2.991960860479162,2.5495097567963927,9.406082016770016
ct_w3_i3,3,evaluation,chain,101,256,sampled_star_fisher,31,25,2.136301284836752,0.4770399828460085,-0.2689952042594928,-0.8769763272475244,0.9555720230183177,2.991960860479162,2.5495097567963922,9.406082016770016
ct_w3_i3,3,evaluation,chain,101,256,sampled_full_fisher,31,25,2.136301284836752,0.8975101108884702,-0.7987040735471149,-0.8769763272475244,0.44332365258933454,2.991960860479162,2.5495097567963922,9.406082016770016
ct_w3_i3,3,evaluation,chain,101,256,protected_ray_star,31,25,2.136301284836752,0.8739082045227857,-0.9802327914672663,-0.8769763272475244,0.4861127968325716,2.991960860479162,2.6009227389548415,9.406082016770016
ct_w3_i3,3,evaluation,problem_tree,0,256,sampled_adam,31,27,1.0674449041624916,0.08628375227757892,-0.03126510566479152,0.9484204726430698,0.997640965639746,3.2740419838997683,0.1113552708619983,4.930358636169176
ct_w3_i3,3,evaluation,problem_tree,0,256,sampled_diagonal_fisher,31,27,1.0674449041624916,0.2651780910196917,0.12518287331701466,0.9484204726430698,1.0181312628148846,3.2740419838997683,1.9387242562345934,4.930358636169176
ct_w3_i3,3,evaluation,problem_tree,0,256,sampled_two_block_fisher,31,27,1.0674449041624916,0.048083963256374984,-0.15675936798769052,0.9484204726430698,1.1238017760294394,3.2740419838997683,1.8436161600397252,4.930358636169176
ct_w3_i3,3,evaluation,problem_tree,0,256,sampled_star_fisher,31,27,1.0674449041624916,0.626226604453493,0.5420455955664453,0.9484204726430698,0.7810870297608488,3.2740419838997683,1.8947594102439307,4.930358636169176
ct_w3_i3,3,evaluation,problem_tree,0,256,sampled_full_fisher,31,27,1.0674449041624916,0.6632372165417917,0.4804255224069916,0.9484204726430698,0.7713045172491738,3.2740419838997683,1.560752219679102,4.930358636169176
ct_w3_i3,3,evaluation,problem_tree,0,256,protected_ray_star,31,27,1.0674449041624916,0.9473591409930496,0.9645574264487625,0.9484204726430698,0.41614623393922473,3.2740419838997683,2.231346146121361,4.930358636169176
ct_w3_i3,3,evaluation,problem_tree,19,256,sampled_adam,31,28,0.888181727768109,0.37708369344127896,0.3126526856241207,0.9631521216281969,0.9888113796645676,3.620125122765759,0.11135527992030175,4.112498332379406
ct_w3_i3,3,evaluation,problem_tree,19,256,sampled_diagonal_fisher,31,28,0.888181727768109,0.3850874876627194,0.3132729634704525,0.9631521216281969,0.9630382550176274,3.620125122765759,2.390323412982082,4.112498332379406
ct_w3_i3,3,evaluation,problem_tree,19,256,sampled_two_block_fisher,31,28,0.888181727768109,0.20870403886970249,0.11270994282784397,0.9631521216281969,1.013147620727531,3.620125122765759,1.7135040971847342,4.112498332379406
ct_w3_i3,3,evaluation,problem_tree,19,256,sampled_star_fisher,31,28,0.888181727768109,0.42427439948342915,0.3812603846619398,0.9631521216281969,0.9256810289938524,3.620125122765759,2.2312744588554514,4.112498332379406
ct_w3_i3,3,evaluation,problem_tree,19,256,sampled_full_fisher,31,28,0.888181727768109,0.5498055509930677,0.5432283064700903,0.9631521216281969,0.8431333342048299,3.620125122765759,1.5750754191328058,4.112498332379406
ct_w3_i3,3,evaluation,problem_tree,19,256,protected_ray_star,31,28,0.888181727768109,0.9500498315445965,0.9793618673395765,0.9631521216281969,0.3457705801571329,3.620125122765759,2.9004964895969447,4.112498332379406
ct_w3_i3,3,evaluation,problem_tree,42,256,sampled_adam,31,26,0.8021027878201543,0.3755109917853554,0.2813873146690987,0.9314759459995879,0.9869800805917932,3.076892007075623,0.11135522004978918,4.1884322621022685
ct_w3_i3,3,evaluation,problem_tree,42,256,sampled_diagonal_fisher,31,26,0.8021027878201543,0.4250093427188915,0.255639212479245,0.9314759459995879,0.971460622032753,3.076892007075623,2.392802865789722,4.1884322621022685
ct_w3_i3,3,evaluation,problem_tree,42,256,sampled_two_block_fisher,31,26,0.8021027878201543,0.016993211726927006,-0.2322333175451588,0.9314759459995879,1.2396113519153549,3.076892007075623,2.306884166527061,4.1884322621022685
ct_w3_i3,3,evaluation,problem_tree,42,256,sampled_star_fisher,31,26,0.8021027878201543,0.6955351719827325,0.6217386490413788,0.9314759459995879,0.7187222936217851,3.076892007075623,2.1960582128336474,4.1884322621022685
ct_w3_i3,3,evaluation,problem_tree,42,256,sampled_full_fisher,31,26,0.8021027878201543,0.6316820321958921,0.4591525546364458,0.9314759459995879,0.7842067936003594,3.076892007075623,1.5795223157175753,4.1884322621022685
ct_w3_i3,3,evaluation,problem_tree,42,256,protected_ray_star,31,26,0.8021027878201543,0.9367368911159765,0.9805137513209311,0.9314759459995879,0.35036919627225355,3.076892007075623,2.9293636314631244,4.1884322621022685
ct_w3_i3,3,evaluation,problem_tree,50,256,sampled_adam,31,28,0.9229766506872273,0.24677678837933692,8.245840271050479e-09,0.9149095973497535,0.9919152145261495,3.1698512399185304,0.11135527855180222,4.962749750205163
ct_w3_i3,3,evaluation,problem_tree,50,256,sampled_diagonal_fisher,31,28,0.9229766506872273,0.3855931414272908,0.1269210766734879,0.9149095973497535,0.9944235117291425,3.1698512399185304,2.397942439458184,4.962749750205163
ct_w3_i3,3,evaluation,problem_tree,50,256,sampled_two_block_fisher,31,28,0.9229766506872273,-0.031002442372089472,-0.29887602595807766,0.9149095973497535,1.2631175385480098,3.1698512399185304,2.349761481173976,4.962749750205163
ct_w3_i3,3,evaluation,problem_tree,50,256,sampled_star_fisher,31,28,0.9229766506872273,0.8178551144662312,0.6701326048878714,0.9149095973497535,0.5974672749709302,3.1698512399185304,2.082791680927545,4.962749750205163
ct_w3_i3,3,evaluation,problem_tree,50,256,sampled_full_fisher,31,28,0.9229766506872273,0.5066224464792536,0.3233518051736507,0.9149095973497535,0.8628573522319621,3.1698512399185304,1.7152254383415015,4.962749750205163
ct_w3_i3,3,evaluation,problem_tree,50,256,protected_ray_star,31,28,0.9229766506872273,0.9449665809535711,0.9787312068066291,0.9149095973497535,0.32956784179129356,3.1698512399185304,2.869531993910867,4.962749750205163
ct_w3_i3,3,evaluation,problem_tree,101,256,sampled_adam,31,26,0.9642104780688663,0.3162375519113672,0.25012225954872824,0.9459543248163452,0.9904802915427035,3.5315286669567088,0.11135525714221679,4.149312809965628
ct_w3_i3,3,evaluation,problem_tree,101,256,sampled_diagonal_fisher,31,26,0.9642104780688663,0.4853356469432097,0.39139479904924834,0.9459543248163452,0.8782497471282633,3.5315286669567088,2.006759614654581,4.149312809965628
ct_w3_i3,3,evaluation,problem_tree,101,256,sampled_two_block_fisher,31,26,0.9642104780688663,0.09534236903897825,-0.06979889043473432,0.9459543248163452,1.1029023728505065,3.5315286669567088,2.0136554897033507,4.149312809965628
ct_w3_i3,3,evaluation,problem_tree,101,256,sampled_star_fisher,31,26,0.9642104780688663,0.6303301359714445,0.5850517374249214,0.9459543248163452,0.7771189137203303,3.5315286669567088,2.102179167179111,4.149312809965628
ct_w3_i3,3,evaluation,problem_tree,101,256,sampled_full_fisher,31,26,0.9642104780688663,0.5110435496405813,0.33409058243166784,0.9459543248163452,0.8595562379361789,3.5315286669567088,1.7992532664814327,4.149312809965628
ct_w3_i3,3,evaluation,problem_tree,101,256,protected_ray_star,31,26,0.9642104780688663,0.9516511899296034,0.9791061219435602,0.9459543248163452,0.3301419531241602,3.5315286669567088,2.933575083329512,4.149312809965628
ct_w3_i3,3,evaluation,width2,0,256,sampled_adam,42,41,0.9749683077379618,0.4279470875617004,0.32258715330608084,0.9827939395054417,0.9890953052824529,4.958317968430724,0.1296147687967876,3.7031729202180763
ct_w3_i3,3,evaluation,width2,0,256,sampled_diagonal_fisher,42,41,0.9749683077379618,0.36473064749014056,0.28475689190259934,0.9827939395054417,0.9344273817852755,4.958317968430724,2.1983325283464517,3.7031729202180763
ct_w3_i3,3,evaluation,width2,0,256,sampled_two_block_fisher,42,41,0.9749683077379618,0.3189620720377757,0.21056802528701807,0.9827939395054417,0.9594696995867709,4.958317968430724,2.322263979562318,3.7031729202180763
ct_w3_i3,3,evaluation,width2,0,256,sampled_star_fisher,42,41,0.9749683077379618,0.700685466750195,0.6408706521658804,0.9827939395054417,0.7367203438876723,4.958317968430724,2.5637657594385743,3.7031729202180763
ct_w3_i3,3,evaluation,width2,0,256,sampled_full_fisher,42,41,0.9749683077379618,0.7219044392895982,0.6512804898514117,0.9827939395054417,0.7454548309441863,4.958317968430724,2.2049047669652224,3.7031729202180763
ct_w3_i3,3,evaluation,width2,0,256,protected_ray_star,42,41,0.9749683077379618,0.9819801954172863,0.9818166615770948,0.9827939395054417,0.41357757172251725,4.958317968430724,3.044932218784312,3.7031729202180763
ct_w3_i3,3,evaluation,width2,19,256,sampled_adam,42,42,0.6986833410560661,0.3566268930409672,0.3225873616350021,0.9922443318684395,0.991413993052199,5.218589181466924,0.12961478105471624,3.994646363720854
ct_w3_i3,3,evaluation,width2,19,256,sampled_diagonal_fisher,42,42,0.6986833410560661,0.2842843660047813,0.26631590929805365,0.9922443318684395,0.9587669058889591,5.218589181466924,1.5210430277078277,3.994646363720854
ct_w3_i3,3,evaluation,width2,19,256,sampled_two_block_fisher,42,42,0.6986833410560661,0.7246065163246845,0.7099294766776371,0.9922443318684395,0.8018469531110283,5.218589181466924,1.642355024366347,3.994646363720854
ct_w3_i3,3,evaluation,width2,19,256,sampled_star_fisher,42,42,0.6986833410560661,0.665178221033146,0.6423613789127798,0.9922443318684395,0.8086994649309708,5.218589181466924,1.8505280314994275,3.994646363720854
ct_w3_i3,3,evaluation,width2,19,256,sampled_full_fisher,42,42,0.6986833410560661,0.9076336112223459,0.8968151393315217,0.9922443318684395,0.5740159441704267,5.218589181466924,2.6933504794072176,3.994646363720854
ct_w3_i3,3,evaluation,width2,19,256,protected_ray_star,42,42,0.6986833410560661,0.9742650591699636,0.9773939655536783,0.9922443318684395,0.4488491047061621,5.218589181466924,3.058710500715858,3.994646363720854
ct_w3_i3,3,evaluation,width2,42,256,sampled_adam,42,40,0.584122232190416,0.24873614242864392,0.21935939565973248,0.988005909662286,0.9938150567333399,4.9537993375387845,0.12961480088874744,3.848606193341796
ct_w3_i3,3,evaluation,width2,42,256,sampled_diagonal_fisher,42,40,0.584122232190416,0.3275727465463405,0.29075231995178535,0.988005909662286,0.9475547888606621,4.9537993375387845,1.9787139000926537,3.848606193341796
ct_w3_i3,3,evaluation,width2,42,256,sampled_two_block_fisher,42,40,0.584122232190416,0.3270079138605827,0.26545578008274767,0.988005909662286,0.9459914736686006,4.9537993375387845,1.832081708024649,3.848606193341796
ct_w3_i3,3,evaluation,width2,42,256,sampled_star_fisher,42,40,0.584122232190416,0.7067513740140388,0.6595831884710541,0.988005909662286,0.7454160877853857,4.9537993375387845,2.3378299515389824,3.848606193341796
ct_w3_i3,3,evaluation,width2,42,256,sampled_full_fisher,42,40,0.584122232190416,0.8062789064707018,0.7707695682518997,0.988005909662286,0.6636830652185656,4.9537993375387845,2.503380442251807,3.848606193341796
ct_w3_i3,3,evaluation,width2,42,256,protected_ray_star,42,40,0.584122232190416,0.9813190231338503,0.9796587589225552,0.988005909662286,0.41286362569783086,4.9537993375387845,3.051639316799783,3.848606193341796
ct_w3_i3,3,evaluation,width2,50,256,sampled_adam,42,41,0.5444580119877516,0.37092667472248386,0.34839432319428004,0.9920379248311831,0.990930367371407,5.144229024843781,0.12961480129944397,3.9994494317610574
ct_w3_i3,3,evaluation,width2,50,256,sampled_diagonal_fisher,42,41,0.5444580119877516,0.38068971447394057,0.36279183978779145,0.9920379248311831,0.9247808446888838,5.144229024843781,2.0201435460279473,3.9994494317610574
ct_w3_i3,3,evaluation,width2,50,256,sampled_two_block_fisher,42,41,0.5444580119877516,0.3972825697133512,0.35866103999873805,0.9920379248311831,0.9207939111866577,5.144229024843781,1.6555066621720487,3.9994494317610574
ct_w3_i3,3,evaluation,width2,50,256,sampled_star_fisher,42,41,0.5444580119877516,0.6375645621423139,0.6342654863196766,0.9920379248311831,0.8071791524863288,5.144229024843781,2.0405980040985394,3.9994494317610574
ct_w3_i3,3,evaluation,width2,50,256,sampled_full_fisher,42,41,0.5444580119877516,0.8662527558865053,0.8602457438087976,0.9920379248311831,0.6096810654780926,5.144229024843781,2.658628757156475,3.9994494317610574
ct_w3_i3,3,evaluation,width2,50,256,protected_ray_star,42,41,0.5444580119877516,0.9740428921482707,0.9803208769247373,0.9920379248311831,0.44336761442253003,5.144229024843781,3.0495782107115827,3.9994494317610574
ct_w3_i3,3,evaluation,width2,101,256,sampled_adam,42,39,0.6325340915536466,0.19718701157080917,0.16774548317741267,0.9916083932917747,0.9954117362684696,5.2324978511009235,0.12961479321635638,4.388542023260462
ct_w3_i3,3,evaluation,width2,101,256,sampled_diagonal_fisher,42,39,0.6325340915536466,0.3702178224549214,0.33456171238831234,0.9916083932917747,0.9291986873262323,5.2324978511009235,1.8235528765983118,4.388542023260462
ct_w3_i3,3,evaluation,width2,101,256,sampled_two_block_fisher,42,39,0.6325340915536466,0.3693502457050283,0.3084135075421422,0.9916083932917747,0.9293807003820734,5.2324978511009235,2.0004635038447445,4.388542023260462
ct_w3_i3,3,evaluation,width2,101,256,sampled_star_fisher,42,39,0.6325340915536466,0.7054202696663185,0.671623847416707,0.9916083932917747,0.7623261077774042,5.2324978511009235,2.222661458027123,4.388542023260462
ct_w3_i3,3,evaluation,width2,101,256,sampled_full_fisher,42,39,0.6325340915536466,0.7433004095544535,0.7074844344538912,0.9916083932917747,0.705650218595747,5.2324978511009235,2.714185331533069,4.388542023260462
ct_w3_i3,3,evaluation,width2,101,256,protected_ray_star,42,39,0.6325340915536466,0.9780153775848546,0.9783527523783068,0.9916083932917747,0.44580707311480755,5.2324978511009235,3.0557129609007863,4.388542023260462
ct_w3_i3,3,evaluation,width3,0,256,sampled_adam,47,47,0.0,0.2637808557873282,0.26378085578732896,0.9999999999999998,0.9942918130899812,6.082762530298181,0.13711304494993726,2.9576704736501878
ct_w3_i3,3,evaluation,width3,0,256,sampled_diagonal_fisher,47,47,0.0,0.3350001468259391,0.33500014682593365,0.9999999999999998,0.9474247574291732,6.082762530298181,2.641079029021504,2.9576704736501878
ct_w3_i3,3,evaluation,width3,0,256,sampled_two_block_fisher,47,47,0.0,0.667843944185584,0.6678439441855655,0.9999999999999998,0.8106587149668043,6.082762530298181,2.10842358855607,2.9576704736501878
ct_w3_i3,3,evaluation,width3,0,256,sampled_star_fisher,47,47,0.0,0.40010998817873333,0.40010998817873267,0.9999999999999998,0.9166887287696773,6.082762530298181,2.3111753513218427,2.9576704736501878
ct_w3_i3,3,evaluation,width3,0,256,sampled_full_fisher,47,47,0.0,0.8923949819889004,0.8923949819889053,0.9999999999999998,0.6223378499938608,6.082762530298181,2.8213304188963106,2.9576704736501878
ct_w3_i3,3,evaluation,width3,0,256,protected_ray_star,47,47,0.0,0.9808447466791516,0.9808447466791508,0.9999999999999998,0.5097646714149697,6.082762530298181,3.1007774425527823,2.9576704736501878
ct_w3_i3,3,evaluation,width3,19,256,sampled_adam,47,46,0.0,0.1438804125789162,0.1438804125788482,1.0000000000000004,0.9970063285107466,6.082762530295884,0.13711307492138702,3.4408039061446676
ct_w3_i3,3,evaluation,width3,19,256,sampled_diagonal_fisher,47,46,0.0,0.37737210080164396,0.3773721008015642,1.0000000000000004,0.926592240394955,6.082762530295884,2.1047644560867385,3.4408039061446676
ct_w3_i3,3,evaluation,width3,19,256,sampled_two_block_fisher,47,46,0.0,0.6319897486662271,0.6319897486661561,1.0000000000000004,0.8217231243261162,6.082762530295884,2.182413964822267,3.4408039061446676
ct_w3_i3,3,evaluation,width3,19,256,sampled_star_fisher,47,46,0.0,0.5761966438599464,0.5761966438598194,1.0000000000000004,0.8335789880024214,6.082762530295884,2.508027067002537,3.4408039061446676
ct_w3_i3,3,evaluation,width3,19,256,sampled_full_fisher,47,46,0.0,0.8413155466844264,0.8413155466842809,1.0000000000000004,0.6392843290081831,6.082762530295884,3.04138126514911,3.4408039061446676
ct_w3_i3,3,evaluation,width3,19,256,protected_ray_star,47,46,0.0,0.9791934997337483,0.9791934997337162,1.0000000000000004,0.5106243047321735,6.082762530295884,3.106006387885733,3.4408039061446676
ct_w3_i3,3,evaluation,width3,42,256,sampled_adam,47,47,0.0,0.19184048815346083,0.1918404881534721,0.9999999999999994,0.9959214125775029,6.082762530298812,0.13711305496978807,3.8364648397590617
ct_w3_i3,3,evaluation,width3,42,256,sampled_diagonal_fisher,47,47,0.0,0.3070440411808129,0.30704404118082923,0.9999999999999994,0.9536630056398611,6.082762530298812,1.4952255258636529,3.8364648397590617
ct_w3_i3,3,evaluation,width3,42,256,sampled_two_block_fisher,47,47,0.0,0.4394178355177492,0.43941783551778085,0.9999999999999994,0.913788472717247,6.082762530298812,1.6532645860779736,3.8364648397590617
ct_w3_i3,3,evaluation,width3,42,256,sampled_star_fisher,47,47,0.0,0.7055708030988846,0.705570803098888,0.9999999999999994,0.7844695190111143,6.082762530298812,2.245057413992138,3.8364648397590617
ct_w3_i3,3,evaluation,width3,42,256,sampled_full_fisher,47,47,0.0,0.8751897166797912,0.8751897166798069,0.9999999999999994,0.6359239354901741,6.082762530298812,2.8129571868990473,3.8364648397590617
ct_w3_i3,3,evaluation,width3,42,256,protected_ray_star,47,47,0.0,0.9786431750473535,0.9786431750473549,0.9999999999999994,0.5109114463255222,6.082762530298812,3.1077530020090753,3.8364648397590617
ct_w3_i3,3,evaluation,width3,50,256,sampled_adam,47,45,0.0,0.21582052843976676,0.21582052843979044,1.0,0.9953785100823592,6.082762530299116,0.13711308102616956,3.746443405675704
ct_w3_i3,3,evaluation,width3,50,256,sampled_diagonal_fisher,47,45,0.0,0.25579673140405834,0.25579673140405856,1.0,0.9817954918345405,6.082762530299116,2.598117341703398,3.746443405675704
ct_w3_i3,3,evaluation,width3,50,256,sampled_two_block_fisher,47,45,0.0,0.5109314245126284,0.5109314245126964,1.0,0.8834788258158321,6.082762530299116,1.8674419467569594,3.746443405675704
ct_w3_i3,3,evaluation,width3,50,256,sampled_star_fisher,47,45,0.0,0.5490341171050128,0.5490341171050428,1.0,0.8569272869219463,6.082762530299116,2.1893289976024732,3.746443405675704
ct_w3_i3,3,evaluation,width3,50,256,sampled_full_fisher,47,45,0.0,0.7738883018780751,0.7738883018781925,1.0,0.7272598861285478,6.082762530299116,2.532758869099906,3.746443405675704
ct_w3_i3,3,evaluation,width3,50,256,protected_ray_star,47,45,0.0,0.9800467914425371,0.9800467914425681,1.0,0.5101797224029775,6.082762530299116,3.10330209915017,3.746443405675704
ct_w3_i3,3,evaluation,width3,101,256,sampled_adam,47,45,0.0,0.21582052515683325,0.2158205251568628,1.0,0.9953785101927135,6.082762530299342,0.13711307989814772,4.198727414822244
ct_w3_i3,3,evaluation,width3,101,256,sampled_diagonal_fisher,47,45,0.0,0.3317252711545805,0.33172527115455447,1.0,0.9459100625812344,6.082762530299342,1.596928900726223,4.198727414822244
ct_w3_i3,3,evaluation,width3,101,256,sampled_two_block_fisher,47,45,0.0,0.47846919979043234,0.4784691997904483,1.0,0.8901081403989908,6.082762530299342,2.0242230964569146,4.198727414822244
ct_w3_i3,3,evaluation,width3,101,256,sampled_star_fisher,47,45,0.0,0.6101970379912534,0.6101970379912408,1.0,0.8397874591884193,6.082762530299342,2.0174033401273794,4.198727414822244
ct_w3_i3,3,evaluation,width3,101,256,sampled_full_fisher,47,45,0.0,0.7293828812165118,0.729382881216576,1.0,0.7546825923100882,6.082762530299342,2.498320141631448,4.198727414822244
ct_w3_i3,3,evaluation,width3,101,256,protected_ray_star,47,45,0.0,0.9779101438555434,0.9779101438555512,1.0,0.5112944201895376,6.082762530299342,3.1100825410789037,4.198727414822244
ct_w3_i4,3,evaluation,chain,0,256,sampled_adam,31,29,2.33857048045951,0.44372896065618184,-0.20269858292010728,-0.8241815741477438,0.979697555567432,2.3261014233915405,0.11135525188527921,8.006185222376653
ct_w3_i4,3,evaluation,chain,0,256,sampled_diagonal_fisher,31,29,2.33857048045951,0.6184042290763156,-0.4567481879577398,-0.8241815741477438,0.8953987916778008,2.3261014233915405,2.436698586202241,8.006185222376653
ct_w3_i4,3,evaluation,chain,0,256,sampled_two_block_fisher,31,29,2.33857048045951,0.5110300706404706,-0.3052577939670993,-0.8241815741477438,1.0132609576469025,2.3261014233915405,2.436698586202241,8.006185222376653
ct_w3_i4,3,evaluation,chain,0,256,sampled_star_fisher,31,29,2.33857048045951,0.15555459263470545,0.051706657434661796,-0.8241815741477438,1.2356524767667925,2.3261014233915405,2.0885399919075085,8.006185222376653
ct_w3_i4,3,evaluation,chain,0,256,sampled_full_fisher,31,29,2.33857048045951,0.14415650843876146,0.03176899697171029,-0.8241815741477438,1.3398999000492227,2.3261014233915405,2.4366985862022403,8.006185222376653
ct_w3_i4,3,evaluation,chain,0,256,protected_ray_star,31,29,2.33857048045951,0.8495693474642453,-0.975991125283606,-0.8241815741477438,0.54264647711694,2.3261014233915405,2.272552751150174,8.006185222376653
ct_w3_i4,3,evaluation,chain,19,256,sampled_adam,31,28,2.216471433130136,0.6361801089481113,-0.48702461617472637,-0.8446551562421235,0.971083346400036,2.356026368510585,0.10954450685907872,8.09984292078378
ct_w3_i4,3,evaluation,chain,19,256,sampled_diagonal_fisher,31,28,2.216471433130136,0.7730978893802617,-0.6049694642696357,-0.8446551562421235,0.6859411570891147,2.356026368510585,2.4366985862022403,8.09984292078378
ct_w3_i4,3,evaluation,chain,19,256,sampled_two_block_fisher,31,28,2.216471433130136,0.8110483343017967,-0.6309899481039052,-0.8446551562421235,0.6261113912703479,2.356026368510585,2.436698586202241,8.09984292078378
ct_w3_i4,3,evaluation,chain,19,256,sampled_star_fisher,31,28,2.216471433130136,0.7006304887593061,-0.4694801899430306,-0.8446551562421235,0.7876628435813429,2.356026368510585,2.436698586202241,8.09984292078378
ct_w3_i4,3,evaluation,chain,19,256,sampled_full_fisher,31,28,2.216471433130136,0.8388612352997921,-0.7320187600888405,-0.8446551562421235,0.5783467822658949,2.356026368510585,2.4366985862022412,8.09984292078378
ct_w3_i4,3,evaluation,chain,19,256,protected_ray_star,31,28,2.216471433130136,0.8387199911242027,-0.9806410014157597,-0.8446551562421235,0.5858139331465665,2.356026368510585,2.4848018619294514,8.09984292078378
ct_w3_i4,3,evaluation,chain,42,256,sampled_adam,31,26,2.435525788745284,0.6504279466979971,-0.5712405460350195,-0.8250110514234453,0.9667396940470331,2.1252609281154142,0.11135527709968311,7.686460911455801
ct_w3_i4,3,evaluation,chain,42,256,sampled_diagonal_fisher,31,26,2.435525788745284,0.8651097615351389,-0.8108146991363061,-0.8250110514234453,0.575142233333221,2.1252609281154142,2.436698586202241,7.686460911455801
ct_w3_i4,3,evaluation,chain,42,256,sampled_two_block_fisher,31,26,2.435525788745284,0.8953024375475239,-0.825815506421821,-0.8250110514234453,0.5114238090390846,2.1252609281154142,2.436698586202241,7.686460911455801
ct_w3_i4,3,evaluation,chain,42,256,sampled_star_fisher,31,26,2.435525788745284,0.7172883654309876,-0.5973183208952715,-0.8250110514234453,0.8183856932186729,2.1252609281154142,2.436698586202241,7.686460911455801
ct_w3_i4,3,evaluation,chain,42,256,sampled_full_fisher,31,26,2.435525788745284,0.8869170477848763,-0.7999143571240477,-0.8250110514234453,0.5298893254003835,2.1252609281154142,2.4366985862022403,7.686460911455801
ct_w3_i4,3,evaluation,chain,42,256,protected_ray_star,31,26,2.435525788745284,0.7997461193426768,-0.9812999456642705,-0.8250110514234453,0.704488715791159,2.1252609281154142,2.4831333140987475,7.686460911455801
ct_w3_i4,3,evaluation,chain,50,256,sampled_adam,31,24,1.9475735239423828,0.5881677197060504,-0.3869695959227288,-0.7462626289625353,0.9693104984114269,2.068190701934124,0.11135526425496198,7.411820794656009
ct_w3_i4,3,evaluation,chain,50,256,sampled_diagonal_fisher,31,24,1.9475735239423828,0.7120678004997463,-0.5895110315170969,-0.7462626289625353,0.842744906556838,2.068190701934124,2.4366985862022412,7.411820794656009
ct_w3_i4,3,evaluation,chain,50,256,sampled_two_block_fisher,31,24,1.9475735239423828,0.7321690966642882,-0.7241342688898877,-0.7462626289625353,0.8141579285901698,2.068190701934124,2.4366985862022412,7.411820794656009
ct_w3_i4,3,evaluation,chain,50,256,sampled_star_fisher,31,24,1.9475735239423828,0.39850242505847056,-0.1598875604901583,-0.7462626289625353,1.2037820307543514,2.068190701934124,2.4366985862022412,7.411820794656009
ct_w3_i4,3,evaluation,chain,50,256,sampled_full_fisher,31,24,1.9475735239423828,0.6550598291045476,-0.6228478232727583,-0.7462626289625353,0.9189940980656223,2.068190701934124,2.4366985862022403,7.411820794656009
ct_w3_i4,3,evaluation,chain,50,256,protected_ray_star,31,24,1.9475735239423828,0.7804621377962396,-0.9791702370985117,-0.7462626289625353,0.7547329090556515,2.068190701934124,2.4885341627853133,7.411820794656009
ct_w3_i4,3,evaluation,chain,101,256,sampled_adam,31,27,2.1025120953879237,0.6084405837848614,-0.4975322340736243,-0.8316752765836881,0.9715593611600131,2.321363563918366,0.1113552697253309,7.87165670324354
ct_w3_i4,3,evaluation,chain,101,256,sampled_diagonal_fisher,31,27,2.1025120953879237,0.8439997432924317,-0.6931596536351674,-0.8316752765836881,0.5744306022253675,2.321363563918366,2.4366985862022403,7.87165670324354
ct_w3_i4,3,evaluation,chain,101,256,sampled_two_block_fisher,31,27,2.1025120953879237,0.7651592801601372,-0.6060201408862463,-0.8316752765836881,0.7039074434946173,2.321363563918366,2.436698586202241,7.87165670324354
ct_w3_i4,3,evaluation,chain,101,256,sampled_star_fisher,31,27,2.1025120953879237,0.6329290680288345,-0.3738583860765777,-0.8316752765836881,0.8792528703314372,2.321363563918366,2.4366985862022403,7.87165670324354
ct_w3_i4,3,evaluation,chain,101,256,sampled_full_fisher,31,27,2.1025120953879237,0.6645573474068657,-0.5060181745297094,-0.8316752765836881,0.8406462999394146,2.321363563918366,2.436698586202241,7.87165670324354
ct_w3_i4,3,evaluation,chain,101,256,protected_ray_star,31,27,2.1025120953879237,0.8634541249718988,-0.9803047938404991,-0.8316752765836881,0.5453697847833343,2.321363563918366,2.4856540552618225,7.87165670324354
ct_w3_i4,3,evaluation,problem_tree,0,256,sampled_adam,31,29,0.9309404693238842,0.42378065846825563,0.21585871860470873,0.8997129969209191,0.9825720209194246,2.593134688522181,0.11135527836553501,3.9214446559315963
ct_w3_i4,3,evaluation,problem_tree,0,256,sampled_diagonal_fisher,31,29,0.9309404693238842,0.5474824821140041,0.2953813316795541,0.8997129969209191,0.9724292524500333,2.593134688522181,2.704163456597992,3.9214446559315963
ct_w3_i4,3,evaluation,problem_tree,0,256,sampled_two_block_fisher,31,29,0.9309404693238842,0.14306383855601823,-0.19314120055640588,0.8997129969209191,1.3206470546060507,2.593134688522181,2.6384215818242414,3.9214446559315963
ct_w3_i4,3,evaluation,problem_tree,0,256,sampled_star_fisher,31,29,0.9309404693238842,0.6620995796301231,0.503526526566159,0.8997129969209191,0.8405768651835739,2.593134688522181,2.704163456597992,3.9214446559315963
ct_w3_i4,3,evaluation,problem_tree,0,256,sampled_full_fisher,31,29,0.9309404693238842,0.6019290441282196,0.3217860603900009,0.8997129969209191,0.8050355452273461,2.593134688522181,1.8253421840862585,3.9214446559315963
ct_w3_i4,3,evaluation,problem_tree,0,256,protected_ray_star,31,29,0.9309404693238842,0.9290551713395508,0.9828809551380184,0.8997129969209191,0.3927600873554322,2.593134688522181,2.7512624417656637,3.9214446559315963
ct_w3_i4,3,evaluation,problem_tree,19,256,sampled_adam,31,29,0.7926563238170926,0.2573418897999763,0.08302259092447886,0.9155306458141054,0.9909144168043299,2.934867264333936,0.111355281976493,4.862444107568566
ct_w3_i4,3,evaluation,problem_tree,19,256,sampled_diagonal_fisher,31,29,0.7926563238170926,0.30813275631582293,0.09943277480410605,0.9155306458141054,1.0821029861558005,2.934867264333936,2.4176866290393773,4.862444107568566
ct_w3_i4,3,evaluation,problem_tree,19,256,sampled_two_block_fisher,31,29,0.7926563238170926,0.03651924023612388,-0.15798548882778324,0.9155306458141054,1.15407161339187,2.934867264333936,1.8013245938431959,4.862444107568566
ct_w3_i4,3,evaluation,problem_tree,19,256,sampled_star_fisher,31,29,0.7926563238170926,0.5478005655933774,0.3772215226972142,0.9155306458141054,0.8794913028317158,2.934867264333936,2.4038796104580498,4.862444107568566
ct_w3_i4,3,evaluation,problem_tree,19,256,sampled_full_fisher,31,29,0.7926563238170926,0.4823650405362902,0.2971645672556322,0.9155306458141054,0.8779604244893899,2.934867264333936,1.5890716323769551,4.862444107568566
ct_w3_i4,3,evaluation,problem_tree,19,256,protected_ray_star,31,29,0.7926563238170926,0.9304825899606487,0.9767068969895242,0.9155306458141054,0.37228269341970893,2.934867264333936,2.536337257474258,4.862444107568566
ct_w3_i4,3,evaluation,problem_tree,42,256,sampled_adam,31,28,0.8772190189164232,0.32681690170066896,0.14944066888300425,0.9037967009375647,0.9879779088803832,2.8643289547155493,0.11135527987364835,4.786430107547316
ct_w3_i4,3,evaluation,problem_tree,42,256,sampled_diagonal_fisher,31,28,0.8772190189164232,0.27794556681090443,0.08867967920034238,0.9037967009375647,1.1689674769911396,2.8643289547155493,2.704163456597992,4.786430107547316
ct_w3_i4,3,evaluation,problem_tree,42,256,sampled_two_block_fisher,31,28,0.8772190189164232,-0.06825861496347806,-0.30249487508356865,0.9037967009375647,1.3208392941458524,2.8643289547155493,2.2838683988597883,4.786430107547316
ct_w3_i4,3,evaluation,problem_tree,42,256,sampled_star_fisher,31,28,0.8772190189164232,0.6388204617507734,0.5397015081893793,0.9037967009375647,0.8277037277840937,2.8643289547155493,2.704163456597992,4.786430107547316
ct_w3_i4,3,evaluation,problem_tree,42,256,sampled_full_fisher,31,28,0.8772190189164232,0.48107235025009704,0.2814457455811242,0.9037967009375647,0.878001061086025,2.8643289547155493,1.515808797717334,4.786430107547316
ct_w3_i4,3,evaluation,problem_tree,42,256,protected_ray_star,31,28,0.8772190189164232,0.9101725006056175,0.9695385075408497,0.9037967009375647,0.4396611025102273,2.8643289547155493,2.184937221433749,4.786430107547316
ct_w3_i4,3,evaluation,problem_tree,50,256,sampled_adam,31,27,0.5233068724101688,0.4934988294481072,0.34869483595001755,0.9187167958673876,0.9818255798596563,2.93407858339964,0.11135527717031757,4.3753458883980905
ct_w3_i4,3,evaluation,problem_tree,50,256,sampled_diagonal_fisher,31,27,0.5233068724101688,0.455887978913404,0.2707909180760738,0.9187167958673876,1.0045351484071572,2.93407858339964,2.7041634565979926,4.3753458883980905
ct_w3_i4,3,evaluation,problem_tree,50,256,sampled_two_block_fisher,31,27,0.5233068724101688,0.1540441954092897,-0.09061034072457069,0.9187167958673876,1.170758790091272,2.93407858339964,2.2946299537644013,4.3753458883980905
ct_w3_i4,3,evaluation,problem_tree,50,256,sampled_star_fisher,31,27,0.5233068724101688,0.6723432820709504,0.5525157133008725,0.9187167958673876,0.7546055401331527,2.93407858339964,2.402678297176371,4.3753458883980905
ct_w3_i4,3,evaluation,problem_tree,50,256,sampled_full_fisher,31,27,0.5233068724101688,0.5515219231240963,0.363113849976214,0.9187167958673876,0.8359444935588949,2.93407858339964,1.7783681851418054,4.3753458883980905
ct_w3_i4,3,evaluation,problem_tree,50,256,protected_ray_star,31,27,0.5233068724101688,0.9321577034057238,0.9796580403136833,0.9187167958673876,0.3621550886618035,2.93407858339964,2.7603136454962667,4.3753458883980905
ct_w3_i4,3,evaluation,problem_tree,101,256,sampled_adam,31,28,0.9190495871732963,0.37233829598551793,0.24906768699190954,0.9259730533972507,0.9859931838589974,2.82309632289201,0.11135525880717036,4.093956313219348
ct_w3_i4,3,evaluation,problem_tree,101,256,sampled_diagonal_fisher,31,28,0.9190495871732963,0.46926117438189496,0.28034901673719176,0.9259730533972507,0.9259112715859416,2.82309632289201,2.110776157784824,4.093956313219348
ct_w3_i4,3,evaluation,problem_tree,101,256,sampled_two_block_fisher,31,28,0.9190495871732963,0.14636557940546585,-0.10324710526983759,0.9259730533972507,1.1430586128348559,2.82309632289201,2.0300421292305497,4.093956313219348
ct_w3_i4,3,evaluation,problem_tree,101,256,sampled_star_fisher,31,28,0.9190495871732963,0.6928069045604262,0.5761203831621581,0.9259730533972507,0.7211295284434027,2.82309632289201,1.9472959815724744,4.093956313219348
ct_w3_i4,3,evaluation,problem_tree,101,256,sampled_full_fisher,31,28,0.9190495871732963,0.5837133496213451,0.3803296451693734,0.9259730533972507,0.8127745604319079,2.82309632289201,1.7505931957184009,4.093956313219348
ct_w3_i4,3,evaluation,problem_tree,101,256,protected_ray_star,31,28,0.9190495871732963,0.9444021234244661,0.9803809473678499,0.9259730533972507,0.3304086342939682,2.82309632289201,2.758278263014183,4.093956313219348
ct_w3_i4,3,evaluation,width2,0,256,sampled_adam,43,42,0.5439382541090337,0.26590617042687203,0.2819617629293037,0.9818055253020433,0.993103804918647,4.814460782269232,0.1311487569361748,3.6820474384106916
ct_w3_i4,3,evaluation,width2,0,256,sampled_diagonal_fisher,43,42,0.5439382541090337,0.335072178715698,0.31282268246719397,0.9818055253020433,0.9429034749559856,4.814460782269232,1.789451635618174,3.6820474384106916
ct_w3_i4,3,evaluation,width2,0,256,sampled_two_block_fisher,43,42,0.5439382541090337,0.49030927931595913,0.4839836232153796,0.9818055253020433,0.8792428203443409,4.814460782269232,1.8017835287412525,3.6820474384106916
ct_w3_i4,3,evaluation,width2,0,256,sampled_star_fisher,43,42,0.5439382541090337,0.537580153564382,0.5090821726501136,0.9818055253020433,0.8518963667522677,4.814460782269232,2.004042414505564,3.6820474384106916
ct_w3_i4,3,evaluation,width2,0,256,sampled_full_fisher,43,42,0.5439382541090337,0.8322005275247971,0.8100387079732492,0.9818055253020433,0.6640459024846582,4.814460782269232,2.2474091801548175,3.6820474384106916
ct_w3_i4,3,evaluation,width2,0,256,protected_ray_star,43,42,0.5439382541090337,0.9645162912724394,0.9791478547332583,0.9818055253020433,0.44819947966491414,4.814460782269232,2.8999238053518157,3.6820474384106916
ct_w3_i4,3,evaluation,width2,19,256,sampled_adam,43,41,0.6648679924448692,0.30182944120186705,0.3088152175228133,0.9913674062258123,0.9925101359440995,5.077982726600114,0.13114874730511708,4.046716792773703
ct_w3_i4,3,evaluation,width2,19,256,sampled_diagonal_fisher,43,41,0.6648679924448692,0.37690858957651363,0.3591953362703454,0.9913674062258123,0.926620455562228,5.077982726600114,2.0468925241575984,4.046716792773703
ct_w3_i4,3,evaluation,width2,19,256,sampled_two_block_fisher,43,41,0.6648679924448692,0.4592699958019964,0.41974344243089867,0.9913674062258123,0.8945992411926029,5.077982726600114,1.7938814180803353,4.046716792773703
ct_w3_i4,3,evaluation,width2,19,256,sampled_star_fisher,43,41,0.6648679924448692,0.5802917878378436,0.5491833755745933,0.9913674062258123,0.8254418074264985,5.077982726600114,2.263676061994252,4.046716792773703
ct_w3_i4,3,evaluation,width2,19,256,sampled_full_fisher,43,41,0.6648679924448692,0.7542697545843629,0.7385299862621221,0.9913674062258123,0.7160130683960546,5.077982726600114,2.379628315049334,4.046716792773703
ct_w3_i4,3,evaluation,width2,19,256,protected_ray_star,43,41,0.6648679924448692,0.9815626802828412,0.9795160140794731,0.9913674062258123,0.4529996766085563,5.077982726600114,2.89883384455801,4.046716792773703
ct_w3_i4,3,evaluation,width2,42,256,sampled_adam,43,43,0.5947381683139606,0.23520154199536453,0.2282547671598151,0.9822001574401081,0.9939445887681162,4.813549123461327,0.13114876211823406,3.7522290550939132
ct_w3_i4,3,evaluation,width2,42,256,sampled_diagonal_fisher,43,43,0.5947381683139606,0.277281623763062,0.2662447403306602,0.9822001574401081,0.9824660639803795,4.813549123461327,2.322655706545698,3.7522290550939132
ct_w3_i4,3,evaluation,width2,42,256,sampled_two_block_fisher,43,43,0.5947381683139606,0.5568115681258298,0.5078602736097607,0.9822001574401081,0.8545130607158062,4.813549123461327,1.7147458687459634,3.7522290550939132
ct_w3_i4,3,evaluation,width2,42,256,sampled_star_fisher,43,43,0.5947381683139606,0.6555986318710161,0.6422628194655974,0.9822001574401081,0.7810638757836378,4.813549123461327,2.19460792332637,3.7522290550939132
ct_w3_i4,3,evaluation,width2,42,256,sampled_full_fisher,43,43,0.5947381683139606,0.9238792448143702,0.8693995009335395,0.9822001574401081,0.5347268837567972,4.813549123461327,2.649384185261285,3.7522290550939132
ct_w3_i4,3,evaluation,width2,42,256,protected_ray_star,43,43,0.5947381683139606,0.9707664996092007,0.9791025826437956,0.9822001574401081,0.43960067584347345,4.813549123461327,2.900057893048322,3.7522290550939132
ct_w3_i4,3,evaluation,width2,50,256,sampled_adam,43,41,0.4520552773183321,0.3213303621305903,0.3088152608199143,0.9830323681238632,0.9916936565455954,4.881665562514152,0.13114875892682756,3.683960998354639
ct_w3_i4,3,evaluation,width2,50,256,sampled_diagonal_fisher,43,41,0.4520552773183321,0.36895938792799643,0.35529871229370685,0.9830323681238632,0.9303888632847559,4.881665562514152,2.0056115222927198,3.683960998354639
ct_w3_i4,3,evaluation,width2,50,256,sampled_two_block_fisher,43,41,0.4520552773183321,0.4158528573193654,0.38109350860798064,0.9830323681238632,0.913328601627793,4.881665562514152,1.6186389465088749,3.683960998354639
ct_w3_i4,3,evaluation,width2,50,256,sampled_star_fisher,43,41,0.4520552773183321,0.6720881047562556,0.6576400908384125,0.9830323681238632,0.7715794095029362,4.881665562514152,2.2221706752111636,3.683960998354639
ct_w3_i4,3,evaluation,width2,50,256,sampled_full_fisher,43,41,0.4520552773183321,0.7547495042761971,0.7189196320143296,0.9830323681238632,0.6915091606026504,4.881665562514152,2.6167915993836663,3.683960998354639
ct_w3_i4,3,evaluation,width2,50,256,protected_ray_star,43,41,0.4520552773183321,0.9675618489488033,0.9786479527670578,0.9830323681238632,0.4506807208530066,4.881665562514152,2.9014051118911364,3.683960998354639
ct_w3_i4,3,evaluation,width2,101,256,sampled_adam,43,41,0.5411489968534369,0.3104853709125528,0.30881520631944337,0.9841842401830667,0.9920195553701184,4.90217632432272,0.13114873970527444,3.2145469380200096
ct_w3_i4,3,evaluation,width2,101,256,sampled_diagonal_fisher,43,41,0.5411489968534369,0.31981574109602906,0.3182300258578797,0.9841842401830667,0.9668318727201247,4.90217632432272,2.5113312994910695,3.2145469380200096
ct_w3_i4,3,evaluation,width2,101,256,sampled_two_block_fisher,43,41,0.5411489968534369,0.4265717936001891,0.384400201560914,0.9841842401830667,0.906363453068767,4.90217632432272,1.802850327208006,3.2145469380200096
ct_w3_i4,3,evaluation,width2,101,256,sampled_star_fisher,43,41,0.5411489968534369,0.5728902172097365,0.5557539275865767,0.9841842401830667,0.8410664726978415,4.90217632432272,1.883519882656273,3.2145469380200096
ct_w3_i4,3,evaluation,width2,101,256,sampled_full_fisher,43,41,0.5411489968534369,0.7135403945876287,0.6891485049704096,0.9841842401830667,0.7462199197317522,4.90217632432272,2.238660986930685,3.2145469380200096
ct_w3_i4,3,evaluation,width2,101,256,protected_ray_star,43,41,0.5411489968534369,0.972624435297551,0.979806972050929,0.9841842401830667,0.44667263099175786,4.90217632432272,2.8979730231523053,3.2145469380200096
ct_w3_i4,3,evaluation,width3,0,256,sampled_adam,46,43,0.0,0.2566634942398663,0.2566634942398756,1.0000000000000002,0.9942013706217928,5.744562646537785,0.13564658262209556,3.5540794455121265
ct_w3_i4,3,evaluation,width3,0,256,sampled_diagonal_fisher,46,43,0.0,0.2534525563256277,0.2534525563255666,1.0000000000000002,0.9692766017756348,5.744562646537785,1.807066467183185,3.5540794455121265
ct_w3_i4,3,evaluation,width3,0,256,sampled_two_block_fisher,46,43,0.0,0.426415501335059,0.4264155013352306,1.0000000000000002,0.9114624309992132,5.744562646537785,1.8049000126401586,3.5540794455121265
ct_w3_i4,3,evaluation,width3,0,256,sampled_star_fisher,46,43,0.0,0.6002854703063311,0.6002854703062778,1.0000000000000002,0.8276847212808695,5.744562646537785,2.224305089267648,3.5540794455121265
ct_w3_i4,3,evaluation,width3,0,256,sampled_full_fisher,46,43,0.0,0.6543583224729026,0.6543583224731471,1.0000000000000002,0.7957750943635113,5.744562646537785,2.3350596479085786,3.5540794455121265
ct_w3_i4,3,evaluation,width3,0,256,protected_ray_star,46,43,0.0,0.9794635164644163,0.9794635164644346,1.0000000000000002,0.5104835367475926,5.744562646537785,2.9325046568728523,3.5540794455121265
ct_w3_i4,3,evaluation,width3,19,256,sampled_adam,46,42,0.0,0.230997143173486,0.2309971431735724,1.0,0.994810779059028,5.744562646542219,0.13564658703910415,3.503712175161443
ct_w3_i4,3,evaluation,width3,19,256,sampled_diagonal_fisher,46,42,0.0,0.39481942095923855,0.394819420959325,1.0,0.9192602454762131,5.744562646542219,2.442474027768104,3.503712175161443
ct_w3_i4,3,evaluation,width3,19,256,sampled_two_block_fisher,46,42,0.0,0.430667056730933,0.43066705673112915,1.0,0.9032313777063188,5.744562646542219,2.266788266912203,3.503712175161443
ct_w3_i4,3,evaluation,width3,19,256,sampled_star_fisher,46,42,0.0,0.6163172369902754,0.6163172369904188,1.0,0.808578964992918,5.744562646542219,2.486742929619281,3.503712175161443
ct_w3_i4,3,evaluation,width3,19,256,sampled_full_fisher,46,42,0.0,0.7967553499415289,0.7967553499417237,1.0,0.695426736932664,5.744562646542219,2.6000347129596793,3.503712175161443
ct_w3_i4,3,evaluation,width3,19,256,protected_ray_star,46,42,0.0,0.9806014181888137,0.9806014181888854,1.0,0.509891165488908,5.744562646542219,2.9291017430649386,3.503712175161443
ct_w3_i4,3,evaluation,width3,42,256,sampled_adam,46,46,0.0,0.17966447610292596,0.17966447610289085,1.0000000000000002,0.9960284771604168,5.744562646536195,0.13564657691555093,3.653941956993555
ct_w3_i4,3,evaluation,width3,42,256,sampled_diagonal_fisher,46,46,0.0,0.33235848943646057,0.3323584894363722,1.0000000000000002,0.9440995714717426,5.744562646536195,1.6664713601884562,3.653941956993555
ct_w3_i4,3,evaluation,width3,42,256,sampled_two_block_fisher,46,46,0.0,0.4675459055012027,0.4675459055011064,1.0000000000000002,0.9039733218996748,5.744562646536195,1.5994264595455947,3.653941956993555
ct_w3_i4,3,evaluation,width3,42,256,sampled_star_fisher,46,46,0.0,0.68318903809536,0.6831890380952745,1.0000000000000002,0.8160961047507979,5.744562646536195,1.8315183706689402,3.653941956993555
ct_w3_i4,3,evaluation,width3,42,256,sampled_full_fisher,46,46,0.0,0.8613096192735337,0.8613096192734256,1.0000000000000002,0.6592795260019183,5.744562646536195,2.5344213118455383,3.653941956993555
ct_w3_i4,3,evaluation,width3,42,256,protected_ray_star,46,46,0.0,0.9800641170669495,0.9800641170669155,1.0000000000000002,0.5101707034190719,5.744562646536195,2.9307075662202875,3.653941956993555
ct_w3_i4,3,evaluation,width3,50,256,sampled_adam,46,44,0.0,0.2823298384818868,0.28232983848188065,1.0,0.9935915882234616,5.744562646537449,0.1356465867901306,3.54815654595377
ct_w3_i4,3,evaluation,width3,50,256,sampled_diagonal_fisher,46,44,0.0,0.2903671290501459,0.29036712905012746,1.0,0.9573313775120587,5.744562646537449,1.8301506017096434,3.54815654595377
ct_w3_i4,3,evaluation,width3,50,256,sampled_two_block_fisher,46,44,0.0,0.3751843170460364,0.3751843170460145,1.0,0.930242667239879,5.744562646537449,1.7060651533886564,3.54815654595377
ct_w3_i4,3,evaluation,width3,50,256,sampled_star_fisher,46,44,0.0,0.5617529040443219,0.561752904044299,1.0,0.8701154626471955,5.744562646537449,1.6784708957767658,3.54815654595377
ct_w3_i4,3,evaluation,width3,50,256,sampled_full_fisher,46,44,0.0,0.6759978842738965,0.6759978842738521,1.0,0.7812948803461609,5.744562646537449,2.391994195270116,3.54815654595377
ct_w3_i4,3,evaluation,width3,50,256,protected_ray_star,46,44,0.0,0.9779208971500055,0.9779208971499953,1.0,0.5112887979560712,5.744562646537449,2.937130530332106,3.54815654595377
ct_w3_i4,3,evaluation,width3,101,256,sampled_adam,46,44,0.0,0.10266560111426858,0.10266560111427925,1.0000000000000004,0.9978522346132077,5.744562646539197,0.13564657462038643,3.416758711009864
ct_w3_i4,3,evaluation,width3,101,256,sampled_diagonal_fisher,46,44,0.0,0.32502829451655113,0.32502829451657755,1.0000000000000004,0.9462367376593249,5.744562646539197,1.6848194669450762,3.416758711009864
ct_w3_i4,3,evaluation,width3,101,256,sampled_two_block_fisher,46,44,0.0,0.5771777168327147,0.5771777168327722,1.0000000000000004,0.8654062803045489,5.744562646539197,1.670017909570106,3.416758711009864
ct_w3_i4,3,evaluation,width3,101,256,sampled_star_fisher,46,44,0.0,0.5509820649975712,0.5509820649976028,1.0000000000000004,0.863393570575613,5.744562646539197,1.8931526047544736,3.416758711009864
ct_w3_i4,3,evaluation,width3,101,256,sampled_full_fisher,46,44,0.0,0.8040771875049978,0.8040771875050129,1.0000000000000004,0.7062524923200061,5.744562646539197,2.4290993311635845,3.416758711009864
ct_w3_i4,3,evaluation,width3,101,256,protected_ray_star,46,44,0.0,0.9790250766823655,0.9790250766823801,1.0000000000000004,0.5107121481448228,5.744562646539197,2.933817929365309,3.416758711009864
ct_w3_i5,3,evaluation,chain,0,256,sampled_adam,31,25,1.8771297944356182,0.6117316369644666,-0.4041451730297267,-0.7975129238268092,0.973597623435563,2.4791616978775113,0.10954450527591665,8.055665348643187
ct_w3_i5,3,evaluation,chain,0,256,sampled_diagonal_fisher,31,25,1.8771297944356182,0.6988521859486377,-0.46602132877263075,-0.7975129238268092,0.7603085700486735,2.4791616978775113,2.3717082451262845,8.055665348643187
ct_w3_i5,3,evaluation,chain,0,256,sampled_two_block_fisher,31,25,1.8771297944356182,0.7534625748693653,-0.5765996481272612,-0.7975129238268092,0.6881731340694441,2.4791616978775113,2.3717082451262845,8.055665348643187
ct_w3_i5,3,evaluation,chain,0,256,sampled_star_fisher,31,25,1.8771297944356182,0.45327097422269785,-0.13945474687857676,-0.7975129238268092,1.0236909988660634,2.4791616978775113,2.3717082451262845,8.055665348643187
ct_w3_i5,3,evaluation,chain,0,256,sampled_full_fisher,31,25,1.8771297944356182,0.6899201024790267,-0.45367904274430776,-0.7975129238268092,0.7714654938398099,2.4791616978775113,2.371708245126284,8.055665348643187
ct_w3_i5,3,evaluation,chain,0,256,protected_ray_star,31,25,1.8771297944356182,0.781710741956019,-0.9808206510187858,-0.7975129238268092,0.653016060663282,2.4791616978775113,2.4180855517905067,8.055665348643187
ct_w3_i5,3,evaluation,chain,19,256,sampled_adam,31,26,1.9743222045430897,0.46983294147873134,-0.32716530682959294,-0.7805055490175997,0.9789924396995384,2.353309399711246,0.10954449175791858,7.852480612073675
ct_w3_i5,3,evaluation,chain,19,256,sampled_diagonal_fisher,31,26,1.9743222045430897,0.6460316136412696,-0.40841076836862816,-0.7805055490175997,0.8447086777777713,2.353309399711246,2.3717082451262845,7.852480612073675
ct_w3_i5,3,evaluation,chain,19,256,sampled_two_block_fisher,31,26,1.9743222045430897,0.7499484547627385,-0.5241081903211507,-0.7805055490175997,0.7099818060680894,2.353309399711246,2.3717082451262845,7.852480612073675
ct_w3_i5,3,evaluation,chain,19,256,sampled_star_fisher,31,26,1.9743222045430897,0.4011346126305389,-0.02185469899303414,-0.7805055490175997,1.098706558556709,2.353309399711246,2.3717082451262845,7.852480612073675
ct_w3_i5,3,evaluation,chain,19,256,sampled_full_fisher,31,26,1.9743222045430897,0.810684995765894,-0.506376361176821,-0.7805055490175997,0.5896505855217002,2.353309399711246,1.7430949990639717,7.852480612073675
ct_w3_i5,3,evaluation,chain,19,256,protected_ray_star,31,26,1.9743222045430897,0.7669500614407464,-0.980361238326336,-0.7805055490175997,0.6927758409760404,2.353309399711246,2.419218704704445,7.852480612073675
ct_w3_i5,3,evaluation,chain,42,256,sampled_adam,31,27,1.8101917090414432,0.623870549680532,-0.5300977245635168,-0.7556994189640894,0.9698546384018069,2.246872995089618,0.11135527032373246,7.612799006976312
ct_w3_i5,3,evaluation,chain,42,256,sampled_diagonal_fisher,31,27,1.8101917090414432,0.8035788642737265,-0.6534948857077976,-0.7556994189640894,0.6463399061762345,2.246872995089618,2.3717082451262845,7.612799006976312
ct_w3_i5,3,evaluation,chain,42,256,sampled_two_block_fisher,31,27,1.8101917090414432,0.8833193243028482,-0.778124217576638,-0.7556994189640894,0.4994133220905314,2.246872995089618,2.3717082451262845,7.612799006976312
ct_w3_i5,3,evaluation,chain,42,256,sampled_star_fisher,31,27,1.8101917090414432,0.7360899736924954,-0.438264475945546,-0.7556994189640894,0.7480290027256487,2.246872995089618,2.36929544218593,7.612799006976312
ct_w3_i5,3,evaluation,chain,42,256,sampled_full_fisher,31,27,1.8101917090414432,0.9118903288511854,-0.7826699619799302,-0.7556994189640894,0.4263535988405085,2.246872995089618,2.308231812566869,7.612799006976312
ct_w3_i5,3,evaluation,chain,42,256,protected_ray_star,31,27,1.8101917090414432,0.743826765195521,-0.98131337498992,-0.7556994189640894,0.7462138043314249,2.246872995089618,2.4168714149551325,7.612799006976312
ct_w3_i5,3,evaluation,chain,50,256,sampled_adam,31,27,2.000053681165668,0.6198731768018821,-0.5300977093733729,-0.677664639339251,0.9712254308691677,2.3404707332606423,0.11135527746694633,7.707797538181204
ct_w3_i5,3,evaluation,chain,50,256,sampled_diagonal_fisher,31,27,2.000053681165668,0.7771442959673194,-0.688476644272797,-0.677664639339251,0.6721891914128613,2.3404707332606423,2.3717082451262845,7.707797538181204
ct_w3_i5,3,evaluation,chain,50,256,sampled_two_block_fisher,31,27,2.000053681165668,0.8236237673340358,-0.8114164441524045,-0.677664639339251,0.598028990216095,2.3404707332606423,2.371708245126285,7.707797538181204
ct_w3_i5,3,evaluation,chain,50,256,sampled_star_fisher,31,27,2.000053681165668,0.5853053317199929,-0.38499730995445713,-0.677664639339251,0.9168626198857817,2.3404707332606423,2.371708245126285,7.707797538181204
ct_w3_i5,3,evaluation,chain,50,256,sampled_full_fisher,31,27,2.000053681165668,0.8876536603113931,-0.8384172824332361,-0.677664639339251,0.47735700928435665,2.3404707332606423,2.3717082451262845,7.707797538181204
ct_w3_i5,3,evaluation,chain,50,256,protected_ray_star,31,27,2.000053681165668,0.7415610670020086,-0.981241894860629,-0.677664639339251,0.7313411292620422,2.3404707332606423,2.417047475804272,7.707797538181204
ct_w3_i5,3,evaluation,chain,101,256,sampled_adam,31,26,1.789300578848158,0.6613205289214518,-0.5300976873440828,-0.7834227477980376,0.971263983292691,2.512938451275735,0.1113552785926649,7.987000812766177
ct_w3_i5,3,evaluation,chain,101,256,sampled_diagonal_fisher,31,26,1.789300578848158,0.8569081873002476,-0.6921588375338459,-0.7834227477980376,0.5227411727411708,2.512938451275735,2.371708245126285,7.987000812766177
ct_w3_i5,3,evaluation,chain,101,256,sampled_two_block_fisher,31,26,1.789300578848158,0.7796686513485515,-0.6083705849671237,-0.7834227477980376,0.6473449569692173,2.512938451275735,2.371708245126284,7.987000812766177
ct_w3_i5,3,evaluation,chain,101,256,sampled_star_fisher,31,26,1.789300578848158,0.7025226538622125,-0.4431694937252591,-0.7834227477980376,0.7514493262816345,2.512938451275735,2.3717082451262845,7.987000812766177
ct_w3_i5,3,evaluation,chain,101,256,sampled_full_fisher,31,26,1.789300578848158,0.6907615807245445,-0.5425574894971651,-0.7834227477980376,0.7660784965865802,2.512938451275735,2.371708245126285,7.987000812766177
ct_w3_i5,3,evaluation,chain,101,256,protected_ray_star,31,26,1.789300578848158,0.7837068386561372,-0.9813600847329801,-0.7834227477980376,0.6461378711300992,2.512938451275735,2.4167563792566584,7.987000812766177
ct_w3_i5,3,evaluation,problem_tree,0,256,sampled_adam,31,28,0.7663656308167797,0.4620023701774023,0.207390392347851,0.8002881759317119,0.9812062581045256,2.6371042653350676,0.11135527551640775,3.2208998741747354
ct_w3_i5,3,evaluation,problem_tree,0,256,sampled_diagonal_fisher,31,28,0.7663656308167797,0.518455225867046,0.3279665016841911,0.8002881759317119,0.9741946666300383,2.6371042653350676,2.598076211353316,3.2208998741747354
ct_w3_i5,3,evaluation,problem_tree,0,256,sampled_two_block_fisher,31,28,0.7663656308167797,0.19593714082746033,-0.12112069064249881,0.8002881759317119,1.2587871740916023,2.6371042653350676,2.5980762113533165,3.2208998741747354
ct_w3_i5,3,evaluation,problem_tree,0,256,sampled_star_fisher,31,28,0.7663656308167797,0.7701485498666804,0.5474989260416991,0.8002881759317119,0.6686531779152816,2.6371042653350676,2.559869831607237,3.2208998741747354
ct_w3_i5,3,evaluation,problem_tree,0,256,sampled_full_fisher,31,28,0.7663656308167797,0.39785459355515346,0.13263965504998348,0.8002881759317119,1.055048922218832,2.6371042653350676,2.423053376539284,3.2208998741747354
ct_w3_i5,3,evaluation,problem_tree,0,256,protected_ray_star,31,28,0.7663656308167797,0.8283210051779321,0.9786284117810355,0.8002881759317119,0.5879701661063773,2.6371042653350676,2.6548137986562224,3.2208998741747354
ct_w3_i5,3,evaluation,problem_tree,19,256,sampled_adam,31,30,1.1055641193312091,0.48512337385669513,0.3110855029188755,0.8820190533924946,0.9815627156011992,2.837643686580469,0.1113552814131685,4.106239920188896
ct_w3_i5,3,evaluation,problem_tree,19,256,sampled_diagonal_fisher,31,30,1.1055641193312091,0.534394019601765,0.35033382386121675,0.8820190533924946,0.9165387441157002,2.837643686580469,2.5221643175042274,4.106239920188896
ct_w3_i5,3,evaluation,problem_tree,19,256,sampled_two_block_fisher,31,30,1.1055641193312091,0.21629016254660827,-0.07470793143519147,0.8820190533924946,1.1391504543308797,2.837643686580469,2.2791519784243928,4.106239920188896
ct_w3_i5,3,evaluation,problem_tree,19,256,sampled_star_fisher,31,30,1.1055641193312091,0.7699163513611649,0.7022506896327289,0.8820190533924946,0.6417022501215506,2.837643686580469,2.3762201797150455,4.106239920188896
ct_w3_i5,3,evaluation,problem_tree,19,256,sampled_full_fisher,31,30,1.1055641193312091,0.6969887973885317,0.4980367587994045,0.8820190533924946,0.7173270158787478,2.837643686580469,1.9246099631379276,4.106239920188896
ct_w3_i5,3,evaluation,problem_tree,19,256,protected_ray_star,31,30,1.1055641193312091,0.8879756267649318,0.9735608491013363,0.8820190533924946,0.4683545659167021,2.837643686580469,2.268235080317004,4.106239920188896
ct_w3_i5,3,evaluation,problem_tree,42,256,sampled_adam,31,29,0.8891235673074264,0.4246659511765427,0.20739014078348492,0.8105397598616716,0.9822011439524672,2.542463041836377,0.11135526012707135,4.173645729076032
ct_w3_i5,3,evaluation,problem_tree,42,256,sampled_diagonal_fisher,31,29,0.8891235673074264,0.4213226143513564,0.21211205220786772,0.8105397598616716,1.087726485064208,2.542463041836377,2.5980762113533156,4.173645729076032
ct_w3_i5,3,evaluation,problem_tree,42,256,sampled_two_block_fisher,31,29,0.8891235673074264,0.24663393878025255,-0.0928226886898093,0.8105397598616716,1.13775986104295,2.542463041836377,2.1425998282012584,4.173645729076032
ct_w3_i5,3,evaluation,problem_tree,42,256,sampled_star_fisher,31,29,0.8891235673074264,0.7056522384061236,0.4732286684627554,0.8105397598616716,0.7556619020304286,2.542463041836377,2.46179990135534,4.173645729076032
ct_w3_i5,3,evaluation,problem_tree,42,256,sampled_full_fisher,31,29,0.8891235673074264,0.6412295955550442,0.32270357111079795,0.8105397598616716,0.7679946654783127,2.542463041836377,1.550257330901141,4.173645729076032
ct_w3_i5,3,evaluation,problem_tree,42,256,protected_ray_star,31,29,0.8891235673074264,0.8457128302249668,0.9647716873391067,0.8105397598616716,0.535523304818181,2.542463041836377,2.0360542619329225,4.173645729076032
ct_w3_i5,3,evaluation,problem_tree,50,256,sampled_adam,31,26,0.8600740570672782,0.43243291759111785,0.12297749097779818,0.7605464266452617,0.9825603373461707,2.6070243748290074,0.10954449813148882,3.7082538009566948
ct_w3_i5,3,evaluation,problem_tree,50,256,sampled_diagonal_fisher,31,26,0.8600740570672782,0.47747857484820544,0.15455496676898045,0.7605464266452617,1.0205232486607803,2.6070243748290074,2.598076211353316,3.7082538009566948
ct_w3_i5,3,evaluation,problem_tree,50,256,sampled_two_block_fisher,31,26,0.8600740570672782,0.22246981737885105,-0.08705270638810424,0.7605464266452617,1.2448833955268752,2.6070243748290074,2.598076211353316,3.7082538009566948
ct_w3_i5,3,evaluation,problem_tree,50,256,sampled_star_fisher,31,26,0.8600740570672782,0.7165831443732211,0.43594823427885376,0.7605464266452617,0.7515982522308785,2.6070243748290074,2.598076211353316,3.7082538009566948
ct_w3_i5,3,evaluation,problem_tree,50,256,sampled_full_fisher,31,26,0.8600740570672782,0.53994300069405,0.24520769297883158,0.7605464266452617,0.8555495416240694,2.6070243748290074,1.8073232711044938,3.7082538009566948
ct_w3_i5,3,evaluation,problem_tree,50,256,protected_ray_star,31,26,0.8600740570672782,0.7821233498684451,0.9807736281217927,0.7605464266452617,0.6656048756072855,2.6070243748290074,2.6490070051421544,3.7082538009566948
ct_w3_i5,3,evaluation,problem_tree,101,256,sampled_adam,31,30,1.286634133986269,0.492170500427615,0.27652057302949645,0.8530225155786774,0.9799173397233378,2.638496531182086,0.11135527567339909,3.55798172147244
ct_w3_i5,3,evaluation,problem_tree,101,256,sampled_diagonal_fisher,31,30,1.286634133986269,0.5246882793207875,0.3186227703047585,0.8530225155786774,0.9676234273636806,2.638496531182086,2.598076211353315,3.55798172147244
ct_w3_i5,3,evaluation,problem_tree,101,256,sampled_two_block_fisher,31,30,1.286634133986269,0.20765302125205598,-0.16007317772449764,0.8530225155786774,1.1804133144406965,2.638496531182086,2.2910882885693473,3.55798172147244
ct_w3_i5,3,evaluation,problem_tree,101,256,sampled_star_fisher,31,30,1.286634133986269,0.7014077694180408,0.569133556693001,0.8530225155786774,0.7411933755833203,2.638496531182086,2.3871305324413563,3.55798172147244
ct_w3_i5,3,evaluation,problem_tree,101,256,sampled_full_fisher,31,30,1.286634133986269,0.7361667879132704,0.46479633280030225,0.8530225155786774,0.6771744523882235,2.638496531182086,1.882976359237423,3.55798172147244
ct_w3_i5,3,evaluation,problem_tree,101,256,protected_ray_star,31,30,1.286634133986269,0.8626267876616759,0.9710626587196367,0.8530225155786774,0.507002808998458,2.638496531182086,2.1855245442124693,3.55798172147244
ct_w3_i5,3,evaluation,width2,0,256,sampled_adam,41,40,0.38967990958282006,0.35482306041585526,0.31629319584639803,0.9551331336642317,0.9896541087235937,4.226364227701283,0.12806246716761926,3.3770859254755905
ct_w3_i5,3,evaluation,width2,0,256,sampled_diagonal_fisher,41,40,0.38967990958282006,0.4295336956455336,0.4080346249439319,0.9551331336642317,0.9278368742175981,4.226364227701283,2.7156951228000534,3.3770859254755905
ct_w3_i5,3,evaluation,width2,0,256,sampled_two_block_fisher,41,40,0.38967990958282006,0.5592973846193391,0.49858128578889,0.9551331336642317,0.829624325365203,4.226364227701283,2.2242549344151854,3.3770859254755905
ct_w3_i5,3,evaluation,width2,0,256,sampled_star_fisher,41,40,0.38967990958282006,0.6024682379793919,0.5898505502690508,0.9551331336642317,0.7982433672923698,4.226364227701283,2.599785283267583,3.3770859254755905
ct_w3_i5,3,evaluation,width2,0,256,sampled_full_fisher,41,40,0.38967990958282006,0.8154553127249398,0.7482643847527755,0.9551331336642317,0.6250629462056371,4.226364227701283,2.449212602836727,3.3770859254755905
ct_w3_i5,3,evaluation,width2,0,256,protected_ray_star,41,40,0.38967990958282006,0.9438443687707346,0.9783669126591047,0.9551331336642317,0.43768749779513394,4.226364227701283,2.775743013854651,3.3770859254755905
ct_w3_i5,3,evaluation,width2,19,256,sampled_adam,41,39,0.8256885815276921,0.3785109765138327,0.37380090009157235,0.9755489789424157,0.989909699602905,4.6527349840514365,0.12806244090810923,3.516961875635184
ct_w3_i5,3,evaluation,width2,19,256,sampled_diagonal_fisher,41,39,0.8256885815276921,0.3563293599614105,0.3351383167040205,0.9755489789424157,0.948684329086891,4.6527349840514365,2.4220399888589235,3.516961875635184
ct_w3_i5,3,evaluation,width2,19,256,sampled_two_block_fisher,41,39,0.8256885815276921,0.2648362816396307,0.19683765548899315,0.9755489789424157,0.9792786478311638,4.6527349840514365,2.0262500196314255,3.516961875635184
ct_w3_i5,3,evaluation,width2,19,256,sampled_star_fisher,41,39,0.8256885815276921,0.6702440899171388,0.6738146378020631,0.9755489789424157,0.77106765600685,4.6527349840514365,2.145028895944252,3.516961875635184
ct_w3_i5,3,evaluation,width2,19,256,sampled_full_fisher,41,39,0.8256885815276921,0.7024572300299825,0.6743764292641323,0.9755489789424157,0.7471171695636815,4.6527349840514365,2.211139610067057,3.516961875635184
ct_w3_i5,3,evaluation,width2,19,256,protected_ray_star,41,39,0.8256885815276921,0.9499717573500643,0.9803509672077515,0.9755489789424157,0.4725378450672574,4.6527349840514365,2.7701254077760886,3.516961875635184
ct_w3_i5,3,evaluation,width2,42,256,sampled_adam,41,41,0.6981342461584614,0.38004405395461416,0.3162933793458976,0.9812883553270167,0.9894916477176097,4.480890873623533,0.1280624420093139,4.070665386827949
ct_w3_i5,3,evaluation,width2,42,256,sampled_diagonal_fisher,41,41,0.6981342461584614,0.42886322857713516,0.39736970584580844,0.9812883553270167,0.9063140229521727,4.480890873623533,1.594591136583356,4.070665386827949
ct_w3_i5,3,evaluation,width2,42,256,sampled_two_block_fisher,41,41,0.6981342461584614,0.6154164688691528,0.5688726668965041,0.9812883553270167,0.8234615982232737,4.480890873623533,1.6894460250563255,4.070665386827949
ct_w3_i5,3,evaluation,width2,42,256,sampled_star_fisher,41,41,0.6981342461584614,0.7903225882310296,0.7706687575366954,0.9812883553270167,0.7185471492007037,4.480890873623533,1.8592548338956638,4.070665386827949
ct_w3_i5,3,evaluation,width2,42,256,sampled_full_fisher,41,41,0.6981342461584614,0.9656607329330541,0.9376228798060282,0.9812883553270167,0.44363386794042353,4.480890873623533,2.715695122800054,4.070665386827949
ct_w3_i5,3,evaluation,width2,42,256,protected_ray_star,41,41,0.6981342461584614,0.9663368285570323,0.9782268729890469,0.9812883553270167,0.43180267614383994,4.480890873623533,2.776140379891671,4.070665386827949
ct_w3_i5,3,evaluation,width2,50,256,sampled_adam,41,40,0.42583074313377656,0.33571783788271814,0.3450470234910799,0.9668350231374649,0.9908191540420813,4.505321224696515,0.12806247679276356,3.386237225891997
ct_w3_i5,3,evaluation,width2,50,256,sampled_diagonal_fisher,41,40,0.42583074313377656,0.3218683962161476,0.29270536048770207,0.9668350231374649,0.9875774758104252,4.505321224696515,2.715695122800054,3.386237225891997
ct_w3_i5,3,evaluation,width2,50,256,sampled_two_block_fisher,41,40,0.42583074313377656,0.3202066748839851,0.22768653045394388,0.9668350231374649,0.9492718690649143,4.505321224696515,1.7148014256306487,3.386237225891997
ct_w3_i5,3,evaluation,width2,50,256,sampled_star_fisher,41,40,0.42583074313377656,0.6116759074078026,0.5536949555012974,0.9668350231374649,0.8057944729277169,4.505321224696515,2.065847309161113,3.386237225891997
ct_w3_i5,3,evaluation,width2,50,256,sampled_full_fisher,41,40,0.42583074313377656,0.8231506978052059,0.7592046017891102,0.9668350231374649,0.6422772831870105,4.505321224696515,2.356232429087297,3.386237225891997
ct_w3_i5,3,evaluation,width2,50,256,protected_ray_star,41,40,0.42583074313377656,0.957461047119605,0.9795425097142825,0.9668350231374649,0.4475475970348181,4.505321224696515,2.772411708392503,3.386237225891997
ct_w3_i5,3,evaluation,width2,101,256,sampled_adam,41,38,0.43974631742291237,0.25383142333814906,0.25878530332167093,0.9720166414178736,0.9933868691363377,4.665042173407463,0.12806247162176468,2.8007803984500654
ct_w3_i5,3,evaluation,width2,101,256,sampled_diagonal_fisher,41,38,0.43974631742291237,0.4017973135969263,0.396159804823692,0.9720166414178736,0.9333174351246403,4.665042173407463,2.7156951228000534,2.8007803984500654
ct_w3_i5,3,evaluation,width2,101,256,sampled_two_block_fisher,41,38,0.43974631742291237,0.23097063127762701,0.19961279109146463,0.9720166414178736,0.9916157038674251,4.665042173407463,1.970561741028746,2.8007803984500654
ct_w3_i5,3,evaluation,width2,101,256,sampled_star_fisher,41,38,0.43974631742291237,0.47488801158906074,0.4900430631552396,0.9720166414178736,0.8857136331203098,4.665042173407463,2.682046209709933,2.8007803984500654
ct_w3_i5,3,evaluation,width2,101,256,sampled_full_fisher,41,38,0.43974631742291237,0.7266423252441382,0.7031494693471374,0.9720166414178736,0.7413740679526533,4.665042173407463,2.089913512564688,2.8007803984500654
ct_w3_i5,3,evaluation,width2,101,256,protected_ray_star,41,38,0.43974631742291237,0.9427553418619921,0.9802679607775742,0.9720166414178736,0.4826423223484146,4.665042173407463,2.770359974476667,2.8007803984500654
ct_w3_i5,3,evaluation,width3,0,256,sampled_adam,47,47,0.0,0.366773779581418,0.3667737795813866,1.0000000000000002,0.9912325340523493,5.56776436282907,0.13711307615258403,3.7132546923655543
ct_w3_i5,3,evaluation,width3,0,256,sampled_diagonal_fisher,47,47,0.0,0.34234114596147464,0.3423411459614391,1.0000000000000002,0.9395977125960469,5.56776436282907,1.9418655260667623,3.7132546923655543
ct_w3_i5,3,evaluation,width3,0,256,sampled_two_block_fisher,47,47,0.0,0.5664305709010461,0.5664305709010017,1.0000000000000002,0.8527025804234895,5.56776436282907,1.9346113675517786,3.7132546923655543
ct_w3_i5,3,evaluation,width3,0,256,sampled_star_fisher,47,47,0.0,0.5706211385320256,0.570621138531978,1.0000000000000002,0.8519404960308865,5.56776436282907,1.9146483511268118,3.7132546923655543
ct_w3_i5,3,evaluation,width3,0,256,sampled_full_fisher,47,47,0.0,0.7983155637984273,0.798315563798364,1.0000000000000002,0.6907505431483622,5.56776436282907,2.561281614446079,3.7132546923655543
ct_w3_i5,3,evaluation,width3,0,256,protected_ray_star,47,47,0.0,0.9771775342897682,0.9771775342897537,1.0000000000000002,0.5116777478550252,5.56776436282907,2.84890112976086,3.7132546923655543
ct_w3_i5,3,evaluation,width3,19,256,sampled_adam,47,46,0.0,0.28817988837595815,0.2881798883760147,0.9999999999999999,0.9931832075461355,5.567764362830812,0.1371130355108077,3.5460089878752834
ct_w3_i5,3,evaluation,width3,19,256,sampled_diagonal_fisher,47,46,0.0,0.3942965693000501,0.39429656930014306,0.9999999999999999,0.9264935700663971,5.567764362830812,1.5398629972615159,3.5460089878752834
ct_w3_i5,3,evaluation,width3,19,256,sampled_two_block_fisher,47,46,0.0,0.5263012107745318,0.526301210774583,0.9999999999999999,0.8791975323271505,5.567764362830812,1.6855644324925756,3.5460089878752834
ct_w3_i5,3,evaluation,width3,19,256,sampled_star_fisher,47,46,0.0,0.7371244372601555,0.7371244372602255,0.9999999999999999,0.7668736436442011,5.567764362830812,2.085502897917552,3.5460089878752834
ct_w3_i5,3,evaluation,width3,19,256,sampled_full_fisher,47,46,0.0,0.9106422127048022,0.9106422127048548,0.9999999999999999,0.5825442363419756,5.567764362830812,2.783882181415011,3.5460089878752834
ct_w3_i5,3,evaluation,width3,19,256,protected_ray_star,47,46,0.0,0.9794883200624496,0.9794883200624807,0.9999999999999999,0.5104706097651075,5.567764362830812,2.8421800693217345,3.5460089878752834
ct_w3_i5,3,evaluation,width3,42,256,sampled_adam,47,46,0.0,0.20958506802922386,0.20958506802932975,0.9999999999999999,0.9951300771410587,5.567764362832242,0.13711305471844476,3.9386042401201937
ct_w3_i5,3,evaluation,width3,42,256,sampled_diagonal_fisher,47,46,0.0,0.331859108579607,0.33185910857971723,0.9999999999999999,0.9439504585239401,5.567764362832242,1.657027663450258,3.9386042401201937
ct_w3_i5,3,evaluation,width3,42,256,sampled_two_block_fisher,47,46,0.0,0.5086100561115009,0.5086100561116225,0.9999999999999999,0.879328984999624,5.567764362832242,1.8373294949643986,3.9386042401201937
ct_w3_i5,3,evaluation,width3,42,256,sampled_star_fisher,47,46,0.0,0.6131407703114382,0.6131407703115873,0.9999999999999999,0.831619049911074,5.567764362832242,1.9669344955675538,3.9386042401201937
ct_w3_i5,3,evaluation,width3,42,256,sampled_full_fisher,47,46,0.0,0.8358207356958671,0.8358207356960324,0.9999999999999999,0.6475651024898913,5.567764362832242,2.7415747721533603,3.9386042401201937
ct_w3_i5,3,evaluation,width3,42,256,protected_ray_star,47,46,0.0,0.9783148172459933,0.9783148172460419,0.9999999999999999,0.5110829266674407,5.567764362832242,2.8455893055485397,3.9386042401201937
ct_w3_i5,3,evaluation,width3,50,256,sampled_adam,47,45,0.0,0.23578318114591645,0.23578318114562677,1.0000000000000002,0.9944815471984114,5.56776436282217,0.1371130693549844,3.432022050830814
ct_w3_i5,3,evaluation,width3,50,256,sampled_diagonal_fisher,47,45,0.0,0.40211211388978313,0.40211211388975016,1.0000000000000002,0.915636473990811,5.56776436282217,2.1877436449451255,3.432022050830814
ct_w3_i5,3,evaluation,width3,50,256,sampled_two_block_fisher,47,45,0.0,0.5575619707909917,0.5575619707906142,1.0000000000000002,0.8544498580922858,5.56776436282217,1.977538612452523,3.432022050830814
ct_w3_i5,3,evaluation,width3,50,256,sampled_star_fisher,47,45,0.0,0.3873948223368095,0.3873948223366234,1.0000000000000002,0.9226943809639452,5.56776436282217,2.3681806069849047,3.432022050830814
ct_w3_i5,3,evaluation,width3,50,256,sampled_full_fisher,47,45,0.0,0.7216645944022972,0.72166459440172,1.0000000000000002,0.7471971122673338,5.56776436282217,2.4521073726847646,3.432022050830814
ct_w3_i5,3,evaluation,width3,50,256,protected_ray_star,47,45,0.0,0.979170931067934,0.9791709310678459,1.0000000000000002,0.510636073983514,5.56776436282217,2.843101335105013,3.432022050830814
ct_w3_i5,3,evaluation,width3,101,256,sampled_adam,47,39,0.0,0.26198104703906605,0.26198104703856934,1.0000000000000002,0.9938326008274201,5.567764362800425,0.13711306568281306,2.684983320919738
ct_w3_i5,3,evaluation,width3,101,256,sampled_diagonal_fisher,47,39,0.0,0.2852254045322513,0.28522540453164846,1.0000000000000002,0.9822294006335234,5.567764362800425,2.783882181415011,2.684983320919738
ct_w3_i5,3,evaluation,width3,101,256,sampled_two_block_fisher,47,39,0.0,0.320286056656192,0.3202860566551783,1.0000000000000002,0.9473231551879644,5.567764362800425,1.7948475883131925,2.684983320919738
ct_w3_i5,3,evaluation,width3,101,256,sampled_star_fisher,47,39,0.0,0.380375536779177,0.38037553677732605,1.0000000000000002,0.9258190498276193,5.567764362800425,2.3557916095070794,2.684983320919738
ct_w3_i5,3,evaluation,width3,101,256,sampled_full_fisher,47,39,0.0,0.5659106495602688,0.5659106495579382,1.0000000000000002,0.8438879967000456,5.567764362800425,2.148631502870277,2.684983320919738
ct_w3_i5,3,evaluation,width3,101,256,protected_ray_star,47,39,0.0,0.9811436254857222,0.9811436254851832,1.0000000000000002,0.5096093854248483,5.567764362800425,2.8373849751491376,2.684983320919738
ct_w4_i1,4,calibration,chain,0,256,sampled_adam,31,26,2.3586916448639537,0.5487758681391138,-0.4954336954896792,-0.9213114015722272,0.9800233864243997,2.9363287236022564,0.10954450103873796,8.916083732803159
ct_w4_i1,4,calibration,chain,0,256,sampled_diagonal_fisher,31,26,2.3586916448639537,0.7388320937742389,-0.6604399786978548,-0.9213114015722272,0.6825370220730443,2.9363287236022564,2.4874685927665503,8.916083732803159
ct_w4_i1,4,calibration,chain,0,256,sampled_two_block_fisher,31,26,2.3586916448639537,0.8033607543513185,-0.7031115203082532,-0.9213114015722272,0.5970994351120127,2.9363287236022564,2.4874685927665507,8.916083732803159
ct_w4_i1,4,calibration,chain,0,256,sampled_star_fisher,31,26,2.3586916448639537,0.5046177901026947,-0.36917611321070587,-0.9213114015722272,0.9106809976830121,2.9363287236022564,2.3326462096658314,8.916083732803159
ct_w4_i1,4,calibration,chain,0,256,sampled_full_fisher,31,26,2.3586916448639537,0.8372801134064305,-0.7289307579009515,-0.9213114015722272,0.5468630013949332,2.9363287236022564,2.48746859276655,8.916083732803159
ct_w4_i1,4,calibration,chain,0,256,protected_ray_star,31,26,2.3586916448639537,0.910043919017909,-0.9822867673761864,-0.9213114015722272,0.4172396121106501,2.9363287236022564,2.532324241128583,8.916083732803159
ct_w4_i1,4,calibration,chain,19,256,sampled_adam,31,30,2.15234728386261,0.6628115890548544,-0.6317854123822301,-0.9235608440618979,0.9759933445218325,3.0254138304105407,0.1113552817135919,9.220731684206536
ct_w4_i1,4,calibration,chain,19,256,sampled_diagonal_fisher,31,30,2.15234728386261,0.8406502554181684,-0.7887040150176875,-0.9235608440618979,0.5418928724562143,3.0254138304105407,2.4874685927665494,9.220731684206536
ct_w4_i1,4,calibration,chain,19,256,sampled_two_block_fisher,31,30,2.15234728386261,0.8973460988317801,-0.8554776153534658,-0.9235608440618979,0.44768095723010454,3.0254138304105407,2.48746859276655,9.220731684206536
ct_w4_i1,4,calibration,chain,19,256,sampled_star_fisher,31,30,2.15234728386261,0.6474974772086047,-0.558975159452775,-0.9235608440618979,0.7818343237249351,3.0254138304105407,2.48746859276655,9.220731684206536
ct_w4_i1,4,calibration,chain,19,256,sampled_full_fisher,31,30,2.15234728386261,0.9253119381142056,-0.8688380572245531,-0.9235608440618979,0.39297799708818537,3.0254138304105407,2.4874685927665494,9.220731684206536
ct_w4_i1,4,calibration,chain,19,256,protected_ray_star,31,30,2.15234728386261,0.9142720001204975,-0.9785009910130161,-0.9235608440618979,0.4118071141790275,3.0254138304105407,2.5421216898220407,9.220731684206536
ct_w4_i1,4,calibration,chain,42,256,sampled_adam,31,26,2.344491107416521,0.5467702971404161,-0.5504818665716347,-0.8923123571782321,0.9810319242867911,3.084407741576916,0.10954450423856069,9.117795015998883
ct_w4_i1,4,calibration,chain,42,256,sampled_diagonal_fisher,31,26,2.344491107416521,0.6898233121627607,-0.6106253887684117,-0.8923123571782321,0.7333138551645478,3.084407741576916,2.48746859276655,9.117795015998883
ct_w4_i1,4,calibration,chain,42,256,sampled_two_block_fisher,31,26,2.344491107416521,0.7370661644563721,-0.6897331798608206,-0.8923123571782321,0.6793745242823154,3.084407741576916,2.4874685927665494,9.117795015998883
ct_w4_i1,4,calibration,chain,42,256,sampled_star_fisher,31,26,2.344491107416521,0.4157075042756291,-0.18970892853485263,-0.8923123571782321,0.989888439658159,3.084407741576916,2.48746859276655,9.117795015998883
ct_w4_i1,4,calibration,chain,42,256,sampled_full_fisher,31,26,2.344491107416521,0.7907127635615162,-0.6517819770622737,-0.8923123571782321,0.6123899704382074,3.084407741576916,2.48746859276655,9.117795015998883
ct_w4_i1,4,calibration,chain,42,256,protected_ray_star,31,26,2.344491107416521,0.8774678342177878,-0.9809637857833877,-0.8923123571782321,0.48281888805930695,3.084407741576916,2.535739472563794,9.117795015998883
ct_w4_i1,4,calibration,chain,50,256,sampled_adam,31,27,2.302863396640471,0.5822627116822052,-0.44038550911383045,-0.7998246676316985,0.9752012307008885,2.5066066046842694,0.10954450001242445,8.13968674888046
ct_w4_i1,4,calibration,chain,50,256,sampled_diagonal_fisher,31,27,2.302863396640471,0.6529181152534289,-0.3949732119972626,-0.7998246676316985,0.8300133151017323,2.5066066046842694,2.4874685927665503,8.13968674888046
ct_w4_i1,4,calibration,chain,50,256,sampled_two_block_fisher,31,27,2.302863396640471,0.7658599448075991,-0.5772708143806702,-0.7998246676316985,0.6817353388430404,2.5066066046842694,2.4874685927665494,8.13968674888046
ct_w4_i1,4,calibration,chain,50,256,sampled_star_fisher,31,27,2.302863396640471,0.49317554483671233,-0.08026559161132464,-0.7998246676316985,0.943331037998346,2.5066066046842694,2.1506639396591405,8.13968674888046
ct_w4_i1,4,calibration,chain,50,256,sampled_full_fisher,31,27,2.302863396640471,0.8201801856381074,-0.6068791383454266,-0.7998246676316985,0.5974546540944303,2.5066066046842694,2.48746859276655,8.13968674888046
ct_w4_i1,4,calibration,chain,50,256,protected_ray_star,31,27,2.302863396640471,0.7644975868027581,-0.9813666939136069,-0.7998246676316985,0.6902238950720502,2.5066066046842694,2.5346984039643092,8.13968674888046
ct_w4_i1,4,calibration,chain,101,256,sampled_adam,31,26,2.2030615460820173,0.5567133523479355,-0.5504818533773057,-0.9127415544212013,0.980327462692646,3.0291086986324727,0.10954450495122572,9.142369790729015
ct_w4_i1,4,calibration,chain,101,256,sampled_diagonal_fisher,31,26,2.2030615460820173,0.6509130249886701,-0.6106821272338578,-0.9127415544212013,0.7780140743006531,3.0291086986324727,2.48746859276655,9.142369790729015
ct_w4_i1,4,calibration,chain,101,256,sampled_two_block_fisher,31,26,2.2030615460820173,0.6740370866765745,-0.673577343658742,-0.9127415544212013,0.7532114460458248,3.0291086986324727,2.48746859276655,9.142369790729015
ct_w4_i1,4,calibration,chain,101,256,sampled_star_fisher,31,26,2.2030615460820173,0.3996977359233965,-0.25212582726973914,-0.9127415544212013,1.0046855732407913,3.0291086986324727,2.4565402400772545,9.142369790729015
ct_w4_i1,4,calibration,chain,101,256,sampled_full_fisher,31,26,2.2030615460820173,0.6141619851158744,-0.5929531344229285,-0.9127415544212013,0.8158829248091966,3.0291086986324727,2.487468592766549,9.142369790729015
ct_w4_i1,4,calibration,chain,101,256,protected_ray_star,31,26,2.2030615460820173,0.8707539545723834,-0.9814942342469228,-0.9127415544212013,0.4928987337617261,3.0291086986324727,2.534369032412224,9.142369790729015
ct_w4_i1,4,calibration,problem_tree,0,256,sampled_adam,31,28,0.9795762748838842,0.5478648547040018,0.2601705859248906,0.8372702096504357,0.9789931909071378,2.8295978397002197,0.11135522128290333,3.982722157352258
ct_w4_i1,4,calibration,problem_tree,0,256,sampled_diagonal_fisher,31,28,0.9795762748838842,0.5831149845323051,0.26472347147248837,0.8372702096504357,0.8750279252359181,2.8295978397002197,2.569913382144888,3.982722157352258
ct_w4_i1,4,calibration,problem_tree,0,256,sampled_two_block_fisher,31,28,0.9795762748838842,0.3262375355470911,-0.1380318865695595,0.8372702096504357,1.1261513015958793,2.8295978397002197,2.655074579226443,3.982722157352258
ct_w4_i1,4,calibration,problem_tree,0,256,sampled_star_fisher,31,28,0.9795762748838842,0.7256054587838763,0.5159607681811977,0.8372702096504357,0.6954616979456882,2.8295978397002197,2.3385300240438207,3.982722157352258
ct_w4_i1,4,calibration,problem_tree,0,256,sampled_full_fisher,31,28,0.9795762748838842,0.7391461053230471,0.4059486136029603,0.8372702096504357,0.6752347827649892,2.8295978397002197,1.9564050962851498,3.982722157352258
ct_w4_i1,4,calibration,problem_tree,0,256,protected_ray_star,31,28,0.9795762748838842,0.8571885519259824,0.9652901880297526,0.8372702096504357,0.5264963983334106,2.8295978397002197,2.115910985725197,3.982722157352258
ct_w4_i1,4,calibration,problem_tree,19,256,sampled_adam,31,27,1.0409600208038257,0.49432134703541153,0.26017119331647315,0.7800251057638508,0.9812136155799384,2.8405615208265136,0.11135527616518538,4.753900031303924
ct_w4_i1,4,calibration,problem_tree,19,256,sampled_diagonal_fisher,31,27,1.0409600208038257,0.5598440878542479,0.24573555064550695,0.7800251057638508,0.9254935756099957,2.8405615208265136,2.7613402542968153,4.753900031303924
ct_w4_i1,4,calibration,problem_tree,19,256,sampled_two_block_fisher,31,27,1.0409600208038257,0.369372488923623,-0.01322496526756072,0.7800251057638508,1.1076359140163459,2.8405615208265136,2.761340254296816,4.753900031303924
ct_w4_i1,4,calibration,problem_tree,19,256,sampled_star_fisher,31,27,1.0409600208038257,0.7097438633169314,0.4360277667899999,0.7800251057638508,0.7517313393518061,2.8405615208265136,2.7613402542968157,4.753900031303924
ct_w4_i1,4,calibration,problem_tree,19,256,sampled_full_fisher,31,27,1.0409600208038257,0.6989884832092734,0.3272169015867468,0.7800251057638508,0.7152323721668539,2.8405615208265136,2.0193982760953397,4.753900031303924
ct_w4_i1,4,calibration,problem_tree,19,256,protected_ray_star,31,27,1.0409600208038257,0.8461236505042949,0.9629932635202144,0.7800251057638508,0.5425365008410296,2.8405615208265136,2.115585684931542,4.753900031303924
ct_w4_i1,4,calibration,problem_tree,42,256,sampled_adam,31,28,1.200244106538071,0.3547634888472728,0.097564244492113,0.8435162524537121,0.9874418370443964,3.0000163469480037,0.11135527742473893,4.541047811388978
ct_w4_i1,4,calibration,problem_tree,42,256,sampled_diagonal_fisher,31,28,1.200244106538071,0.5846931751580391,0.32205673934325735,0.8435162524537121,0.8713247881870292,3.0000163469480037,2.707853663236683,4.541047811388978
ct_w4_i1,4,calibration,problem_tree,42,256,sampled_two_block_fisher,31,28,1.200244106538071,0.3772851774412154,0.013711026609167905,0.8435162524537121,1.0190018035309174,3.0000163469480037,2.407164311213009,4.541047811388978
ct_w4_i1,4,calibration,problem_tree,42,256,sampled_star_fisher,31,28,1.200244106538071,0.6949514157191751,0.53126753691053,0.8435162524537121,0.7305433772691394,3.0000163469480037,2.4719850977132896,4.541047811388978
ct_w4_i1,4,calibration,problem_tree,42,256,sampled_full_fisher,31,28,1.200244106538071,0.7644310119273064,0.5142460627909908,0.8435162524537121,0.6490984107211887,3.0000163469480037,2.0671369517981515,4.541047811388978
ct_w4_i1,4,calibration,problem_tree,42,256,protected_ray_star,31,28,1.200244106538071,0.8792046671529311,0.9685283365321619,0.8435162524537121,0.4955087111457225,3.0000163469480037,2.2292543007514256,4.541047811388978
ct_w4_i1,4,calibration,problem_tree,50,256,sampled_adam,31,28,1.072751014267158,0.4207494668903026,0.19512838618522094,0.8828691734669988,0.9849518037906062,2.998672713116883,0.11135527943054073,4.752801448388412
ct_w4_i1,4,calibration,problem_tree,50,256,sampled_diagonal_fisher,31,28,1.072751014267158,0.49592934254000304,0.30550469662709245,0.8828691734669988,0.9321752230890059,2.998672713116883,2.503571734410291,4.752801448388412
ct_w4_i1,4,calibration,problem_tree,50,256,sampled_two_block_fisher,31,28,1.072751014267158,0.23490668835466372,-0.002645972007890597,0.8828691734669988,1.0802555195554406,2.998672713116883,2.1177127881962696,4.752801448388412
ct_w4_i1,4,calibration,problem_tree,50,256,sampled_star_fisher,31,28,1.072751014267158,0.7150301734163732,0.5843750263345507,0.8828691734669988,0.7001226524826564,2.998672713116883,2.257928255300084,4.752801448388412
ct_w4_i1,4,calibration,problem_tree,50,256,sampled_full_fisher,31,28,1.072751014267158,0.6760622161415395,0.5121413313948363,0.8828691734669988,0.737020617705563,2.998672713116883,2.0755959751424085,4.752801448388412
ct_w4_i1,4,calibration,problem_tree,50,256,protected_ray_star,31,28,1.072751014267158,0.8993573081562205,0.9735144377179753,0.8828691734669988,0.44411762711797304,2.998672713116883,2.4629810854639036,4.752801448388412
ct_w4_i1,4,calibration,problem_tree,101,256,sampled_adam,31,29,0.9878229422073314,0.42469622792904904,0.2926923650081079,0.8869364232733912,0.9843326512177518,2.905053791209096,0.11135525254847338,4.344833883879363
ct_w4_i1,4,calibration,problem_tree,101,256,sampled_diagonal_fisher,31,29,0.9878229422073314,0.4965020944651726,0.2877323386987413,0.8869364232733912,0.9059367865420488,2.905053791209096,2.1956418244182228,4.344833883879363
ct_w4_i1,4,calibration,problem_tree,101,256,sampled_two_block_fisher,31,29,0.9878229422073314,0.17554182243704267,-0.137945310441136,0.8869364232733912,1.1239046922140725,2.905053791209096,2.08506748096046,4.344833883879363
ct_w4_i1,4,calibration,problem_tree,101,256,sampled_star_fisher,31,29,0.9878229422073314,0.658474817319951,0.48599561050881984,0.8869364232733912,0.7526857331486309,2.905053791209096,1.9453709898189135,4.344833883879363
ct_w4_i1,4,calibration,problem_tree,101,256,sampled_full_fisher,31,29,0.9878229422073314,0.6748251091281688,0.46269799858181987,0.8869364232733912,0.7419261372765316,2.905053791209096,1.7383362271908276,4.344833883879363
ct_w4_i1,4,calibration,problem_tree,101,256,protected_ray_star,31,29,0.9878229422073314,0.8544051031422212,0.9648010308699555,0.8869364232733912,0.5312457593745177,2.905053791209096,2.160823029440399,4.344833883879363
ct_w4_i1,4,calibration,width2,0,256,sampled_adam,43,41,0.8935068981351566,0.2967793581615161,0.28982514010153027,0.9793058603178857,0.9926393846527694,5.076431563140995,0.13114876467128178,3.1182675948727763
ct_w4_i1,4,calibration,width2,0,256,sampled_diagonal_fisher,43,41,0.8935068981351566,0.36690432515368515,0.36165481568779395,0.9793058603178857,0.9521872400179054,5.076431563140995,2.893959225697557,3.1182675948727763
ct_w4_i1,4,calibration,width2,0,256,sampled_two_block_fisher,43,41,0.8935068981351566,0.35179248653043416,0.29086975038788765,0.9793058603178857,0.9407810949869312,5.076431563140995,2.26279256814708,3.1182675948727763
ct_w4_i1,4,calibration,width2,0,256,sampled_star_fisher,43,41,0.8935068981351566,0.5125310156943933,0.4902402187667583,0.9793058603178857,0.8592979482654888,5.076431563140995,2.768734866182309,3.1182675948727763
ct_w4_i1,4,calibration,width2,0,256,sampled_full_fisher,43,41,0.8935068981351566,0.6991133930974863,0.6541855839029376,0.9793058603178857,0.7591402776163935,5.076431563140995,2.25422761927232,3.1182675948727763
ct_w4_i1,4,calibration,width2,0,256,protected_ray_star,43,41,0.8935068981351566,0.9604201181717245,0.9801451393459834,0.9793058603178857,0.47018987231099735,5.076431563140995,2.9525823365594555,3.1182675948727763
ct_w4_i1,4,calibration,width2,19,256,sampled_adam,43,40,0.6880788894273686,0.21463032972260593,0.23712983314628241,0.9648732023489102,0.9946701678090847,4.969886596971338,0.13114871435988193,4.143347809599375
ct_w4_i1,4,calibration,width2,19,256,sampled_diagonal_fisher,43,40,0.6880788894273686,0.32898788375955346,0.3180887698597411,0.9648732023489102,0.9777184745492721,4.969886596971338,2.8939592256975564,4.143347809599375
ct_w4_i1,4,calibration,width2,19,256,sampled_two_block_fisher,43,40,0.6880788894273686,0.3159981506363224,0.22386256257475365,0.9648732023489102,0.9547803850989651,4.969886596971338,2.1025178720975624,4.143347809599375
ct_w4_i1,4,calibration,width2,19,256,sampled_star_fisher,43,40,0.6880788894273686,0.566866913433782,0.53433752898452,0.9648732023489102,0.8238151700211414,4.969886596971338,2.832608193874771,4.143347809599375
ct_w4_i1,4,calibration,width2,19,256,sampled_full_fisher,43,40,0.6880788894273686,0.7333198148866432,0.6643772026298406,0.9648732023489102,0.7220047596799244,4.969886596971338,2.436835676993092,4.143347809599375
ct_w4_i1,4,calibration,width2,19,256,protected_ray_star,43,40,0.6880788894273686,0.9563285690760996,0.9792495726579435,0.9648732023489102,0.4650331768910427,4.969886596971338,2.9552826026184333,4.143347809599375
ct_w4_i1,4,calibration,width2,42,256,sampled_adam,43,40,0.6163811614545519,0.25718513988960384,0.2634773824555353,0.9738166002399467,0.9936739442725567,5.080315226033729,0.13114875394415706,4.09533205091714
ct_w4_i1,4,calibration,width2,42,256,sampled_diagonal_fisher,43,40,0.6163811614545519,0.3664701438253374,0.36438329022983645,0.9738166002399467,0.9426730354924626,5.080315226033729,2.631125731157057,4.09533205091714
ct_w4_i1,4,calibration,width2,42,256,sampled_two_block_fisher,43,40,0.6163811614545519,0.40604589589251283,0.35505294590949227,0.9738166002399467,0.9149610390663262,5.080315226033729,2.2915666535580956,4.09533205091714
ct_w4_i1,4,calibration,width2,42,256,sampled_star_fisher,43,40,0.6163811614545519,0.4321192601000692,0.4181788150289999,0.9738166002399467,0.9018860974044582,5.080315226033729,2.1383690509451987,4.09533205091714
ct_w4_i1,4,calibration,width2,42,256,sampled_full_fisher,43,40,0.6163811614545519,0.5913086451006679,0.5224998855430524,0.9738166002399467,0.8205862822631506,5.080315226033729,2.233436390993874,4.09533205091714
ct_w4_i1,4,calibration,width2,42,256,protected_ray_star,43,40,0.6163811614545519,0.9579621928390317,0.978925138588271,0.9738166002399467,0.47299817199353406,5.080315226033729,2.956262038454746,4.09533205091714
ct_w4_i1,4,calibration,width2,50,256,sampled_adam,43,42,0.6901630660980589,0.25467068845906105,0.2898251465754148,0.9874007696941911,0.9936180831893111,4.9787209778158354,0.13114876121320299,4.12969630933311
ct_w4_i1,4,calibration,width2,50,256,sampled_diagonal_fisher,43,42,0.6901630660980589,0.3245798433653658,0.3432376689283895,0.9874007696941911,0.9584907704695874,4.9787209778158354,2.3882020785572977,4.12969630933311
ct_w4_i1,4,calibration,width2,50,256,sampled_two_block_fisher,43,42,0.6901630660980589,0.43424234754346985,0.45678397504037294,0.9874007696941911,0.9051545829989943,4.9787209778158354,1.7202594407113203,4.12969630933311
ct_w4_i1,4,calibration,width2,50,256,sampled_star_fisher,43,42,0.6901630660980589,0.6212466067603943,0.6098468295965305,0.9874007696941911,0.8127517637648223,4.9787209778158354,2.0192616823781924,4.12969630933311
ct_w4_i1,4,calibration,width2,50,256,sampled_full_fisher,43,42,0.6901630660980589,0.7530599006022582,0.7403012687537919,0.9874007696941911,0.71506961853233,4.9787209778158354,2.3550219091550404,4.12969630933311
ct_w4_i1,4,calibration,width2,50,256,protected_ray_star,43,42,0.6901630660980589,0.966745514429594,0.9777241356220687,0.9874007696941911,0.45162294618003535,4.9787209778158354,2.9598934098689305,4.12969630933311
ct_w4_i1,4,calibration,width2,101,256,sampled_adam,43,38,0.5966547547156341,0.3329848000519579,0.3688683513683296,0.9866927592943732,0.9920704087992605,5.3247183742554185,0.13114876014928264,3.4900041449951242
ct_w4_i1,4,calibration,width2,101,256,sampled_diagonal_fisher,43,38,0.5966547547156341,0.4170401997129209,0.4223697301559592,0.9866927592943732,0.9176428256392275,5.3247183742554185,2.8939592256975564,3.4900041449951242
ct_w4_i1,4,calibration,width2,101,256,sampled_two_block_fisher,43,38,0.5966547547156341,0.3285265833317074,0.30287431582894603,0.9866927592943732,0.9486765047060001,5.3247183742554185,2.223086607960672,3.4900041449951242
ct_w4_i1,4,calibration,width2,101,256,sampled_star_fisher,43,38,0.5966547547156341,0.5015267938014154,0.4795764336441834,0.9866927592943732,0.8659920150190621,5.3247183742554185,2.8747316228354425,3.4900041449951242
ct_w4_i1,4,calibration,width2,101,256,sampled_full_fisher,43,38,0.5966547547156341,0.611287170626377,0.6088163366509417,0.9866927592943732,0.8182605560758457,5.3247183742554185,2.1479239424702308,3.4900041449951242
ct_w4_i1,4,calibration,width2,101,256,protected_ray_star,43,38,0.5966547547156341,0.9651412171027237,0.9806569455636306,0.9866927592943732,0.48719850966262734,5.3247183742554185,2.9510413797500403,3.4900041449951242
ct_w4_i1,4,calibration,width3,0,256,sampled_adam,48,47,0.3682555745343061,0.2566685272916228,0.2570937698411555,0.9967415338043606,0.9942629514176672,5.934227388930694,0.138564027852679,3.387049156192564
ct_w4_i1,4,calibration,width3,0,256,sampled_diagonal_fisher,48,47,0.3682555745343061,0.3531315732961835,0.35239129492731214,0.9967415338043606,0.9355881841158267,5.934227388930694,2.064637634571676,3.387049156192564
ct_w4_i1,4,calibration,width3,0,256,sampled_two_block_fisher,48,47,0.3682555745343061,0.592398605500221,0.5935724374656498,0.9967415338043606,0.8450326927015869,5.934227388930694,2.00230058731264,3.387049156192564
ct_w4_i1,4,calibration,width3,0,256,sampled_star_fisher,48,47,0.3682555745343061,0.4741769889881928,0.4682871498761872,0.9967415338043606,0.8854394779098215,5.934227388930694,2.255713191745301,3.387049156192564
ct_w4_i1,4,calibration,width3,0,256,sampled_full_fisher,48,47,0.3682555745343061,0.8198234172456925,0.812795659302143,0.9967415338043606,0.6901374472036058,5.934227388930694,2.578991728945446,3.387049156192564
ct_w4_i1,4,calibration,width3,0,256,protected_ray_star,48,47,0.3682555745343061,0.9763742067767618,0.9801763335120424,0.9967415338043606,0.516968532028963,5.934227388930694,3.007067636572034,3.387049156192564
ct_w4_i1,4,calibration,width3,19,256,sampled_adam,48,47,0.5065951645115856,0.15081478319497724,0.13466795949645954,0.9969069026052838,0.9966960498773448,5.836842631324578,0.13856402254805988,3.8464563693029934
ct_w4_i1,4,calibration,width3,19,256,sampled_diagonal_fisher,48,47,0.5065951645115856,0.38102232477509046,0.3698175245001099,0.9969069026052838,0.9316369737042549,5.836842631324578,1.555261231276198,3.8464563693029934
ct_w4_i1,4,calibration,width3,19,256,sampled_two_block_fisher,48,47,0.5065951645115856,0.6123356715121032,0.5944417981926108,0.9969069026052838,0.8499835651953698,5.836842631324578,1.7522355078397607,3.8464563693029934
ct_w4_i1,4,calibration,width3,19,256,sampled_star_fisher,48,47,0.5065951645115856,0.6339720902292814,0.6238847880614227,0.9969069026052838,0.8305236391470291,5.836842631324578,1.932977338378348,3.8464563693029934
ct_w4_i1,4,calibration,width3,19,256,sampled_full_fisher,48,47,0.5065951645115856,0.8607559937201579,0.8536413381138594,0.9969069026052838,0.6357205620185464,5.836842631324578,2.8011756781385135,3.8464563693029934
ct_w4_i1,4,calibration,width3,19,256,protected_ray_star,48,47,0.5065951645115856,0.9778067536005333,0.9791234250653078,0.9969069026052838,0.507344415632853,5.836842631324578,3.0103013115443584,3.8464563693029934
ct_w4_i1,4,calibration,width3,42,256,sampled_adam,48,47,0.4477069280900499,0.2559137128643949,0.2570936969361633,0.997242258036011,0.9941794667172097,5.826165302192623,0.13856403299223083,4.042665359496479
ct_w4_i1,4,calibration,width3,42,256,sampled_diagonal_fisher,48,47,0.4477069280900499,0.2783093829325024,0.2759932380166164,0.997242258036011,0.9615296905559721,5.826165302192623,1.8817345053993813,4.042665359496479
ct_w4_i1,4,calibration,width3,42,256,sampled_two_block_fisher,48,47,0.4477069280900499,0.39274090387719324,0.3807362209750895,0.997242258036011,0.9249776084076433,5.826165302192623,1.7105599345015128,4.042665359496479
ct_w4_i1,4,calibration,width3,42,256,sampled_star_fisher,48,47,0.4477069280900499,0.6079679157715158,0.6070160727424204,0.997242258036011,0.8291952330935277,5.826165302192623,2.1488307030562908,4.042665359496479
ct_w4_i1,4,calibration,width3,42,256,sampled_full_fisher,48,47,0.4477069280900499,0.7814395287730085,0.7800782677632344,0.997242258036011,0.7218825685913811,5.826165302192623,2.4379525952353887,4.042665359496479
ct_w4_i1,4,calibration,width3,42,256,protected_ray_star,48,47,0.4477069280900499,0.9749133393829202,0.977748626929694,0.997242258036011,0.5087735063554564,5.826165302192623,3.0145340524726083,4.042665359496479
ct_w4_i1,4,calibration,width3,50,256,sampled_adam,48,47,0.333842233566215,0.18975595793525205,0.18363804159938235,0.9963264375702474,0.9957367842368582,5.7909838930475415,0.13856394881334028,4.124190983056993
ct_w4_i1,4,calibration,width3,50,256,sampled_diagonal_fisher,48,47,0.333842233566215,0.33307589467916165,0.3222973244282979,0.9963264375702474,0.9482972485464852,5.7909838930475415,1.3437693865883158,4.124190983056993
ct_w4_i1,4,calibration,width3,50,256,sampled_two_block_fisher,48,47,0.333842233566215,0.46331429132108043,0.46173420200016085,0.9963264375702474,0.9053395579265833,5.7909838930475415,1.610542753802616,4.124190983056993
ct_w4_i1,4,calibration,width3,50,256,sampled_star_fisher,48,47,0.333842233566215,0.6931858426488678,0.6832253706031416,0.9963264375702474,0.8107502648621111,5.7909838930475415,1.864356149846809,4.124190983056993
ct_w4_i1,4,calibration,width3,50,256,sampled_full_fisher,48,47,0.333842233566215,0.799833825046787,0.8066445448627496,0.9963264375702474,0.686687525853612,5.7909838930475415,2.700083238622039,4.124190983056993
ct_w4_i1,4,calibration,width3,50,256,protected_ray_star,48,47,0.333842233566215,0.9742363293123596,0.9772103116798846,0.9963264375702474,0.5063880834345289,5.7909838930475415,3.0161946670118946,4.124190983056993
ct_w4_i1,4,calibration,width3,101,256,sampled_adam,48,44,0.3558703408944978,0.3439557629918569,0.35503401901364423,0.9965025003832056,0.9920442301158873,5.805866788355032,0.13856404083668647,3.5526103726725253
ct_w4_i1,4,calibration,width3,101,256,sampled_diagonal_fisher,48,44,0.3558703408944978,0.45260541351451294,0.4534671153007822,0.9965025003832056,0.8947384461870763,5.805866788355032,2.2007868807754143,3.5526103726725253
ct_w4_i1,4,calibration,width3,101,256,sampled_two_block_fisher,48,44,0.3558703408944978,0.5046031860440452,0.4867731061234748,0.9965025003832056,0.8719964255169862,5.805866788355032,2.218537565543332,3.5526103726725253
ct_w4_i1,4,calibration,width3,101,256,sampled_star_fisher,48,44,0.3558703408944978,0.5748759578690047,0.5779477283066226,0.9965025003832056,0.832311817640874,5.805866788355032,2.452847347772411,3.5526103726725253
ct_w4_i1,4,calibration,width3,101,256,sampled_full_fisher,48,44,0.3558703408944978,0.7175740703219845,0.720809601670965,0.9965025003832056,0.7430660595934455,5.805866788355032,2.6626585475692717,3.5526103726725253
ct_w4_i1,4,calibration,width3,101,256,protected_ray_star,48,44,0.3558703408944978,0.9730100855034105,0.9791344585260467,0.9965025003832056,0.5097474494081056,5.805866788355032,3.010267389705488,3.5526103726725253
ct_w4_i2,4,evaluation,chain,0,256,sampled_adam,31,26,2.083335114520034,0.6165256908906807,-0.4721606808720243,-0.6182355370160277,0.9689666801097189,2.117844386606315,0.10954449923403424,8.038835655359197
ct_w4_i2,4,evaluation,chain,0,256,sampled_diagonal_fisher,31,26,2.083335114520034,0.7107618188796571,-0.4689433262295767,-0.6182355370160277,0.8757547019053643,2.117844386606315,2.6100766272276377,8.038835655359197
ct_w4_i2,4,evaluation,chain,0,256,sampled_two_block_fisher,31,26,2.083335114520034,0.6299073951935961,-0.3526561087505181,-0.6182355370160277,0.982974940204343,2.117844386606315,2.6100766272276372,8.038835655359197
ct_w4_i2,4,evaluation,chain,0,256,sampled_star_fisher,31,26,2.083335114520034,0.598236491140186,-0.2315806732886554,-0.6182355370160277,0.9229924433424876,2.117844386606315,2.237032261827643,8.038835655359197
ct_w4_i2,4,evaluation,chain,0,256,sampled_full_fisher,31,26,2.083335114520034,0.56321012999096,-0.11008298368991296,-0.6182355370160277,0.9121165261238368,2.117844386606315,2.0107351797657005,8.038835655359197
ct_w4_i2,4,evaluation,chain,0,256,protected_ray_star,31,26,2.083335114520034,0.579593435794063,-0.9810590778729024,-0.6182355370160277,1.0591923750827978,2.117844386606315,2.660468351087188,8.038835655359197
ct_w4_i2,4,evaluation,chain,19,256,sampled_adam,31,28,2.0485872390008586,0.6464325529572703,-0.5332950369152939,-0.602517120025588,0.9690100767431595,2.2698396445985485,0.11135527928498956,8.489140226603062
ct_w4_i2,4,evaluation,chain,19,256,sampled_diagonal_fisher,31,28,2.0485872390008586,0.7712396510283519,-0.5945068749340262,-0.602517120025588,0.7406544832061593,2.2698396445985485,2.6100766272276372,8.489140226603062
ct_w4_i2,4,evaluation,chain,19,256,sampled_two_block_fisher,31,28,2.0485872390008586,0.8026902364669704,-0.7202177700216399,-0.602517120025588,0.6901009629690242,2.2698396445985485,2.6100766272276377,8.489140226603062
ct_w4_i2,4,evaluation,chain,19,256,sampled_star_fisher,31,28,2.0485872390008586,0.7815461220309957,-0.18046106600736447,-0.602517120025588,0.6608508223470774,2.2698396445985485,2.26888307592104,8.489140226603062
ct_w4_i2,4,evaluation,chain,19,256,sampled_full_fisher,31,28,2.0485872390008586,0.9387369519052172,-0.6995332931796732,-0.602517120025588,0.3518878315982751,2.2698396445985485,2.292118471642094,8.489140226603062
ct_w4_i2,4,evaluation,chain,19,256,protected_ray_star,31,28,2.0485872390008586,0.5629810130492509,-0.9811508752711602,-0.602517120025588,1.0266153109456984,2.2698396445985485,2.660219435167187,8.489140226603062
ct_w4_i2,4,evaluation,chain,42,256,sampled_adam,31,26,2.091996253030898,0.6692558007823158,-0.4988889183629212,-0.6830790194758212,0.9700393430355683,2.4391324295486125,0.11135527583539985,8.52037478654827
ct_w4_i2,4,evaluation,chain,42,256,sampled_diagonal_fisher,31,26,2.091996253030898,0.8136877454876972,-0.6388561514973574,-0.6830790194758212,0.6353355811559738,2.4391324295486125,2.6100766272276377,8.52037478654827
ct_w4_i2,4,evaluation,chain,42,256,sampled_two_block_fisher,31,26,2.091996253030898,0.8842932993476516,-0.7515709565422107,-0.6830790194758212,0.5025371143960619,2.4391324295486125,2.6100766272276372,8.52037478654827
ct_w4_i2,4,evaluation,chain,42,256,sampled_star_fisher,31,26,2.091996253030898,0.60059666327877,-0.18759963968877783,-0.6830790194758212,0.9272011771917698,2.4391324295486125,2.6100766272276377,8.52037478654827
ct_w4_i2,4,evaluation,chain,42,256,sampled_full_fisher,31,26,2.091996253030898,0.9380298606601896,-0.67533168860754,-0.6830790194758212,0.37086153832727026,2.4391324295486125,2.6100766272276377,8.52037478654827
ct_w4_i2,4,evaluation,chain,42,256,protected_ray_star,31,26,2.091996253030898,0.7379171958352347,-0.9793815644109116,-0.6830790194758212,0.7624215317686589,2.4391324295486125,2.6650252792920117,8.52037478654827
ct_w4_i2,4,evaluation,chain,50,256,sampled_adam,31,27,1.5946452389365393,0.6440356004513688,-0.4300766696905286,-0.5316370189307578,0.9656819532477415,2.035967752044839,0.11135527644688176,7.647318837025155
ct_w4_i2,4,evaluation,chain,50,256,sampled_diagonal_fisher,31,27,1.5946452389365393,0.8143888494140227,-0.55047049223157,-0.5316370189307578,0.7452619393757793,2.035967752044839,2.6100766272276372,7.647318837025155
ct_w4_i2,4,evaluation,chain,50,256,sampled_two_block_fisher,31,27,1.5946452389365393,0.8480068479819044,-0.6597858676018289,-0.5316370189307578,0.6849963020291777,2.035967752044839,2.6100766272276372,7.647318837025155
ct_w4_i2,4,evaluation,chain,50,256,sampled_star_fisher,31,27,1.5946452389365393,0.695918325868966,-0.18878737525711436,-0.5316370189307578,0.8638744343126937,2.035967752044839,2.394516331511995,7.647318837025155
ct_w4_i2,4,evaluation,chain,50,256,sampled_full_fisher,31,27,1.5946452389365393,0.8347288025312272,-0.5501253637036009,-0.5316370189307578,0.5828458368483987,2.035967752044839,2.0883531270077693,7.647318837025155
ct_w4_i2,4,evaluation,chain,50,256,protected_ray_star,31,27,1.5946452389365393,0.616957847705585,-0.9808099467590906,-0.5316370189307578,1.0467149599858743,2.035967752044839,2.6611441246616274,7.647318837025155
ct_w4_i2,4,evaluation,chain,101,256,sampled_adam,31,28,1.7387454083637657,0.7049621550285566,-0.5332950513696645,-0.7053415906215864,0.9670833938083346,2.3430249790109565,0.11135525972439776,8.396297783961687
ct_w4_i2,4,evaluation,chain,101,256,sampled_diagonal_fisher,31,28,1.7387454083637657,0.83490779380802,-0.5988442979092945,-0.7053415906215864,0.6170970443082245,2.3430249790109565,2.610076627227638,8.396297783961687
ct_w4_i2,4,evaluation,chain,101,256,sampled_two_block_fisher,31,28,1.7387454083637657,0.795621378913981,-0.6906683955113784,-0.7053415906215864,0.6843515985573125,2.3430249790109565,2.6100766272276377,8.396297783961687
ct_w4_i2,4,evaluation,chain,101,256,sampled_star_fisher,31,28,1.7387454083637657,0.6598467341880743,-0.22398407652848204,-0.7053415906215864,0.8776462241094461,2.3430249790109565,2.6085949649900835,8.396297783961687
ct_w4_i2,4,evaluation,chain,101,256,sampled_full_fisher,31,28,1.7387454083637657,0.7007491926480018,-0.5951508211450386,-0.7053415906215864,0.8244440752536872,2.3430249790109565,2.610076627227637,8.396297783961687
ct_w4_i2,4,evaluation,chain,101,256,protected_ray_star,31,28,1.7387454083637657,0.7227609616210604,-0.9820416417079565,-0.7053415906215864,0.804376002095533,2.3430249790109565,2.657806468051823,8.396297783961687
ct_w4_i2,4,evaluation,problem_tree,0,256,sampled_adam,31,27,1.2682327452092064,0.5526086779885943,0.31026867637072525,0.778798925574218,0.9770176311779402,2.5615002380186973,0.10954450040547321,3.6280589203791465
ct_w4_i2,4,evaluation,problem_tree,0,256,sampled_diagonal_fisher,31,27,1.2682327452092064,0.543091679816159,0.31528805482310807,0.778798925574218,1.0027282031782314,2.5615002380186973,2.7950849718747373,3.6280589203791465
ct_w4_i2,4,evaluation,problem_tree,0,256,sampled_two_block_fisher,31,27,1.2682327452092064,0.32794776927405433,-0.04706380694584534,0.778798925574218,1.2144916111167448,2.5615002380186973,2.7950849718747373,3.6280589203791465
ct_w4_i2,4,evaluation,problem_tree,0,256,sampled_star_fisher,31,27,1.2682327452092064,0.7614841321519242,0.5159114329016915,0.778798925574218,0.7272195465689645,2.5615002380186973,2.7950849718747373,3.6280589203791465
ct_w4_i2,4,evaluation,problem_tree,0,256,sampled_full_fisher,31,27,1.2682327452092064,0.5205988109121027,0.15815160287459365,0.778798925574218,0.9046991202980197,2.5615002380186973,2.0998419911289337,3.6280589203791465
ct_w4_i2,4,evaluation,problem_tree,0,256,protected_ray_star,31,27,1.2682327452092064,0.7555002636801869,0.9426026914278796,0.778798925574218,0.6584068698063987,2.5615002380186973,1.7676313974728832,3.6280589203791465
ct_w4_i2,4,evaluation,problem_tree,19,256,sampled_adam,31,30,1.4190131818824743,0.4685931049514654,0.36948087660095547,0.8309914272366262,0.981629172367211,2.7425224619927793,0.11135527995022841,4.175069409792757
ct_w4_i2,4,evaluation,problem_tree,19,256,sampled_diagonal_fisher,31,30,1.4190131818824743,0.48014875572759086,0.3863715549100487,0.8309914272366262,1.0295613126088639,2.7425224619927793,2.7950849718747373,4.175069409792757
ct_w4_i2,4,evaluation,problem_tree,19,256,sampled_two_block_fisher,31,30,1.4190131818824743,0.15170240895947626,-0.11977347116592031,0.8309914272366262,1.2284140806199728,2.7425224619927793,2.416425126924764,4.175069409792757
ct_w4_i2,4,evaluation,problem_tree,19,256,sampled_star_fisher,31,30,1.4190131818824743,0.5845215017968324,0.4940405475484752,0.8309914272366262,0.9204619707542776,2.7425224619927793,2.795084971874737,4.175069409792757
ct_w4_i2,4,evaluation,problem_tree,19,256,sampled_full_fisher,31,30,1.4190131818824743,0.7296165159280897,0.5028507389275007,0.8309914272366262,0.6879440241891133,2.7425224619927793,1.7956254568824046,4.175069409792757
ct_w4_i2,4,evaluation,problem_tree,19,256,protected_ray_star,31,30,1.4190131818824743,0.8211854334538156,0.9552753541171215,0.8309914272366262,0.5822368967947739,2.7425224619927793,1.9352979637832717,4.175069409792757
ct_w4_i2,4,evaluation,problem_tree,42,256,sampled_adam,31,28,1.5219446204300238,0.4994583200686795,0.27309431112828886,0.6985864355877243,0.9771351431323982,2.3435228608770373,0.11135524511983493,4.594858579039604
ct_w4_i2,4,evaluation,problem_tree,42,256,sampled_diagonal_fisher,31,28,1.5219446204300238,0.5582845077135945,0.3008817948522415,0.6985864355877243,1.0444053878892519,2.3435228608770373,2.7950849718747377,4.594858579039604
ct_w4_i2,4,evaluation,problem_tree,42,256,sampled_two_block_fisher,31,28,1.5219446204300238,0.4902224619239481,0.04551009237840231,0.6985864355877243,1.105177180643074,2.3435228608770373,2.741296184290363,4.594858579039604
ct_w4_i2,4,evaluation,problem_tree,42,256,sampled_star_fisher,31,28,1.5219446204300238,0.7278856133166386,0.541083705952918,0.6985864355877243,0.7471206783694962,2.3435228608770373,2.401044560032304,4.594858579039604
ct_w4_i2,4,evaluation,problem_tree,42,256,sampled_full_fisher,31,28,1.5219446204300238,0.7088204975829668,0.4052668197010926,0.6985864355877243,0.7063451437678815,2.3435228608770373,1.747242290219977,4.594858579039604
ct_w4_i2,4,evaluation,problem_tree,42,256,protected_ray_star,31,28,1.5219446204300238,0.7293797495878097,0.831241720516962,0.6985864355877243,0.7419613302248603,2.3435228608770373,1.036186570292308,4.594858579039604
ct_w4_i2,4,evaluation,problem_tree,50,256,sampled_adam,31,26,0.6651942278466079,0.44480222891429394,0.30522331146877774,0.738370319939579,0.9839586359765454,2.982017106434461,0.11135528046264599,4.95756839397772
ct_w4_i2,4,evaluation,problem_tree,50,256,sampled_diagonal_fisher,31,26,0.6651942278466079,0.3866524190491775,0.3317833274255872,0.738370319939579,1.0741171084905698,2.982017106434461,2.7950849718747373,4.95756839397772
ct_w4_i2,4,evaluation,problem_tree,50,256,sampled_two_block_fisher,31,26,0.6651942278466079,-0.009078454414340752,-0.06589727035295853,0.738370319939579,1.376798955665321,2.982017106434461,2.7950849718747377,4.95756839397772
ct_w4_i2,4,evaluation,problem_tree,50,256,sampled_star_fisher,31,26,0.6651942278466079,0.54238136016875,0.6125459838259085,0.738370319939579,0.928328539155505,2.982017106434461,2.795084971874737,4.95756839397772
ct_w4_i2,4,evaluation,problem_tree,50,256,sampled_full_fisher,31,26,0.6651942278466079,0.33375033212681626,0.35448159277702246,0.738370319939579,1.119329820079578,2.982017106434461,2.7950849718747377,4.95756839397772
ct_w4_i2,4,evaluation,problem_tree,50,256,protected_ray_star,31,26,0.6651942278466079,0.7715866082536282,0.9783005890339628,0.738370319939579,0.6570926513528277,2.982017106434461,2.7919371840525167,4.95756839397772
ct_w4_i2,4,evaluation,problem_tree,101,256,sampled_adam,31,29,1.4746380550392317,0.6047586869303843,0.40160965130008613,0.8036822129695264,0.9730067173246713,2.433254499886827,0.11135528185573815,4.361682042101545
ct_w4_i2,4,evaluation,problem_tree,101,256,sampled_diagonal_fisher,31,29,1.4746380550392317,0.5680947056829199,0.44596707970531513,0.8036822129695264,1.0071611346757339,2.433254499886827,2.7950849718747373,4.361682042101545
ct_w4_i2,4,evaluation,problem_tree,101,256,sampled_two_block_fisher,31,29,1.4746380550392317,0.4128901302486103,0.11561754235813354,0.8036822129695264,1.0834330534930012,2.433254499886827,2.432440797097818,4.361682042101545
ct_w4_i2,4,evaluation,problem_tree,101,256,sampled_star_fisher,31,29,1.4746380550392317,0.654031440677115,0.5702786899150344,0.8036822129695264,0.9038484971301356,2.433254499886827,2.7950849718747364,4.361682042101545
ct_w4_i2,4,evaluation,problem_tree,101,256,sampled_full_fisher,31,29,1.4746380550392317,0.6461384945925067,0.47536701790640756,0.8036822129695264,0.7886670159096779,2.433254499886827,2.0557617199675904,4.361682042101545
ct_w4_i2,4,evaluation,problem_tree,101,256,protected_ray_star,31,29,1.4746380550392317,0.826062119634941,0.9550155472707078,0.8036822129695264,0.563601851354226,2.433254499886827,1.9976905838751704,4.361682042101545
ct_w4_i2,4,evaluation,width2,0,256,sampled_adam,44,44,0.7383606792671122,0.2978264948961891,0.28232983648633153,0.9822818605480348,0.9925715807893701,5.105865936480656,0.13266497896462767,3.4897937368981182
ct_w4_i2,4,evaluation,width2,0,256,sampled_diagonal_fisher,44,44,0.7383606792671122,0.36400350923644137,0.3500018244793746,0.9822818605480348,0.9550395372024678,5.105865936480656,2.9368350311176825,3.4897937368981182
ct_w4_i2,4,evaluation,width2,0,256,sampled_two_block_fisher,44,44,0.7383606792671122,0.42699819777288717,0.3891851747619145,0.9822818605480348,0.9047972153984052,5.105865936480656,2.0199118654676274,3.4897937368981182
ct_w4_i2,4,evaluation,width2,0,256,sampled_star_fisher,44,44,0.7383606792671122,0.5517267577856838,0.5290574172407699,0.9822818605480348,0.8360675554193199,5.105865936480656,2.518824772937309,3.4897937368981182
ct_w4_i2,4,evaluation,width2,0,256,sampled_full_fisher,44,44,0.7383606792671122,0.6923429878178348,0.6763802070656678,0.9822818605480348,0.7657630400554097,5.105865936480656,2.2259571985613675,3.4897937368981182
ct_w4_i2,4,evaluation,width2,0,256,protected_ray_star,44,44,0.7383606792671122,0.963364184844281,0.979077994566557,0.9822818605480348,0.4617559995151674,5.105865936480656,2.999592522164524,3.4897937368981182
ct_w4_i2,4,evaluation,width2,19,256,sampled_adam,44,42,0.5131397046465298,0.22296590897604993,0.2053308917830228,0.9853317925349806,0.9944936843557227,5.0707587658579705,0.13266497578842282,3.856292887013904
ct_w4_i2,4,evaluation,width2,19,256,sampled_diagonal_fisher,44,42,0.5131397046465298,0.2994158892959328,0.29448063616495934,0.9853317925349806,0.9942901454709223,5.0707587658579705,2.9368350311176825,3.856292887013904
ct_w4_i2,4,evaluation,width2,19,256,sampled_two_block_fisher,44,42,0.5131397046465298,0.21383178921943843,0.17035254478995912,0.9853317925349806,0.9897919245757614,5.0707587658579705,1.89262766198405,3.856292887013904
ct_w4_i2,4,evaluation,width2,19,256,sampled_star_fisher,44,42,0.5131397046465298,0.5305843390955001,0.5327656133162443,0.9853317925349806,0.8483640540349485,5.0707587658579705,2.869119258615076,3.856292887013904
ct_w4_i2,4,evaluation,width2,19,256,sampled_full_fisher,44,42,0.5131397046465298,0.8027048369527217,0.7697059603422199,0.9853317925349806,0.6940386512819329,5.0707587658579705,2.270205335213863,3.856292887013904
ct_w4_i2,4,evaluation,width2,19,256,protected_ray_star,44,42,0.5131397046465298,0.9667547855818045,0.9797075712773292,0.9853317925349806,0.4543692504806662,5.0707587658579705,2.9976649331072105,3.856292887013904
ct_w4_i2,4,evaluation,width2,42,256,sampled_adam,44,44,0.9945043254028235,0.22655611500684267,0.20533079909573573,0.9817666499602816,0.9941804598961654,4.8682301942397865,0.1326649810532061,4.204730307088212
ct_w4_i2,4,evaluation,width2,42,256,sampled_diagonal_fisher,44,44,0.9945043254028235,0.35793375375462005,0.3504478238267978,0.9817666499602816,0.9438353178042496,4.8682301942397865,2.4125124568362937,4.204730307088212
ct_w4_i2,4,evaluation,width2,42,256,sampled_two_block_fisher,44,44,0.9945043254028235,0.3032698438602773,0.27322247427342466,0.9817666499602816,0.9606152415611866,4.8682301942397865,2.067716896731796,4.204730307088212
ct_w4_i2,4,evaluation,width2,42,256,sampled_star_fisher,44,44,0.9945043254028235,0.687876456599195,0.6842196306484326,0.9817666499602816,0.7380409760976571,4.8682301942397865,2.697807367308311,4.204730307088212
ct_w4_i2,4,evaluation,width2,42,256,sampled_full_fisher,44,44,0.9945043254028235,0.8671519691962405,0.8424764461649126,0.9817666499602816,0.6238028308370204,4.8682301942397865,2.3929418063644694,4.204730307088212
ct_w4_i2,4,evaluation,width2,42,256,protected_ray_star,44,44,0.9945043254028235,0.9678366891700727,0.9795731618401213,0.9817666499602816,0.432654763117447,4.8682301942397865,2.9980762494563016,4.204730307088212
ct_w4_i2,4,evaluation,width2,50,256,sampled_adam,44,41,0.9997862873761133,0.13296991718227558,0.07699901761199379,0.9805403303499821,0.9970772183596338,5.495677444882841,0.13266496237225756,4.778999643499204
ct_w4_i2,4,evaluation,width2,50,256,sampled_diagonal_fisher,44,41,0.9997862873761133,0.2372763328892013,0.17729047895670996,0.9805403303499821,0.9743937003906563,5.495677444882841,1.7204759581627604,4.778999643499204
ct_w4_i2,4,evaluation,width2,50,256,sampled_two_block_fisher,44,41,0.9997862873761133,0.2699164674191477,0.19651274447660644,0.9805403303499821,0.9647254783927428,5.495677444882841,1.8108234439999467,4.778999643499204
ct_w4_i2,4,evaluation,width2,50,256,sampled_star_fisher,44,41,0.9997862873761133,0.6701597474106139,0.6333151103232006,0.9805403303499821,0.8004635970834453,5.495677444882841,2.035597540136945,4.778999643499204
ct_w4_i2,4,evaluation,width2,50,256,sampled_full_fisher,44,41,0.9997862873761133,0.6502313729771861,0.6146751730525104,0.9805403303499821,0.793004927693161,5.495677444882841,2.324386725551629,4.778999643499204
ct_w4_i2,4,evaluation,width2,50,256,protected_ray_star,44,41,0.9997862873761133,0.9695548567932883,0.9787943233752118,0.9805403303499821,0.48927450287588353,5.495677444882841,3.0004618549385222,4.778999643499204
ct_w4_i2,4,evaluation,width2,101,256,sampled_adam,44,42,0.6332783564084814,0.3314324247330892,0.30799619315227067,0.9834292610806923,0.9913967329613714,4.924250426118374,0.13266498632924376,4.216537582725877
ct_w4_i2,4,evaluation,width2,101,256,sampled_diagonal_fisher,44,42,0.6332783564084814,0.30957042601420165,0.3000868519177779,0.9834292610806923,0.993196235788889,4.924250426118374,2.9368350311176825,4.216537582725877
ct_w4_i2,4,evaluation,width2,101,256,sampled_two_block_fisher,44,42,0.6332783564084814,0.19387632653683307,0.1274022955345747,0.9834292610806923,1.0013958589655274,4.924250426118374,1.9442334331685016,4.216537582725877
ct_w4_i2,4,evaluation,width2,101,256,sampled_star_fisher,44,42,0.6332783564084814,0.6211379056351164,0.6242109197765122,0.9834292610806923,0.784091541098642,4.924250426118374,2.936835031117684,4.216537582725877
ct_w4_i2,4,evaluation,width2,101,256,sampled_full_fisher,44,42,0.6332783564084814,0.7009365845935408,0.6648647818599468,0.9834292610806923,0.7560812365911732,4.924250426118374,2.215895399075797,4.216537582725877
ct_w4_i2,4,evaluation,width2,101,256,protected_ray_star,44,42,0.6332783564084814,0.9610629036714667,0.979447200703456,0.9834292610806923,0.44762098252272764,4.924250426118374,2.9984618149997218,4.216537582725877
ct_w4_i2,4,evaluation,width3,0,256,sampled_adam,48,47,0.5229609893914035,0.2880107155896454,0.2664758689479191,0.9936844797746114,0.9933106432278535,5.734820152593624,0.13856405588658668,3.7642282891026824
ct_w4_i2,4,evaluation,width3,0,256,sampled_diagonal_fisher,48,47,0.5229609893914035,0.2997803620163898,0.2731944971886607,0.9936844797746114,0.9565420016007328,5.734820152593624,2.11819422480482,3.7642282891026824
ct_w4_i2,4,evaluation,width3,0,256,sampled_two_block_fisher,48,47,0.5229609893914035,0.4743493905576789,0.4353188280430391,0.9936844797746114,0.8918800877786259,5.734820152593624,1.900060036883913,3.7642282891026824
ct_w4_i2,4,evaluation,width3,0,256,sampled_star_fisher,48,47,0.5229609893914035,0.5992204820269528,0.5679008967356058,0.9936844797746114,0.8421118624496896,5.734820152593624,1.9385730159145464,3.7642282891026824
ct_w4_i2,4,evaluation,width3,0,256,sampled_full_fisher,48,47,0.5229609893914035,0.7308716869976379,0.7206063167619554,0.9936844797746114,0.7451859828333186,5.734820152593624,2.475991458782651,3.7642282891026824
ct_w4_i2,4,evaluation,width3,0,256,protected_ray_star,48,47,0.5229609893914035,0.9801350028908267,0.9802259548172533,0.9936844797746114,0.49193323223199575,5.734820152593624,3.0391909205348973,3.7642282891026824
ct_w4_i2,4,evaluation,width3,19,256,sampled_adam,48,47,0.7856807664428366,0.11642201976205072,0.09690034394513809,0.9937631080159826,0.9974862447600306,5.761894540358025,0.1385640470374899,4.333049768049104
ct_w4_i2,4,evaluation,width3,19,256,sampled_diagonal_fisher,48,47,0.7856807664428366,0.25752539200212105,0.23375369322237313,0.9937631080159826,0.9673680081920086,5.761894540358025,1.7491436359831818,4.333049768049104
ct_w4_i2,4,evaluation,width3,19,256,sampled_two_block_fisher,48,47,0.7856807664428366,0.46782636701142083,0.4456281978138984,0.9937631080159826,0.9053529440162249,5.761894540358025,1.564627040896793,4.333049768049104
ct_w4_i2,4,evaluation,width3,19,256,sampled_star_fisher,48,47,0.7856807664428366,0.6587931814467892,0.6379734911853642,0.9937631080159826,0.8096311926479716,5.761894540358025,2.0720296190693603,4.333049768049104
ct_w4_i2,4,evaluation,width3,19,256,sampled_full_fisher,48,47,0.7856807664428366,0.8239000808736568,0.8182914760359022,0.9937631080159826,0.6600382511957426,5.761894540358025,2.797849176890133,4.333049768049104
ct_w4_i2,4,evaluation,width3,19,256,protected_ray_star,48,47,0.7856807664428366,0.9763416103668292,0.9789745181866032,0.9937631080159826,0.4976378785805384,5.761894540358025,3.043075960211458,4.333049768049104
ct_w4_i2,4,evaluation,width3,42,256,sampled_adam,48,48,0.39249681194347025,0.23281966500543094,0.21802571360598896,0.9958448713248848,0.9946676120700374,5.752264954911361,0.13856404519745927,4.126925269334086
ct_w4_i2,4,evaluation,width3,42,256,sampled_diagonal_fisher,48,48,0.39249681194347025,0.28261512120561777,0.2693254883803154,0.9958448713248848,0.9599509468108504,5.752264954911361,1.8391416659107054,4.126925269334086
ct_w4_i2,4,evaluation,width3,42,256,sampled_two_block_fisher,48,48,0.39249681194347025,0.2656840631471217,0.24788940418020855,0.9958448713248848,0.96489393519607,5.752264954911361,1.7589737278067155,4.126925269334086
ct_w4_i2,4,evaluation,width3,42,256,sampled_star_fisher,48,48,0.39249681194347025,0.8107582841428455,0.7984750312466057,0.9958448713248848,0.7195299882695464,5.752264954911361,2.25699115724281,4.126925269334086
ct_w4_i2,4,evaluation,width3,42,256,sampled_full_fisher,48,48,0.39249681194347025,0.865114358223691,0.8655279567757616,0.9958448713248848,0.6636221424215071,5.752264954911361,2.476829490485579,4.126925269334086
ct_w4_i2,4,evaluation,width3,42,256,protected_ray_star,48,48,0.39249681194347025,0.9776072227599891,0.9791135306408236,0.9958448713248848,0.49556030594772726,5.752264954911361,3.042643910766353,4.126925269334086
ct_w4_i2,4,evaluation,width3,50,256,sampled_adam,48,44,0.4702318749833634,0.2616920388386368,0.26647586767450776,0.9927749107848639,0.9939416878204445,5.725953624502218,0.13856405775803257,3.8106502868761023
ct_w4_i2,4,evaluation,width3,50,256,sampled_diagonal_fisher,48,44,0.4702318749833634,0.2736834848389252,0.27835788507856685,0.9927749107848639,0.9929283621417353,5.725953624502218,2.979093821953246,3.8106502868761023
ct_w4_i2,4,evaluation,width3,50,256,sampled_two_block_fisher,48,44,0.4702318749833634,0.41910369105240297,0.3843383092862119,0.9927749107848639,0.9108866636571502,5.725953624502218,1.980465121253241,3.8106502868761023
ct_w4_i2,4,evaluation,width3,50,256,sampled_star_fisher,48,44,0.4702318749833634,0.510730633906592,0.4990142295660965,0.9927749107848639,0.8610034145450215,5.725953624502218,2.657522896507234,3.8106502868761023
ct_w4_i2,4,evaluation,width3,50,256,sampled_full_fisher,48,44,0.4702318749833634,0.7368593218537705,0.6959638389417165,0.9927749107848639,0.7262718642255931,5.725953624502218,2.699604688211465,3.8106502868761023
ct_w4_i2,4,evaluation,width3,50,256,protected_ray_star,48,44,0.4702318749833634,0.975761587333355,0.9792510027435682,0.9927749107848639,0.4954116406190974,5.725953624502218,3.042216769354044,3.8106502868761023
ct_w4_i2,4,evaluation,width3,101,256,sampled_adam,48,46,0.36468551240413044,0.09948744987263072,0.09690038761033379,0.9956121323992673,0.997884413813118,5.730277355992128,0.1385640414010006,4.508100670348732
ct_w4_i2,4,evaluation,width3,101,256,sampled_diagonal_fisher,48,46,0.36468551240413044,0.22125284026306763,0.2144868605364408,0.9956121323992673,0.9842391056598396,5.730277355992128,2.0297609788866398,4.508100670348732
ct_w4_i2,4,evaluation,width3,101,256,sampled_two_block_fisher,48,46,0.36468551240413044,0.18281320001630194,0.16943253852461232,0.9956121323992673,0.9944273157199823,5.730277355992128,1.9034051016601297,4.508100670348732
ct_w4_i2,4,evaluation,width3,101,256,sampled_star_fisher,48,46,0.36468551240413044,0.7950990961123948,0.7989133178275261,0.9956121323992673,0.6997235320704052,5.730277355992128,2.5563159306211616,4.508100670348732
ct_w4_i2,4,evaluation,width3,101,256,sampled_full_fisher,48,46,0.36468551240413044,0.7386983387317431,0.7382679284924373,0.9956121323992673,0.7502640300364096,5.730277355992128,2.34481040603547,4.508100670348732
ct_w4_i2,4,evaluation,width3,101,256,protected_ray_star,48,46,0.36468551240413044,0.9720100749648015,0.9779583571687495,0.9956121323992673,0.49915327781990787,5.730277355992128,3.0462379099432297,4.508100670348732
ct_w4_i3,4,evaluation,chain,0,256,sampled_adam,31,27,1.8516014064237383,0.7070519978217081,-0.49779566724219493,-0.4860277613278566,0.957482431616522,1.8096920057409807,0.11135527646777625,7.105497745175219
ct_w4_i3,4,evaluation,chain,0,256,sampled_diagonal_fisher,31,27,1.8516014064237383,0.813166666908183,-0.41861035685584225,-0.4860277613278566,0.7561788056040214,1.8096920057409807,2.345207879911715,7.105497745175219
ct_w4_i3,4,evaluation,chain,0,256,sampled_two_block_fisher,31,27,1.8516014064237383,0.7531259503210046,-0.45471866992436105,-0.4860277613278566,0.8528902472573097,1.8096920057409807,2.3452078799117144,7.105497745175219
ct_w4_i3,4,evaluation,chain,0,256,sampled_star_fisher,31,27,1.8516014064237383,0.5562705186183634,0.21201109135284074,-0.4860277613278566,1.100241375946062,1.8096920057409807,2.3116255893089015,7.105497745175219
ct_w4_i3,4,evaluation,chain,0,256,sampled_full_fisher,31,27,1.8516014064237383,0.6841695774576301,-0.11094438608720084,-0.4860277613278566,0.8996875043731815,1.8096920057409807,2.191494633073312,7.105497745175219
ct_w4_i3,4,evaluation,chain,0,256,protected_ray_star,31,27,1.8516014064237383,0.5893447419807694,-0.980341982887551,-0.4860277613278566,1.0905558623922713,1.8096920057409807,2.3922344659809585,7.105497745175219
ct_w4_i3,4,evaluation,chain,19,256,sampled_adam,31,29,1.697363255502421,0.6783321270798957,-0.5360876000438548,-0.4771488744665783,0.9592210499950272,1.8048880480569964,0.1113552742889583,6.9736674410719495
ct_w4_i3,4,evaluation,chain,19,256,sampled_diagonal_fisher,31,29,1.697363255502421,0.8244728516358903,-0.4807034770451001,-0.4771488744665783,0.7387603248773428,1.8048880480569964,2.3452078799117144,6.9736674410719495
ct_w4_i3,4,evaluation,chain,19,256,sampled_two_block_fisher,31,29,1.697363255502421,0.8326910592699566,-0.5776994570360258,-0.4771488744665783,0.7241615284222832,1.8048880480569964,2.345207879911715,6.9736674410719495
ct_w4_i3,4,evaluation,chain,19,256,sampled_star_fisher,31,29,1.697363255502421,0.7180651418211864,-0.053892364182895246,-0.4771488744665783,0.9068029934343605,1.8048880480569964,2.3452078799117153,6.9736674410719495
ct_w4_i3,4,evaluation,chain,19,256,sampled_full_fisher,31,29,1.697363255502421,0.8374514278218308,-0.34414668878676924,-0.4771488744665783,0.6130476129497315,1.8048880480569964,2.0128371448005793,6.9736674410719495
ct_w4_i3,4,evaluation,chain,19,256,protected_ray_star,31,29,1.697363255502421,0.5683841351025449,-0.9791570351780761,-0.4771488744665783,1.1191397080503909,1.8048880480569964,2.3951294793946913,6.9736674410719495
ct_w4_i3,4,evaluation,chain,42,256,sampled_adam,31,30,1.9005840974445611,0.6523433394450604,-0.45950324924697417,-0.526260851894703,0.9626420637377948,1.8921127652657097,0.11135524947568266,7.170033500587859
ct_w4_i3,4,evaluation,chain,42,256,sampled_diagonal_fisher,31,30,1.9005840974445611,0.7402358709350664,-0.42363999310990474,-0.526260851894703,0.8374250733763807,1.8921127652657097,2.345207879911715,7.170033500587859
ct_w4_i3,4,evaluation,chain,42,256,sampled_two_block_fisher,31,30,1.9005840974445611,0.659061967786075,-0.47317451493017054,-0.526260851894703,0.9500027398275743,1.8921127652657097,2.3452078799117144,7.170033500587859
ct_w4_i3,4,evaluation,chain,42,256,sampled_star_fisher,31,30,1.9005840974445611,0.6044773354854092,0.11160515102194908,-0.526260851894703,0.9898173182127402,1.8921127652657097,2.2553151492080374,7.170033500587859
ct_w4_i3,4,evaluation,chain,42,256,sampled_full_fisher,31,30,1.9005840974445611,0.38428557516747947,0.055756923144866286,-0.526260851894703,1.2584342433601334,1.8921127652657097,2.345207879911715,7.170033500587859
ct_w4_i3,4,evaluation,chain,42,256,protected_ray_star,31,30,1.9005840974445611,0.5925523947091074,-0.9747827732780271,-0.526260851894703,0.9682428287467325,1.8921127652657097,2.137669427133801,7.170033500587859
ct_w4_i3,4,evaluation,chain,50,256,sampled_adam,31,27,1.4900964268920545,0.6536159246690281,-0.45950493361200684,-0.4702720819478016,0.9662395556088541,2.1041164245653614,0.1113549870009549,7.24874536837371
ct_w4_i3,4,evaluation,chain,50,256,sampled_diagonal_fisher,31,27,1.4900964268920545,0.7776185882094283,-0.5165755560128032,-0.4702720819478016,0.7133392596505622,2.1041164245653614,2.345207879911715,7.24874536837371
ct_w4_i3,4,evaluation,chain,50,256,sampled_two_block_fisher,31,27,1.4900964268920545,0.8183525845112556,-0.6412222719638504,-0.4702720819478016,0.6465680433232679,2.1041164245653614,2.3452078799117153,7.24874536837371
ct_w4_i3,4,evaluation,chain,50,256,sampled_star_fisher,31,27,1.4900964268920545,0.6530241604361615,0.05277933205363584,-0.4702720819478016,0.886901362387051,2.1041164245653614,2.345207879911715,7.24874536837371
ct_w4_i3,4,evaluation,chain,50,256,sampled_full_fisher,31,27,1.4900964268920545,0.923041323969902,-0.5472039931969425,-0.4702720819478016,0.42974655965547714,2.1041164245653614,2.345207879911715,7.24874536837371
ct_w4_i3,4,evaluation,chain,50,256,protected_ray_star,31,27,1.4900964268920545,0.5656302522993469,-0.979712271332777,-0.4702720819478016,1.003634432407034,2.1041164245653614,2.3937720783280074,7.24874536837371
ct_w4_i3,4,evaluation,chain,101,256,sampled_adam,31,27,1.9286893811049197,0.6651511966973243,-0.536087684620892,-0.5938007760007219,0.9654034965076692,2.091402015374188,0.11135527851813216,7.839202319653058
ct_w4_i3,4,evaluation,chain,101,256,sampled_diagonal_fisher,31,27,1.9286893811049197,0.795345931232798,-0.5230043994513001,-0.5938007760007219,0.6882644396280302,2.091402015374188,2.345207879911715,7.839202319653058
ct_w4_i3,4,evaluation,chain,101,256,sampled_two_block_fisher,31,27,1.9286893811049197,0.7589380666734182,-0.6407652508242104,-0.5938007760007219,0.7452250345664418,2.091402015374188,2.3452078799117144,7.839202319653058
ct_w4_i3,4,evaluation,chain,101,256,sampled_star_fisher,31,27,1.9286893811049197,0.4650133395964979,0.10841195743442057,-0.5938007760007219,1.0903745294495983,2.091402015374188,2.3037429844611403,7.839202319653058
ct_w4_i3,4,evaluation,chain,101,256,sampled_full_fisher,31,27,1.9286893811049197,0.7795220289448854,-0.5200445080306733,-0.5938007760007219,0.6535021485639602,2.091402015374188,2.0199892735032545,7.839202319653058
ct_w4_i3,4,evaluation,chain,101,256,protected_ray_star,31,27,1.9286893811049197,0.630577546834514,-0.9699058250396607,-0.5938007760007219,0.8362251740831917,2.091402015374188,1.9698207303322635,7.839202319653058
ct_w4_i3,4,evaluation,problem_tree,0,256,sampled_adam,31,29,0.9235217789248288,0.31878993319266863,0.21134122631573998,0.8030505011156438,0.9873173811449384,2.629807423044976,0.1113552401966219,4.26779044705307
ct_w4_i3,4,evaluation,problem_tree,0,256,sampled_diagonal_fisher,31,29,0.9235217789248288,0.46269690287758003,0.24684595189949282,0.8030505011156438,1.0211399661933465,2.629807423044976,2.5495097567963922,4.26779044705307
ct_w4_i3,4,evaluation,problem_tree,0,256,sampled_two_block_fisher,31,29,0.9235217789248288,0.3415544213659534,0.026636710940627042,0.8030505011156438,1.1303158607244703,2.629807423044976,2.5495097567963922,4.26779044705307
ct_w4_i3,4,evaluation,problem_tree,0,256,sampled_star_fisher,31,29,0.9235217789248288,0.5962543411771727,0.41846490311052165,0.8030505011156438,0.8853066987582555,2.629807423044976,2.5495097567963922,4.26779044705307
ct_w4_i3,4,evaluation,problem_tree,0,256,sampled_full_fisher,31,29,0.9235217789248288,0.6746951448789452,0.35331614041949944,0.8030505011156438,0.7392237339618098,2.629807423044976,1.881634660333568,4.26779044705307
ct_w4_i3,4,evaluation,problem_tree,0,256,protected_ray_star,31,29,0.9235217789248288,0.8450619304611924,0.9757281809668557,0.8030505011156438,0.5374800611337925,2.629807423044976,2.366737879887368,4.26779044705307
ct_w4_i3,4,evaluation,problem_tree,19,256,sampled_adam,31,30,1.179481809272994,0.49130612672598306,0.3874584469400605,0.8952964577978194,0.9816700753100853,2.8943752495312385,0.11135527897760017,4.212776539271741
ct_w4_i3,4,evaluation,problem_tree,19,256,sampled_diagonal_fisher,31,30,1.179481809272994,0.45910424391767085,0.2805475594108377,0.8952964577978194,0.9254276948358716,2.8943752495312385,2.0790893987622368,4.212776539271741
ct_w4_i3,4,evaluation,problem_tree,19,256,sampled_two_block_fisher,31,30,1.179481809272994,0.2555050768196863,-0.005174438923009703,0.8952964577978194,1.0411244811361882,2.8943752495312385,1.8576072697067114,4.212776539271741
ct_w4_i3,4,evaluation,problem_tree,19,256,sampled_star_fisher,31,30,1.179481809272994,0.622334966699262,0.4910934066278045,0.8952964577978194,0.788935486664095,2.8943752495312385,2.086627744337706,4.212776539271741
ct_w4_i3,4,evaluation,problem_tree,19,256,sampled_full_fisher,31,30,1.179481809272994,0.6267921760454824,0.44550748747686064,0.8952964577978194,0.785766832813903,2.8943752495312385,1.520454024564412,4.212776539271741
ct_w4_i3,4,evaluation,problem_tree,19,256,protected_ray_star,31,30,1.179481809272994,0.898676551185616,0.9708007463298023,0.8952964577978194,0.46736125443979726,2.8943752495312385,2.1339897409642945,4.212776539271741
ct_w4_i3,4,evaluation,problem_tree,42,256,sampled_adam,31,31,1.4822188366883975,0.4407672109708348,0.352234887328975,0.8975919226502875,0.982848240844279,2.7539768695449176,0.11135526730212604,4.63968763590565
ct_w4_i3,4,evaluation,problem_tree,42,256,sampled_diagonal_fisher,31,31,1.4822188366883975,0.4282159626345426,0.24394166737157935,0.8975919226502875,0.9273112419526075,2.7539768695449176,1.7521971936774112,4.63968763590565
ct_w4_i3,4,evaluation,problem_tree,42,256,sampled_two_block_fisher,31,31,1.4822188366883975,0.3451702902639727,0.11479306594401989,0.8975919226502875,0.9862190390752871,2.7539768695449176,1.7848711061240055,4.63968763590565
ct_w4_i3,4,evaluation,problem_tree,42,256,sampled_star_fisher,31,31,1.4822188366883975,0.7053584051657502,0.5893039779928662,0.8975919226502875,0.7103568841771593,2.7539768695449176,1.8152193263021323,4.63968763590565
ct_w4_i3,4,evaluation,problem_tree,42,256,sampled_full_fisher,31,31,1.4822188366883975,0.8664370654987381,0.7184999586258131,0.8975919226502875,0.5155772239175234,2.7539768695449176,2.032038658111913,4.63968763590565
ct_w4_i3,4,evaluation,problem_tree,42,256,protected_ray_star,31,31,1.4822188366883975,0.9229669434374924,0.9612272655595409,0.8975919226502875,0.4523500265646823,2.7539768695449176,1.8872832618761788,4.63968763590565
ct_w4_i3,4,evaluation,problem_tree,50,256,sampled_adam,31,28,1.4620358330304595,0.34898027925868297,-0.07044693794608295,0.7930513555457369,0.9865447725825718,2.7383034543507825,0.11135527618568046,5.013709664366246
ct_w4_i3,4,evaluation,problem_tree,50,256,sampled_diagonal_fisher,31,28,1.4620358330304595,0.400867428607206,-0.06599734226319227,0.7930513555457369,0.9860467906842114,2.7383034543507825,2.096269128992366,5.013709664366246
ct_w4_i3,4,evaluation,problem_tree,50,256,sampled_two_block_fisher,31,28,1.4620358330304595,0.23182504793078526,-0.21499508354142674,0.7930513555457369,1.1406701045478835,2.7383034543507825,2.266043772293709,5.013709664366246
ct_w4_i3,4,evaluation,problem_tree,50,256,sampled_star_fisher,31,28,1.4620358330304595,0.7585510112163178,0.39056986950441436,0.7930513555457369,0.651621926720907,2.7383034543507825,2.0861301651419595,5.013709664366246
ct_w4_i3,4,evaluation,problem_tree,50,256,sampled_full_fisher,31,28,1.4620358330304595,0.6528774125333475,0.24345669855862445,0.7930513555457369,0.7574828144505064,2.7383034543507825,1.7729972477437643,5.013709664366246
ct_w4_i3,4,evaluation,problem_tree,50,256,protected_ray_star,31,28,1.4620358330304595,0.8982589567533253,0.9347632607532788,0.7930513555457369,0.5624884547698096,2.7383034543507825,1.4983215584707783,5.013709664366246
ct_w4_i3,4,evaluation,problem_tree,101,256,sampled_adam,31,30,1.1304689880187762,0.38676100204606995,0.07044697897999656,0.8274779300169003,0.9856007276498037,2.8610800124505484,0.11135527253824538,4.810847669760341
ct_w4_i3,4,evaluation,problem_tree,101,256,sampled_diagonal_fisher,31,30,1.1304689880187762,0.4899408344602529,0.08822869633330663,0.8274779300169003,0.9596285925078774,2.8610800124505484,2.5495097567963922,4.810847669760341
ct_w4_i3,4,evaluation,problem_tree,101,256,sampled_two_block_fisher,31,30,1.1304689880187762,0.3514469055870195,-0.089864952156817,0.8274779300169003,1.080606795758202,2.8610800124505484,2.5495097567963922,4.810847669760341
ct_w4_i3,4,evaluation,problem_tree,101,256,sampled_star_fisher,31,30,1.1304689880187762,0.7649931965010819,0.4836618242157913,0.8274779300169003,0.6562685844087501,2.8610800124505484,2.5495097567963927,4.810847669760341
ct_w4_i3,4,evaluation,problem_tree,101,256,sampled_full_fisher,31,30,1.1304689880187762,0.7633888043250208,0.4481469988066083,0.8274779300169003,0.6459454665041333,2.8610800124505484,2.176017892029194,4.810847669760341
ct_w4_i3,4,evaluation,problem_tree,101,256,protected_ray_star,31,30,1.1304689880187762,0.9008989548047127,0.9674314744940485,0.8274779300169003,0.46930406463495355,2.8610800124505484,2.066817313926189,4.810847669760341
ct_w4_i3,4,evaluation,width2,0,256,sampled_adam,41,40,0.4290977530875998,0.32259077641355244,0.32179427584878834,0.9529351899238608,0.9905195356102292,4.169911614845225,0.12806247295183523,2.9671586932055014
ct_w4_i3,4,evaluation,width2,0,256,sampled_diagonal_fisher,41,40,0.4290977530875998,0.35407352674984904,0.351397775462575,0.9529351899238608,0.9779867350729055,4.169911614845225,2.669269563007828,2.9671586932055014
ct_w4_i3,4,evaluation,width2,0,256,sampled_two_block_fisher,41,40,0.4290977530875998,0.4307351938780319,0.37242790180387236,0.9529351899238608,0.9024880017053629,4.169911614845225,1.7787333738822833,2.9671586932055014
ct_w4_i3,4,evaluation,width2,0,256,sampled_star_fisher,41,40,0.4290977530875998,0.5866474160006626,0.556370001945904,0.9529351899238608,0.8122345633168144,4.169911614845225,2.1865196461249705,2.9671586932055014
ct_w4_i3,4,evaluation,width2,0,256,sampled_full_fisher,41,40,0.4290977530875998,0.9084300248178724,0.8106316766353401,0.9529351899238608,0.5568811343079775,4.169911614845225,2.2538984036688454,2.9671586932055014
ct_w4_i3,4,evaluation,width2,0,256,protected_ray_star,41,40,0.4290977530875998,0.9446853829883767,0.9812906596997496,0.9529351899238608,0.43936397044997144,4.169911614845225,2.720161999528822,2.9671586932055014
ct_w4_i3,4,evaluation,width2,19,256,sampled_adam,41,40,0.5881593013919743,0.35052180698550756,0.35104830471806,0.9729045698604379,0.9903192512708551,4.468997103691368,0.1280624778424805,3.3619007792358655
ct_w4_i3,4,evaluation,width2,19,256,sampled_diagonal_fisher,41,40,0.5881593013919743,0.32592548659391085,0.3219663274985463,0.9729045698604379,0.9693072370555584,4.468997103691368,2.4127995293847673,3.3619007792358655
ct_w4_i3,4,evaluation,width2,19,256,sampled_two_block_fisher,41,40,0.5881593013919743,0.35845675892637285,0.31281319890321063,0.9729045698604379,0.933557463915431,4.468997103691368,1.6223173413610488,3.3619007792358655
ct_w4_i3,4,evaluation,width2,19,256,sampled_star_fisher,41,40,0.5881593013919743,0.5933411674070579,0.5899542040164736,0.9729045698604379,0.8211357496795351,4.468997103691368,1.9266471278742818,3.3619007792358655
ct_w4_i3,4,evaluation,width2,19,256,sampled_full_fisher,41,40,0.5881593013919743,0.8014315788495638,0.736560442592593,0.9729045698604379,0.6960231206263177,4.468997103691368,1.9906025589000238,3.3619007792358655
ct_w4_i3,4,evaluation,width2,19,256,protected_ray_star,41,40,0.5881593013919743,0.9504829539527023,0.980229529458597,0.9729045698604379,0.46148191697761115,4.468997103691368,2.723106663071176,3.3619007792358655
ct_w4_i3,4,evaluation,width2,42,256,sampled_adam,41,41,1.047983983718426,0.2716627313263316,0.1755242726687911,0.9731281763963663,0.9923726154471363,4.329359084035084,0.12806245355685517,4.047584874775289
ct_w4_i3,4,evaluation,width2,42,256,sampled_diagonal_fisher,41,41,1.047983983718426,0.3826321198866049,0.3165800692104466,0.9731281763963663,0.9281612206140236,4.329359084035084,1.27197922111673,4.047584874775289
ct_w4_i3,4,evaluation,width2,42,256,sampled_two_block_fisher,41,41,1.047983983718426,0.5767180105274313,0.450905979062217,0.9731281763963663,0.8631986596766119,4.329359084035084,1.2899015872214814,4.047584874775289
ct_w4_i3,4,evaluation,width2,42,256,sampled_star_fisher,41,41,1.047983983718426,0.7393689931336083,0.6741418619715707,0.9731281763963663,0.7632982758686392,4.329359084035084,1.6442851310667512,4.047584874775289
ct_w4_i3,4,evaluation,width2,42,256,sampled_full_fisher,41,41,1.047983983718426,0.9112847763002093,0.8166622733386878,0.9731281763963663,0.5289444881688914,4.329359084035084,2.507943446451605,4.047584874775289
ct_w4_i3,4,evaluation,width2,42,256,protected_ray_star,41,41,1.047983983718426,0.9753606131955458,0.9794591459094069,0.9731281763963663,0.41024932348568494,4.329359084035084,2.7252484946980298,4.047584874775289
ct_w4_i3,4,evaluation,width2,50,256,sampled_adam,41,40,0.6442690132651401,0.3785215977078064,0.2340321941344724,0.9487928923245724,0.9891441470938295,4.313582423015431,0.12806247107447444,4.267302739391681
ct_w4_i3,4,evaluation,width2,50,256,sampled_diagonal_fisher,41,40,0.6442690132651401,0.3235581521219454,0.21436662560240502,0.9487928923245724,0.9643555499369852,4.313582423015431,2.198896135186699,4.267302739391681
ct_w4_i3,4,evaluation,width2,50,256,sampled_two_block_fisher,41,40,0.6442690132651401,0.1634749252904531,-0.03845009410695428,0.9487928923245724,1.0323134754448715,4.313582423015431,2.0163437786361613,4.267302739391681
ct_w4_i3,4,evaluation,width2,50,256,sampled_star_fisher,41,40,0.6442690132651401,0.6999302945486994,0.6698082902893902,0.9487928923245724,0.7259038309254924,4.313582423015431,2.4594577559126094,4.267302739391681
ct_w4_i3,4,evaluation,width2,50,256,sampled_full_fisher,41,40,0.6442690132651401,0.780540225977371,0.6303182285261701,0.9487928923245724,0.6832795521886741,4.313582423015431,2.1768605175404456,4.267302739391681
ct_w4_i3,4,evaluation,width2,50,256,protected_ray_star,41,40,0.6442690132651401,0.9489375675996268,0.9783175733928062,0.9487928923245724,0.4468079793260536,4.313582423015431,2.728428514015953,4.267302739391681
ct_w4_i3,4,evaluation,width2,101,256,sampled_adam,41,41,0.4962551904059899,0.33722241903400185,0.32179431469343295,0.9557121044662509,0.9905873574356364,4.4113110421680135,0.12806246750128192,3.771741439343157
ct_w4_i3,4,evaluation,width2,101,256,sampled_diagonal_fisher,41,41,0.4962551904059899,0.31696401295227555,0.26945268648473786,0.9557121044662509,0.9912387375656448,4.4113110421680135,2.6692695630078274,3.771741439343157
ct_w4_i3,4,evaluation,width2,101,256,sampled_two_block_fisher,41,41,0.4962551904059899,0.24601495402040635,0.12968440509593882,0.9557121044662509,0.9975566281822753,4.4113110421680135,2.125818543877683,3.771741439343157
ct_w4_i3,4,evaluation,width2,101,256,sampled_star_fisher,41,41,0.4962551904059899,0.6744099592716719,0.6700225559028885,0.9557121044662509,0.7480648953829844,4.4113110421680135,2.445125835645596,3.771741439343157
ct_w4_i3,4,evaluation,width2,101,256,sampled_full_fisher,41,41,0.4962551904059899,0.842034467291911,0.7545912903062111,0.9557121044662509,0.631095688153397,4.4113110421680135,2.2694512927788626,3.771741439343157
ct_w4_i3,4,evaluation,width2,101,256,protected_ray_star,41,41,0.4962551904059899,0.9443622307159283,0.9799252861227364,0.9557121044662509,0.4637064840946071,4.4113110421680135,2.7239521224820193,3.771741439343157
ct_w4_i3,4,evaluation,width3,0,256,sampled_adam,45,44,0.3251426757714252,0.3170773343733494,0.3293547849018937,0.9882893923605099,0.9917052613303671,4.928905374879551,0.13416406431889016,2.6759636859515474
ct_w4_i3,4,evaluation,width3,0,256,sampled_diagonal_fisher,45,44,0.3251426757714252,0.3057408022640658,0.33045586437533786,0.9882893923605099,0.9831894660469239,4.928905374879551,2.7156951228000534,2.6759636859515474
ct_w4_i3,4,evaluation,width3,0,256,sampled_two_block_fisher,45,44,0.3251426757714252,0.3797115615610335,0.3739169657504896,0.9882893923605099,0.9251419750400817,4.928905374879551,1.8307553170699407,2.6759636859515474
ct_w4_i3,4,evaluation,width3,0,256,sampled_star_fisher,45,44,0.3251426757714252,0.5623910187871914,0.5649659331486454,0.9882893923605099,0.8288337728047851,4.928905374879551,2.491021008796354,2.6759636859515474
ct_w4_i3,4,evaluation,width3,0,256,sampled_full_fisher,45,44,0.3251426757714252,0.7960666178963751,0.7633508237190957,0.9882893923605099,0.6785406061247559,4.928905374879551,2.4114430404161533,2.6759636859515474
ct_w4_i3,4,evaluation,width3,0,256,protected_ray_star,45,44,0.3251426757714252,0.9705187198405085,0.9808021555218256,0.9882893923605099,0.4745301832202511,4.928905374879551,2.7688510955149734,2.6759636859515474
ct_w4_i3,4,evaluation,width3,19,256,sampled_adam,45,44,0.5033895785081245,0.0736120298263401,0.08234106240722304,0.9920997234756925,0.9984274548637567,5.179394081865294,0.13416390575142692,3.503879853843813
ct_w4_i3,4,evaluation,width3,19,256,sampled_diagonal_fisher,45,44,0.5033895785081245,0.2908960541527313,0.285897888855067,0.9920997234756925,0.960022476679618,5.179394081865294,1.9165799065508913,3.503879853843813
ct_w4_i3,4,evaluation,width3,19,256,sampled_two_block_fisher,45,44,0.5033895785081245,0.5792018070274946,0.5699024871831541,0.9920997234756925,0.8584906914596352,5.179394081865294,1.6055026212306418,3.503879853843813
ct_w4_i3,4,evaluation,width3,19,256,sampled_star_fisher,45,44,0.5033895785081245,0.6364369163692055,0.6152333574497809,0.9920997234756925,0.8283201930960367,5.179394081865294,1.7325039810246274,3.503879853843813
ct_w4_i3,4,evaluation,width3,19,256,sampled_full_fisher,45,44,0.5033895785081245,0.8415133440817969,0.8295829831693334,0.9920997234756925,0.6581976610922938,5.179394081865294,2.4111261723842916,3.503879853843813
ct_w4_i3,4,evaluation,width3,19,256,protected_ray_star,45,44,0.5033895785081245,0.9768963550150016,0.9796102299247709,0.9920997234756925,0.4906461545658203,5.179394081865294,2.77222005226365,3.503879853843813
ct_w4_i3,4,evaluation,width3,42,256,sampled_adam,45,45,0.5786702405123383,0.19876047228321764,0.21956995662584236,0.9889574395937769,0.9949608265478207,4.9429742079983345,0.1341640539256294,3.6088654046255675
ct_w4_i3,4,evaluation,width3,42,256,sampled_diagonal_fisher,45,45,0.5786702405123383,0.32424194507451676,0.3261951282274754,0.9889574395937769,0.9506151037628086,4.9429742079983345,2.0664620897321897,3.6088654046255675
ct_w4_i3,4,evaluation,width3,42,256,sampled_two_block_fisher,45,45,0.5786702405123383,0.65272491320051,0.6228067383709279,0.9889574395937769,0.8289490354958402,4.9429742079983345,1.563282079638971,3.6088654046255675
ct_w4_i3,4,evaluation,width3,42,256,sampled_star_fisher,45,45,0.5786702405123383,0.657402693527071,0.6361361075042511,0.9889574395937769,0.8077526839130564,4.9429742079983345,1.8114443871899144,3.6088654046255675
ct_w4_i3,4,evaluation,width3,42,256,sampled_full_fisher,45,45,0.5786702405123383,0.947150008113739,0.9258092720409613,0.9889574395937769,0.5109871747587084,4.9429742079983345,2.715695122800054,3.6088654046255675
ct_w4_i3,4,evaluation,width3,42,256,protected_ray_star,45,45,0.5786702405123383,0.9739757662122428,0.9784569064195997,0.9889574395937769,0.4706444305805338,4.9429742079983345,2.775487714361802,3.6088654046255675
ct_w4_i3,4,evaluation,width3,50,256,sampled_adam,45,43,0.4884635601426621,0.16972638727905554,0.13723143819033212,0.9864833904723932,0.9957673684262853,4.961875848534594,0.13416402070344438,3.9656646668923248
ct_w4_i3,4,evaluation,width3,50,256,sampled_diagonal_fisher,45,43,0.4884635601426621,0.3370158864290857,0.2878686241137671,0.9864833904723932,0.941845072896065,4.961875848534594,1.5455476751340231,3.9656646668923248
ct_w4_i3,4,evaluation,width3,50,256,sampled_two_block_fisher,45,43,0.4884635601426621,0.3138980178258894,0.22932184055151075,0.9864833904723932,0.9510188710944617,4.961875848534594,1.8278818887190946,3.9656646668923248
ct_w4_i3,4,evaluation,width3,50,256,sampled_star_fisher,45,43,0.4884635601426621,0.7426391891669196,0.7071949712361503,0.9864833904723932,0.7508566420350028,4.961875848534594,2.000045928027343,3.9656646668923248
ct_w4_i3,4,evaluation,width3,50,256,sampled_full_fisher,45,43,0.4884635601426621,0.7787644293693172,0.7136004392324176,0.9864833904723932,0.6917078368179803,4.961875848534594,2.4180731591637454,3.9656646668923248
ct_w4_i3,4,evaluation,width3,50,256,protected_ray_star,45,43,0.4884635601426621,0.9806788822271592,0.976868461663494,0.9864833904723932,0.46369252287949225,4.961875848534594,2.780000818304175,3.9656646668923248
ct_w4_i3,4,evaluation,width3,101,256,sampled_adam,45,45,0.8143186650373294,0.34869006423442084,0.3568010048562407,0.9888069076369974,0.9908654148869575,4.944706547316313,0.1341640633981587,3.470978201057779
ct_w4_i3,4,evaluation,width3,101,256,sampled_diagonal_fisher,45,45,0.8143186650373294,0.35637186817074534,0.34328414075148783,0.9888069076369974,0.9368578839261819,4.944706547316313,2.1012762252696113,3.470978201057779
ct_w4_i3,4,evaluation,width3,101,256,sampled_two_block_fisher,45,45,0.8143186650373294,0.4602926804396435,0.44705005727260944,0.9888069076369974,0.89005539412946,4.944706547316313,1.9606362155861887,3.470978201057779
ct_w4_i3,4,evaluation,width3,101,256,sampled_star_fisher,45,45,0.8143186650373294,0.6258100789356446,0.5792857404994581,0.9888069076369974,0.8003734670793716,4.944706547316313,2.206656265219552,3.470978201057779
ct_w4_i3,4,evaluation,width3,101,256,sampled_full_fisher,45,45,0.8143186650373294,0.8842035239910861,0.8573670178777018,0.9888069076369974,0.5970385073497574,4.944706547316313,2.533448272582673,3.470978201057779
ct_w4_i3,4,evaluation,width3,101,256,protected_ray_star,45,45,0.8143186650373294,0.9826433396032344,0.9803272299007078,0.9888069076369974,0.46134776384900433,4.944706547316313,2.770192482641855,3.470978201057779
ct_w4_i4,4,evaluation,chain,0,256,sampled_adam,31,25,1.8604928889767591,0.6534317033093221,-0.5184268055777932,-0.8990354494375002,0.9784805616467377,3.2764440278667846,0.10954450200074252,9.86208494042578
ct_w4_i4,4,evaluation,chain,0,256,sampled_diagonal_fisher,31,25,1.8604928889767591,0.7477368904127357,-0.591650319686106,-0.8990354494375002,0.6733989775035955,3.2764440278667846,2.817356917396161,9.86208494042578
ct_w4_i4,4,evaluation,chain,0,256,sampled_two_block_fisher,31,25,1.8604928889767591,0.8564346868983017,-0.7127577959037236,-0.8990354494375002,0.5162669024521377,3.2764440278667846,2.8173569173961606,9.86208494042578
ct_w4_i4,4,evaluation,chain,0,256,sampled_star_fisher,31,25,1.8604928889767591,0.564977339800024,-0.3567870572583619,-0.8990354494375002,0.8762246660727654,3.2764440278667846,2.817356917396161,9.86208494042578
ct_w4_i4,4,evaluation,chain,0,256,sampled_full_fisher,31,25,1.8604928889767591,0.8385178798902231,-0.7239947224490595,-0.8990354494375002,0.5452927769200364,3.2764440278667846,2.817356917396161,9.86208494042578
ct_w4_i4,4,evaluation,chain,0,256,protected_ray_star,31,25,1.8604928889767591,0.9113036906562912,-0.9820428725099795,-0.8990354494375002,0.4132794663170088,3.2764440278667846,2.8688736472322716,9.86208494042578
ct_w4_i4,4,evaluation,chain,19,256,sampled_adam,31,28,2.1610476842884867,0.6737624174830721,-0.5896835219565342,-0.9129082845217958,0.978639538083279,3.465687240511457,0.11135528155378543,10.217698102145405
ct_w4_i4,4,evaluation,chain,19,256,sampled_diagonal_fisher,31,28,2.1610476842884867,0.8195243471248964,-0.7358035462068477,-0.9129082845217958,0.5730823203607871,3.465687240511457,2.817356917396162,10.217698102145405
ct_w4_i4,4,evaluation,chain,19,256,sampled_two_block_fisher,31,28,2.1610476842884867,0.8443583912731146,-0.7474889143288866,-0.9129082845217958,0.536699848370765,3.465687240511457,2.8173569173961606,10.217698102145405
ct_w4_i4,4,evaluation,chain,19,256,sampled_star_fisher,31,28,2.1610476842884867,0.5432293199685813,-0.41053840835183847,-0.9129082845217958,0.881838821627868,3.465687240511457,2.817356917396161,10.217698102145405
ct_w4_i4,4,evaluation,chain,19,256,sampled_full_fisher,31,28,2.1610476842884867,0.842746665146253,-0.7216903765322426,-0.9129082845217958,0.5391355714151316,3.465687240511457,2.8173569173961615,10.217698102145405
ct_w4_i4,4,evaluation,chain,19,256,protected_ray_star,31,28,2.1610476842884867,0.9103635174114411,-0.9795004428790617,-0.9129082845217958,0.42155171584080253,3.465687240511457,2.8763202077939427,10.217698102145405
ct_w4_i4,4,evaluation,chain,42,256,sampled_adam,31,27,2.0385722163272284,0.6143611142371589,-0.49405951257434466,-0.9104211786114306,0.9802546690570175,3.406178355178426,0.11135526168826365,9.937956159155608
ct_w4_i4,4,evaluation,chain,42,256,sampled_diagonal_fisher,31,27,2.0385722163272284,0.8049905864739193,-0.7395421044595003,-0.9104211786114306,0.5937005720964699,3.406178355178426,2.817356917396161,9.937956159155608
ct_w4_i4,4,evaluation,chain,42,256,sampled_two_block_fisher,31,27,2.0385722163272284,0.831955914292627,-0.761360705790204,-0.9104211786114306,0.5548627154967438,3.406178355178426,2.8173569173961615,9.937956159155608
ct_w4_i4,4,evaluation,chain,42,256,sampled_star_fisher,31,27,2.0385722163272284,0.45866593203890377,-0.33896973687418097,-0.9104211786114306,0.9619731443815429,3.406178355178426,2.817356917396161,9.937956159155608
ct_w4_i4,4,evaluation,chain,42,256,sampled_full_fisher,31,27,2.0385722163272284,0.8437103507141405,-0.754807874157129,-0.9104211786114306,0.5370546594206375,3.406178355178426,2.817356917396161,9.937956159155608
ct_w4_i4,4,evaluation,chain,42,256,protected_ray_star,31,27,2.0385722163272284,0.9094321256789504,-0.9804409507440391,-0.9104211786114306,0.42102596837964634,3.406178355178426,2.8735610393039175,9.937956159155608
ct_w4_i4,4,evaluation,chain,50,256,sampled_adam,31,24,2.243546400478214,0.6123173469376302,-0.5184268299489853,-0.8657361033917712,0.9763382599243626,2.776298037142893,0.10954450297439436,9.296114215851018
ct_w4_i4,4,evaluation,chain,50,256,sampled_diagonal_fisher,31,24,2.243546400478214,0.7129488595987313,-0.6202158374757282,-0.8657361033917712,0.7634208795340528,2.776298037142893,2.817356917396161,9.296114215851018
ct_w4_i4,4,evaluation,chain,50,256,sampled_two_block_fisher,31,24,2.243546400478214,0.786712849416883,-0.6944044863360748,-0.8657361033917712,0.6581045944967219,2.776298037142893,2.8173569173961606,9.296114215851018
ct_w4_i4,4,evaluation,chain,50,256,sampled_star_fisher,31,24,2.243546400478214,0.4877600973145034,-0.36888828906442206,-0.8657361033917712,1.0197301755486576,2.776298037142893,2.817356917396161,9.296114215851018
ct_w4_i4,4,evaluation,chain,50,256,sampled_full_fisher,31,24,2.243546400478214,0.7785337368743747,-0.707156029843231,-0.8657361033917712,0.6705980952869455,2.776298037142893,2.8173569173961606,9.296114215851018
ct_w4_i4,4,evaluation,chain,50,256,protected_ray_star,31,24,2.243546400478214,0.8539356099947268,-0.9803044581211913,-0.8657361033917712,0.5510377307869233,2.776298037142893,2.8739611393747864,9.296114215851018
ct_w4_i4,4,evaluation,chain,101,256,sampled_adam,31,25,1.970277597612199,0.6295140889950739,-0.5184268233115791,-0.9019984173160801,0.978827343239579,3.202433741060045,0.1095445053995764,9.910442127806597
ct_w4_i4,4,evaluation,chain,101,256,sampled_diagonal_fisher,31,25,1.970277597612199,0.745580266930604,-0.6294276566482101,-0.9019984173160801,0.6797888713438514,3.202433741060045,2.8173569173961606,9.910442127806597
ct_w4_i4,4,evaluation,chain,101,256,sampled_two_block_fisher,31,25,1.970277597612199,0.7743678053609809,-0.6773665780127054,-0.9019984173160801,0.641452220409242,3.202433741060045,2.817356917396161,9.910442127806597
ct_w4_i4,4,evaluation,chain,101,256,sampled_star_fisher,31,25,1.970277597612199,0.5307170116607626,-0.43101695830489645,-0.9019984173160801,0.9166062033034311,3.202433741060045,2.817356917396162,9.910442127806597
ct_w4_i4,4,evaluation,chain,101,256,sampled_full_fisher,31,25,1.970277597612199,0.8041780971567726,-0.7524620049047096,-0.9019984173160801,0.5991739712912773,3.202433741060045,2.8173569173961606,9.910442127806597
ct_w4_i4,4,evaluation,chain,101,256,protected_ray_star,31,25,1.970277597612199,0.8896906469394793,-0.9813396821176218,-0.9019984173160801,0.4566143856064464,3.202433741060045,2.870929372097354,9.910442127806597
ct_w4_i4,4,evaluation,problem_tree,0,256,sampled_adam,31,27,1.0271546074638922,0.5119042164853634,0.3496299472142545,0.7520686619934456,0.9813747747781211,2.9764178254718616,0.1113552745098704,4.528542210601939
ct_w4_i4,4,evaluation,problem_tree,0,256,sampled_diagonal_fisher,31,27,1.0271546074638922,0.5779772856786889,0.3817841126143559,0.7520686619934456,0.9355790373232258,2.9764178254718616,3.082207001484489,4.528542210601939
ct_w4_i4,4,evaluation,problem_tree,0,256,sampled_two_block_fisher,31,27,1.0271546074638922,0.24254122459597613,-0.11378940678909653,0.7520686619934456,1.2127387507087635,2.9764178254718616,2.8878723836080558,4.528542210601939
ct_w4_i4,4,evaluation,problem_tree,0,256,sampled_star_fisher,31,27,1.0271546074638922,0.7481511060691055,0.6347270219634925,0.7520686619934456,0.7034199175972691,2.9764178254718616,2.9218510635809474,4.528542210601939
ct_w4_i4,4,evaluation,problem_tree,0,256,sampled_full_fisher,31,27,1.0271546074638922,0.6079285006088129,0.2523198921771891,0.7520686619934456,0.7958372742760578,2.9764178254718616,1.9706718910578014,4.528542210601939
ct_w4_i4,4,evaluation,problem_tree,0,256,protected_ray_star,31,27,1.0271546074638922,0.7800827144473945,0.9681321534535672,0.7520686619934456,0.6301383522681548,2.9764178254718616,2.5446541065509294,4.528542210601939
ct_w4_i4,4,evaluation,problem_tree,19,256,sampled_adam,31,27,0.7299249592423644,0.4097300815165886,0.2330866177499013,0.7773834745235818,0.9852792656977417,2.9800119791407327,0.1113552815136053,5.195754796589682
ct_w4_i4,4,evaluation,problem_tree,19,256,sampled_diagonal_fisher,31,27,0.7299249592423644,0.46705751316499594,0.28571322000565663,0.7773834745235818,1.0505303123318703,2.9800119791407327,3.082207001484488,5.195754796589682
ct_w4_i4,4,evaluation,problem_tree,19,256,sampled_two_block_fisher,31,27,0.7299249592423644,0.14964515752137705,-0.1324704389002889,0.7773834745235818,1.2370830318142987,2.9800119791407327,2.661534871905635,5.195754796589682
ct_w4_i4,4,evaluation,problem_tree,19,256,sampled_star_fisher,31,27,0.7299249592423644,0.7121303440884096,0.5468690372541258,0.7773834745235818,0.729346369961508,2.9800119791407327,2.7112334526138526,5.195754796589682
ct_w4_i4,4,evaluation,problem_tree,19,256,sampled_full_fisher,31,27,0.7299249592423644,0.5115366242936003,0.2706063416290167,0.7773834745235818,0.8704518145955827,2.9800119791407327,1.9389827965814725,5.195754796589682
ct_w4_i4,4,evaluation,problem_tree,19,256,protected_ray_star,31,27,0.7299249592423644,0.8246912787517028,0.9758745778006026,0.7773834745235818,0.5835256755708792,2.9800119791407327,2.8854880582443836,5.195754796589682
ct_w4_i4,4,evaluation,problem_tree,42,256,sampled_adam,31,29,1.1277576850723061,0.4726572271522794,0.174814984202042,0.7321409129591737,0.9821471974502924,2.851838823248569,0.11135528110825946,5.087802736894982
ct_w4_i4,4,evaluation,problem_tree,42,256,sampled_diagonal_fisher,31,29,1.1277576850723061,0.5387442729406623,0.22250904842266503,0.7321409129591737,1.0017764520191579,2.851838823248569,3.0822070014844885,5.087802736894982
ct_w4_i4,4,evaluation,problem_tree,42,256,sampled_two_block_fisher,31,29,1.1277576850723061,0.272616344947409,-0.22794152030220396,0.7321409129591737,1.229264502869313,2.851838823248569,2.9594610369011995,5.087802736894982
ct_w4_i4,4,evaluation,problem_tree,42,256,sampled_star_fisher,31,29,1.1277576850723061,0.7261554069975992,0.48697864244049943,0.7321409129591737,0.7592119006492491,2.851838823248569,2.9892605502462772,5.087802736894982
ct_w4_i4,4,evaluation,problem_tree,42,256,sampled_full_fisher,31,29,1.1277576850723061,0.61981136077212,0.1587869686091786,0.7321409129591737,0.7981484402209852,2.851838823248569,2.182905193375857,5.087802736894982
ct_w4_i4,4,evaluation,problem_tree,42,256,protected_ray_star,31,29,1.1277576850723061,0.8057512398358214,0.9498244153102684,0.7321409129591737,0.5995982206710102,2.851838823248569,2.0310605235923176,5.087802736894982
ct_w4_i4,4,evaluation,problem_tree,50,256,sampled_adam,31,26,0.8942909396513021,0.4668208013939111,0.28136571596673204,0.728167780070213,0.9843754233276488,3.1768387605682733,0.10954450557077498,5.254988598998072
ct_w4_i4,4,evaluation,problem_tree,50,256,sampled_diagonal_fisher,31,26,0.8942909396513021,0.49491669975568103,0.281032183884033,0.728167780070213,0.9904357914467633,3.1768387605682733,3.0822070014844876,5.254988598998072
ct_w4_i4,4,evaluation,problem_tree,50,256,sampled_two_block_fisher,31,26,0.8942909396513021,0.19546701488346574,-0.10773211345966473,0.728167780070213,1.2028084043215383,3.1768387605682733,2.8332776752065345,5.254988598998072
ct_w4_i4,4,evaluation,problem_tree,50,256,sampled_star_fisher,31,26,0.8942909396513021,0.6607502707127522,0.49510998138864687,0.728167780070213,0.8081695295564596,3.1768387605682733,3.0507122614132176,5.254988598998072
ct_w4_i4,4,evaluation,problem_tree,50,256,sampled_full_fisher,31,26,0.8942909396513021,0.6242330458524754,0.31406510439903407,0.728167780070213,0.7862485890882446,3.1768387605682733,1.701552073039299,5.254988598998072
ct_w4_i4,4,evaluation,problem_tree,50,256,protected_ray_star,31,26,0.8942909396513021,0.7652164580453535,0.9753475772753959,0.728167780070213,0.6630837668978675,3.1768387605682733,2.935640009729002,5.254988598998072
ct_w4_i4,4,evaluation,problem_tree,101,256,sampled_adam,31,23,1.336805567399222,0.4606222352406063,0.21086612276048874,0.8476579602660603,0.9846797720183216,3.1418041265067673,0.10770327291126482,3.9408632422889447
ct_w4_i4,4,evaluation,problem_tree,101,256,sampled_diagonal_fisher,31,23,1.336805567399222,0.45806002196738366,0.1897682712467495,0.8476579602660603,1.0217822981859734,3.1418041265067673,3.0221117565929565,3.9408632422889447
ct_w4_i4,4,evaluation,problem_tree,101,256,sampled_two_block_fisher,31,23,1.336805567399222,0.2991424936087753,-0.08365289402459054,0.8476579602660603,1.065250417963835,3.1418041265067673,2.4276321502749814,3.9408632422889447
ct_w4_i4,4,evaluation,problem_tree,101,256,sampled_star_fisher,31,23,1.336805567399222,0.6309517345808694,0.39117088057351296,0.8476579602660603,0.7800704159111105,3.1418041265067673,2.2377603688587255,3.9408632422889447
ct_w4_i4,4,evaluation,problem_tree,101,256,sampled_full_fisher,31,23,1.336805567399222,0.4847240227745912,0.16941258611748486,0.8476579602660603,0.876496535303293,3.1418041265067673,1.7007339001400736,3.9408632422889447
ct_w4_i4,4,evaluation,problem_tree,101,256,protected_ray_star,31,23,1.336805567399222,0.7975877307515598,0.9280337419105062,0.8476579602660603,0.6559045827097407,3.1418041265067673,1.6965402552408093,3.9408632422889447
ct_w4_i4,4,evaluation,width2,0,256,sampled_adam,44,42,0.930574091255713,0.2405307756566115,0.19951733662499432,0.9327909013290826,0.9938234565421462,4.89006876748228,0.13266497901928737,4.548204082736181
ct_w4_i4,4,evaluation,width2,0,256,sampled_diagonal_fisher,44,42,0.930574091255713,0.33323705760378836,0.2533698431023991,0.9327909013290826,0.9672170309444528,4.89006876748228,2.6846712579810976,4.548204082736181
ct_w4_i4,4,evaluation,width2,0,256,sampled_two_block_fisher,44,42,0.930574091255713,0.22732079344733278,0.09236738040845235,0.9327909013290826,0.9942416153267815,4.89006876748228,2.0919619121976747,4.548204082736181
ct_w4_i4,4,evaluation,width2,0,256,sampled_star_fisher,44,42,0.930574091255713,0.5848137513168421,0.4248961908390839,0.9327909013290826,0.8129779381576518,4.89006876748228,2.5946199435989756,4.548204082736181
ct_w4_i4,4,evaluation,width2,0,256,sampled_full_fisher,44,42,0.930574091255713,0.7041224940138389,0.5328530943897685,0.9327909013290826,0.755194892164969,4.89006876748228,2.1859003474878316,4.548204082736181
ct_w4_i4,4,evaluation,width2,0,256,protected_ray_star,44,42,0.930574091255713,0.9511568297606451,0.9794075216757107,0.9327909013290826,0.4172107191334355,4.89006876748228,3.2788273252914344,4.548204082736181
ct_w4_i4,4,evaluation,width2,19,256,sampled_adam,44,37,0.5891872650241123,0.2220027037613889,0.17604470774506176,0.9527431751022967,0.9943465522656707,4.906161204765703,0.13266498179144712,4.364049203692673
ct_w4_i4,4,evaluation,width2,19,256,sampled_diagonal_fisher,44,37,0.5891872650241123,0.3376555668870178,0.29974567329323376,0.9527431751022967,0.9931808791164848,4.906161204765703,3.211308144666283,4.364049203692673
ct_w4_i4,4,evaluation,width2,19,256,sampled_two_block_fisher,44,37,0.5891872650241123,0.1724531097419156,0.07742357240727249,0.9527431751022967,1.028711499993234,4.906161204765703,2.3013813805472405,4.364049203692673
ct_w4_i4,4,evaluation,width2,19,256,sampled_star_fisher,44,37,0.5891872650241123,0.5419929660170544,0.45423771190621753,0.9527431751022967,0.8413033679779789,4.906161204765703,2.8521192673523537,4.364049203692673
ct_w4_i4,4,evaluation,width2,19,256,sampled_full_fisher,44,37,0.5891872650241123,0.5529838474178301,0.40504370727430306,0.9527431751022967,0.8430121302044036,4.906161204765703,2.0835732064620127,4.364049203692673
ct_w4_i4,4,evaluation,width2,19,256,protected_ray_star,44,37,0.5891872650241123,0.9570982531561926,0.9800523936602629,0.9527431751022967,0.409410382935823,4.906161204765703,3.276669865243437,4.364049203692673
ct_w4_i4,4,evaluation,width2,42,256,sampled_adam,44,41,0.643066277361714,0.15642660851095064,0.058681571438554465,0.9263692744195421,0.9960547827861346,4.805431029336507,0.13266497762048718,5.005771351476722
ct_w4_i4,4,evaluation,width2,42,256,sampled_diagonal_fisher,44,41,0.643066277361714,0.13961817668933413,0.03356486854891569,0.9263692744195421,1.0722733755153513,4.805431029336507,2.6479584948644757,5.005771351476722
ct_w4_i4,4,evaluation,width2,42,256,sampled_two_block_fisher,44,41,0.643066277361714,0.4300261206556637,0.24553810955635658,0.9263692744195421,0.9053586409548693,4.805431029336507,1.7406564247431189,5.005771351476722
ct_w4_i4,4,evaluation,width2,42,256,sampled_star_fisher,44,41,0.643066277361714,0.3489561899450956,0.175626291818562,0.9263692744195421,0.9764872089521418,4.805431029336507,2.995515594707114,5.005771351476722
ct_w4_i4,4,evaluation,width2,42,256,sampled_full_fisher,44,41,0.643066277361714,0.6180183706719402,0.45125414330479907,0.9263692744195421,0.8023323144133374,4.805431029336507,2.1997175581158155,5.005771351476722
ct_w4_i4,4,evaluation,width2,42,256,protected_ray_star,44,41,0.643066277361714,0.9429427310174145,0.9781696805812997,0.9263692744195421,0.4222978148950634,4.805431029336507,3.28297657187441,5.005771351476722
ct_w4_i4,4,evaluation,width2,50,256,sampled_adam,44,41,0.9906140350174701,0.18528493637562526,0.058681401431907754,0.9566716838596535,0.9952871711749315,4.841454545690011,0.13266493712762792,5.3270687863035455
ct_w4_i4,4,evaluation,width2,50,256,sampled_diagonal_fisher,44,41,0.9906140350174701,0.24817880977870582,0.12104123833187869,0.9566716838596535,0.9987714126605772,4.841454545690011,2.378896758098633,5.3270687863035455
ct_w4_i4,4,evaluation,width2,50,256,sampled_two_block_fisher,44,41,0.9906140350174701,0.3678348331599973,0.25382409695659097,0.9566716838596535,0.9305075851137413,4.841454545690011,1.9448109267730942,5.3270687863035455
ct_w4_i4,4,evaluation,width2,50,256,sampled_star_fisher,44,41,0.9906140350174701,0.521564160779131,0.3804322356480871,0.9566716838596535,0.856311229197443,4.841454545690011,2.877529040879686,5.3270687863035455
ct_w4_i4,4,evaluation,width2,50,256,sampled_full_fisher,44,41,0.9906140350174701,0.6919496584350231,0.5471863893357322,0.9566716838596535,0.7573297168915774,4.841454545690011,2.2423900731075945,5.3270687863035455
ct_w4_i4,4,evaluation,width2,50,256,protected_ray_star,44,41,0.9906140350174701,0.9703923984678597,0.9781098479968201,0.9566716838596535,0.37914489691040887,4.841454545690011,3.283177396938675,5.3270687863035455
ct_w4_i4,4,evaluation,width2,101,256,sampled_adam,44,40,1.1520438839164662,0.3109448041060975,0.29340782697904544,0.9597822340069225,0.9922142994779544,5.0964265922763605,0.13266497760076898,4.294208832696189
ct_w4_i4,4,evaluation,width2,101,256,sampled_diagonal_fisher,44,40,1.1520438839164662,0.3509786340250547,0.28373319624926757,0.9597822340069225,0.9498153970607148,5.0964265922763605,2.599938284510517,4.294208832696189
ct_w4_i4,4,evaluation,width2,101,256,sampled_two_block_fisher,44,40,1.1520438839164662,0.37120161045210287,0.2665119345493557,0.9597822340069225,0.9285917682073653,5.0964265922763605,1.9354372859191475,4.294208832696189
ct_w4_i4,4,evaluation,width2,101,256,sampled_star_fisher,44,40,1.1520438839164662,0.4595564530758924,0.39330799970633257,0.9597822340069225,0.890092694367567,5.0964265922763605,2.042438926887157,4.294208832696189
ct_w4_i4,4,evaluation,width2,101,256,sampled_full_fisher,44,40,1.1520438839164662,0.5493261999006834,0.4681700156239804,0.9597822340069225,0.8497223583324115,5.0964265922763605,2.013571059782397,4.294208832696189
ct_w4_i4,4,evaluation,width2,101,256,protected_ray_star,44,40,1.1520438839164662,0.9529805398629029,0.9793311471795269,0.9597822340069225,0.4332009688594551,5.0964265922763605,3.279083029182568,4.294208832696189
ct_w4_i4,4,evaluation,width3,0,256,sampled_adam,50,50,0.25698778753742624,0.1681450269202577,0.16222132374732431,0.9976980393374065,0.9965153597875228,6.385761086914721,0.14142132830215795,4.154561917171975
ct_w4_i4,4,evaluation,width3,0,256,sampled_diagonal_fisher,50,50,0.25698778753742624,0.3541112120869908,0.3424207149292466,0.9976980393374065,0.9352249016111391,6.385761086914721,2.2206975866048118,4.154561917171975
ct_w4_i4,4,evaluation,width3,0,256,sampled_two_block_fisher,50,50,0.25698778753742624,0.3795034530206542,0.36070695777295536,0.9976980393374065,0.9263142029724664,6.385761086914721,2.1321217233184435,4.154561917171975
ct_w4_i4,4,evaluation,width3,0,256,sampled_star_fisher,50,50,0.25698778753742624,0.6926418985760782,0.6870597015173114,0.9976980393374065,0.7739953147514365,6.385761086914721,2.630232062478802,4.154561917171975
ct_w4_i4,4,evaluation,width3,0,256,sampled_full_fisher,50,50,0.25698778753742624,0.849345200376649,0.8473681789828215,0.9976980393374065,0.6565730464730747,6.385761086914721,2.9301969636328966,4.154561917171975
ct_w4_i4,4,evaluation,width3,0,256,protected_ray_star,50,50,0.25698778753742624,0.9751841486228365,0.9778862263958074,0.9976980393374065,0.5030032318982011,6.385761086914721,3.343102826700701,4.154561917171975
ct_w4_i4,4,evaluation,width3,19,256,sampled_adam,50,47,0.20894133544557236,0.14222673286819004,0.1405919712654701,0.9975402674750331,0.9971054668434243,6.420096002273752,0.14142133612061664,4.3734942720380925
ct_w4_i4,4,evaluation,width3,19,256,sampled_diagonal_fisher,50,47,0.20894133544557236,0.2913520438645361,0.2884140647731548,0.9975402674750331,0.9750027622568465,6.420096002273752,3.0804262397158677,4.3734942720380925
ct_w4_i4,4,evaluation,width3,19,256,sampled_two_block_fisher,50,47,0.20894133544557236,0.3013354157915004,0.29507020542986195,0.9975402674750331,0.9555561048509656,6.420096002273752,2.335048669079989,4.3734942720380925
ct_w4_i4,4,evaluation,width3,19,256,sampled_star_fisher,50,47,0.20894133544557236,0.5808558313488742,0.5752022548897995,0.9975402674750331,0.8242987159354438,6.420096002273752,2.895479786243211,4.3734942720380925
ct_w4_i4,4,evaluation,width3,19,256,sampled_full_fisher,50,47,0.20894133544557236,0.6984925346121001,0.6905016512673202,0.9975402674750331,0.7700316666270779,6.420096002273752,2.658996655388728,4.3734942720380925
ct_w4_i4,4,evaluation,width3,19,256,protected_ray_star,50,47,0.20894133544557236,0.9767652076300094,0.9781438282516594,0.9975402674750331,0.5040116420794699,6.420096002273752,3.342222394327068,4.3734942720380925
ct_w4_i4,4,evaluation,width3,42,256,sampled_adam,50,48,0.31099062482077156,0.19263103664463227,0.18385089755256837,0.9973335378501219,0.9959321054693292,6.320802658495872,0.14142133320983902,4.889237299247277
ct_w4_i4,4,evaluation,width3,42,256,sampled_diagonal_fisher,50,48,0.31099062482077156,0.2549530002920941,0.23756377635948772,0.9973335378501219,0.9670281665921344,6.320802658495872,1.6874907330857831,4.889237299247277
ct_w4_i4,4,evaluation,width3,42,256,sampled_two_block_fisher,50,48,0.31099062482077156,0.5576420480555863,0.5584987629417382,0.9973335378501219,0.8783859492097575,6.320802658495872,1.7089411137022363,4.889237299247277
ct_w4_i4,4,evaluation,width3,42,256,sampled_star_fisher,50,48,0.31099062482077156,0.6489907259116081,0.6386668256489113,0.9973335378501219,0.8268494368621405,6.320802658495872,2.055246676444377,4.889237299247277
ct_w4_i4,4,evaluation,width3,42,256,sampled_full_fisher,50,48,0.31099062482077156,0.7959947597068571,0.8001580280250502,0.9973335378501219,0.691478200657737,6.320802658495872,2.9183450945717557,4.889237299247277
ct_w4_i4,4,evaluation,width3,42,256,protected_ray_star,50,48,0.31099062482077156,0.9773715397498799,0.9776646876272536,0.9973335378501219,0.4957416792852975,6.320802658495872,3.343860373631411,4.889237299247277
ct_w4_i4,4,evaluation,width3,50,256,sampled_adam,50,44,0.3858786638350846,0.24995672487747264,0.22710999641532842,0.9960667574238989,0.9946062310880747,6.275188152001756,0.14142132209423702,4.52303971622511
ct_w4_i4,4,evaluation,width3,50,256,sampled_diagonal_fisher,50,44,0.3858786638350846,0.300405158133903,0.2840701937016889,0.9960667574238989,0.954673969747586,6.275188152001756,2.1396618216828753,4.52303971622511
ct_w4_i4,4,evaluation,width3,50,256,sampled_two_block_fisher,50,44,0.3858786638350846,0.42983363618659765,0.4069372814237878,0.9960667574238989,0.9101346262791697,6.275188152001756,1.9790042032302582,4.52303971622511
ct_w4_i4,4,evaluation,width3,50,256,sampled_star_fisher,50,44,0.3858786638350846,0.5304323710344542,0.5206921990992706,0.9960667574238989,0.8626195414737543,6.275188152001756,2.327066225453273,4.52303971622511
ct_w4_i4,4,evaluation,width3,50,256,sampled_full_fisher,50,44,0.3858786638350846,0.7353628032770287,0.7321421674840088,0.9960667574238989,0.7656297603000765,6.275188152001756,2.3787107337872477,4.52303971622511
ct_w4_i4,4,evaluation,width3,50,256,protected_ray_star,50,44,0.3858786638350846,0.9770433954451163,0.9784900876950364,0.9960667574238989,0.4930269769922406,6.275188152001756,3.3410396781396936,4.52303971622511
ct_w4_i4,4,evaluation,width3,101,256,sampled_adam,50,45,0.712724821340487,0.2669762124529841,0.24873944940635034,0.9963976264077744,0.994285252269012,6.349334061816219,0.14142132899741772,3.6937119627526567
ct_w4_i4,4,evaluation,width3,101,256,sampled_diagonal_fisher,50,45,0.712724821340487,0.3654392559885321,0.34731564294304296,0.9963976264077744,0.9314431876501836,6.349334061816219,2.1066465664766394,3.6937119627526567
ct_w4_i4,4,evaluation,width3,101,256,sampled_two_block_fisher,50,45,0.712724821340487,0.482299722799755,0.458652882613548,0.9963976264077744,0.8957436415575328,6.349334061816219,1.8749448064975607,3.6937119627526567
ct_w4_i4,4,evaluation,width3,101,256,sampled_star_fisher,50,45,0.712724821340487,0.3174409795344137,0.3138982564809116,0.9963976264077744,0.9483495623039097,6.349334061816219,1.941583986936499,3.6937119627526567
ct_w4_i4,4,evaluation,width3,101,256,sampled_full_fisher,50,45,0.712724821340487,0.664816620842396,0.661526413392102,0.9963976264077744,0.8112483523239324,6.349334061816219,2.2122529663845927,3.6937119627526567
ct_w4_i4,4,evaluation,width3,101,256,protected_ray_star,50,45,0.712724821340487,0.9740187158826666,0.9790032929786028,0.9963976264077744,0.502069156212141,6.349334061816219,3.339288265016037,3.6937119627526567
ct_w4_i5,4,evaluation,chain,0,256,sampled_adam,31,24,1.9143138435536016,0.5472151579431968,-0.4196984149366774,-0.9122818474328932,0.9828121277530332,3.414714277777065,0.10954444305270958,9.354567020724765
ct_w4_i5,4,evaluation,chain,0,256,sampled_diagonal_fisher,31,24,1.9143138435536016,0.7765578778553918,-0.6663186712507622,-0.9122818474328932,0.6301639551761895,3.414714277777065,2.6100766272276377,9.354567020724765
ct_w4_i5,4,evaluation,chain,0,256,sampled_two_block_fisher,31,24,1.9143138435536016,0.778200139306695,-0.6868376009788755,-0.9122818474328932,0.6281688045978873,3.414714277777065,2.6100766272276372,9.354567020724765
ct_w4_i5,4,evaluation,chain,0,256,sampled_star_fisher,31,24,1.9143138435536016,0.6697492083284627,-0.5027797146884768,-0.9122818474328932,0.7485903495067305,3.414714277777065,2.610076627227638,9.354567020724765
ct_w4_i5,4,evaluation,chain,0,256,sampled_full_fisher,31,24,1.9143138435536016,0.8138277713353163,-0.7271611675273734,-0.9122818474328932,0.5832077298210081,3.414714277777065,2.6100766272276377,9.354567020724765
ct_w4_i5,4,evaluation,chain,0,256,protected_ray_star,31,24,1.9143138435536016,0.9019267280807716,-0.9810874914875736,-0.9122818474328932,0.4490161336618914,3.414714277777065,2.660391300341736,9.354567020724765
ct_w4_i5,4,evaluation,chain,19,256,sampled_adam,31,26,2.001886384182389,0.6302962858896297,-0.6021073445433447,-0.9414375298436463,0.978538180936891,3.2149533589497814,0.11135527436088294,9.102277328387041
ct_w4_i5,4,evaluation,chain,19,256,sampled_diagonal_fisher,31,26,2.001886384182389,0.8395132172104671,-0.7699799346510471,-0.9414375298436463,0.5440427589948079,3.2149533589497814,2.6100766272276377,9.102277328387041
ct_w4_i5,4,evaluation,chain,19,256,sampled_two_block_fisher,31,26,2.001886384182389,0.8889979851959502,-0.8327137479319087,-0.9414375298436463,0.4643636402920176,3.2149533589497814,2.610076627227638,9.102277328387041
ct_w4_i5,4,evaluation,chain,19,256,sampled_star_fisher,31,26,2.001886384182389,0.6486086844916578,-0.5025625070625941,-0.9414375298436463,0.7784318864018672,3.2149533589497814,2.6100766272276377,9.102277328387041
ct_w4_i5,4,evaluation,chain,19,256,sampled_full_fisher,31,26,2.001886384182389,0.9181151252584581,-0.8526977438543938,-0.9414375298436463,0.41031181659140853,3.2149533589497814,2.6100766272276372,9.102277328387041
ct_w4_i5,4,evaluation,chain,19,256,protected_ray_star,31,26,2.001886384182389,0.9318536675040278,-0.9798001335408072,-0.9414375298436463,0.37724206573852614,3.2149533589497814,2.6638867845377074,9.102277328387041
ct_w4_i5,4,evaluation,chain,42,256,sampled_adam,31,27,2.202251896185291,0.6054529162119929,-0.49888901895047333,-0.9258717565892045,0.9797275560672406,3.265145151257419,0.11135527084866872,9.297776108368568
ct_w4_i5,4,evaluation,chain,42,256,sampled_diagonal_fisher,31,27,2.202251896185291,0.801173993174739,-0.7084359415228669,-0.9258717565892045,0.5984341799149873,3.265145151257419,2.6100766272276372,9.297776108368568
ct_w4_i5,4,evaluation,chain,42,256,sampled_two_block_fisher,31,27,2.202251896185291,0.840919237805936,-0.7821925131952895,-0.9258717565892045,0.542752916240935,3.265145151257419,2.6100766272276372,9.297776108368568
ct_w4_i5,4,evaluation,chain,42,256,sampled_star_fisher,31,27,2.202251896185291,0.6045783782730068,-0.44586113606430106,-0.9258717565892045,0.815135892425529,3.265145151257419,2.5392132495076485,9.297776108368568
ct_w4_i5,4,evaluation,chain,42,256,sampled_full_fisher,31,27,2.202251896185291,0.8164888511686105,-0.7887078332371158,-0.9258717565892045,0.5776147738848262,3.265145151257419,2.610076627227638,9.297776108368568
ct_w4_i5,4,evaluation,chain,42,256,protected_ray_star,31,27,2.202251896185291,0.9212617786713613,-0.9812162584226016,-0.9258717565892045,0.4032825568820424,3.265145151257419,2.6600421719709204,9.297776108368568
ct_w4_i5,4,evaluation,chain,50,256,sampled_adam,31,28,2.5086071114677955,0.5571980969750029,-0.5677012282509257,-0.9002285075729775,0.9806433911701864,3.1335767913808086,0.11135527592949455,9.026229290158689
ct_w4_i5,4,evaluation,chain,50,256,sampled_diagonal_fisher,31,28,2.5086071114677955,0.7695711128559631,-0.759463496186652,-0.9002285075729775,0.6416975322960012,3.1335767913808086,2.610076627227638,9.026229290158689
ct_w4_i5,4,evaluation,chain,50,256,sampled_two_block_fisher,31,28,2.5086071114677955,0.8329849480499989,-0.816500533024983,-0.9002285075729775,0.5532956519649055,3.1335767913808086,2.6100766272276377,9.026229290158689
ct_w4_i5,4,evaluation,chain,50,256,sampled_star_fisher,31,28,2.5086071114677955,0.6950476144548231,-0.6354265932291516,-0.9002285075729775,0.7320674142141997,3.1335767913808086,2.6100766272276372,9.026229290158689
ct_w4_i5,4,evaluation,chain,50,256,sampled_full_fisher,31,28,2.5086071114677955,0.8306692957636914,-0.837582454496354,-0.9002285075729775,0.5567707519098429,3.1335767913808086,2.610076627227638,9.026229290158689
ct_w4_i5,4,evaluation,chain,50,256,protected_ray_star,31,28,2.5086071114677955,0.895754634246656,-0.9800982646063192,-0.9002285075729775,0.4469123941202809,3.1335767913808086,2.6630764704761916,9.026229290158689
ct_w4_i5,4,evaluation,chain,101,256,sampled_adam,31,25,2.418572666884303,0.5411128128535029,-0.524623044040843,-0.9404505448223021,0.9840013477600928,3.6308106605470107,0.10954450445512577,9.800532948757018
ct_w4_i5,4,evaluation,chain,101,256,sampled_diagonal_fisher,31,25,2.418572666884303,0.7683130692708852,-0.7093262981546486,-0.9404505448223021,0.641981121183671,3.6308106605470107,2.6100766272276377,9.800532948757018
ct_w4_i5,4,evaluation,chain,101,256,sampled_two_block_fisher,31,25,2.418572666884303,0.8026332892937722,-0.7680733309944755,-0.9404505448223021,0.6023257315045588,3.6308106605470107,2.6100766272276377,9.800532948757018
ct_w4_i5,4,evaluation,chain,101,256,sampled_star_fisher,31,25,2.418572666884303,0.6371094441586346,-0.5454033315858103,-0.9404505448223021,0.775097512604315,3.6308106605470107,2.6100766272276377,9.800532948757018
ct_w4_i5,4,evaluation,chain,101,256,sampled_full_fisher,31,25,2.418572666884303,0.834810384289175,-0.7845656726042914,-0.9404505448223021,0.5626136021191019,3.6308106605470107,2.6100766272276377,9.800532948757018
ct_w4_i5,4,evaluation,chain,101,256,protected_ray_star,31,25,2.418572666884303,0.9228813740218691,-0.9792883639343146,-0.9404505448223021,0.4288807435860837,3.6308106605470107,2.6652789141102335,9.800532948757018
ct_w4_i5,4,evaluation,problem_tree,0,256,sampled_adam,31,30,0.7149868719798207,0.38959033513931274,0.15632629355431935,0.8287888175988313,0.9838662984584029,2.5594664180360165,0.11135526893268223,4.711018085503847
ct_w4_i5,4,evaluation,problem_tree,0,256,sampled_diagonal_fisher,31,30,0.7149868719798207,0.49460413779321866,0.21818850314247015,0.8287888175988313,1.0720386684589696,2.5594664180360165,2.872281323269014,4.711018085503847
ct_w4_i5,4,evaluation,problem_tree,0,256,sampled_two_block_fisher,31,30,0.7149868719798207,0.3494031013013128,-0.027033314274247693,0.8287888175988313,1.1019443785651295,2.5594664180360165,2.378696461799157,4.711018085503847
ct_w4_i5,4,evaluation,problem_tree,0,256,sampled_star_fisher,31,30,0.7149868719798207,0.7151434385098244,0.4514155002822085,0.8287888175988313,0.7439679072553718,2.5594664180360165,2.482514276440325,4.711018085503847
ct_w4_i5,4,evaluation,problem_tree,0,256,sampled_full_fisher,31,30,0.7149868719798207,0.7907103545993633,0.49347693847244595,0.8287888175988313,0.6184544021133378,2.5594664180360165,1.7990773078590974,4.711018085503847
ct_w4_i5,4,evaluation,problem_tree,0,256,protected_ray_star,31,30,0.7149868719798207,0.8875909612614289,0.9804978224004561,0.8287888175988313,0.5274514186527061,2.5594664180360165,2.929411221166296,4.711018085503847
ct_w4_i5,4,evaluation,problem_tree,19,256,sampled_adam,31,28,1.4399687148278457,0.33386062431827807,-0.03126525696027437,0.848889786283496,0.9873167271883244,2.7724590045552753,0.11135526598534058,5.620976588956431
ct_w4_i5,4,evaluation,problem_tree,19,256,sampled_diagonal_fisher,31,28,1.4399687148278457,0.4833904362820672,0.17763921486268147,0.848889786283496,0.9070737114863578,2.7724590045552753,1.998888841882488,5.620976588956431
ct_w4_i5,4,evaluation,problem_tree,19,256,sampled_two_block_fisher,31,28,1.4399687148278457,0.28344710484892105,-0.04407315972287852,0.848889786283496,1.112775534843564,2.7724590045552753,2.350779241173315,5.620976588956431
ct_w4_i5,4,evaluation,problem_tree,19,256,sampled_star_fisher,31,28,1.4399687148278457,0.7723691747636184,0.5776776986718781,0.848889786283496,0.6354376457504505,2.7724590045552753,2.0906066547440507,5.620976588956431
ct_w4_i5,4,evaluation,problem_tree,19,256,sampled_full_fisher,31,28,1.4399687148278457,0.696048898457281,0.4823943449867178,0.848889786283496,0.7236631534975646,2.7724590045552753,2.180401451598227,5.620976588956431
ct_w4_i5,4,evaluation,problem_tree,19,256,protected_ray_star,31,28,1.4399687148278457,0.8967904160187734,0.959313891448757,0.848889786283496,0.46485980727255183,2.7724590045552753,2.0910307376069595,5.620976588956431
ct_w4_i5,4,evaluation,problem_tree,42,256,sampled_adam,31,30,0.8176167456669865,0.3587064634220528,0.1875915991415669,0.8680020922616509,0.9863588405254533,2.783912531766992,0.11135528117701605,4.621302182860857
ct_w4_i5,4,evaluation,problem_tree,42,256,sampled_diagonal_fisher,31,30,0.8176167456669865,0.43288872924953037,0.22004811171321623,0.8680020922616509,1.0822353623658945,2.783912531766992,2.8722813232690143,4.621302182860857
ct_w4_i5,4,evaluation,problem_tree,42,256,sampled_two_block_fisher,31,30,0.8176167456669865,0.253056077990516,-0.10916544941670428,0.8680020922616509,1.1522281074158094,2.783912531766992,2.446750421091815,4.621302182860857
ct_w4_i5,4,evaluation,problem_tree,42,256,sampled_star_fisher,31,30,0.8176167456669865,0.6580921960480041,0.4406128886979741,0.8680020922616509,0.7903904479580492,2.783912531766992,2.5013829655662168,4.621302182860857
ct_w4_i5,4,evaluation,problem_tree,42,256,sampled_full_fisher,31,30,0.8176167456669865,0.7093521922664002,0.47368891438309096,0.8680020922616509,0.7049243606213864,2.783912531766992,1.9470907085057687,4.621302182860857
ct_w4_i5,4,evaluation,problem_tree,42,256,protected_ray_star,31,30,0.8176167456669865,0.9006944902149866,0.9735246389172962,0.8680020922616509,0.4360451514804198,2.783912531766992,2.611094729546865,4.621302182860857
ct_w4_i5,4,evaluation,problem_tree,50,256,sampled_adam,31,28,1.1156720320192408,0.43177240594052335,0.25012204325145426,0.8561435563576054,0.9835130751835407,2.8053337285788458,0.1113552633838231,4.457632625851044
ct_w4_i5,4,evaluation,problem_tree,50,256,sampled_diagonal_fisher,31,28,1.1156720320192408,0.42090242566832003,0.27715219772579,0.8561435563576054,1.0892218716105948,2.8053337285788458,2.8722813232690143,4.457632625851044
ct_w4_i5,4,evaluation,problem_tree,50,256,sampled_two_block_fisher,31,28,1.1156720320192408,0.1178345136261883,-0.11266155351292656,0.8561435563576054,1.246139726921629,2.8053337285788458,2.442497414003059,4.457632625851044
ct_w4_i5,4,evaluation,problem_tree,50,256,sampled_star_fisher,31,28,1.1156720320192408,0.5995357096259124,0.5002922968336456,0.8561435563576054,0.8496615223776853,2.8053337285788458,2.482120212774092,4.457632625851044
ct_w4_i5,4,evaluation,problem_tree,50,256,sampled_full_fisher,31,28,1.1156720320192408,0.6671577547004603,0.3588220434671179,0.8561435563576054,0.751394039741135,2.8053337285788458,1.5954140469969633,4.457632625851044
ct_w4_i5,4,evaluation,problem_tree,50,256,protected_ray_star,31,28,1.1156720320192408,0.9112175687708982,0.966608464552569,0.8561435563576054,0.4172067708503756,2.8053337285788458,2.370630306535892,4.457632625851044
ct_w4_i5,4,evaluation,problem_tree,101,256,sampled_adam,31,30,1.1478521896444773,0.5089796291085843,0.2501220783945333,0.9011561305303276,0.9804314693565142,2.8111615233266223,0.11135525801826215,4.457803211013499
ct_w4_i5,4,evaluation,problem_tree,101,256,sampled_diagonal_fisher,31,30,1.1478521896444773,0.47253716949795965,0.22931835774278111,0.9011561305303276,0.8988918243189216,2.8111615233266223,1.825706775980885,4.457803211013499
ct_w4_i5,4,evaluation,problem_tree,101,256,sampled_two_block_fisher,31,30,1.1478521896444773,0.4418596544887965,0.12717956473502776,0.9011561305303276,0.923270582113193,2.8111615233266223,1.8559031872076657,4.457803211013499
ct_w4_i5,4,evaluation,problem_tree,101,256,sampled_star_fisher,31,30,1.1478521896444773,0.6979027293188989,0.5214429302647833,0.9011561305303276,0.7168173483532548,2.8111615233266223,1.8778015175690397,4.457803211013499
ct_w4_i5,4,evaluation,problem_tree,101,256,sampled_full_fisher,31,30,1.1478521896444773,0.811015721403679,0.6517956546575867,0.9011561305303276,0.6050329238394356,2.8111615233266223,1.8461080131885517,4.457803211013499
ct_w4_i5,4,evaluation,problem_tree,101,256,protected_ray_star,31,30,1.1478521896444773,0.89347383344687,0.959597294147617,0.9011561305303276,0.468014098761218,2.8111615233266223,2.141599543250645,4.457803211013499
ct_w4_i5,4,evaluation,width2,0,256,sampled_adam,44,41,0.33419892865457224,0.3302237584423569,0.3129894207742183,0.9814552391252024,0.9918728700972398,5.2035369226721,0.13266498620780173,3.449875546640623
ct_w4_i5,4,evaluation,width2,0,256,sampled_diagonal_fisher,44,41,0.33419892865457224,0.3357936624862292,0.3143441596418347,0.9814552391252024,0.9727092127688393,5.2035369226721,3.0103986446980735,3.449875546640623
ct_w4_i5,4,evaluation,width2,0,256,sampled_two_block_fisher,44,41,0.33419892865457224,0.4769139430849704,0.43298121204858225,0.9814552391252024,0.8790243019048785,5.2035369226721,2.541112904384349,3.449875546640623
ct_w4_i5,4,evaluation,width2,0,256,sampled_star_fisher,44,41,0.33419892865457224,0.5534233030576858,0.5068972583613873,0.9814552391252024,0.8332150736913999,5.2035369226721,2.760563358053617,3.449875546640623
ct_w4_i5,4,evaluation,width2,0,256,sampled_full_fisher,44,41,0.33419892865457224,0.7609758869212278,0.6920700500128125,0.9814552391252024,0.6986601110077597,5.2035369226721,2.610752301899088,3.449875546640623
ct_w4_i5,4,evaluation,width2,0,256,protected_ray_star,44,41,0.33419892865457224,0.9770793579797731,0.9796017978743651,0.9814552391252024,0.44124910437085924,5.2035369226721,3.0730840339720977,3.449875546640623
ct_w4_i5,4,evaluation,width2,19,256,sampled_adam,44,41,0.7227500997551937,0.2816165081128885,0.23787196681358677,0.9864412300230831,0.993279160810934,5.3312394801086,0.13266496975552763,4.537005393372336
ct_w4_i5,4,evaluation,width2,19,256,sampled_diagonal_fisher,44,41,0.7227500997551937,0.35026459955202044,0.29186975367130763,0.9864412300230831,0.9386879999166858,5.3312394801086,2.1968672865401335,4.537005393372336
ct_w4_i5,4,evaluation,width2,19,256,sampled_two_block_fisher,44,41,0.7227500997551937,0.43192971332101077,0.37277597128803475,0.9864412300230831,0.9022684325671835,5.3312394801086,2.166632912657611,4.537005393372336
ct_w4_i5,4,evaluation,width2,19,256,sampled_star_fisher,44,41,0.7227500997551937,0.6360289183532306,0.604016044012664,0.9864412300230831,0.8027120056143047,5.3312394801086,2.212156095045038,4.537005393372336
ct_w4_i5,4,evaluation,width2,19,256,sampled_full_fisher,44,41,0.7227500997551937,0.6490853897612967,0.5793496900045721,0.9864412300230831,0.7750903808076863,5.3312394801086,2.668297495001882,4.537005393372336
ct_w4_i5,4,evaluation,width2,19,256,protected_ray_star,44,41,0.7227500997551937,0.9743977770955607,0.9786781364377113,0.9864412300230831,0.4566124825478327,5.3312394801086,3.0759843636188893,4.537005393372336
ct_w4_i5,4,evaluation,width2,42,256,sampled_adam,44,44,1.06601595218,0.1999174338926785,0.18779363399328694,0.9858952984474293,0.9951595210142684,5.1378044186814975,0.13266495445214957,4.02347495665509
ct_w4_i5,4,evaluation,width2,42,256,sampled_diagonal_fisher,44,44,1.06601595218,0.34631223165876823,0.3204467948103317,0.9858952984474293,0.9381542601734305,5.1378044186814975,1.8208904777276267,4.02347495665509
ct_w4_i5,4,evaluation,width2,42,256,sampled_two_block_fisher,44,44,1.06601595218,0.46319024064340913,0.4260290006355906,0.9858952984474293,0.8913712466993672,5.1378044186814975,1.8899915561646399,4.02347495665509
ct_w4_i5,4,evaluation,width2,42,256,sampled_star_fisher,44,44,1.06601595218,0.5522733647883286,0.5229989100230472,0.9858952984474293,0.8660972634191616,5.1378044186814975,1.6311237242400678,4.02347495665509
ct_w4_i5,4,evaluation,width2,42,256,sampled_full_fisher,44,44,1.06601595218,0.8284006707287924,0.7742282540251588,0.9858952984474293,0.6583134766206324,5.1378044186814975,2.479161226016429,4.02347495665509
ct_w4_i5,4,evaluation,width2,42,256,protected_ray_star,44,44,1.06601595218,0.9719845871164727,0.9797075877432692,0.9858952984474293,0.4416561896956632,5.1378044186814975,3.072752199084676,4.02347495665509
ct_w4_i5,4,evaluation,width2,50,256,sampled_adam,44,42,0.4207438488491213,0.3241435542089205,0.3129893604659235,0.9871564864863632,0.9921010557831601,5.25273229886118,0.1326649527627548,4.320173959213817
ct_w4_i5,4,evaluation,width2,50,256,sampled_diagonal_fisher,44,42,0.4207438488491213,0.30075185197473997,0.28341216687793075,0.9871564864863632,0.986335842427447,5.25273229886118,2.9014348106562426,4.320173959213817
ct_w4_i5,4,evaluation,width2,50,256,sampled_two_block_fisher,44,42,0.4207438488491213,0.39282110036550205,0.3323522101458607,0.9871564864863632,0.9199944036401828,5.25273229886118,1.9245966335262004,4.320173959213817
ct_w4_i5,4,evaluation,width2,50,256,sampled_star_fisher,44,42,0.4207438488491213,0.6600216383220938,0.6523849945888035,0.9871564864863632,0.7767342065014758,5.25273229886118,2.430322622972504,4.320173959213817
ct_w4_i5,4,evaluation,width2,50,256,sampled_full_fisher,44,42,0.4207438488491213,0.8159663360066423,0.7699095684249485,0.9871564864863632,0.6514886648640352,5.25273229886118,2.708146091921126,4.320173959213817
ct_w4_i5,4,evaluation,width2,50,256,protected_ray_star,44,42,0.4207438488491213,0.9712523910929333,0.9784665635060135,0.9871564864863632,0.4531017665830534,5.25273229886118,3.076649480909496,4.320173959213817
ct_w4_i5,4,evaluation,width2,101,256,sampled_adam,44,38,0.8423126501366296,0.23983419464101896,0.21283287196758208,0.9866844615911133,0.9941870507331324,5.1974056768870796,0.13266496998200303,3.962146851257259
ct_w4_i5,4,evaluation,width2,101,256,sampled_diagonal_fisher,44,38,0.8423126501366296,0.3847724852699351,0.37314097115524736,0.9866844615911133,0.9260006804727435,5.1974056768870796,2.3862179588287966,3.962146851257259
ct_w4_i5,4,evaluation,width2,101,256,sampled_two_block_fisher,44,38,0.8423126501366296,0.4728709344166736,0.4357860055032723,0.9866844615911133,0.883679498642317,5.1974056768870796,2.109189889706132,3.962146851257259
ct_w4_i5,4,evaluation,width2,101,256,sampled_star_fisher,44,38,0.8423126501366296,0.5395950191265905,0.5230741068494916,0.9866844615911133,0.8420463838944785,5.1974056768870796,2.8788910968594905,3.962146851257259
ct_w4_i5,4,evaluation,width2,101,256,sampled_full_fisher,44,38,0.8423126501366296,0.7204834985908444,0.6832234490618878,0.9866844615911133,0.7256902267477112,5.1974056768870796,2.6332897486724893,3.962146851257259
ct_w4_i5,4,evaluation,width2,101,256,protected_ray_star,44,38,0.8423126501366296,0.9757468544855982,0.9794030099842568,0.9866844615911133,0.44231910710586547,5.1974056768870796,3.0737077730100744,3.962146851257259
ct_w4_i5,4,evaluation,width3,0,256,sampled_adam,48,48,0.23307276257583526,0.33074885340384097,0.3192640385606079,0.9960843685929567,0.9927236608972889,6.10456842387376,0.13856404400349848,3.5605232144933208
ct_w4_i5,4,evaluation,width3,0,256,sampled_diagonal_fisher,48,48,0.23307276257583526,0.3107274262753038,0.2968319375821979,0.9960843685929567,0.969140118485942,6.10456842387376,3.0516389039334255,3.5605232144933208
ct_w4_i5,4,evaluation,width3,0,256,sampled_two_block_fisher,48,48,0.23307276257583526,0.5086188175759527,0.494557481422926,0.9960843685929567,0.8781183503641681,6.10456842387376,2.0513528109187114,3.5605232144933208
ct_w4_i5,4,evaluation,width3,0,256,sampled_star_fisher,48,48,0.23307276257583526,0.40814152736994447,0.38921317902123376,0.9960843685929567,0.9142385359854597,6.10456842387376,2.7913117339753626,3.5605232144933208
ct_w4_i5,4,evaluation,width3,0,256,sampled_full_fisher,48,48,0.23307276257583526,0.8316642574048847,0.8189179955208961,0.9960843685929567,0.6652852760428107,6.10456842387376,2.8400627650274277,3.5605232144933208
ct_w4_i5,4,evaluation,width3,0,256,protected_ray_star,48,48,0.23307276257583526,0.9801419720718698,0.9789432395919335,0.9960843685929567,0.5096541722281815,6.10456842387376,3.1172786945292996,3.5605232144933208
ct_w4_i5,4,evaluation,width3,19,256,sampled_adam,48,46,0.3667194207827497,0.23901457875371931,0.2246672594018117,0.995804983708556,0.9947623104069416,6.035288453051943,0.13856404858906626,4.080939962166479
ct_w4_i5,4,evaluation,width3,19,256,sampled_diagonal_fisher,48,46,0.3667194207827497,0.309336665310982,0.2984482368661791,0.995804983708556,0.9588893676956451,6.035288453051943,2.60998742401655,4.080939962166479
ct_w4_i5,4,evaluation,width3,19,256,sampled_two_block_fisher,48,46,0.3667194207827497,0.584098271122692,0.5761767643093166,0.995804983708556,0.83955435295127,6.035288453051943,2.2304626398450855,4.080939962166479
ct_w4_i5,4,evaluation,width3,19,256,sampled_star_fisher,48,46,0.3667194207827497,0.3185065520422636,0.308246459464335,0.995804983708556,0.9517331826326295,6.035288453051943,2.4358984381930675,4.080939962166479
ct_w4_i5,4,evaluation,width3,19,256,sampled_full_fisher,48,46,0.3667194207827497,0.7573119144763052,0.7477382603044671,0.995804983708556,0.7228422789485154,6.035288453051943,2.7004129817540714,4.080939962166479
ct_w4_i5,4,evaluation,width3,19,256,protected_ray_star,48,46,0.3667194207827497,0.977599075847745,0.9792303562541318,0.995804983708556,0.5069951761080651,6.035288453051943,3.1163646882914433,4.080939962166479
ct_w4_i5,4,evaluation,width3,42,256,sampled_adam,48,43,0.40765351116072535,0.3163560695754998,0.31926550927325503,0.9962549541859608,0.9928828290142898,5.953752127944263,0.13856381401849183,3.8031714722837453
ct_w4_i5,4,evaluation,width3,42,256,sampled_diagonal_fisher,48,43,0.40765351116072535,0.2814870908481347,0.27485533152294866,0.9962549541859608,0.9599384757180673,5.953752127944263,1.8353115045221133,3.8031714722837453
ct_w4_i5,4,evaluation,width3,42,256,sampled_two_block_fisher,48,43,0.40765351116072535,0.395712545810224,0.40517548999733305,0.9962549541859608,0.919229602716039,5.953752127944263,2.1199562761680575,3.8031714722837453
ct_w4_i5,4,evaluation,width3,42,256,sampled_star_fisher,48,43,0.40765351116072535,0.5338028281171774,0.52329832509618,0.9962549541859608,0.8675426331413542,5.953752127944263,2.0240277815568213,3.8031714722837453
ct_w4_i5,4,evaluation,width3,42,256,sampled_full_fisher,48,43,0.40765351116072535,0.5991340664679087,0.5834074641497851,0.9962549541859608,0.824779621964512,5.953752127944263,2.387966358756867,3.8031714722837453
ct_w4_i5,4,evaluation,width3,42,256,protected_ray_star,48,43,0.40765351116072535,0.9774613760205821,0.978525283908594,0.9962549541859608,0.5003724593174991,5.953752127944263,3.11861017197639,3.8031714722837453
ct_w4_i5,4,evaluation,width3,50,256,sampled_adam,48,48,0.2590662294834776,0.31950971214662055,0.3192640191726573,0.998052844812941,0.9929305182357697,6.059819253749254,0.13856404927294655,4.26994939999996
ct_w4_i5,4,evaluation,width3,50,256,sampled_diagonal_fisher,48,48,0.2590662294834776,0.27515669916647606,0.2689131240968826,0.998052844812941,0.968271171238222,6.059819253749254,2.3652077228306934,4.26994939999996
ct_w4_i5,4,evaluation,width3,50,256,sampled_two_block_fisher,48,48,0.2590662294834776,0.47701141022641985,0.477966725085197,0.998052844812941,0.9026677676619654,6.059819253749254,1.6435606719452525,4.26994939999996
ct_w4_i5,4,evaluation,width3,50,256,sampled_star_fisher,48,48,0.2590662294834776,0.6108829498170594,0.6113109839355904,0.998052844812941,0.8284601422324818,6.059819253749254,2.2233910771238277,4.26994939999996
ct_w4_i5,4,evaluation,width3,50,256,sampled_full_fisher,48,48,0.2590662294834776,0.8590124720496561,0.858688013082971,0.998052844812941,0.6513654450384,6.059819253749254,2.765080214825141,4.26994939999996
ct_w4_i5,4,evaluation,width3,50,256,protected_ray_star,48,48,0.2590662294834776,0.9766840123584535,0.9787103436700045,0.998052844812941,0.5095736079772559,6.059819253749254,3.1180204885648566,4.26994939999996
ct_w4_i5,4,evaluation,width3,101,256,sampled_adam,48,43,0.38009552409766123,0.2681544015024598,0.24831646877339153,0.9971602806252791,0.9941420247686509,6.091724171484105,0.13856403443501636,3.9171898480991736
ct_w4_i5,4,evaluation,width3,101,256,sampled_diagonal_fisher,48,43,0.38009552409766123,0.35997602169362714,0.34125131908154255,0.9971602806252791,0.9349349036399194,6.091724171484105,1.8230306991938308,3.9171898480991736
ct_w4_i5,4,evaluation,width3,101,256,sampled_two_block_fisher,48,43,0.38009552409766123,0.2761183658649535,0.2600780803653978,0.9971602806252791,0.9629475484687856,6.091724171484105,2.042908373902346,3.9171898480991736
ct_w4_i5,4,evaluation,width3,101,256,sampled_star_fisher,48,43,0.38009552409766123,0.49060956258089583,0.4656591792492566,0.9971602806252791,0.8828017879363361,6.091724171484105,2.126367319291458,3.9171898480991736
ct_w4_i5,4,evaluation,width3,101,256,sampled_full_fisher,48,43,0.38009552409766123,0.6215911894267147,0.6149466234341885,0.9971602806252791,0.8202234736644978,6.091724171484105,2.305105935252038,3.9171898480991736
ct_w4_i5,4,evaluation,width3,101,256,protected_ray_star,48,43,0.38009552409766123,0.9803741948261333,0.979058059809376,0.9971602806252791,0.5084841419244222,6.091724171484105,3.1169131119022557,3.9171898480991736
ct_w5_i1,5,calibration,chain,0,256,sampled_adam,31,28,2.375304155677082,0.7046724292700688,-0.6663340989066857,-0.9225704226261215,0.9709817930081256,2.662512793288751,0.11135525858433212,9.037613777007163
ct_w5_i1,5,calibration,chain,0,256,sampled_diagonal_fisher,31,28,2.375304155677082,0.7042324473448396,-0.6562755439902127,-0.9225704226261215,0.7328226865427586,2.662512793288751,2.358495283014151,9.037613777007163
ct_w5_i1,5,calibration,chain,0,256,sampled_two_block_fisher,31,28,2.375304155677082,0.6790282783551226,-0.6713132952914652,-0.9225704226261215,0.7626805231973361,2.662512793288751,2.3584952830141503,9.037613777007163
ct_w5_i1,5,calibration,chain,0,256,sampled_star_fisher,31,28,2.375304155677082,0.24976790407669416,-0.16463048234073496,-0.9225704226261215,1.1585217413667042,2.662512793288751,2.358495283014151,9.037613777007163
ct_w5_i1,5,calibration,chain,0,256,sampled_full_fisher,31,28,2.375304155677082,0.6107095105213488,-0.5926949320946253,-0.9225704226261215,0.8382823132865033,2.662512793288751,2.3584952830141512,9.037613777007163
ct_w5_i1,5,calibration,chain,0,256,protected_ray_star,31,28,2.375304155677082,0.9280257994946551,-0.9822938409827648,-0.9225704226261215,0.37343917445476565,2.662512793288751,2.4010079108859372,9.037613777007163
ct_w5_i1,5,calibration,chain,19,256,sampled_adam,31,27,2.4104295060955634,0.7043201700252358,-0.6663343180010572,-0.9319593762774979,0.9733288940070902,2.8991041822226946,0.11135528109572629,9.4143925819377
ct_w5_i1,5,calibration,chain,19,256,sampled_diagonal_fisher,31,27,2.4104295060955634,0.7894822187528617,-0.7087584453795492,-0.9319593762774979,0.6142441756865844,2.8991041822226946,2.3584952830141512,9.4143925819377
ct_w5_i1,5,calibration,chain,19,256,sampled_two_block_fisher,31,27,2.4104295060955634,0.8538057300485171,-0.8059899598377217,-0.9319593762774979,0.522147746705568,2.8991041822226946,2.358495283014151,9.4143925819377
ct_w5_i1,5,calibration,chain,19,256,sampled_star_fisher,31,27,2.4104295060955634,0.335695585367268,-0.1583033424302188,-0.9319593762774979,1.0562338450551094,2.8991041822226946,2.358495283014151,9.4143925819377
ct_w5_i1,5,calibration,chain,19,256,sampled_full_fisher,31,27,2.4104295060955634,0.8641888348409524,-0.7907384540592176,-0.9319593762774979,0.505711802919254,2.8991041822226946,2.358495283014151,9.4143925819377
ct_w5_i1,5,calibration,chain,19,256,protected_ray_star,31,27,2.4104295060955634,0.9551279710545807,-0.9788562660736569,-0.9319593762774979,0.32111365554185317,2.8991041822226946,2.4094398378573385,9.4143925819377
ct_w5_i1,5,calibration,chain,42,256,sampled_adam,31,27,2.3003550982088363,0.6916407878483771,-0.6663343287656853,-0.9109242622038741,0.9706321605138746,2.578511456724816,0.11135528052987234,8.889839552168661
ct_w5_i1,5,calibration,chain,42,256,sampled_diagonal_fisher,31,27,2.3003550982088363,0.7912053598050596,-0.7109338009461473,-0.9109242622038741,0.6238897195201303,2.578511456724816,2.3584952830141512,8.889839552168661
ct_w5_i1,5,calibration,chain,42,256,sampled_two_block_fisher,31,27,2.3003550982088363,0.8358435552600123,-0.7662959758080453,-0.9109242622038741,0.5545986489624848,2.578511456724816,2.35849528301415,8.889839552168661
ct_w5_i1,5,calibration,chain,42,256,sampled_star_fisher,31,27,2.3003550982088363,0.37934292394655406,-0.22618892960375925,-0.9109242622038741,1.0689609127224748,2.578511456724816,2.358495283014151,8.889839552168661
ct_w5_i1,5,calibration,chain,42,256,sampled_full_fisher,31,27,2.3003550982088363,0.7967948007201564,-0.7475907829736633,-0.9109242622038741,0.6137182374236634,2.578511456724816,2.331443872054072,8.889839552168661
ct_w5_i1,5,calibration,chain,42,256,protected_ray_star,31,27,2.3003550982088363,0.893090520336846,-0.9815082863381465,-0.9109242622038741,0.45154838278609377,2.578511456724816,2.402929568545292,8.889839552168661
ct_w5_i1,5,calibration,chain,50,256,sampled_adam,31,24,2.4297359725278813,0.6717461767667683,-0.6663343092651828,-0.8640081977612271,0.9709410694001914,2.5264212890871645,0.11135527841641314,8.611831293905826
ct_w5_i1,5,calibration,chain,50,256,sampled_diagonal_fisher,31,24,2.4297359725278813,0.6942916889253375,-0.6580770120414693,-0.8640081977612271,0.758416118120244,2.5264212890871645,2.3584952830141512,8.611831293905826
ct_w5_i1,5,calibration,chain,50,256,sampled_two_block_fisher,31,24,2.4297359725278813,0.8169601288525047,-0.7878081199774356,-0.8640081977612271,0.5883580237900261,2.5264212890871645,2.358495283014151,8.611831293905826
ct_w5_i1,5,calibration,chain,50,256,sampled_star_fisher,31,24,2.4297359725278813,0.19626494286358528,-0.03228514605955962,-0.8640081977612271,1.177937413873891,2.5264212890871645,2.1449189481037076,8.611831293905826
ct_w5_i1,5,calibration,chain,50,256,sampled_full_fisher,31,24,2.4297359725278813,0.7847442997319327,-0.7229707284869374,-0.8640081977612271,0.61988895921436,2.5264212890871645,1.9591741235005966,8.611831293905826
ct_w5_i1,5,calibration,chain,50,256,protected_ray_star,31,24,2.4297359725278813,0.8784319615292835,-0.9824161790321545,-0.8640081977612271,0.4832326738922191,2.5264212890871645,2.4007089188389252,8.611831293905826
ct_w5_i1,5,calibration,chain,101,256,sampled_adam,31,25,2.2980474074702575,0.6827996932593284,-0.6192903899292993,-0.9356816212890166,0.9761252671346373,3.0883858607863584,0.10954450622195898,9.622782507350147
ct_w5_i1,5,calibration,chain,101,256,sampled_diagonal_fisher,31,25,2.2980474074702575,0.780133877434954,-0.7019897496635107,-0.9356816212890166,0.625829309156143,3.0883858607863584,2.35849528301415,9.622782507350147
ct_w5_i1,5,calibration,chain,101,256,sampled_two_block_fisher,31,25,2.2980474074702575,0.7973595360218118,-0.7149692344651234,-0.9356816212890166,0.6044443932640475,3.0883858607863584,2.3584952830141517,9.622782507350147
ct_w5_i1,5,calibration,chain,101,256,sampled_star_fisher,31,25,2.2980474074702575,0.5165694222485921,-0.43427760030554907,-0.9356816212890166,0.8911861487559474,3.0883858607863584,2.358495283014151,9.622782507350147
ct_w5_i1,5,calibration,chain,101,256,sampled_full_fisher,31,25,2.2980474074702575,0.8039410434203453,-0.724052414922217,-0.9356816212890166,0.596071201840589,3.0883858607863584,2.358495283014151,9.622782507350147
ct_w5_i1,5,calibration,chain,101,256,protected_ray_star,31,25,2.2980474074702575,0.9411454824113995,-0.9820335897551025,-0.9356816212890166,0.37547315360385386,3.0883858607863584,2.4016442081195084,9.622782507350147
ct_w5_i1,5,calibration,problem_tree,0,256,sampled_adam,31,30,1.2631454092622192,0.331315378150595,0.20933744047495792,0.5972454948020156,0.9862375284049696,2.5192603197600363,0.11135524644381105,5.740235016381242
ct_w5_i1,5,calibration,problem_tree,0,256,sampled_diagonal_fisher,31,30,1.2631454092622192,0.4219980753472871,0.018627406533767658,0.5972454948020156,1.0417952885041224,2.5192603197600363,2.356119219737549,5.740235016381242
ct_w5_i1,5,calibration,problem_tree,0,256,sampled_two_block_fisher,31,30,1.2631454092622192,0.23773235017417185,-0.28021206827143036,0.5972454948020156,1.16234452705426,2.5192603197600363,2.207219098536427,5.740235016381242
ct_w5_i1,5,calibration,problem_tree,0,256,sampled_star_fisher,31,30,1.2631454092622192,0.7399391025737271,0.43043181183591145,0.5972454948020156,0.684812753411724,2.5192603197600363,2.187492014800856,5.740235016381242
ct_w5_i1,5,calibration,problem_tree,0,256,sampled_full_fisher,31,30,1.2631454092622192,0.7934978557110834,0.48063816812988025,0.5972454948020156,0.61017108449911,2.5192603197600363,2.1102066863516353,5.740235016381242
ct_w5_i1,5,calibration,problem_tree,0,256,protected_ray_star,31,30,1.2631454092622192,0.8251323482272142,0.8771926488938468,0.5972454948020156,0.6756962765078741,2.5192603197600363,1.14486613937583,5.740235016381242
ct_w5_i1,5,calibration,problem_tree,19,256,sampled_adam,31,28,2.229013630297864,0.20774998216883778,-0.2093377012892707,0.7087500757875378,0.9915212053819366,2.4389894044541176,0.1113552769805011,6.110960736280432
ct_w5_i1,5,calibration,problem_tree,19,256,sampled_diagonal_fisher,31,28,2.229013630297864,0.4049457295923618,-0.18392331610472104,0.7087500757875378,1.01964542451481,2.4389894044541176,2.0883368244715608,6.110960736280432
ct_w5_i1,5,calibration,problem_tree,19,256,sampled_two_block_fisher,31,28,2.229013630297864,0.11179170608396728,-0.48282475360605,0.7087500757875378,1.2850319781189519,2.4389894044541176,2.2598059575279352,6.110960736280432
ct_w5_i1,5,calibration,problem_tree,19,256,sampled_star_fisher,31,28,2.229013630297864,0.872268947631239,0.4078899586892585,0.7087500757875378,0.4898111311412569,2.4389894044541176,2.059860771359468,6.110960736280432
ct_w5_i1,5,calibration,problem_tree,19,256,sampled_full_fisher,31,28,2.229013630297864,0.603342490174529,0.04587752993746755,0.7087500757875378,0.81933687644045,2.4389894044541176,1.9300180681217038,6.110960736280432
ct_w5_i1,5,calibration,problem_tree,19,256,protected_ray_star,31,28,2.229013630297864,0.6829532552500153,0.068510824030591,0.7087500757875378,0.8639134490892227,2.4389894044541176,0.5406789243568636,6.110960736280432
ct_w5_i1,5,calibration,problem_tree,42,256,sampled_adam,31,29,1.0822659067671974,0.3948757094385103,0.13955850853196042,0.7297108118926585,0.9822144629068106,2.3444772088921777,0.11135526523367903,6.214315306766601
ct_w5_i1,5,calibration,problem_tree,42,256,sampled_diagonal_fisher,31,29,1.0822659067671974,0.4101037351952103,0.06884069114562896,0.7297108118926585,1.142288703003272,2.3444772088921777,2.57390753524675,6.214315306766601
ct_w5_i1,5,calibration,problem_tree,42,256,sampled_two_block_fisher,31,29,1.0822659067671974,0.11433712505466313,-0.23504493236271898,0.7297108118926585,1.384487354634209,2.3444772088921777,2.5288446825412296,6.214315306766601
ct_w5_i1,5,calibration,problem_tree,42,256,sampled_star_fisher,31,29,1.0822659067671974,0.8260876469800982,0.7203466166486582,0.7297108118926585,0.5990661761510927,2.3444772088921777,2.413203982915078,6.214315306766601
ct_w5_i1,5,calibration,problem_tree,42,256,sampled_full_fisher,31,29,1.0822659067671974,0.7924515929233971,0.5064699625711847,0.7297108118926585,0.6102050789883126,2.3444772088921777,1.9004591106113737,6.214315306766601
ct_w5_i1,5,calibration,problem_tree,42,256,protected_ray_star,31,29,1.0822659067671974,0.8430751200070907,0.9429695860343217,0.7297108118926585,0.5593813564427551,2.3444772088921777,1.6157709774244917,6.214315306766601
ct_w5_i1,5,calibration,problem_tree,50,256,sampled_adam,31,29,1.3616087361300433,0.37712496812293306,-0.03488953505550906,0.7377401528227795,0.9831326275244601,2.353366051809384,0.11135525952935292,5.394204448733319
ct_w5_i1,5,calibration,problem_tree,50,256,sampled_diagonal_fisher,31,29,1.3616087361300433,0.5295888946953559,0.009520374002249612,0.7377401528227795,0.9679781223244295,2.353366051809384,2.3437172402799886,5.394204448733319
ct_w5_i1,5,calibration,problem_tree,50,256,sampled_two_block_fisher,31,29,1.3616087361300433,0.20461060188223743,-0.30064465191066253,0.7377401528227795,1.2960016558113383,2.353366051809384,2.4804802913122668,5.394204448733319
ct_w5_i1,5,calibration,problem_tree,50,256,sampled_star_fisher,31,29,1.3616087361300433,0.8497403457375307,0.4552951566631218,0.7377401528227795,0.5311949547709409,2.353366051809384,2.1527502837236603,5.394204448733319
ct_w5_i1,5,calibration,problem_tree,50,256,sampled_full_fisher,31,29,1.3616087361300433,0.7314445627311331,0.3528914220724888,0.7377401528227795,0.6840053585942429,2.353366051809384,1.8475305639165978,5.394204448733319
ct_w5_i1,5,calibration,problem_tree,50,256,protected_ray_star,31,29,1.3616087361300433,0.8868468971679858,0.5598628534931492,0.7377401528227795,0.7750674369408854,2.353366051809384,0.6226330552086009,5.394204448733319
ct_w5_i1,5,calibration,problem_tree,101,256,sampled_adam,31,29,1.5053687143985024,0.47419166104201327,0.31400640183313533,0.7452314790815555,0.979929967227087,2.5345232622569287,0.11135522881655323,4.628662325180541
ct_w5_i1,5,calibration,problem_tree,101,256,sampled_diagonal_fisher,31,29,1.5053687143985024,0.5248317782967422,0.3037697141793256,0.7452314790815555,0.9825198747554722,2.5345232622569287,2.57390753524675,4.628662325180541
ct_w5_i1,5,calibration,problem_tree,101,256,sampled_two_block_fisher,31,29,1.5053687143985024,0.45732430348335484,0.042017416708117324,0.7452314790815555,1.0071818875490675,2.5345232622569287,2.35747805853348,4.628662325180541
ct_w5_i1,5,calibration,problem_tree,101,256,sampled_star_fisher,31,29,1.5053687143985024,0.5997813800067182,0.4314066998714772,0.7452314790815555,0.8523665513959683,2.5345232622569287,2.264578473976258,4.628662325180541
ct_w5_i1,5,calibration,problem_tree,101,256,sampled_full_fisher,31,29,1.5053687143985024,0.8133445033282063,0.5327530126030301,0.7452314790815555,0.5822347880469142,2.5345232622569287,2.1196038420467875,4.628662325180541
ct_w5_i1,5,calibration,problem_tree,101,256,protected_ray_star,31,29,1.5053687143985024,0.8016363948583202,0.9216791228476924,0.7452314790815555,0.6633093991845986,2.5345232622569287,1.3033374530410966,4.628662325180541
ct_w5_i1,5,calibration,width2,0,256,sampled_adam,43,41,1.2805360127239716,0.2245671143847371,0.1123089774956587,0.9449761163202868,0.9938842107083771,4.518273360034152,0.13114872258196505,4.244805755910964
ct_w5_i1,5,calibration,width2,0,256,sampled_diagonal_fisher,43,41,1.2805360127239716,0.3305827155649759,0.22901708765669476,0.9449761163202868,0.9489081445089754,4.518273360034152,1.9389273639802371,4.244805755910964
ct_w5_i1,5,calibration,width2,0,256,sampled_two_block_fisher,43,41,1.2805360127239716,0.26231726469079614,0.08395679456131189,0.9449761163202868,0.9759627423523226,4.518273360034152,1.8448522195256483,4.244805755910964
ct_w5_i1,5,calibration,width2,0,256,sampled_star_fisher,43,41,1.2805360127239716,0.7698154989071572,0.687754266498075,0.9449761163202868,0.6954958367017671,4.518273360034152,2.2299305633827924,4.244805755910964
ct_w5_i1,5,calibration,width2,0,256,sampled_full_fisher,43,41,1.2805360127239716,0.8162913258695734,0.6678450026621118,0.9449761163202868,0.6453492166690895,4.518273360034152,2.3880386266665212,4.244805755910964
ct_w5_i1,5,calibration,width2,0,256,protected_ray_star,43,41,1.2805360127239716,0.9551809625128528,0.9781048640139954,0.9449761163202868,0.4513221537297819,4.518273360034152,2.7764866761374116,4.244805755910964
ct_w5_i1,5,calibration,width2,19,256,sampled_adam,43,42,1.0532468011483773,0.3005190626507343,0.3088502663397517,0.9702574864132067,0.9920380600693883,4.7411912212507525,0.13114872033040828,4.5377108495076275
ct_w5_i1,5,calibration,width2,19,256,sampled_diagonal_fisher,43,42,1.0532468011483773,0.3344680109505375,0.28854366282151994,0.9702574864132067,0.9683707232108935,4.7411912212507525,2.641804190121324,4.5377108495076275
ct_w5_i1,5,calibration,width2,19,256,sampled_two_block_fisher,43,42,1.0532468011483773,0.23333128431583605,0.16529343670082983,0.9702574864132067,0.994466015594435,4.7411912212507525,2.0940547156568834,4.5377108495076275
ct_w5_i1,5,calibration,width2,19,256,sampled_star_fisher,43,42,1.0532468011483773,0.7275816345129503,0.6634315836398869,0.9702574864132067,0.713457914192949,4.7411912212507525,2.520557225001411,4.5377108495076275
ct_w5_i1,5,calibration,width2,19,256,sampled_full_fisher,43,42,1.0532468011483773,0.8491819330622845,0.7829598734923322,0.9702574864132067,0.6214326973702606,4.7411912212507525,2.4731599963988895,4.5377108495076275
ct_w5_i1,5,calibration,width2,19,256,protected_ray_star,43,42,1.0532468011483773,0.9652019693780016,0.9796718426929023,0.9702574864132067,0.461722407742587,4.7411912212507525,2.7720457039320485,4.5377108495076275
ct_w5_i1,5,calibration,width2,42,256,sampled_adam,43,43,0.904147936186851,0.19000601906954073,0.11230929616388552,0.9591630225640403,0.9946260999917156,4.274111991172224,0.1311487261032192,5.073385488476194
ct_w5_i1,5,calibration,width2,42,256,sampled_diagonal_fisher,43,43,0.904147936186851,0.32428610864244933,0.23645164763023363,0.9591630225640403,0.952052966939855,4.274111991172224,1.8457025692417,5.073385488476194
ct_w5_i1,5,calibration,width2,42,256,sampled_two_block_fisher,43,43,0.904147936186851,0.2621377477707431,0.14966079112350106,0.9591630225640403,0.9758310986644981,4.274111991172224,1.7392309706522626,5.073385488476194
ct_w5_i1,5,calibration,width2,42,256,sampled_star_fisher,43,43,0.904147936186851,0.7780179094843731,0.7176885096575095,0.9591630225640403,0.6788210081436785,4.274111991172224,2.2263831974369737,5.073385488476194
ct_w5_i1,5,calibration,width2,42,256,sampled_full_fisher,43,43,0.904147936186851,0.8520219227534356,0.7623450390864014,0.9591630225640403,0.597696336371521,4.274111991172224,2.4089261079602333,5.073385488476194
ct_w5_i1,5,calibration,width2,42,256,protected_ray_star,43,43,0.904147936186851,0.9633363579890124,0.9783956177004308,0.9591630225640403,0.4129543267322398,4.274111991172224,2.775661576635922,5.073385488476194
ct_w5_i1,5,calibration,width2,50,256,sampled_adam,43,36,0.9127389171487152,0.3514191618424082,0.30884985574234947,0.9664569798877047,0.9900663525183128,4.468031329635744,0.1311487564674462,3.8977381639377544
ct_w5_i1,5,calibration,width2,50,256,sampled_diagonal_fisher,43,36,0.9127389171487152,0.4166326137815667,0.3692099962512512,0.9664569798877047,0.9289587893140412,4.468031329635744,2.715695122800054,3.8977381639377544
ct_w5_i1,5,calibration,width2,50,256,sampled_two_block_fisher,43,36,0.9127389171487152,0.267139554148864,0.1408625748372571,0.9664569798877047,0.99538417290855,4.468031329635744,2.307492330142426,3.8977381639377544
ct_w5_i1,5,calibration,width2,50,256,sampled_star_fisher,43,36,0.9127389171487152,0.6437607186579746,0.6081411930892373,0.9664569798877047,0.7660710783299945,4.468031329635744,2.715695122800054,3.8977381639377544
ct_w5_i1,5,calibration,width2,50,256,sampled_full_fisher,43,36,0.9127389171487152,0.5762568379612427,0.5272407906314045,0.9664569798877047,0.8173987755136345,4.468031329635744,2.509570542286786,3.8977381639377544
ct_w5_i1,5,calibration,width2,50,256,protected_ray_star,43,36,0.9127389171487152,0.9503277285860605,0.980400312508674,0.9664569798877047,0.453896707733049,4.468031329635744,2.769985982410657,3.8977381639377544
ct_w5_i1,5,calibration,width2,101,256,sampled_adam,43,43,0.7655356717910275,0.20342263291178309,0.19654084555745002,0.9584472924416226,0.9946179174987891,4.6237959248854335,0.13114876080686527,3.9550772570733415
ct_w5_i1,5,calibration,width2,101,256,sampled_diagonal_fisher,43,43,0.7655356717910275,0.3532290327095997,0.309528889047972,0.9584472924416226,0.9643819890990736,4.6237959248854335,2.715695122800054,3.9550772570733415
ct_w5_i1,5,calibration,width2,101,256,sampled_two_block_fisher,43,43,0.7655356717910275,0.5541425316198855,0.45065567829562864,0.9584472924416226,0.8414896172439255,4.6237959248854335,1.9925812902318558,3.9550772570733415
ct_w5_i1,5,calibration,width2,101,256,sampled_star_fisher,43,43,0.7655356717910275,0.5108145626967873,0.4634800225853083,0.9584472924416226,0.8630892942441352,4.6237959248854335,2.7156951228000534,3.9550772570733415
ct_w5_i1,5,calibration,width2,101,256,sampled_full_fisher,43,43,0.7655356717910275,0.8744126775344093,0.850742556702341,0.9584472924416226,0.5637542028250695,4.6237959248854335,2.7156951228000543,3.9550772570733415
ct_w5_i1,5,calibration,width2,101,256,protected_ray_star,43,43,0.7655356717910275,0.9506594417723032,0.9807727416899109,0.9584472924416226,0.4690634008263244,4.6237959248854335,2.768934134650604,3.9550772570733415
ct_w5_i1,5,calibration,width3,0,256,sampled_adam,48,47,0.5142217468970066,0.2554467829168097,0.24727513554477712,0.9892402813449013,0.993514092888175,5.188908584049403,0.13856403712963908,3.724707151924271
ct_w5_i1,5,calibration,width3,0,256,sampled_diagonal_fisher,48,47,0.5142217468970066,0.3111236185758173,0.30153293509335166,0.9892402813449013,0.960880912732922,5.188908584049403,2.349864383079034,3.724707151924271
ct_w5_i1,5,calibration,width3,0,256,sampled_two_block_fisher,48,47,0.5142217468970066,0.4222025893549051,0.3760816715660265,0.9892402813449013,0.9076130841156511,5.188908584049403,1.957758199923102,3.724707151924271
ct_w5_i1,5,calibration,width3,0,256,sampled_star_fisher,48,47,0.5142217468970066,0.7120466776188444,0.6948172028807005,0.9892402813449013,0.7323807651086356,5.188908584049403,2.613856024084851,3.724707151924271
ct_w5_i1,5,calibration,width3,0,256,sampled_full_fisher,48,47,0.5142217468970066,0.8611957885498068,0.8328372130264899,0.9892402813449013,0.604299129759378,5.188908584049403,2.772634126602354,3.724707151924271
ct_w5_i1,5,calibration,width3,0,256,protected_ray_star,48,47,0.5142217468970066,0.9720262825490209,0.9784037245403319,0.9892402813449013,0.48636402426878234,5.188908584049403,2.833834394799527,3.724707151924271
ct_w5_i1,5,calibration,width3,19,256,sampled_adam,48,47,0.747295623794308,0.2664697345160082,0.221246281968749,0.9917309214051739,0.9931883964487094,5.165365643175575,0.1385640428847554,4.217973885893514
ct_w5_i1,5,calibration,width3,19,256,sampled_diagonal_fisher,48,47,0.747295623794308,0.3532371209995254,0.31631810857148,0.9917309214051739,0.9356673502976168,5.165365643175575,1.9062466496345614,4.217973885893514
ct_w5_i1,5,calibration,width3,19,256,sampled_two_block_fisher,48,47,0.747295623794308,0.4810267465723673,0.4353904655196024,0.9917309214051739,0.8809288044877598,5.165365643175575,2.03966878027756,4.217973885893514
ct_w5_i1,5,calibration,width3,19,256,sampled_star_fisher,48,47,0.747295623794308,0.6261503367131042,0.5820689515819002,0.9917309214051739,0.8021620296152461,5.165365643175575,2.2606799714977917,4.217973885893514
ct_w5_i1,5,calibration,width3,19,256,sampled_full_fisher,48,47,0.747295623794308,0.8815016897496083,0.8469973881708576,0.9917309214051739,0.585338667641645,5.165365643175575,2.766430922538099,4.217973885893514
ct_w5_i1,5,calibration,width3,19,256,protected_ray_star,48,47,0.747295623794308,0.9812517108819394,0.9784488754571901,0.9917309214051739,0.47364043046428767,5.165365643175575,2.8337036263717033,4.217973885893514
ct_w5_i1,5,calibration,width3,42,256,sampled_adam,48,48,0.4511839841252749,0.04344464877088602,0.013014505636699043,0.9921945064515371,0.9991983460308145,5.2151637612056385,0.13856405072208786,4.673451100980422
ct_w5_i1,5,calibration,width3,42,256,sampled_diagonal_fisher,48,48,0.4511839841252749,0.2583982335071428,0.2292075492815215,0.9921945064515371,0.98572354747742,5.2151637612056385,2.3698218533734323,4.673451100980422
ct_w5_i1,5,calibration,width3,42,256,sampled_two_block_fisher,48,48,0.4511839841252749,0.29777197891092205,0.2738726133513046,0.9921945064515371,0.9606026099755883,5.2151637612056385,2.110379795925656,4.673451100980422
ct_w5_i1,5,calibration,width3,42,256,sampled_star_fisher,48,48,0.4511839841252749,0.8172133025222278,0.800695009217413,0.9921945064515371,0.6432026583892458,5.2151637612056385,2.772634126602354,4.673451100980422
ct_w5_i1,5,calibration,width3,42,256,sampled_full_fisher,48,48,0.4511839841252749,0.8878833361438426,0.8743949769297623,0.9921945064515371,0.5818646073971514,5.2151637612056385,2.7726341266023544,4.673451100980422
ct_w5_i1,5,calibration,width3,42,256,protected_ray_star,48,48,0.4511839841252749,0.9752291495111979,0.9774227279751663,0.9921945064515371,0.48471430872362514,5.2151637612056385,2.836678590793726,4.673451100980422
ct_w5_i1,5,calibration,width3,50,256,sampled_adam,48,45,0.3376822046504249,0.2313373799782227,0.2212461654943029,0.9916989240928225,0.9942704021009451,5.2932696233581265,0.1385640557889875,3.2454274247274295
ct_w5_i1,5,calibration,width3,50,256,sampled_diagonal_fisher,48,45,0.3376822046504249,0.26076499657941876,0.26346731056175554,0.9916989240928225,1.0005953064994015,5.2932696233581265,2.7726341266023544,3.2454274247274295
ct_w5_i1,5,calibration,width3,50,256,sampled_two_block_fisher,48,45,0.3376822046504249,0.3715189262031352,0.373990544013075,0.9916989240928225,0.9287879855926201,5.2932696233581265,1.829186214966544,3.2454274247274295
ct_w5_i1,5,calibration,width3,50,256,sampled_star_fisher,48,45,0.3376822046504249,0.4169221926985996,0.41855193379964767,0.9916989240928225,0.915204642862196,5.2932696233581265,2.7726341266023544,3.2454274247274295
ct_w5_i1,5,calibration,width3,50,256,sampled_full_fisher,48,45,0.3376822046504249,0.8096516018550907,0.8022797253476369,0.9916989240928225,0.6961345081595498,5.2932696233581265,2.3041613414946416,3.2454274247274295
ct_w5_i1,5,calibration,width3,50,256,protected_ray_star,48,45,0.3376822046504249,0.9680832461857461,0.979180455166052,0.9916989240928225,0.5004269297733558,5.2932696233581265,2.831586468024593,3.2454274247274295
ct_w5_i1,5,calibration,width3,101,256,sampled_adam,48,45,0.22526141699569924,0.266232509882308,0.2733041376761731,0.9923085658713318,0.9932612085736725,5.218932512796666,0.1385640492487253,3.2124397308392005
ct_w5_i1,5,calibration,width3,101,256,sampled_diagonal_fisher,48,45,0.22526141699569924,0.34243404094645147,0.3599265600626375,0.9923085658713318,0.9583297501405842,5.218932512796666,2.7726341266023544,3.2124397308392005
ct_w5_i1,5,calibration,width3,101,256,sampled_two_block_fisher,48,45,0.22526141699569924,0.521291673938426,0.5205527356470074,0.9923085658713318,0.8636255158056372,5.218932512796666,2.028333651339056,3.2124397308392005
ct_w5_i1,5,calibration,width3,101,256,sampled_star_fisher,48,45,0.22526141699569924,0.46610118439737247,0.4889449528401367,0.9923085658713318,0.8851829213346546,5.218932512796666,2.5800829632883477,3.2124397308392005
ct_w5_i1,5,calibration,width3,101,256,sampled_full_fisher,48,45,0.22526141699569924,0.8021375897628138,0.8154149713182619,0.9923085658713318,0.6649741354109707,5.218932512796666,2.659237355917533,3.2124397308392005
ct_w5_i1,5,calibration,width3,101,256,protected_ray_star,48,45,0.22526141699569924,0.9670138183065929,0.9789871818186917,0.9923085658713318,0.4949282815673406,5.218932512796666,2.832145484736128,3.2124397308392005
ct_w5_i2,5,evaluation,chain,0,256,sampled_adam,31,28,2.261015417890502,0.7043109314593962,-0.6003335805781702,-0.8613534822739413,0.9740473256006268,2.98051414881074,0.11135528046356866,9.961036887149145
ct_w5_i2,5,evaluation,chain,0,256,sampled_diagonal_fisher,31,28,2.261015417890502,0.7297452291202549,-0.6552504768044487,-0.8613534822739413,0.7054262821373142,2.98051414881074,2.6925824035672528,9.961036887149145
ct_w5_i2,5,evaluation,chain,0,256,sampled_two_block_fisher,31,28,2.261015417890502,0.8540961765985126,-0.7560534450902515,-0.8613534822739413,0.5224462865889423,2.98051414881074,2.6925824035672523,9.961036887149145
ct_w5_i2,5,evaluation,chain,0,256,sampled_star_fisher,31,28,2.261015417890502,0.22566816612436447,-0.0811515437490233,-0.8613534822739413,1.1867552042994054,2.98051414881074,2.692582403567252,9.961036887149145
ct_w5_i2,5,evaluation,chain,0,256,sampled_full_fisher,31,28,2.261015417890502,0.8752804501375142,-0.7210558235520252,-0.8613534822739413,0.48576094096412636,2.98051414881074,2.4728678447221784,9.961036887149145
ct_w5_i2,5,evaluation,chain,0,256,protected_ray_star,31,28,2.261015417890502,0.8793286217117878,-0.9820345653474719,-0.8613534822739413,0.47794246892879233,2.98051414881074,2.7418407646522502,9.961036887149145
ct_w5_i2,5,evaluation,chain,19,256,sampled_adam,31,28,2.049128429267565,0.7094876156219564,-0.6003335308206986,-0.8410198619748126,0.9735348165119122,2.944657852166488,0.11135527680160634,9.934862311433722
ct_w5_i2,5,evaluation,chain,19,256,sampled_diagonal_fisher,31,28,2.049128429267565,0.7420146032215796,-0.6121239560192703,-0.8410198619748126,0.6921918537650746,2.944657852166488,2.692582403567251,9.934862311433722
ct_w5_i2,5,evaluation,chain,19,256,sampled_two_block_fisher,31,28,2.049128429267565,0.7244071405080722,-0.5604578529832893,-0.8410198619748126,0.7150733793919133,2.944657852166488,2.692582403567252,9.934862311433722
ct_w5_i2,5,evaluation,chain,19,256,sampled_star_fisher,31,28,2.049128429267565,0.3698778403225549,-0.10873117799053059,-0.8410198619748126,1.0768890635627688,2.944657852166488,2.6925824035672523,9.934862311433722
ct_w5_i2,5,evaluation,chain,19,256,sampled_full_fisher,31,28,2.049128429267565,0.6477806017482968,-0.5055071336210829,-0.8410198619748126,0.80713312974825,2.944657852166488,2.692582403567252,9.934862311433722
ct_w5_i2,5,evaluation,chain,19,256,protected_ray_star,31,28,2.049128429267565,0.8412003099735856,-0.981919352976545,-0.8410198619748126,0.5481677829397235,2.944657852166488,2.742162475365296,9.934862311433722
ct_w5_i2,5,evaluation,chain,42,256,sampled_adam,31,24,1.7978343624501996,0.5867919149118145,-0.46692619132766616,-0.7995158409430444,0.9766359711543318,2.7314659042175142,0.11135526166447939,9.00933252223772
ct_w5_i2,5,evaluation,chain,42,256,sampled_diagonal_fisher,31,24,1.7978343624501996,0.7045004094052995,-0.5657204984256443,-0.7995158409430444,0.7634059994060628,2.7314659042175142,2.6925824035672514,9.00933252223772
ct_w5_i2,5,evaluation,chain,42,256,sampled_two_block_fisher,31,24,1.7978343624501996,0.8422816741639788,-0.6882880954386685,-0.7995158409430444,0.5578072537429086,2.7314659042175142,2.692582403567252,9.00933252223772
ct_w5_i2,5,evaluation,chain,42,256,sampled_star_fisher,31,24,1.7978343624501996,0.23615599688011366,-0.04587473116303195,-0.7995158409430444,1.2272503444668839,2.7314659042175142,2.692582403567252,9.00933252223772
ct_w5_i2,5,evaluation,chain,42,256,sampled_full_fisher,31,24,1.7978343624501996,0.7372759115013351,-0.4985621471958324,-0.7995158409430444,0.682776122906088,2.7314659042175142,2.283679165892911,9.00933252223772
ct_w5_i2,5,evaluation,chain,42,256,protected_ray_star,31,24,1.7978343624501996,0.8133108144210307,-0.98219547304881,-0.7995158409430444,0.6121669453497013,2.7314659042175142,2.7413915839066836,9.00933252223772
ct_w5_i2,5,evaluation,chain,50,256,sampled_adam,31,27,2.085590509323554,0.6191877490129872,-0.6003335995872043,-0.7308222073696983,0.9763072336017132,2.8522041499729758,0.11135528045455127,9.214291455822465
ct_w5_i2,5,evaluation,chain,50,256,sampled_diagonal_fisher,31,27,2.085590509323554,0.7152323424916054,-0.6061607568931996,-0.7308222073696983,0.7353867353775723,2.8522041499729758,2.6925824035672514,9.214291455822465
ct_w5_i2,5,evaluation,chain,50,256,sampled_two_block_fisher,31,27,2.085590509323554,0.8005300148185073,-0.7206020377166401,-0.7308222073696983,0.6162349902416219,2.8522041499729758,2.6925824035672523,9.214291455822465
ct_w5_i2,5,evaluation,chain,50,256,sampled_star_fisher,31,27,2.085590509323554,0.473493818857387,-0.1387021469665051,-0.7308222073696983,0.9986056378673883,2.8522041499729758,2.692582403567252,9.214291455822465
ct_w5_i2,5,evaluation,chain,50,256,sampled_full_fisher,31,27,2.085590509323554,0.7725709028603867,-0.5397206407623202,-0.7308222073696983,0.6361477194574374,2.8522041499729758,2.3158112152908674,9.214291455822465
ct_w5_i2,5,evaluation,chain,50,256,protected_ray_star,31,27,2.085590509323554,0.7445202667311902,-0.9820060923230561,-0.7308222073696983,0.7019242709308734,2.8522041499729758,2.741920263648893,9.214291455822465
ct_w5_i2,5,evaluation,chain,101,256,sampled_adam,31,22,1.7745593190517286,0.7012535706792183,-0.6003335179856093,-0.8672049453041522,0.9766459242638064,3.301820270836588,0.11135527583810706,10.247260830251669
ct_w5_i2,5,evaluation,chain,101,256,sampled_diagonal_fisher,31,22,1.7745593190517286,0.7582741691111906,-0.6389579542246538,-0.8672049453041522,0.6544411944515311,3.301820270836588,2.692582403567252,10.247260830251669
ct_w5_i2,5,evaluation,chain,101,256,sampled_two_block_fisher,31,22,1.7745593190517286,0.8303706754355743,-0.7011954521379207,-0.8672049453041522,0.5574102145206866,3.301820270836588,2.692582403567252,10.247260830251669
ct_w5_i2,5,evaluation,chain,101,256,sampled_star_fisher,31,22,1.7745593190517286,0.37698348513611224,-0.1863445307703868,-0.8672049453041522,1.0247762518931895,3.301820270836588,2.692582403567252,10.247260830251669
ct_w5_i2,5,evaluation,chain,101,256,sampled_full_fisher,31,22,1.7745593190517286,0.7571708618654711,-0.6257748299946673,-0.8672049453041522,0.6558145594167187,3.301820270836588,2.692582403567252,10.247260830251669
ct_w5_i2,5,evaluation,chain,101,256,protected_ray_star,31,22,1.7745593190517286,0.8431305355175999,-0.9800757973959341,-0.8672049453041522,0.5378228362475755,3.301820270836588,2.7473205753284144,10.247260830251669
ct_w5_i2,5,evaluation,problem_tree,0,256,sampled_adam,31,27,1.2306048179123399,0.4976827120621719,0.16879186445675992,0.6898502105836545,0.9775862380539213,2.383209603604958,0.11135526619047867,5.631391217349371
ct_w5_i2,5,evaluation,problem_tree,0,256,sampled_diagonal_fisher,31,27,1.2306048179123399,0.5833040275845058,0.14753334057323012,0.6898502105836545,1.0369037822475897,2.383209603604958,2.926174977679906,5.631391217349371
ct_w5_i2,5,evaluation,problem_tree,0,256,sampled_two_block_fisher,31,27,1.2306048179123399,0.29890593021257483,-0.17886688547302823,0.6898502105836545,1.2178769598318844,2.383209603604958,2.515689489986998,5.631391217349371
ct_w5_i2,5,evaluation,problem_tree,0,256,sampled_star_fisher,31,27,1.2306048179123399,0.8008301456635247,0.5364423428188315,0.6898502105836545,0.6420967956529725,2.383209603604958,2.460387616418805,5.631391217349371
ct_w5_i2,5,evaluation,problem_tree,0,256,sampled_full_fisher,31,27,1.2306048179123399,0.6541010297024916,0.22021241926064447,0.6898502105836545,0.7664079126286697,2.383209603604958,1.8529641972237552,5.631391217349371
ct_w5_i2,5,evaluation,problem_tree,0,256,protected_ray_star,31,27,1.2306048179123399,0.8007544505152016,0.906944294567106,0.6898502105836545,0.6283573781309154,2.383209603604958,1.4559280271104762,5.631391217349371
ct_w5_i2,5,evaluation,problem_tree,19,256,sampled_adam,31,28,1.02798200960843,0.5605419225406121,0.35292845611180085,0.8404343913252735,0.977574190013312,2.7118276218978656,0.11135527403268687,4.616496522742642
ct_w5_i2,5,evaluation,problem_tree,19,256,sampled_diagonal_fisher,31,28,1.02798200960843,0.4687535769956538,0.30608278374102504,0.8404343913252735,1.0736487450846381,2.7118276218978656,2.926174977679907,4.616496522742642
ct_w5_i2,5,evaluation,problem_tree,19,256,sampled_two_block_fisher,31,28,1.02798200960843,0.4140701659977256,0.09745907070157338,0.8404343913252735,1.0227076777939674,2.7118276218978656,2.3872650088417333,4.616496522742642
ct_w5_i2,5,evaluation,problem_tree,19,256,sampled_star_fisher,31,28,1.02798200960843,0.6090331913403539,0.4227503894267767,0.8404343913252735,0.8887522809719169,2.7118276218978656,2.7390394410899646,4.616496522742642
ct_w5_i2,5,evaluation,problem_tree,19,256,sampled_full_fisher,31,28,1.02798200960843,0.7117151892114306,0.44200121915463525,0.8404343913252735,0.7024845656006292,2.7118276218978656,1.9430756949609935,4.616496522742642
ct_w5_i2,5,evaluation,problem_tree,19,256,protected_ray_star,31,28,1.02798200960843,0.8649897848024027,0.9673997537670225,0.8404343913252735,0.5017917638921996,2.7118276218978656,2.3498177785609933,4.616496522742642
ct_w5_i2,5,evaluation,problem_tree,42,256,sampled_adam,31,26,1.3760290030538795,0.2803894815351935,0.07672361428567975,0.8007876535007915,0.9885757227718782,2.53326545965057,0.11135527115485673,5.398409239139366
ct_w5_i2,5,evaluation,problem_tree,42,256,sampled_diagonal_fisher,31,26,1.3760290030538795,0.5120599111292833,0.24684860275637324,0.8007876535007915,1.0200514063144275,2.53326545965057,2.690963744382396,5.398409239139366
ct_w5_i2,5,evaluation,problem_tree,42,256,sampled_two_block_fisher,31,26,1.3760290030538795,0.2599477698586226,-0.0928555939628823,0.8007876535007915,1.3167098025164055,2.53326545965057,2.9261749776799064,5.398409239139366
ct_w5_i2,5,evaluation,problem_tree,42,256,sampled_star_fisher,31,26,1.3760290030538795,0.7026365868548271,0.5166513515733785,0.8007876535007915,0.7715185056941797,2.53326545965057,2.5354516011379835,5.398409239139366
ct_w5_i2,5,evaluation,problem_tree,42,256,sampled_full_fisher,31,26,1.3760290030538795,0.3835501972657445,0.04117168430856668,0.8007876535007915,1.0287241793164283,2.53326545965057,2.119693466639747,5.398409239139366
ct_w5_i2,5,evaluation,problem_tree,42,256,protected_ray_star,31,26,1.3760290030538795,0.859579816929562,0.9437507713049289,0.8007876535007915,0.5297089361757038,2.53326545965057,1.8240737189678056,5.398409239139366
ct_w5_i2,5,evaluation,problem_tree,50,256,sampled_adam,31,30,0.8790974686335293,0.30387716783168645,0.10741306929019799,0.6978678616092742,0.988464126235396,2.7540472194091326,0.11135526716843544,5.539034455439431
ct_w5_i2,5,evaluation,problem_tree,50,256,sampled_diagonal_fisher,31,30,0.8790974686335293,0.4568283009562862,0.16077396731477084,0.6978678616092742,1.0761719312470142,2.7540472194091326,2.9261749776799064,5.539034455439431
ct_w5_i2,5,evaluation,problem_tree,50,256,sampled_two_block_fisher,31,30,0.8790974686335293,0.09123327378988293,-0.373144373758646,0.6978678616092742,1.3439696558181577,2.7540472194091326,2.7368977500095886,5.539034455439431
ct_w5_i2,5,evaluation,problem_tree,50,256,sampled_star_fisher,31,30,0.8790974686335293,0.829393016520455,0.45922470788595876,0.6978678616092742,0.5675181841890626,2.7540472194091326,2.559174218788914,5.539034455439431
ct_w5_i2,5,evaluation,problem_tree,50,256,sampled_full_fisher,31,30,0.8790974686335293,0.7672407097713534,0.21923913266306075,0.6978678616092742,0.6417205104139491,2.7540472194091326,2.1723104570924416,5.539034455439431
ct_w5_i2,5,evaluation,problem_tree,50,256,protected_ray_star,31,30,0.8790974686335293,0.8224276528806578,0.9407348335985086,0.6978678616092742,0.593135877133456,2.7540472194091326,1.80254263152966,5.539034455439431
ct_w5_i2,5,evaluation,problem_tree,101,256,sampled_adam,31,28,2.316571978598424,0.45397285514574603,0.10741302491299343,0.7661145642773447,0.9804534594949792,2.4827584270179597,0.11135526903820502,5.228032800206904
ct_w5_i2,5,evaluation,problem_tree,101,256,sampled_diagonal_fisher,31,28,2.316571978598424,0.5685232053674862,0.07234823861496606,0.7661145642773447,0.8573493807015823,2.4827584270179597,2.010805791516765,5.228032800206904
ct_w5_i2,5,evaluation,problem_tree,101,256,sampled_two_block_fisher,31,28,2.316571978598424,0.32277611336863216,-0.17638550301777872,0.7661145642773447,1.130599603021905,2.4827584270179597,2.336755727492671,5.228032800206904
ct_w5_i2,5,evaluation,problem_tree,101,256,sampled_star_fisher,31,28,2.316571978598424,0.772893988681319,0.32965542373264567,0.7661145642773447,0.6347179835822638,2.4827584270179597,1.9567282816368583,5.228032800206904
ct_w5_i2,5,evaluation,problem_tree,101,256,sampled_full_fisher,31,28,2.316571978598424,0.644493094103565,0.14980776536787083,0.7661145642773447,0.7820643096796016,2.4827584270179597,2.0080487712869126,5.228032800206904
ct_w5_i2,5,evaluation,problem_tree,101,256,protected_ray_star,31,28,2.316571978598424,0.9142502007370867,0.754908500354826,0.7661145642773447,0.6815539283962202,2.4827584270179597,0.909163113112381,5.228032800206904
ct_w5_i2,5,evaluation,width2,0,256,sampled_adam,44,41,0.9260404111044603,0.2995667487967095,0.22156465753727236,0.9596130610500253,0.9923713136756759,4.997802479586274,0.13266496555325955,4.99269578265514
ct_w5_i2,5,evaluation,width2,0,256,sampled_diagonal_fisher,44,41,0.9260404111044603,0.3852531038386958,0.32792805081667936,0.9596130610500253,0.9241437206736012,4.997802479586274,2.1733809718237165,4.99269578265514
ct_w5_i2,5,evaluation,width2,0,256,sampled_two_block_fisher,44,41,0.9260404111044603,0.38575921966062476,0.3162983045828849,0.9596130610500253,0.9260608586595568,4.997802479586274,2.3277378933589725,4.99269578265514
ct_w5_i2,5,evaluation,width2,0,256,sampled_star_fisher,44,41,0.9260404111044603,0.7652837148643927,0.7354876825593564,0.9596130610500253,0.6922101073857148,4.997802479586274,2.5523666432487393,4.99269578265514
ct_w5_i2,5,evaluation,width2,0,256,sampled_full_fisher,44,41,0.9260404111044603,0.6545399822846801,0.5752510774867589,0.9596130610500253,0.7697472038578794,4.997802479586274,2.548161454528312,4.99269578265514
ct_w5_i2,5,evaluation,width2,0,256,protected_ray_star,44,41,0.9260404111044603,0.9559648103542463,0.9803672864011236,0.9596130610500253,0.442411931036769,4.997802479586274,3.1231786504412105,4.99269578265514
ct_w5_i2,5,evaluation,width2,19,256,sampled_adam,44,44,0.6894026470509477,0.13772925620282098,0.1230915083993078,0.9657658709931347,0.9967828126071187,5.15737593862451,0.13266497486646622,4.666408176581832
ct_w5_i2,5,evaluation,width2,19,256,sampled_diagonal_fisher,44,44,0.6894026470509477,0.3206575783831264,0.3020269875314004,0.9657658709931347,0.9602352495097075,5.15737593862451,2.46713080550201,4.666408176581832
ct_w5_i2,5,evaluation,width2,19,256,sampled_two_block_fisher,44,44,0.6894026470509477,0.4762611488297943,0.43525004633152065,0.9657658709931347,0.883291930413843,5.15737593862451,2.0238581430459335,4.666408176581832
ct_w5_i2,5,evaluation,width2,19,256,sampled_star_fisher,44,44,0.6894026470509477,0.5479014879634391,0.5116227365022905,0.9657658709931347,0.8515584340805719,5.15737593862451,2.0046284018420124,4.666408176581832
ct_w5_i2,5,evaluation,width2,19,256,sampled_full_fisher,44,44,0.6894026470509477,0.7178359348909704,0.6742835082495435,0.9657658709931347,0.7561859345169276,5.15737593862451,2.180019516018061,4.666408176581832
ct_w5_i2,5,evaluation,width2,19,256,protected_ray_star,44,44,0.6894026470509477,0.9548726646654303,0.9801088174595816,0.9657658709931347,0.4583834817813412,5.15737593862451,3.1240022780483154,4.666408176581832
ct_w5_i2,5,evaluation,width2,42,256,sampled_adam,44,41,0.8448052396443707,0.20070296846397512,0.12309144175579487,0.9643672363971435,0.9951951174769451,5.2019213046857695,0.13266497833401503,4.717614865084068
ct_w5_i2,5,evaluation,width2,42,256,sampled_diagonal_fisher,44,41,0.8448052396443707,0.2859064526562843,0.17896255323716878,0.9643672363971435,0.9832434517517196,5.2019213046857695,2.6329874821760497,4.717614865084068
ct_w5_i2,5,evaluation,width2,42,256,sampled_two_block_fisher,44,41,0.8448052396443707,0.4120000867834403,0.29685380397412076,0.9643672363971435,0.9112730170659874,5.2019213046857695,2.209520736398863,4.717614865084068
ct_w5_i2,5,evaluation,width2,42,256,sampled_star_fisher,44,41,0.8448052396443707,0.4828576718073622,0.3854982741494161,0.9643672363971435,0.8769282227261039,5.2019213046857695,2.753250859020396,4.717614865084068
ct_w5_i2,5,evaluation,width2,42,256,sampled_full_fisher,44,41,0.8448052396443707,0.6273436856606006,0.509828421146915,0.9643672363971435,0.7883068245539652,5.2019213046857695,2.6265500522459906,4.717614865084068
ct_w5_i2,5,evaluation,width2,42,256,protected_ray_star,44,41,0.8448052396443707,0.9671459724136061,0.9789981758874666,0.9643672363971435,0.4455601425831971,5.2019213046857695,3.127546356971892,4.717614865084068
ct_w5_i2,5,evaluation,width2,50,256,sampled_adam,44,44,0.7502726029313428,0.2781776348094309,0.19694636964441306,0.9588187407451583,0.9930390073409006,5.069898423991227,0.13266497204764363,5.218384743528484
ct_w5_i2,5,evaluation,width2,50,256,sampled_diagonal_fisher,44,44,0.7502726029313428,0.2902134931558236,0.16991992006303547,0.9588187407451583,0.975262773130642,5.069898423991227,2.4247277266304836,5.218384743528484
ct_w5_i2,5,evaluation,width2,50,256,sampled_two_block_fisher,44,44,0.7502726029313428,0.4519632378783656,0.2859252409936536,0.9588187407451583,0.8926506050151053,5.069898423991227,2.1235740801125935,5.218384743528484
ct_w5_i2,5,evaluation,width2,50,256,sampled_star_fisher,44,44,0.7502726029313428,0.6118825623583597,0.5343539312316705,0.9588187407451583,0.7975020990411527,5.069898423991227,2.584906983424076,5.218384743528484
ct_w5_i2,5,evaluation,width2,50,256,sampled_full_fisher,44,44,0.7502726029313428,0.8407341738896559,0.7539039607277106,0.9588187407451583,0.643417784686893,5.069898423991227,2.5001792837849206,5.218384743528484
ct_w5_i2,5,evaluation,width2,50,256,protected_ray_star,44,44,0.7502726029313428,0.9602710181690728,0.9769616568157413,0.9588187407451583,0.441488127511774,5.069898423991227,3.134065863402099,5.218384743528484
ct_w5_i2,5,evaluation,width2,101,256,sampled_adam,44,41,1.0810380806781386,0.28515052575801497,0.24618299296518042,0.9641189228995865,0.9926134633106075,4.896169365046001,0.1326649769967956,4.720162535477023
ct_w5_i2,5,evaluation,width2,101,256,sampled_diagonal_fisher,44,41,1.0810380806781386,0.3339825889958607,0.2650405085979281,0.9641189228995865,0.9865878960176601,4.896169365046001,3.061862178478972,4.720162535477023
ct_w5_i2,5,evaluation,width2,101,256,sampled_two_block_fisher,44,41,1.0810380806781386,0.4641828342287639,0.36566333446024757,0.9641189228995865,0.8858010221131707,4.896169365046001,2.323871465963844,4.720162535477023
ct_w5_i2,5,evaluation,width2,101,256,sampled_star_fisher,44,41,1.0810380806781386,0.6061216987901725,0.5377366278709447,0.9641189228995865,0.7953732673811095,4.896169365046001,2.9604982907494315,4.720162535477023
ct_w5_i2,5,evaluation,width2,101,256,sampled_full_fisher,44,41,1.0810380806781386,0.781889145230171,0.7029660033089188,0.9641189228995865,0.6668207217526869,4.896169365046001,2.669611255960224,4.720162535477023
ct_w5_i2,5,evaluation,width2,101,256,protected_ray_star,44,41,1.0810380806781386,0.9633675722794864,0.9797299806668281,0.9641189228995865,0.42141878600367716,4.896169365046001,3.125210250680494,4.720162535477023
ct_w5_i2,5,evaluation,width3,0,256,sampled_adam,48,47,0.9138895215052572,0.29388657828993975,0.27914527579484116,0.9831264955659103,0.9929913710802967,5.58458079001235,0.13856404513888498,4.503947233129498
ct_w5_i2,5,evaluation,width3,0,256,sampled_diagonal_fisher,48,47,0.9138895215052572,0.34355466249427724,0.3413608428682647,0.9831264955659103,0.9395795246931375,5.58458079001235,1.7568014457742707,4.503947233129498
ct_w5_i2,5,evaluation,width3,0,256,sampled_two_block_fisher,48,47,0.9138895215052572,0.5124837689639462,0.502882190617254,0.9831264955659103,0.884514152152561,5.58458079001235,1.6772740461444975,4.503947233129498
ct_w5_i2,5,evaluation,width3,0,256,sampled_star_fisher,48,47,0.9138895215052572,0.5593810544700346,0.5663692011204252,0.9831264955659103,0.8648364251623765,5.58458079001235,1.746324858286711,4.503947233129498
ct_w5_i2,5,evaluation,width3,0,256,sampled_full_fisher,48,47,0.9138895215052572,0.8410436109705024,0.8259934762454192,0.9831264955659103,0.6599585119167295,5.58458079001235,2.5857892721922124,4.503947233129498
ct_w5_i2,5,evaluation,width3,0,256,protected_ray_star,48,47,0.9138895215052572,0.961988216364147,0.9802613803034983,0.9831264955659103,0.48043344611283745,5.58458079001235,3.164888950880811,4.503947233129498
ct_w5_i2,5,evaluation,width3,19,256,sampled_adam,48,46,0.6172650343997803,0.19387984657526744,0.20935903335148176,0.9913151792699321,0.9956114716488789,5.75404554642024,0.138564033431761,4.345526799527246
ct_w5_i2,5,evaluation,width3,19,256,sampled_diagonal_fisher,48,46,0.6172650343997803,0.30577508956223515,0.30240002133853383,0.9913151792699321,0.9535740039398798,5.75404554642024,2.064016374736018,4.345526799527246
ct_w5_i2,5,evaluation,width3,19,256,sampled_two_block_fisher,48,46,0.6172650343997803,0.5277812535193589,0.5146050313745693,0.9913151792699321,0.8695395546773507,5.75404554642024,1.9657576783802924,4.345526799527246
ct_w5_i2,5,evaluation,width3,19,256,sampled_star_fisher,48,46,0.6172650343997803,0.5143913781394278,0.5121134088854405,0.9913151792699321,0.8701466066837477,5.75404554642024,2.1111612537811095,4.345526799527246
ct_w5_i2,5,evaluation,width3,19,256,sampled_full_fisher,48,46,0.6172650343997803,0.7806831979783415,0.766271993288207,0.9913151792699321,0.7055636793325847,5.75404554642024,2.607372259670323,4.345526799527246
ct_w5_i2,5,evaluation,width3,19,256,protected_ray_star,48,46,0.6172650343997803,0.971069477923935,0.9795265071725583,0.9913151792699321,0.4836861305033733,5.75404554642024,3.167263355080575,4.345526799527246
ct_w5_i2,5,evaluation,width3,42,256,sampled_adam,48,44,0.4660047296982871,0.1294542995390491,0.11631054528064973,0.9878346957646289,0.9971268625936711,5.661168562628926,0.13856404517859103,4.355732493353907
ct_w5_i2,5,evaluation,width3,42,256,sampled_diagonal_fisher,48,44,0.4660047296982871,0.3380695013388001,0.31709342265907825,0.9878346957646289,0.9427175130957167,5.661168562628926,2.2243202911542554,4.355732493353907
ct_w5_i2,5,evaluation,width3,42,256,sampled_two_block_fisher,48,44,0.4660047296982871,0.5118965413817482,0.49467372477940214,0.9878346957646289,0.8776572478649951,5.661168562628926,1.8801761402224484,4.355732493353907
ct_w5_i2,5,evaluation,width3,42,256,sampled_star_fisher,48,44,0.4660047296982871,0.36737919110091394,0.3267063807017003,0.9878346957646289,0.9311868868434955,5.661168562628926,2.337766492522894,4.355732493353907
ct_w5_i2,5,evaluation,width3,42,256,sampled_full_fisher,48,44,0.4660047296982871,0.672873096046472,0.6397635651031687,0.9878346957646289,0.7803026209963925,5.661168562628926,2.40383645568411,4.355732493353907
ct_w5_i2,5,evaluation,width3,42,256,protected_ray_star,48,44,0.4660047296982871,0.973195531109767,0.9786737483011877,0.9878346957646289,0.47292152300436596,5.661168562628926,3.170023122499187,4.355732493353907
ct_w5_i2,5,evaluation,width3,50,256,sampled_adam,48,46,0.2489182301737695,0.2506961869328787,0.23262105174590017,0.9740427270371768,0.9940552984181389,5.570070359922562,0.13856405942729572,4.524517696558652
ct_w5_i2,5,evaluation,width3,50,256,sampled_diagonal_fisher,48,46,0.2489182301737695,0.3116803431621104,0.30307976888882904,0.9740427270371768,0.981339564143429,5.570070359922562,3.1024184114977142,4.524517696558652
ct_w5_i2,5,evaluation,width3,50,256,sampled_two_block_fisher,48,46,0.2489182301737695,0.5399415472342518,0.5085778910898918,0.9740427270371768,0.8487169637990394,5.570070359922562,2.4009790841279726,4.524517696558652
ct_w5_i2,5,evaluation,width3,50,256,sampled_star_fisher,48,46,0.2489182301737695,0.4743870793615993,0.44526938329411425,0.9740427270371768,0.8804719560408915,5.570070359922562,2.73456483348872,4.524517696558652
ct_w5_i2,5,evaluation,width3,50,256,sampled_full_fisher,48,46,0.2489182301737695,0.785932575186348,0.7356750677528572,0.9740427270371768,0.6856510657848214,5.570070359922562,2.7271590644174175,4.524517696558652
ct_w5_i2,5,evaluation,width3,50,256,protected_ray_star,48,46,0.2489182301737695,0.965616423398684,0.9782760337683413,0.9740427270371768,0.4739336380776066,5.570070359922562,3.1713118837708087,4.524517696558652
ct_w5_i2,5,evaluation,width3,101,256,sampled_adam,48,48,0.7603353069190506,0.3720821283939437,0.3489317499641676,0.9882447700289814,0.9911191542133823,5.63877000198862,0.1385639794855336,4.973215784907948
ct_w5_i2,5,evaluation,width3,101,256,sampled_diagonal_fisher,48,48,0.7603353069190506,0.3410610083156874,0.32869766898416325,0.9882447700289814,0.9449175635560088,5.63877000198862,1.3825534580861352,4.973215784907948
ct_w5_i2,5,evaluation,width3,101,256,sampled_two_block_fisher,48,48,0.7603353069190506,0.542470976543678,0.5458180578578293,0.9882447700289814,0.8725893485384404,5.63877000198862,1.7282276897869233,4.973215784907948
ct_w5_i2,5,evaluation,width3,101,256,sampled_star_fisher,48,48,0.7603353069190506,0.6850229535495244,0.6645907869670401,0.9882447700289814,0.8179296773231063,5.63877000198862,1.7659634716852834,4.973215784907948
ct_w5_i2,5,evaluation,width3,101,256,sampled_full_fisher,48,48,0.7603353069190506,0.9246167058220368,0.9206796849485704,0.9882447700289814,0.5675179161914681,5.63877000198862,2.841442606781281,4.973215784907948
ct_w5_i2,5,evaluation,width3,101,256,protected_ray_star,48,48,0.7603353069190506,0.9710958997509277,0.9782318983761654,0.9882447700289814,0.4732594933789199,5.63877000198862,3.1714549654817348,4.973215784907948
ct_w5_i3,5,evaluation,chain,0,256,sampled_adam,31,26,2.0107064788602007,0.6982003581542826,-0.50464741709998,-0.8578313384604125,0.9743009875970627,2.9827865043056363,0.11135526393320633,9.784922829611089
ct_w5_i3,5,evaluation,chain,0,256,sampled_diagonal_fisher,31,26,2.0107064788602007,0.8046590430777805,-0.6224411578118809,-0.8578313384604125,0.6005544744236649,2.9827865043056363,2.669269563007828,9.784922829611089
ct_w5_i3,5,evaluation,chain,0,256,sampled_two_block_fisher,31,26,2.0107064788602007,0.8503860959714546,-0.6966595315439319,-0.8578313384604125,0.5280380640645218,2.9827865043056363,2.669269563007828,9.784922829611089
ct_w5_i3,5,evaluation,chain,0,256,sampled_star_fisher,31,26,2.0107064788602007,0.2999837510218361,0.01626280168881771,-0.8578313384604125,1.1242440523819535,2.9827865043056363,2.669269563007828,9.784922829611089
ct_w5_i3,5,evaluation,chain,0,256,sampled_full_fisher,31,26,2.0107064788602007,0.8326030671995596,-0.6352731777855488,-0.8578313384604125,0.5573615980929087,2.9827865043056363,2.669269563007828,9.784922829611089
ct_w5_i3,5,evaluation,chain,0,256,protected_ray_star,31,26,2.0107064788602007,0.8583317569919027,-0.981265423623545,-0.8578313384604125,0.5158918304502932,2.9827865043056363,2.72023195635585,9.784922829611089
ct_w5_i3,5,evaluation,chain,19,256,sampled_adam,31,25,2.062148595088915,0.7253966214530502,-0.6055767774508567,-0.8624495121313547,0.9716137608820626,2.8076882396854854,0.11135528062406115,9.890437588489592
ct_w5_i3,5,evaluation,chain,19,256,sampled_diagonal_fisher,31,25,2.062148595088915,0.8020257723281787,-0.6590217806184482,-0.8624495121313547,0.6155150070768188,2.8076882396854854,2.669269563007828,9.890437588489592
ct_w5_i3,5,evaluation,chain,19,256,sampled_two_block_fisher,31,25,2.062148595088915,0.894343084534317,-0.727251284962897,-0.8624495121313547,0.4509174683455718,2.8076882396854854,2.669269563007828,9.890437588489592
ct_w5_i3,5,evaluation,chain,19,256,sampled_star_fisher,31,25,2.062148595088915,0.41232723626027035,-0.1828434950784158,-0.8624495121313547,1.0582209686811703,2.8076882396854854,2.669269563007827,9.890437588489592
ct_w5_i3,5,evaluation,chain,19,256,sampled_full_fisher,31,25,2.062148595088915,0.8238350994951005,-0.7076885585928908,-0.8624495121313547,0.5685788062046139,2.8076882396854854,2.438199606961617,9.890437588489592
ct_w5_i3,5,evaluation,chain,19,256,protected_ray_star,31,25,2.062148595088915,0.8612558292696989,-0.9794447353587807,-0.8624495121313547,0.5198133788184867,2.8076882396854854,2.725288591224136,9.890437588489592
ct_w5_i3,5,evaluation,chain,42,256,sampled_adam,31,25,2.3182519788914733,0.6360178639496342,-0.5046473467571165,-0.8138685930949442,0.9747375182636033,2.7489674366262737,0.11135527745013843,9.737839538527739
ct_w5_i3,5,evaluation,chain,42,256,sampled_diagonal_fisher,31,25,2.3182519788914733,0.8200786086801655,-0.6217532210114121,-0.8138685930949442,0.5918198861531451,2.7489674366262737,2.669269563007828,9.737839538527739
ct_w5_i3,5,evaluation,chain,42,256,sampled_two_block_fisher,31,25,2.3182519788914733,0.8672672949798118,-0.7333345581284152,-0.8138685930949442,0.508536711850694,2.7489674366262737,2.669269563007828,9.737839538527739
ct_w5_i3,5,evaluation,chain,42,256,sampled_star_fisher,31,25,2.3182519788914733,0.4033015843026698,-0.016955800215849814,-0.8138685930949442,1.0768651192812846,2.7489674366262737,2.669269563007828,9.737839538527739
ct_w5_i3,5,evaluation,chain,42,256,sampled_full_fisher,31,25,2.3182519788914733,0.8596594864673067,-0.6396852017251253,-0.8138685930949442,0.514601157302658,2.7489674366262737,2.5332742514732454,9.737839538527739
ct_w5_i3,5,evaluation,chain,42,256,protected_ray_star,31,25,2.3182519788914733,0.8310178092284637,-0.9808803029648098,-0.8138685930949442,0.5785016681631678,2.7489674366262737,2.7212999944434513,9.737839538527739
ct_w5_i3,5,evaluation,chain,50,256,sampled_adam,31,25,2.1797263203930206,0.699074238133566,-0.6055767895603779,-0.8177520730993949,0.9717577721066452,2.7137824156415236,0.1113552792980801,9.794113694821213
ct_w5_i3,5,evaluation,chain,50,256,sampled_diagonal_fisher,31,25,2.1797263203930206,0.7943315661196191,-0.6014361800011717,-0.8177520730993949,0.6362852754023441,2.7137824156415236,2.669269563007828,9.794113694821213
ct_w5_i3,5,evaluation,chain,50,256,sampled_two_block_fisher,31,25,2.1797263203930206,0.8581462442417103,-0.6538227146707013,-0.8177520730993949,0.5285102058474577,2.7137824156415236,2.669269563007828,9.794113694821213
ct_w5_i3,5,evaluation,chain,50,256,sampled_star_fisher,31,25,2.1797263203930206,0.24921251265683764,0.121709302703348,-0.8177520730993949,1.2154070977999265,2.7137824156415236,2.6692695630078274,9.794113694821213
ct_w5_i3,5,evaluation,chain,50,256,sampled_full_fisher,31,25,2.1797263203930206,0.6986502487004688,-0.5102821551228913,-0.8177520730993949,0.7446196476491582,2.7137824156415236,2.455909757487155,9.794113694821213
ct_w5_i3,5,evaluation,chain,50,256,protected_ray_star,31,25,2.1797263203930206,0.8490404713143069,-0.9811262185759936,-0.8177520730993949,0.5501689537853178,2.7137824156415236,2.7206179107943984,9.794113694821213
ct_w5_i3,5,evaluation,chain,101,256,sampled_adam,31,24,2.0946636748382823,0.7062167532818575,-0.6055767993362652,-0.8624249552657686,0.9749557901890104,3.09900725651118,0.11135527418193808,10.351196045145569
ct_w5_i3,5,evaluation,chain,101,256,sampled_diagonal_fisher,31,24,2.0946636748382823,0.7927746929958654,-0.6393578434654746,-0.8624249552657686,0.6133581245448528,3.09900725651118,2.6692695630078282,10.351196045145569
ct_w5_i3,5,evaluation,chain,101,256,sampled_two_block_fisher,31,24,2.0946636748382823,0.8157985113795927,-0.6163528014516806,-0.8624249552657686,0.580125808388846,3.09900725651118,2.6692695630078274,10.351196045145569
ct_w5_i3,5,evaluation,chain,101,256,sampled_star_fisher,31,24,2.0946636748382823,0.1956008005229387,0.01883626780598891,-0.8624249552657686,1.1853001306277091,3.09900725651118,2.6692695630078282,10.351196045145569
ct_w5_i3,5,evaluation,chain,101,256,sampled_full_fisher,31,24,2.0946636748382823,0.570832053530061,-0.31220981963806643,-0.8624249552657686,0.849973025441428,3.09900725651118,2.4501133998598776,10.351196045145569
ct_w5_i3,5,evaluation,chain,101,256,protected_ray_star,31,24,2.0946636748382823,0.8469784734853293,-0.979915581501971,-0.8624249552657686,0.532589754062572,3.09900725651118,2.7239790992163733,10.351196045145569
ct_w5_i3,5,evaluation,problem_tree,0,256,sampled_adam,31,29,1.3511735087437278,0.46593566713157436,0.2268824140804821,0.7632505630637686,0.983438160553593,3.0345316313222206,0.11135527984968474,4.60041713368272
ct_w5_i3,5,evaluation,problem_tree,0,256,sampled_diagonal_fisher,31,29,1.3511735087437278,0.5332861100154455,0.24890266400445266,0.7632505630637686,0.9558320483239469,3.0345316313222206,2.968585521759479,4.60041713368272
ct_w5_i3,5,evaluation,problem_tree,0,256,sampled_two_block_fisher,31,29,1.3511735087437278,0.2418862490078577,-0.16844935399277033,0.7632505630637686,1.2180924787523664,3.0345316313222206,2.968585521759479,4.60041713368272
ct_w5_i3,5,evaluation,problem_tree,0,256,sampled_star_fisher,31,29,1.3511735087437278,0.777600120451123,0.4978064306749871,0.7632505630637686,0.6549139998668173,3.0345316313222206,2.9156781839085055,4.60041713368272
ct_w5_i3,5,evaluation,problem_tree,0,256,sampled_full_fisher,31,29,1.3511735087437278,0.78311260935821,0.420244153107464,0.7632505630637686,0.6230424035574572,3.0345316313222206,2.260940259776066,4.60041713368272
ct_w5_i3,5,evaluation,problem_tree,0,256,protected_ray_star,31,29,1.3511735087437278,0.858415753438718,0.9419305772062502,0.7632505630637686,0.580978523494924,3.0345316313222206,1.7771039531625792,4.60041713368272
ct_w5_i3,5,evaluation,problem_tree,19,256,sampled_adam,31,28,1.274478021981711,0.4931978051527158,0.37813736606594267,0.9006741209164816,0.9834754341316068,3.234262381698834,0.1113552819090925,4.708518570563211
ct_w5_i3,5,evaluation,problem_tree,19,256,sampled_diagonal_fisher,31,28,1.274478021981711,0.4778252575808242,0.2960815287893959,0.9006741209164816,0.9825017247661789,3.234262381698834,2.968585521759479,4.708518570563211
ct_w5_i3,5,evaluation,problem_tree,19,256,sampled_two_block_fisher,31,28,1.274478021981711,0.21393533491757297,-0.06335619323642694,0.9006741209164816,1.1556026716514467,3.234262381698834,2.6887647258951906,4.708518570563211
ct_w5_i3,5,evaluation,problem_tree,19,256,sampled_star_fisher,31,28,1.274478021981711,0.7242277846975713,0.5681480934547274,0.9006741209164816,0.7025098391829336,3.234262381698834,2.776577284741884,4.708518570563211
ct_w5_i3,5,evaluation,problem_tree,19,256,sampled_full_fisher,31,28,1.274478021981711,0.6821461213242546,0.481780569168888,0.9006741209164816,0.7314544999551061,3.234262381698834,2.2666619611708856,4.708518570563211
ct_w5_i3,5,evaluation,problem_tree,19,256,protected_ray_star,31,28,1.274478021981711,0.9274007083372546,0.9601753751346028,0.9006741209164816,0.466436541754557,3.234262381698834,2.0982921170402116,4.708518570563211
ct_w5_i3,5,evaluation,problem_tree,42,256,sampled_adam,31,31,1.0172380786358306,0.37239891327550395,0.1663806377205825,0.8353482629962599,0.9867103420638413,2.9838401462654214,0.11135525963108814,5.1564678180657415
ct_w5_i3,5,evaluation,problem_tree,42,256,sampled_diagonal_fisher,31,31,1.0172380786358306,0.4130365591549902,0.15954084387117698,0.8353482629962599,1.0807180108050018,2.9838401462654214,2.968585521759479,5.1564678180657415
ct_w5_i3,5,evaluation,problem_tree,42,256,sampled_two_block_fisher,31,31,1.0172380786358306,0.1380722704879155,-0.2680554010716981,0.8353482629962599,1.3096062514952391,2.9838401462654214,2.9685855217594797,5.1564678180657415
ct_w5_i3,5,evaluation,problem_tree,42,256,sampled_star_fisher,31,31,1.0172380786358306,0.7743391328351292,0.5620038227317937,0.8353482629962599,0.6701048632824214,2.9838401462654214,2.968585521759479,5.1564678180657415
ct_w5_i3,5,evaluation,problem_tree,42,256,sampled_full_fisher,31,31,1.0172380786358306,0.7179182659005249,0.38073783709692594,0.8353482629962599,0.6965674222200394,2.9838401462654214,2.068288369447218,5.1564678180657415
ct_w5_i3,5,evaluation,problem_tree,42,256,protected_ray_star,31,31,1.0172380786358306,0.8832274115491598,0.9677182605726716,0.8353482629962599,0.47635207610614233,2.9838401462654214,2.3857284668301206,5.1564678180657415
ct_w5_i3,5,evaluation,problem_tree,50,256,sampled_adam,31,29,0.8853558210120628,0.4676257878743578,0.28738454979389144,0.8079232231125956,0.9833545555550611,3.030660190577901,0.11135525714195729,4.853692048788345
ct_w5_i3,5,evaluation,problem_tree,50,256,sampled_diagonal_fisher,31,29,0.8853558210120628,0.44362766038968715,0.1522787941795121,0.8079232231125956,1.044209132378478,3.030660190577901,2.968585521759479,4.853692048788345
ct_w5_i3,5,evaluation,problem_tree,50,256,sampled_two_block_fisher,31,29,0.8853558210120628,0.14920376755205175,-0.274052636105805,0.8079232231125956,1.2227591114997944,3.030660190577901,2.6321590043717698,4.853692048788345
ct_w5_i3,5,evaluation,problem_tree,50,256,sampled_star_fisher,31,29,0.8853558210120628,0.6913681948551103,0.40099942462916166,0.8079232231125956,0.7778432996107693,3.030660190577901,2.968585521759479,4.853692048788345
ct_w5_i3,5,evaluation,problem_tree,50,256,sampled_full_fisher,31,29,0.8853558210120628,0.652708906549705,0.17766711071923302,0.8079232231125956,0.757613015270614,3.030660190577901,1.970473307557472,4.853692048788345
ct_w5_i3,5,evaluation,problem_tree,50,256,protected_ray_star,31,29,0.8853558210120628,0.8782161033168095,0.967588242208241,0.8079232231125956,0.4842084530515119,3.030660190577901,2.4323366375936697,4.853692048788345
ct_w5_i3,5,evaluation,problem_tree,101,256,sampled_adam,31,29,0.8187439254761719,0.5530642533262755,0.4386393297689334,0.8577772434243409,0.9807207069210296,3.1215108753579157,0.1113552735257612,4.544523377542296
ct_w5_i3,5,evaluation,problem_tree,101,256,sampled_diagonal_fisher,31,29,0.8187439254761719,0.46523137335703174,0.3219578838471342,0.8577772434243409,1.0097226619653412,3.1215108753579157,2.968585521759479,4.544523377542296
ct_w5_i3,5,evaluation,problem_tree,101,256,sampled_two_block_fisher,31,29,0.8187439254761719,0.11506570920488171,-0.20735228571676242,0.8577772434243409,1.2714967058147837,3.1215108753579157,2.836691171947262,4.544523377542296
ct_w5_i3,5,evaluation,problem_tree,101,256,sampled_star_fisher,31,29,0.8187439254761719,0.7050899910357297,0.6333626738778673,0.8577772434243409,0.7505493693261834,3.1215108753579157,2.968585521759479,4.544523377542296
ct_w5_i3,5,evaluation,problem_tree,101,256,sampled_full_fisher,31,29,0.8187439254761719,0.6982871800285773,0.39521560873517253,0.8577772434243409,0.7187616288157012,3.1215108753579157,1.9768544877271341,4.544523377542296
ct_w5_i3,5,evaluation,problem_tree,101,256,protected_ray_star,31,29,0.8187439254761719,0.8750805664630481,0.9793782698334146,0.8577772434243409,0.49096269999034403,3.1215108753579157,2.9891760946626045,4.544523377542296
ct_w5_i3,5,evaluation,width2,0,256,sampled_adam,43,41,0.5110751712164989,0.11540201250304447,0.061643836397502726,0.9797581882834419,0.9974036215918155,5.198832199409663,0.13114874983823077,3.7871869414983017
ct_w5_i3,5,evaluation,width2,0,256,sampled_diagonal_fisher,43,41,0.5110751712164989,0.33071382270064015,0.24030016499276674,0.9797581882834419,0.9617972595858507,5.198832199409663,2.6839241342043665,3.7871869414983017
ct_w5_i3,5,evaluation,width2,0,256,sampled_two_block_fisher,43,41,0.5110751712164989,0.1335047173841962,0.015200472662300263,0.9797581882834419,1.0357033698698044,5.198832199409663,2.2580876726782453,3.7871869414983017
ct_w5_i3,5,evaluation,width2,0,256,sampled_star_fisher,43,41,0.5110751712164989,0.7390834526752267,0.6736977722288672,0.9797581882834419,0.6972507836329881,5.198832199409663,2.906537656861465,3.7871869414983017
ct_w5_i3,5,evaluation,width2,0,256,sampled_full_fisher,43,41,0.5110751712164989,0.778092462498415,0.6802079948484816,0.9797581882834419,0.6935674367865088,5.198832199409663,2.51647085920185,3.7871869414983017
ct_w5_i3,5,evaluation,width2,0,256,protected_ray_star,43,41,0.5110751712164989,0.981251782920197,0.9793246242311695,0.9797581882834419,0.42063359069149264,5.198832199409663,3.1576140767836973,3.7871869414983017
ct_w5_i3,5,evaluation,width2,19,256,sampled_adam,43,42,0.27467629634810764,0.25528415381664304,0.23424679983130525,0.987505108228256,0.994434727880037,5.763851382346125,0.13114875617453223,3.537713078418598
ct_w5_i3,5,evaluation,width2,19,256,sampled_diagonal_fisher,43,42,0.27467629634810764,0.30965108251950585,0.30487230483188915,0.987505108228256,0.9775369277783222,5.763851382346125,3.0923292192132448,3.537713078418598
ct_w5_i3,5,evaluation,width2,19,256,sampled_two_block_fisher,43,42,0.27467629634810764,0.4350288741225216,0.41173177351958357,0.987505108228256,0.9018249120983876,5.763851382346125,2.2170504215030724,3.537713078418598
ct_w5_i3,5,evaluation,width2,19,256,sampled_star_fisher,43,42,0.27467629634810764,0.5629382013185148,0.5778902587566149,0.987505108228256,0.8406955994831101,5.763851382346125,2.357948190304809,3.537713078418598
ct_w5_i3,5,evaluation,width2,19,256,sampled_full_fisher,43,42,0.27467629634810764,0.7690565923475359,0.7513166738278216,0.987505108228256,0.7144822181120357,5.763851382346125,2.592507140076277,3.537713078418598
ct_w5_i3,5,evaluation,width2,19,256,protected_ray_star,43,42,0.27467629634810764,0.9640576989930366,0.9813676769294114,0.987505108228256,0.494761028470161,5.763851382346125,3.151040422371354,3.537713078418598
ct_w5_i3,5,evaluation,width2,42,256,sampled_adam,43,40,0.412566532298238,0.2963305263628373,0.2589042932453192,0.9743950775050442,0.9930262218119229,5.361472045612309,0.13114875543673127,4.166132912424132
ct_w5_i3,5,evaluation,width2,42,256,sampled_diagonal_fisher,43,40,0.412566532298238,0.3535897735935517,0.3244019492004591,0.9743950775050442,0.9488286737987508,5.361472045612309,2.7485826532716517,4.166132912424132
ct_w5_i3,5,evaluation,width2,42,256,sampled_two_block_fisher,43,40,0.412566532298238,0.4485817857317657,0.3537103922230411,0.9743950775050442,0.8947350950697732,5.361472045612309,2.179079886541764,4.166132912424132
ct_w5_i3,5,evaluation,width2,42,256,sampled_star_fisher,43,40,0.412566532298238,0.5189624404156412,0.5211553462326963,0.9743950775050442,0.8551450155861265,5.361472045612309,2.651620911324999,4.166132912424132
ct_w5_i3,5,evaluation,width2,42,256,sampled_full_fisher,43,40,0.412566532298238,0.7785050840779021,0.7340399537131089,0.9743950775050442,0.6929712505180162,5.361472045612309,2.5990897441244747,4.166132912424132
ct_w5_i3,5,evaluation,width2,42,256,protected_ray_star,43,40,0.412566532298238,0.9579979859713726,0.9794267983897443,0.9743950775050442,0.4674238470892205,5.361472045612309,3.157284673338814,4.166132912424132
ct_w5_i3,5,evaluation,width2,50,256,sampled_adam,43,41,0.4714857051899663,0.27822278505657216,0.23424676695628147,0.9766683140107105,0.993392381248625,5.2938291845831245,0.13114875399078157,4.397434010078026
ct_w5_i3,5,evaluation,width2,50,256,sampled_diagonal_fisher,43,41,0.4714857051899663,0.29254079488957885,0.2319621462086436,0.9766683140107105,0.9906217742423046,5.2938291845831245,2.9180306034679355,4.397434010078026
ct_w5_i3,5,evaluation,width2,50,256,sampled_two_block_fisher,43,41,0.4714857051899663,0.3439029624631108,0.24058662863995717,0.9766683140107105,0.9399567182269313,5.2938291845831245,2.0444042491356917,4.397434010078026
ct_w5_i3,5,evaluation,width2,50,256,sampled_star_fisher,43,41,0.4714857051899663,0.6921584408649465,0.6167368394408889,0.9766683140107105,0.7357896761454399,5.2938291845831245,2.906766909846465,4.397434010078026
ct_w5_i3,5,evaluation,width2,50,256,sampled_full_fisher,43,41,0.4714857051899663,0.8093230706990421,0.7130264880486192,0.9766683140107105,0.6490128517626234,5.2938291845831245,2.82288480512342,4.397434010078026
ct_w5_i3,5,evaluation,width2,50,256,protected_ray_star,43,41,0.4714857051899663,0.9817938157196786,0.9781453604985927,0.9766683140107105,0.42895353090990657,5.2938291845831245,3.1614209340388677,4.397434010078026
ct_w5_i3,5,evaluation,width2,101,256,sampled_adam,43,41,0.5190620929811588,0.28052073599401467,0.20958918095346835,0.971439941309052,0.9930959553552755,5.102226004648848,0.1311487092549914,4.22918931214817
ct_w5_i3,5,evaluation,width2,101,256,sampled_diagonal_fisher,43,41,0.5190620929811588,0.3748390204401619,0.31465948371400654,0.971439941309052,0.9335713710690339,5.102226004648848,2.4728250766293667,4.22918931214817
ct_w5_i3,5,evaluation,width2,101,256,sampled_two_block_fisher,43,41,0.5190620929811588,0.46119681386337974,0.3437187983455556,0.971439941309052,0.8891160785812693,5.102226004648848,2.0631594977191328,4.22918931214817
ct_w5_i3,5,evaluation,width2,101,256,sampled_star_fisher,43,41,0.5190620929811588,0.6667785736617308,0.6301425639571426,0.971439941309052,0.7636220249315055,5.102226004648848,2.552687378797915,4.22918931214817
ct_w5_i3,5,evaluation,width2,101,256,sampled_full_fisher,43,41,0.5190620929811588,0.8232587006700717,0.7150716246755049,0.971439941309052,0.6564241591143465,5.102226004648848,2.5186699880750485,4.22918931214817
ct_w5_i3,5,evaluation,width2,101,256,protected_ray_star,43,41,0.5190620929811588,0.9678245985091011,0.9793195770792321,0.971439941309052,0.43021239518396925,5.102226004648848,3.157630350284583,4.22918931214817
ct_w5_i3,5,evaluation,width3,0,256,sampled_adam,47,47,0.7787708385702669,0.3737343567980001,0.3375975724416117,0.9932120247681401,0.9913825970358706,5.782841989053026,0.137113060335113,3.6879511047307396
ct_w5_i3,5,evaluation,width3,0,256,sampled_diagonal_fisher,47,47,0.7787708385702669,0.3579317198471017,0.3238181417233646,0.9932120247681401,0.9356544595581197,5.782841989053026,1.7246126845783587,3.6879511047307396
ct_w5_i3,5,evaluation,width3,0,256,sampled_two_block_fisher,47,47,0.7787708385702669,0.44080798316965164,0.40441240211966767,0.9932120247681401,0.9055178963161399,5.782841989053026,1.8582163440887607,3.6879511047307396
ct_w5_i3,5,evaluation,width3,0,256,sampled_star_fisher,47,47,0.7787708385702669,0.7510430762779513,0.7188677359725208,0.9932120247681401,0.7566022952035575,5.782841989053026,2.2065403811954343,3.6879511047307396
ct_w5_i3,5,evaluation,width3,0,256,sampled_full_fisher,47,47,0.7787708385702669,0.920037272317987,0.898508220506449,0.9932120247681401,0.5961766982448334,5.782841989053026,2.7220400061073113,3.6879511047307396
ct_w5_i3,5,evaluation,width3,0,256,protected_ray_star,47,47,0.7787708385702669,0.9836444765160826,0.979168251649703,0.9932120247681401,0.4666005855085635,5.782841989053026,3.199134588215862,3.6879511047307396
ct_w5_i3,5,evaluation,width3,19,256,sampled_adam,47,46,0.3335417163335733,0.21241557375856715,0.22118447447594894,0.9932071278056493,0.9954942044799935,6.137819783802397,0.13711302680573967,3.491550370779642
ct_w5_i3,5,evaluation,width3,19,256,sampled_diagonal_fisher,47,46,0.3335417163335733,0.3531861349036718,0.3591756890649842,0.9932071278056493,0.9437290687155893,6.137819783802397,2.928610234079769,3.491550370779642
ct_w5_i3,5,evaluation,width3,19,256,sampled_two_block_fisher,47,46,0.3335417163335733,0.5586756347268966,0.5636099991046594,0.9932071278056493,0.8540305040029211,6.137819783802397,2.1788837980705202,3.491550370779642
ct_w5_i3,5,evaluation,width3,19,256,sampled_star_fisher,47,46,0.3335417163335733,0.4937877461702033,0.49772381016260914,0.9932071278056493,0.874400921399278,6.137819783802397,2.468128912263721,3.491550370779642
ct_w5_i3,5,evaluation,width3,19,256,sampled_full_fisher,47,46,0.3335417163335733,0.8665223413079544,0.8568576290175458,0.9932071278056493,0.6131813932391743,6.137819783802397,3.1324910215354174,3.491550370779642
ct_w5_i3,5,evaluation,width3,19,256,protected_ray_star,47,46,0.3335417163335733,0.9737273909611404,0.980509973707118,0.9932071278056493,0.5072147752952278,6.137819783802397,3.194756917863952,3.491550370779642
ct_w5_i3,5,evaluation,width3,42,256,sampled_adam,47,44,0.48409100231484853,0.21872539422161857,0.19790209298731692,0.9912885641572247,0.9951733068815928,5.897387334823115,0.13711306292212394,3.9814811263371066
ct_w5_i3,5,evaluation,width3,42,256,sampled_diagonal_fisher,47,44,0.48409100231484853,0.3429463134798473,0.3417738213665271,0.9912885641572247,0.9442511185318997,5.897387334823115,2.588831402481032,3.9814811263371066
ct_w5_i3,5,evaluation,width3,42,256,sampled_two_block_fisher,47,44,0.48409100231484853,0.4693803866299481,0.4481119629257589,0.9912885641572247,0.8889229777640109,5.897387334823115,2.163757797794721,3.9814811263371066
ct_w5_i3,5,evaluation,width3,42,256,sampled_star_fisher,47,44,0.48409100231484853,0.5934695152242422,0.5678432583463232,0.9912885641572247,0.8152589495614728,5.897387334823115,2.7343210527946797,3.9814811263371066
ct_w5_i3,5,evaluation,width3,42,256,sampled_full_fisher,47,44,0.48409100231484853,0.7402726184179785,0.7041314210156099,0.9912885641572247,0.7286640407207905,5.897387334823115,2.708573229615813,3.9814811263371066
ct_w5_i3,5,evaluation,width3,42,256,protected_ray_star,47,44,0.48409100231484853,0.9773852931577588,0.9790854465976148,0.9912885641572247,0.4835623136617359,5.897387334823115,3.1994051514308834,3.9814811263371066
ct_w5_i3,5,evaluation,width3,50,256,sampled_adam,47,46,0.4350367032483793,0.2112043683972179,0.19790200465467822,0.9881906890596535,0.9952486760516421,5.765458100865898,0.13711307500737407,4.073966211241892
ct_w5_i3,5,evaluation,width3,50,256,sampled_diagonal_fisher,47,46,0.4350367032483793,0.3100145048340817,0.2895359522341835,0.9881906890596535,0.960108319186221,5.765458100865898,2.559107085919886,4.073966211241892
ct_w5_i3,5,evaluation,width3,50,256,sampled_two_block_fisher,47,46,0.4350367032483793,0.42795505208603823,0.39641352194197516,0.9881906890596535,0.906145872687002,5.765458100865898,2.091677743391425,4.073966211241892
ct_w5_i3,5,evaluation,width3,50,256,sampled_star_fisher,47,46,0.4350367032483793,0.6578165029475651,0.6285099217058819,0.9881906890596535,0.7731478953577687,5.765458100865898,2.786046072285393,4.073966211241892
ct_w5_i3,5,evaluation,width3,50,256,sampled_full_fisher,47,46,0.4350367032483793,0.866072885652649,0.8191507351673757,0.9881906890596535,0.6341014018346132,5.765458100865898,2.7442843400278547,4.073966211241892
ct_w5_i3,5,evaluation,width3,50,256,protected_ray_star,47,46,0.4350367032483793,0.978099043126861,0.9787776161055968,0.9881906890596535,0.47143359263303336,5.765458100865898,3.200411380471806,4.073966211241892
ct_w5_i3,5,evaluation,width3,101,256,sampled_adam,47,46,0.4096841796621369,0.1950152836987959,0.1513361431442276,0.9897199953765546,0.995581662296432,5.690554264562209,0.13711284298261903,4.631232790447333
ct_w5_i3,5,evaluation,width3,101,256,sampled_diagonal_fisher,47,46,0.4096841796621369,0.25646891479533124,0.21255427110042083,0.9897199953765546,0.9920584115497559,5.690554264562209,2.7313393910187096,4.631232790447333
ct_w5_i3,5,evaluation,width3,101,256,sampled_two_block_fisher,47,46,0.4096841796621369,0.5725489795791566,0.5474896696282411,0.9897199953765546,0.8440399039556125,5.690554264562209,2.116945771311592,4.631232790447333
ct_w5_i3,5,evaluation,width3,101,256,sampled_star_fisher,47,46,0.4096841796621369,0.4863985421010748,0.43164636914371857,0.9897199953765546,0.8754433986775542,5.690554264562209,3.0787652534334122,4.631232790447333
ct_w5_i3,5,evaluation,width3,101,256,sampled_full_fisher,47,46,0.4096841796621369,0.8771709834168517,0.8436639364642239,0.9897199953765546,0.611805364348983,5.690554264562209,2.8341654071084235,4.631232790447333
ct_w5_i3,5,evaluation,width3,101,256,protected_ray_star,47,46,0.4096841796621369,0.9814956412709364,0.9775056451563964,0.9897199953765546,0.4600958229616579,5.690554264562209,3.2045758886990705,4.631232790447333
ct_w5_i4,5,evaluation,chain,0,256,sampled_adam,31,25,2.050992897886604,0.6981795347071686,-0.6106573333329148,-0.8584214914635864,0.9698857436364273,2.538832700218773,0.1113552103967009,8.715522735777618
ct_w5_i4,5,evaluation,chain,0,256,sampled_diagonal_fisher,31,25,2.050992897886604,0.7514089162782057,-0.6511097680894055,-0.8584214914635864,0.6998653247177502,2.538832700218773,2.5,8.715522735777618
ct_w5_i4,5,evaluation,chain,0,256,sampled_two_block_fisher,31,25,2.050992897886604,0.8208753819875909,-0.7524961611487327,-0.8584214914635864,0.5941410515493496,2.538832700218773,2.5,8.715522735777618
ct_w5_i4,5,evaluation,chain,0,256,sampled_star_fisher,31,25,2.050992897886604,0.3685850588618854,-0.08938202382351725,-0.8584214914635864,1.1152346065205718,2.538832700218773,2.5,8.715522735777618
ct_w5_i4,5,evaluation,chain,0,256,sampled_full_fisher,31,25,2.050992897886604,0.7033591949805704,-0.557953798802516,-0.8584214914635864,0.7441704316855289,2.538832700218773,2.3448530652537656,8.715522735777618
ct_w5_i4,5,evaluation,chain,0,256,protected_ray_star,31,25,2.050992897886604,0.8650937692614159,-0.9817269129327877,-0.8584214914635864,0.5202307238959665,2.538832700218773,2.546533019586434,8.715522735777618
ct_w5_i4,5,evaluation,chain,19,256,sampled_adam,31,27,2.149083385993868,0.7110173689481084,-0.6106579676472913,-0.8555383433307017,0.9694848278301692,2.5540458564720514,0.11135527816862079,8.891387391231756
ct_w5_i4,5,evaluation,chain,19,256,sampled_diagonal_fisher,31,27,2.149083385993868,0.7879345787881172,-0.6518639780653738,-0.8555383433307017,0.644673284397828,2.5540458564720514,2.4999999999999996,8.891387391231756
ct_w5_i4,5,evaluation,chain,19,256,sampled_two_block_fisher,31,27,2.149083385993868,0.7782862048188394,-0.6581905997063194,-0.8555383433307017,0.659160113627928,2.5540458564720514,2.5000000000000004,8.891387391231756
ct_w5_i4,5,evaluation,chain,19,256,sampled_star_fisher,31,27,2.149083385993868,0.3798130011003066,-0.10836698345536673,-0.8555383433307017,1.1020773003656315,2.5540458564720514,2.5,8.891387391231756
ct_w5_i4,5,evaluation,chain,19,256,sampled_full_fisher,31,27,2.149083385993868,0.6979395531129934,-0.4859440919776951,-0.8555383433307017,0.7480771892390398,2.5540458564720514,2.3347346142977754,8.891387391231756
ct_w5_i4,5,evaluation,chain,19,256,protected_ray_star,31,27,2.149083385993868,0.8629874511118186,-0.9801043563735262,-0.8555383433307017,0.5231376682180449,2.5540458564720514,2.5507487888843015,8.891387391231756
ct_w5_i4,5,evaluation,chain,42,256,sampled_adam,31,26,2.2061045168870943,0.628458914849767,-0.610657959393809,-0.842319911037032,0.9756738857464023,2.820790259047603,0.11135527632675946,8.820753204593085
ct_w5_i4,5,evaluation,chain,42,256,sampled_diagonal_fisher,31,26,2.2061045168870943,0.6958135521235403,-0.6567490328849095,-0.842319911037032,0.7430475215334127,2.820790259047603,2.4999999999999996,8.820753204593085
ct_w5_i4,5,evaluation,chain,42,256,sampled_two_block_fisher,31,26,2.2061045168870943,0.796588428415522,-0.7314950480509266,-0.842319911037032,0.6111389517890963,2.820790259047603,2.5,8.820753204593085
ct_w5_i4,5,evaluation,chain,42,256,sampled_star_fisher,31,26,2.2061045168870943,0.3128309248328892,-0.07743143617244583,-0.842319911037032,1.0339440590469509,2.820790259047603,2.0348311521002604,8.820753204593085
ct_w5_i4,5,evaluation,chain,42,256,sampled_full_fisher,31,26,2.2061045168870943,0.6862015394943272,-0.546397034561291,-0.842319911037032,0.7278769642906333,2.820790259047603,2.0090485847131796,8.820753204593085
ct_w5_i4,5,evaluation,chain,42,256,protected_ray_star,31,26,2.2061045168870943,0.8242127016227462,-0.9814931661598358,-0.842319911037032,0.5717332902633493,2.820790259047603,2.5471394872584123,8.820753204593085
ct_w5_i4,5,evaluation,chain,50,256,sampled_adam,31,27,2.5328380131863897,0.6777801312605148,-0.5028948210737999,-0.7712883213856441,0.9674129185941754,2.2692129982431526,0.11135527668290122,8.393404457392258
ct_w5_i4,5,evaluation,chain,50,256,sampled_diagonal_fisher,31,27,2.5328380131863897,0.7445642447168652,-0.6191924271964024,-0.7712883213856441,0.7570816097830789,2.2692129982431526,2.4999999999999996,8.393404457392258
ct_w5_i4,5,evaluation,chain,50,256,sampled_two_block_fisher,31,27,2.5328380131863897,0.7882215623679212,-0.6600606185856744,-0.7712883213856441,0.6906357366970777,2.2692129982431526,2.5000000000000004,8.393404457392258
ct_w5_i4,5,evaluation,chain,50,256,sampled_star_fisher,31,27,2.5328380131863897,0.42148731540934936,-0.18551206964768327,-0.7712883213856441,1.1335971767938504,2.2692129982431526,2.5,8.393404457392258
ct_w5_i4,5,evaluation,chain,50,256,sampled_full_fisher,31,27,2.5328380131863897,0.6997744468143758,-0.5170998243226992,-0.7712883213856441,0.7389754328179372,2.2692129982431526,2.0171063848766932,8.393404457392258
ct_w5_i4,5,evaluation,chain,50,256,protected_ray_star,31,27,2.5328380131863897,0.7569382418240395,-0.9805661526396136,-0.7712883213856441,0.7492930248147663,2.2692129982431526,2.5495475172890476,8.393404457392258
ct_w5_i4,5,evaluation,chain,101,256,sampled_adam,31,23,2.131202437515771,0.5909309090121293,-0.5294651071223573,-0.8395125396286716,0.9770112626860941,2.7526923339938616,0.10954449913273863,9.023170911579928
ct_w5_i4,5,evaluation,chain,101,256,sampled_diagonal_fisher,31,23,2.131202437515771,0.6461330508803093,-0.5083491996955363,-0.8395125396286716,0.8069647356489282,2.7526923339938616,2.5,9.023170911579928
ct_w5_i4,5,evaluation,chain,101,256,sampled_two_block_fisher,31,23,2.131202437515771,0.7191279554745185,-0.657199266915443,-0.8395125396286716,0.7201415722798904,2.7526923339938616,2.5000000000000004,9.023170911579928
ct_w5_i4,5,evaluation,chain,101,256,sampled_star_fisher,31,23,2.131202437515771,0.28437206686411937,0.02383058521788585,-0.8395125396286716,1.1438076776452015,2.7526923339938616,2.5,9.023170911579928
ct_w5_i4,5,evaluation,chain,101,256,sampled_full_fisher,31,23,2.131202437515771,0.7505085356962032,-0.5691015457871181,-0.8395125396286716,0.6610980054619322,2.7526923339938616,2.1146685651616033,9.023170911579928
ct_w5_i4,5,evaluation,chain,101,256,protected_ray_star,31,23,2.131202437515771,0.7977266740657933,-0.9815926618102117,-0.8395125396286716,0.6163521494251866,2.7526923339938616,2.5468813055199555,9.023170911579928
ct_w5_i4,5,evaluation,problem_tree,0,256,sampled_adam,31,26,1.1378662992774657,0.5487032518067616,0.11866105723912279,0.5892415596655345,0.9751452934346356,2.3445232432239616,0.10954449375980174,4.293620187599055
ct_w5_i4,5,evaluation,problem_tree,0,256,sampled_diagonal_fisher,31,26,1.1378662992774657,0.6250454396269477,0.06956596627631638,0.5892415596655345,0.9398282230990707,2.3445232432239616,2.692582403567252,4.293620187599055
ct_w5_i4,5,evaluation,problem_tree,0,256,sampled_two_block_fisher,31,26,1.1378662992774657,0.39713909774367334,-0.2525424083542043,0.5892415596655345,1.1860683035058557,2.3445232432239616,2.692582403567252,4.293620187599055
ct_w5_i4,5,evaluation,problem_tree,0,256,sampled_star_fisher,31,26,1.1378662992774657,0.7772978647997235,0.3001697257844402,0.5892415596655345,0.7304564232673817,2.3445232432239616,2.692582403567252,4.293620187599055
ct_w5_i4,5,evaluation,problem_tree,0,256,sampled_full_fisher,31,26,1.1378662992774657,0.7312438759867317,0.15934698573938966,0.5892415596655345,0.7250239243673879,2.3445232432239616,2.290509642554942,4.293620187599055
ct_w5_i4,5,evaluation,problem_tree,0,256,protected_ray_star,31,26,1.1378662992774657,0.603964778917099,0.9214343180021334,0.5892415596655345,0.7971128375865372,2.3445232432239616,1.4458807510497973,4.293620187599055
ct_w5_i4,5,evaluation,problem_tree,19,256,sampled_adam,31,26,1.5040645701703406,0.45768738540106196,0.2334630227404147,0.6825851185465209,0.9797751944367091,2.4176178061355738,0.11135527065316758,5.365150475192102
ct_w5_i4,5,evaluation,problem_tree,19,256,sampled_diagonal_fisher,31,26,1.5040645701703406,0.583423548982987,0.3291117333602461,0.6825851185465209,0.9406755412695879,2.4176178061355738,2.5579178423274467,5.365150475192102
ct_w5_i4,5,evaluation,problem_tree,19,256,sampled_two_block_fisher,31,26,1.5040645701703406,0.313131221580272,-0.015454213453707665,0.6825851185465209,1.1435428112854242,2.4176178061355738,2.29700163737318,5.365150475192102
ct_w5_i4,5,evaluation,problem_tree,19,256,sampled_star_fisher,31,26,1.5040645701703406,0.7736761708219808,0.6022315426230495,0.6825851185465209,0.6550270549501914,2.4176178061355738,2.272354598091004,5.365150475192102
ct_w5_i4,5,evaluation,problem_tree,19,256,sampled_full_fisher,31,26,1.5040645701703406,0.7260597219926204,0.4006806638989976,0.6825851185465209,0.6876330320895524,2.4176178061355738,1.7586732569504173,5.365150475192102
ct_w5_i4,5,evaluation,problem_tree,19,256,protected_ray_star,31,26,1.5040645701703406,0.7607777443221909,0.9274597839615254,0.6825851185465209,0.6650347874223407,2.4176178061355738,1.488473188118496,5.365150475192102
ct_w5_i4,5,evaluation,problem_tree,42,256,sampled_adam,31,28,0.8995117830296931,0.45013312959758806,0.06670377486750129,0.6012876447039711,0.9797975497597132,2.3759534172229095,0.1113552770487742,5.778259221115701
ct_w5_i4,5,evaluation,problem_tree,42,256,sampled_diagonal_fisher,31,28,0.8995117830296931,0.516315899414461,0.0747668512240366,0.6012876447039711,1.055482266337891,2.3759534172229095,2.6925824035672523,5.778259221115701
ct_w5_i4,5,evaluation,problem_tree,42,256,sampled_two_block_fisher,31,28,0.8995117830296931,0.28514759763542663,-0.3360427317777614,0.6012876447039711,1.2798407047975138,2.3759534172229095,2.692582403567252,5.778259221115701
ct_w5_i4,5,evaluation,problem_tree,42,256,sampled_star_fisher,31,28,0.8995117830296931,0.7226523802816934,0.5520745122408462,0.6012876447039711,0.8039747604113664,2.3759534172229095,2.6925824035672514,5.778259221115701
ct_w5_i4,5,evaluation,problem_tree,42,256,sampled_full_fisher,31,28,0.8995117830296931,0.6565495338849012,0.04286332125142016,0.6012876447039711,0.766632110275023,2.3759534172229095,1.885550154006406,5.778259221115701
ct_w5_i4,5,evaluation,problem_tree,42,256,protected_ray_star,31,28,0.8995117830296931,0.6864044957562713,0.9628959709377994,0.6012876447039711,0.7463061373935158,2.3759534172229095,2.02931740099572,5.778259221115701
ct_w5_i4,5,evaluation,problem_tree,50,256,sampled_adam,31,27,0.7373889660115658,0.47130413369309443,0.3668705491424092,0.6079610112243542,0.9796420087097341,2.4804333830796135,0.1113552687849004,4.861379487829134
ct_w5_i4,5,evaluation,problem_tree,50,256,sampled_diagonal_fisher,31,27,0.7373889660115658,0.5385689335873873,0.16089388416916417,0.6079610112243542,1.0045440920497732,2.4804333830796135,2.692582403567251,4.861379487829134
ct_w5_i4,5,evaluation,problem_tree,50,256,sampled_two_block_fisher,31,27,0.7373889660115658,0.25989158067713597,-0.35325773943038263,0.6079610112243542,1.2704855516264426,2.4804333830796135,2.692582403567252,4.861379487829134
ct_w5_i4,5,evaluation,problem_tree,50,256,sampled_star_fisher,31,27,0.7373889660115658,0.7269454396968058,0.41356653094565987,0.6079610112243542,0.7746821975220799,2.4804333830796135,2.6925824035672514,4.861379487829134
ct_w5_i4,5,evaluation,problem_tree,50,256,sampled_full_fisher,31,27,0.7373889660115658,0.5832214331965914,-0.0674496623022565,0.6079610112243542,0.8438340123541498,2.4804333830796135,2.013371169941068,4.861379487829134
ct_w5_i4,5,evaluation,problem_tree,50,256,protected_ray_star,31,27,0.7373889660115658,0.7066872670812367,0.9673728885494882,0.6079610112243542,0.7244701412069114,2.4804333830796135,2.1392645009685443,4.861379487829134
ct_w5_i4,5,evaluation,problem_tree,101,256,sampled_adam,31,28,1.0946678171030093,0.550530468372952,0.0847579046127521,0.6315402498595036,0.9740628382659025,2.2516028097618785,0.109544503268075,5.137556847381486
ct_w5_i4,5,evaluation,problem_tree,101,256,sampled_diagonal_fisher,31,28,1.0946678171030093,0.5683239630113461,0.002130273914812154,0.6315402498595036,1.0347939769202599,2.2516028097618785,2.692582403567252,5.137556847381486
ct_w5_i4,5,evaluation,problem_tree,101,256,sampled_two_block_fisher,31,28,1.0946678171030093,0.39930571766938655,-0.2638359865486294,0.6315402498595036,1.2145122436601645,2.2516028097618785,2.6925824035672514,5.137556847381486
ct_w5_i4,5,evaluation,problem_tree,101,256,sampled_star_fisher,31,28,1.0946678171030093,0.8353529379400904,0.37700935795115936,0.6315402498595036,0.5720747833949236,2.2516028097618785,2.2374909107835244,5.137556847381486
ct_w5_i4,5,evaluation,problem_tree,101,256,sampled_full_fisher,31,28,1.0946678171030093,0.7260133639239735,0.10557616821171184,0.6315402498595036,0.6910600189749357,2.2516028097618785,1.788386931009705,5.137556847381486
ct_w5_i4,5,evaluation,problem_tree,101,256,protected_ray_star,31,28,1.0946678171030093,0.6167152871588036,0.8203621981970508,0.6315402498595036,0.8070921657097843,2.2516028097618785,0.9874869228784658,5.137556847381486
ct_w5_i4,5,evaluation,width2,0,256,sampled_adam,42,38,0.6258535753883211,0.37208880965242935,0.36968957920169787,0.9464696430449371,0.9892460104021461,4.327450013989624,0.12961480354989613,3.813013125758445
ct_w5_i4,5,evaluation,width2,0,256,sampled_diagonal_fisher,42,38,0.6258535753883211,0.4225030078198862,0.3798403952152136,0.9464696430449371,0.9347308859450975,4.327450013989624,2.817356917396161,3.813013125758445
ct_w5_i4,5,evaluation,width2,0,256,sampled_two_block_fisher,42,38,0.6258535753883211,0.5127874405903041,0.3522377265149778,0.9464696430449371,0.8585672384524979,4.327450013989624,2.178314491383186,3.813013125758445
ct_w5_i4,5,evaluation,width2,0,256,sampled_star_fisher,42,38,0.6258535753883211,0.537294439851644,0.5111623168157208,0.9464696430449371,0.8439428674593864,4.327450013989624,2.1935092120824886,3.813013125758445
ct_w5_i4,5,evaluation,width2,0,256,sampled_full_fisher,42,38,0.6258535753883211,0.6708791585426351,0.5555378030380649,0.9464696430449371,0.7663699044152337,4.327450013989624,2.066288272121336,3.813013125758445
ct_w5_i4,5,evaluation,width2,0,256,protected_ray_star,42,38,0.6258535753883211,0.9237738603931219,0.9778952626421886,0.9464696430449371,0.4617501382931012,4.327450013989624,2.881041584948378,3.813013125758445
ct_w5_i4,5,evaluation,width2,19,256,sampled_adam,42,38,0.5125227487708902,0.3486549394835623,0.287536373911246,0.9338629447393342,0.9895507648995646,4.152925363008388,0.1296148052162594,4.302327185896908
ct_w5_i4,5,evaluation,width2,19,256,sampled_diagonal_fisher,42,38,0.5125227487708902,0.44421269811134795,0.3907983421060559,0.9338629447393342,0.9260238464504023,4.152925363008388,2.8173569173961606,4.302327185896908
ct_w5_i4,5,evaluation,width2,19,256,sampled_two_block_fisher,42,38,0.5125227487708902,0.35145616309276273,0.24224907541720575,0.9338629447393342,0.9621093477224069,4.152925363008388,2.380508341912661,4.302327185896908
ct_w5_i4,5,evaluation,width2,19,256,sampled_star_fisher,42,38,0.5125227487708902,0.6098897280897104,0.5944727338116643,0.9338629447393342,0.7954423828579619,4.152925363008388,2.8173569173961606,4.302327185896908
ct_w5_i4,5,evaluation,width2,19,256,sampled_full_fisher,42,38,0.5125227487708902,0.7627851745405878,0.629361399552751,0.9338629447393342,0.6837478178779532,4.152925363008388,2.245201839927491,4.302327185896908
ct_w5_i4,5,evaluation,width2,19,256,protected_ray_star,42,38,0.5125227487708902,0.9334106946081873,0.9786879261299334,0.9338629447393342,0.43180688683187135,4.152925363008388,2.878708158316568,4.302327185896908
ct_w5_i4,5,evaluation,width2,42,256,sampled_adam,42,41,0.7679530726839137,0.23010598941979493,0.123229892391098,0.9563734494755504,0.9932571717185638,4.135980319547041,0.1296147878530467,4.6643182826848
ct_w5_i4,5,evaluation,width2,42,256,sampled_diagonal_fisher,42,41,0.7679530726839137,0.3595229914290306,0.26394759507927834,0.9563734494755504,0.9519093820855205,4.135980319547041,2.265030946211928,4.6643182826848
ct_w5_i4,5,evaluation,width2,42,256,sampled_two_block_fisher,42,41,0.7679530726839137,0.14073213788157435,0.011070953614437825,0.9563734494755504,1.0520162591790012,4.135980319547041,2.0533571160887982,4.6643182826848
ct_w5_i4,5,evaluation,width2,42,256,sampled_star_fisher,42,41,0.7679530726839137,0.7750802942803089,0.7414802221504654,0.9563734494755504,0.6688012036299753,4.135980319547041,2.2991488973663077,4.6643182826848
ct_w5_i4,5,evaluation,width2,42,256,sampled_full_fisher,42,41,0.7679530726839137,0.7583652032904886,0.6596032242720777,0.9563734494755504,0.6885905775079918,4.135980319547041,2.2184819555074355,4.6643182826848
ct_w5_i4,5,evaluation,width2,42,256,protected_ray_star,42,41,0.7679530726839137,0.9609448163368742,0.9785971614342946,0.9563734494755504,0.383064195226054,4.135980319547041,2.8789751579361442,4.6643182826848
ct_w5_i4,5,evaluation,width2,50,256,sampled_adam,42,41,0.7841802999718357,0.3489485902815534,0.36968961572935166,0.9610001714816593,0.989613926231375,4.1831463054029445,0.12961480862647667,4.0020773135870815
ct_w5_i4,5,evaluation,width2,50,256,sampled_diagonal_fisher,42,41,0.7841802999718357,0.33593059202856024,0.3177801624526118,0.9610001714816593,1.0005523546759936,4.1831463054029445,2.8173569173961606,4.0020773135870815
ct_w5_i4,5,evaluation,width2,50,256,sampled_two_block_fisher,42,41,0.7841802999718357,0.3233537588510067,0.23233640397517388,0.9610001714816593,0.9578414534436315,4.1831463054029445,1.9733493576317793,4.0020773135870815
ct_w5_i4,5,evaluation,width2,50,256,sampled_star_fisher,42,41,0.7841802999718357,0.5452646320624355,0.5234172760383496,0.9610001714816593,0.8480160810889421,4.1831463054029445,2.817356917396161,4.0020773135870815
ct_w5_i4,5,evaluation,width2,50,256,sampled_full_fisher,42,41,0.7841802999718357,0.8375576231126769,0.7834678284984378,0.9610001714816593,0.6092341980750591,4.1831463054029445,2.3759668292995073,4.0020773135870815
ct_w5_i4,5,evaluation,width2,50,256,protected_ray_star,42,41,0.7841802999718357,0.9447997574385304,0.9787960661285023,0.9610001714816593,0.41623577094817105,4.1831463054029445,2.8783901109654453,4.0020773135870815
ct_w5_i4,5,evaluation,width2,101,256,sampled_adam,42,41,0.8189756618525227,0.292133487605934,0.26015194995990304,0.9523264189812264,0.9913988497773808,4.1870589990403255,0.12961480767659214,4.059681404889648
ct_w5_i4,5,evaluation,width2,101,256,sampled_diagonal_fisher,42,41,0.8189756618525227,0.3952505617361623,0.36559294755985555,0.9523264189812264,0.959609786397752,4.1870589990403255,2.817356917396161,4.059681404889648
ct_w5_i4,5,evaluation,width2,101,256,sampled_two_block_fisher,42,41,0.8189756618525227,0.3333466500499118,0.21968750327122333,0.9523264189812264,0.9690926127053847,4.1870589990403255,2.334432544581515,4.059681404889648
ct_w5_i4,5,evaluation,width2,101,256,sampled_star_fisher,42,41,0.8189756618525227,0.6444837653684841,0.6745719431114809,0.9523264189812264,0.7649337476578815,4.1870589990403255,2.606475068753677,4.059681404889648
ct_w5_i4,5,evaluation,width2,101,256,sampled_full_fisher,42,41,0.8189756618525227,0.7865223739390418,0.7393683778910043,0.9523264189812264,0.6531531016020967,4.1870589990403255,2.4027745181631723,4.059681404889648
ct_w5_i4,5,evaluation,width2,101,256,protected_ray_star,42,41,0.8189756618525227,0.929167853071566,0.9784046857457767,0.9523264189812264,0.4415225595645821,4.1870589990403255,2.8795415214601783,4.059681404889648
ct_w5_i4,5,evaluation,width3,0,256,sampled_adam,48,44,0.514305772181667,0.2257920172237826,0.1877351610054028,0.9911376878138666,0.9946609628147457,5.55087119885765,0.13856402306082696,3.7923220771167347
ct_w5_i4,5,evaluation,width3,0,256,sampled_diagonal_fisher,48,44,0.514305772181667,0.30375597630018425,0.27528758737643727,0.9911376878138666,0.9655076547298495,5.55087119885765,2.5544753002747616,3.7923220771167347
ct_w5_i4,5,evaluation,width3,0,256,sampled_two_block_fisher,48,44,0.514305772181667,0.3812778529175054,0.3379569821280977,0.9911376878138666,0.9253038393763944,5.55087119885765,1.897182667614623,3.7923220771167347
ct_w5_i4,5,evaluation,width3,0,256,sampled_star_fisher,48,44,0.514305772181667,0.5233009156071232,0.5104541459075141,0.9911376878138666,0.8589437815790814,5.55087119885765,2.3062008487927663,3.7923220771167347
ct_w5_i4,5,evaluation,width3,0,256,sampled_full_fisher,48,44,0.514305772181667,0.6477933739377327,0.6392888705798511,0.9911376878138666,0.8042130068019233,5.55087119885765,2.165513972119045,3.7923220771167347
ct_w5_i4,5,evaluation,width3,0,256,protected_ray_star,48,44,0.514305772181667,0.9708459138897327,0.9790577535746756,0.9911376878138666,0.5013491036240949,5.55087119885765,2.944811619274708,3.7923220771167347
ct_w5_i4,5,evaluation,width3,19,256,sampled_adam,48,48,0.42762274040922665,0.20873615846680454,0.2127662150862175,0.9935599590740456,0.9951413658519117,5.614706106715394,0.1385640462402091,4.374691463111654
ct_w5_i4,5,evaluation,width3,19,256,sampled_diagonal_fisher,48,48,0.42762274040922665,0.3826814661427186,0.37501143103239626,0.9935599590740456,0.9242633854646564,5.614706106715394,2.298032106900616,4.374691463111654
ct_w5_i4,5,evaluation,width3,19,256,sampled_two_block_fisher,48,48,0.42762274040922665,0.5616429806549644,0.5425828418812022,0.9935599590740456,0.8503882937940341,5.614706106715394,2.050301427432434,4.374691463111654
ct_w5_i4,5,evaluation,width3,19,256,sampled_star_fisher,48,48,0.42762274040922665,0.6544700301289277,0.6413682551871006,0.9935599590740456,0.7912662174768947,5.614706106715394,2.364693509292992,4.374691463111654
ct_w5_i4,5,evaluation,width3,19,256,sampled_full_fisher,48,48,0.42762274040922665,0.8707460672828956,0.8510583245782212,0.9935599590740456,0.607805421738421,5.614706106715394,2.883140648667699,4.374691463111654
ct_w5_i4,5,evaluation,width3,19,256,protected_ray_star,48,48,0.42762274040922665,0.9758992551711516,0.9787983617144276,0.9935599590740456,0.5012712050475232,5.614706106715394,2.945592025325516,4.374691463111654
ct_w5_i4,5,evaluation,width3,42,256,sampled_adam,48,48,0.4047642546861743,0.1641668828538176,0.16270404647679398,0.9952089888599662,0.9962352042490631,5.597148938645917,0.13856395553046236,4.752232959800443
ct_w5_i4,5,evaluation,width3,42,256,sampled_diagonal_fisher,48,48,0.4047642546861743,0.32296653652807866,0.32378294613311887,0.9952089888599662,0.9467826504442403,5.597148938645917,1.6591013752144192,4.752232959800443
ct_w5_i4,5,evaluation,width3,42,256,sampled_two_block_fisher,48,48,0.4047642546861743,0.4911484457699487,0.4916866177331181,0.9952089888599662,0.8967523127121549,5.597148938645917,1.5565426099960438,4.752232959800443
ct_w5_i4,5,evaluation,width3,42,256,sampled_star_fisher,48,48,0.4047642546861743,0.7080925203492676,0.7003312955728969,0.9952089888599662,0.7684776260556504,5.597148938645917,2.2660347914269736,4.752232959800443
ct_w5_i4,5,evaluation,width3,42,256,sampled_full_fisher,48,48,0.4047642546861743,0.9107091099720412,0.90648772819821,0.9952089888599662,0.5719340221850359,5.597148938645917,2.883140648667699,4.752232959800443
ct_w5_i4,5,evaluation,width3,42,256,protected_ray_star,48,48,0.4047642546861743,0.9730119004680162,0.9771855193921481,0.9952089888599662,0.5020497529221978,5.597148938645917,2.9504537177967367,4.752232959800443
ct_w5_i4,5,evaluation,width3,50,256,sampled_adam,48,48,0.5583145691166724,0.2794527530816348,0.28786003765705387,0.9905815788055903,0.9932230725893356,5.4735585560501505,0.1385640438767874,4.027413980288863
ct_w5_i4,5,evaluation,width3,50,256,sampled_diagonal_fisher,48,48,0.5583145691166724,0.2761734714799588,0.2790548565004098,0.9905815788055903,0.9618270524863239,5.4735585560501505,1.715211039781092,4.027413980288863
ct_w5_i4,5,evaluation,width3,50,256,sampled_two_block_fisher,48,48,0.5583145691166724,0.4448686443347972,0.42945560855407433,0.9905815788055903,0.9054221957512337,5.4735585560501505,1.706857156219482,4.027413980288863
ct_w5_i4,5,evaluation,width3,50,256,sampled_star_fisher,48,48,0.5583145691166724,0.5497133349539779,0.5523125167847619,0.9905815788055903,0.8598157548488403,5.4735585560501505,1.8942710310342519,4.027413980288863
ct_w5_i4,5,evaluation,width3,50,256,sampled_full_fisher,48,48,0.5583145691166724,0.7971198973704884,0.7883471942227519,0.9905815788055903,0.7275856493599906,5.4735585560501505,2.141188384065095,4.027413980288863
ct_w5_i4,5,evaluation,width3,50,256,protected_ray_star,48,48,0.5583145691166724,0.969304052339238,0.9786869872431435,0.9905815788055903,0.49627736091791225,5.4735585560501505,2.9459272333733564,4.027413980288863
ct_w5_i4,5,evaluation,width3,101,256,sampled_adam,48,42,0.3428920604152292,0.31699451491298614,0.312891288335186,0.9928371845096386,0.9926535950144005,5.773869744583386,0.1385640413737709,4.362602531567635
ct_w5_i4,5,evaluation,width3,101,256,sampled_diagonal_fisher,48,42,0.3428920604152292,0.22664628569926265,0.21709378413555383,0.9928371845096386,0.989715022013891,5.773869744583386,2.323651472293156,4.362602531567635
ct_w5_i4,5,evaluation,width3,101,256,sampled_two_block_fisher,48,42,0.3428920604152292,0.33095076810291163,0.3305023765288895,0.9928371845096386,0.9440785848159788,5.773869744583386,2.0754761209122568,4.362602531567635
ct_w5_i4,5,evaluation,width3,101,256,sampled_star_fisher,48,42,0.3428920604152292,0.5595310569357997,0.5535060162759637,0.9928371845096386,0.8473143633311427,5.773869744583386,2.2137920633811405,4.362602531567635
ct_w5_i4,5,evaluation,width3,101,256,sampled_full_fisher,48,42,0.3428920604152292,0.5682545888758951,0.5954945897109885,0.9928371845096386,0.8371328572685186,5.773869744583386,2.392063924218577,4.362602531567635
ct_w5_i4,5,evaluation,width3,101,256,protected_ray_star,48,42,0.3428920604152292,0.9668391234991973,0.9784462330883038,0.9928371845096386,0.5230785040514215,5.773869744583386,2.9466521012274143,4.362602531567635
ct_w5_i5,5,evaluation,chain,0,256,sampled_adam,31,28,2.0374020679008504,0.6312814907508509,-0.5288485328550498,-0.805476532907659,0.973704630495866,2.6176855478229477,0.11135526480905672,8.721432019804407
ct_w5_i5,5,evaluation,chain,0,256,sampled_diagonal_fisher,31,28,2.0374020679008504,0.7252458017522335,-0.6026050436796395,-0.805476532907659,0.7213869653727654,2.6176855478229477,2.4622144504490255,8.721432019804407
ct_w5_i5,5,evaluation,chain,0,256,sampled_two_block_fisher,31,28,2.0374020679008504,0.7934099907442307,-0.6925764819742608,-0.805476532907659,0.6262329198249347,2.6176855478229477,2.4622144504490255,8.721432019804407
ct_w5_i5,5,evaluation,chain,0,256,sampled_star_fisher,31,28,2.0374020679008504,0.36232007473084443,-0.12971919651357716,-0.805476532907659,1.0968775763779668,2.6176855478229477,2.462214450449026,8.721432019804407
ct_w5_i5,5,evaluation,chain,0,256,sampled_full_fisher,31,28,2.0374020679008504,0.7359168269311731,-0.4954943378783862,-0.805476532907659,0.702758967755071,2.6176855478229477,2.419217639222485,8.721432019804407
ct_w5_i5,5,evaluation,chain,0,256,protected_ray_star,31,28,2.0374020679008504,0.8134040365826829,-0.9808238822451278,-0.805476532907659,0.5996426113813763,2.6176855478229477,2.5103532805634408,8.721432019804407
ct_w5_i5,5,evaluation,chain,19,256,sampled_adam,31,26,2.0049638416927524,0.6063783573512466,-0.5375903928699343,-0.8209156163936046,0.9765895030619928,2.77766342061978,0.10954450774926872,9.113937247543257
ct_w5_i5,5,evaluation,chain,19,256,sampled_diagonal_fisher,31,26,2.0049638416927524,0.7016653843241439,-0.6070118356749309,-0.8209156163936046,0.7360740568787766,2.77766342061978,2.462214450449026,9.113937247543257
ct_w5_i5,5,evaluation,chain,19,256,sampled_two_block_fisher,31,26,2.0049638416927524,0.732761078663859,-0.6900395691098582,-0.8209156163936046,0.6976220142185492,2.77766342061978,2.462214450449026,9.113937247543257
ct_w5_i5,5,evaluation,chain,19,256,sampled_star_fisher,31,26,2.0049638416927524,0.42159341224113456,-0.14085237178028492,-0.8209156163936046,1.0189874795988454,2.77766342061978,2.462214450449026,9.113937247543257
ct_w5_i5,5,evaluation,chain,19,256,sampled_full_fisher,31,26,2.0049638416927524,0.7565827617170499,-0.6301457089339728,-0.8209156163936046,0.6666661755665596,2.77766342061978,2.462214450449026,9.113937247543257
ct_w5_i5,5,evaluation,chain,19,256,protected_ray_star,31,26,2.0049638416927524,0.7952324860616692,-0.9816092241031559,-0.8209156163936046,0.6158149389930824,2.77766342061978,2.5083448586158315,9.113937247543257
ct_w5_i5,5,evaluation,chain,42,256,sampled_adam,31,27,2.3051521223953992,0.6317766736424506,-0.6017932353915633,-0.7888903644895499,0.9740047893290793,2.650811023252449,0.11135525466672248,8.613022150048103
ct_w5_i5,5,evaluation,chain,42,256,sampled_diagonal_fisher,31,27,2.3051521223953992,0.8489823939703331,-0.7346207952888955,-0.7888903644895499,0.5344232866908977,2.650811023252449,2.462214450449026,8.613022150048103
ct_w5_i5,5,evaluation,chain,42,256,sampled_two_block_fisher,31,27,2.3051521223953992,0.8843536855161719,-0.7395932313991578,-0.7888903644895499,0.46893365277260973,2.650811023252449,2.4622144504490255,8.613022150048103
ct_w5_i5,5,evaluation,chain,42,256,sampled_star_fisher,31,27,2.3051521223953992,0.6813718359163833,-0.3760943658918598,-0.7888903644895499,0.7726444684280652,2.650811023252449,2.4622144504490264,8.613022150048103
ct_w5_i5,5,evaluation,chain,42,256,sampled_full_fisher,31,27,2.3051521223953992,0.9385931327282178,-0.6757950047691239,-0.7888903644895499,0.34516343431877083,2.650811023252449,2.4622144504490255,8.613022150048103
ct_w5_i5,5,evaluation,chain,42,256,protected_ray_star,31,27,2.3051521223953992,0.7809234911084723,-0.9823748211216159,-0.7888903644895499,0.6459488476096588,2.650811023252449,2.5063900229423832,8.613022150048103
ct_w5_i5,5,evaluation,chain,50,256,sampled_adam,31,27,2.312053993588852,0.685759793081833,-0.5653207855029861,-0.7799226701590308,0.9707799641900031,2.568282942646358,0.11135527415014876,8.519088954569497
ct_w5_i5,5,evaluation,chain,50,256,sampled_diagonal_fisher,31,27,2.312053993588852,0.7455712359881481,-0.6339851414474784,-0.7799226701590308,0.6996768300880802,2.568282942646358,2.462214450449026,8.519088954569497
ct_w5_i5,5,evaluation,chain,50,256,sampled_two_block_fisher,31,27,2.312053993588852,0.7977386655548828,-0.7084053271631876,-0.7799226701590308,0.624116793863672,2.568282942646358,2.462214450449026,8.519088954569497
ct_w5_i5,5,evaluation,chain,50,256,sampled_star_fisher,31,27,2.312053993588852,0.4524765005202795,-0.13320629541448373,-0.7799226701590308,1.0254403327417816,2.568282942646358,2.462214450449026,8.519088954569497
ct_w5_i5,5,evaluation,chain,50,256,sampled_full_fisher,31,27,2.312053993588852,0.7547002313887765,-0.5599586855427974,-0.7799226701590308,0.6760326793399916,2.568282942646358,2.3570999137414064,8.519088954569497
ct_w5_i5,5,evaluation,chain,50,256,protected_ray_star,31,27,2.312053993588852,0.7769747008494553,-0.9833900178581098,-0.7799226701590308,0.6599107508706972,2.568282942646358,2.5038025663631376,8.519088954569497
ct_w5_i5,5,evaluation,chain,101,256,sampled_adam,31,26,1.8782159153465765,0.6813271531723392,-0.6017930845365868,-0.8379123792244942,0.9744857789968177,2.9279704537713154,0.11135527734104947,8.921319299645965
ct_w5_i5,5,evaluation,chain,101,256,sampled_diagonal_fisher,31,26,1.8782159153465765,0.7532854464044789,-0.6422173017784366,-0.8379123792244942,0.6635076336522525,2.9279704537713154,2.462214450449026,8.921319299645965
ct_w5_i5,5,evaluation,chain,101,256,sampled_two_block_fisher,31,26,1.8782159153465765,0.8697519909529675,-0.7418385656137545,-0.8379123792244942,0.49433010740999095,2.9279704537713154,2.462214450449027,8.921319299645965
ct_w5_i5,5,evaluation,chain,101,256,sampled_star_fisher,31,26,1.8782159153465765,0.4267849596396154,-0.17187182860678077,-0.8379123792244942,0.9946706257657292,2.9279704537713154,2.4622144504490255,8.921319299645965
ct_w5_i5,5,evaluation,chain,101,256,sampled_full_fisher,31,26,1.8782159153465765,0.9028373245356384,-0.7696215067416703,-0.8379123792244942,0.43441620658994023,2.9279704537713154,2.462214450449026,8.921319299645965
ct_w5_i5,5,evaluation,chain,101,256,protected_ray_star,31,26,1.8782159153465765,0.8225463956642837,-0.9818694403385996,-0.8379123792244942,0.5697081181826766,2.9279704537713154,2.507680094005092,8.921319299645965
ct_w5_i5,5,evaluation,problem_tree,0,256,sampled_adam,31,31,0.8253746996767709,0.4348675119108475,0.3306801470929422,0.8358564463720481,0.9833973594192618,2.8069546533464886,0.1113552790459258,4.316066021282319
ct_w5_i5,5,evaluation,problem_tree,0,256,sampled_diagonal_fisher,31,31,0.8253746996767709,0.4640768858951302,0.30601512561566574,0.8358564463720481,1.0188500665155662,2.8069546533464886,2.715695122800054,4.316066021282319
ct_w5_i5,5,evaluation,problem_tree,0,256,sampled_two_block_fisher,31,31,0.8253746996767709,0.2169407504314335,-0.04680227921784189,0.8358564463720481,1.1520045012167288,2.8069546533464886,2.3259587771031267,4.316066021282319
ct_w5_i5,5,evaluation,problem_tree,0,256,sampled_star_fisher,31,31,0.8253746996767709,0.7337853337487703,0.6012115980930115,0.8358564463720481,0.6941972573537211,2.8069546533464886,2.4601312159795836,4.316066021282319
ct_w5_i5,5,evaluation,problem_tree,0,256,sampled_full_fisher,31,31,0.8253746996767709,0.807124956510068,0.6285596878404854,0.8358564463720481,0.5914537989249268,2.8069546533464886,2.1655988433294544,4.316066021282319
ct_w5_i5,5,evaluation,problem_tree,0,256,protected_ray_star,31,31,0.8253746996767709,0.8740358099040704,0.9736476755959347,0.8358564463720481,0.486145513624757,2.8069546533464886,2.406741400898806,4.316066021282319
ct_w5_i5,5,evaluation,problem_tree,19,256,sampled_adam,31,28,0.9615117857500725,0.29434889236621564,0.06613621867488702,0.8708945162991953,0.9891773129839843,2.842410712687037,0.11135527368362248,5.313884772114282
ct_w5_i5,5,evaluation,problem_tree,19,256,sampled_diagonal_fisher,31,28,0.9615117857500725,0.4347287032357264,0.17201193629656866,0.8708945162991953,1.04025479760029,2.842410712687037,2.715695122800054,5.313884772114282
ct_w5_i5,5,evaluation,problem_tree,19,256,sampled_two_block_fisher,31,28,0.9615117857500725,0.16225414201800512,-0.197086705272706,0.8708945162991953,1.2660115157628424,2.842410712687037,2.715695122800054,5.313884772114282
ct_w5_i5,5,evaluation,problem_tree,19,256,sampled_star_fisher,31,28,0.9615117857500725,0.7707055534829551,0.6525637272198368,0.8708945162991953,0.6621191691483072,2.842410712687037,2.7022075616493364,5.313884772114282
ct_w5_i5,5,evaluation,problem_tree,19,256,sampled_full_fisher,31,28,0.9615117857500725,0.5542531544947364,0.2571549378607772,0.8708945162991953,0.8490013977017203,2.842410712687037,2.051040815603734,5.313884772114282
ct_w5_i5,5,evaluation,problem_tree,19,256,protected_ray_star,31,28,0.9615117857500725,0.9015246506916695,0.9724438969596096,0.8708945162991953,0.43456998575452804,2.842410712687037,2.4488862158057367,5.313884772114282
ct_w5_i5,5,evaluation,problem_tree,42,256,sampled_adam,31,29,0.9075933458899443,0.36784240918719513,0.16534030213109105,0.7996865460495503,0.98634010902244,2.8594453959775668,0.111355263385529,4.300066215685508
ct_w5_i5,5,evaluation,problem_tree,42,256,sampled_diagonal_fisher,31,29,0.9075933458899443,0.4916586561854926,0.28310458579068815,0.7996865460495503,0.9839203293433917,2.8594453959775668,2.715695122800054,4.300066215685508
ct_w5_i5,5,evaluation,problem_tree,42,256,sampled_two_block_fisher,31,29,0.9075933458899443,0.256800731671948,-0.08172290279693824,0.7996865460495503,1.112172606178682,2.8594453959775668,2.3079759041439605,4.300066215685508
ct_w5_i5,5,evaluation,problem_tree,42,256,sampled_star_fisher,31,29,0.9075933458899443,0.710757712909922,0.5948050490577552,0.7996865460495503,0.7290860095573496,2.8594453959775668,2.5804841432230368,4.300066215685508
ct_w5_i5,5,evaluation,problem_tree,42,256,sampled_full_fisher,31,29,0.9075933458899443,0.8197195584813276,0.546349802976053,0.7996865460495503,0.5785025829851134,2.8594453959775668,2.1115459837577824,4.300066215685508
ct_w5_i5,5,evaluation,problem_tree,42,256,protected_ray_star,31,29,0.9075933458899443,0.8563770839112508,0.9766509588892515,0.7996865460495503,0.5163941494375147,2.8594453959775668,2.467865679807043,4.300066215685508
ct_w5_i5,5,evaluation,problem_tree,50,256,sampled_adam,31,29,0.75266775778601,0.44436703312721665,0.2314760896153432,0.8574732705406349,0.9828454909435571,2.7782664812277162,0.11135527752149077,4.258526715546411
ct_w5_i5,5,evaluation,problem_tree,50,256,sampled_diagonal_fisher,31,29,0.75266775778601,0.5026710274610364,0.2373961389976349,0.8574732705406349,0.9862878681397073,2.7782664812277162,2.715695122800054,4.258526715546411
ct_w5_i5,5,evaluation,problem_tree,50,256,sampled_two_block_fisher,31,29,0.75266775778601,0.21647985268297756,-0.12486554439217248,0.8574732705406349,1.1908949974405267,2.7782664812277162,2.496156210869891,4.258526715546411
ct_w5_i5,5,evaluation,problem_tree,50,256,sampled_star_fisher,31,29,0.75266775778601,0.7184548298158916,0.4992376870037453,0.8574732705406349,0.718601740531965,2.7782664812277162,2.497424882509665,4.258526715546411
ct_w5_i5,5,evaluation,problem_tree,50,256,sampled_full_fisher,31,29,0.75266775778601,0.7593831850577227,0.5386258593470232,0.8574732705406349,0.6532562089444427,2.7782664812277162,1.947614777720158,4.258526715546411
ct_w5_i5,5,evaluation,problem_tree,50,256,protected_ray_star,31,29,0.75266775778601,0.8903594195234421,0.975196505727205,0.8574732705406349,0.45529039773221197,2.7782664812277162,2.488679501647702,4.258526715546411
ct_w5_i5,5,evaluation,problem_tree,101,256,sampled_adam,31,30,0.7241357335886532,0.4091410565843441,0.16534041118903525,0.865716807232999,0.985311386783117,2.9820794745724757,0.1113552291394264,4.695961219620367
ct_w5_i5,5,evaluation,problem_tree,101,256,sampled_diagonal_fisher,31,30,0.7241357335886532,0.5107021812447646,0.22405771924854034,0.865716807232999,0.9224928489279937,2.9820794745724757,2.520101289939398,4.695961219620367
ct_w5_i5,5,evaluation,problem_tree,101,256,sampled_two_block_fisher,31,30,0.7241357335886532,0.3702065569196124,0.013197636634075053,0.865716807232999,1.0363293235118773,2.9820794745724757,2.4738975136921013,4.695961219620367
ct_w5_i5,5,evaluation,problem_tree,101,256,sampled_star_fisher,31,30,0.7241357335886532,0.6404972346242801,0.39829193519058276,0.865716807232999,0.8140991872824382,2.9820794745724757,2.7156951228000534,4.695961219620367
ct_w5_i5,5,evaluation,problem_tree,101,256,sampled_full_fisher,31,30,0.7241357335886532,0.7311498347432628,0.4403345729037947,0.865716807232999,0.6822171415148379,2.9820794745724757,2.1820046448692816,4.695961219620367
ct_w5_i5,5,evaluation,problem_tree,101,256,protected_ray_star,31,30,0.7241357335886532,0.9078102193310688,0.9781379257806303,0.865716807232999,0.4200232937745838,2.9820794745724757,2.7763928288873148,4.695961219620367
ct_w5_i5,5,evaluation,width2,0,256,sampled_adam,42,40,0.6414426617886154,0.24473809545664232,0.23095919679860563,0.9809407858231997,0.9937916052399547,4.845261565751269,0.1296143004349484,4.088832511255635
ct_w5_i5,5,evaluation,width2,0,256,sampled_diagonal_fisher,42,40,0.6414426617886154,0.3434333604058115,0.29740662149589536,0.9809407858231997,0.9553201316666712,4.845261565751269,2.511363978839238,4.088832511255635
ct_w5_i5,5,evaluation,width2,0,256,sampled_two_block_fisher,42,40,0.6414426617886154,0.28233695293742644,0.1989420041958775,0.9809407858231997,0.9734376745555141,4.845261565751269,2.1684925659423344,4.088832511255635
ct_w5_i5,5,evaluation,width2,0,256,sampled_star_fisher,42,40,0.6414426617886154,0.6393294709602861,0.5885808133901678,0.9809407858231997,0.7721200736702958,4.845261565751269,2.7581496472033358,4.088832511255635
ct_w5_i5,5,evaluation,width2,0,256,sampled_full_fisher,42,40,0.6414426617886154,0.7603753866262909,0.7386165757167441,0.9809407858231997,0.6881286038257295,4.845261565751269,2.5826081903038722,4.088832511255635
ct_w5_i5,5,evaluation,width2,0,256,protected_ray_star,42,40,0.6414426617886154,0.9741933148498034,0.9795431266604219,0.9809407858231997,0.4384848766077182,4.845261565751269,2.898753608307937,4.088832511255635
ct_w5_i5,5,evaluation,width2,19,256,sampled_adam,42,42,0.7298013315224303,0.40198847175983154,0.36681281686887535,0.9867520397062792,0.9899984006403217,5.0692013530490385,0.12961477314875813,4.479475065697724
ct_w5_i5,5,evaluation,width2,19,256,sampled_diagonal_fisher,42,42,0.7298013315224303,0.41417461023472935,0.3964184886912946,0.9867520397062792,0.9211071161720005,5.0692013530490385,1.383018937029609,4.479475065697724
ct_w5_i5,5,evaluation,width2,19,256,sampled_two_block_fisher,42,42,0.7298013315224303,0.5683496362072076,0.54192411120211,0.9867520397062792,0.8564948394923254,5.0692013530490385,1.675027221073694,4.479475065697724
ct_w5_i5,5,evaluation,width2,19,256,sampled_star_fisher,42,42,0.7298013315224303,0.7616442913462014,0.7315528794068098,0.9867520397062792,0.738277076146077,5.0692013530490385,2.067583620797488,4.479475065697724
ct_w5_i5,5,evaluation,width2,19,256,sampled_full_fisher,42,42,0.7298013315224303,0.8567658027796996,0.8350504871247731,0.9867520397062792,0.6070762349783285,5.0692013530490385,2.7194760751869036,4.479475065697724
ct_w5_i5,5,evaluation,width2,19,256,protected_ray_star,42,42,0.7298013315224303,0.972093554540402,0.97770379269337,0.9867520397062792,0.46301179935345843,5.0692013530490385,2.904206973645906,4.479475065697724
ct_w5_i5,5,evaluation,width2,42,256,sampled_adam,42,39,0.5488938311989476,0.28588509126043127,0.25812745959667227,0.9830784394873731,0.9927796613233073,4.912960581673904,0.12961479603294562,4.0512494194122475
ct_w5_i5,5,evaluation,width2,42,256,sampled_diagonal_fisher,42,39,0.5488938311989476,0.364737228412256,0.32302469137190143,0.9830784394873731,0.9317297430055149,4.912960581673904,1.9588038888094308,4.0512494194122475
ct_w5_i5,5,evaluation,width2,42,256,sampled_two_block_fisher,42,39,0.5488938311989476,0.4445434347598051,0.38460320302719575,0.9830784394873731,0.8985475758459905,4.912960581673904,1.8363959925426763,4.0512494194122475
ct_w5_i5,5,evaluation,width2,42,256,sampled_star_fisher,42,39,0.5488938311989476,0.6397495957070087,0.5863915672020048,0.9830784394873731,0.7906313614103901,4.912960581673904,2.2321442206472826,4.0512494194122475
ct_w5_i5,5,evaluation,width2,42,256,sampled_full_fisher,42,39,0.5488938311989476,0.7675058918933038,0.725095386304149,0.9830784394873731,0.686104255564834,4.912960581673904,2.569265287995039,4.0512494194122475
ct_w5_i5,5,evaluation,width2,42,256,protected_ray_star,42,39,0.5488938311989476,0.9739187000358559,0.9781623719269303,0.9830784394873731,0.44521956285887176,4.912960581673904,2.902845431793247,4.0512494194122475
ct_w5_i5,5,evaluation,width2,50,256,sampled_adam,42,40,0.760943531488351,0.36526543756907653,0.31246990207998704,0.972913228808335,0.9907248618184997,4.944128801086448,0.12961476595233112,4.04696139106489
ct_w5_i5,5,evaluation,width2,50,256,sampled_diagonal_fisher,42,40,0.760943531488351,0.3322412038725507,0.24888990595244784,0.972913228808335,0.9640856806643917,4.944128801086448,2.629556522588166,4.04696139106489
ct_w5_i5,5,evaluation,width2,50,256,sampled_two_block_fisher,42,40,0.760943531488351,0.3706716216495928,0.2361900704204343,0.972913228808335,0.9294402488319227,4.944128801086448,2.0079123584493526,4.04696139106489
ct_w5_i5,5,evaluation,width2,50,256,sampled_star_fisher,42,40,0.760943531488351,0.6352868060429603,0.5690324888813202,0.972913228808335,0.7861785526806859,4.944128801086448,2.413194220737951,4.04696139106489
ct_w5_i5,5,evaluation,width2,50,256,sampled_full_fisher,42,40,0.760943531488351,0.8068224740566151,0.7312002826748678,0.972913228808335,0.637084932129513,4.944128801086448,2.810300468098614,4.04696139106489
ct_w5_i5,5,evaluation,width2,50,256,protected_ray_star,42,40,0.760943531488351,0.9707059485889236,0.9797952153882943,0.972913228808335,0.4534448111923468,4.944128801086448,2.8980077962259263,4.04696139106489
ct_w5_i5,5,evaluation,width2,101,256,sampled_adam,42,39,0.6631571825124042,0.31026205148086317,0.2750067182092926,0.9767581412999025,0.9921864683804765,4.889614323662204,0.128062457201923,4.116374742859438
ct_w5_i5,5,evaluation,width2,101,256,sampled_diagonal_fisher,42,39,0.6631571825124042,0.38634110751477224,0.311643602464997,0.9767581412999025,0.9239978870170861,4.889614323662204,2.1582786453938323,4.116374742859438
ct_w5_i5,5,evaluation,width2,101,256,sampled_two_block_fisher,42,39,0.6631571825124042,0.5605581388540039,0.46404964356924144,0.9767581412999025,0.8330576001631854,4.889614323662204,2.2978592118204153,4.116374742859438
ct_w5_i5,5,evaluation,width2,101,256,sampled_star_fisher,42,39,0.6631571825124042,0.7011023609149079,0.6567366966604626,0.9767581412999025,0.7324006115737502,4.889614323662204,2.6105863358747774,4.116374742859438
ct_w5_i5,5,evaluation,width2,101,256,sampled_full_fisher,42,39,0.6631571825124042,0.7010337708883111,0.6335638192128493,0.9767581412999025,0.7236569649795787,4.889614323662204,2.826387034132745,4.116374742859438
ct_w5_i5,5,evaluation,width2,101,256,protected_ray_star,42,39,0.6631571825124042,0.9665808478289065,0.9776245781272693,0.9767581412999025,0.4522568048688775,4.889614323662204,2.9044422945455963,4.116374742859438
ct_w5_i5,5,evaluation,width3,0,256,sampled_adam,46,45,0.5571135252682238,0.22989603208630183,0.19177262973397832,0.9922487222762603,0.9944117161190877,5.283527208582445,0.13564658259538204,4.007661913080824
ct_w5_i5,5,evaluation,width3,0,256,sampled_diagonal_fisher,46,45,0.5571135252682238,0.2986336961848203,0.2645878926549575,0.9922487222762603,0.95895088870306,5.283527208582445,2.0726012120380406,4.007661913080824
ct_w5_i5,5,evaluation,width3,0,256,sampled_two_block_fisher,46,45,0.5571135252682238,0.32315566510106125,0.27010894449656225,0.9922487222762603,0.9463794477050349,5.283527208582445,1.7495518885726908,4.007661913080824
ct_w5_i5,5,evaluation,width3,0,256,sampled_star_fisher,46,45,0.5571135252682238,0.7056199678843064,0.6836900223773977,0.9922487222762603,0.7552724413024672,5.283527208582445,2.3469872501003834,4.007661913080824
ct_w5_i5,5,evaluation,width3,0,256,sampled_full_fisher,46,45,0.5571135252682238,0.8407714323873736,0.8125025403971665,0.9922487222762603,0.6556042123372116,5.283527208582445,2.4886658264515904,4.007661913080824
ct_w5_i5,5,evaluation,width3,0,256,protected_ray_star,46,45,0.5571135252682238,0.9778317890859708,0.9795491279401464,0.9922487222762603,0.46997778688523695,5.283527208582445,2.9433344039931284,4.007661913080824
ct_w5_i5,5,evaluation,width3,19,256,sampled_adam,46,43,0.543526323316866,0.2753190677101687,0.2684814891812989,0.9894161071080185,0.9932367522869221,5.282257475040514,0.1356465626992252,4.503248346599066
ct_w5_i5,5,evaluation,width3,19,256,sampled_diagonal_fisher,46,43,0.543526323316866,0.28191737375300263,0.2559387201910132,0.9894161071080185,0.9601915416229978,5.282257475040514,1.6899694804458625,4.503248346599066
ct_w5_i5,5,evaluation,width3,19,256,sampled_two_block_fisher,46,43,0.543526323316866,0.4705857014002005,0.4286247656374308,0.9894161071080185,0.8862624707905593,5.282257475040514,2.04659399157554,4.503248346599066
ct_w5_i5,5,evaluation,width3,19,256,sampled_star_fisher,46,43,0.543526323316866,0.7179123560838032,0.6952464561036037,0.9894161071080185,0.7546537277669206,5.282257475040514,2.2530709896004493,4.503248346599066
ct_w5_i5,5,evaluation,width3,19,256,sampled_full_fisher,46,43,0.543526323316866,0.7675631667694183,0.7213531725004229,0.9894161071080185,0.6782467034677812,5.282257475040514,2.883140648667699,4.503248346599066
ct_w5_i5,5,evaluation,width3,19,256,protected_ray_star,46,43,0.543526323316866,0.976113919248172,0.97805799484107,0.9894161071080185,0.47113679423281846,5.282257475040514,2.9478217691336344,4.503248346599066
ct_w5_i5,5,evaluation,width3,42,256,sampled_adam,46,45,0.4614868141489581,0.35783755918966853,0.3707603261339649,0.9886409009938427,0.9908568309002269,5.136403388990306,0.1356465931685329,3.2313359118230895
ct_w5_i5,5,evaluation,width3,42,256,sampled_diagonal_fisher,46,45,0.4614868141489581,0.3380952509221648,0.3525823097401465,0.9886409009938427,0.9672221517021591,5.136403388990306,2.883140648667699,3.2313359118230895
ct_w5_i5,5,evaluation,width3,42,256,sampled_two_block_fisher,46,45,0.4614868141489581,0.6100194875896563,0.5976166818010326,0.9886409009938427,0.830830145778966,5.136403388990306,1.8502072402148595,3.2313359118230895
ct_w5_i5,5,evaluation,width3,42,256,sampled_star_fisher,46,45,0.4614868141489581,0.4941041481688309,0.49588113669869566,0.9886409009938427,0.8697485855278606,5.136403388990306,2.411944195932127,3.2313359118230895
ct_w5_i5,5,evaluation,width3,42,256,sampled_full_fisher,46,45,0.4614868141489581,0.8037047582333211,0.7781812162489732,0.9886409009938427,0.6547480148835407,5.136403388990306,2.724904661879284,3.2313359118230895
ct_w5_i5,5,evaluation,width3,42,256,protected_ray_star,46,45,0.4614868141489581,0.9731494113775392,0.9793067105673685,0.9886409009938427,0.46147478446763135,5.136403388990306,2.9440629963592615,3.2313359118230895
ct_w5_i5,5,evaluation,width3,50,256,sampled_adam,46,45,0.9168616688077238,0.22376457731134927,0.19177260876125984,0.9873329527991558,0.9944957127254134,5.207796664374673,0.13564658008019986,3.938772632254677
ct_w5_i5,5,evaluation,width3,50,256,sampled_diagonal_fisher,46,45,0.9168616688077238,0.3246707169426233,0.2949421749211838,0.9873329527991558,0.9461212191232758,5.207796664374673,1.8136652175970724,3.938772632254677
ct_w5_i5,5,evaluation,width3,50,256,sampled_two_block_fisher,46,45,0.9168616688077238,0.27924159584634733,0.2476523328291654,0.9873329527991558,0.9621772681602404,5.207796664374673,1.7736104385917357,3.938772632254677
ct_w5_i5,5,evaluation,width3,50,256,sampled_star_fisher,46,45,0.9168616688077238,0.7636515541790478,0.7346686134011512,0.9873329527991558,0.722590242933938,5.207796664374673,2.287011153376553,3.938772632254677
ct_w5_i5,5,evaluation,width3,50,256,sampled_full_fisher,46,45,0.9168616688077238,0.9015383641029242,0.868712088012758,0.9873329527991558,0.6117763525005036,5.207796664374673,2.442743863956869,3.938772632254677
ct_w5_i5,5,evaluation,width3,50,256,protected_ray_star,46,45,0.9168616688077238,0.9791291811525331,0.9791786835708703,0.9873329527991558,0.46096017803895206,5.207796664374673,2.9444479307427898,3.938772632254677
ct_w5_i5,5,evaluation,width3,101,256,sampled_adam,46,46,0.4305488667434623,0.21076537164041814,0.24291197640569834,0.989538838683166,0.9948209535689623,5.191516983024311,0.13564659122901532,3.4651013712779495
ct_w5_i5,5,evaluation,width3,101,256,sampled_diagonal_fisher,46,46,0.4305488667434623,0.3447077097561562,0.3722963243419803,0.989538838683166,0.9620547495261439,5.191516983024311,2.883140648667699,3.4651013712779495
ct_w5_i5,5,evaluation,width3,101,256,sampled_two_block_fisher,46,46,0.4305488667434623,0.629966974558894,0.6325259981678023,0.989538838683166,0.8026067986981367,5.191516983024311,2.218819976109094,3.4651013712779495
ct_w5_i5,5,evaluation,width3,101,256,sampled_star_fisher,46,46,0.4305488667434623,0.6087872638717756,0.6173453277209227,0.989538838683166,0.7965682756103054,5.191516983024311,2.788223067872446,3.4651013712779495
ct_w5_i5,5,evaluation,width3,101,256,sampled_full_fisher,46,46,0.4305488667434623,0.8910227066606967,0.8695276280973032,0.989538838683166,0.5645800244010167,5.191516983024311,2.8831406486676987,3.4651013712779495
ct_w5_i5,5,evaluation,width3,101,256,protected_ray_star,46,46,0.4305488667434623,0.971620436983754,0.9785523835471247,0.989538838683166,0.4682352359594525,5.191516983024311,2.946332457151338,3.4651013712779495
ct_w6_i1,6,calibration,chain,0,256,sampled_adam,31,24,2.147788088371665,0.667523432172542,-0.6436899498110351,-0.8317289463304417,0.9717798339760938,2.58552008944675,0.11135526712930192,8.517586159895046
ct_w6_i1,6,calibration,chain,0,256,sampled_diagonal_fisher,31,24,2.147788088371665,0.7363962582910953,-0.6370860620778844,-0.8317289463304417,0.7003200748692198,2.58552008944675,2.3717082451262845,8.517586159895046
ct_w6_i1,6,calibration,chain,0,256,sampled_two_block_fisher,31,24,2.147788088371665,0.8185217966113166,-0.761072606360801,-0.8317289463304417,0.5829065251068162,2.58552008944675,2.371708245126285,8.517586159895046
ct_w6_i1,6,calibration,chain,0,256,sampled_star_fisher,31,24,2.147788088371665,0.3353102960045016,-0.0030731247860164286,-0.8317289463304417,1.1073770013845565,2.58552008944675,2.3717082451262845,8.517586159895046
ct_w6_i1,6,calibration,chain,0,256,sampled_full_fisher,31,24,2.147788088371665,0.8135730191275782,-0.6913936358620902,-0.8317289463304417,0.5845248648167014,2.58552008944675,2.2580009725745254,8.517586159895046
ct_w6_i1,6,calibration,chain,0,256,protected_ray_star,31,24,2.147788088371665,0.8196800027024738,-0.981328614754239,-0.8317289463304417,0.5842666230017016,2.58552008944675,2.4168338816047346,8.517586159895046
ct_w6_i1,6,calibration,chain,19,256,sampled_adam,31,27,2.255085222959951,0.6972949989415465,-0.6436900663258078,-0.8502734262683953,0.9709006282727026,2.625400207954276,0.1113552823988856,8.93957385863966
ct_w6_i1,6,calibration,chain,19,256,sampled_diagonal_fisher,31,27,2.255085222959951,0.7694558944843247,-0.6791331337505724,-0.8502734262683953,0.6525876653378903,2.625400207954276,2.3717082451262845,8.93957385863966
ct_w6_i1,6,calibration,chain,19,256,sampled_two_block_fisher,31,27,2.255085222959951,0.8309377709310345,-0.7560254760940784,-0.8502734262683953,0.5610604904905782,2.625400207954276,2.3717082451262845,8.93957385863966
ct_w6_i1,6,calibration,chain,19,256,sampled_star_fisher,31,27,2.255085222959951,0.44266754721009655,-0.21120048176148526,-0.8502734262683953,1.0081132643889308,2.625400207954276,2.3717082451262845,8.93957385863966
ct_w6_i1,6,calibration,chain,19,256,sampled_full_fisher,31,27,2.255085222959951,0.8579027536304888,-0.7212921089457394,-0.8502734262683953,0.5158198830144477,2.625400207954276,2.371708245126284,8.93957385863966
ct_w6_i1,6,calibration,chain,19,256,protected_ray_star,31,27,2.255085222959951,0.8501428058219133,-0.97913155361789,-0.8502734262683953,0.5315173741901431,2.625400207954276,2.4222569851444633,8.93957385863966
ct_w6_i1,6,calibration,chain,42,256,sampled_adam,31,29,2.2272434221615045,0.6788915342916021,-0.6436900542465126,-0.8575126025438565,0.9710092187991821,2.5612915235029883,0.11135528043207193,8.569367332413824
ct_w6_i1,6,calibration,chain,42,256,sampled_diagonal_fisher,31,29,2.2272434221615045,0.7621920218663465,-0.6424873542384419,-0.8575126025438565,0.6677501582184692,2.5612915235029883,2.3717082451262845,8.569367332413824
ct_w6_i1,6,calibration,chain,42,256,sampled_two_block_fisher,31,29,2.2272434221615045,0.7939895943987128,-0.6671325117151443,-0.8575126025438565,0.6220951325719623,2.5612915235029883,2.3717082451262845,8.569367332413824
ct_w6_i1,6,calibration,chain,42,256,sampled_star_fisher,31,29,2.2272434221615045,0.4081942471356932,-0.086224951502588,-0.8575126025438565,1.0495146334126633,2.5612915235029883,2.3717082451262845,8.569367332413824
ct_w6_i1,6,calibration,chain,42,256,sampled_full_fisher,31,29,2.2272434221615045,0.7717247907100212,-0.5045339551588954,-0.8575126025438565,0.6503080494079613,2.5612915235029883,2.3246059353029542,8.569367332413824
ct_w6_i1,6,calibration,chain,42,256,protected_ray_star,31,29,2.2272434221615045,0.8628919931609081,-0.9812221326395364,-0.8575126025438565,0.5118082447606658,2.5612915235029883,2.41709615614384,8.569367332413824
ct_w6_i1,6,calibration,chain,50,256,sampled_adam,31,29,2.831548463872872,0.6253917714972379,-0.6436900626918923,-0.7965778146684536,0.9712997746304782,2.3693083030339457,0.11135528082894175,8.454759835913796
ct_w6_i1,6,calibration,chain,50,256,sampled_diagonal_fisher,31,29,2.831548463872872,0.7274645719755009,-0.6649033167667988,-0.7965778146684536,0.7386636584960271,2.3693083030339457,2.3717082451262845,8.454759835913796
ct_w6_i1,6,calibration,chain,50,256,sampled_two_block_fisher,31,29,2.831548463872872,0.8182363501469504,-0.7610329663378932,-0.7965778146684536,0.603238388392232,2.3693083030339457,2.371708245126284,8.454759835913796
ct_w6_i1,6,calibration,chain,50,256,sampled_star_fisher,31,29,2.831548463872872,0.3231782188404156,-0.03029059210372472,-0.7965778146684536,1.1307744974645424,2.3693083030339457,2.2321845990468727,8.454759835913796
ct_w6_i1,6,calibration,chain,50,256,sampled_full_fisher,31,29,2.831548463872872,0.846841369152802,-0.6428820636011666,-0.7965778146684536,0.5498354801548632,2.3693083030339457,2.3369392353051937,8.454759835913796
ct_w6_i1,6,calibration,chain,50,256,protected_ray_star,31,29,2.831548463872872,0.8209679834931508,-0.9825227708227054,-0.7965778146684536,0.6042819044237364,2.3693083030339457,2.413896466888354,8.454759835913796
ct_w6_i1,6,calibration,chain,101,256,sampled_adam,31,26,1.951931973073017,0.6526178975452424,-0.6058259632613144,-0.86746352605155,0.9741791232821584,2.763263389166832,0.11135527982759255,9.10769462751752
ct_w6_i1,6,calibration,chain,101,256,sampled_diagonal_fisher,31,26,1.951931973073017,0.794144682105024,-0.710272246717709,-0.86746352605155,0.6111056334075126,2.763263389166832,2.3717082451262845,9.10769462751752
ct_w6_i1,6,calibration,chain,101,256,sampled_two_block_fisher,31,26,1.951931973073017,0.8576063983167509,-0.778009148943937,-0.86746352605155,0.5143070544793067,2.763263389166832,2.371708245126285,9.10769462751752
ct_w6_i1,6,calibration,chain,101,256,sampled_star_fisher,31,26,1.951931973073017,0.6292171569518529,-0.4485532527596855,-0.86746352605155,0.8102867385675678,2.763263389166832,2.371708245126285,9.10769462751752
ct_w6_i1,6,calibration,chain,101,256,sampled_full_fisher,31,26,1.951931973073017,0.7997640619589098,-0.7071899803449206,-0.86746352605155,0.6031615626520868,2.763263389166832,2.3717082451262845,9.10769462751752
ct_w6_i1,6,calibration,chain,101,256,protected_ray_star,31,26,1.951931973073017,0.8577758018041238,-0.9809829161941522,-0.86746352605155,0.5143104438599128,2.763263389166832,2.4176855743091097,9.10769462751752
ct_w6_i1,6,calibration,problem_tree,0,256,sampled_adam,31,30,0.58507188190139,0.555731972399261,-0.017696971739470626,0.38280590307968393,0.9754538433197364,2.4479780369870494,0.11135527000764807,5.245389318808193
ct_w6_i1,6,calibration,problem_tree,0,256,sampled_diagonal_fisher,31,30,0.58507188190139,0.5579426180123546,-0.026763940400371708,0.38280590307968393,0.957953874755006,2.4479780369870494,2.5372228912730543,5.245389318808193
ct_w6_i1,6,calibration,problem_tree,0,256,sampled_two_block_fisher,31,30,0.58507188190139,0.4040793136238884,-0.37143936123833077,0.38280590307968393,1.1120345714147197,2.4479780369870494,2.5372228912730543,5.245389318808193
ct_w6_i1,6,calibration,problem_tree,0,256,sampled_star_fisher,31,30,0.58507188190139,0.7860963448205498,0.1488042308757952,0.38280590307968393,0.6668828781781236,2.4479780369870494,2.537222891273055,5.245389318808193
ct_w6_i1,6,calibration,problem_tree,0,256,sampled_full_fisher,31,30,0.58507188190139,0.8454223825223006,0.013677470415688911,0.38280590307968393,0.5353221075247021,2.4479780369870494,2.1581355315199757,5.245389318808193
ct_w6_i1,6,calibration,problem_tree,0,256,protected_ray_star,31,30,0.58507188190139,0.5770594406988231,0.9412114192748755,0.38280590307968393,0.819304045746462,2.4479780369870494,1.5723435516540616,5.245389318808193
ct_w6_i1,6,calibration,problem_tree,19,256,sampled_adam,31,28,1.65358620601882,0.41119179680466994,-0.1592728496932507,0.5164933844402705,0.9816219477336676,2.3709695590339455,0.11135524607245144,6.366567906537979
ct_w6_i1,6,calibration,problem_tree,19,256,sampled_diagonal_fisher,31,28,1.65358620601882,0.49364734136569427,-0.198359850367133,0.5164933844402705,0.9738005089924321,2.3709695590339455,2.209262337323746,6.366567906537979
ct_w6_i1,6,calibration,problem_tree,19,256,sampled_two_block_fisher,31,28,1.65358620601882,0.30166199525323123,-0.3795963933631567,0.5164933844402705,1.1162352931999686,2.3709695590339455,2.0915811548243304,6.366567906537979
ct_w6_i1,6,calibration,problem_tree,19,256,sampled_star_fisher,31,28,1.65358620601882,0.8429982845278978,0.2430884690987405,0.5164933844402705,0.5548320950745913,2.3709695590339455,2.3210771518142077,6.366567906537979
ct_w6_i1,6,calibration,problem_tree,19,256,sampled_full_fisher,31,28,1.65358620601882,0.6493131911334314,0.10501648445492719,0.5164933844402705,0.7642215018679912,2.3709695590339455,1.7175949931189107,6.366567906537979
ct_w6_i1,6,calibration,problem_tree,19,256,protected_ray_star,31,28,1.65358620601882,0.418212590493166,-0.41670499154822715,0.5164933844402705,0.9253626853291933,2.3709695590339455,0.5727868919829706,6.366567906537979
ct_w6_i1,6,calibration,problem_tree,42,256,sampled_adam,31,27,1.210935137997041,0.5596648939243741,0.08848515451820423,0.3486343966045194,0.9759277668754313,2.516905413724953,0.11135527307782474,5.269433723951943
ct_w6_i1,6,calibration,problem_tree,42,256,sampled_diagonal_fisher,31,27,1.210935137997041,0.649517630008679,0.016649557995314927,0.3486343966045194,0.8406475922300591,2.516905413724953,2.537222891273055,5.269433723951943
ct_w6_i1,6,calibration,problem_tree,42,256,sampled_two_block_fisher,31,27,1.210935137997041,0.49353646431313974,-0.33700689014964536,0.3486343966045194,1.010529065248573,2.516905413724953,2.537222891273055,5.269433723951943
ct_w6_i1,6,calibration,problem_tree,42,256,sampled_star_fisher,31,27,1.210935137997041,0.876115811217582,0.23279908199659982,0.3486343966045194,0.49983360004729405,2.516905413724953,2.537222891273055,5.269433723951943
ct_w6_i1,6,calibration,problem_tree,42,256,sampled_full_fisher,31,27,1.210935137997041,0.7320787884712546,-0.14678204931920688,0.3486343966045194,0.7350055260547765,2.516905413724953,2.537222891273054,5.269433723951943
ct_w6_i1,6,calibration,problem_tree,42,256,protected_ray_star,31,27,1.210935137997041,0.6254713226594794,0.8976555566575957,0.3486343966045194,0.7955769260291069,2.516905413724953,1.1830614048856798,5.269433723951943
ct_w6_i1,6,calibration,problem_tree,50,256,sampled_adam,31,30,0.7613708475175405,0.5076738717218149,0.19466744143072692,0.4422222696827698,0.9774939543451765,2.4255876320032566,0.11135526764194335,6.190185790214173
ct_w6_i1,6,calibration,problem_tree,50,256,sampled_diagonal_fisher,31,30,0.7613708475175405,0.5375050316288134,0.017493401935514463,0.4422222696827698,0.9847232545628017,2.4255876320032566,2.537222891273055,6.190185790214173
ct_w6_i1,6,calibration,problem_tree,50,256,sampled_two_block_fisher,31,30,0.7613708475175405,0.24236990720161208,-0.4891750315574326,0.4422222696827698,1.2598082148860381,2.4255876320032566,2.537222891273055,6.190185790214173
ct_w6_i1,6,calibration,problem_tree,50,256,sampled_star_fisher,31,30,0.7613708475175405,0.773293875150788,0.38183003535421484,0.4422222696827698,0.6902161305157075,2.4255876320032566,2.5372228912730543,6.190185790214173
ct_w6_i1,6,calibration,problem_tree,50,256,sampled_full_fisher,31,30,0.7613708475175405,0.7549514319066879,-0.045051666632754415,0.4422222696827698,0.6560886030936919,2.4255876320032566,1.87994971539861,6.190185790214173
ct_w6_i1,6,calibration,problem_tree,50,256,protected_ray_star,31,30,0.7613708475175405,0.6588696773720664,0.9183275447288907,0.4422222696827698,0.7593355992158378,2.4255876320032566,1.3472437029669608,6.190185790214173
ct_w6_i1,6,calibration,problem_tree,101,256,sampled_adam,31,29,0.9713284164748633,0.5183632625828101,0.12387929511599235,0.503510564707583,0.9783088496405324,2.5782055491080467,0.11135528088388355,5.072881858443662
ct_w6_i1,6,calibration,problem_tree,101,256,sampled_diagonal_fisher,31,29,0.9713284164748633,0.5547866970461242,0.1104904102046162,0.503510564707583,0.9362292631113833,2.5782055491080467,2.5372228912730543,5.072881858443662
ct_w6_i1,6,calibration,problem_tree,101,256,sampled_two_block_fisher,31,29,0.9713284164748633,0.45851149851912215,-0.23029384277256865,0.503510564707583,1.0324799689142874,2.5782055491080467,2.537222891273055,5.072881858443662
ct_w6_i1,6,calibration,problem_tree,101,256,sampled_star_fisher,31,29,0.9713284164748633,0.7621674109119682,0.32160292856356126,0.503510564707583,0.6843659642208159,2.5782055491080467,2.5372228912730552,5.072881858443662
ct_w6_i1,6,calibration,problem_tree,101,256,sampled_full_fisher,31,29,0.9713284164748633,0.8818562653129218,0.24574223048085225,0.503510564707583,0.4772816296035789,2.5782055491080467,2.464258464768558,5.072881858443662
ct_w6_i1,6,calibration,problem_tree,101,256,protected_ray_star,31,29,0.9713284164748633,0.6644914326424108,0.949114663604589,0.503510564707583,0.7474367971329596,2.5782055491080467,1.6757777713824453,5.072881858443662
ct_w6_i1,6,calibration,width2,0,256,sampled_adam,42,41,1.695903080557585,0.25543374878482755,0.23122933361417666,0.9070836545894778,0.9924999440296722,4.160791773941071,0.12961479551759594,4.5821587317528625
ct_w6_i1,6,calibration,width2,0,256,sampled_diagonal_fisher,42,41,1.695903080557585,0.34536552906603246,0.2075203092954696,0.9070836545894778,0.9443735915718692,4.160791773941071,1.8757323139822237,4.5821587317528625
ct_w6_i1,6,calibration,width2,0,256,sampled_two_block_fisher,42,41,1.695903080557585,0.49453200031948197,0.34981203431686486,0.9070836545894778,0.8714282417469714,4.160791773941071,1.796173430751297,4.5821587317528625
ct_w6_i1,6,calibration,width2,0,256,sampled_star_fisher,42,41,1.695903080557585,0.6759227960272318,0.520422943344189,0.9070836545894778,0.754074801525715,4.160791773941071,2.1479432110163383,4.5821587317528625
ct_w6_i1,6,calibration,width2,0,256,sampled_full_fisher,42,41,1.695903080557585,0.8642788022412772,0.7143892805474216,0.9070836545894778,0.5667786540487618,4.160791773941071,2.5093613800570878,4.5821587317528625
ct_w6_i1,6,calibration,width2,0,256,protected_ray_star,42,41,1.695903080557585,0.9338747198143522,0.9766007766488329,0.9070836545894778,0.4829645970409209,4.160791773941071,2.5349906788465475,4.5821587317528625
ct_w6_i1,6,calibration,width2,19,256,sampled_adam,42,41,1.7729671518057057,0.39624345432380675,0.3757477046611692,0.940724009493098,0.9877583369191391,4.0508295652254915,0.12961479529207842,4.7207108858532205
ct_w6_i1,6,calibration,width2,19,256,sampled_diagonal_fisher,42,41,1.7729671518057057,0.49251159957097845,0.4243928881422739,0.940724009493098,0.8717049975980444,4.0508295652254915,1.7950959485422024,4.7207108858532205
ct_w6_i1,6,calibration,width2,19,256,sampled_two_block_fisher,42,41,1.7729671518057057,0.6725239872295531,0.5916714272855271,0.940724009493098,0.7724384999593844,4.0508295652254915,1.8280506055124377,4.7207108858532205
ct_w6_i1,6,calibration,width2,19,256,sampled_star_fisher,42,41,1.7729671518057057,0.769934813283152,0.6920122337750043,0.940724009493098,0.6804430533073997,4.0508295652254915,2.1619665059530266,4.7207108858532205
ct_w6_i1,6,calibration,width2,19,256,sampled_full_fisher,42,41,1.7729671518057057,0.9077833895769672,0.8415219328025543,0.940724009493098,0.4876990804572942,4.0508295652254915,2.669269563007828,4.7207108858532205
ct_w6_i1,6,calibration,width2,19,256,protected_ray_star,42,41,1.7729671518057057,0.9484279646282908,0.9784630399486708,0.940724009493098,0.41964080132376136,4.0508295652254915,2.728022882854987,4.7207108858532205
ct_w6_i1,6,calibration,width2,42,256,sampled_adam,42,41,0.8459787398848373,0.256890853141827,0.20232564142337348,0.9489975994890744,0.9921799544506901,4.005365379429709,0.12961479721377367,4.225223085682174
ct_w6_i1,6,calibration,width2,42,256,sampled_diagonal_fisher,42,41,0.8459787398848373,0.4128937251930189,0.3665564282349091,0.9489975994890744,0.9313477367958368,4.005365379429709,2.4334470796722143,4.225223085682174
ct_w6_i1,6,calibration,width2,42,256,sampled_two_block_fisher,42,41,0.8459787398848373,0.38515101399790574,0.28204745491451555,0.9489975994890744,0.9302901269387764,4.005365379429709,2.0128708158265534,4.225223085682174
ct_w6_i1,6,calibration,width2,42,256,sampled_star_fisher,42,41,0.8459787398848373,0.671719536886414,0.646066656364932,0.9489975994890744,0.7493596726024053,4.005365379429709,2.238264982374534,4.225223085682174
ct_w6_i1,6,calibration,width2,42,256,sampled_full_fisher,42,41,0.8459787398848373,0.8385908332883034,0.7762886975276999,0.9489975994890744,0.6119383083169634,4.005365379429709,2.2423561973835784,4.225223085682174
ct_w6_i1,6,calibration,width2,42,256,protected_ray_star,42,41,0.8459787398848373,0.9477650084757763,0.9794104570262507,0.9489975994890744,0.41618233061707466,4.005365379429709,2.725383973449127,4.225223085682174
ct_w6_i1,6,calibration,width2,50,256,sampled_adam,42,38,0.9391103400000765,0.25824466374673793,0.14451837642719595,0.9286624984946069,0.9924130614328056,4.161578435823008,0.1296148014263527,5.438132815766234
ct_w6_i1,6,calibration,width2,50,256,sampled_diagonal_fisher,42,38,0.9391103400000765,0.269695567215826,0.14856336341021717,0.9286624984946069,0.9890155107939124,4.161578435823008,2.061137742618457,5.438132815766234
ct_w6_i1,6,calibration,width2,50,256,sampled_two_block_fisher,42,38,0.9391103400000765,0.2049800272232641,0.07236560899044094,0.9286624984946069,1.0152971318513255,4.161578435823008,1.9762432918264061,5.438132815766234
ct_w6_i1,6,calibration,width2,50,256,sampled_star_fisher,42,38,0.9391103400000765,0.7857941712873386,0.6776491774462715,0.9286624984946069,0.6536157705055852,4.161578435823008,2.390424833444228,5.438132815766234
ct_w6_i1,6,calibration,width2,50,256,sampled_full_fisher,42,38,0.9391103400000765,0.7252771414860847,0.6015356186536008,0.9286624984946069,0.7039752462339088,4.161578435823008,2.406558715003439,5.438132815766234
ct_w6_i1,6,calibration,width2,50,256,protected_ray_star,42,38,0.9391103400000765,0.9467591801444503,0.9785179311546086,0.9286624984946069,0.43414886590246526,4.161578435823008,2.7278698509471413,5.438132815766234
ct_w6_i1,6,calibration,width2,101,256,sampled_adam,42,41,0.7061715572426107,0.24755762309798043,0.1734219741891984,0.9328888854286677,0.993011611201561,4.328954724015497,0.12961480404629036,4.80926052420293
ct_w6_i1,6,calibration,width2,101,256,sampled_diagonal_fisher,42,41,0.7061715572426107,0.22441808003817393,0.16105148228547375,0.9328888854286677,1.0449846285550852,4.328954724015497,2.6048163978194436,4.80926052420293
ct_w6_i1,6,calibration,width2,101,256,sampled_two_block_fisher,42,41,0.7061715572426107,0.435091016640912,0.36616124615100765,0.9328888854286677,0.9048636196062326,4.328954724015497,1.494307786910787,4.80926052420293
ct_w6_i1,6,calibration,width2,101,256,sampled_star_fisher,42,41,0.7061715572426107,0.5569716512757201,0.48083868122484613,0.9328888854286677,0.8308893136552178,4.328954724015497,2.5166527425905496,4.80926052420293
ct_w6_i1,6,calibration,width2,101,256,sampled_full_fisher,42,41,0.7061715572426107,0.8703609736296669,0.7998952877221039,0.9328888854286677,0.5829064303690235,4.328954724015497,2.4173682361289957,4.80926052420293
ct_w6_i1,6,calibration,width2,101,256,protected_ray_star,42,41,0.7061715572426107,0.9365875596828567,0.9796248773006994,0.9328888854286677,0.4659909849868807,4.328954724015497,2.7247874414570292,4.80926052420293
ct_w6_i1,6,calibration,width3,0,256,sampled_adam,48,48,0.19594159698681418,0.29885829664754204,0.316227761580474,0.9859709975720129,0.992001672532836,4.955047891770718,0.138564058316175,3.609483427674819
ct_w6_i1,6,calibration,width3,0,256,sampled_diagonal_fisher,48,48,0.19594159698681418,0.3001900772695625,0.29934346887830177,0.9859709975720129,0.9867334388939933,4.955047891770718,2.7386127875258306,3.609483427674819
ct_w6_i1,6,calibration,width3,0,256,sampled_two_block_fisher,48,48,0.19594159698681418,0.5009330225843525,0.473048995131502,0.9859709975720129,0.8691801496136777,4.955047891770718,2.0854948188645572,3.609483427674819
ct_w6_i1,6,calibration,width3,0,256,sampled_star_fisher,48,48,0.19594159698681418,0.6599605297914882,0.6586413363050088,0.9859709975720129,0.7589194599269713,4.955047891770718,2.7386127875258306,3.609483427674819
ct_w6_i1,6,calibration,width3,0,256,sampled_full_fisher,48,48,0.19594159698681418,0.9122598928021115,0.8891142385429727,0.9859709975720129,0.5450424996512189,4.955047891770718,2.7386127875258306,3.609483427674819
ct_w6_i1,6,calibration,width3,0,256,protected_ray_star,48,48,0.19594159698681418,0.9629701175248222,0.9782297343870072,0.9859709975720129,0.48070316319250733,4.955047891770718,2.7995599512643525,3.609483427674819
ct_w6_i1,6,calibration,width3,19,256,sampled_adam,48,48,0.3046959794578072,0.3138477539892913,0.31622778394902445,0.9880559082681994,0.9914907962058266,4.901378827462758,0.13856405556735465,3.9866137263897663
ct_w6_i1,6,calibration,width3,19,256,sampled_diagonal_fisher,48,48,0.3046959794578072,0.3586407872203279,0.35247853289002223,0.9880559082681994,0.9546820508724293,4.901378827462758,2.7386127875258306,3.9866137263897663
ct_w6_i1,6,calibration,width3,19,256,sampled_two_block_fisher,48,48,0.3046959794578072,0.5586372664029253,0.5263060698913798,0.9880559082681994,0.8400240149849311,4.901378827462758,2.0857132503224043,3.9866137263897663
ct_w6_i1,6,calibration,width3,19,256,sampled_star_fisher,48,48,0.3046959794578072,0.48145878255799573,0.47831456743351436,0.9880559082681994,0.8798695038807656,4.901378827462758,2.7386127875258306,3.9866137263897663
ct_w6_i1,6,calibration,width3,19,256,sampled_full_fisher,48,48,0.3046959794578072,0.9318104208690172,0.9049811555453786,0.9880559082681994,0.5204886019253581,4.901378827462758,2.7386127875258306,3.9866137263897663
ct_w6_i1,6,calibration,width3,19,256,protected_ray_star,48,48,0.3046959794578072,0.9675701253462778,0.9789720121484232,0.9880559082681994,0.47040223654321833,4.901378827462758,2.7974372643358327,3.9866137263897663
ct_w6_i1,6,calibration,width3,42,256,sampled_adam,48,48,0.5502657922129289,0.23002115648948945,0.23717087517689928,0.9904229628471767,0.993975625014303,4.986038587936542,0.1385640476398643,4.414776529958017
ct_w6_i1,6,calibration,width3,42,256,sampled_diagonal_fisher,48,48,0.5502657922129289,0.361818797917314,0.3499324153095716,0.9904229628471767,0.933429126313713,4.986038587936542,2.0380559496393746,4.414776529958017
ct_w6_i1,6,calibration,width3,42,256,sampled_two_block_fisher,48,48,0.5502657922129289,0.5519803183423974,0.5108255304984597,0.9904229628471767,0.8388342988074019,4.986038587936542,2.2972549322145834,4.414776529958017
ct_w6_i1,6,calibration,width3,42,256,sampled_star_fisher,48,48,0.5502657922129289,0.679813849891948,0.6876395266791433,0.9904229628471767,0.7601124295107861,4.986038587936542,2.3933958279121703,4.414776529958017
ct_w6_i1,6,calibration,width3,42,256,sampled_full_fisher,48,48,0.5502657922129289,0.9052274104005013,0.8858505537289751,0.9904229628471767,0.5543273513368319,4.986038587936542,2.7386127875258306,4.414776529958017
ct_w6_i1,6,calibration,width3,42,256,protected_ray_star,48,48,0.5502657922129289,0.9683927774742357,0.9779714607201474,0.9904229628471767,0.477150862696486,4.986038587936542,2.8002992904406456,4.414776529958017
ct_w6_i1,6,calibration,width3,50,256,sampled_adam,48,46,0.5870744451089958,0.15947164722188192,0.10540935184242459,0.9833214222345837,0.9958365046988604,4.841121256101315,0.13856404915992487,4.7695416159668556
ct_w6_i1,6,calibration,width3,50,256,sampled_diagonal_fisher,48,46,0.5870744451089958,0.33697912517025147,0.2896542979603162,0.9833214222345837,0.946634919964628,4.841121256101315,2.1074781277734447,4.7695416159668556
ct_w6_i1,6,calibration,width3,50,256,sampled_two_block_fisher,48,46,0.5870744451089958,0.4470463054376013,0.3670502575251309,0.9833214222345837,0.8972047015793337,4.841121256101315,1.8278719524822893,4.7695416159668556
ct_w6_i1,6,calibration,width3,50,256,sampled_star_fisher,48,46,0.5870744451089958,0.6616458065849232,0.6025624214198284,0.9833214222345837,0.7755348949758818,4.841121256101315,2.244253310683916,4.7695416159668556
ct_w6_i1,6,calibration,width3,50,256,sampled_full_fisher,48,46,0.5870744451089958,0.8520862323860477,0.804763378409484,0.9833214222345837,0.5969398388648952,4.841121256101315,2.735489733655392,4.7695416159668556
ct_w6_i1,6,calibration,width3,50,256,protected_ray_star,48,46,0.5870744451089958,0.9762529974179873,0.9766416654388649,0.9833214222345837,0.4522820642536308,4.841121256101315,2.8041121779247495,4.7695416159668556
ct_w6_i1,6,calibration,width3,101,256,sampled_adam,48,47,0.3445324123550202,0.33425200029456825,0.3425800801244919,0.9891806562753668,0.9911381870406224,5.03347621785773,0.13856405106318856,4.375730243830761
ct_w6_i1,6,calibration,width3,101,256,sampled_diagonal_fisher,48,47,0.3445324123550202,0.27767609438189533,0.2798338433225866,0.9891806562753668,0.9954610565974915,5.03347621785773,2.710696939867229,4.375730243830761
ct_w6_i1,6,calibration,width3,101,256,sampled_two_block_fisher,48,47,0.3445324123550202,0.4385852070377977,0.426679869815629,0.9891806562753668,0.9027388911505602,5.03347621785773,1.7777101636604302,4.375730243830761
ct_w6_i1,6,calibration,width3,101,256,sampled_star_fisher,48,47,0.3445324123550202,0.5558158373898984,0.565097199136926,0.9891806562753668,0.8313882902893172,5.03347621785773,2.7386127875258306,4.375730243830761
ct_w6_i1,6,calibration,width3,101,256,sampled_full_fisher,48,47,0.3445324123550202,0.8800049477011416,0.8889720057104835,0.9891806562753668,0.5820226384542452,5.03347621785773,2.7362667195193615,4.375730243830761
ct_w6_i1,6,calibration,width3,101,256,protected_ray_star,48,47,0.3445324123550202,0.964748977446683,0.9782729033400531,0.9891806562753668,0.4860055507179421,5.03347621785773,2.7994364130658878,4.375730243830761
ct_w6_i2,6,evaluation,chain,0,256,sampled_adam,31,25,1.7115562044493913,0.6514080361698656,-0.4445906799651542,-0.6415315043458439,0.971965706095293,2.4945587313716797,0.10954449290272249,8.909784927699624
ct_w6_i2,6,evaluation,chain,0,256,sampled_diagonal_fisher,31,25,1.7115562044493913,0.7140915006676981,-0.4638348492600161,-0.6415315043458439,0.7853472876087672,2.4945587313716797,2.6692695630078274,8.909784927699624
ct_w6_i2,6,evaluation,chain,0,256,sampled_two_block_fisher,31,25,1.7115562044493913,0.7108213784456174,-0.6438388461416169,-0.6415315043458439,0.7897902659457956,2.4945587313716797,2.6692695630078274,8.909784927699624
ct_w6_i2,6,evaluation,chain,0,256,sampled_star_fisher,31,25,1.7115562044493913,0.4881387379298842,0.007172218065073385,-0.6415315043458439,1.0489641987061136,2.4945587313716797,2.669269563007828,8.909784927699624
ct_w6_i2,6,evaluation,chain,0,256,sampled_full_fisher,31,25,1.7115562044493913,0.650836361817687,-0.5194231917535488,-0.6415315043458439,0.867260636054097,2.4945587313716797,2.6692695630078282,8.909784927699624
ct_w6_i2,6,evaluation,chain,0,256,protected_ray_star,31,25,1.7115562044493913,0.5895583166865515,-0.9822107241408322,-0.6415315043458439,0.949883886083719,2.4945587313716797,2.7176139471931693,8.909784927699624
ct_w6_i2,6,evaluation,chain,19,256,sampled_adam,31,27,1.857840893215912,0.7071910261358804,-0.5046473337826279,-0.6741060727043768,0.9714174379472493,2.7140200762993856,0.11135527927920574,9.742817772021953
ct_w6_i2,6,evaluation,chain,19,256,sampled_diagonal_fisher,31,27,1.857840893215912,0.8121198974647652,-0.6161967255795052,-0.6741060727043768,0.6081416807717583,2.7140200762993856,2.6692695630078274,9.742817772021953
ct_w6_i2,6,evaluation,chain,19,256,sampled_two_block_fisher,31,27,1.857840893215912,0.8618618423480663,-0.7018240554409952,-0.6741060727043768,0.5215292596365056,2.7140200762993856,2.669269563007828,9.742817772021953
ct_w6_i2,6,evaluation,chain,19,256,sampled_star_fisher,31,27,1.857840893215912,0.6115252759299142,-0.07952957055576011,-0.6741060727043768,0.8743057131202056,2.7140200762993856,2.6692695630078282,9.742817772021953
ct_w6_i2,6,evaluation,chain,19,256,sampled_full_fisher,31,27,1.857840893215912,0.8919956779978454,-0.685911064947414,-0.6741060727043768,0.4612145158041929,2.7140200762993856,2.669269563007828,9.742817772021953
ct_w6_i2,6,evaluation,chain,19,256,protected_ray_star,31,27,1.857840893215912,0.7375907155217349,-0.9788040847242898,-0.6741060727043768,0.7261994615626407,2.7140200762993856,2.7270723576513367,9.742817772021953
ct_w6_i2,6,evaluation,chain,42,256,sampled_adam,31,27,1.9336775577498777,0.7056051661820303,-0.5046473950058842,-0.6680314521762859,0.967362417835784,2.3657426086844073,0.11135526589980489,9.348496280047957
ct_w6_i2,6,evaluation,chain,42,256,sampled_diagonal_fisher,31,27,1.9336775577498777,0.7819587283413597,-0.5186962704603671,-0.6680314521762859,0.7130872746229757,2.3657426086844073,2.6692695630078274,9.348496280047957
ct_w6_i2,6,evaluation,chain,42,256,sampled_two_block_fisher,31,27,1.9336775577498777,0.866424423801182,-0.7147915320586881,-0.6680314521762859,0.5638155880745719,2.3657426086844073,2.669269563007828,9.348496280047957
ct_w6_i2,6,evaluation,chain,42,256,sampled_star_fisher,31,27,1.9336775577498777,0.4121753741114323,0.17833996589117643,-0.6680314521762859,1.1588560131198826,2.3657426086844073,2.669269563007828,9.348496280047957
ct_w6_i2,6,evaluation,chain,42,256,sampled_full_fisher,31,27,1.9336775577498777,0.871588575596334,-0.5280186522565994,-0.6680314521762859,0.5020771844835411,2.3657426086844073,2.3183743674843407,9.348496280047957
ct_w6_i2,6,evaluation,chain,42,256,protected_ray_star,31,27,1.9336775577498777,0.7147308002463658,-0.9815280146864479,-0.6680314521762859,0.8235379022313363,2.3657426086844073,2.719504204737889,9.348496280047957
ct_w6_i2,6,evaluation,chain,50,256,sampled_adam,31,27,1.748286828622611,0.6470367842817796,-0.3027884180484529,-0.4520414975265117,0.9701957231910786,2.364740932500721,0.11135526119743341,8.74656335178456
ct_w6_i2,6,evaluation,chain,50,256,sampled_diagonal_fisher,31,27,1.748286828622611,0.7300683865053681,-0.40334572602270125,-0.4520414975265117,0.791182778502303,2.364740932500721,2.669269563007828,8.74656335178456
ct_w6_i2,6,evaluation,chain,50,256,sampled_two_block_fisher,31,27,1.748286828622611,0.7101551909779689,-0.6001513482159796,-0.4520414975265117,0.8191003461765377,2.364740932500721,2.6692695630078274,8.74656335178456
ct_w6_i2,6,evaluation,chain,50,256,sampled_star_fisher,31,27,1.748286828622611,0.5135471430846763,0.10996327015930558,-0.4520414975265117,1.0158284046183805,2.364740932500721,2.500177192937979,8.74656335178456
ct_w6_i2,6,evaluation,chain,50,256,sampled_full_fisher,31,27,1.748286828622611,0.7227698074985766,-0.4038830266403423,-0.4520414975265117,0.7076672553342161,2.364740932500721,2.0692656358131267,8.74656335178456
ct_w6_i2,6,evaluation,chain,50,256,protected_ray_star,31,27,1.748286828622611,0.5173323590777267,-0.9616525479578388,-0.4520414975265117,0.9100256702933448,2.364740932500721,1.9552032179811059,8.74656335178456
ct_w6_i2,6,evaluation,chain,101,256,sampled_adam,31,28,1.9662142706955181,0.7031993557535733,-0.5719336070547107,-0.7133629266052582,0.9717220352931615,2.72728489632909,0.1113552803786133,9.89912275413074
ct_w6_i2,6,evaluation,chain,101,256,sampled_diagonal_fisher,31,28,1.9662142706955181,0.8358689387231178,-0.6275530209327917,-0.7133629266052582,0.5672140453537863,2.72728489632909,2.669269563007828,9.89912275413074
ct_w6_i2,6,evaluation,chain,101,256,sampled_two_block_fisher,31,28,1.9662142706955181,0.8734218248283357,-0.7611056579853459,-0.7133629266052582,0.49822049896683646,2.72728489632909,2.669269563007828,9.89912275413074
ct_w6_i2,6,evaluation,chain,101,256,sampled_star_fisher,31,28,1.9662142706955181,0.5272562832121231,-0.049863770020007886,-0.7133629266052582,0.9621992245530303,2.72728489632909,2.6692695630078282,9.89912275413074
ct_w6_i2,6,evaluation,chain,101,256,sampled_full_fisher,31,28,1.9662142706955181,0.8678805106500627,-0.6805112754087873,-0.7133629266052582,0.5089897269368328,2.72728489632909,2.6692695630078282,9.89912275413074
ct_w6_i2,6,evaluation,chain,101,256,protected_ray_star,31,28,1.9662142706955181,0.7246866007259863,-0.9812477582220575,-0.7133629266052582,0.7410933298471122,2.72728489632909,2.720280928686483,9.89912275413074
ct_w6_i2,6,evaluation,problem_tree,0,256,sampled_adam,31,28,0.7391816099946664,0.5180545342104427,0.35819645009514295,0.8040661170546064,0.9814371717951594,3.025403055215613,0.11135527656624943,3.503490087209487
ct_w6_i2,6,evaluation,problem_tree,0,256,sampled_diagonal_fisher,31,28,0.7391816099946664,0.5320200203991293,0.37983813043421955,0.8040661170546064,0.9456002266345668,3.025403055215613,2.883140648667699,3.503490087209487
ct_w6_i2,6,evaluation,problem_tree,0,256,sampled_two_block_fisher,31,28,0.7391816099946664,0.2229728098981676,-0.17661953004175857,0.8040661170546064,1.217862793889917,3.025403055215613,2.883140648667699,3.503490087209487
ct_w6_i2,6,evaluation,problem_tree,0,256,sampled_star_fisher,31,28,0.7391816099946664,0.6663437465523343,0.5777462044278491,0.8040661170546064,0.7988396872244369,3.025403055215613,2.8831406486676996,3.503490087209487
ct_w6_i2,6,evaluation,problem_tree,0,256,sampled_full_fisher,31,28,0.7391816099946664,0.65250962083458,0.29771788793847725,0.8040661170546064,0.7600972606078512,3.025403055215613,1.7946940957432218,3.503490087209487
ct_w6_i2,6,evaluation,problem_tree,0,256,protected_ray_star,31,28,0.7391816099946664,0.8153529026312768,0.9795214984742189,0.8040661170546064,0.6000175190012699,3.025403055215613,2.943417426936223,3.503490087209487
ct_w6_i2,6,evaluation,problem_tree,19,256,sampled_adam,31,29,1.4407229712043417,0.46766342978445286,0.26475377685485424,0.789754456488427,0.9829343437811923,2.9537625511933854,0.11135527915203634,4.6314981129201165
ct_w6_i2,6,evaluation,problem_tree,19,256,sampled_diagonal_fisher,31,29,1.4407229712043417,0.5424375805905459,0.2793426876423955,0.789754456488427,0.9454187663308279,2.9537625511933854,2.883140648667699,4.6314981129201165
ct_w6_i2,6,evaluation,problem_tree,19,256,sampled_two_block_fisher,31,29,1.4407229712043417,0.2760586244161078,-0.12422251447940216,0.789754456488427,1.1890486853552051,2.9537625511933854,2.883140648667699,4.6314981129201165
ct_w6_i2,6,evaluation,problem_tree,19,256,sampled_star_fisher,31,29,1.4407229712043417,0.767325500336156,0.557989197979171,0.789754456488427,0.6608665666634213,2.9537625511933854,2.738480878332185,4.6314981129201165
ct_w6_i2,6,evaluation,problem_tree,19,256,sampled_full_fisher,31,29,1.4407229712043417,0.6383732155666936,0.25811434908952485,0.789754456488427,0.7766935782521132,2.9537625511933854,2.1921869007427914,4.6314981129201165
ct_w6_i2,6,evaluation,problem_tree,19,256,protected_ray_star,31,29,1.4407229712043417,0.8640773932701301,0.9512776880842229,0.789754456488427,0.5525124107105952,2.9537625511933854,1.8793678269017164,4.6314981129201165
ct_w6_i2,6,evaluation,problem_tree,42,256,sampled_adam,31,25,0.7243866435830869,0.4947415650127037,0.1713113825479548,0.6763114230163666,0.9807220250762089,2.7682795796147572,0.11135526801810892,5.022858615252096
ct_w6_i2,6,evaluation,problem_tree,42,256,sampled_diagonal_fisher,31,25,0.7243866435830869,0.49306167080798174,0.24031136555059116,0.6763114230163666,1.0284288314287988,2.7682795796147572,2.883140648667699,5.022858615252096
ct_w6_i2,6,evaluation,problem_tree,42,256,sampled_two_block_fisher,31,25,0.7243866435830869,0.00839380120968694,-0.32442554336762774,0.6763114230163666,1.4377834132432916,2.7682795796147572,2.8831406486676983,5.022858615252096
ct_w6_i2,6,evaluation,problem_tree,42,256,sampled_star_fisher,31,25,0.7243866435830869,0.7171504527859751,0.5012613973610572,0.6763114230163666,0.7686953730649763,2.7682795796147572,2.883140648667699,5.022858615252096
ct_w6_i2,6,evaluation,problem_tree,42,256,sampled_full_fisher,31,25,0.7243866435830869,0.48269580240686644,0.09971242781358135,0.6763114230163666,0.930459041118024,2.7682795796147572,2.206152063683992,5.022858615252096
ct_w6_i2,6,evaluation,problem_tree,42,256,protected_ray_star,31,25,0.7243866435830869,0.682933222602963,0.9674158867983831,0.6763114230163666,0.7490676022937822,2.7682795796147572,2.349617823691619,5.022858615252096
ct_w6_i2,6,evaluation,problem_tree,50,256,sampled_adam,31,28,0.6297793015286959,0.3959480980599383,0.20245886202839655,0.7414693534070813,0.986106771139635,3.048334637148963,0.11135527741318561,5.267439581414244
ct_w6_i2,6,evaluation,problem_tree,50,256,sampled_diagonal_fisher,31,28,0.6297793015286959,0.47642916359042226,0.24328600246788434,0.7414693534070813,0.9966605057099694,3.048334637148963,2.883140648667699,5.267439581414244
ct_w6_i2,6,evaluation,problem_tree,50,256,sampled_two_block_fisher,31,28,0.6297793015286959,0.2105396008055038,-0.22307873223294453,0.7414693534070813,1.2232307028803613,3.048334637148963,2.883140648667699,5.267439581414244
ct_w6_i2,6,evaluation,problem_tree,50,256,sampled_star_fisher,31,28,0.6297793015286959,0.6856201110116363,0.5727530113507878,0.7414693534070813,0.7730608213376874,3.048334637148963,2.883140648667699,5.267439581414244
ct_w6_i2,6,evaluation,problem_tree,50,256,sampled_full_fisher,31,28,0.6297793015286959,0.5749536941326523,0.127056227768162,0.7414693534070813,0.830794920367288,3.048334637148963,2.192203253016456,5.267439581414244
ct_w6_i2,6,evaluation,problem_tree,50,256,protected_ray_star,31,28,0.6297793015286959,0.8001237606591096,0.9784309486126344,0.7414693534070813,0.6225236840798978,3.048334637148963,2.9466981321020618,5.267439581414244
ct_w6_i2,6,evaluation,problem_tree,101,256,sampled_adam,31,27,0.8821069972182413,0.5412763709460416,0.4516386974325583,0.8273333909683395,0.9811962327066368,3.1294835357279833,0.11135526343708337,3.817174635750529
ct_w6_i2,6,evaluation,problem_tree,101,256,sampled_diagonal_fisher,31,27,0.8821069972182413,0.49405773944898324,0.3531044070956248,0.8273333909683395,0.9687252220543625,3.1294835357279833,2.8831406486676996,3.817174635750529
ct_w6_i2,6,evaluation,problem_tree,101,256,sampled_two_block_fisher,31,27,0.8821069972182413,0.29078643850329733,-0.03638016670568921,0.8273333909683395,1.137678246896222,3.1294835357279833,2.8362804222173392,3.817174635750529
ct_w6_i2,6,evaluation,problem_tree,101,256,sampled_star_fisher,31,27,0.8821069972182413,0.6070016628369088,0.558068586530414,0.8273333909683395,0.8545887165508548,3.1294835357279833,2.8831406486676987,3.817174635750529
ct_w6_i2,6,evaluation,problem_tree,101,256,sampled_full_fisher,31,27,0.8821069972182413,0.510240141861544,0.27528496356015547,0.8273333909683395,0.8688837099914926,3.1294835357279833,1.9839332397199463,3.817174635750529
ct_w6_i2,6,evaluation,problem_tree,101,256,protected_ray_star,31,27,0.8821069972182413,0.8504273067692111,0.9756655714384841,0.8273333909683395,0.5266943309910536,3.1294835357279833,2.7401669511798987,3.817174635750529
ct_w6_i2,6,evaluation,width2,0,256,sampled_adam,42,39,0.6281420000207487,0.3048314692493907,0.2571722451209954,0.969829993160943,0.9924492164473421,5.030506538254262,0.12961480798418668,4.074798369033594
ct_w6_i2,6,evaluation,width2,0,256,sampled_diagonal_fisher,42,39,0.6281420000207487,0.35107661748491886,0.27849660439954255,0.969829993160943,0.9679410316794651,5.030506538254262,3.0000000000000004,4.074798369033594
ct_w6_i2,6,evaluation,width2,0,256,sampled_two_block_fisher,42,39,0.6281420000207487,0.19507580593745324,0.09200725480587267,0.969829993160943,1.0197329406409448,5.030506538254262,2.3854619163068125,4.074798369033594
ct_w6_i2,6,evaluation,width2,0,256,sampled_star_fisher,42,39,0.6281420000207487,0.5966849149187731,0.5418333189205149,0.969829993160943,0.8024756799805398,5.030506538254262,3.0,4.074798369033594
ct_w6_i2,6,evaluation,width2,0,256,sampled_full_fisher,42,39,0.6281420000207487,0.727595161267936,0.6665139268433983,0.969829993160943,0.7277511366244634,5.030506538254262,2.4380962428568558,4.074798369033594
ct_w6_i2,6,evaluation,width2,0,256,protected_ray_star,42,39,0.6281420000207487,0.96146856758338,0.9796173494539501,0.969829993160943,0.44718524653010316,5.030506538254262,3.062420241609884,4.074798369033594
ct_w6_i2,6,evaluation,width2,19,256,sampled_adam,42,41,1.5174702764189145,0.2279042297062752,0.1800206056813245,0.9660069099719807,0.9942403756933387,4.841471312527583,0.12961480182241095,4.229494221711935
ct_w6_i2,6,evaluation,width2,19,256,sampled_diagonal_fisher,42,41,1.5174702764189145,0.3837095880925274,0.34181142329162806,0.9660069099719807,0.9237429598161141,4.841471312527583,1.9696086860155029,4.229494221711935
ct_w6_i2,6,evaluation,width2,19,256,sampled_two_block_fisher,42,41,1.5174702764189145,0.32758352521126827,0.24142865972344,0.9660069099719807,0.9466454981445326,4.841471312527583,1.8703032717549637,4.229494221711935
ct_w6_i2,6,evaluation,width2,19,256,sampled_star_fisher,42,41,1.5174702764189145,0.6335946703271144,0.5711910367366952,0.9660069099719807,0.8118658026440697,4.841471312527583,1.87601405638537,4.229494221711935
ct_w6_i2,6,evaluation,width2,19,256,sampled_full_fisher,42,41,1.5174702764189145,0.8332783564855721,0.7705225390589134,0.9660069099719807,0.6536716819302798,4.841471312527583,2.345740428160034,4.229494221711935
ct_w6_i2,6,evaluation,width2,19,256,protected_ray_star,42,41,1.5174702764189145,0.9585240124208495,0.9799939798169569,0.9660069099719807,0.4331932438495076,4.841471312527583,3.0612432951479343,4.229494221711935
ct_w6_i2,6,evaluation,width2,42,256,sampled_adam,42,41,1.2570428106065603,0.2850824291320981,0.18002072001661326,0.9599629754366953,0.992410265062798,4.648062591861341,0.1296147670350017,4.7829310454134895
ct_w6_i2,6,evaluation,width2,42,256,sampled_diagonal_fisher,42,41,1.2570428106065603,0.307165902203815,0.22565716334086205,0.9599629754366953,0.9618720790590148,4.648062591861341,2.077604414866095,4.7829310454134895
ct_w6_i2,6,evaluation,width2,42,256,sampled_two_block_fisher,42,41,1.2570428106065603,0.4424081200098031,0.3210455141749566,0.9599629754366953,0.8968886968326066,4.648062591861341,2.002479402537405,4.7829310454134895
ct_w6_i2,6,evaluation,width2,42,256,sampled_star_fisher,42,41,1.2570428106065603,0.6605489929250572,0.6345959127416576,0.9599629754366953,0.7669471924044944,4.648062591861341,2.3422468557717413,4.7829310454134895
ct_w6_i2,6,evaluation,width2,42,256,sampled_full_fisher,42,41,1.2570428106065603,0.8380964554129791,0.7850968056036227,0.9599629754366953,0.6250837553963133,4.648062591861341,2.477024948271239,4.7829310454134895
ct_w6_i2,6,evaluation,width2,42,256,protected_ray_star,42,41,1.2570428106065603,0.9490579066860241,0.9779351345337018,0.9599629754366953,0.427606934792882,4.648062591861341,3.067688125788075,4.7829310454134895
ct_w6_i2,6,evaluation,width2,50,256,sampled_adam,42,38,1.1728909457998027,0.24622722195938151,0.12858622901225222,0.9510539378436568,0.993485589342054,4.636056745005593,0.12961479154061076,5.290713523116624
ct_w6_i2,6,evaluation,width2,50,256,sampled_diagonal_fisher,42,38,1.1728909457998027,0.26755762511886316,0.11250308791268589,0.9510539378436568,0.9888688367584713,4.636056745005593,2.271334795434767,5.290713523116624
ct_w6_i2,6,evaluation,width2,50,256,sampled_two_block_fisher,42,38,1.1728909457998027,0.21479330323305948,0.037590403693950135,0.9510539378436568,1.0258291322842454,4.636056745005593,2.4505230379765712,5.290713523116624
ct_w6_i2,6,evaluation,width2,50,256,sampled_star_fisher,42,38,1.1728909457998027,0.6484107457938788,0.5132089735702184,0.9510539378436568,0.7708420295164938,4.636056745005593,2.44524160877622,5.290713523116624
ct_w6_i2,6,evaluation,width2,50,256,sampled_full_fisher,42,38,1.1728909457998027,0.5093570663069147,0.3181766381604985,0.9510539378436568,0.8605819662356655,4.636056745005593,2.3928315658918313,5.290713523116624
ct_w6_i2,6,evaluation,width2,50,256,protected_ray_star,42,38,1.1728909457998027,0.9654034822464376,0.9760462160722493,0.9510539378436568,0.3993175520259708,4.636056745005593,3.0736249478763744,5.290713523116624
ct_w6_i2,6,evaluation,width2,101,256,sampled_adam,42,39,0.43891510020220387,0.2298397752369682,0.1800205505066568,0.9707754181636936,0.9946745412149474,5.311161959996699,0.12961479250465932,4.218095360512876
ct_w6_i2,6,evaluation,width2,101,256,sampled_diagonal_fisher,42,39,0.43891510020220387,0.26963658502703886,0.19791881942591244,0.9707754181636936,1.0071970905835907,5.311161959996699,3.0000000000000004,4.218095360512876
ct_w6_i2,6,evaluation,width2,101,256,sampled_two_block_fisher,42,39,0.43891510020220387,0.23637961773575591,0.12371629292238868,0.9707754181636936,1.0012353080070344,5.311161959996699,2.538373293744055,4.218095360512876
ct_w6_i2,6,evaluation,width2,101,256,sampled_star_fisher,42,39,0.43891510020220387,0.5598930425030687,0.4640577879972049,0.9707754181636936,0.828579708919458,5.311161959996699,3.0,4.218095360512876
ct_w6_i2,6,evaluation,width2,101,256,sampled_full_fisher,42,39,0.43891510020220387,0.7800766673378864,0.7120089029008246,0.9707754181636936,0.685802956861268,5.311161959996699,2.6517708061973075,4.218095360512876
ct_w6_i2,6,evaluation,width2,101,256,protected_ray_star,42,39,0.43891510020220387,0.9698211642027182,0.9785019067661236,0.9707754181636936,0.4621175945660538,5.311161959996699,3.0659112458091964,4.218095360512876
ct_w6_i2,6,evaluation,width3,0,256,sampled_adam,47,46,0.2554017472547151,0.17849625364626212,0.17924587526445707,0.9889538162074606,0.9959289040182268,5.611655733528163,0.1371130758080779,3.2809343967992426
ct_w6_i2,6,evaluation,width3,0,256,sampled_diagonal_fisher,47,46,0.2554017472547151,0.35812148423514817,0.35318093080833435,0.9889538162074606,0.9519594904349173,5.611655733528163,3.0516389039334264,3.2809343967992426
ct_w6_i2,6,evaluation,width3,0,256,sampled_two_block_fisher,47,46,0.2554017472547151,0.2941986883001863,0.27588303029801714,0.9889538162074606,0.9647898155361712,5.611655733528163,2.3905796181633314,3.2809343967992426
ct_w6_i2,6,evaluation,width3,0,256,sampled_star_fisher,47,46,0.2554017472547151,0.46875776000913133,0.45873745977415276,0.9889538162074606,0.8865089108021864,5.611655733528163,3.051638903933425,3.2809343967992426
ct_w6_i2,6,evaluation,width3,0,256,sampled_full_fisher,47,46,0.2554017472547151,0.807836262075402,0.8024511247486135,0.9889538162074606,0.6741963925142956,5.611655733528163,2.6964762393291783,3.2809343967992426
ct_w6_i2,6,evaluation,width3,0,256,protected_ray_star,47,46,0.2554017472547151,0.9710820155948524,0.9803067835129607,0.9889538162074606,0.47994828464087125,5.611655733528163,3.11294275961019,3.2809343967992426
ct_w6_i2,6,evaluation,width3,19,256,sampled_adam,47,44,0.6170047369476077,0.2880214839586707,0.27484381797618007,0.9895090778708229,0.9933856338352137,5.742057233489165,0.13711305320208814,3.9207584912287103
ct_w6_i2,6,evaluation,width3,19,256,sampled_diagonal_fisher,47,44,0.6170047369476077,0.37428422939167516,0.3630158312490876,0.9895090778708229,0.9405390111859852,5.742057233489165,3.0516389039334255,3.9207584912287103
ct_w6_i2,6,evaluation,width3,19,256,sampled_two_block_fisher,47,44,0.6170047369476077,0.22365228003469603,0.20841224620300755,0.9895090778708229,0.9908168448764281,5.742057233489165,2.3071868365238477,3.9207584912287103
ct_w6_i2,6,evaluation,width3,19,256,sampled_star_fisher,47,44,0.6170047369476077,0.5183283028918007,0.5072797572463468,0.9895090778708229,0.8577422474196944,5.742057233489165,2.595992551095028,3.9207584912287103
ct_w6_i2,6,evaluation,width3,19,256,sampled_full_fisher,47,44,0.6170047369476077,0.6907939330111794,0.6905798830566877,0.9895090778708229,0.7824099334474384,5.742057233489165,2.2500819180855505,3.9207584912287103
ct_w6_i2,6,evaluation,width3,19,256,protected_ray_star,47,44,0.6170047369476077,0.9693600721554991,0.9801302355329725,0.9895090778708229,0.4927301141586347,5.742057233489165,3.1135034848445584,3.9207584912287103
ct_w6_i2,6,evaluation,width3,42,256,sampled_adam,47,47,0.5158822081298992,0.2170253281314694,0.20314536583079434,0.9833930278329859,0.9950218147606529,5.657825218011273,0.13711307605675824,4.39942927754714
ct_w6_i2,6,evaluation,width3,42,256,sampled_diagonal_fisher,47,47,0.5158822081298992,0.2985350728512142,0.29550328651196134,0.9833930278329859,0.9610593799977597,5.657825218011273,2.3281261277210556,4.39942927754714
ct_w6_i2,6,evaluation,width3,42,256,sampled_two_block_fisher,47,47,0.5158822081298992,0.5465977399045678,0.5241502549194632,0.9833930278329859,0.8616672432344015,5.657825218011273,1.9435906218874501,4.39942927754714
ct_w6_i2,6,evaluation,width3,42,256,sampled_star_fisher,47,47,0.5158822081298992,0.6189957707786773,0.6364862290247327,0.9833930278329859,0.8108395650206053,5.657825218011273,2.3619171537012527,4.39942927754714
ct_w6_i2,6,evaluation,width3,42,256,sampled_full_fisher,47,47,0.5158822081298992,0.893438783759718,0.8950578444415251,0.9833930278329859,0.5929453219195169,5.657825218011273,2.864991166910721,4.39942927754714
ct_w6_i2,6,evaluation,width3,42,256,protected_ray_star,47,47,0.5158822081298992,0.9610273553949266,0.9790498357444493,0.9833930278329859,0.4945953705414149,5.657825218011273,3.1169392941198155,4.39942927754714
ct_w6_i2,6,evaluation,width3,50,256,sampled_adam,47,46,0.35021748215781495,0.07519093750701167,0.05974875334821324,0.9914362438731252,0.9984895668561182,5.747098975411496,0.13711307090766114,4.8768816264722545
ct_w6_i2,6,evaluation,width3,50,256,sampled_diagonal_fisher,47,46,0.35021748215781495,0.3112493733363813,0.29398601608838626,0.9914362438731252,0.9633483456729791,5.747098975411496,2.695952973289293,4.8768816264722545
ct_w6_i2,6,evaluation,width3,50,256,sampled_two_block_fisher,47,46,0.35021748215781495,0.42598918164112776,0.3886795312484986,0.9914362438731252,0.9056637163265433,5.747098975411496,2.211692984260516,4.8768816264722545
ct_w6_i2,6,evaluation,width3,50,256,sampled_star_fisher,47,46,0.35021748215781495,0.6142457369543313,0.6052563337402938,0.9914362438731252,0.8044892659207497,5.747098975411496,2.6305530002766058,4.8768816264722545
ct_w6_i2,6,evaluation,width3,50,256,sampled_full_fisher,47,46,0.35021748215781495,0.8826803148075529,0.8554262093867475,0.9914362438731252,0.5953790456593306,5.747098975411496,2.972203938483056,4.8768816264722545
ct_w6_i2,6,evaluation,width3,50,256,protected_ray_star,47,46,0.35021748215781495,0.9724011048979038,0.977885820898232,0.9914362438731252,0.48869742317355175,5.747098975411496,3.1206495060234745,4.8768816264722545
ct_w6_i2,6,evaluation,width3,101,256,sampled_adam,47,43,0.20295519664224185,0.2925068784968435,0.2987431390469139,0.9882436144982767,0.9932212653147362,5.6922010580409435,0.13711308690565147,2.981441134671247
ct_w6_i2,6,evaluation,width3,101,256,sampled_diagonal_fisher,47,43,0.20295519664224185,0.3012393972318952,0.29790004937595177,0.9882436144982767,0.982048088180612,5.6922010580409435,3.051638903933426,2.981441134671247
ct_w6_i2,6,evaluation,width3,101,256,sampled_two_block_fisher,47,43,0.20295519664224185,0.3655571345707973,0.32726138021991963,0.9882436144982767,0.9310565990861008,5.6922010580409435,2.2079035700716387,2.981441134671247
ct_w6_i2,6,evaluation,width3,101,256,sampled_star_fisher,47,43,0.20295519664224185,0.4065984024461481,0.38148830989979343,0.9882436144982767,0.9227408489144512,5.6922010580409435,3.051638903933425,2.981441134671247
ct_w6_i2,6,evaluation,width3,101,256,sampled_full_fisher,47,43,0.20295519664224185,0.7465099197813095,0.7221519055426515,0.9882436144982767,0.7461077023653384,5.6922010580409435,2.3277660607205273,2.981441134671247
ct_w6_i2,6,evaluation,width3,101,256,protected_ray_star,47,43,0.20295519664224185,0.9683944021487715,0.9788004632943854,0.9882436144982767,0.48905938306511143,5.6922010580409435,3.117733407749329,2.981441134671247
ct_w6_i3,6,evaluation,chain,0,256,sampled_adam,31,25,2.3084262679850522,0.588765525706135,-0.481125249639914,-0.8249445358541865,0.9761858946603985,2.6445277123419406,0.10954450153808916,8.747683113778944
ct_w6_i3,6,evaluation,chain,0,256,sampled_diagonal_fisher,31,25,2.3084262679850522,0.626207504898564,-0.4938581709753735,-0.8249445358541865,0.825290290663804,2.6445277123419406,2.371708245126285,8.747683113778944
ct_w6_i3,6,evaluation,chain,0,256,sampled_two_block_fisher,31,25,2.3084262679850522,0.708415487397909,-0.5905114735230598,-0.8249445358541865,0.7305134295928051,2.6445277123419406,2.3717082451262845,8.747683113778944
ct_w6_i3,6,evaluation,chain,0,256,sampled_star_fisher,31,25,2.3084262679850522,0.34114168051318977,-0.11765886175164487,-0.8249445358541865,1.0919792939217998,2.6445277123419406,2.3717082451262845,8.747683113778944
ct_w6_i3,6,evaluation,chain,0,256,sampled_full_fisher,31,25,2.3084262679850522,0.753781057332948,-0.6296765038016862,-0.8249445358541865,0.67251683847089,2.6445277123419406,2.3717082451262845,8.747683113778944
ct_w6_i3,6,evaluation,chain,0,256,protected_ray_star,31,25,2.3084262679850522,0.7920686387456215,-0.9804879296515244,-0.8249445358541865,0.6226248458526704,2.6445277123419406,2.4189061113370505,8.747683113778944
ct_w6_i3,6,evaluation,chain,19,256,sampled_adam,31,26,2.3554231256624054,0.728426601079718,-0.6058259604571093,-0.8562684934211513,0.9716166495037044,2.820383616132567,0.11135527961049274,9.348055762021065
ct_w6_i3,6,evaluation,chain,19,256,sampled_diagonal_fisher,31,26,2.3554231256624054,0.7641702453400518,-0.654740898382789,-0.8562684934211513,0.6495643809667506,2.820383616132567,2.371708245126284,9.348055762021065
ct_w6_i3,6,evaluation,chain,19,256,sampled_two_block_fisher,31,26,2.3554231256624054,0.8372873163929341,-0.7372870841449356,-0.8562684934211513,0.5467752039724482,2.820383616132567,2.371708245126285,9.348055762021065
ct_w6_i3,6,evaluation,chain,19,256,sampled_star_fisher,31,26,2.3554231256624054,0.253171572656896,0.0005685810963973692,-0.8562684934211513,1.1319667502672974,2.820383616132567,2.3717082451262845,9.348055762021065
ct_w6_i3,6,evaluation,chain,19,256,sampled_full_fisher,31,26,2.3554231256624054,0.8272115376131339,-0.6592109970986111,-0.8562684934211513,0.5620577452333975,2.820383616132567,2.3717082451262845,9.348055762021065
ct_w6_i3,6,evaluation,chain,19,256,protected_ray_star,31,26,2.3554231256624054,0.865169208150459,-0.9794457137796599,-0.8562684934211513,0.5015235479083792,2.820383616132567,2.421480038923151,9.348055762021065
ct_w6_i3,6,evaluation,chain,42,256,sampled_adam,31,28,2.4312884675984616,0.6927371180842173,-0.643690055982367,-0.8627060720440043,0.970075826686283,2.5339963192382573,0.11135527348272956,8.897129800972975
ct_w6_i3,6,evaluation,chain,42,256,sampled_diagonal_fisher,31,28,2.4312884675984616,0.7211462693322873,-0.6468205907203317,-0.8627060720440043,0.7253214050591885,2.5339963192382573,2.3717082451262845,8.897129800972975
ct_w6_i3,6,evaluation,chain,42,256,sampled_two_block_fisher,31,28,2.4312884675984616,0.8744646348544112,-0.7871383782355058,-0.8627060720440043,0.4889711145642384,2.5339963192382573,2.371708245126284,8.897129800972975
ct_w6_i3,6,evaluation,chain,42,256,sampled_star_fisher,31,28,2.4312884675984616,0.13570424222453584,0.08173825823935538,-0.8627060720440043,1.2552433856563867,2.5339963192382573,2.296945197269615,8.897129800972975
ct_w6_i3,6,evaluation,chain,42,256,sampled_full_fisher,31,28,2.4312884675984616,0.8870045184573897,-0.7382791736347946,-0.8627060720440043,0.4643481456170947,2.5339963192382573,2.371708245126285,8.897129800972975
ct_w6_i3,6,evaluation,chain,42,256,protected_ray_star,31,28,2.4312884675984616,0.8624292427709358,-0.9816696412623188,-0.8627060720440043,0.5142930902254766,2.5339963192382573,2.415994287117333,8.897129800972975
ct_w6_i3,6,evaluation,chain,50,256,sampled_adam,31,24,2.6095558244662738,0.6229865672550502,-0.643690059499853,-0.7149734820955349,0.9714235567567695,2.3699381751322757,0.11135528084690563,8.48821481323238
ct_w6_i3,6,evaluation,chain,50,256,sampled_diagonal_fisher,31,24,2.6095558244662738,0.6658800970707155,-0.6519688282234959,-0.7149734820955349,0.8177649183117789,2.3699381751322757,2.371708245126285,8.48821481323238
ct_w6_i3,6,evaluation,chain,50,256,sampled_two_block_fisher,31,24,2.6095558244662738,0.8021152256137755,-0.8029353332519262,-0.7149734820955349,0.6293375093974131,2.3699381751322757,2.3717082451262845,8.48821481323238
ct_w6_i3,6,evaluation,chain,50,256,sampled_star_fisher,31,24,2.6095558244662738,0.1828874569912511,0.07434375541684339,-0.7149734820955349,1.2744946284604308,2.3699381751322757,2.3555444295762036,8.48821481323238
ct_w6_i3,6,evaluation,chain,50,256,sampled_full_fisher,31,24,2.6095558244662738,0.7856788991703912,-0.6894566229686386,-0.7149734820955349,0.6273398461737849,2.3699381751322757,2.1088325678010236,8.48821481323238
ct_w6_i3,6,evaluation,chain,50,256,protected_ray_star,31,24,2.6095558244662738,0.7430226538181636,-0.981942687832496,-0.7149734820955349,0.7239914667559275,2.3699381751322757,2.4153224770801094,8.48821481323238
ct_w6_i3,6,evaluation,chain,101,256,sampled_adam,31,27,2.2209972322607476,0.7086220502180074,-0.643690070853685,-0.8821098291759898,0.9730388062331682,2.885977821929529,0.11135528234624344,9.424935909053945
ct_w6_i3,6,evaluation,chain,101,256,sampled_diagonal_fisher,31,27,2.2209972322607476,0.7506249677049595,-0.6716195893441156,-0.8821098291759898,0.6645514417774923,2.885977821929529,2.3717082451262845,9.424935909053945
ct_w6_i3,6,evaluation,chain,101,256,sampled_two_block_fisher,31,27,2.2209972322607476,0.8385188698208531,-0.810725141265934,-0.8821098291759898,0.5451288749961858,2.885977821929529,2.371708245126285,9.424935909053945
ct_w6_i3,6,evaluation,chain,101,256,sampled_star_fisher,31,27,2.2209972322607476,0.16938582629292412,0.039906325234481975,-0.8821098291759898,1.181929766409211,2.885977821929529,2.3717082451262845,9.424935909053945
ct_w6_i3,6,evaluation,chain,101,256,sampled_full_fisher,31,27,2.2209972322607476,0.7933398244415739,-0.6324855624521958,-0.8821098291759898,0.6094441194674391,2.885977821929529,2.371708245126284,9.424935909053945
ct_w6_i3,6,evaluation,chain,101,256,protected_ray_star,31,27,2.2209972322607476,0.885077984250569,-0.9797475726241394,-0.8821098291759898,0.4677385917529654,2.885977821929529,2.4207339843404165,9.424935909053945
ct_w6_i3,6,evaluation,problem_tree,0,256,sampled_adam,31,28,1.4105927863614243,0.5974240407653523,0.12387919289033376,0.4408500521002624,0.972484527160117,2.3544685014013256,0.11135527563785935,4.659127138767685
ct_w6_i3,6,evaluation,problem_tree,0,256,sampled_diagonal_fisher,31,28,1.4105927863614243,0.6048508385411406,0.20646291129627067,0.4408500521002624,0.9261027815138786,2.3544685014013256,2.5372228912730543,4.659127138767685
ct_w6_i3,6,evaluation,problem_tree,0,256,sampled_two_block_fisher,31,28,1.4105927863614243,0.4505346488610878,-0.16333970592306754,0.4408500521002624,1.0909880191767654,2.3544685014013256,2.537222891273055,4.659127138767685
ct_w6_i3,6,evaluation,problem_tree,0,256,sampled_star_fisher,31,28,1.4105927863614243,0.7913933227850382,0.45146984552145863,0.4408500521002624,0.6749981124854975,2.3544685014013256,2.537222891273055,4.659127138767685
ct_w6_i3,6,evaluation,problem_tree,0,256,sampled_full_fisher,31,28,1.4105927863614243,0.6927140758421827,0.2827164034648098,0.4408500521002624,0.795355046603746,2.3544685014013256,2.4204841667420482,4.659127138767685
ct_w6_i3,6,evaluation,problem_tree,0,256,protected_ray_star,31,28,1.4105927863614243,0.7196566602103218,0.7395198034173148,0.4408500521002624,0.8055617719331905,2.3544685014013256,0.7327145354853037,4.659127138767685
ct_w6_i3,6,evaluation,problem_tree,19,256,sampled_adam,31,30,1.2971253424067977,0.4930160683689912,-0.01769700692764874,0.5879121724075309,0.9783196547016609,2.441585982349419,0.11135527828575714,5.615564307835459
ct_w6_i3,6,evaluation,problem_tree,19,256,sampled_diagonal_fisher,31,30,1.2971253424067977,0.621293508972133,-0.0023448354582574498,0.5879121724075309,0.8880400512752559,2.441585982349419,2.5372228912730552,5.615564307835459
ct_w6_i3,6,evaluation,problem_tree,19,256,sampled_two_block_fisher,31,30,1.2971253424067977,0.40233777366067164,-0.26368865409347403,0.5879121724075309,1.1152038347693718,2.441585982349419,2.537222891273055,5.615564307835459
ct_w6_i3,6,evaluation,problem_tree,19,256,sampled_star_fisher,31,30,1.2971253424067977,0.892916806109195,0.38548859768337285,0.5879121724075309,0.4733810013226059,2.441585982349419,2.5372228912730557,5.615564307835459
ct_w6_i3,6,evaluation,problem_tree,19,256,sampled_full_fisher,31,30,1.2971253424067977,0.7905259073705523,0.19641828386161655,0.5879121724075309,0.6444993231840553,2.441585982349419,2.420346321798162,5.615564307835459
ct_w6_i3,6,evaluation,problem_tree,19,256,protected_ray_star,31,30,1.2971253424067977,0.8123324281235998,0.9185467699657418,0.5879121724075309,0.6396527008745945,2.441585982349419,1.3418435113164686,5.615564307835459
ct_w6_i3,6,evaluation,problem_tree,42,256,sampled_adam,31,30,1.4517530731486468,0.5134574955876731,0.12387925040842414,0.46690852413486245,0.9754073653517642,2.2399226496400897,0.11135527682432755,5.733145219002228
ct_w6_i3,6,evaluation,problem_tree,42,256,sampled_diagonal_fisher,31,30,1.4517530731486468,0.570962752398911,0.09474947608198107,0.46690852413486245,0.9947771723072689,2.2399226496400897,2.5372228912730552,5.733145219002228
ct_w6_i3,6,evaluation,problem_tree,42,256,sampled_two_block_fisher,31,30,1.4517530731486468,0.3587532525747831,-0.3238490346195252,0.46690852413486245,1.183127300765272,2.2399226496400897,2.4319495464884917,5.733145219002228
ct_w6_i3,6,evaluation,problem_tree,42,256,sampled_star_fisher,31,30,1.4517530731486468,0.8575054169389009,0.4325793188234977,0.46690852413486245,0.552797629482828,2.2399226496400897,2.373746331517447,5.733145219002228
ct_w6_i3,6,evaluation,problem_tree,42,256,sampled_full_fisher,31,30,1.4517530731486468,0.8395771309297704,0.12734405177883232,0.46690852413486245,0.5557933373895443,2.2399226496400897,2.1436809562059356,5.733145219002228
ct_w6_i3,6,evaluation,problem_tree,42,256,protected_ray_star,31,30,1.4517530731486468,0.75607888873188,0.8400513076016891,0.46690852413486245,0.7319983970656694,2.2399226496400897,0.9592292502171547,5.733145219002228
ct_w6_i3,6,evaluation,problem_tree,50,256,sampled_adam,31,28,1.05457307602097,0.5609141945698917,0.2654551260993723,0.4570801724980849,0.9747048744052328,2.397360224331342,0.11135524267022533,5.1207318945479
ct_w6_i3,6,evaluation,problem_tree,50,256,sampled_diagonal_fisher,31,28,1.05457307602097,0.5142036937922662,0.1372840755857351,0.4570801724980849,1.0157160950915225,2.397360224331342,2.5372228912730552,5.1207318945479
ct_w6_i3,6,evaluation,problem_tree,50,256,sampled_two_block_fisher,31,28,1.05457307602097,0.39750937007465753,-0.2170082426156009,0.4570801724980849,1.1307890131771725,2.397360224331342,2.5372228912730543,5.1207318945479
ct_w6_i3,6,evaluation,problem_tree,50,256,sampled_star_fisher,31,28,1.05457307602097,0.630509976736576,0.1973004693612061,0.4570801724980849,0.8862820869763358,2.397360224331342,2.537222891273055,5.1207318945479
ct_w6_i3,6,evaluation,problem_tree,50,256,sampled_full_fisher,31,28,1.05457307602097,0.765739698426423,0.13627153360853653,0.4570801724980849,0.6698302362593205,2.397360224331342,2.2844500187006815,5.1207318945479
ct_w6_i3,6,evaluation,problem_tree,50,256,protected_ray_star,31,28,1.05457307602097,0.5054404788607559,0.8872616443108747,0.4570801724980849,0.8629118696369876,2.397360224331342,1.1893653554262533,5.1207318945479
ct_w6_i3,6,evaluation,problem_tree,101,256,sampled_adam,31,29,1.7660514498267068,0.5979250620117345,0.23006137758265327,0.6141807345437242,0.9707980493165212,2.216639767527421,0.11135526978226401,5.087658599016116
ct_w6_i3,6,evaluation,problem_tree,101,256,sampled_diagonal_fisher,31,29,1.7660514498267068,0.6515014439555821,0.16746717734654298,0.6141807345437242,0.90483005076365,2.216639767527421,2.5372228912730557,5.087658599016116
ct_w6_i3,6,evaluation,problem_tree,101,256,sampled_two_block_fisher,31,29,1.7660514498267068,0.4299057457660693,-0.12401374154102648,0.6141807345437242,1.1515232052461128,2.216639767527421,2.5372228912730552,5.087658599016116
ct_w6_i3,6,evaluation,problem_tree,101,256,sampled_star_fisher,31,29,1.7660514498267068,0.8245800697948522,0.4820886233982505,0.6141807345437242,0.6288245625747253,2.216639767527421,2.4362741675052564,5.087658599016116
ct_w6_i3,6,evaluation,problem_tree,101,256,sampled_full_fisher,31,29,1.7660514498267068,0.7358494861267753,0.1794352616024771,0.6141807345437242,0.6788589897801154,2.216639767527421,1.7379726123486983,5.087658599016116
ct_w6_i3,6,evaluation,problem_tree,101,256,protected_ray_star,31,29,1.7660514498267068,0.8112873921549761,0.5952323737922173,0.6141807345437242,0.7867014476395041,2.216639767527421,0.6315149558861414,5.087658599016116
ct_w6_i3,6,evaluation,width2,0,256,sampled_adam,42,35,0.4764270773609672,0.31863920039610816,0.2890366204238358,0.9147845466407055,0.9905203843882241,4.163669481763086,0.12961480211577117,3.476667452541834
ct_w6_i3,6,evaluation,width2,0,256,sampled_diagonal_fisher,42,35,0.4764270773609672,0.3646007134004656,0.297581374492897,0.9147845466407055,0.9713446078082945,4.163669481763086,2.6692695630078282,3.476667452541834
ct_w6_i3,6,evaluation,width2,0,256,sampled_two_block_fisher,42,35,0.4764270773609672,0.1356608091098124,0.042661012161511365,0.9147845466407055,1.0919559259734477,4.163669481763086,2.476381940230674,3.476667452541834
ct_w6_i3,6,evaluation,width2,0,256,sampled_star_fisher,42,35,0.4764270773609672,0.5375734744337369,0.36762226262215697,0.9147845466407055,0.8495466851188538,4.163669481763086,2.6692695630078282,3.476667452541834
ct_w6_i3,6,evaluation,width2,0,256,sampled_full_fisher,42,35,0.4764270773609672,0.5799815593794876,0.4225512564901238,0.9147845466407055,0.8194406382947266,4.163669481763086,2.0456777288544434,3.476667452541834
ct_w6_i3,6,evaluation,width2,0,256,protected_ray_star,42,35,0.4764270773609672,0.9127549151899657,0.9820539386021429,0.9147845466407055,0.48420499379766935,4.163669481763086,2.7180478159960044,3.476667452541834
ct_w6_i3,6,evaluation,width2,19,256,sampled_adam,42,42,0.974845693463502,0.23564747120444085,0.11561466941264184,0.8949147725724466,0.9933926275121973,4.34434137488063,0.1296147993067658,5.373240626551649
ct_w6_i3,6,evaluation,width2,19,256,sampled_diagonal_fisher,42,42,0.974845693463502,0.39932212497239084,0.21736799514272462,0.8949147725724466,0.921084489325247,4.34434137488063,2.1198188184724365,5.373240626551649
ct_w6_i3,6,evaluation,width2,19,256,sampled_two_block_fisher,42,42,0.974845693463502,0.5738642892931297,0.3877921296471658,0.8949147725724466,0.8196644368472598,4.34434137488063,2.3444623033460448,5.373240626551649
ct_w6_i3,6,evaluation,width2,19,256,sampled_star_fisher,42,42,0.974845693463502,0.7676331568356002,0.5783777542478902,0.8949147725724466,0.6723281467774604,4.34434137488063,2.452137776138295,5.373240626551649
ct_w6_i3,6,evaluation,width2,19,256,sampled_full_fisher,42,42,0.974845693463502,0.8986613390117043,0.7353517993513956,0.8949147725724466,0.5226838494066698,4.34434137488063,2.669269563007828,5.373240626551649
ct_w6_i3,6,evaluation,width2,19,256,protected_ray_star,42,42,0.974845693463502,0.9346680420508153,0.978000100297788,0.8949147725724466,0.4693508757116865,4.34434137488063,2.729314201701073,5.373240626551649
ct_w6_i3,6,evaluation,width2,42,256,sampled_adam,42,42,1.0097504181533943,0.19849972404561583,-3.4996079612568616e-08,0.8994957878116738,0.9944041525279426,4.2570792857250535,0.12961477432046659,5.282189485005659
ct_w6_i3,6,evaluation,width2,42,256,sampled_diagonal_fisher,42,42,1.0097504181533943,0.25534812355347564,0.07866317132613082,0.8994957878116738,0.9928743105239838,4.2570792857250535,2.0484404900332187,5.282189485005659
ct_w6_i3,6,evaluation,width2,42,256,sampled_two_block_fisher,42,42,1.0097504181533943,0.09400775438249065,-0.136462454987384,0.8994957878116738,1.0638459790942998,4.2570792857250535,1.996493786015556,5.282189485005659
ct_w6_i3,6,evaluation,width2,42,256,sampled_star_fisher,42,42,1.0097504181533943,0.8227370124842043,0.7087360886629045,0.8994957878116738,0.6147216266549297,4.2570792857250535,2.506092129493615,5.282189485005659
ct_w6_i3,6,evaluation,width2,42,256,sampled_full_fisher,42,42,1.0097504181533943,0.894334204649266,0.7328177293771604,0.8994957878116738,0.5493132251702134,4.2570792857250535,2.4504603477224323,5.282189485005659
ct_w6_i3,6,evaluation,width2,42,256,protected_ray_star,42,42,1.0097504181533943,0.9255852532798627,0.9710497261565676,0.8994957878116738,0.5349830065402765,4.2570792857250535,2.3309399703959417,5.282189485005659
ct_w6_i3,6,evaluation,width2,50,256,sampled_adam,42,41,1.7430128962496996,0.34989985873655405,0.1445182972802439,0.8520444689203024,0.9900702689439377,4.396740461028162,0.1296147923999808,5.4917441404696445
ct_w6_i3,6,evaluation,width2,50,256,sampled_diagonal_fisher,42,41,1.7430128962496996,0.19634397914963225,-0.09688657848364078,0.8520444689203024,1.0129810300648276,4.396740461028162,1.9814772994388263,5.4917441404696445
ct_w6_i3,6,evaluation,width2,50,256,sampled_two_block_fisher,42,41,1.7430128962496996,0.40223958205914734,0.06567088584522654,0.8520444689203024,0.9159295748662077,4.396740461028162,1.8868200620523905,5.4917441404696445
ct_w6_i3,6,evaluation,width2,50,256,sampled_star_fisher,42,41,1.7430128962496996,0.5866890626913063,0.3306793560225764,0.8520444689203024,0.81156183514559,4.396740461028162,2.3453474529142793,5.4917441404696445
ct_w6_i3,6,evaluation,width2,50,256,sampled_full_fisher,42,41,1.7430128962496996,0.7301910680726402,0.49081839490257423,0.8520444689203024,0.7086258838850371,4.396740461028162,2.384041351028224,5.4917441404696445
ct_w6_i3,6,evaluation,width2,50,256,protected_ray_star,42,41,1.7430128962496996,0.9003746214702173,0.9482193600957951,0.8520444689203024,0.6504283545299455,4.396740461028162,1.8330747896334885,5.4917441404696445
ct_w6_i3,6,evaluation,width2,101,256,sampled_adam,42,39,1.4195548837566851,0.0849863466580815,6.708177851790388e-08,0.8979457809112539,0.9978541266369975,4.207487163112195,0.12961479338269002,4.831111483531872
ct_w6_i3,6,evaluation,width2,101,256,sampled_diagonal_fisher,42,39,1.4195548837566851,0.3436822236573495,0.1768424221589268,0.8979457809112539,0.9450014017410107,4.207487163112195,1.8902248621365616,4.831111483531872
ct_w6_i3,6,evaluation,width2,101,256,sampled_two_block_fisher,42,39,1.4195548837566851,0.45097907500621254,0.25934566880057336,0.8979457809112539,0.8935102674030734,4.207487163112195,2.0731342028806594,4.831111483531872
ct_w6_i3,6,evaluation,width2,101,256,sampled_star_fisher,42,39,1.4195548837566851,0.5457844062439298,0.2859283771040491,0.8979457809112539,0.8404705687550836,4.207487163112195,2.0213967284669425,4.831111483531872
ct_w6_i3,6,evaluation,width2,101,256,sampled_full_fisher,42,39,1.4195548837566851,0.6509373603305877,0.5159682782371798,0.8979457809112539,0.763658491289221,4.207487163112195,2.3894690729363854,4.831111483531872
ct_w6_i3,6,evaluation,width2,101,256,protected_ray_star,42,39,1.4195548837566851,0.9308809820810975,0.9513680022650675,0.8979457809112539,0.6299895433659107,4.207487163112195,1.7571742700715642,4.831111483531872
ct_w6_i3,6,evaluation,width3,0,256,sampled_adam,47,46,0.44905438915765633,0.22411771823702253,0.20057138626902507,0.9775181950284487,0.9940526247156637,4.855845894627707,0.13711307584176452,3.567154577056357
ct_w6_i3,6,evaluation,width3,0,256,sampled_diagonal_fisher,47,46,0.44905438915765633,0.3729778337001196,0.341742183621619,0.9775181950284487,0.9365683386197704,4.855845894627707,2.4305567345520873,3.567154577056357
ct_w6_i3,6,evaluation,width3,0,256,sampled_two_block_fisher,47,46,0.44905438915765633,0.6218426560951149,0.5794498682690536,0.9775181950284487,0.8180129090195903,4.855845894627707,1.8721797184243654,3.567154577056357
ct_w6_i3,6,evaluation,width3,0,256,sampled_star_fisher,47,46,0.44905438915765633,0.6269685600815337,0.5916373039822852,0.9775181950284487,0.80481912445886,4.855845894627707,2.063348707689294,3.567154577056357
ct_w6_i3,6,evaluation,width3,0,256,sampled_full_fisher,47,46,0.44905438915765633,0.8875232778672799,0.8773166836614403,0.9775181950284487,0.5643671643458117,4.855845894627707,2.727178028658929,3.567154577056357
ct_w6_i3,6,evaluation,width3,0,256,protected_ray_star,47,46,0.44905438915765633,0.9644051651184223,0.9793316784652296,0.9775181950284487,0.47195829381199134,4.855845894627707,2.7847338022730517,3.567154577056357
ct_w6_i3,6,evaluation,width3,19,256,sampled_adam,47,46,0.7955470216342665,0.2668939770998883,0.24328767016235414,0.9769991119056672,0.9929584904491107,4.891524807737084,0.13564657632619037,4.6672205404172
ct_w6_i3,6,evaluation,width3,19,256,sampled_diagonal_fisher,47,46,0.7955470216342665,0.3372683362159933,0.31040292292542676,0.9769991119056672,0.9457457827469884,4.891524807737084,2.092297962457308,4.6672205404172
ct_w6_i3,6,evaluation,width3,19,256,sampled_two_block_fisher,47,46,0.7955470216342665,0.3647481305052692,0.3069136830853192,0.9769991119056672,0.9345525899308283,4.891524807737084,2.1764047345675888,4.6672205404172
ct_w6_i3,6,evaluation,width3,19,256,sampled_star_fisher,47,46,0.7955470216342665,0.5795311305054109,0.5787038999205746,0.9769991119056672,0.8205325320009188,4.891524807737084,2.36740148811467,4.6672205404172
ct_w6_i3,6,evaluation,width3,19,256,sampled_full_fisher,47,46,0.7955470216342665,0.8363186433777391,0.7865113830240151,0.9769991119056672,0.6241218128216729,4.891524807737084,2.63194456263053,4.6672205404172
ct_w6_i3,6,evaluation,width3,19,256,protected_ray_star,47,46,0.7955470216342665,0.96183086921105,0.9797765935137,0.9769991119056672,0.47871357951198645,4.891524807737084,2.7834692589242755,4.6672205404172
ct_w6_i3,6,evaluation,width3,42,256,sampled_adam,47,47,0.6097153665545829,0.34065994685348,0.30754262766291746,0.9756924178913444,0.9905618301323461,4.762278536679457,0.13711306184288716,4.6846318727653875
ct_w6_i3,6,evaluation,width3,42,256,sampled_diagonal_fisher,47,47,0.6097153665545829,0.3401248492979108,0.2826340510029643,0.9756924178913444,0.94351999058052,4.762278536679457,1.9860279889287131,4.6846318727653875
ct_w6_i3,6,evaluation,width3,42,256,sampled_two_block_fisher,47,47,0.6097153665545829,0.36917340205840754,0.2884263106196575,0.9756924178913444,0.9303223411616748,4.762278536679457,1.9595154420204453,4.6846318727653875
ct_w6_i3,6,evaluation,width3,42,256,sampled_star_fisher,47,47,0.6097153665545829,0.6488660825124322,0.6214701690500318,0.9756924178913444,0.7791047809956406,4.762278536679457,2.2927519518494273,4.6846318727653875
ct_w6_i3,6,evaluation,width3,42,256,sampled_full_fisher,47,47,0.6097153665545829,0.8591998916670474,0.8005243125944558,0.9756924178913444,0.615648822866001,4.762278536679457,2.4610743298349025,4.6846318727653875
ct_w6_i3,6,evaluation,width3,42,256,protected_ray_star,47,47,0.6097153665545829,0.9663066224568443,0.9786100232505439,0.9756924178913444,0.45990158005665205,4.762278536679457,2.786787345177965,4.6846318727653875
ct_w6_i3,6,evaluation,width3,50,256,sampled_adam,47,45,0.6188511489421793,0.31203882968373237,0.22731419500014072,0.9704093510369746,0.991363996832809,4.745327144845581,0.13711306737260787,4.930942547549165
ct_w6_i3,6,evaluation,width3,50,256,sampled_diagonal_fisher,47,45,0.6188511489421793,0.2522120049806463,0.16492238444545845,0.9704093510369746,0.9816332841405028,4.745327144845581,1.9796607647406768,4.930942547549165
ct_w6_i3,6,evaluation,width3,50,256,sampled_two_block_fisher,47,45,0.6188511489421793,0.35864674689593284,0.23754377045062416,0.9704093510369746,0.9355805252055627,4.745327144845581,1.9996973972666943,4.930942547549165
ct_w6_i3,6,evaluation,width3,50,256,sampled_star_fisher,47,45,0.6188511489421793,0.6768835137838024,0.6189697241255246,0.9704093510369746,0.7501495508034031,4.745327144845581,2.5260812882239296,4.930942547549165
ct_w6_i3,6,evaluation,width3,50,256,sampled_full_fisher,47,45,0.6188511489421793,0.8232094034042079,0.7438866149942917,0.9704093510369746,0.6276931381684174,4.745327144845581,2.635993132170434,4.930942547549165
ct_w6_i3,6,evaluation,width3,50,256,protected_ray_star,47,45,0.6188511489421793,0.963008672786523,0.9772822022834096,0.9704093510369746,0.4617304556915993,4.745327144845581,2.7905737178953087,4.930942547549165
ct_w6_i3,6,evaluation,width3,101,256,sampled_adam,47,46,0.6148329001993624,0.3400399044489923,0.3610283802776272,0.975583027926981,0.9904997983664615,4.720491588732378,0.13711307914501264,4.598684903676496
ct_w6_i3,6,evaluation,width3,101,256,sampled_diagonal_fisher,47,46,0.6148329001993624,0.3453288978091404,0.33399131254785513,0.975583027926981,0.9431227948705253,4.720491588732378,2.0712458166949372,4.598684903676496
ct_w6_i3,6,evaluation,width3,101,256,sampled_two_block_fisher,47,46,0.6148329001993624,0.30231412090159754,0.2751918204135768,0.975583027926981,0.9540297620432598,4.720491588732378,1.6139105975563042,4.598684903676496
ct_w6_i3,6,evaluation,width3,101,256,sampled_star_fisher,47,46,0.6148329001993624,0.6206414552763706,0.6200646337572946,0.975583027926981,0.7986281753773306,4.720491588732378,2.2137915335010376,4.598684903676496
ct_w6_i3,6,evaluation,width3,101,256,sampled_full_fisher,47,46,0.6148329001993624,0.7891402552981744,0.8000220644101809,0.975583027926981,0.6748184033760284,4.720491588732378,2.4057359022315157,4.598684903676496
ct_w6_i3,6,evaluation,width3,101,256,protected_ray_star,47,46,0.6148329001993624,0.9495372266396259,0.978317071845356,0.975583027926981,0.47671867050117056,4.720491588732378,2.7876218325770132,4.598684903676496
ct_w6_i4,6,evaluation,chain,0,256,sampled_adam,31,19,2.2528346431231876,0.6068364407202288,-0.5614899052340516,-0.9354874039778,0.9821188647693995,3.597140374595518,0.10770328688964964,10.498941042386011
ct_w6_i4,6,evaluation,chain,0,256,sampled_diagonal_fisher,31,19,2.2528346431231876,0.6840088568866036,-0.6237617931764163,-0.9354874039778,0.7312898084229691,3.597140374595518,2.6457513110645907,10.498941042386011
ct_w6_i4,6,evaluation,chain,0,256,sampled_two_block_fisher,31,19,2.2528346431231876,0.7814667512316139,-0.713611475986383,-0.9354874039778,0.625636687395828,3.597140374595518,2.6457513110645903,10.498941042386011
ct_w6_i4,6,evaluation,chain,0,256,sampled_star_fisher,31,19,2.2528346431231876,0.15655043892016027,-0.10629813653432005,-0.9354874039778,1.12418193767423,3.597140374595518,2.494543953498789,10.498941042386011
ct_w6_i4,6,evaluation,chain,0,256,sampled_full_fisher,31,19,2.2528346431231876,0.7091312285082811,-0.6411828097595671,-0.9354874039778,0.7134079664949894,3.597140374595518,2.159796765845097,10.498941042386011
ct_w6_i4,6,evaluation,chain,0,256,protected_ray_star,31,19,2.2528346431231876,0.9306802834499123,-0.9826724107905945,-0.9354874039778,0.4086923977979483,3.597140374595518,2.692404184763863,10.498941042386011
ct_w6_i4,6,evaluation,chain,19,256,sampled_adam,31,25,2.234049738241078,0.6820106271968863,-0.6449019945633553,-0.9409476260696361,0.9779469766508082,3.3985167755864802,0.11135528033712021,10.285274449736717
ct_w6_i4,6,evaluation,chain,19,256,sampled_diagonal_fisher,31,25,2.234049738241078,0.7839621072793618,-0.7291756618601846,-0.9409476260696361,0.6208326905685858,3.3985167755864802,2.6457513110645903,10.285274449736717
ct_w6_i4,6,evaluation,chain,19,256,sampled_two_block_fisher,31,25,2.234049738241078,0.8452167003620659,-0.78133775061859,-0.9409476260696361,0.5385718261439459,3.3985167755864802,2.6457513110645903,10.285274449736717
ct_w6_i4,6,evaluation,chain,19,256,sampled_star_fisher,31,25,2.234049738241078,0.355061264891743,-0.26222175201212133,-0.9409476260696361,1.026271580053337,3.3985167755864802,2.6457513110645907,10.285274449736717
ct_w6_i4,6,evaluation,chain,19,256,sampled_full_fisher,31,25,2.234049738241078,0.8617568246129843,-0.7981061916680118,-0.9409476260696361,0.5141075568814283,3.3985167755864802,2.645751311064591,10.285274449736717
ct_w6_i4,6,evaluation,chain,19,256,protected_ray_star,31,25,2.234049738241078,0.9298251879336995,-0.9802012805375196,-0.9409476260696361,0.3921889116850329,3.3985167755864802,2.6991918533443684,10.285274449736717
ct_w6_i4,6,evaluation,chain,42,256,sampled_adam,31,27,2.2982174937246684,0.5958330592841105,-0.5770178107226069,-0.9499646466312384,0.98045345225015,3.3317782422898974,0.11135526420776963,10.0514200466303
ct_w6_i4,6,evaluation,chain,42,256,sampled_diagonal_fisher,31,27,2.2982174937246684,0.7161717548073713,-0.6797937645297101,-0.9499646466312384,0.7022607663109143,3.3317782422898974,2.6457513110645907,10.0514200466303
ct_w6_i4,6,evaluation,chain,42,256,sampled_two_block_fisher,31,27,2.2982174937246684,0.8061335926056197,-0.7642233753014688,-0.9499646466312384,0.5918560110884447,3.3317782422898974,2.6457513110645903,10.0514200466303
ct_w6_i4,6,evaluation,chain,42,256,sampled_star_fisher,31,27,2.2982174937246684,0.08400457079662532,-0.03254755697415813,-0.9499646466312384,1.2235901569239065,3.3317782422898974,2.6457513110645907,10.0514200466303
ct_w6_i4,6,evaluation,chain,42,256,sampled_full_fisher,31,27,2.2982174937246684,0.6363196307109297,-0.6084982506400347,-0.9499646466312384,0.7728662548994112,3.3317782422898974,2.277232754532365,10.0514200466303
ct_w6_i4,6,evaluation,chain,42,256,protected_ray_star,31,27,2.2982174937246684,0.9314606217027902,-0.9813632668051373,-0.9499646466312384,0.38384186149781296,3.3317782422898974,2.695995866727239,10.0514200466303
ct_w6_i4,6,evaluation,chain,50,256,sampled_adam,31,25,2.1801334453797883,0.6495975232303708,-0.610959771223371,-0.8855885041649709,0.9782681414745619,3.2771270788755307,0.11135527722405772,9.69152020702877
ct_w6_i4,6,evaluation,chain,50,256,sampled_diagonal_fisher,31,25,2.1801334453797883,0.7280911935354277,-0.6904196682153706,-0.8855885041649709,0.6900459196931333,3.2771270788755307,2.6457513110645903,9.69152020702877
ct_w6_i4,6,evaluation,chain,50,256,sampled_two_block_fisher,31,25,2.1801334453797883,0.8225450030059781,-0.786879050455839,-0.8855885041649709,0.5689032884235227,3.2771270788755307,2.6457513110645903,9.69152020702877
ct_w6_i4,6,evaluation,chain,50,256,sampled_star_fisher,31,25,2.1801334453797883,0.26517699852163185,-0.13093238613143449,-0.8855885041649709,1.1061737667884777,3.2771270788755307,2.6457513110645903,9.69152020702877
ct_w6_i4,6,evaluation,chain,50,256,sampled_full_fisher,31,25,2.1801334453797883,0.8127671624926687,-0.7455268145485398,-0.8855885041649709,0.5826139446119087,3.2771270788755307,2.6457513110645907,9.69152020702877
ct_w6_i4,6,evaluation,chain,50,256,protected_ray_star,31,25,2.1801334453797883,0.8892266445367613,-0.9807889001545784,-0.8855885041649709,0.4622140130273686,3.2771270788755307,2.6975746877310742,9.69152020702877
ct_w6_i4,6,evaluation,chain,101,256,sampled_adam,31,25,2.1382581672527587,0.677763137361063,-0.6449020011960193,-0.957640673524777,0.9796806560653202,3.6684106609918246,0.11135528015170398,10.5882010359872
ct_w6_i4,6,evaluation,chain,101,256,sampled_diagonal_fisher,31,25,2.1382581672527587,0.7663880872296823,-0.7248284920117699,-0.957640673524777,0.643963476518485,3.6684106609918246,2.6457513110645903,10.5882010359872
ct_w6_i4,6,evaluation,chain,101,256,sampled_two_block_fisher,31,25,2.1382581672527587,0.8437017923008224,-0.8119930761324855,-0.957640673524777,0.5506066908287016,3.6684106609918246,2.6457513110645907,10.5882010359872
ct_w6_i4,6,evaluation,chain,101,256,sampled_star_fisher,31,25,2.1382581672527587,0.16454015893158022,-0.08890228141499876,-0.957640673524777,1.1326186933021445,3.6684106609918246,2.6457513110645907,10.5882010359872
ct_w6_i4,6,evaluation,chain,101,256,sampled_full_fisher,31,25,2.1382581672527587,0.8081167278058031,-0.7622222816287888,-0.957640673524777,0.5953968758821416,3.6684106609918246,2.6457513110645907,10.5882010359872
ct_w6_i4,6,evaluation,chain,101,256,protected_ray_star,31,25,2.1382581672527587,0.9351717166953455,-0.9815361689870471,-0.957640673524777,0.4069467489617355,3.6684106609918246,2.6955209544596057,10.5882010359872
ct_w6_i4,6,evaluation,problem_tree,0,256,sampled_adam,31,28,0.97891427480513,0.41748834858065514,0.17003758267137203,0.8481129229426497,0.9854821734950966,3.08626590207156,0.11135527710004843,4.199543961070448
ct_w6_i4,6,evaluation,problem_tree,0,256,sampled_diagonal_fisher,31,28,0.97891427480513,0.5546797558421033,0.3128753845194924,0.8481129229426497,0.9174498634053804,3.08626590207156,2.904737509655562,4.199543961070448
ct_w6_i4,6,evaluation,problem_tree,0,256,sampled_two_block_fisher,31,28,0.97891427480513,0.38152111252851223,-0.0007158459969359957,0.8481129229426497,1.080584010119117,3.08626590207156,2.9047375096555625,4.199543961070448
ct_w6_i4,6,evaluation,problem_tree,0,256,sampled_star_fisher,31,28,0.97891427480513,0.6556017039554577,0.47393657649058035,0.8481129229426497,0.8073056647791048,3.08626590207156,2.9047375096555625,4.199543961070448
ct_w6_i4,6,evaluation,problem_tree,0,256,sampled_full_fisher,31,28,0.97891427480513,0.7120714868832109,0.4311313009678443,0.8481129229426497,0.7030589804336831,3.08626590207156,2.310522200083988,4.199543961070448
ct_w6_i4,6,evaluation,problem_tree,0,256,protected_ray_star,31,28,0.97891427480513,0.8918045413540742,0.9731797692751983,0.8481129229426497,0.4616234550934415,3.08626590207156,2.4692905330971335,4.199543961070448
ct_w6_i4,6,evaluation,problem_tree,19,256,sampled_adam,31,25,1.3485115827861835,0.33445185315411935,0.14142132407445782,0.8473813709006561,0.9889137931156166,3.150443303752061,0.10954449226737858,5.355302016796435
ct_w6_i4,6,evaluation,problem_tree,19,256,sampled_diagonal_fisher,31,25,1.3485115827861835,0.3332472602166114,-0.01117374415889764,0.8473813709006561,0.9961950989901067,3.150443303752061,2.0632151659776485,5.355302016796435
ct_w6_i4,6,evaluation,problem_tree,19,256,sampled_two_block_fisher,31,25,1.3485115827861835,0.23657385222800822,-0.11901899699229744,0.8473813709006561,1.1118340027968676,3.150443303752061,2.4481323232305736,5.355302016796435
ct_w6_i4,6,evaluation,problem_tree,19,256,sampled_star_fisher,31,25,1.3485115827861835,0.6311854100880586,0.38806674561238264,0.8473813709006561,0.7767074840705169,3.150443303752061,2.1172408895205526,5.355302016796435
ct_w6_i4,6,evaluation,problem_tree,19,256,sampled_full_fisher,31,25,1.3485115827861835,0.46290595766132286,0.20849444085408228,0.8473813709006561,0.8928056456264325,3.150443303752061,1.7944958694659394,5.355302016796435
ct_w6_i4,6,evaluation,problem_tree,19,256,protected_ray_star,31,25,1.3485115827861835,0.8077659681808536,0.692522700146277,0.8473813709006561,0.8069397223512446,3.150443303752061,0.8088220665106397,5.355302016796435
ct_w6_i4,6,evaluation,problem_tree,42,256,sampled_adam,31,28,1.182812317946703,0.45169757807985383,0.10820573059976892,0.7667575794840853,0.9826557049039911,2.796448854755994,0.11135528219747115,5.56232420634122
ct_w6_i4,6,evaluation,problem_tree,42,256,sampled_diagonal_fisher,31,28,1.182812317946703,0.44616143957379845,0.19711637998504306,0.7667575794840853,1.073345201280622,2.796448854755994,2.9047375096555625,5.56232420634122
ct_w6_i4,6,evaluation,problem_tree,42,256,sampled_two_block_fisher,31,28,1.182812317946703,0.1013758370131731,-0.3460989048952163,0.7667575794840853,1.3668737423253738,2.796448854755994,2.9047375096555625,5.56232420634122
ct_w6_i4,6,evaluation,problem_tree,42,256,sampled_star_fisher,31,28,1.182812317946703,0.6981324328515922,0.5303017788474261,0.7667575794840853,0.7878217623346476,2.796448854755994,2.871519827146689,5.56232420634122
ct_w6_i4,6,evaluation,problem_tree,42,256,sampled_full_fisher,31,28,1.182812317946703,0.42843651571820734,-0.016504630125344685,0.7667575794840853,0.9223703598328865,2.796448854755994,1.7161985494534346,5.56232420634122
ct_w6_i4,6,evaluation,problem_tree,42,256,protected_ray_star,31,28,1.182812317946703,0.8302764132545132,0.9074197020186014,0.7667575794840853,0.644421366437782,2.796448854755994,1.4172366919444688,5.56232420634122
ct_w6_i4,6,evaluation,problem_tree,50,256,sampled_adam,31,29,0.8285197549843472,0.4953965323980653,0.35553312905310674,0.8034702114125637,0.9839220291132424,3.3425989762902675,0.11135528102993884,5.298845275257001
ct_w6_i4,6,evaluation,problem_tree,50,256,sampled_diagonal_fisher,31,29,0.8285197549843472,0.4553086317884605,0.2265686988881731,0.8034702114125637,0.9817531771322685,3.3425989762902675,2.904737509655563,5.298845275257001
ct_w6_i4,6,evaluation,problem_tree,50,256,sampled_two_block_fisher,31,29,0.8285197549843472,0.1437500189332535,-0.22646838838217664,0.8034702114125637,1.2269196028005696,3.3425989762902675,2.904737509655563,5.298845275257001
ct_w6_i4,6,evaluation,problem_tree,50,256,sampled_star_fisher,31,29,0.8285197549843472,0.6615695524512288,0.48127321607637297,0.8034702114125637,0.7742169145782026,3.3425989762902675,2.8550711502860775,5.298845275257001
ct_w6_i4,6,evaluation,problem_tree,50,256,sampled_full_fisher,31,29,0.8285197549843472,0.5718981243509113,0.2622762007376829,0.8034702114125637,0.8205408128650137,3.3425989762902675,1.9745779902354652,5.298845275257001
ct_w6_i4,6,evaluation,problem_tree,50,256,protected_ray_star,31,29,0.8285197549843472,0.8450401336116298,0.9618236917380539,0.8034702114125637,0.5734988489578005,3.3425989762902675,2.131544526436299,5.298845275257001
ct_w6_i4,6,evaluation,problem_tree,101,256,sampled_adam,31,30,1.1792534417678633,0.41717511763331117,0.23186945359650207,0.866994256934509,0.9849519526894769,2.970750221832069,0.11135527634199892,4.955321424083333
ct_w6_i4,6,evaluation,problem_tree,101,256,sampled_diagonal_fisher,31,30,1.1792534417678633,0.46791954463405605,0.218188767970814,0.866994256934509,0.9909042776110943,2.970750221832069,2.7214189905136097,4.955321424083333
ct_w6_i4,6,evaluation,problem_tree,101,256,sampled_two_block_fisher,31,30,1.1792534417678633,0.28797385743413545,-0.10278095262204484,0.866994256934509,1.0977773482564381,2.970750221832069,2.4498921818705055,4.955321424083333
ct_w6_i4,6,evaluation,problem_tree,101,256,sampled_star_fisher,31,30,1.1792534417678633,0.6584808865047336,0.4922819535934911,0.866994256934509,0.7709812823545158,2.970750221832069,2.4533656302728715,4.955321424083333
ct_w6_i4,6,evaluation,problem_tree,101,256,sampled_full_fisher,31,30,1.1792534417678633,0.8192939725881209,0.5635755529392102,0.866994256934509,0.5900860243099867,2.970750221832069,2.0196697779781756,4.955321424083333
ct_w6_i4,6,evaluation,problem_tree,101,256,protected_ray_star,31,30,1.1792534417678633,0.8937488589643523,0.9466898495024421,0.866994256934509,0.5315754680941176,2.970750221832069,1.807740098802714,4.955321424083333
ct_w6_i4,6,evaluation,width2,0,256,sampled_adam,44,38,0.46936051681781377,0.353824538064429,0.29740894751699587,0.9748769704823308,0.991633875538207,5.440142134443175,0.13266498641472851,3.1221678846455063
ct_w6_i4,6,evaluation,width2,0,256,sampled_diagonal_fisher,44,38,0.46936051681781377,0.35469949547254703,0.2831489848367641,0.9748769704823308,0.9570541473718276,5.440142134443175,3.0413812651491097,3.1221678846455063
ct_w6_i4,6,evaluation,width2,0,256,sampled_two_block_fisher,44,38,0.46936051681781377,0.5763213391469646,0.48534905545082024,0.9748769704823308,0.8206128836059654,5.440142134443175,2.729923162566208,3.1221678846455063
ct_w6_i4,6,evaluation,width2,0,256,sampled_star_fisher,44,38,0.46936051681781377,0.492883534117679,0.3968088893414183,0.9748769704823308,0.8726084581245496,5.440142134443175,3.0413812651491097,3.1221678846455063
ct_w6_i4,6,evaluation,width2,0,256,sampled_full_fisher,44,38,0.46936051681781377,0.719058606567861,0.6210032910609076,0.9748769704823308,0.7219475736939533,5.440142134443175,2.8477696187469888,3.1221678846455063
ct_w6_i4,6,evaluation,width2,0,256,protected_ray_star,44,38,0.46936051681781377,0.975651491015505,0.9810677201693894,0.9748769704823308,0.46127851389082947,5.440142134443175,3.1000727091744404,3.1221678846455063
ct_w6_i4,6,evaluation,width2,19,256,sampled_adam,44,40,1.0473414541184654,0.3417810151025896,0.2974088578041771,0.9730955435269788,0.9917210842242337,5.298155531497364,0.13266497371145267,4.273530599620779
ct_w6_i4,6,evaluation,width2,19,256,sampled_diagonal_fisher,44,40,1.0473414541184654,0.37259773813045477,0.32161848035021007,0.9730955435269788,0.9496062576025673,5.298155531497364,3.0413812651491097,4.273530599620779
ct_w6_i4,6,evaluation,width2,19,256,sampled_two_block_fisher,44,40,1.0473414541184654,0.5326345476536282,0.48069492173379236,0.9730955435269788,0.8468817125547179,5.298155531497364,2.981647465054787,4.273530599620779
ct_w6_i4,6,evaluation,width2,19,256,sampled_star_fisher,44,40,1.0473414541184654,0.521140927007724,0.4255073749569544,0.9730955435269788,0.8551087688430018,5.298155531497364,3.0413812651491097,4.273530599620779
ct_w6_i4,6,evaluation,width2,19,256,sampled_full_fisher,44,40,1.0473414541184654,0.7822403401044677,0.7295455046559631,0.9730955435269788,0.6568449027924012,5.298155531497364,3.0413812651491097,4.273530599620779
ct_w6_i4,6,evaluation,width2,19,256,protected_ray_star,44,40,1.0473414541184654,0.9712360431071296,0.9791050326800432,0.9730955435269788,0.452636099201128,5.298155531497364,3.106287031151425,4.273530599620779
ct_w6_i4,6,evaluation,width2,42,256,sampled_adam,44,43,1.0492679693559432,0.11381305040746091,0.024784346743083493,0.9688338795640449,0.9973998150357564,5.157381326112696,0.1326649446534162,5.239663540247823
ct_w6_i4,6,evaluation,width2,42,256,sampled_diagonal_fisher,44,43,1.0492679693559432,0.2513726609245125,0.1322030964450461,0.9688338795640449,0.9775688859322605,5.157381326112696,2.0041170187908266,5.239663540247823
ct_w6_i4,6,evaluation,width2,42,256,sampled_two_block_fisher,44,43,1.0492679693559432,0.14598290964646965,0.022156884438468635,0.9688338795640449,1.022922455101485,5.157381326112696,2.094615356778223,5.239663540247823
ct_w6_i4,6,evaluation,width2,42,256,sampled_star_fisher,44,43,1.0492679693559432,0.7941832146385188,0.729775217461549,0.9688338795640449,0.66991135422997,5.157381326112696,2.641668625138951,5.239663540247823
ct_w6_i4,6,evaluation,width2,42,256,sampled_full_fisher,44,43,1.0492679693559432,0.799063642498141,0.7010566972514893,0.9688338795640449,0.696345656448183,5.157381326112696,2.3093738212859853,5.239663540247823
ct_w6_i4,6,evaluation,width2,42,256,protected_ray_star,44,43,1.0492679693559432,0.9729193176013181,0.9790847884780228,0.9688338795640449,0.43678139482449374,5.157381326112696,3.1063512587882256,5.239663540247823
ct_w6_i4,6,evaluation,width2,50,256,sampled_adam,44,41,0.8829046915007469,0.26976421849980153,0.17348853768096836,0.9713157218992957,0.9936317701054078,5.380097943468491,0.13266498156338133,4.769610136127497
ct_w6_i4,6,evaluation,width2,50,256,sampled_diagonal_fisher,44,41,0.8829046915007469,0.3142393033582388,0.19451296127814177,0.9713157218992957,0.9559228118900582,5.380097943468491,2.292987279160154,4.769610136127497
ct_w6_i4,6,evaluation,width2,50,256,sampled_two_block_fisher,44,41,0.8829046915007469,0.19393906882918882,0.0394081396475086,0.9713157218992957,1.0059111505559508,5.380097943468491,2.2400398565688686,4.769610136127497
ct_w6_i4,6,evaluation,width2,50,256,sampled_star_fisher,44,41,0.8829046915007469,0.6883286316597369,0.631085538992284,0.9713157218992957,0.7507483512767346,5.380097943468491,2.6625443239138447,4.769610136127497
ct_w6_i4,6,evaluation,width2,50,256,sampled_full_fisher,44,41,0.8829046915007469,0.6776166446024685,0.5840899060984434,0.9713157218992957,0.7694614798922198,5.380097943468491,2.427847294998597,4.769610136127497
ct_w6_i4,6,evaluation,width2,50,256,protected_ray_star,44,41,0.8829046915007469,0.9679610692647039,0.9802333883196215,0.9713157218992957,0.46490354090857955,5.380097943468491,3.102711355672999,4.769610136127497
ct_w6_i4,6,evaluation,width2,101,256,sampled_adam,44,41,0.8921574278688635,0.275816227858879,0.22305671038424155,0.9780075409562492,0.9934627779372385,5.36392658212033,0.13266497729388296,4.16305403533404
ct_w6_i4,6,evaluation,width2,101,256,sampled_diagonal_fisher,44,41,0.8921574278688635,0.45318567189658715,0.40719266746620875,0.9780075409562492,0.8927867176703334,5.36392658212033,2.69610485291228,4.16305403533404
ct_w6_i4,6,evaluation,width2,101,256,sampled_two_block_fisher,44,41,0.8921574278688635,0.3303804030923336,0.2568216481597057,0.9780075409562492,0.9614187954094552,5.36392658212033,2.753563466102064,4.16305403533404
ct_w6_i4,6,evaluation,width2,101,256,sampled_star_fisher,44,41,0.8921574278688635,0.7229791853001067,0.7063336566554013,0.9780075409562492,0.7082574211256091,5.36392658212033,3.041381265149109,4.16305403533404
ct_w6_i4,6,evaluation,width2,101,256,sampled_full_fisher,44,41,0.8921574278688635,0.8001358135095127,0.7337152811320464,0.9780075409562492,0.6482868048548867,5.36392658212033,2.972593490878746,4.16305403533404
ct_w6_i4,6,evaluation,width2,101,256,protected_ray_star,44,41,0.8921574278688635,0.9693526829075272,0.9801157208971776,0.9780075409562492,0.4616422541075716,5.36392658212033,3.1030838505121556,4.16305403533404
ct_w6_i4,6,evaluation,width3,0,256,sampled_adam,48,45,0.16448467828750327,0.3128720526501448,0.3043903679777657,0.9897288334339536,0.9930272037209241,6.009263863583721,0.13856405759458293,2.5369715583487427
ct_w6_i4,6,evaluation,width3,0,256,sampled_diagonal_fisher,48,45,0.16448467828750327,0.2816195726251256,0.27535081406891004,0.9897288334339536,0.9870082723298245,6.009263863583721,3.082207001484488,2.5369715583487427
ct_w6_i4,6,evaluation,width3,0,256,sampled_two_block_fisher,48,45,0.16448467828750327,0.390898040921788,0.3488207155323495,0.9897288334339536,0.9204525503441,6.009263863583721,2.313879255773399,2.5369715583487427
ct_w6_i4,6,evaluation,width3,0,256,sampled_star_fisher,48,45,0.16448467828750327,0.3016350239051221,0.30072423155582645,0.9897288334339536,0.9765516420398819,6.009263863583721,3.082207001484488,2.5369715583487427
ct_w6_i4,6,evaluation,width3,0,256,sampled_full_fisher,48,45,0.16448467828750327,0.7793105142105548,0.7404009824992174,0.9897288334339536,0.7172502481788493,6.009263863583721,2.586092252190555,2.5369715583487427
ct_w6_i4,6,evaluation,width3,0,256,protected_ray_star,48,45,0.16448467828750327,0.9700260655811209,0.9799296443151321,0.9897288334339536,0.5084402113315994,6.009263863583721,3.145334993553162,2.5369715583487427
ct_w6_i4,6,evaluation,width3,19,256,sampled_adam,48,47,0.5952257867407013,0.17471794676066615,0.16390254874236926,0.989399194103441,0.9963043309225988,6.139018862573734,0.13856405042444878,4.355975497479884
ct_w6_i4,6,evaluation,width3,19,256,sampled_diagonal_fisher,48,47,0.5952257867407013,0.327636058300445,0.29142967709759204,0.989399194103441,0.9535811865164338,6.139018862573734,2.803807985959678,4.355975497479884
ct_w6_i4,6,evaluation,width3,19,256,sampled_two_block_fisher,48,47,0.5952257867407013,0.5131135614130703,0.4743100977820065,0.989399194103441,0.8683286737925243,6.139018862573734,2.343013880122815,4.355975497479884
ct_w6_i4,6,evaluation,width3,19,256,sampled_star_fisher,48,47,0.5952257867407013,0.49110885896619755,0.45988716420644626,0.989399194103441,0.8732587896231105,6.139018862573734,2.6380475353564825,4.355975497479884
ct_w6_i4,6,evaluation,width3,19,256,sampled_full_fisher,48,47,0.5952257867407013,0.7817167363308454,0.7505552909056633,0.989399194103441,0.7249937474957647,6.139018862573734,2.5292216022906784,4.355975497479884
ct_w6_i4,6,evaluation,width3,19,256,protected_ray_star,48,47,0.5952257867407013,0.9744593024660486,0.9793048704616218,0.989399194103441,0.5134888300306414,6.139018862573734,3.147341644519348,4.355975497479884
ct_w6_i4,6,evaluation,width3,42,256,sampled_adam,48,48,0.5454334226536175,0.21530236531659427,0.23414645052624053,0.9813256662882296,0.9951436709979289,5.8174741193797805,0.13856405779270511,4.462053764543793
ct_w6_i4,6,evaluation,width3,42,256,sampled_diagonal_fisher,48,48,0.5454334226536175,0.2996677854916149,0.2988718345295722,0.9813256662882296,0.9814115831372042,5.8174741193797805,3.082207001484488,4.462053764543793
ct_w6_i4,6,evaluation,width3,42,256,sampled_two_block_fisher,48,48,0.5454334226536175,0.5549921079051595,0.520955728593785,0.9813256662882296,0.8612662470041532,5.8174741193797805,1.9304846267979054,4.462053764543793
ct_w6_i4,6,evaluation,width3,42,256,sampled_star_fisher,48,48,0.5454334226536175,0.5455805619962599,0.5179185135840877,0.9813256662882296,0.8514524158223294,5.8174741193797805,2.298774665170244,4.462053764543793
ct_w6_i4,6,evaluation,width3,42,256,sampled_full_fisher,48,48,0.5454334226536175,0.9200046147954729,0.8997990634653328,0.9813256662882296,0.5740238660545399,5.8174741193797805,2.912146684794831,4.462053764543793
ct_w6_i4,6,evaluation,width3,42,256,protected_ray_star,48,48,0.5454334226536175,0.9660760057900595,0.9797207978466747,0.9813256662882296,0.49756325213774083,5.8174741193797805,3.1460054826424657,4.462053764543793
ct_w6_i4,6,evaluation,width3,50,256,sampled_adam,48,47,0.9187659687520697,0.16028141522011163,0.11707324074182082,0.9880602869222884,0.9965812922406666,6.0419493700595535,0.1385640511907544,4.551716108717891
ct_w6_i4,6,evaluation,width3,50,256,sampled_diagonal_fisher,48,47,0.9187659687520697,0.2934573705327651,0.24133746508910842,0.9880602869222884,0.9565664893867005,6.0419493700595535,1.9767567217990234,4.551716108717891
ct_w6_i4,6,evaluation,width3,50,256,sampled_two_block_fisher,48,47,0.9187659687520697,0.14197050017804633,0.07793081796735594,0.9880602869222884,1.0057461517292834,6.0419493700595535,1.9331937058616229,4.551716108717891
ct_w6_i4,6,evaluation,width3,50,256,sampled_star_fisher,48,47,0.9187659687520697,0.7226739386866262,0.6771220744682677,0.9880602869222884,0.7659190596851978,6.0419493700595535,2.372611012138973,4.551716108717891
ct_w6_i4,6,evaluation,width3,50,256,sampled_full_fisher,48,47,0.9187659687520697,0.7927763121449972,0.7421974147199624,0.9880602869222884,0.7146276559313728,6.0419493700595535,2.5357977856463996,4.551716108717891
ct_w6_i4,6,evaluation,width3,50,256,protected_ray_star,48,47,0.9187659687520697,0.9789168590903157,0.979148926197565,0.9880602869222884,0.5014095733494291,6.0419493700595535,3.1478429062409905,4.551716108717891
ct_w6_i4,6,evaluation,width3,101,256,sampled_adam,48,47,0.5363699989258209,0.3540275288711489,0.3278050234517792,0.9882016792643621,0.991906453569633,5.883259676564192,0.13856405713281414,4.083192869626055
ct_w6_i4,6,evaluation,width3,101,256,sampled_diagonal_fisher,48,47,0.5363699989258209,0.3201535815425073,0.3017193955684154,0.9882016792643621,0.9615599269073902,5.883259676564192,2.851978536079017,4.083192869626055
ct_w6_i4,6,evaluation,width3,101,256,sampled_two_block_fisher,48,47,0.5363699989258209,0.23649774842552504,0.20324824991388263,0.9882016792643621,0.9807269284729236,5.883259676564192,2.175342565629386,4.083192869626055
ct_w6_i4,6,evaluation,width3,101,256,sampled_star_fisher,48,47,0.5363699989258209,0.7038308772301463,0.6883009640720792,0.9882016792643621,0.7328023059916755,5.883259676564192,3.082207001484488,4.083192869626055
ct_w6_i4,6,evaluation,width3,101,256,sampled_full_fisher,48,47,0.5363699989258209,0.882146738815053,0.866626833750184,0.9882016792643621,0.6262319201382821,5.883259676564192,2.7616775236812834,4.083192869626055
ct_w6_i4,6,evaluation,width3,101,256,protected_ray_star,48,47,0.5363699989258209,0.9699584087235026,0.9796380866380773,0.9882016792643621,0.4985556673165022,5.883259676564192,3.1462711010573385,4.083192869626055
ct_w6_i5,6,evaluation,chain,0,256,sampled_adam,31,25,2.0032325164398745,0.6262048777541659,-0.5719336071244905,-0.8220903917412523,0.9769547116088754,2.9694488178788156,0.11135527802562632,9.753716014178067
ct_w6_i5,6,evaluation,chain,0,256,sampled_diagonal_fisher,31,25,2.0032325164398745,0.7849865093756738,-0.6580692569690517,-0.8220903917412523,0.6299007225742712,2.9694488178788156,2.669269563007828,9.753716014178067
ct_w6_i5,6,evaluation,chain,0,256,sampled_two_block_fisher,31,25,2.0032325164398745,0.8416409494353916,-0.7595897502575916,-0.8220903917412523,0.543065692260623,2.9694488178788156,2.6692695630078282,9.753716014178067
ct_w6_i5,6,evaluation,chain,0,256,sampled_star_fisher,31,25,2.0032325164398745,0.5111242235197442,-0.1617143936351989,-0.8220903917412523,0.9429371368861788,2.9694488178788156,2.669269563007828,9.753716014178067
ct_w6_i5,6,evaluation,chain,0,256,sampled_full_fisher,31,25,2.0032325164398745,0.8596668748673751,-0.7325710478118067,-0.8220903917412523,0.5123601746906511,2.9694488178788156,2.6692695630078282,9.753716014178067
ct_w6_i5,6,evaluation,chain,0,256,protected_ray_star,31,25,2.0032325164398745,0.817552623798277,-0.9796509790527077,-0.8220903917412523,0.5844773066792671,2.9694488178788156,2.7247148424114567,9.753716014178067
ct_w6_i5,6,evaluation,chain,19,256,sampled_adam,31,27,2.187230907973081,0.6898945938834604,-0.6055767564787696,-0.807020589149631,0.9742249374364471,2.936460189810493,0.11135528080608102,9.991330254683723
ct_w6_i5,6,evaluation,chain,19,256,sampled_diagonal_fisher,31,27,2.187230907973081,0.7456319863411911,-0.63777416371293,-0.807020589149631,0.6860940759410967,2.936460189810493,2.669269563007828,9.991330254683723
ct_w6_i5,6,evaluation,chain,19,256,sampled_two_block_fisher,31,27,2.187230907973081,0.8206944734759775,-0.7097699454079195,-0.807020589149631,0.5781523036921613,2.936460189810493,2.6692695630078282,9.991330254683723
ct_w6_i5,6,evaluation,chain,19,256,sampled_star_fisher,31,27,2.187230907973081,0.5196947106698176,-0.15303420058385223,-0.807020589149631,0.9388733895612625,2.936460189810493,2.6692695630078282,9.991330254683723
ct_w6_i5,6,evaluation,chain,19,256,sampled_full_fisher,31,27,2.187230907973081,0.8113813991697711,-0.6275447392945928,-0.807020589149631,0.5862519519520397,2.936460189810493,2.5149296128871725,9.991330254683723
ct_w6_i5,6,evaluation,chain,19,256,protected_ray_star,31,27,2.187230907973081,0.8271184704942628,-0.9803456177852619,-0.807020589149631,0.570874812154726,2.936460189810493,2.7227842044503467,9.991330254683723
ct_w6_i5,6,evaluation,chain,42,256,sampled_adam,31,28,2.2107173337050523,0.6949236114746054,-0.6055767835140874,-0.8434668745849092,0.9726339201667825,2.784447019314535,0.11135528051901541,9.530516038043794
ct_w6_i5,6,evaluation,chain,42,256,sampled_diagonal_fisher,31,28,2.2107173337050523,0.850682386890076,-0.7072068450408565,-0.8434668745849092,0.5366501056974217,2.784447019314535,2.669269563007828,9.530516038043794
ct_w6_i5,6,evaluation,chain,42,256,sampled_two_block_fisher,31,28,2.2107173337050523,0.8978687924762875,-0.7677745439321932,-0.8434668745849092,0.4444369647281743,2.784447019314535,2.669269563007828,9.530516038043794
ct_w6_i5,6,evaluation,chain,42,256,sampled_star_fisher,31,28,2.2107173337050523,0.49234995237783946,-0.1771020890181619,-0.8434668745849092,0.9874278050279459,2.784447019314535,2.669269563007828,9.530516038043794
ct_w6_i5,6,evaluation,chain,42,256,sampled_full_fisher,31,28,2.2107173337050523,0.8272898948442283,-0.6513632118444688,-0.8434668745849092,0.5769255404664986,2.784447019314535,2.669269563007828,9.530516038043794
ct_w6_i5,6,evaluation,chain,42,256,protected_ray_star,31,28,2.2107173337050523,0.8191955252996123,-0.9805053084994794,-0.8434668745849092,0.595013335174579,2.784447019314535,2.7223407562094244,9.530516038043794
ct_w6_i5,6,evaluation,chain,50,256,sampled_adam,31,24,2.3279970214872923,0.5471970683046202,-0.5129891615033194,-0.7226012667345307,0.9783043268143887,2.689209049110462,0.1095445037253491,9.468151907527641
ct_w6_i5,6,evaluation,chain,50,256,sampled_diagonal_fisher,31,24,2.3279970214872923,0.6550676290982494,-0.5899132490011305,-0.7226012667345307,0.827529230741952,2.689209049110462,2.6692695630078282,9.468151907527641
ct_w6_i5,6,evaluation,chain,50,256,sampled_two_block_fisher,31,24,2.3279970214872923,0.6845341873820384,-0.6257360957553185,-0.7226012667345307,0.7913965367194011,2.689209049110462,2.669269563007828,9.468151907527641
ct_w6_i5,6,evaluation,chain,50,256,sampled_star_fisher,31,24,2.3279970214872923,0.39075468161571636,-0.042910796825158894,-0.7226012667345307,1.0997776857447197,2.689209049110462,2.6692695630078274,9.468151907527641
ct_w6_i5,6,evaluation,chain,50,256,sampled_full_fisher,31,24,2.3279970214872923,0.7274574383207532,-0.503307673875989,-0.7226012667345307,0.6871124971887098,2.689209049110462,2.0539115025335333,9.468151907527641
ct_w6_i5,6,evaluation,chain,50,256,protected_ray_star,31,24,2.3279970214872923,0.6545955214181008,-0.9811929506415572,-0.7226012667345307,0.8360410289550071,2.689209049110462,2.7204328784287686,9.468151907527641
ct_w6_i5,6,evaluation,chain,101,256,sampled_adam,31,27,2.142781973570435,0.6097292030015617,-0.5046475481806635,-0.8495509206747739,0.9787286783765862,3.1321852222675814,0.11135526785051736,10.140334755491809
ct_w6_i5,6,evaluation,chain,101,256,sampled_diagonal_fisher,31,27,2.142781973570435,0.8368906142920488,-0.6795555916305491,-0.8495509206747739,0.5475844094091188,3.1321852222675814,2.669269563007828,10.140334755491809
ct_w6_i5,6,evaluation,chain,101,256,sampled_two_block_fisher,31,27,2.142781973570435,0.8366964224636676,-0.6778783236852769,-0.8495509206747739,0.5478865472188871,3.1321852222675814,2.6692695630078274,10.140334755491809
ct_w6_i5,6,evaluation,chain,101,256,sampled_star_fisher,31,27,2.142781973570435,0.48890565346591175,-0.18720421766496517,-0.8495509206747739,0.9449650730029571,3.1321852222675814,2.669269563007828,10.140334755491809
ct_w6_i5,6,evaluation,chain,101,256,sampled_full_fisher,31,27,2.142781973570435,0.8780888158932301,-0.604115550384118,-0.8495509206747739,0.47919715134470126,3.1321852222675814,2.669269563007828,10.140334755491809
ct_w6_i5,6,evaluation,chain,101,256,protected_ray_star,31,27,2.142781973570435,0.8670242696531694,-0.9807673149024223,-0.8495509206747739,0.49826950911651224,3.1321852222675814,2.721613498379477,10.140334755491809
ct_w6_i5,6,evaluation,problem_tree,0,256,sampled_adam,31,27,1.1552214493572022,0.5011867473761087,0.03126531565567267,0.5927205157353356,0.9790832718369713,2.580299375598148,0.11135527762261693,6.144526618782983
ct_w6_i5,6,evaluation,problem_tree,0,256,sampled_diagonal_fisher,31,27,1.1552214493572022,0.5261226029139391,0.003139223870315584,0.5927205157353356,1.0333468731324478,2.580299375598148,2.8722813232690148,6.144526618782983
ct_w6_i5,6,evaluation,problem_tree,0,256,sampled_two_block_fisher,31,27,1.1552214493572022,0.32614296394485925,-0.37420034622442033,0.5927205157353356,1.23005028227285,2.580299375598148,2.8722813232690148,6.144526618782983
ct_w6_i5,6,evaluation,problem_tree,0,256,sampled_star_fisher,31,27,1.1552214493572022,0.7745876158557508,0.3143423554362209,0.5927205157353356,0.717386955184905,2.580299375598148,2.8722813232690148,6.144526618782983
ct_w6_i5,6,evaluation,problem_tree,0,256,sampled_full_fisher,31,27,1.1552214493572022,0.7887462344600817,0.10553161355714168,0.5927205157353356,0.6150519021577309,2.580299375598148,2.0874143797083344,6.144526618782983
ct_w6_i5,6,evaluation,problem_tree,0,256,protected_ray_star,31,27,1.1552214493572022,0.8213089960003899,0.8822783045958017,0.5927205157353356,0.662156314449374,2.580299375598148,1.2518453636786762,6.144526618782983
ct_w6_i5,6,evaluation,problem_tree,19,256,sampled_adam,31,28,0.9552982784040002,0.28402655108943237,-0.031265237044266626,0.7556038140224558,0.9898844691800608,2.932484795608948,0.1113552806361115,6.224888542724692
ct_w6_i5,6,evaluation,problem_tree,19,256,sampled_diagonal_fisher,31,28,0.9552982784040002,0.3960145099475199,0.08878398673722034,0.7556038140224558,1.087930600762394,2.932484795608948,2.8722813232690148,6.224888542724692
ct_w6_i5,6,evaluation,problem_tree,19,256,sampled_two_block_fisher,31,28,0.9552982784040002,0.2040045835525207,-0.2538538486005007,0.7556038140224558,1.1493720184136569,2.932484795608948,2.3642534541816698,6.224888542724692
ct_w6_i5,6,evaluation,problem_tree,19,256,sampled_star_fisher,31,28,0.9552982784040002,0.6067236589276173,0.3405341883197611,0.7556038140224558,0.8779671682171621,2.932484795608948,2.8722813232690143,6.224888542724692
ct_w6_i5,6,evaluation,problem_tree,19,256,sampled_full_fisher,31,28,0.9552982784040002,0.7003410225045806,0.26811459549109024,0.7556038140224558,0.7245113419657704,2.932484795608948,1.6898957593216648,6.224888542724692
ct_w6_i5,6,evaluation,problem_tree,19,256,protected_ray_star,31,28,0.9552982784040002,0.8187980202862158,0.9512132126410343,0.7556038140224558,0.5963065949082278,2.932484795608948,1.9281569175610056,6.224888542724692
ct_w6_i5,6,evaluation,problem_tree,42,256,sampled_adam,31,26,1.2842983806938677,0.5101822397108028,0.03126523803041299,0.6846946109457981,0.9793054365611061,2.660138323264404,0.11135527719520892,5.910582322018626
ct_w6_i5,6,evaluation,problem_tree,42,256,sampled_diagonal_fisher,31,26,1.2842983806938677,0.43806208006335284,-0.10124373104161805,0.6846946109457981,1.1044743266253452,2.660138323264404,2.8722813232690148,5.910582322018626
ct_w6_i5,6,evaluation,problem_tree,42,256,sampled_two_block_fisher,31,26,1.2842983806938677,0.11686515051546294,-0.42166829466101385,0.6846946109457981,1.3832886811919478,2.660138323264404,2.8722813232690143,5.910582322018626
ct_w6_i5,6,evaluation,problem_tree,42,256,sampled_star_fisher,31,26,1.2842983806938677,0.7492374241836965,0.3553784930160743,0.6846946109457981,0.7401899024753658,2.660138323264404,2.8722813232690143,5.910582322018626
ct_w6_i5,6,evaluation,problem_tree,42,256,sampled_full_fisher,31,26,1.2842983806938677,0.35941349745968293,-0.16267271558511548,0.6846946109457981,1.1788574863248609,2.660138323264404,2.872281323269014,5.910582322018626
ct_w6_i5,6,evaluation,problem_tree,42,256,protected_ray_star,31,26,1.2842983806938677,0.6969666503074965,0.2831734880851337,0.6846946109457981,0.8578339315975191,2.660138323264404,0.6016658602091265,5.910582322018626
ct_w6_i5,6,evaluation,problem_tree,50,256,sampled_adam,31,28,1.4285037531451112,0.32248562445313583,0.031265285185958364,0.6858521519163154,0.9888038761843841,3.0424202749267013,0.11135527841411592,6.5914429124359435
ct_w6_i5,6,evaluation,problem_tree,50,256,sampled_diagonal_fisher,31,28,1.4285037531451112,0.42267628826800313,-0.08925165859878322,0.6858521519163154,1.025738310372514,3.0424202749267013,2.747569800109318,6.5914429124359435
ct_w6_i5,6,evaluation,problem_tree,50,256,sampled_two_block_fisher,31,28,1.4285037531451112,0.2578177181098514,-0.301795258486619,0.6858521519163154,1.1682405853760236,3.0424202749267013,2.782349913795762,6.5914429124359435
ct_w6_i5,6,evaluation,problem_tree,50,256,sampled_star_fisher,31,28,1.4285037531451112,0.6678380690213414,0.3506734099581779,0.6858521519163154,0.7939147821843248,3.0424202749267013,2.872281323269014,6.5914429124359435
ct_w6_i5,6,evaluation,problem_tree,50,256,sampled_full_fisher,31,28,1.4285037531451112,0.6246271961481072,0.09600631910299892,0.6858521519163154,0.7865016397389942,3.0424202749267013,2.1848726178516604,6.5914429124359435
ct_w6_i5,6,evaluation,problem_tree,50,256,protected_ray_star,31,28,1.4285037531451112,0.8135681934507668,0.8587014591580208,0.6858521519163154,0.7243442213291302,3.0424202749267013,1.161088874760057,6.5914429124359435
ct_w6_i5,6,evaluation,problem_tree,101,256,sampled_adam,31,28,1.456605414452001,0.43166354158482984,0.09379581746374716,0.7985662640821808,0.984092901517559,2.9110592637739336,0.11135527854171275,6.2313757000393135
ct_w6_i5,6,evaluation,problem_tree,101,256,sampled_diagonal_fisher,31,28,1.456605414452001,0.37455905285474117,0.010695049719962208,0.7985662640821808,1.0007323451187393,2.9110592637739336,2.186406255533883,6.2313757000393135
ct_w6_i5,6,evaluation,problem_tree,101,256,sampled_two_block_fisher,31,28,1.456605414452001,0.14878961337065602,-0.29345379801527743,0.7985662640821808,1.1514309386550616,2.9110592637739336,2.1502447453193025,6.2313757000393135
ct_w6_i5,6,evaluation,problem_tree,101,256,sampled_star_fisher,31,28,1.456605414452001,0.7370364657172229,0.45978883125617,0.7985662640821808,0.6825321955529812,2.9110592637739336,2.4228411439057247,6.2313757000393135
ct_w6_i5,6,evaluation,problem_tree,101,256,sampled_full_fisher,31,28,1.456605414452001,0.705933650539454,0.31537703058259203,0.7985662640821808,0.7105089715964394,2.9110592637739336,1.8912351334274213,6.2313757000393135
ct_w6_i5,6,evaluation,problem_tree,101,256,protected_ray_star,31,28,1.456605414452001,0.8761148516007615,0.910108739520922,0.7985662640821808,0.6132159300732767,2.9110592637739336,1.4472459745974242,6.2313757000393135
ct_w6_i5,6,evaluation,width2,0,256,sampled_adam,42,39,0.8062566623832179,0.33394805111333015,0.21935930316350868,0.9344702831048111,0.9904635234329491,4.357483019423314,0.12961479501381515,5.277042710539523
ct_w6_i5,6,evaluation,width2,0,256,sampled_diagonal_fisher,42,39,0.8062566623832179,0.2529994501483757,0.10996473315208664,0.9344702831048111,1.0217312291544642,4.357483019423314,2.534080739101446,5.277042710539523
ct_w6_i5,6,evaluation,width2,0,256,sampled_two_block_fisher,42,39,0.8062566623832179,0.12218818127143011,-0.0982750010985437,0.9344702831048111,1.0613138339330968,4.357483019423314,2.170504660967979,5.277042710539523
ct_w6_i5,6,evaluation,width2,0,256,sampled_star_fisher,42,39,0.8062566623832179,0.5870607193460046,0.47185629966280873,0.9344702831048111,0.8105408184471727,4.357483019423314,2.733314055932789,5.277042710539523
ct_w6_i5,6,evaluation,width2,0,256,sampled_full_fisher,42,39,0.8062566623832179,0.6552225913120368,0.4741856748843128,0.9344702831048111,0.7697990449106835,4.357483019423314,2.2101665206771006,5.277042710539523
ct_w6_i5,6,evaluation,width2,0,256,protected_ray_star,42,39,0.8062566623832179,0.9517074782232849,0.978536905326953,0.9344702831048111,0.3962886930933018,4.357483019423314,3.055137899757048,5.277042710539523
ct_w6_i5,6,evaluation,width2,19,256,sampled_adam,42,38,0.9374024282275526,0.177550311059344,0.012903540659703686,0.9372049128912674,0.9951734949072549,4.381431247870961,0.12961480305379888,5.46156599410091
ct_w6_i5,6,evaluation,width2,19,256,sampled_diagonal_fisher,42,38,0.9374024282275526,0.25476757977592235,0.06290047673478215,0.9372049128912674,1.0134718120951158,4.381431247870961,2.4454289882917175,5.46156599410091
ct_w6_i5,6,evaluation,width2,19,256,sampled_two_block_fisher,42,38,0.9374024282275526,0.03235473190266124,-0.1756566533139149,0.9372049128912674,1.1162714949399357,4.381431247870961,2.3197715739747777,5.46156599410091
ct_w6_i5,6,evaluation,width2,19,256,sampled_star_fisher,42,38,0.9374024282275526,0.7640581678982565,0.5973216319658533,0.9372049128912674,0.6692068792821955,4.381431247870961,2.568527993747318,5.46156599410091
ct_w6_i5,6,evaluation,width2,19,256,sampled_full_fisher,42,38,0.9374024282275526,0.5695728618695919,0.35264851160251043,0.9372049128912674,0.8230534540122574,4.381431247870961,2.3081013426190866,5.46156599410091
ct_w6_i5,6,evaluation,width2,19,256,protected_ray_star,42,38,0.9374024282275526,0.9656406394941143,0.978273368041475,0.9372049128912674,0.37342770710993656,4.381431247870961,3.0559609240518584,5.46156599410091
ct_w6_i5,6,evaluation,width2,42,256,sampled_adam,42,41,0.8076869744579784,0.15487829089915509,0.012903535689958882,0.9570824540011443,0.9960458629655868,4.626850086797272,0.1296147945925355,4.8354369233768715
ct_w6_i5,6,evaluation,width2,42,256,sampled_diagonal_fisher,42,41,0.8076869744579784,0.2861277502090609,0.18040852278266742,0.9570824540011443,0.9798630451780841,4.626850086797272,2.2720999460210916,4.8354369233768715
ct_w6_i5,6,evaluation,width2,42,256,sampled_two_block_fisher,42,41,0.8076869744579784,0.16404068516207582,0.024233462975374275,0.9570824540011443,1.040917385968704,4.626850086797272,2.2964595558376355,4.8354369233768715
ct_w6_i5,6,evaluation,width2,42,256,sampled_star_fisher,42,41,0.8076869744579784,0.7586868658071236,0.6581467435619014,0.9570824540011443,0.6884647376868849,4.626850086797272,2.4799914887865753,4.8354369233768715
ct_w6_i5,6,evaluation,width2,42,256,sampled_full_fisher,42,41,0.8076869744579784,0.6407261307393602,0.49756782356292334,0.9570824540011443,0.7824143461941004,4.626850086797272,2.2674049681807116,4.8354369233768715
ct_w6_i5,6,evaluation,width2,42,256,protected_ray_star,42,41,0.8076869744579784,0.9673658729222396,0.9800404904030995,0.9570824540011443,0.39888852441026723,4.626850086797272,3.0504506855076112,4.8354369233768715
ct_w6_i5,6,evaluation,width2,50,256,sampled_adam,42,40,1.6317053299486288,0.45861574663145793,0.2967796963671198,0.9410841009282926,0.9871523358756378,4.5108069253767065,0.1296144643004389,5.244734501121813
ct_w6_i5,6,evaluation,width2,50,256,sampled_diagonal_fisher,42,40,1.6317053299486288,0.3718263249835555,0.215408637621696,0.9410841009282926,0.9327762213336908,4.5108069253767065,2.0888412828281275,5.244734501121813
ct_w6_i5,6,evaluation,width2,50,256,sampled_two_block_fisher,42,40,1.6317053299486288,0.18480123780812285,-0.01021126799302357,0.9410841009282926,1.0304080631452068,4.5108069253767065,2.2304407237822725,5.244734501121813
ct_w6_i5,6,evaluation,width2,50,256,sampled_star_fisher,42,40,1.6317053299486288,0.7664177254489255,0.677372271291345,0.9410841009282926,0.6739337651502635,4.5108069253767065,2.53732435039512,5.244734501121813
ct_w6_i5,6,evaluation,width2,50,256,sampled_full_fisher,42,40,1.6317053299486288,0.7168472173468784,0.5598172324936929,0.9410841009282926,0.7184009871851041,4.5108069253767065,2.452656613911642,5.244734501121813
ct_w6_i5,6,evaluation,width2,50,256,protected_ray_star,42,40,1.6317053299486288,0.9556719650541508,0.9776930941936113,0.9410841009282926,0.4130749699002957,4.5108069253767065,3.0039639431374905,5.244734501121813
ct_w6_i5,6,evaluation,width2,101,256,sampled_adam,42,39,0.6129067623049358,0.33891320005592496,0.3483943284622125,0.9585348628008424,0.9910430950568675,4.727171996248147,0.12961480879680176,4.510450466096517
ct_w6_i5,6,evaluation,width2,101,256,sampled_diagonal_fisher,42,39,0.6129067623049358,0.3132889290328811,0.2985885615772579,0.9585348628008424,1.0018461170521102,4.727171996248147,2.98956518577535,4.510450466096517
ct_w6_i5,6,evaluation,width2,101,256,sampled_two_block_fisher,42,39,0.6129067623049358,0.2965437757771819,0.20513716020866746,0.9585348628008424,0.9648249605347738,4.727171996248147,2.0504085701246586,4.510450466096517
ct_w6_i5,6,evaluation,width2,101,256,sampled_star_fisher,42,39,0.6129067623049358,0.5805809352427779,0.5461224558910296,0.9585348628008424,0.8158512250242284,4.727171996248147,2.9895651857753496,4.510450466096517
ct_w6_i5,6,evaluation,width2,101,256,sampled_full_fisher,42,39,0.6129067623049358,0.7295830146993311,0.5989679356866626,0.9585348628008424,0.718880873743098,4.727171996248147,2.401594822937174,4.510450466096517
ct_w6_i5,6,evaluation,width2,101,256,protected_ray_star,42,39,0.6129067623049358,0.9495368597388876,0.9789379829232161,0.9585348628008424,0.4364599496880991,4.727171996248147,3.0538861888351505,4.510450466096517
ct_w6_i5,6,evaluation,width3,0,256,sampled_adam,47,46,0.8308194824069453,0.10428664802222212,0.07194024203494992,0.9838219714775283,0.9976371028570626,5.308350750314296,0.13711306475732982,4.954397125771562
ct_w6_i5,6,evaluation,width3,0,256,sampled_diagonal_fisher,47,46,0.8308194824069453,0.2880881926782866,0.24139207061860868,0.9838219714775283,0.9576075084568009,5.308350750314296,1.5152818540007635,4.954397125771562
ct_w6_i5,6,evaluation,width3,0,256,sampled_two_block_fisher,47,46,0.8308194824069453,0.17184832495138475,0.12624051703517142,0.9838219714775283,0.9940973820907297,5.308350750314296,1.6196862213885945,4.954397125771562
ct_w6_i5,6,evaluation,width3,0,256,sampled_star_fisher,47,46,0.8308194824069453,0.8077425256773787,0.7770917502850688,0.9838219714775283,0.731712386645084,5.308350750314296,1.9870468453244092,4.954397125771562
ct_w6_i5,6,evaluation,width3,0,256,sampled_full_fisher,47,46,0.8308194824069453,0.7731760064977097,0.7240870759474505,0.9838219714775283,0.717393761957137,5.308350750314296,2.324171017621006,4.954397125771562
ct_w6_i5,6,evaluation,width3,0,256,protected_ray_star,47,46,0.8308194824069453,0.972982965253244,0.9778519631423099,0.9838219714775283,0.4506906653576894,5.308350750314296,3.1102675862874842,4.954397125771562
ct_w6_i5,6,evaluation,width3,19,256,sampled_adam,47,46,0.7053225474625414,0.2095737650870493,0.16786041180444436,0.9786735573014285,0.9949519415460125,5.358358188820949,0.1371130587029114,5.08600097432114
ct_w6_i5,6,evaluation,width3,19,256,sampled_diagonal_fisher,47,46,0.7053225474625414,0.28550094806592635,0.18822100377367657,0.9786735573014285,0.9642834469741587,5.358358188820949,2.1007608476424275,5.08600097432114
ct_w6_i5,6,evaluation,width3,19,256,sampled_two_block_fisher,47,46,0.7053225474625414,0.38035683750517935,0.2626563750034919,0.9786735573014285,0.9250528247745127,5.358358188820949,2.1444556286627363,5.08600097432114
ct_w6_i5,6,evaluation,width3,19,256,sampled_star_fisher,47,46,0.7053225474625414,0.6951385005587235,0.6357091896448002,0.9786735573014285,0.7489319114097513,5.358358188820949,2.599334822890555,5.08600097432114
ct_w6_i5,6,evaluation,width3,19,256,sampled_full_fisher,47,46,0.7053225474625414,0.8623369409580978,0.7962946208058348,0.9786735573014285,0.6222230385611938,5.358358188820949,2.6828911814743814,5.08600097432114
ct_w6_i5,6,evaluation,width3,19,256,protected_ray_star,47,46,0.7053225474625414,0.9728971434188324,0.977253170253075,0.9786735573014285,0.4551984450097029,5.358358188820949,3.1121733423095423,5.08600097432114
ct_w6_i5,6,evaluation,width3,42,256,sampled_adam,47,46,0.4885367553545739,0.39639367373446716,0.35970018110642277,0.9849730797004362,0.9903210396839558,5.464049219446025,0.13711294905412252,4.526443527626279
ct_w6_i5,6,evaluation,width3,42,256,sampled_diagonal_fisher,47,46,0.4885367553545739,0.3322683071456194,0.2992016002709216,0.9849730797004362,0.9431850480878321,5.464049219446025,1.8183318480183006,4.526443527626279
ct_w6_i5,6,evaluation,width3,42,256,sampled_two_block_fisher,47,46,0.4885367553545739,0.4038160753700589,0.3683800889579754,0.9849730797004362,0.917216969153376,5.464049219446025,1.8459102630120776,4.526443527626279
ct_w6_i5,6,evaluation,width3,42,256,sampled_star_fisher,47,46,0.4885367553545739,0.8199169191506942,0.7759546926840498,0.9849730797004362,0.6953206538875346,5.464049219446025,2.3237766878723707,4.526443527626279
ct_w6_i5,6,evaluation,width3,42,256,sampled_full_fisher,47,46,0.4885367553545739,0.889043993713857,0.8497815234511119,0.9849730797004362,0.5824857839637813,5.464049219446025,2.8900477926989367,4.526443527626279
ct_w6_i5,6,evaluation,width3,42,256,protected_ray_star,47,46,0.4885367553545739,0.9776504899457983,0.9798773547406003,0.9849730797004362,0.4604066106188555,5.464049219446025,3.103838710462131,4.526443527626279
ct_w6_i5,6,evaluation,width3,50,256,sampled_adam,47,45,1.1380661406165995,0.3071786922813601,0.23980100474423086,0.9645257177743786,0.9919572851081818,5.024399987685396,0.13711296391121952,4.688662367566513
ct_w6_i5,6,evaluation,width3,50,256,sampled_diagonal_fisher,47,45,1.1380661406165995,0.3253821785050909,0.22492917652094405,0.9645257177743786,0.947823906658911,5.024399987685396,1.9621589315506032,4.688662367566513
ct_w6_i5,6,evaluation,width3,50,256,sampled_two_block_fisher,47,45,1.1380661406165995,0.369547140064733,0.2352019457212399,0.9645257177743786,0.9309225124145976,5.024399987685396,2.140166790881041,4.688662367566513
ct_w6_i5,6,evaluation,width3,50,256,sampled_star_fisher,47,45,1.1380661406165995,0.682018481518896,0.6530047132527527,0.9645257177743786,0.7710861736152202,5.024399987685396,2.198855239352208,4.688662367566513
ct_w6_i5,6,evaluation,width3,50,256,sampled_full_fisher,47,45,1.1380661406165995,0.723078634898642,0.637862940490944,0.9645257177743786,0.7281174816161868,5.024399987685396,2.4763567753436706,4.688662367566513
ct_w6_i5,6,evaluation,width3,50,256,protected_ray_star,47,45,1.1380661406165995,0.9638734682208496,0.980174847317392,0.9645257177743786,0.4368948007131979,5.024399987685396,3.102896665296979,4.688662367566513
ct_w6_i5,6,evaluation,width3,101,256,sampled_adam,47,46,0.557414813344849,0.18290546590644627,0.19184046483079023,0.982431640929911,0.9956643387465397,5.394048478268586,0.13711306564178213,4.437817959336138
ct_w6_i5,6,evaluation,width3,101,256,sampled_diagonal_fisher,47,46,0.557414813344849,0.2881068346561655,0.2664394432701733,0.982431640929911,0.9651957207875295,5.394048478268586,2.2060134421961815,4.437817959336138
ct_w6_i5,6,evaluation,width3,101,256,sampled_two_block_fisher,47,46,0.557414813344849,0.23196234809153923,0.18156122294156768,0.982431640929911,0.9808828646660442,5.394048478268586,1.9321862008118542,4.437817959336138
ct_w6_i5,6,evaluation,width3,101,256,sampled_star_fisher,47,46,0.557414813344849,0.7766277127346881,0.7733228081600929,0.982431640929911,0.7008383325046259,5.394048478268586,2.5325273580675596,4.437817959336138
ct_w6_i5,6,evaluation,width3,101,256,sampled_full_fisher,47,46,0.557414813344849,0.7826156869423808,0.727429690651005,0.982431640929911,0.6995362853645587,5.394048478268586,2.500111835925552,4.437817959336138
ct_w6_i5,6,evaluation,width3,101,256,protected_ray_star,47,46,0.557414813344849,0.9654057275845687,0.9788201153295973,0.982431640929911,0.46861171682852554,5.394048478268586,3.107191216769169,4.437817959336138
