instance_id,instance_width,split,graph,sample_budget,seed,method,parameter_dimension,success,first_success_step,minimum_gap,initial_gradient_rms,sample_batches,total_samples,stored_metric_entries,first_direction_cosine_exact_ng,first_direction_cosine_projected_target,first_sample_rank,first_sample_alignment_residual,final_gap,final_pstar,final_dominant_probability,final_dominant_gap,final_dominant_hamming,final_dominant_local_min,final_gradient_rms,final_gradient_ratio,final_fisher_condition,final_fisher_rank,final_fisher_min_kept,final_fisher_max,final_trap_candidate
ct_w3_i1,3,calibration,chain,256,0,sampled_adam,31,0,,1.050975047565654,0.3571014757154819,199,50944,62,,-0.4458092665037018,25,2.0403168184177938,1.050975047565654,2.754488428751915e-20,0.9628867345378358,1.0,9,1,0.0113938086744822,0.0319063612147047,334007.75634426135,31,2.2976967712181614e-07,0.0767448543314031,1
ct_w3_i1,3,calibration,chain,256,0,sampled_diagonal_fisher,31,0,,1.0000338252666197,0.3571014757154819,199,50944,31,,-0.5587139143864484,25,2.0403168184177938,1.0000338252666197,1.2119387525454612e-40,0.999961129063939,1.0,9,1,9.79835999311963e-06,2.7438587234868792e-05,13529028.819008052,31,1.031898338784308e-11,0.0001396058236369,1
ct_w3_i1,3,calibration,chain,256,0,sampled_two_block_fisher,31,0,,1.000090631621939,0.3571014757154819,199,50944,256,,-0.6353575012592894,25,2.0403168184177938,1.000090631621939,1.4292783510873992e-38,0.9999155586364532,1.0,9,1,2.462025353082344e-05,6.894469837038547e-05,3148573.4898578096,31,9.812062585058058e-11,0.0003089400013613,1
ct_w3_i1,3,calibration,chain,256,0,sampled_star_fisher,31,0,,1.000046686066197,0.3571014757154819,199,50944,90,,-0.3256337670508067,25,2.0403168184177938,1.000046686066197,1.149317561213355e-37,0.8204400119982364,1.0,9,1,1.0319090801959333e-05,2.8896802460096784e-05,,-1,,,0
ct_w3_i1,3,calibration,chain,256,0,sampled_full_fisher,31,0,,1.000115640043699,0.3571014757154819,199,50944,496,,-0.6589618388778631,25,2.0403168184177938,1.000115640043699,3.257376789893862e-40,0.9999095595162208,1.0,9,1,2.562255178905924e-05,7.175145870714301e-05,575132.9111362181,31,3.65870203054305e-10,0.0002104239949806,1
ct_w3_i1,3,calibration,chain,256,0,protected_ray_star,31,0,,4.533754650310591,0.3571014757154819,199,50944,90,,-0.9806981695552084,25,2.0403168184177938,5.02792050922394,4.1147497894446994e-08,0.0139770798700555,1.0,9,1,0.3131054874897748,0.8767969576783249,,-1,,,0
ct_w3_i1,3,calibration,chain,256,19,sampled_adam,31,0,,3.035563535686695,0.3738585704099483,199,50944,62,,-0.5806108814135805,24,1.9090500215648287,3.035563535686695,9.634133222241456e-21,0.9673069816470172,3.0,11,1,0.0083605921602715,0.0223629811431201,12575.103262699107,31,5.866790354887073e-06,0.073775494533312,1
ct_w3_i1,3,calibration,chain,256,19,sampled_diagonal_fisher,31,0,,3.000078828959067,0.3738585704099483,199,50944,31,,-0.6940911156491573,24,1.9090500215648287,3.000078828959067,1.869360773276712e-35,0.9998879685687192,3.0,11,1,2.34398213348448e-05,6.269702820813299e-05,3502770.024020584,31,1.52583717803331e-10,0.0005344656728751,1
ct_w3_i1,3,calibration,chain,256,19,sampled_two_block_fisher,31,0,,2.0000518744580558,0.3738585704099483,199,50944,256,,-0.8032178689455722,24,1.9090500215648287,2.0000518744580558,3.6736326803447335e-43,0.9999500166083646,2.0,11,1,1.3467868679003995e-05,3.602396666802645e-05,982328.8503548309,31,1.591866538352695e-10,0.0001563736426538,1
ct_w3_i1,3,calibration,chain,256,19,sampled_star_fisher,31,0,,3.000149408447788,0.3738585704099483,199,50944,90,,-0.1407226721544767,24,1.9090500215648287,3.000149408447788,1.044079328074951e-30,0.9730314813363552,3.0,8,1,5.5199315899005554e-05,0.000147647587264,257039816.47982845,31,1.2203192293844435e-09,0.313670630767783,1
ct_w3_i1,3,calibration,chain,256,19,sampled_full_fisher,31,0,,1.0001532435118907,0.3738585704099483,199,50944,496,,-0.7324959981314799,24,1.9090500215648287,1.0001532435118907,1.9288196378418312e-36,0.999899141360748,1.0,9,1,4.736152809940212e-05,0.000126683007554,3719006.340922079,31,1.0190513944993032e-10,0.0003789858597868,1
ct_w3_i1,3,calibration,chain,256,19,protected_ray_star,31,0,,4.797453532613485,0.3738585704099483,199,50944,90,,-0.979669463253111,24,1.9090500215648287,5.866297843810703,1.1631206132851144e-07,0.0036986438085678,5.0,10,0,0.3585467315155278,0.9590437665301332,,-1,,,0
ct_w3_i1,3,calibration,chain,256,42,sampled_adam,31,0,,1.0477814833914962,0.3783620116614662,199,50944,62,,-0.580610934443619,28,1.96765432978147,1.0477814833914962,2.196553123433892e-21,0.966984131136764,1.0,9,1,0.0105959728928626,0.0280048539924332,18849.532333323947,31,4.720492218697863e-06,0.0889790707055494,1
ct_w3_i1,3,calibration,chain,256,42,sampled_diagonal_fisher,31,0,,1.0000751492476283,0.3783620116614662,199,50944,31,,-0.6606034415254001,28,1.96765432978147,1.0000751492476283,1.7414023993579032e-42,0.999938537609054,1.0,9,1,2.337539689161417e-05,6.178050695144563e-05,82147015.6661122,31,4.026506038640162e-12,0.0003307654546358,1
ct_w3_i1,3,calibration,chain,256,42,sampled_two_block_fisher,31,0,,1.000056863528158,0.3783620116614662,199,50944,256,,-0.650673776751391,28,1.96765432978147,1.000056863528158,3.386822126114021e-42,0.9999646346711129,1.0,9,1,1.7820069552044627e-05,4.7097935318064827e-05,723448.4024831144,31,1.7101998006029488e-10,0.0001237241313673,1
ct_w3_i1,3,calibration,chain,256,42,sampled_star_fisher,31,0,,1.0000735662413227,0.3783620116614662,199,50944,90,,-0.1531385569943736,28,1.96765432978147,1.0000735662413227,3.0224161819180868e-40,0.9999319869390586,1.0,9,1,2.678976848748465e-05,7.080459364788027e-05,18131764.895637505,31,2.674577264900761e-11,0.0004849480616239,1
ct_w3_i1,3,calibration,chain,256,42,sampled_full_fisher,31,0,,1.000113046947364,0.3783620116614662,199,50944,496,,-0.240838857875717,28,1.96765432978147,1.000113046947364,8.395419666733574e-41,0.9999121753569566,1.0,9,1,2.9607634891546223e-05,7.825213414405147e-05,665728.0336350917,31,3.8236810736076264e-10,0.000254553168238,1
ct_w3_i1,3,calibration,chain,256,42,protected_ray_star,31,0,,3.5863645259652426,0.3783620116614662,199,50944,90,,-0.9801017611909756,28,1.96765432978147,4.928079749274671,5.266313710822282e-10,0.0259155643731974,2.0,9,0,0.3928815912234652,1.038374834456135,,-1,,,0
ct_w3_i1,3,calibration,chain,256,50,sampled_adam,31,0,,3.0377552321594035,0.3562232892067621,199,50944,62,,-0.3668863252920347,25,1.9165853205946055,3.0377552321594035,3.2359234372212797e-20,0.9693723755904876,3.0,9,0,0.0091303855452417,0.0256310741657944,55322.95576152791,31,1.2030113425500082e-06,0.0665541432845104,1
ct_w3_i1,3,calibration,chain,256,50,sampled_diagonal_fisher,31,0,,3.0000151444494847,0.3562232892067621,199,50944,31,,-0.3440005986498645,25,1.9165853205946055,3.0000151444494847,4.665394700985325e-39,0.9994153081213064,3.0,9,0,1.1652425785358202e-05,3.271101620364525e-05,41262676.129586175,31,1.592828178178469e-10,0.0065724353246256,1
ct_w3_i1,3,calibration,chain,256,50,sampled_two_block_fisher,31,0,,1.000104494130902,0.3562232892067621,199,50944,256,,-0.4875174521184364,25,1.9165853205946055,1.000104494130902,5.19108613756961e-37,0.8565298433710066,1.0,11,1,3.2699202263604906e-05,9.179411693272352e-05,,-1,,,0
ct_w3_i1,3,calibration,chain,256,50,sampled_star_fisher,31,0,,3.000037781257822,0.3562232892067621,199,50944,90,,-0.044385421355117,25,1.9165853205946055,3.000037781257822,3.09549211229646e-34,0.9180095227531612,3.0,9,0,9.06693715562194e-06,2.545296006842279e-05,9400170742.135822,31,9.605291539155488e-11,0.9029138049605416,1
ct_w3_i1,3,calibration,chain,256,50,sampled_full_fisher,31,0,,2.0000302905088496,0.3562232892067621,199,50944,496,,-0.3753014581286734,25,1.9165853205946055,2.0000302905088496,1.955477172145543e-36,0.5651137684928537,2.0,10,0,1.0628974363981872e-05,2.983795469310967e-05,,-1,,,0
ct_w3_i1,3,calibration,chain,256,50,protected_ray_star,31,0,,5.397080193549743,0.3562232892067621,199,50944,90,,-0.9799205043511604,25,1.9165853205946055,7.598350887783604,1.2795211765719274e-06,0.0057843578561154,11.0,7,0,0.333794483906341,0.9370372292323572,,-1,,,0
ct_w3_i1,3,calibration,chain,256,101,sampled_adam,31,0,,2.040317594917552,0.3505030778623634,199,50944,62,,-0.4623206943226794,23,1.964407836626408,2.040317594917552,7.486748332176017e-22,0.9691106791717348,2.0,11,1,0.009389277775643,0.0267880037827515,78681.4988911172,31,7.376061681900905e-07,0.0580359589045298,1
ct_w3_i1,3,calibration,chain,256,101,sampled_diagonal_fisher,31,0,,1.0000490576630623,0.3505030778623634,199,50944,31,,-0.5115565396152583,23,1.964407836626408,1.0000490576630623,3.1868049760133987e-40,0.9924693196127674,1.0,9,1,1.235261150631576e-05,3.5242519357180714e-05,161460405.83501205,31,5.528639870400931e-10,0.0892656437190562,1
ct_w3_i1,3,calibration,chain,256,101,sampled_two_block_fisher,31,0,,1.000047913889592,0.3505030778623634,199,50944,256,,-0.6364277246205433,23,1.964407836626408,1.000047913889592,5.599159403985789e-40,0.9999550918812132,1.0,9,1,1.1588729589972624e-05,3.3063132171761754e-05,10734203.850433398,31,1.0933524430953483e-11,0.0001173626800455,1
ct_w3_i1,3,calibration,chain,256,101,sampled_star_fisher,31,0,,1.000063732972544,0.3505030778623634,199,50944,90,,-0.2692460866650667,23,1.964407836626408,1.000063732972544,2.744112021390214e-39,0.9804621508020204,1.0,9,1,1.6062682780766235e-05,4.582750850214724e-05,598582412.9743614,31,3.8311551342060816e-10,0.2293262084712189,1
ct_w3_i1,3,calibration,chain,256,101,sampled_full_fisher,31,0,,1.0000888941051755,0.3505030778623625,199,50944,496,,-0.5950043477756335,23,1.964407836626408,1.0000888941051755,2.393729306966017e-38,0.9781605279601098,1.0,9,1,2.118979302184216e-05,6.04553693253532e-05,39957232441.1328,31,6.396877763098759e-12,0.2556015316776507,1
ct_w3_i1,3,calibration,chain,256,101,protected_ray_star,31,0,,3.929870245907175,0.3505030778623625,199,50944,90,,-0.9804507805421444,23,1.964407836626408,5.255000804223769,1.046533507273354e-07,0.004079633806083,1.0,11,1,0.2643176304302274,0.7541092992456434,,-1,,,0
ct_w3_i1,3,calibration,problem_tree,256,0,sampled_adam,31,1,75.0,0.0995048432591776,0.5207616003950425,75,19200,62,,0.2257779995872348,25,1.012264328172393,0.0995048432591776,0.9228466073427248,0.9228466073427248,0.0,0,1,0.0224176094463301,0.0430477389832976,,-1,,,0
ct_w3_i1,3,calibration,problem_tree,256,0,sampled_diagonal_fisher,31,1,3.0,0.0308378435067773,0.5207616003950425,3,768,31,,0.0602826143728349,25,1.012264328172393,0.0308378435067773,0.973923884214757,0.973923884214757,0.0,0,1,0.0085108558274151,0.0163430940779023,,-1,,,0
ct_w3_i1,3,calibration,problem_tree,256,0,sampled_two_block_fisher,31,1,3.0,0.0330568085391007,0.5207616003950425,3,768,256,,-0.1451010236019979,25,1.012264328172393,0.0330568085391007,0.9742634314535242,0.9742634314535242,0.0,0,1,0.0067132156103666,0.0128911494343555,,-1,,,0
ct_w3_i1,3,calibration,problem_tree,256,0,sampled_star_fisher,31,1,3.0,0.0706106759422517,0.5207616003950425,3,768,98,,0.2620145917049378,25,1.012264328172393,0.0706106759422517,0.9335837372832416,0.9335837372832416,0.0,0,1,0.0234704968233619,0.0450695612071964,,-1,,,0
ct_w3_i1,3,calibration,problem_tree,256,0,sampled_full_fisher,31,1,4.0,0.0778174569064447,0.5207616003950425,4,1024,496,,0.0822936814215831,25,1.012264328172393,0.0778174569064447,0.9302885470726104,0.9302885470726104,0.0,0,1,0.0195063026626371,0.0374572599973575,,-1,,,0
ct_w3_i1,3,calibration,problem_tree,256,0,protected_ray_star,31,1,19.0,0.0753607481710822,0.5207616003950425,19,4864,98,,0.9683435251442516,25,1.012264328172393,0.0753607481710822,0.9256365155848604,0.9256365155848604,0.0,0,1,0.0346740904418744,0.0665834239997172,,-1,,,0
ct_w3_i1,3,calibration,problem_tree,256,19,sampled_adam,31,1,80.0,0.0994257604737214,0.3882653006843401,80,20480,62,,0.1411114369177675,26,1.220777867797446,0.0994257604737214,0.9303396216516302,0.9303396216516302,0.0,0,1,0.0191208591498379,0.0492468915355977,,-1,,,0
ct_w3_i1,3,calibration,problem_tree,256,19,sampled_diagonal_fisher,31,1,5.0,0.0185535398242926,0.3882653006843401,5,1280,31,,0.1898194577776551,26,1.220777867797446,0.0185535398242926,0.9820752290962664,0.9820752290962664,0.0,0,1,0.0077767679286138,0.0200295208325514,,-1,,,0
ct_w3_i1,3,calibration,problem_tree,256,19,sampled_two_block_fisher,31,1,5.0,0.0306629533052014,0.3882653006843401,5,1280,256,,-0.1314378692675119,26,1.220777867797446,0.0306629533052014,0.9722315246568904,0.9722315246568904,0.0,0,1,0.0091046512465591,0.0234495620147144,,-1,,,0
ct_w3_i1,3,calibration,problem_tree,256,19,sampled_star_fisher,31,1,5.0,0.0468341192210903,0.3882653006843401,5,1280,98,,0.5692709763148105,26,1.220777867797446,0.0468341192210903,0.956026766990864,0.956026766990864,0.0,0,1,0.0183739104005485,0.0473230813265143,,-1,,,0
ct_w3_i1,3,calibration,problem_tree,256,19,sampled_full_fisher,31,1,6.0,0.0632886774296217,0.3882653006843401,6,1536,496,,0.3460775113172089,26,1.220777867797446,0.0632886774296217,0.9421885421609214,0.9421885421609214,0.0,0,1,0.0198675588154462,0.0511700602150862,,-1,,,0
ct_w3_i1,3,calibration,problem_tree,256,19,protected_ray_star,31,1,20.0,0.0466053007562408,0.3882653006843401,20,5120,98,,0.9516863265866644,26,1.220777867797446,0.0466053007562408,0.9589846874106456,0.9589846874106456,0.0,0,1,0.0210098110037069,0.0541119975611417,,-1,,,0
ct_w3_i1,3,calibration,problem_tree,256,42,sampled_adam,31,1,88.0,0.0991198234042585,0.459513117588293,88,22528,62,,0.366889234247076,25,0.7119845913497959,0.0991198234042585,0.9281087064691323,0.9281087064691323,0.0,0,1,0.0205597145429664,0.0447423887502318,,-1,,,0
ct_w3_i1,3,calibration,problem_tree,256,42,sampled_diagonal_fisher,31,1,5.0,0.0243943259812127,0.459513117588293,5,1280,31,,0.3141679617775651,25,0.7119845913497959,0.0243943259812127,0.9775694478963616,0.9775694478963616,0.0,0,1,0.0092764911997018,0.0201876526363133,,-1,,,0
ct_w3_i1,3,calibration,problem_tree,256,42,sampled_two_block_fisher,31,1,5.0,0.0202068905287795,0.459513117588293,5,1280,256,,-0.2656847020108052,25,0.7119845913497959,0.0202068905287795,0.9802218374103828,0.9802218374103828,0.0,0,1,0.0085755364179873,0.0186622233180092,,-1,,,0
ct_w3_i1,3,calibration,problem_tree,256,42,sampled_star_fisher,31,1,6.0,0.0591694394339352,0.459513117588293,6,1536,98,,0.5646994596018357,25,0.7119845913497959,0.0591694394339352,0.9508154393832492,0.9508154393832492,0.0,0,1,0.0204854599327989,0.0445807946469835,,-1,,,0
ct_w3_i1,3,calibration,problem_tree,256,42,sampled_full_fisher,31,1,7.0,0.0533974561928936,0.459513117588293,7,1792,496,,0.1652281132829267,25,0.7119845913497959,0.0533974561928936,0.9481125407279728,0.9481125407279728,0.0,0,1,0.0236781974975834,0.0515288826178803,,-1,,,0
ct_w3_i1,3,calibration,problem_tree,256,42,protected_ray_star,31,1,23.0,0.0598125277404211,0.459513117588293,23,5888,98,,0.9811129782373073,25,0.7119845913497959,0.0598125277404211,0.9412843340620736,0.9412843340620736,0.0,0,1,0.0280512675726673,0.0610456296000677,,-1,,,0
ct_w3_i1,3,calibration,problem_tree,256,50,sampled_adam,31,1,69.0,0.0993864535227082,0.4679813502560596,69,17664,62,,0.3951114258661719,25,0.6554192865870638,0.0993864535227082,0.9294269512456806,0.9294269512456806,0.0,0,1,0.0220278783241042,0.047069991810681,,-1,,,0
ct_w3_i1,3,calibration,problem_tree,256,50,sampled_diagonal_fisher,31,1,3.0,0.017298003461299,0.4679813502560596,3,768,31,,0.3000675402475205,25,0.6554192865870638,0.017298003461299,0.9848423087092082,0.9848423087092082,0.0,0,1,0.0043617732936718,0.0093203998220982,,-1,,,0
ct_w3_i1,3,calibration,problem_tree,256,50,sampled_two_block_fisher,31,1,3.0,0.0629805872450308,0.4679813502560596,3,768,256,,-0.0358201633098892,25,0.6554192865870638,0.0629805872450308,0.9450863538276684,0.9450863538276684,0.0,0,1,0.0178001307482448,0.0380359831401516,,-1,,,0
ct_w3_i1,3,calibration,problem_tree,256,50,sampled_star_fisher,31,1,3.0,0.0410230737618508,0.4679813502560596,3,768,98,,0.4120440794727218,25,0.6554192865870638,0.0410230737618508,0.9638099265685344,0.9638099265685344,0.0,0,1,0.0139500810491815,0.0298090533769106,,-1,,,0
ct_w3_i1,3,calibration,problem_tree,256,50,sampled_full_fisher,31,1,5.0,0.0463744924674749,0.4679813502560596,5,1280,496,,0.3138662497817683,25,0.6554192865870638,0.0463744924674749,0.957522976223895,0.957522976223895,0.0,0,1,0.018018453758495,0.0385025038896018,,-1,,,0
ct_w3_i1,3,calibration,problem_tree,256,50,protected_ray_star,31,1,18.0,0.0868412594014937,0.4679813502560596,18,4608,98,,0.9805126469844352,25,0.6554192865870638,0.0868412594014937,0.9202418869909624,0.9202418869909624,0.0,0,1,0.0386229565685607,0.082530973824978,,-1,,,0
ct_w3_i1,3,calibration,problem_tree,256,101,sampled_adam,31,1,74.0,0.0992111485786928,0.3786103935213755,74,18944,62,,0.3951114968513005,26,0.8823238062946671,0.0992111485786928,0.9201163661264736,0.9201163661264736,0.0,0,1,0.0229982172449779,0.0607437556879418,,-1,,,0
ct_w3_i1,3,calibration,problem_tree,256,101,sampled_diagonal_fisher,31,1,4.0,0.0408989606874179,0.3786103935213755,4,1024,31,,0.2845621552271531,26,0.8823238062946671,0.0408989606874179,0.9619263891868548,0.9619263891868548,0.0,0,1,0.0125997390969349,0.033278904416087,,-1,,,0
ct_w3_i1,3,calibration,problem_tree,256,101,sampled_two_block_fisher,31,1,4.0,0.021799989323064,0.3786103935213755,4,1024,256,,0.0063773049115055,26,0.8823238062946671,0.021799989323064,0.9798016953962144,0.9798016953962144,0.0,0,1,0.0063482796424513,0.0167673147675829,,-1,,,0
ct_w3_i1,3,calibration,problem_tree,256,101,sampled_star_fisher,31,1,5.0,0.0388980500865905,0.3786103935213755,5,1280,98,,0.3953766736539367,26,0.8823238062946671,0.0388980500865905,0.9621782717689632,0.9621782717689632,0.0,0,1,0.0142299759924201,0.0375847473706944,,-1,,,0
ct_w3_i1,3,calibration,problem_tree,256,101,sampled_full_fisher,31,1,6.0,0.0445668539386492,0.3786103935213339,6,1536,496,,0.3612110851241222,26,0.8823238062946671,0.0445668539386492,0.9580378531783617,0.9580378531783617,0.0,0,1,0.0135101236582943,0.035683446332894,,-1,,,0
ct_w3_i1,3,calibration,problem_tree,256,101,protected_ray_star,31,1,21.0,0.0534986422429195,0.3786103935213339,21,5376,98,,0.9733376195489762,26,0.8823238062946671,0.0534986422429195,0.9476711545282508,0.9476711545282508,0.0,0,1,0.0247879266880905,0.0654708035285189,,-1,,,0
ct_w3_i1,3,calibration,width2,256,0,sampled_adam,45,0,,1.0137067464978315,0.2414138157339615,199,50944,90,,0.2022599606897217,44,0.5482784674720234,1.0137067464978315,7.584567995561734e-14,0.9805050970439751,1.0,9,1,0.0028542166322085,0.0118229216647398,1594679944.3798409,45,5.6563977306039454e-11,0.0902014401842975,1
ct_w3_i1,3,calibration,width2,256,0,sampled_diagonal_fisher,45,0,,1.0000124312943903,0.2414138157339615,199,50944,45,,0.3059480563332167,44,0.5482784674720234,1.0000124312943903,6.485970482611867e-25,0.9562885308597636,1.0,9,1,3.113300958734489e-06,1.289611760316714e-05,886954817595.5673,34,5.654403809014352e-13,0.5015200699036005,1
ct_w3_i1,3,calibration,width2,256,0,sampled_two_block_fisher,45,1,5.0,0.0318021384033482,0.2414138157339615,5,1280,571,,0.5302713102545185,44,0.5482784674720234,0.0318021384033482,0.9714693214159958,0.9714693214159958,0.0,0,1,0.0123246424016742,0.0510519348870074,,-1,,,0
ct_w3_i1,3,calibration,width2,256,0,sampled_star_fisher,45,1,4.0,0.0363142816852342,0.2414138157339615,4,1024,238,,0.5903243322392084,44,0.5482784674720234,0.0363142816852342,0.9661943099955173,0.9661943099955173,0.0,0,1,0.0087649757054514,0.0363068521111916,,-1,,,0
ct_w3_i1,3,calibration,width2,256,0,sampled_full_fisher,45,1,6.0,0.0653090831983309,0.2414138157339615,6,1536,1035,,0.6365576616447296,44,0.5482784674720234,0.0653090831983309,0.9441842007016544,0.9441842007016544,0.0,0,1,0.0413321319826166,0.1712086437843503,,-1,,,0
ct_w3_i1,3,calibration,width2,256,0,protected_ray_star,45,1,14.0,0.0175800502354768,0.2414138157339615,14,3584,238,,0.979406069904016,44,0.5482784674720234,0.0175800502354768,0.98444835945043,0.98444835945043,0.0,0,1,0.0107985024133813,0.0447302586248058,,-1,,,0
ct_w3_i1,3,calibration,width2,256,19,sampled_adam,45,1,108.0,0.0953514935638999,0.1891795862758242,108,27648,90,,0.3371000866516565,43,0.2077642782392433,0.0953514935638999,0.9295286727527768,0.9295286727527768,0.0,0,1,0.0315687147388316,0.166871676592021,,-1,,,0
ct_w3_i1,3,calibration,width2,256,19,sampled_diagonal_fisher,45,1,3.0,0.0093535611717161,0.1891795862758242,3,768,45,,0.4203169828735664,43,0.2077642782392433,0.0093535611717161,0.9915713684316968,0.9915713684316968,0.0,0,1,0.0028641915490444,0.0151400666711919,,-1,,,0
ct_w3_i1,3,calibration,width2,256,19,sampled_two_block_fisher,45,1,4.0,0.0545846998719525,0.1891795862758242,4,1024,571,,0.407528958275257,43,0.2077642782392433,0.0545846998719525,0.9564827608161104,0.9564827608161104,0.0,0,1,0.0258766407437506,0.1367834725361034,,-1,,,0
ct_w3_i1,3,calibration,width2,256,19,sampled_star_fisher,45,1,4.0,0.0230285270302719,0.1891795862758242,4,1024,238,,0.6738353632689932,43,0.2077642782392433,0.0230285270302719,0.9785988381799048,0.9785988381799048,0.0,0,1,0.0060797593931877,0.0321375023218595,,-1,,,0
ct_w3_i1,3,calibration,width2,256,19,sampled_full_fisher,45,1,7.0,0.0665216513158668,0.1891795862758242,7,1792,1035,,0.6859284263188439,43,0.2077642782392433,0.0665216513158668,0.938596481693339,0.938596481693339,0.0,0,1,0.034959226072617,0.1847938604836907,,-1,,,0
ct_w3_i1,3,calibration,width2,256,19,protected_ray_star,45,1,16.0,0.0162013152563709,0.1891795862758242,16,4096,238,,0.9798960736642396,43,0.2077642782392433,0.0162013152563709,0.984048445119672,0.984048445119672,0.0,0,1,0.0111321759155295,0.0588444881114118,,-1,,,0
ct_w3_i1,3,calibration,width2,256,42,sampled_adam,45,0,,1.013166221880704,0.2533007599890642,199,50944,90,,0.3146266192568362,43,0.4815980381655015,1.013166221880704,4.992988464719626e-07,0.9901500512870868,1.0,3,1,0.0026239683072988,0.0103591015969005,42947488.28850226,45,6.166681259732833e-10,0.0264843471181302,1
ct_w3_i1,3,calibration,width2,256,42,sampled_diagonal_fisher,45,0,,1.0000315280830154,0.2533007599890642,199,50944,45,,0.3269253192267431,43,0.4815980381655015,1.0000315280830154,6.118497210858719e-12,0.9999744708410588,1.0,3,1,8.205126919310252e-06,3.23928239286155e-05,699688105122.8986,39,1.923269886155917e-16,0.0001345689062284,1
ct_w3_i1,3,calibration,width2,256,42,sampled_two_block_fisher,45,1,4.0,0.0917447253533225,0.2533007599890642,4,1024,571,,0.3613666538985805,43,0.4815980381655015,0.0917447253533225,0.9147996624014944,0.9147996624014944,0.0,0,1,0.0455448128925452,0.1798052753355797,,-1,,,0
ct_w3_i1,3,calibration,width2,256,42,sampled_star_fisher,45,1,4.0,0.0227938290190774,0.2533007599890642,4,1024,238,,0.6440843357522553,43,0.4815980381655015,0.0227938290190774,0.9795130241886622,0.9795130241886622,0.0,0,1,0.0072986420886703,0.0288141341896704,,-1,,,0
ct_w3_i1,3,calibration,width2,256,42,sampled_full_fisher,45,1,6.0,0.0500597704828233,0.2533007599890642,6,1536,1035,,0.7023536868436896,43,0.4815980381655015,0.0500597704828233,0.9532150900328766,0.9532150900328766,0.0,0,1,0.0238615243825431,0.0942023402676459,,-1,,,0
ct_w3_i1,3,calibration,width2,256,42,protected_ray_star,45,1,18.0,0.028854839324035,0.2533007599890642,18,4608,238,,0.9810585809800028,43,0.4815980381655015,0.028854839324035,0.9714069076501032,0.9714069076501032,0.0,0,1,0.0214323479488887,0.0846122528405128,,-1,,,0
ct_w3_i1,3,calibration,width2,256,50,sampled_adam,45,0,,1.0124264502172995,0.2774981689884451,199,50944,90,,0.1123666501871214,43,0.6013350169122491,1.0124264502172995,7.967405914519598e-14,0.9689020424310644,1.0,9,1,0.002583095790106,0.009308514717492,1052558809.0656627,45,2.3424640592451517e-10,0.2465581180478195,1
ct_w3_i1,3,calibration,width2,256,50,sampled_diagonal_fisher,45,0,,1.000039257101573,0.2774981689884451,199,50944,45,,0.2344011394402841,43,0.6013350169122491,1.000039257101573,1.5130805202757084e-24,0.9659977622285598,1.0,9,1,1.0916690457560804e-05,3.93396846449656e-05,562282532001.9154,32,7.002759470670698e-13,0.3937529326169113,1
ct_w3_i1,3,calibration,width2,256,50,sampled_two_block_fisher,45,1,6.0,0.0630534695881444,0.2774981689884451,6,1536,571,,0.3497968701927444,43,0.6013350169122491,0.0630534695881444,0.9401677421569536,0.9401677421569536,0.0,0,1,0.0481178727851731,0.1733988838938132,,-1,,,0
ct_w3_i1,3,calibration,width2,256,50,sampled_star_fisher,45,1,5.0,0.0156710960623112,0.2774981689884451,5,1280,238,,0.6800679097199508,43,0.6013350169122491,0.0156710960623112,0.984621504979066,0.984621504979066,0.0,0,1,0.0043725410554536,0.0157570086728598,,-1,,,0
ct_w3_i1,3,calibration,width2,256,50,sampled_full_fisher,45,1,7.0,0.0588701710374497,0.2774981689884451,7,1792,1035,,0.6869184978728627,43,0.6013350169122491,0.0588701710374497,0.9455829889630504,0.9455829889630504,0.0,0,1,0.0481425743571017,0.1734878991547736,,-1,,,0
ct_w3_i1,3,calibration,width2,256,50,protected_ray_star,45,1,14.0,0.0919864450865635,0.2774981689884451,14,3584,238,,0.9793751180696816,43,0.6013350169122491,0.0919864450865635,0.91384648248675,0.91384648248675,0.0,0,1,0.0578721546091397,0.2085496809586138,,-1,,,0
ct_w3_i1,3,calibration,width2,256,101,sampled_adam,45,0,,1.011137696475501,0.1837790921503015,199,50944,90,,0.1573125265621088,43,0.5247868631205954,1.011137696475501,1.827819120852065e-14,0.9857667412397564,1.0,9,1,0.0022741134807691,0.0123741686508566,61359982.21962229,45,1.0274880221139672e-09,0.0630466467677879,1
ct_w3_i1,3,calibration,width2,256,101,sampled_diagonal_fisher,45,1,4.0,0.0660874575581473,0.1837790921503015,4,1024,45,,0.3184686930506715,43,0.5247868631205954,0.0660874575581473,0.9377928352133325,0.9377928352133325,0.0,0,1,0.0186506066574538,0.1014838327865974,,-1,,,0
ct_w3_i1,3,calibration,width2,256,101,sampled_two_block_fisher,45,1,5.0,0.0245325944433645,0.1837790921503015,5,1280,571,,0.5030951350568384,43,0.5247868631205954,0.0245325944433645,0.9775707818743916,0.9775707818743916,0.0,0,1,0.0115507890843842,0.0628514862557789,,-1,,,0
ct_w3_i1,3,calibration,width2,256,101,sampled_star_fisher,45,1,5.0,0.0258986583768585,0.1837790921503015,5,1280,238,,0.4695470851583669,43,0.5247868631205954,0.0258986583768585,0.9767681806355434,0.9767681806355434,0.0,0,1,0.0060160948087498,0.0327354691894422,,-1,,,0
ct_w3_i1,3,calibration,width2,256,101,sampled_full_fisher,45,1,7.0,0.0729330946892243,0.1837790921503161,7,1792,1035,,0.6766938891793834,43,0.5247868631205954,0.0729330946892243,0.9309820314346252,0.9309820314346252,0.0,0,1,0.0525456338238502,0.2859173652945908,,-1,,,0
ct_w3_i1,3,calibration,width2,256,101,protected_ray_star,45,1,11.0,0.0275522578215543,0.1837790921503161,11,2816,238,,0.9796833263415587,43,0.5247868631205954,0.0275522578215543,0.972715720288286,0.972715720288286,0.0,0,1,0.0185135081099239,0.1007378363518162,,-1,,,0
ct_w3_i1,3,calibration,width3,1024,0,sampled_adam,49,0,,1.011019917903715,0.230233626862475,199,203776,98,,0.1277753731556818,49,0.0,1.011019917903715,5.654996971871165e-13,0.5521798265856024,1.0,8,1,0.0021984882375916,0.0095489449892774,,-1,,,0
ct_w3_i1,3,calibration,width3,1024,0,sampled_star_fisher,49,1,4.0,0.0377986728346328,0.230233626862475,4,4096,292,,0.5420418573253097,49,0.0,0.0377986728346328,0.9646573215953304,0.9646573215953304,0.0,0,1,0.0104221406800618,0.0452676736326065,,-1,,,0
ct_w3_i1,3,calibration,width3,1024,0,sampled_full_fisher,49,1,6.0,0.0698498430124701,0.230233626862475,6,6144,1225,,0.8886078760364343,49,0.0,0.0698498430124701,0.934842458922621,0.934842458922621,0.0,0,1,0.0531965603130566,0.2310546944770689,,-1,,,0
ct_w3_i1,3,calibration,width3,1024,0,protected_ray_star,49,1,6.0,0.0484802530229462,0.230233626862475,6,6144,292,,0.979010651270112,49,0.0,0.0484802530229462,0.9530823487242468,0.9530823487242468,0.0,0,1,0.0147657089689548,0.0641335897374142,,-1,,,0
ct_w3_i1,3,calibration,width3,1024,19,sampled_adam,49,0,,1.0124548432902003,0.1766542378930515,199,203776,98,,0.2129590961512377,49,0.0,1.0124548432902003,8.493647796464217e-16,0.966085945000445,1.0,10,1,0.0025014718939148,0.0141602710682169,1646320755.842649,49,2.8202893863036457e-10,0.4643100954154419,1
ct_w3_i1,3,calibration,width3,1024,19,sampled_star_fisher,49,1,4.0,0.0708217399141624,0.1766542378930515,4,4096,292,,0.7462112173285702,49,0.0,0.0708217399141624,0.9350381153901244,0.9350381153901244,0.0,0,1,0.0176955470790772,0.1001705211838184,,-1,,,0
ct_w3_i1,3,calibration,width3,1024,19,sampled_full_fisher,49,1,7.0,0.0518920515890126,0.1766542378930515,7,7168,1225,,0.9044242488640554,49,0.0,0.0518920515890126,0.95419077876263,0.95419077876263,0.0,0,1,0.0368366949944279,0.2085242643130322,,-1,,,0
ct_w3_i1,3,calibration,width3,1024,19,protected_ray_star,49,1,7.0,0.0724048820516305,0.1766542378930515,7,7168,292,,0.9796611494869264,49,0.0,0.0724048820516305,0.9311497805681358,0.9311497805681358,0.0,0,1,0.0338143919426984,0.1914156849334693,,-1,,,0
ct_w3_i1,3,calibration,width3,1024,42,sampled_adam,49,0,,1.0109863373340442,0.2592131428726767,199,203776,98,,0.2342547720951221,49,0.0,1.0109863373340442,3.941194772824913e-07,0.9915203854508864,1.0,3,1,0.0022566262684029,0.00870567843665,149221797.4974349,49,1.777331821604935e-10,0.0265216649169278,1
ct_w3_i1,3,calibration,width3,1024,42,sampled_star_fisher,49,1,3.0,0.0631630155471043,0.2592131428726767,3,3072,292,,0.6396529781982245,49,0.0,0.0631630155471043,0.9417041173042944,0.9417041173042944,0.0,0,1,0.0180099890857416,0.0694794595912444,,-1,,,0
ct_w3_i1,3,calibration,width3,1024,42,sampled_full_fisher,49,1,6.0,0.0437353539484561,0.2592131428726767,6,6144,1225,,0.9290658829292562,49,0.0,0.0437353539484561,0.9602286717021928,0.9602286717021928,0.0,0,1,0.0219545060083919,0.0846967316745038,,-1,,,0
ct_w3_i1,3,calibration,width3,1024,42,protected_ray_star,49,1,7.0,0.0807814992836331,0.2592131428726767,7,7168,292,,0.9802071145666372,49,0.0,0.0807814992836331,0.9217493217067392,0.9217493217067392,0.0,0,1,0.0350352774329066,0.1351601120399812,,-1,,,0
ct_w3_i1,3,calibration,width3,1024,50,sampled_adam,49,0,,1.0115834699157258,0.3085611607352045,199,203776,98,,0.1703670990705509,48,0.0,1.0115834699157258,5.870915277249042e-16,0.953663158375176,1.0,10,1,0.0024216270306719,0.0078481265266891,888190501.022619,49,5.567264773176368e-10,0.4944791688213097,1
ct_w3_i1,3,calibration,width3,1024,50,sampled_star_fisher,49,0,,1.0000346512216307,0.3085611607352045,199,203776,292,,0.4889698205981144,48,0.0,1.0000346512216307,1.0836609692921285e-21,0.6855658775461153,1.0,10,1,8.8670131185037e-06,2.873664688509852e-05,,-1,,,0
ct_w3_i1,3,calibration,width3,1024,50,sampled_full_fisher,49,1,9.0,0.0963797545613793,0.3085611607352045,9,9216,1225,,0.8711930886111571,48,0.0,0.0963797545613793,0.9051643120519686,0.9051643120519686,0.0,0,1,0.1181137627822463,0.3827888205398834,,-1,,,0
ct_w3_i1,3,calibration,width3,1024,50,protected_ray_star,49,1,9.0,0.0119400068903825,0.3085611607352045,9,9216,292,,0.9784868632723148,48,0.0,0.0119400068903825,0.988167383757804,0.988167383757804,0.0,0,1,0.0056726406486573,0.0183841693981873,,-1,,,0
ct_w3_i1,3,calibration,width3,1024,101,sampled_adam,49,0,,1.010692928431597,0.2145917429633371,199,203776,98,,0.2555506313267722,49,0.0,1.010692928431597,6.461958311472266e-17,0.9154122014974966,1.0,11,1,0.0021160137542695,0.0098606485275208,14383509002.754091,49,7.649885276555394e-11,1.100321937453705,1
ct_w3_i1,3,calibration,width3,1024,101,sampled_star_fisher,49,0,,1.0000369364548138,0.2145917429633371,199,203776,292,,0.4660808167942462,49,0.0,1.0000369364548138,7.539212726091616e-24,0.8131564967545993,1.0,11,1,1.8981136491195648e-05,8.845231521530895e-05,,-1,,,0
ct_w3_i1,3,calibration,width3,1024,101,sampled_full_fisher,49,1,9.0,0.0426335748427249,0.2145917429633371,9,9216,1225,,0.7967491412555647,49,0.0,0.0426335748427249,0.958937497537332,0.958937497537332,0.0,0,1,0.0497511421001327,0.2318408966398708,,-1,,,0
ct_w3_i1,3,calibration,width3,1024,101,protected_ray_star,49,1,9.0,0.0929206044449895,0.2145917429633371,9,9216,292,,0.979077321499186,49,0.0,0.0929206044449895,0.9080392610170668,0.9080392610170668,0.0,0,1,0.0950612901563995,0.4429867097572377,,-1,,,0
ct_w3_i1,3,calibration,width3,256,0,sampled_adam,49,0,,1.012336492850702,0.230233626862475,199,50944,98,,0.2342547825410765,49,0.0,1.012336492850702,2.728237192337931e-12,0.6108279291500079,1.0,8,1,0.0024536338649181,0.0106571481253854,,-1,,,0
ct_w3_i1,3,calibration,width3,256,0,sampled_diagonal_fisher,49,0,,1.0001386786417117,0.230233626862475,199,50944,49,,0.276271151504543,49,0.0,1.0001386786417117,4.737632039122836e-29,0.6382759646074112,1.0,10,1,6.258312729367076e-05,0.0002718244426173,,-1,,,0
ct_w3_i1,3,calibration,width3,256,0,sampled_two_block_fisher,49,1,5.0,0.0795792012410743,0.230233626862475,5,1280,697,,0.6073349538598712,49,0.0,0.0795792012410743,0.9280584734545142,0.9280584734545142,0.0,0,1,0.0405444774006457,0.1761014581282868,,-1,,,0
ct_w3_i1,3,calibration,width3,256,0,sampled_star_fisher,49,0,,1.0004079653134763,0.230233626862475,199,50944,292,,0.4548927233821616,49,0.0,1.0004079653134763,1.1289188723698921e-14,0.4528735467959102,1.0,7,1,0.0001362867416123,0.0005919497662854,,-1,,,0
ct_w3_i1,3,calibration,width3,256,0,sampled_full_fisher,49,1,7.0,0.0516776049274501,0.230233626862475,7,1792,1225,,0.7136973624929722,49,0.0,0.0516776049274501,0.9521212517356236,0.9521212517356236,0.0,0,1,0.0207390784813826,0.0900784075897421,,-1,,,0
ct_w3_i1,3,calibration,width3,256,0,protected_ray_star,49,1,7.0,0.0337629674299151,0.230233626862475,7,1792,292,,0.9788769313841128,49,0.0,0.0337629674299151,0.9671369683191418,0.9671369683191418,0.0,0,1,0.0108489255903147,0.0471213772642999,,-1,,,0
ct_w3_i1,3,calibration,width3,256,19,sampled_adam,49,0,,1.013267702289502,0.1766542378930515,199,50944,98,,0.3407330466139279,48,0.0,1.013267702289502,3.764727184610271e-15,0.8677745685412297,1.0,10,1,0.0025944901232951,0.0146868263917105,,-1,,,0
ct_w3_i1,3,calibration,width3,256,19,sampled_diagonal_fisher,49,0,,1.0000427407277783,0.1766542378930515,199,50944,49,,0.3979796807002489,48,0.0,1.0000427407277783,1.4543387205307024e-29,0.8170919819519321,1.0,10,1,1.1959959877604276e-05,6.770264908586552e-05,,-1,,,0
ct_w3_i1,3,calibration,width3,256,19,sampled_two_block_fisher,49,1,8.0,0.0397014032378848,0.1766542378930515,8,2048,697,,0.528651405265356,48,0.0,0.0397014032378848,0.9653867293663924,0.9653867293663924,0.0,0,1,0.0308794641139313,0.1748017170843426,,-1,,,0
ct_w3_i1,3,calibration,width3,256,19,sampled_star_fisher,49,0,,1.000106844520534,0.1766542378930515,199,50944,292,,0.6247681986823441,48,0.0,1.000106844520534,5.966227619687325e-20,0.6973089699042784,1.0,10,1,2.8864733249519008e-05,0.0001633967777608,,-1,,,0
ct_w3_i1,3,calibration,width3,256,19,sampled_full_fisher,49,1,7.0,0.0562610817899322,0.1766542378930515,7,1792,1225,,0.7993331260969383,48,0.0,0.0562610817899322,0.9507866263673924,0.9507866263673924,0.0,0,1,0.0439164548153946,0.2486011959813961,,-1,,,0
ct_w3_i1,3,calibration,width3,256,19,protected_ray_star,49,1,6.0,0.0956504072412123,0.1766542378930515,6,1536,292,,0.9796304972946992,48,0.0,0.0956504072412123,0.9093633033361233,0.9093633033361233,0.0,0,1,0.0370761806802076,0.2098799390403187,,-1,,,0
ct_w3_i1,3,calibration,width3,256,42,sampled_adam,49,0,,1.0115426503707,0.2592131428726767,199,50944,98,,0.2129588680641197,48,0.0,1.0115426503707,9.608978350825724e-07,0.9910625739994866,1.0,3,1,0.0023015513191848,0.0088789916038915,103145154.52044566,49,2.420304761423205e-10,0.0249642708603566,1
ct_w3_i1,3,calibration,width3,256,42,sampled_diagonal_fisher,49,1,4.0,0.0243238849916931,0.2592131428726767,4,1024,49,,0.2871504952109224,48,0.0,0.0243238849916931,0.9771395128156476,0.9771395128156476,0.0,0,1,0.0076283155556948,0.0294287375676852,,-1,,,0
ct_w3_i1,3,calibration,width3,256,42,sampled_two_block_fisher,49,1,4.0,0.0914053392479345,0.2592131428726767,4,1024,697,,0.3444389934873072,48,0.0,0.0914053392479345,0.9175203911209272,0.9175203911209272,0.0,0,1,0.0368309148153432,0.1420873741476692,,-1,,,0
ct_w3_i1,3,calibration,width3,256,42,sampled_star_fisher,49,1,4.0,0.027206841793248,0.2592131428726767,4,1024,292,,0.6187896205383719,48,0.0,0.027206841793248,0.9751124354048706,0.9751124354048706,0.0,0,1,0.0064637151411474,0.0249359082240763,,-1,,,0
ct_w3_i1,3,calibration,width3,256,42,sampled_full_fisher,49,1,6.0,0.0545476134171298,0.2592131428726767,6,1536,1225,,0.7792064081633092,48,0.0,0.0545476134171298,0.9510164529997628,0.9510164529997628,0.0,0,1,0.0271375358080457,0.1046919747482693,,-1,,,0
ct_w3_i1,3,calibration,width3,256,42,protected_ray_star,49,1,8.0,0.082563962794703,0.2592131428726767,8,2048,292,,0.979946723719134,48,0.0,0.082563962794703,0.921585918699855,0.921585918699855,0.0,0,1,0.0492115533425219,0.1898497614632691,,-1,,,0
ct_w3_i1,3,calibration,width3,256,50,sampled_adam,49,0,,1.0138333680557512,0.3085611607352045,199,50944,98,,0.2129588603198424,47,0.0,1.0138333680557512,2.327533160335689e-15,0.9452880848350786,1.0,10,1,0.0028419542509098,0.0092103434020611,411296970.3225981,49,1.3191052634556394e-09,0.5425439983958972,1
ct_w3_i1,3,calibration,width3,256,50,sampled_diagonal_fisher,49,0,,1.0000615167821056,0.3085611607352045,199,50944,49,,0.2314480441847509,47,0.0,1.0000615167821056,9.160387556201491e-31,0.9986276839894866,1.0,10,1,2.640475604693727e-05,8.557381617317944e-05,464238046885.4379,38,4.2588934748415686e-14,0.0197714038865358,1
ct_w3_i1,3,calibration,width3,256,50,sampled_two_block_fisher,49,0,,1.0000765487361516,0.3085611607352045,199,50944,697,,0.3925331187728091,47,0.0,1.0000765487361516,3.0329246386636104e-24,0.7404546075379994,1.0,10,1,2.4856155973521747e-05,8.055503782231476e-05,,-1,,,0
ct_w3_i1,3,calibration,width3,256,50,sampled_star_fisher,49,0,,1.0000392962864415,0.3085611607352045,199,50944,292,,0.5194814198937815,47,0.0,1.0000392962864415,1.2592086118372386e-22,0.6408332788524489,1.0,10,1,8.349893669891297e-06,2.706074105372211e-05,,-1,,,0
ct_w3_i1,3,calibration,width3,256,50,sampled_full_fisher,49,1,11.0,0.0679439548442744,0.3085611607352045,11,2816,1225,,0.8226920379693808,47,0.0,0.0679439548442744,0.9345992092694474,0.9345992092694474,0.0,0,1,0.0734729448223559,0.2381146889883772,,-1,,,0
ct_w3_i1,3,calibration,width3,256,50,protected_ray_star,49,1,11.0,0.0590278466050371,0.3085611607352045,11,2816,292,,0.978075729059308,47,0.0,0.0590278466050371,0.9425833921555264,0.9425833921555264,0.0,0,1,0.0575900911046687,0.186640765051083,,-1,,,0
ct_w3_i1,3,calibration,width3,256,101,sampled_adam,49,0,,1.0113936929171388,0.2145917429633371,199,50944,98,,0.1703671236447046,46,0.0,1.0113936929171388,5.600611970327048e-17,0.9281016274094545,1.0,11,1,0.0023065167934659,0.010748394889826,10891379712.085377,49,8.380885848331116e-11,0.9127941009781696,1
ct_w3_i1,3,calibration,width3,256,101,sampled_diagonal_fisher,49,0,,1.000070043533027,0.2145917429633371,199,50944,49,,0.3013086420845829,46,0.0,1.000070043533027,3.7186827630543775e-30,0.6778945441972971,1.0,11,1,2.2920425935685333e-05,0.0001068094495117,,-1,,,0
ct_w3_i1,3,calibration,width3,256,101,sampled_two_block_fisher,49,0,,1.000133945332122,0.2145917429633371,199,50944,697,,0.6160099171792097,46,0.0,1.000133945332122,3.3024994149819005e-18,0.4957265895602037,1.0,9,1,2.8068907693291084e-05,0.0001308014339493,,-1,,,0
ct_w3_i1,3,calibration,width3,256,101,sampled_star_fisher,49,0,,1.0003238834946977,0.2145917429633371,199,50944,292,,0.3589191270212348,46,0.0,1.0003238834946977,2.3650781857524588e-25,0.4532586056046135,1.0,10,1,0.0001649626406033,0.0007687278099581,,-1,,,0
ct_w3_i1,3,calibration,width3,256,101,sampled_full_fisher,49,1,9.0,0.0522511885320486,0.2145917429632841,9,2304,1225,,0.6276347523533857,46,0.0,0.0522511885320486,0.9515104609667152,0.9515104609667152,0.0,0,1,0.0491242778747901,0.2289197021117216,,-1,,,0
ct_w3_i1,3,calibration,width3,256,101,protected_ray_star,49,1,11.0,0.0790108455149916,0.2145917429632841,11,2816,292,,0.9789090104315864,46,0.0,0.0790108455149916,0.922526346259045,0.922526346259045,0.0,0,1,0.0744409076386452,0.346895489130641,,-1,,,0
ct_w3_i1,3,calibration,width3,64,0,sampled_adam,49,1,52.0,0.0988404265532061,0.230233626862475,52,3328,98,,0.1490711643721096,44,0.0,0.0988404265532061,0.9144869572902206,0.9144869572902206,0.0,0,1,0.0211869939683479,0.0920238900679941,,-1,,,0
ct_w3_i1,3,calibration,width3,64,0,sampled_star_fisher,49,1,4.0,0.0473341564740366,0.230233626862475,4,256,292,,0.5238611343518791,44,0.0,0.0473341564740366,0.9574953855363098,0.9574953855363098,0.0,0,1,0.01173411589095,0.0509661253695108,,-1,,,0
ct_w3_i1,3,calibration,width3,64,0,sampled_full_fisher,49,1,9.0,0.070847533152456,0.230233626862475,9,576,1225,,0.5325808431855891,44,0.0,0.070847533152456,0.939785498845752,0.939785498845752,0.0,0,1,0.0343353696497622,0.1491327314679002,,-1,,,0
ct_w3_i1,3,calibration,width3,64,0,protected_ray_star,49,1,8.0,0.0568302692767161,0.230233626862475,8,512,292,,0.9791860259628584,44,0.0,0.0568302692767161,0.9460789261420904,0.9460789261420904,0.0,0,1,0.0280959162237089,0.1220322009716303,,-1,,,0
ct_w3_i1,3,calibration,width3,64,19,sampled_adam,49,0,,1.0166461255548145,0.1766542378930515,199,12736,98,,0.149071245984374,39,0.0,1.0166461255548145,6.3228630227316705e-15,0.9411252771967464,1.0,10,1,0.0032773717090781,0.0185524658121265,575127720.0084451,49,1.503759850527731e-09,0.8648539742742543,1
ct_w3_i1,3,calibration,width3,64,19,sampled_star_fisher,49,1,5.0,0.0431493799979953,0.1766542378930515,5,320,292,,0.574241778579767,39,0.0,0.0431493799979953,0.9614985999278046,0.9614985999278046,0.0,0,1,0.0123828982823788,0.0700968084891098,,-1,,,0
ct_w3_i1,3,calibration,width3,64,19,sampled_full_fisher,49,1,8.0,0.0783644419856983,0.1766542378930515,8,512,1225,,0.4925778069624167,39,0.0,0.0783644419856983,0.9376411061023447,0.9376411061023447,0.0,0,1,0.0274963238682308,0.1556505193205577,,-1,,,0
ct_w3_i1,3,calibration,width3,64,19,protected_ray_star,49,1,10.0,0.0956873374971518,0.1766542378930515,10,640,292,,0.9800617758719606,39,0.0,0.0956873374971518,0.9167753811620888,0.9167753811620888,0.0,0,1,0.0825643169164823,0.4673780708644402,,-1,,,0
ct_w3_i1,3,calibration,width3,64,42,sampled_adam,49,1,52.0,0.0983650466404117,0.2592131428726767,52,3328,98,,0.2555506231138605,39,0.0,0.0983650466404117,0.9195469805794716,0.9195469805794716,0.0,0,1,0.019289710639136,0.0744164066118011,,-1,,,0
ct_w3_i1,3,calibration,width3,64,42,sampled_star_fisher,49,1,3.0,0.0832919134756373,0.2592131428726767,3,192,292,,0.5228549131357118,39,0.0,0.0832919134756373,0.9248291561600932,0.9248291561600932,0.0,0,1,0.0238695439625241,0.0920846207796208,,-1,,,0
ct_w3_i1,3,calibration,width3,64,42,sampled_full_fisher,49,1,6.0,0.0563488338542654,0.2592131428726767,6,384,1225,,0.3824301619725549,39,0.0,0.0563488338542654,0.9494852311150112,0.9494852311150112,0.0,0,1,0.0147933442219622,0.0570701935018342,,-1,,,0
ct_w3_i1,3,calibration,width3,64,42,protected_ray_star,49,1,8.0,0.082956415294852,0.2592131428726767,8,512,292,,0.9807030008507508,39,0.0,0.082956415294852,0.9199142994925424,0.9199142994925424,0.0,0,1,0.0375286920547585,0.1447792794719223,,-1,,,0
ct_w3_i1,3,calibration,width3,64,50,sampled_adam,49,0,,1.014664100689611,0.3085611607352045,199,12736,98,,0.2129588539165086,36,0.0,1.014664100689611,1.1059431392915806e-14,0.91497959442989,1.0,10,1,0.0030048905221816,0.0097383951856479,497244751.7226598,49,2.0650723902769503e-09,1.026846407992582,1
ct_w3_i1,3,calibration,width3,64,50,sampled_star_fisher,49,0,,1.0003934964292966,0.3085611607352045,199,12736,292,,0.1551670843840735,36,0.0,1.0003934964292966,1.7757900973778011e-19,0.8355011859835847,1.0,10,1,0.0001037140786725,0.0003361216247225,,-1,,,0
ct_w3_i1,3,calibration,width3,64,50,sampled_full_fisher,49,0,,1.000923869170791,0.3085611607352045,199,12736,1225,,0.3372428038133738,36,0.0,1.000923869170791,9.594968508001315e-13,0.6272350158804726,1.0,10,1,0.0002269823471014,0.0007356154175742,,-1,,,0
ct_w3_i1,3,calibration,width3,64,50,protected_ray_star,49,1,9.0,0.071601824915076,0.3085611607352045,9,576,292,,0.979589147223727,36,0.0,0.071601824915076,0.929424816496987,0.929424816496987,0.0,0,1,0.0656334768141355,0.212708160216119,,-1,,,0
ct_w3_i1,3,calibration,width3,64,101,sampled_adam,49,0,,1.0141416401857717,0.2145917429633371,199,12736,98,,0.1490711889680269,41,0.0,1.0141416401857717,3.319810321530941e-16,0.8394071468033697,1.0,11,1,0.0028434804644644,0.0132506517967479,,-1,,,0
ct_w3_i1,3,calibration,width3,64,101,sampled_star_fisher,49,0,,1.000464028682119,0.2145917429633371,199,12736,292,,0.3596916984855318,41,0.0,1.000464028682119,3.701386516876165e-23,0.5702202549905926,1.0,11,1,0.0001088027569539,0.0005070221037003,,-1,,,0
ct_w3_i1,3,calibration,width3,64,101,sampled_full_fisher,49,0,,1.0007397535924394,0.2145917429633371,199,12736,1225,,0.6074397809737382,41,0.0,1.0007397535924394,2.4720519086948907e-14,0.4685986842643534,1.0,11,1,0.0001473622741487,0.0006867098990567,,-1,,,0
ct_w3_i1,3,calibration,width3,64,101,protected_ray_star,49,1,12.0,0.0095646875997026,0.2145917429633371,12,768,292,,0.9798982596095184,41,0.0,0.0095646875997026,0.990494305973714,0.990494305973714,0.0,0,1,0.0035141605012765,0.0163760285123222,,-1,,,0
ct_w3_i2,3,evaluation,chain,256,0,sampled_adam,31,0,,2.0289763600908515,0.2653849361146235,199,50944,62,,-0.4064093309263445,26,2.1905022080052805,2.0289763600908515,1.203307269854077e-16,0.9815913443788412,2.0,10,1,0.0062669762351914,0.0236146645206894,1353.4001115990293,31,3.011295668225415e-05,0.0407548789343395,1
ct_w3_i2,3,evaluation,chain,256,0,sampled_diagonal_fisher,31,0,,2.000033061088322,0.2653849361146235,199,50944,31,,-0.4090329453966364,26,2.1905022080052805,2.000033061088322,1.9536999545515808e-32,0.9997071416665034,2.0,10,1,9.254170665155542e-06,3.487074587066439e-05,581469222.4707518,31,5.606782158462015e-12,0.0032601712622437,1
ct_w3_i2,3,evaluation,chain,256,0,sampled_two_block_fisher,31,0,,2.000059986644498,0.2653849361146235,199,50944,256,,-0.5533665440080822,26,2.1905022080052805,2.000059986644498,3.174353696392385e-31,0.9011213654036548,2.0,10,1,2.369672617926048e-05,8.929190377642807e-05,44884374646.873726,31,2.1374199009807264e-11,0.9593675561330266,1
ct_w3_i2,3,evaluation,chain,256,0,sampled_star_fisher,31,0,,2.000038990535156,0.2653849361146235,199,50944,90,,0.0142106192951036,26,2.1905022080052805,2.000038990535156,1.405565330351043e-28,0.9805675555238208,2.0,10,1,1.2339322194907044e-05,4.64959404838921e-05,788536174.3676703,31,2.8971625876024103e-10,0.2284517503349145,1
ct_w3_i2,3,evaluation,chain,256,0,sampled_full_fisher,31,0,,1.000067253627643,0.2653849361146235,199,50944,496,,-0.3841081562107182,26,2.1905022080052805,1.000067253627643,3.478000126162081e-18,0.9999586542525436,1.0,4,1,2.290352131991293e-05,8.63030195128354e-05,150958.4058470936,31,9.001195632769526e-10,0.000135880614344,1
ct_w3_i2,3,evaluation,chain,256,0,protected_ray_star,31,0,,4.191257912923631,0.2653849361146235,199,50944,90,,-0.9770369748031056,26,2.1905022080052805,4.464803296874639,0.0090494332618194,0.0206690326058642,4.0,3,0,0.2876427381232916,1.0838698772226267,,-1,,,0
ct_w3_i2,3,evaluation,chain,256,19,sampled_adam,31,0,,2.0273481960821584,0.312149699008254,199,50944,62,,-0.5140293548530178,29,2.471911494750933,2.0273481960821584,1.1038274292093308e-16,0.9803541843222204,2.0,9,1,0.0061500919870913,0.0197023800011055,2515.019819283744,31,2.3706738712851007e-05,0.0596229177134014,1
ct_w3_i2,3,evaluation,chain,256,19,sampled_diagonal_fisher,31,0,,2.0000163386302177,0.312149699008254,199,50944,31,,-0.5248222837867316,29,2.471911494750933,2.0000163386302177,4.7160374903713215e-34,0.9400578430291116,2.0,10,1,4.873955038166777e-06,1.5614159019380945e-05,386596363.3623202,31,1.7486678183264483e-09,0.6760286192937273,1
ct_w3_i2,3,evaluation,chain,256,19,sampled_two_block_fisher,31,0,,2.000048987632056,0.312149699008254,199,50944,256,,-0.5734759633008586,29,2.471911494750933,2.000048987632056,2.1997587633487918e-37,0.9930491422891948,2.0,11,1,1.1083930537669358e-05,3.550838130834228e-05,10722326.512942577,31,5.122428358365789e-09,0.0549243493975544,1
ct_w3_i2,3,evaluation,chain,256,19,sampled_star_fisher,31,0,,1.0000546022394765,0.312149699008254,199,50944,90,,0.089370308217473,29,2.471911494750933,1.0000546022394765,2.984868730644474e-30,0.9999704509435448,1.0,11,1,1.4525471361668102e-05,4.6533670888736014e-05,736051.3085884039,31,1.2471871898354167e-10,9.179937631330524e-05,1
ct_w3_i2,3,evaluation,chain,256,19,sampled_full_fisher,31,0,,1.0000660750020476,0.312149699008254,199,50944,496,,-0.2567926452598028,29,2.471911494750933,1.0000660750020476,3.340022647040461e-18,0.99995732237697,1.0,4,1,1.519703302469132e-05,4.868507986063914e-05,141357.7486094706,31,5.416107788848757e-10,7.656088032578782e-05,1
ct_w3_i2,3,evaluation,chain,256,19,protected_ray_star,31,0,,2.3899545885504416,0.312149699008254,199,50944,90,,-0.9637711231559816,29,2.471911494750933,2.8783574310296345,1.099523147608051e-09,0.3732829285294564,2.0,10,1,0.1847355685141598,0.5918172245595373,,-1,,,0
ct_w3_i2,3,evaluation,chain,256,42,sampled_adam,31,0,,2.02832599115645,0.3304266680034132,199,50944,62,,-0.475953280323913,29,1.961002311464217,2.02832599115645,1.1425194541837628e-17,0.9809654132575794,2.0,10,1,0.0065442186606233,0.0198053586296969,2267.017424618268,31,2.148820590417712e-05,0.0487141372085546,1
ct_w3_i2,3,evaluation,chain,256,42,sampled_diagonal_fisher,31,0,,2.0001631856203943,0.3304266680034132,199,50944,31,,-0.4798174852749954,29,1.961002311464217,2.0001631856203943,1.15481919915583e-27,0.999000386112546,2.0,10,1,5.115736801228515e-05,0.0001548221525865,1827041.0106528108,31,5.784953621874437e-09,0.0105693475118891,1
ct_w3_i2,3,evaluation,chain,256,42,sampled_two_block_fisher,31,0,,2.000148669782021,0.3304266680034132,199,50944,256,,-0.669928574595747,29,1.961002311464217,2.000148669782021,1.6635582554635234e-29,0.5240135344596726,2.0,10,1,3.452409432827206e-05,0.0001044833776186,,-1,,,0
ct_w3_i2,3,evaluation,chain,256,42,sampled_star_fisher,31,0,,2.0001272992054098,0.3304266680034132,199,50944,90,,0.0908966632711156,29,1.961002311464217,2.0001272992054098,1.1473841781106173e-25,0.999777889110542,2.0,10,1,3.388003270860993e-05,0.0001025341959029,119237.75730402398,31,1.6217878880475222e-08,0.0019337835059361,1
ct_w3_i2,3,evaluation,chain,256,42,sampled_full_fisher,31,0,,1.000202754297158,0.3304266680034132,199,50944,496,,-0.6263496483353901,29,1.961002311464217,1.000202754297158,2.0558191323277786e-29,0.9998814051467194,1.0,11,1,5.7707150082666206e-05,0.0001746443482644,230780.77744401505,31,1.583554570439799e-09,0.0003654539548911,1
ct_w3_i2,3,evaluation,chain,256,42,protected_ray_star,31,0,,2.4204957315889377,0.3304266680034132,199,50944,90,,-0.981640001174072,29,1.961002311464217,3.329511106082995,4.0205468702252734e-08,0.2780918306313766,2.0,10,1,0.22216892161814,0.6723698270499315,,-1,,,0
ct_w3_i2,3,evaluation,chain,256,50,sampled_adam,31,0,,2.024532851965896,0.3038780323074787,199,50944,62,,-0.4378768047189523,27,2.2099635675248512,2.024532851965896,5.5454292287090266e-17,0.9816546962728464,2.0,9,1,0.0057031154503768,0.0187677780031369,1799.1972722995647,31,3.109132354763852e-05,0.0559394245190944,1
ct_w3_i2,3,evaluation,chain,256,50,sampled_diagonal_fisher,31,0,,2.0000911594425688,0.3038780323074787,199,50944,31,,-0.4394111737894964,27,2.2099635675248512,2.0000911594425688,2.8831192553692434e-28,0.9991874145681956,2.0,9,1,2.546302778008882e-05,8.379357858393687e-05,3700499.362207916,31,2.468923586897612e-09,0.0091362501586546,1
ct_w3_i2,3,evaluation,chain,256,50,sampled_two_block_fisher,31,0,,2.0000884007780204,0.3038780323074787,199,50944,256,,-0.5731150142896052,27,2.2099635675248512,2.0000884007780204,6.8107823036577415e-31,0.99991124028419,2.0,9,1,2.6826515350863756e-05,8.8280535276467e-05,717742.8211779791,31,4.8584128379588e-10,0.0003487090936763,1
ct_w3_i2,3,evaluation,chain,256,50,sampled_star_fisher,31,0,,2.0000614300677206,0.3038780323074787,199,50944,90,,-0.0010799655914993,27,2.2099635675248512,2.0000614300677206,1.5423302039290678e-28,0.9998182428420532,2.0,9,1,1.6091332380376652e-05,5.2953259760793285e-05,1706338.055411212,31,9.506987865694039e-10,0.0016222135187566,1
ct_w3_i2,3,evaluation,chain,256,50,sampled_full_fisher,31,0,,2.0001600990079336,0.3038780323074787,199,50944,496,,-0.3802034249983824,27,2.2099635675248512,2.0001600990079336,2.8892431142709757e-29,0.9992696426633656,2.0,9,1,4.352158651505704e-05,0.0001432205749937,1730817.9166635282,31,3.938323863535578e-09,0.0068165215046309,1
ct_w3_i2,3,evaluation,chain,256,50,protected_ray_star,31,0,,2.362261801778649,0.3038780323074787,199,50944,90,,-0.9810823581125632,27,2.2099635675248512,2.728434034456954,6.298407736260555e-10,0.409188805692299,2.0,10,1,0.1551521059176835,0.5105736164590307,,-1,,,0
ct_w3_i2,3,evaluation,chain,256,101,sampled_adam,31,0,,2.0284967565175425,0.4028446214103317,199,50944,62,,-0.5521055608427068,28,1.8538757177554988,2.0284967565175425,2.0321909928648504e-16,0.8862076915826164,2.0,9,1,0.0063566164967909,0.0157793257225004,,-1,,,0
ct_w3_i2,3,evaluation,chain,256,101,sampled_diagonal_fisher,31,0,,2.000108866287073,0.4028446214103317,199,50944,31,,-0.5286704024561799,28,1.8538757177554988,2.000108866287073,8.019735853447812e-30,0.635650074899132,2.0,9,1,2.977832705631428e-05,7.392013067485517e-05,,-1,,,0
ct_w3_i2,3,evaluation,chain,256,101,sampled_two_block_fisher,31,0,,2.000084249715483,0.4028446214103317,199,50944,256,,-0.6976732175873569,28,1.8538757177554988,2.000084249715483,1.2409292945953212e-30,0.85169227303538,2.0,10,1,2.2600711270402965e-05,5.610280011007571e-05,,-1,,,0
ct_w3_i2,3,evaluation,chain,256,101,sampled_star_fisher,31,0,,2.0001394646756534,0.4028446214103317,199,50944,90,,0.1032617359933101,28,1.8538757177554988,2.0001394646756534,1.2108716264626814e-26,0.6384212167004968,2.0,10,1,4.421679902462854e-05,0.0001097614233245,,-1,,,0
ct_w3_i2,3,evaluation,chain,256,101,sampled_full_fisher,31,0,,2.0001962697033626,0.4028446214103404,199,50944,496,,-0.6713163582026247,28,1.8538757177554988,2.0001962697033626,2.320431670101811e-29,0.7619779139036277,2.0,10,1,5.395872746189966e-05,0.0001339442668316,,-1,,,0
ct_w3_i2,3,evaluation,chain,256,101,protected_ray_star,31,0,,2.423190747590512,0.4028446214103404,199,50944,90,,-0.9819217697476978,28,1.8538757177554988,2.571267780193629,1.484179224714755e-10,0.5333557893682564,2.0,10,1,0.13714995608862,0.3404537352601714,,-1,,,0
ct_w3_i2,3,evaluation,problem_tree,256,0,sampled_adam,31,1,62.0,0.0982122749891267,0.4260178574167121,62,15872,62,,0.3170115106323936,28,0.93974943076138,0.0982122749891267,0.940338435076714,0.940338435076714,0.0,0,1,0.0236264119221987,0.0554587360855356,,-1,,,0
ct_w3_i2,3,evaluation,problem_tree,256,0,sampled_diagonal_fisher,31,1,2.0,0.0446848229410594,0.4260178574167121,2,512,31,,0.2914084664210829,28,0.93974943076138,0.0446848229410594,0.9666056951026204,0.9666056951026204,0.0,0,1,0.0098081178311392,0.0230227856893457,,-1,,,0
ct_w3_i2,3,evaluation,problem_tree,256,0,sampled_two_block_fisher,31,1,3.0,0.0358969779007498,0.4260178574167121,3,768,256,,-0.3780981475322629,28,0.93974943076138,0.0358969779007498,0.970115539451512,0.970115539451512,0.0,0,1,0.0082063356447345,0.0192628912189178,,-1,,,0
ct_w3_i2,3,evaluation,problem_tree,256,0,sampled_star_fisher,31,1,3.0,0.015789840993392,0.4260178574167121,3,768,96,,0.584379718433418,28,0.93974943076138,0.015789840993392,0.9871019590646452,0.9871019590646452,0.0,0,1,0.0035667422945923,0.0083722835381134,,-1,,,0
ct_w3_i2,3,evaluation,problem_tree,256,0,sampled_full_fisher,31,1,4.0,0.0567127040349451,0.4260178574167121,4,1024,496,,0.0602043798035811,28,0.93974943076138,0.0567127040349451,0.9520823476277817,0.9520823476277817,0.0,0,1,0.0157460454373031,0.0369609986134949,,-1,,,0
ct_w3_i2,3,evaluation,problem_tree,256,0,protected_ray_star,31,1,15.0,0.0569487920656364,0.4260178574167121,15,3840,96,,0.9764903886185444,28,0.93974943076138,0.0569487920656364,0.9605223060039104,0.9605223060039104,0.0,0,1,0.029016870642952,0.0681118646502393,,-1,,,0
ct_w3_i2,3,evaluation,problem_tree,256,19,sampled_adam,31,1,77.0,0.099226519417499,0.3906103686267413,77,19712,62,,0.1761174668263756,29,0.7560351306160839,0.099226519417499,0.9371329468774108,0.9371329468774108,0.0,0,1,0.0238376856093871,0.0610267609976474,,-1,,,0
ct_w3_i2,3,evaluation,problem_tree,256,19,sampled_diagonal_fisher,31,1,3.0,0.0474972863340052,0.3906103686267413,3,768,31,,0.1127086758142016,29,0.7560351306160839,0.0474972863340052,0.9663867386144348,0.9663867386144348,0.0,0,1,0.0126867072502568,0.0324791871113385,,-1,,,0
ct_w3_i2,3,evaluation,problem_tree,256,19,sampled_two_block_fisher,31,1,3.0,0.0867627835673072,0.3906103686267413,3,768,256,,-0.2136116916390003,29,0.7560351306160839,0.0867627835673072,0.9212698060733298,0.9212698060733298,0.0,0,1,0.0296270412011626,0.0758480664640871,,-1,,,0
ct_w3_i2,3,evaluation,problem_tree,256,19,sampled_star_fisher,31,1,3.0,0.0453222859384432,0.3906103686267413,3,768,96,,0.6076098137094771,29,0.7560351306160839,0.0453222859384432,0.9616323866765222,0.9616323866765222,0.0,0,1,0.0118443728888522,0.0303227303732188,,-1,,,0
ct_w3_i2,3,evaluation,problem_tree,256,19,sampled_full_fisher,31,1,5.0,0.0706634256721407,0.3906103686267413,5,1280,496,,0.3885676154652147,29,0.7560351306160839,0.0706634256721407,0.9356665349037132,0.9356665349037132,0.0,0,1,0.0265370390688142,0.0679373646995338,,-1,,,0
ct_w3_i2,3,evaluation,problem_tree,256,19,protected_ray_star,31,1,15.0,0.0810433263468564,0.3906103686267413,15,3840,96,,0.9744031652307822,29,0.7560351306160839,0.0810433263468564,0.9360401659258016,0.9360401659258016,0.0,0,1,0.041147972732277,0.105342755946136,,-1,,,0
ct_w3_i2,3,evaluation,problem_tree,256,42,sampled_adam,31,1,72.0,0.0994678822893675,0.3894569267054441,72,18432,62,,0.4226819586922431,30,0.7875600952684552,0.0994678822893675,0.935985466045118,0.935985466045118,0.0,0,1,0.0220796644384124,0.0566934696095721,,-1,,,0
ct_w3_i2,3,evaluation,problem_tree,256,42,sampled_diagonal_fisher,31,1,3.0,0.0119711905730532,0.3894569267054441,3,768,31,,0.3313463748413869,30,0.7875600952684552,0.0119711905730532,0.9903540113397112,0.9903540113397112,0.0,0,1,0.0026420509642568,0.0067839362535079,,-1,,,0
ct_w3_i2,3,evaluation,problem_tree,256,42,sampled_two_block_fisher,31,1,3.0,0.0804962431609315,0.3894569267054441,3,768,256,,0.0175246198391262,30,0.7875600952684552,0.0804962431609315,0.9306587049228374,0.9306587049228374,0.0,0,1,0.0265122273426033,0.0680748640597556,,-1,,,0
ct_w3_i2,3,evaluation,problem_tree,256,42,sampled_star_fisher,31,1,3.0,0.0350118032820336,0.3894569267054441,3,768,96,,0.6677061122671046,30,0.7875600952684552,0.0350118032820336,0.9708047327294902,0.9708047327294902,0.0,0,1,0.008333914347467,0.0213988088951622,,-1,,,0
ct_w3_i2,3,evaluation,problem_tree,256,42,sampled_full_fisher,31,1,5.0,0.038774355229993,0.3894569267054441,5,1280,496,,0.6483440671339334,30,0.7875600952684552,0.038774355229993,0.9656199996450816,0.9656199996450816,0.0,0,1,0.0167716312879253,0.0430641494293157,,-1,,,0
ct_w3_i2,3,evaluation,problem_tree,256,42,protected_ray_star,31,1,16.0,0.067448363517979,0.3894569267054441,16,4096,96,,0.9798778180482396,30,0.7875600952684552,0.067448363517979,0.9514804136559446,0.9514804136559446,0.0,0,1,0.0351896151357266,0.0903556021802159,,-1,,,0
ct_w3_i2,3,evaluation,problem_tree,256,50,sampled_adam,31,1,69.0,0.0978393419367087,0.3062926924583831,69,17664,62,,0.4579054276631915,28,0.7361526256799364,0.0978393419367087,0.9236838265682314,0.9236838265682314,0.0,0,1,0.0222480911061164,0.0726367022587042,,-1,,,0
ct_w3_i2,3,evaluation,problem_tree,256,50,sampled_diagonal_fisher,31,1,3.0,0.0685065156353594,0.3062926924583831,3,768,31,,0.4033529974279934,28,0.7361526256799364,0.0685065156353594,0.939515813318884,0.939515813318884,0.0,0,1,0.0295915753218492,0.0966120839656334,,-1,,,0
ct_w3_i2,3,evaluation,problem_tree,256,50,sampled_two_block_fisher,31,1,4.0,0.0347550668007006,0.3062926924583831,4,1024,256,,-0.0127702411279512,28,0.7361526256799364,0.0347550668007006,0.9716570668372798,0.9716570668372798,0.0,0,1,0.0111929557578467,0.0365433326796313,,-1,,,0
ct_w3_i2,3,evaluation,problem_tree,256,50,sampled_star_fisher,31,1,3.0,0.0575706840510488,0.3062926924583831,3,768,96,,0.6528763662367607,28,0.7361526256799364,0.0575706840510488,0.950845481164002,0.950845481164002,0.0,0,1,0.0171416995567948,0.0559650947569504,,-1,,,0
ct_w3_i2,3,evaluation,problem_tree,256,50,sampled_full_fisher,31,1,5.0,0.0903095441486687,0.3062926924583831,5,1280,496,,0.4657319143377438,28,0.7361526256799364,0.0903095441486687,0.918796561905032,0.918796561905032,0.0,0,1,0.0354801771726389,0.1158374915440065,,-1,,,0
ct_w3_i2,3,evaluation,problem_tree,256,50,protected_ray_star,31,1,15.0,0.0444849907357465,0.3062926924583831,15,3840,96,,0.9801881240869804,28,0.7361526256799364,0.0444849907357465,0.9643408069520568,0.9643408069520568,0.0,0,1,0.0218495599076882,0.0713355572812336,,-1,,,0
ct_w3_i2,3,evaluation,problem_tree,256,101,sampled_adam,31,1,68.0,0.0993856258540901,0.3328283381032457,68,17408,62,,0.211341672844736,29,1.3279145585913814,0.0993856258540901,0.9278738715560492,0.9278738715560492,0.0,0,1,0.0207252050730876,0.062269953307457,,-1,,,0
ct_w3_i2,3,evaluation,problem_tree,256,101,sampled_diagonal_fisher,31,1,3.0,0.0347902949280918,0.3328283381032457,3,768,31,,0.2479526763411668,29,1.3279145585913814,0.0347902949280918,0.9722895930175968,0.9722895930175968,0.0,0,1,0.0078436700673606,0.0235667134357036,,-1,,,0
ct_w3_i2,3,evaluation,problem_tree,256,101,sampled_two_block_fisher,31,1,3.0,0.0693777678402192,0.3328283381032457,3,768,256,,-0.2102259974291821,29,1.3279145585913814,0.0693777678402192,0.9431486667002158,0.9431486667002158,0.0,0,1,0.016646614650884,0.05001561689654,,-1,,,0
ct_w3_i2,3,evaluation,problem_tree,256,101,sampled_star_fisher,31,1,3.0,0.045435675942592,0.3328283381032457,3,768,96,,0.6451760892716387,29,1.3279145585913814,0.045435675942592,0.9623281560958352,0.9623281560958352,0.0,0,1,0.0100382232454861,0.0301603622536859,,-1,,,0
ct_w3_i2,3,evaluation,problem_tree,256,101,sampled_full_fisher,31,1,5.0,0.057336775242831,0.3328283381032349,5,1280,496,,0.4602688536518668,29,1.3279145585913814,0.057336775242831,0.9551361764436098,0.9551361764436098,0.0,0,1,0.0149828902697131,0.0450168707241084,,-1,,,0
ct_w3_i2,3,evaluation,problem_tree,256,101,protected_ray_star,31,1,16.0,0.0411634284510125,0.3328283381032349,16,4096,96,,0.9599631181442944,29,1.3279145585913814,0.0411634284510125,0.9675588006145616,0.9675588006145616,0.0,0,1,0.0213925299224741,0.0642749654202784,,-1,,,0
ct_w3_i2,3,evaluation,width2,256,0,sampled_adam,43,0,,1.0132280977489838,0.2000472169615012,199,50944,86,,0.2265462299650565,41,0.4459319859914259,1.0132280977489838,2.3047070224171745e-07,0.9881726957411356,1.0,4,1,0.0028832028861907,0.0144126118322637,1640324.7406889785,43,2.5827476258793443e-08,0.042365448296856,1
ct_w3_i2,3,evaluation,width2,256,0,sampled_diagonal_fisher,43,0,,1.0000387337329943,0.2000472169615012,199,50944,43,,0.308115206320231,41,0.4459319859914259,1.0000387337329943,6.676748879515133e-11,0.9869303982611412,1.0,4,1,1.756761025470958e-05,8.781731893871054e-05,724329180688.4191,40,2.8420404169519057e-13,0.2058572806694146,1
ct_w3_i2,3,evaluation,width2,256,0,sampled_two_block_fisher,43,0,,1.0001581018750354,0.2000472169615012,199,50944,514,,0.313852254514862,41,0.4459319859914259,1.0001581018750354,2.1227075749774494e-07,0.9772371137309444,1.0,4,1,3.822075695057249e-05,0.0001910586787014,9838301721.458876,43,3.57022505976337e-11,0.3512495135146558,1
ct_w3_i2,3,evaluation,width2,256,0,sampled_star_fisher,43,0,,1.0001933557102731,0.2000472169615012,199,50944,206,,0.6258821025017329,41,0.4459319859914259,1.0001933557102731,3.394444388544832e-12,0.9638673910345972,1.0,8,1,8.847782165950178e-05,0.0004422846916012,96262962007.15918,43,1.6909744766022003e-11,1.6277821179623349,1
ct_w3_i2,3,evaluation,width2,256,0,sampled_full_fisher,43,1,8.0,0.0752343660024656,0.2000472169615012,8,2048,946,,0.7341558431406537,41,0.4459319859914259,0.0752343660024656,0.9349989742399198,0.9349989742399198,0.0,0,1,0.0460909631658324,0.2304004217899345,,-1,,,0
ct_w3_i2,3,evaluation,width2,256,0,protected_ray_star,43,0,,1.0000385459426957,0.2000472169615012,199,50944,206,,0.9791397954299386,41,0.4459319859914259,1.0002525537682896,4.8218371779709666e-11,0.3484141296416951,1.0,9,1,0.0002006380721646,0.0010029535787206,,-1,,,0
ct_w3_i2,3,evaluation,width2,256,19,sampled_adam,43,0,,1.0113575404118524,0.2270986766911171,199,50944,86,,0.2265461930503825,42,0.5619819394793059,1.0113575404118524,8.614024358771599e-18,0.9857827729090176,1.0,9,1,0.0024392152842839,0.0107407727769439,2332931.478065473,43,2.5681885050040805e-08,0.0599140780492992,1
ct_w3_i2,3,evaluation,width2,256,19,sampled_diagonal_fisher,43,0,,1.0000834803296534,0.2270986766911171,199,50944,43,,0.2959222426543625,42,0.5619819394793059,1.0000834803296534,2.206202852394001e-32,0.9963375734068952,1.0,9,1,2.6268117431226608e-05,0.0001156682980894,562208149809.6248,42,7.645397362177586e-14,0.0429830470554924,1
ct_w3_i2,3,evaluation,width2,256,19,sampled_two_block_fisher,43,0,,1.0000749769514634,0.2270986766911171,199,50944,514,,0.2702767661863692,42,0.5619819394793059,1.0000749769514634,9.440190956107495e-30,0.5881802517502716,1.0,9,1,1.4557353296892516e-05,6.410144483885458e-05,,-1,,,0
ct_w3_i2,3,evaluation,width2,256,19,sampled_star_fisher,43,0,,1.0001601038184944,0.2270986766911171,199,50944,206,,0.6695578708469403,42,0.5619819394793059,1.0001601038184944,4.475484347936512e-25,0.8702048901741589,1.0,9,1,3.733218989962705e-05,0.0001643875272351,,-1,,,0
ct_w3_i2,3,evaluation,width2,256,19,sampled_full_fisher,43,0,,1.000194007186778,0.2270986766911171,199,50944,946,,0.7839503948448467,42,0.5619819394793059,1.000194007186778,1.3685513000878143e-25,0.5593245467173716,1.0,9,1,4.311176445401303e-05,0.0001898371451659,,-1,,,0
ct_w3_i2,3,evaluation,width2,256,19,protected_ray_star,43,0,,1.0000828615972956,0.2270986766911171,199,50944,206,,0.979494063505453,42,0.5619819394793059,1.000963459500296,2.018120080105642e-09,0.3472087103701036,1.0,9,1,0.0007547583220935,0.0033234818145599,,-1,,,0
ct_w3_i2,3,evaluation,width2,256,42,sampled_adam,43,0,,1.0115301178985554,0.1944911971881277,199,50944,86,,0.3115010032129992,43,0.844043272765725,1.0115301178985554,1.9350435476114897e-11,0.9780434655043996,1.0,6,1,0.0024412008986365,0.012551729507198,3029214.295380758,43,4.687886590941497e-08,0.1420061307640375,1
ct_w3_i2,3,evaluation,width2,256,42,sampled_diagonal_fisher,43,0,,1.0000574551934918,0.1944911971881277,199,50944,43,,0.3146955459451296,43,0.844043272765725,1.0000574551934918,7.293021612791617e-21,0.8545539490142319,1.0,6,1,1.7076904364058e-05,8.780296800548679e-05,,-1,,,0
ct_w3_i2,3,evaluation,width2,256,42,sampled_two_block_fisher,43,0,,1.000117956067946,0.1944911971881277,199,50944,514,,0.4302106199235075,43,0.844043272765725,1.000117956067946,1.0407792992180137e-19,0.9002578117817721,1.0,6,1,3.373980401835087e-05,0.0001734772807517,195803651511.1013,42,5.4995599344361355e-12,1.0768339168667482,1
ct_w3_i2,3,evaluation,width2,256,42,sampled_star_fisher,43,0,,1.0000507153922786,0.1944911971881277,199,50944,206,,0.6766349466321075,43,0.844043272765725,1.0000507153922786,2.842776557987277e-17,0.9460744059818896,1.0,6,1,1.2412581003614822e-05,6.382078563488075e-05,371189948399.2947,43,1.6481744602415905e-12,0.6117857928501114,1
ct_w3_i2,3,evaluation,width2,256,42,sampled_full_fisher,43,0,,1.0004966814355232,0.1944911971881277,199,50944,946,,0.8328382199586525,43,0.844043272765725,1.000536764205867,4.945793027916131e-18,0.8939653379973936,1.0,6,1,0.0004181852236931,0.002150149876905,,-1,,,0
ct_w3_i2,3,evaluation,width2,256,42,protected_ray_star,43,0,,1.00016711629889,0.1944911971881277,199,50944,206,,0.97942251915784,43,0.844043272765725,1.0009596095730018,7.544952567424157e-09,0.3441764505596658,1.0,9,1,0.0007092106926769,0.0036464925041874,,-1,,,0
ct_w3_i2,3,evaluation,width2,256,50,sampled_adam,43,0,,1.0125106342584775,0.1480068113203266,199,50944,86,,0.3681375472854761,42,0.4389815062253589,1.0125106342584775,8.163173178567905e-10,0.9858385678302356,1.0,5,1,0.0026119818888457,0.0176477140852167,4409789.654889169,43,1.4974542252612968e-08,0.0660345815122734,1
ct_w3_i2,3,evaluation,width2,256,50,sampled_diagonal_fisher,43,0,,1.0000604751938358,0.1480068113203266,199,50944,43,,0.3623379622605042,42,0.4389815062253589,1.0000604751938358,1.775425423519877e-18,0.9970944306242852,1.0,5,1,2.638565294295301e-05,0.0001782732342354,968031990422.713,38,4.7320320946660803e-14,0.0458075844734376,1
ct_w3_i2,3,evaluation,width2,256,50,sampled_two_block_fisher,43,1,13.0,0.0158636232755871,0.1480068113203266,13,3328,514,,0.4116267984495627,42,0.4389815062253589,0.0158636232755871,0.9852876426713352,0.9852876426713352,0.0,0,1,0.0078500651107328,0.0530385395152067,,-1,,,0
ct_w3_i2,3,evaluation,width2,256,50,sampled_star_fisher,43,0,,1.0000356380573248,0.1480068113203266,199,50944,206,,0.4566010009496274,42,0.4389815062253589,1.0000356380573248,5.738225689862236e-17,0.722793596534331,1.0,5,1,9.28391167762918e-06,6.272624614239064e-05,,-1,,,0
ct_w3_i2,3,evaluation,width2,256,50,sampled_full_fisher,43,1,12.0,0.0954185756346106,0.1480068113203266,12,3072,946,,0.7374594281209825,42,0.4389815062253589,0.0954185756346106,0.9146235269686144,0.9146235269686144,0.0,0,1,0.0583186018152229,0.3940264728020236,,-1,,,0
ct_w3_i2,3,evaluation,width2,256,50,protected_ray_star,43,0,,1.00015114589198,0.1480068113203266,199,50944,206,,0.9799312609640702,42,0.4389815062253589,1.0022263540375569,2.916809944925737e-08,0.3431792452085876,1.0,9,1,0.0016760397406052,0.0113240716805785,,-1,,,0
ct_w3_i2,3,evaluation,width2,256,101,sampled_adam,43,0,,1.0124526739290811,0.1765881595357237,199,50944,86,,0.1982279559354763,42,0.7146017992037106,1.0124526739290811,1.491929961182786e-11,0.8185521934189682,1.0,7,1,0.0025868743687518,0.0146491949151809,,-1,,,0
ct_w3_i2,3,evaluation,width2,256,101,sampled_diagonal_fisher,43,0,,1.0000255783693976,0.1765881595357237,199,50944,43,,0.3384430208543602,42,0.7146017992037106,1.0000255783693976,3.511457382829037e-22,0.8809464075336054,1.0,6,1,7.806328366340196e-06,4.420640878111072e-05,,-1,,,0
ct_w3_i2,3,evaluation,width2,256,101,sampled_two_block_fisher,43,0,,1.000101231909472,0.1765881595357237,199,50944,514,,0.5138117546503775,42,0.7146017992037106,1.000101231909472,3.1071814340027495e-08,0.762285868368077,1.0,6,1,2.3198442570417936e-05,0.0001313703174177,,-1,,,0
ct_w3_i2,3,evaluation,width2,256,101,sampled_star_fisher,43,0,,1.0001414577809378,0.1765881595357237,199,50944,206,,0.573119798069166,42,0.7146017992037106,1.0001414577809378,3.0937826860725445e-14,0.7974953671511049,1.0,6,1,5.614397172502822e-05,0.0003179373513639,,-1,,,0
ct_w3_i2,3,evaluation,width2,256,101,sampled_full_fisher,43,1,11.0,0.0397147834881845,0.1765881595357253,11,2816,946,,0.7869615210462401,42,0.7146017992037106,0.0397147834881845,0.961968216428287,0.961968216428287,0.0,0,1,0.0309343441191556,0.1751779066075907,,-1,,,0
ct_w3_i2,3,evaluation,width2,256,101,protected_ray_star,43,0,,1.0001069603813626,0.1765881595357253,199,50944,206,,0.976974484869804,42,0.7146017992037106,1.0003058007984755,1.4952579384577906e-09,0.3477329907006761,1.0,9,1,0.0002118543175528,0.0011997085088256,,-1,,,0
ct_w3_i2,3,evaluation,width3,1024,0,sampled_adam,47,1,31.0,0.0978793149082992,0.2287557407759957,31,31744,94,,0.1864182922520968,47,0.0,0.0978793149082992,0.9205269511676824,0.9205269511676824,0.0,0,1,0.0214862645845796,0.0939266682955931,,-1,,,0
ct_w3_i2,3,evaluation,width3,1024,0,sampled_star_fisher,47,1,3.0,0.0242711517084668,0.2287557407759957,3,3072,250,,0.5290262466349903,47,0.0,0.0242711517084668,0.9781118786229076,0.9781118786229076,0.0,0,1,0.0065730664188003,0.0287339954682794,,-1,,,0
ct_w3_i2,3,evaluation,width3,1024,0,sampled_full_fisher,47,1,5.0,0.0542290028297021,0.2287557407759957,5,5120,1128,,0.9049042645890578,47,0.0,0.0542290028297021,0.9508859174691516,0.9508859174691516,0.0,0,1,0.0235775610659123,0.1030687185638771,,-1,,,0
ct_w3_i2,3,evaluation,width3,1024,0,protected_ray_star,47,1,4.0,0.0935963119394305,0.2287557407759957,4,4096,250,,0.978928083149216,47,0.0,0.0935963119394305,0.9125921369915868,0.9125921369915868,0.0,0,1,0.0301110419004584,0.1316296666405592,,-1,,,0
ct_w3_i2,3,evaluation,width3,1024,19,sampled_adam,47,0,,1.0077636805156356,0.1371039857446337,199,203776,94,,0.346205389839082,47,0.0,1.0077636805156356,9.109001383473412e-16,0.9911033515645736,1.0,10,1,0.001692778748199,0.0123466778810644,2458078.4633436147,47,1.963576901874596e-08,0.0482662609361692,1
ct_w3_i2,3,evaluation,width3,1024,19,sampled_star_fisher,47,0,,1.000020461408388,0.1371039857446337,199,203776,250,,0.7389062313345356,47,0.0,1.000020461408388,3.72857085208711e-21,0.8093981296384999,1.0,10,1,5.102287036558801e-06,3.72147243484386e-05,,-1,,,0
ct_w3_i2,3,evaluation,width3,1024,19,sampled_full_fisher,47,1,11.0,0.0456218362097189,0.1371039857446337,11,11264,1128,,0.9286120477872652,47,0.0,0.0456218362097189,0.959624055526514,0.959624055526514,0.0,0,1,0.0370204330907631,0.2700171908912731,,-1,,,0
ct_w3_i2,3,evaluation,width3,1024,19,protected_ray_star,47,1,10.0,0.0701655004279366,0.1371039857446337,10,10240,250,,0.9787662477074058,47,0.0,0.0701655004279366,0.9305186624955883,0.9305186624955883,0.0,0,1,0.0549286177288902,0.4006347257562506,,-1,,,0
ct_w3_i2,3,evaluation,width3,1024,42,sampled_adam,47,1,39.0,0.0988275522890216,0.1980699102546492,39,39936,94,,0.1864181604056279,47,0.0,0.0988275522890216,0.9113835671224376,0.9113835671224376,0.0,0,1,0.0224491975761482,0.1133397674956604,,-1,,,0
ct_w3_i2,3,evaluation,width3,1024,42,sampled_star_fisher,47,1,3.0,0.0588665186387906,0.1980699102546492,3,3072,250,,0.7296770199962254,47,0.0,0.0588665186387906,0.9440296707744876,0.9440296707744876,0.0,0,1,0.0161404768248998,0.0814887874899765,,-1,,,0
ct_w3_i2,3,evaluation,width3,1024,42,sampled_full_fisher,47,1,6.0,0.0596403778760805,0.1980699102546492,6,6144,1128,,0.9408441605217106,47,0.0,0.0596403778760805,0.9477365084457984,0.9477365084457984,0.0,0,1,0.0300465462882054,0.1516966724000431,,-1,,,0
ct_w3_i2,3,evaluation,width3,1024,42,protected_ray_star,47,1,5.0,0.0511082227275743,0.1980699102546492,5,5120,250,,0.9774435503825,47,0.0,0.0511082227275743,0.9510903021724104,0.9510903021724104,0.0,0,1,0.014525921568748,0.0733373461424438,,-1,,,0
ct_w3_i2,3,evaluation,width3,1024,50,sampled_adam,47,1,41.0,0.0964440327208251,0.1413862216901419,41,41984,94,,0.399467864683069,47,0.0,0.0964440327208251,0.9151945966118812,0.9151945966118812,0.0,0,1,0.0216856845666536,0.1533790514197304,,-1,,,0
ct_w3_i2,3,evaluation,width3,1024,50,sampled_star_fisher,47,1,5.0,0.0619351461946227,0.1413862216901419,5,5120,250,,0.6187677144702127,47,0.0,0.0619351461946227,0.944425307112813,0.944425307112813,0.0,0,1,0.0222837826335259,0.1576092943650652,,-1,,,0
ct_w3_i2,3,evaluation,width3,1024,50,sampled_full_fisher,47,1,7.0,0.0361839188011465,0.1413862216901419,7,7168,1128,,0.850881224779121,47,0.0,0.0361839188011465,0.9669386585885876,0.9669386585885876,0.0,0,1,0.0169376034506459,0.1197967047154417,,-1,,,0
ct_w3_i2,3,evaluation,width3,1024,50,protected_ray_star,47,1,6.0,0.0725962593294333,0.1413862216901419,6,6144,250,,0.9783078705435356,47,0.0,0.0725962593294333,0.930436532373172,0.930436532373172,0.0,0,1,0.0264354696194269,0.186973449770531,,-1,,,0
ct_w3_i2,3,evaluation,width3,1024,101,sampled_adam,47,0,,1.0096431645778896,0.1610635548201479,199,203776,94,,0.3195742153004452,47,0.0,1.0096431645778896,3.536644625207893e-05,0.9419094306286095,1.0,3,1,0.002013710754633,0.0125025848143094,100780431.09406754,47,9.35297292515264e-09,0.9425966434080252,1
ct_w3_i2,3,evaluation,width3,1024,101,sampled_star_fisher,47,1,8.0,0.0725658101756305,0.1610635548201479,8,8192,250,,0.7718020924145267,47,0.0,0.0725658101756305,0.9311050127989214,0.9311050127989214,0.0,0,1,0.037263087697782,0.2313564216274252,,-1,,,0
ct_w3_i2,3,evaluation,width3,1024,101,sampled_full_fisher,47,1,10.0,0.0457956734682287,0.1610635548201479,10,10240,1128,,0.8483120662438806,47,0.0,0.0457956734682287,0.955962135009609,0.955962135009609,0.0,0,1,0.0274354958101159,0.1703395646566464,,-1,,,0
ct_w3_i2,3,evaluation,width3,1024,101,protected_ray_star,47,1,7.0,0.0995487158848824,0.1610635548201479,7,7168,250,,0.9783563634070036,47,0.0,0.0995487158848824,0.9022407445104292,0.9022407445104292,0.0,0,1,0.0542441240929603,0.3367870785761073,,-1,,,0
ct_w3_i2,3,evaluation,width3,256,0,sampled_adam,47,1,32.0,0.0943605302938443,0.2287557407759957,32,8192,94,,0.3195741936898119,46,0.0,0.0943605302938443,0.923255331714095,0.923255331714095,0.0,0,1,0.0206026026698786,0.090063762334399,,-1,,,0
ct_w3_i2,3,evaluation,width3,256,0,sampled_diagonal_fisher,47,1,3.0,0.0079303920941971,0.2287557407759957,3,768,47,,0.3529000673929867,46,0.0,0.0079303920941971,0.9923777869550964,0.9923777869550964,0.0,0,1,0.0022605176474038,0.0098817963638231,,-1,,,0
ct_w3_i2,3,evaluation,width3,256,0,sampled_two_block_fisher,47,1,3.0,0.077632044971498,0.2287557407759957,3,768,632,,0.5593320090502558,46,0.0,0.077632044971498,0.9324125903642402,0.9324125903642402,0.0,0,1,0.0252826005417287,0.1105222559921949,,-1,,,0
ct_w3_i2,3,evaluation,width3,256,0,sampled_star_fisher,47,1,3.0,0.0428554169107151,0.2287557407759957,3,768,250,,0.3876473888853486,46,0.0,0.0428554169107151,0.9629337584098866,0.9629337584098866,0.0,0,1,0.0116190800229964,0.0507925177465781,,-1,,,0
ct_w3_i2,3,evaluation,width3,256,0,sampled_full_fisher,47,1,5.0,0.0644322181247698,0.2287557407759957,5,1280,1128,,0.7816808137892526,46,0.0,0.0644322181247698,0.9440183479570976,0.9440183479570976,0.0,0,1,0.0263766859706556,0.115305023083484,,-1,,,0
ct_w3_i2,3,evaluation,width3,256,0,protected_ray_star,47,1,6.0,0.0752119006257263,0.2287557407759957,6,1536,250,,0.9787998912346236,46,0.0,0.0752119006257263,0.9283819987385876,0.9283819987385876,0.0,0,1,0.0277435583372137,0.1212802714506782,,-1,,,0
ct_w3_i2,3,evaluation,width3,256,19,sampled_adam,47,0,,1.008463603419461,0.1371039857446337,199,50944,94,,0.2663118711792903,46,0.0,1.008463603419461,1.3078186267690525e-08,0.9849460470294052,1.0,4,1,0.0018000371759806,0.0131289923207143,7594385.001901265,47,1.5056799928874974e-08,0.1143471355564761,1
ct_w3_i2,3,evaluation,width3,256,19,sampled_diagonal_fisher,47,0,,1.000045866670897,0.1371039857446337,199,50944,47,,0.426794259848569,46,0.0,1.000045866670897,1.0019950307119712e-14,0.6220862499211834,1.0,3,1,1.1530174686311772e-05,8.409802693692342e-05,,-1,,,0
ct_w3_i2,3,evaluation,width3,256,19,sampled_two_block_fisher,47,0,,1.0002047335406878,0.1371039857446337,199,50944,632,,0.5038821541377227,46,0.0,1.0002047335406878,6.262843730402108e-12,0.2957385925662638,1.0,5,1,5.833607592513869e-05,0.0004254878193971,,-1,,,0
ct_w3_i2,3,evaluation,width3,256,19,sampled_star_fisher,47,0,,1.0000713154980296,0.1371039857446337,199,50944,250,,0.6626957136737109,46,0.0,1.0000713154980296,1.772483379197005e-20,0.7895002309754111,1.0,10,1,1.807643407791977e-05,0.0001318447015215,,-1,,,0
ct_w3_i2,3,evaluation,width3,256,19,sampled_full_fisher,47,1,11.0,0.0977098836499568,0.1371039857446337,11,2816,1128,,0.8918558532532191,46,0.0,0.0977098836499568,0.91638747505533,0.91638747505533,0.0,0,1,0.0682376920617795,0.4977075734973688,,-1,,,0
ct_w3_i2,3,evaluation,width3,256,19,protected_ray_star,47,1,9.0,0.0713676129962443,0.1371039857446337,9,2304,250,,0.9781110910399284,46,0.0,0.0713676129962443,0.92963053502087,0.92963053502087,0.0,0,1,0.04405404763164,0.3213185042898309,,-1,,,0
ct_w3_i2,3,evaluation,width3,256,42,sampled_adam,47,1,42.0,0.0978408197762696,0.1980699102546492,42,10752,94,,0.1864174702910751,47,0.0,0.0978408197762696,0.911849471544636,0.911849471544636,0.0,0,1,0.0228097282180743,0.1151599866367837,,-1,,,0
ct_w3_i2,3,evaluation,width3,256,42,sampled_diagonal_fisher,47,1,3.0,0.0482379340758551,0.1980699102546492,3,768,47,,0.3191450088780879,47,0.0,0.0482379340758551,0.953150470698018,0.953150470698018,0.0,0,1,0.0169742194898318,0.0856981227891145,,-1,,,0
ct_w3_i2,3,evaluation,width3,256,42,sampled_two_block_fisher,47,1,4.0,0.0785607598473987,0.1980699102546492,4,1024,632,,0.5985861474883024,47,0.0,0.0785607598473987,0.9336581802794224,0.9336581802794224,0.0,0,1,0.029804992171937,0.1504771327134854,,-1,,,0
ct_w3_i2,3,evaluation,width3,256,42,sampled_star_fisher,47,1,3.0,0.0600307819892247,0.1980699102546492,3,768,250,,0.6863574862408645,47,0.0,0.0600307819892247,0.9447137229485818,0.9447137229485818,0.0,0,1,0.0167351605254867,0.0844911804320563,,-1,,,0
ct_w3_i2,3,evaluation,width3,256,42,sampled_full_fisher,47,1,6.0,0.08156422894106,0.1980699102546492,6,1536,1128,,0.9278454767542732,47,0.0,0.08156422894106,0.9282266252296838,0.9282266252296838,0.0,0,1,0.0389207214917971,0.19649991986041,,-1,,,0
ct_w3_i2,3,evaluation,width3,256,42,protected_ray_star,47,1,6.0,0.0630128157635585,0.1980699102546492,6,1536,250,,0.9781548868217246,47,0.0,0.0630128157635585,0.9394498250187604,0.9394498250187604,0.0,0,1,0.02139187809162,0.1080016548910308,,-1,,,0
ct_w3_i2,3,evaluation,width3,256,50,sampled_adam,47,0,,1.0089802740216012,0.1413862216901419,199,50944,94,,0.346205376183723,44,0.0,1.0089802740216012,5.8180476561686826e-08,0.9845994720238344,1.0,4,1,0.0020171945375156,0.0142672639059306,94203797.86002047,47,1.3489105728435896e-09,0.1270724989354019,1
ct_w3_i2,3,evaluation,width3,256,50,sampled_diagonal_fisher,47,1,4.0,0.0446867922760212,0.1413862216901419,4,1024,47,,0.3798782032904219,44,0.0,0.0446867922760212,0.9575632730989924,0.9575632730989924,0.0,0,1,0.0113117515286254,0.0800060387313833,,-1,,,0
ct_w3_i2,3,evaluation,width3,256,50,sampled_two_block_fisher,47,1,5.0,0.0184748063732431,0.1413862216901419,5,1280,632,,0.4455949422407904,44,0.0,0.0184748063732431,0.9834368438128248,0.9834368438128248,0.0,0,1,0.0045714651426212,0.0323331728366001,,-1,,,0
ct_w3_i2,3,evaluation,width3,256,50,sampled_star_fisher,47,1,5.0,0.0230220636084101,0.1413862216901419,5,1280,250,,0.5647164653181156,44,0.0,0.0230220636084101,0.9784716008741304,0.9784716008741304,0.0,0,1,0.0056684654650233,0.0400920641153154,,-1,,,0
ct_w3_i2,3,evaluation,width3,256,50,sampled_full_fisher,47,1,7.0,0.0671043928742296,0.1413862216901419,7,1792,1128,,0.7106454943120966,44,0.0,0.0671043928742296,0.9452436005316586,0.9452436005316586,0.0,0,1,0.0305183604659222,0.2158510221229719,,-1,,,0
ct_w3_i2,3,evaluation,width3,256,50,protected_ray_star,47,1,7.0,0.0872989799156851,0.1413862216901419,7,1792,250,,0.9789032131099772,44,0.0,0.0872989799156851,0.9157841395063356,0.9157841395063356,0.0,0,1,0.035777606560408,0.2530487492537795,,-1,,,0
ct_w3_i2,3,evaluation,width3,256,101,sampled_adam,47,0,,1.0099467502917143,0.1610635548201479,199,50944,94,,0.2663118059643204,44,0.0,1.0099467502917143,2.914432561847328e-05,0.9188019414821308,1.0,3,1,0.002072381347616,0.0128668546396496,115001700.80616024,47,1.1739836980644886e-08,1.3501012199612186,1
ct_w3_i2,3,evaluation,width3,256,101,sampled_diagonal_fisher,47,0,,1.0001541483941343,0.1610635548201479,199,50944,47,,0.3899615470521199,44,0.0,1.0001541483941343,1.0986569452203737e-08,0.7923232650148896,1.0,3,1,4.5018761532242805e-05,0.0002795093004281,,-1,,,0
ct_w3_i2,3,evaluation,width3,256,101,sampled_two_block_fisher,47,0,,1.000135116242058,0.1610635548201479,199,50944,632,,0.3540679180413957,44,0.0,1.000135116242058,1.8047314048683638e-10,0.7472078490845872,1.0,3,1,4.097853363863098e-05,0.0002544246194267,,-1,,,0
ct_w3_i2,3,evaluation,width3,256,101,sampled_star_fisher,47,0,,1.0001920440169965,0.1610635548201479,199,50944,250,,0.6827175461122595,44,0.0,1.0001920440169965,8.131436093916746e-07,0.8446413095500284,1.0,3,1,5.777387762840181e-05,0.0003587023625109,,-1,,,0
ct_w3_i2,3,evaluation,width3,256,101,sampled_full_fisher,47,0,,1.000268248370087,0.1610635548201474,199,50944,1128,,0.7022162882047874,44,0.0,1.000268248370087,2.7261856794492507e-06,0.4051547206309754,1.0,3,1,5.361142693010256e-05,0.00033285883321,,-1,,,0
ct_w3_i2,3,evaluation,width3,256,101,protected_ray_star,47,1,10.0,0.0743164550864925,0.1610635548201474,10,2560,250,,0.978636656544944,44,0.0,0.0743164550864925,0.926470198356285,0.926470198356285,0.0,0,1,0.0451344946681486,0.2802278561313783,,-1,,,0
ct_w3_i2,3,evaluation,width3,64,0,sampled_adam,47,1,37.0,0.0991006154619018,0.2287557407759957,37,2368,94,,0.239680614428612,39,0.0,0.0991006154619018,0.9187292104067124,0.9187292104067124,0.0,0,1,0.0226199205870421,0.0988824171594986,,-1,,,0
ct_w3_i2,3,evaluation,width3,64,0,sampled_star_fisher,47,1,4.0,0.0277317053837187,0.2287557407759957,4,256,250,,0.2034105356336238,39,0.0,0.0277317053837187,0.9750492901639364,0.9750492901639364,0.0,0,1,0.008076995586959,0.0353083842161072,,-1,,,0
ct_w3_i2,3,evaluation,width3,64,0,sampled_full_fisher,47,1,6.0,0.0741539816536303,0.2287557407759957,6,384,1128,,0.6180200772009349,39,0.0,0.0741539816536303,0.942507084532266,0.942507084532266,0.0,0,1,0.021226747251225,0.0927921947629325,,-1,,,0
ct_w3_i2,3,evaluation,width3,64,0,protected_ray_star,47,1,10.0,0.0885169003261268,0.2287557407759957,10,640,250,,0.9783990903814472,39,0.0,0.0885169003261268,0.9136912084327636,0.9136912084327636,0.0,0,1,0.0584635749948486,0.2555720560127836,,-1,,,0
ct_w3_i2,3,evaluation,width3,64,19,sampled_adam,47,0,,1.0117772266232254,0.1371039857446337,199,12736,94,,0.2929430937150629,38,0.0,1.0117772266232254,4.384263559278539e-06,0.9438578842430664,1.0,3,1,0.0023949528034378,0.0174681486495852,84849324.36684942,47,1.0117320339606807e-08,0.8584477952186214,1
ct_w3_i2,3,evaluation,width3,64,19,sampled_star_fisher,47,0,,1.0003807173873651,0.1371039857446337,199,12736,250,,0.4867214456875872,38,0.0,1.0003807173873651,5.144657913918903e-19,0.4766547410088327,1.0,7,1,7.295982164452518e-05,0.0005321495305061,,-1,,,0
ct_w3_i2,3,evaluation,width3,64,19,sampled_full_fisher,47,0,,1.0006295993727168,0.1371039857446337,199,12736,1128,,0.5405398456936661,38,0.0,1.0006295993727168,2.0914583175108915e-16,0.6031223569134948,1.0,10,1,0.0001244134932196,0.000907438923412,,-1,,,0
ct_w3_i2,3,evaluation,width3,64,19,protected_ray_star,47,1,11.0,0.083203188953318,0.1371039857446337,11,704,250,,0.9794696622317522,38,0.0,0.083203188953318,0.9179400873083612,0.9179400873083612,0.0,0,1,0.0642212923300371,0.4684130222855376,,-1,,,0
ct_w3_i2,3,evaluation,width3,64,42,sampled_adam,47,1,45.0,0.0994793827198794,0.1980699102546492,45,2880,94,,0.2130495052428224,43,0.0,0.0994793827198794,0.9133898072594934,0.9133898072594934,0.0,0,1,0.0205811116006623,0.1039083199169534,,-1,,,0
ct_w3_i2,3,evaluation,width3,64,42,sampled_star_fisher,47,1,4.0,0.0509780665262074,0.1980699102546492,4,256,250,,0.5403811436403416,43,0.0,0.0509780665262074,0.952346297561285,0.952346297561285,0.0,0,1,0.0129869940864497,0.0655677284336273,,-1,,,0
ct_w3_i2,3,evaluation,width3,64,42,sampled_full_fisher,47,1,6.0,0.0866546494711784,0.1980699102546492,6,384,1128,,0.6718911311758227,43,0.0,0.0866546494711784,0.93057440630339,0.93057440630339,0.0,0,1,0.0344001761683047,0.1736769412581552,,-1,,,0
ct_w3_i2,3,evaluation,width3,64,42,protected_ray_star,47,1,6.0,0.0860301972640478,0.1980699102546492,6,384,250,,0.9774951221878644,43,0.0,0.0860301972640478,0.9187816557529034,0.9187816557529034,0.0,0,1,0.0324377021241217,0.1637689545192306,,-1,,,0
ct_w3_i2,3,evaluation,width3,64,50,sampled_adam,47,0,,1.0153906808018665,0.1413862216901419,199,12736,94,,0.2663117972428142,38,0.0,1.0153906808018665,1.3932075588661574e-08,0.9653556197257234,1.0,5,1,0.0031801908154894,0.0224929330275127,21756404.62751713,47,1.9798438468542227e-08,0.4307428383146053,1
ct_w3_i2,3,evaluation,width3,64,50,sampled_star_fisher,47,0,,1.0004203785608432,0.1413862216901419,199,12736,250,,0.496259338910454,38,0.0,1.0004203785608432,1.8287842335668839e-09,0.8168308480119297,1.0,6,1,9.044383005103156e-05,0.0006396933800893,,-1,,,0
ct_w3_i2,3,evaluation,width3,64,50,sampled_full_fisher,47,1,8.0,0.0693965099517956,0.1413862216901419,8,512,1128,,0.6148477901278174,38,0.0,0.0693965099517956,0.9429900717237258,0.9429900717237258,0.0,0,1,0.0276634869902255,0.195659001701397,,-1,,,0
ct_w3_i2,3,evaluation,width3,64,50,protected_ray_star,47,1,10.0,0.089360445024285,0.1413862216901419,10,640,250,,0.9791227997182094,38,0.0,0.089360445024285,0.9123010830200516,0.9123010830200516,0.0,0,1,0.0694326684012418,0.4910851112027628,,-1,,,0
ct_w3_i2,3,evaluation,width3,64,101,sampled_adam,47,0,,1.0148238504846727,0.1610635548201479,199,12736,94,,0.1597870991614353,38,0.0,1.0148238504846727,0.0001981026711026,0.6718060597076257,1.0,3,1,0.0030215212011829,0.0187598069877255,,-1,,,0
ct_w3_i2,3,evaluation,width3,64,101,sampled_star_fisher,47,0,,1.0003668014986289,0.1610635548201479,199,12736,250,,0.5989539039616557,38,0.0,1.0003668014986289,1.589319547558576e-06,0.7887887371345103,1.0,2,1,9.87427576503796e-05,0.0006130670452458,,-1,,,0
ct_w3_i2,3,evaluation,width3,64,101,sampled_full_fisher,47,0,,1.001336428730358,0.1610635548201479,199,12736,1128,,0.6834630854200993,38,0.0,1.0015084333567152,4.551799660702719e-07,0.3240742124271359,1.0,3,1,0.0003884151008308,0.0024115641882149,,-1,,,0
ct_w3_i2,3,evaluation,width3,64,101,protected_ray_star,47,1,9.0,0.0674855762945405,0.1610635548201479,9,576,250,,0.9774842018089834,38,0.0,0.0674855762945405,0.9337877252609452,0.9337877252609452,0.0,0,1,0.0338688077100441,0.2102822562674956,,-1,,,0
ct_w3_i3,3,evaluation,chain,256,0,sampled_adam,31,0,,2.027746941508372,0.3178173420787549,199,50944,62,,-0.5987994511005574,26,2.1884012449381074,2.027746941508372,5.816499520434589e-19,0.9680531467786884,2.0,8,1,0.0067273369697224,0.0211673061190457,5437.117176158408,31,1.9517932222122697e-05,0.1061212845279989,1
ct_w3_i3,3,evaluation,chain,256,0,sampled_diagonal_fisher,31,0,,2.000094299008756,0.3178173420787549,199,50944,31,,-0.669886310833761,26,2.1884012449381074,2.000094299008756,7.26754416883433e-35,0.9791821769294728,2.0,9,1,2.737978855561682e-05,8.614944790782413e-05,613775675.8999918,31,3.9019246095495926e-10,0.2394906414537112,1
ct_w3_i3,3,evaluation,chain,256,0,sampled_two_block_fisher,31,0,,1.0001445289443698,0.3178173420787549,199,50944,256,,-0.7486105897731308,26,2.1884012449381074,1.0001445289443698,2.571940104514123e-45,0.999894441361824,1.0,9,1,4.763838881137078e-05,0.0001498923516878,1555446.787947734,31,2.764789396263835e-10,0.000430048278577,1
ct_w3_i3,3,evaluation,chain,256,0,sampled_star_fisher,31,0,,1.000114821877645,0.3178173420787549,199,50944,90,,-0.1077588601247442,26,2.1884012449381074,1.000114821877645,2.8790488760249487e-40,0.9999178850938688,1.0,9,1,3.105958886172863e-05,9.772779754111744e-05,251709.2965721288,31,1.1817625919252842e-09,0.0002974606307287,1
ct_w3_i3,3,evaluation,chain,256,0,sampled_full_fisher,31,0,,1.0002508700212829,0.3178173420787549,199,50944,496,,-0.6767044998264673,26,2.1884012449381074,1.0002508700212829,1.6039599122493334e-34,0.9998512820426828,1.0,9,1,6.412339550838105e-05,0.0002017617889853,18485.524747141077,31,2.3788772617283296e-08,0.0004397479449209,1
ct_w3_i3,3,evaluation,chain,256,0,protected_ray_star,31,0,,2.996701990533396,0.3178173420787549,199,50944,90,,-0.9800585971735468,26,2.1884012449381074,3.891259781959605,4.788532964106473e-10,0.0439649356630871,1.0,9,1,0.2618563948533168,0.823921039489497,,-1,,,0
ct_w3_i3,3,evaluation,chain,256,19,sampled_adam,31,0,,2.038217784525493,0.3789042944744363,199,50944,62,,-0.5987994455000409,27,2.2717485078526627,2.038217784525493,9.820142033084349e-18,0.7885690431425718,2.0,8,1,0.0086058265180534,0.02271240163691,,-1,,,0
ct_w3_i3,3,evaluation,chain,256,19,sampled_diagonal_fisher,31,0,,2.0001066973749904,0.3789042944744363,199,50944,31,,-0.6697011243758366,27,2.2717485078526627,2.0001066973749904,3.037524078528817e-32,0.6576244214485968,2.0,9,1,2.8010778301940665e-05,7.392573457314161e-05,,-1,,,0
ct_w3_i3,3,evaluation,chain,256,19,sampled_two_block_fisher,31,0,,2.0001854606637544,0.3789042944744363,199,50944,256,,-0.7515944143756579,27,2.2717485078526627,2.0001854606637544,1.3262329725903269e-32,0.9997401619292025,2.0,6,1,6.278522726221702e-05,0.0001657020735257,589298.7164947146,31,3.134842027881651e-09,0.0018473583834443,1
ct_w3_i3,3,evaluation,chain,256,19,sampled_star_fisher,31,0,,2.0001555856634834,0.3789042944744363,199,50944,90,,-0.2092398717251688,27,2.2717485078526627,2.0001555856634834,1.978870226662614e-36,0.4952907499649325,2.0,9,1,4.15067530729803e-05,0.0001095441610936,,-1,,,0
ct_w3_i3,3,evaluation,chain,256,19,sampled_full_fisher,31,0,,2.000382024412625,0.3789042944744363,199,50944,496,,-0.7031016584378127,27,2.2717485078526627,2.000382024412625,2.0328477718575265e-35,0.4862790600954101,2.0,10,1,0.000137081555185,0.0003617841158943,,-1,,,0
ct_w3_i3,3,evaluation,chain,256,19,protected_ray_star,31,0,,3.4565239525140097,0.3789042944744363,199,50944,90,,-0.9805766904435196,27,2.2717485078526627,4.13517738911638,2.3300863289509152e-08,0.0254722538530231,2.0,7,1,0.2159592091617836,0.5699571430335262,,-1,,,0
ct_w3_i3,3,evaluation,chain,256,42,sampled_adam,31,0,,2.031289248977979,0.2737777591263104,199,50944,62,,-0.4654746691009487,25,2.677414015262751,2.031289248977979,1.7388279683879432e-20,0.970863033032363,2.0,11,1,0.007280524764809,0.0265928276571586,7737.080832199878,31,1.0337565591085266e-05,0.0799825805863948,1
ct_w3_i3,3,evaluation,chain,256,42,sampled_diagonal_fisher,31,0,,2.000087564925721,0.2737777591263104,199,50944,31,,-0.6716695900376872,25,2.677414015262751,2.000087564925721,5.232639732337746e-43,0.9967516746935916,2.0,11,1,3.0704024938129025e-05,0.0001121494493786,269189046.8047326,31,1.1655023993435958e-10,0.0313740479927931,1
ct_w3_i3,3,evaluation,chain,256,42,sampled_two_block_fisher,31,0,,2.0000751935254364,0.2737777591263104,199,50944,256,,-0.6881016285039939,25,2.677414015262751,2.0000751935254364,9.26908314631472e-42,0.915000470007551,2.0,10,1,2.9120858237325048e-05,0.0001063667784054,2354734184.9565587,31,2.9950014166153857e-10,0.7052432219697571,1
ct_w3_i3,3,evaluation,chain,256,42,sampled_star_fisher,31,0,,2.000124031740663,0.2737777591263104,199,50944,90,,-0.3541539293110156,25,2.677414015262751,2.000124031740663,1.3094220087360925e-33,0.9262853085634944,2.0,8,1,3.466336632983605e-05,0.0001266113304472,32091814.43633537,31,2.5507265282331894e-08,0.8185744242189746,1
ct_w3_i3,3,evaluation,chain,256,42,sampled_full_fisher,31,0,,2.0001506335020505,0.2737777591263104,199,50944,496,,-0.6796578534234476,25,2.677414015262751,2.0001506335020505,4.581038877679223e-39,0.6361925225282284,2.0,11,1,5.176420472339975e-05,0.0001890738126011,,-1,,,0
ct_w3_i3,3,evaluation,chain,256,42,protected_ray_star,31,0,,3.274569926876236,0.2737777591263104,199,50944,90,,-0.982240631258692,25,2.677414015262751,3.857383235112984,1.9475631193462608e-10,0.0431029916403337,2.0,8,0,0.2236736294627511,0.8169897736636701,,-1,,,0
ct_w3_i3,3,evaluation,chain,256,50,sampled_adam,31,0,,2.03516022238359,0.3428305651023379,199,50944,62,,-0.5283524043815553,29,2.562176695075012,2.03516022238359,2.0408172835452773e-18,0.8720601194062488,2.0,9,1,0.0079009769099531,0.0230463025010462,,-1,,,0
ct_w3_i3,3,evaluation,chain,256,50,sampled_diagonal_fisher,31,0,,2.000094822096969,0.3428305651023379,199,50944,31,,-0.6701620924033174,29,2.562176695075012,2.000094822096969,3.657309396619887e-36,0.9999084819954116,2.0,9,1,3.019066320201938e-05,8.806292750766609e-05,325719.6424950484,31,1.4605485549129363e-09,0.0004757293531529,1
ct_w3_i3,3,evaluation,chain,256,50,sampled_two_block_fisher,31,0,,2.0000564958852696,0.3428305651023379,199,50944,256,,-0.7387206196436366,29,2.562176695075012,2.0000564958852696,4.069309979775165e-40,0.5540954974382515,2.0,8,1,1.615352732779839e-05,4.711810722878931e-05,,-1,,,0
ct_w3_i3,3,evaluation,chain,256,50,sampled_star_fisher,31,0,,2.000087661325942,0.3428305651023379,199,50944,90,,-0.1892485295136694,29,2.562176695075012,2.000087661325942,1.0383045927074944e-38,0.9999185594785024,2.0,7,1,2.517562429675896e-05,7.34345967351068e-05,3096535.725466819,31,1.1703642536193729e-10,0.0003624074723141,1
ct_w3_i3,3,evaluation,chain,256,50,sampled_full_fisher,31,0,,2.000260871165649,0.3428305651023379,199,50944,496,,-0.5272506860764385,29,2.562176695075012,2.000260871165649,9.0127588877227e-34,0.6570590616850907,2.0,8,1,6.904956847417276e-05,0.0002014101877222,,-1,,,0
ct_w3_i3,3,evaluation,chain,256,50,protected_ray_star,31,0,,2.9078214160500284,0.3428305651023379,199,50944,90,,-0.983482260303527,29,2.562176695075012,3.778366339520144,8.419763018897316e-10,0.049165740766961,2.0,8,0,0.2663230795984097,0.7768358679422588,,-1,,,0
ct_w3_i3,3,evaluation,chain,256,101,sampled_adam,31,0,,2.0349127832881777,0.3164354799454772,199,50944,62,,-0.5987994154924865,25,2.136301284836752,2.0349127832881777,2.464874839381601e-17,0.8689621091583979,2.0,8,1,0.0082407682452383,0.0260424913371226,,-1,,,0
ct_w3_i3,3,evaluation,chain,256,101,sampled_diagonal_fisher,31,0,,2.0000444534255437,0.3164354799454772,199,50944,31,,-0.7294659295732828,25,2.136301284836752,2.0000444534255437,5.014935573387887e-34,0.5578604674449598,2.0,8,1,1.1771326924073457e-05,3.719976952679797e-05,,-1,,,0
ct_w3_i3,3,evaluation,chain,256,101,sampled_two_block_fisher,31,0,,2.000031759242608,0.3164354799454772,199,50944,256,,-0.8140731814660284,25,2.136301284836752,2.000031759242608,1.1660552778897853e-33,0.9181381940861038,2.0,7,1,8.888160013163117e-06,2.808838002203347e-05,373859056.0323694,31,1.658258048085082e-09,0.6199547885151682,1
ct_w3_i3,3,evaluation,chain,256,101,sampled_star_fisher,31,0,,2.000031217609047,0.3164354799454772,199,50944,90,,-0.2689952042594928,25,2.136301284836752,2.000031217609047,1.1308495159998216e-31,0.7006656128180545,2.0,8,1,1.0421934101596412e-05,3.2935415786472935e-05,,-1,,,0
ct_w3_i3,3,evaluation,chain,256,101,sampled_full_fisher,31,0,,2.000085141019758,0.3164354799454868,199,50944,496,,-0.7987040735471149,25,2.136301284836752,2.000085141019758,2.1374476709541932e-30,0.8038027404026773,2.0,7,1,2.4719480156479072e-05,7.811854777074165e-05,,-1,,,0
ct_w3_i3,3,evaluation,chain,256,101,protected_ray_star,31,0,,2.922019687003173,0.3164354799454868,199,50944,90,,-0.9802327914672664,25,2.136301284836752,4.201168048257256,4.727213558254652e-07,0.0211076778411369,1.0,4,1,0.3444180824413236,1.0884306731364557,,-1,,,0
ct_w3_i3,3,evaluation,problem_tree,256,0,sampled_adam,31,0,,1.029800366536195,0.2601418709957618,199,50944,62,,-0.0312651056647915,27,1.0674449041624916,1.029800366536195,1.9484437140018126e-07,0.776107158737155,1.0,5,1,0.006003309000187,0.0230770578269762,,-1,,,0
ct_w3_i3,3,evaluation,problem_tree,256,0,sampled_diagonal_fisher,31,0,,1.00005251327722,0.2601418709957618,199,50944,31,,0.1251828733170146,27,1.0674449041624916,1.00005251327722,2.570050934302962e-17,0.7566100849085995,1.0,6,1,1.592233100235682e-05,6.120633691689034e-05,,-1,,,0
ct_w3_i3,3,evaluation,problem_tree,256,0,sampled_two_block_fisher,31,0,,1.000067714330168,0.2601418709957618,199,50944,256,,-0.1567593679876905,27,1.0674449041624916,1.000067714330168,2.2828685494250297e-17,0.6026148062299543,1.0,6,1,1.5506745678033847e-05,5.960880352969583e-05,,-1,,,0
ct_w3_i3,3,evaluation,problem_tree,256,0,sampled_star_fisher,31,0,,1.0000725176785998,0.2601418709957618,199,50944,98,,0.5420455955664453,27,1.0674449041624916,1.0000725176785998,1.0456819382038743e-17,0.7487976893876243,1.0,6,1,1.829305963301877e-05,7.031955126253703e-05,,-1,,,0
ct_w3_i3,3,evaluation,problem_tree,256,0,sampled_full_fisher,31,0,,1.0001795865471443,0.2601418709957618,199,50944,496,,0.4804255224069916,27,1.0674449041624916,1.0001795865471443,1.9649310237065612e-14,0.6034732988164281,1.0,6,1,4.8358546252659175e-05,0.0001858929747354,,-1,,,0
ct_w3_i3,3,evaluation,problem_tree,256,0,protected_ray_star,31,0,,1.002286542395053,0.2601418709957618,199,50944,98,,0.9645574264487624,27,1.0674449041624916,1.008803777137425,2.2380982839483696e-18,0.9928721620042308,1.0,6,1,0.0028367303084378,0.0109045510343239,14430913887.179722,19,2.2875324192322528e-12,0.0330111833560725,1
ct_w3_i3,3,evaluation,problem_tree,256,19,sampled_adam,31,0,,1.0254036481843531,0.2941024762063305,199,50944,62,,0.3126526856241207,28,0.888181727768109,1.0254036481843531,1.03771486841036e-08,0.7676749105019512,1.0,6,1,0.0047764083882992,0.01624062622631,,-1,,,0
ct_w3_i3,3,evaluation,problem_tree,256,19,sampled_diagonal_fisher,31,0,,1.0003961236711874,0.2941024762063305,199,50944,31,,0.3132729634704525,28,0.888181727768109,1.0003961236711874,6.317026507798086e-17,0.3736371275517123,1.0,6,1,0.0001601649855478,0.0005445890412548,,-1,,,0
ct_w3_i3,3,evaluation,problem_tree,256,19,sampled_two_block_fisher,31,0,,1.0002054354176924,0.2941024762063305,199,50944,256,,0.1127099428278439,28,0.888181727768109,1.0002054354176924,2.820872021550523e-17,0.4730054682472544,1.0,6,1,6.118092708024082e-05,0.0002080258822347,,-1,,,0
ct_w3_i3,3,evaluation,problem_tree,256,19,sampled_star_fisher,31,0,,1.000322173880427,0.2941024762063305,199,50944,98,,0.3812603846619398,28,0.888181727768109,1.000322173880427,6.002307816127959e-16,0.3455624764275674,1.0,6,1,6.865096417268756e-05,0.0002334253184747,,-1,,,0
ct_w3_i3,3,evaluation,problem_tree,256,19,sampled_full_fisher,31,0,,1.0004053651374,0.2941024762063305,199,50944,496,,0.5432283064700903,28,0.888181727768109,1.0004053651374,2.489367394185121e-15,0.4363537240638623,1.0,6,1,0.0001371108479524,0.0004662009301011,,-1,,,0
ct_w3_i3,3,evaluation,problem_tree,256,19,protected_ray_star,31,0,,1.0018761604441462,0.2941024762063305,199,50944,98,,0.9793618673395764,28,0.888181727768109,1.0063133767370704,2.991251047980132e-17,0.9944740008864548,1.0,6,1,0.0017999875082089,0.006120273217102,303915822576.47565,22,5.678777026888508e-14,0.0172587019135521,1
ct_w3_i3,3,evaluation,problem_tree,256,42,sampled_adam,31,0,,1.0268696061124023,0.2960172111850922,199,50944,62,,0.2813873146690987,26,0.8021027878201543,1.0268696061124023,6.192987774823713e-10,0.910983189893964,1.0,6,1,0.0054406623433718,0.0183795473296649,5815980.537143637,31,9.083436364299696e-08,0.5282908910514978,1
ct_w3_i3,3,evaluation,problem_tree,256,42,sampled_diagonal_fisher,31,0,,1.0000576971203363,0.2960172111850922,199,50944,31,,0.255639212479245,26,0.8021027878201543,1.0000576971203363,9.080811764989011e-28,0.992678070408792,1.0,11,1,1.6302649648185264e-05,5.50733167943793e-05,64832387610.29784,31,1.336089971516895e-12,0.0866219029156151,1
ct_w3_i3,3,evaluation,problem_tree,256,42,sampled_two_block_fisher,31,0,,1.0002714796492942,0.2960172111850922,199,50944,256,,-0.2322333175451588,26,0.8021027878201543,1.0002714796492942,2.6199725433622664e-20,0.6225276248332791,1.0,11,1,6.299669127599556e-05,0.0002128142854389,,-1,,,0
ct_w3_i3,3,evaluation,problem_tree,256,42,sampled_star_fisher,31,0,,1.0001971207204434,0.2960172111850922,199,50944,98,,0.6217386490413788,26,0.8021027878201543,1.0001971207204434,8.725886003987853e-20,0.9042049960856772,1.0,11,1,6.041106515927165e-05,0.0002040795699595,86582009279.20616,31,3.2499855139351316e-11,2.8139027592481725,1
ct_w3_i3,3,evaluation,problem_tree,256,42,sampled_full_fisher,31,0,,1.0003068133615771,0.2960172111850922,199,50944,496,,0.4591525546364458,26,0.8021027878201543,1.0003068133615771,2.7153640560877708e-17,0.5369387210186727,1.0,6,1,7.36694052532133e-05,0.0002488686551646,,-1,,,0
ct_w3_i3,3,evaluation,problem_tree,256,42,protected_ray_star,31,0,,1.002643694932976,0.2960172111850922,199,50944,98,,0.9805137513209312,26,0.8021027878201543,1.0033623818243154,1.8332024516645082e-19,0.9972019243968502,1.0,6,1,0.0009861865619604,0.0033315176438974,58817437399.58033,19,1.7884680936380185e-13,0.01051931101387,1
ct_w3_i3,3,evaluation,problem_tree,256,50,sampled_adam,31,0,,1.0307814250694634,0.3693572472832622,199,50944,62,,8.245840271050479e-09,28,0.9229766506872272,1.0307814250694634,1.8353143410978197e-07,0.5142850251886167,1.0,5,1,0.0063436577655694,0.0171748566252024,,-1,,,0
ct_w3_i3,3,evaluation,problem_tree,256,50,sampled_diagonal_fisher,31,0,,1.0001074974700224,0.3693572472832622,199,50944,31,,0.1269210766734879,28,0.9229766506872272,1.0001074974700224,5.532987217773232e-16,0.5384706725850776,1.0,5,1,2.4359278523731204e-05,6.595045502126004e-05,,-1,,,0
ct_w3_i3,3,evaluation,problem_tree,256,50,sampled_two_block_fisher,31,0,,1.0000552496732826,0.3693572472832622,199,50944,256,,-0.2988760259580776,28,0.9229766506872272,1.0000552496732826,1.0189805980462372e-13,0.5165575294003871,1.0,5,1,1.6437455573639267e-05,4.450286462372644e-05,,-1,,,0
ct_w3_i3,3,evaluation,problem_tree,256,50,sampled_star_fisher,31,0,,1.0001107632783697,0.3693572472832622,199,50944,98,,0.6701326048878714,28,0.9229766506872272,1.0001107632783697,5.840223944909287e-14,0.5400493903742478,1.0,5,1,2.3220053014547323e-05,6.28661091269714e-05,,-1,,,0
ct_w3_i3,3,evaluation,problem_tree,256,50,sampled_full_fisher,31,1,11.0,0.0484718054671962,0.3693572472832622,11,2816,496,,0.3233518051736507,28,0.9229766506872272,0.0484718054671962,0.9575253216666386,0.9575253216666386,0.0,0,1,0.0358503846431077,0.0970615438218649,,-1,,,0
ct_w3_i3,3,evaluation,problem_tree,256,50,protected_ray_star,31,0,,1.00228459217578,0.3693572472832622,199,50944,98,,0.9787312068066292,28,0.9229766506872272,1.0040637383714994,1.2413100674935039e-17,0.99641549795107,1.0,6,1,0.001245518746673,0.00337212483533,438477502511.27295,22,3.7416980981684935e-14,0.016406504372361,1
ct_w3_i3,3,evaluation,problem_tree,256,101,sampled_adam,31,0,,1.0235941135681124,0.2735986097642192,199,50944,62,,0.2501222595487282,26,0.9642104780688664,1.0235941135681124,7.438407441099044e-09,0.5042047798347113,1.0,5,1,0.0046985153454954,0.0171730234650846,,-1,,,0
ct_w3_i3,3,evaluation,problem_tree,256,101,sampled_diagonal_fisher,31,0,,1.0000350828063986,0.2735986097642192,199,50944,31,,0.3913947990492483,26,0.9642104780688664,1.0000350828063986,8.437520563498368e-18,0.6505505018512707,1.0,5,1,9.402001604474977e-06,3.436421556592484e-05,,-1,,,0
ct_w3_i3,3,evaluation,problem_tree,256,101,sampled_two_block_fisher,31,0,,1.0000785539144097,0.2735986097642192,199,50944,256,,-0.0697988904347343,26,0.9642104780688664,1.0000785539144097,1.2436079861430359e-17,0.449472015391622,1.0,6,1,2.102332277968211e-05,7.684002048767542e-05,,-1,,,0
ct_w3_i3,3,evaluation,problem_tree,256,101,sampled_star_fisher,31,0,,1.0001421538527726,0.2735986097642192,199,50944,98,,0.5850517374249214,26,0.9642104780688664,1.0001421538527726,1.7867200735870272e-16,0.4701375143856028,1.0,5,1,3.162999762394828e-05,0.0001156073038938,,-1,,,0
ct_w3_i3,3,evaluation,problem_tree,256,101,sampled_full_fisher,31,0,,1.0001829381212328,0.2735986097642167,199,50944,496,,0.3340905824316678,26,0.9642104780688664,1.0001829381212328,7.443573995799331e-15,0.3680291777728271,1.0,6,1,4.702955272410977e-05,0.0001718925135059,,-1,,,0
ct_w3_i3,3,evaluation,problem_tree,256,101,protected_ray_star,31,0,,1.002513973215395,0.2735986097642167,199,50944,98,,0.9791061219435602,26,0.9642104780688664,1.0048379067931317,8.671219153449159e-18,0.9970804201523754,1.0,6,1,0.0019934090056259,0.0072858886503256,184837674832.40244,22,8.408332635622987e-14,0.0155417665358595,1
ct_w3_i3,3,evaluation,width2,256,0,sampled_adam,42,0,,1.0090613434787397,0.2237495766066421,199,50944,84,,0.3225871533060808,41,0.9749683077379618,1.0090613434787397,3.487368732658882e-05,0.5277863501998609,1.0,2,1,0.001970235021684,0.0088055363123558,,-1,,,0
ct_w3_i3,3,evaluation,width2,256,0,sampled_diagonal_fisher,42,0,,1.0000109746503512,0.2237495766066421,199,50944,42,,0.2847568919025993,41,0.9749683077379618,1.0000109746503512,2.2587803128713962e-08,0.7599336737761412,1.0,2,1,2.9210453313500472e-06,1.3054975904983832e-05,,-1,,,0
ct_w3_i3,3,evaluation,width2,256,0,sampled_two_block_fisher,42,0,,1.000190896529043,0.2237495766066421,199,50944,487,,0.210568025287018,41,0.9749683077379618,1.000190896529043,1.0425036607174227e-10,0.3646066551577158,1.0,5,1,5.819202597523495e-05,0.0002600765858767,,-1,,,0
ct_w3_i3,3,evaluation,width2,256,0,sampled_star_fisher,42,1,19.0,0.0402313049431342,0.2237495766066421,19,4864,193,,0.6408706521658804,41,0.9749683077379618,0.0402313049431342,0.9634455693967025,0.9634455693967025,0.0,0,1,0.0221953762500478,0.0991973999980699,,-1,,,0
ct_w3_i3,3,evaluation,width2,256,0,sampled_full_fisher,42,1,16.0,0.0415271331225106,0.2237495766066421,16,4096,903,,0.6512804898514117,41,0.9749683077379618,0.0415271331225106,0.9641149122956556,0.9641149122956556,0.0,0,1,0.0201865140702515,0.0902192280155236,,-1,,,0
ct_w3_i3,3,evaluation,width2,256,0,protected_ray_star,42,1,13.0,0.0579980225301035,0.2237495766066421,13,3328,193,,0.9818166615770948,41,0.9749683077379618,0.0579980225301035,0.9457076067308008,0.9457076067308008,0.0,0,1,0.0310975992076225,0.1389839466033624,,-1,,,0
ct_w3_i3,3,evaluation,width2,256,19,sampled_adam,42,1,52.0,0.097119651799078,0.1593278521942175,52,13312,84,,0.3225873616350021,42,0.6986833410560661,0.097119651799078,0.926039142011276,0.926039142011276,0.0,0,1,0.0211733157313116,0.1328914903434574,,-1,,,0
ct_w3_i3,3,evaluation,width2,256,19,sampled_diagonal_fisher,42,1,4.0,0.0318846978845162,0.1593278521942175,4,1024,42,,0.2663159092980536,42,0.6986833410560661,0.0318846978845162,0.970206756896659,0.970206756896659,0.0,0,1,0.0099309568061789,0.0623303249834394,,-1,,,0
ct_w3_i3,3,evaluation,width2,256,19,sampled_two_block_fisher,42,1,4.0,0.062667183412433,0.1593278521942175,4,1024,487,,0.7099294766776371,42,0.6986833410560661,0.062667183412433,0.9495038540792906,0.9495038540792906,0.0,0,1,0.0190989762089628,0.1198721751780193,,-1,,,0
ct_w3_i3,3,evaluation,width2,256,19,sampled_star_fisher,42,1,4.0,0.0590307743181277,0.1593278521942175,4,1024,193,,0.6423613789127798,42,0.6986833410560661,0.0590307743181277,0.9494700177255996,0.9494700177255996,0.0,0,1,0.0156192068946511,0.0980318674955312,,-1,,,0
ct_w3_i3,3,evaluation,width2,256,19,sampled_full_fisher,42,1,7.0,0.0597674651288251,0.1593278521942175,7,1792,903,,0.8968151393315217,42,0.6986833410560661,0.0597674651288251,0.948062616883385,0.948062616883385,0.0,0,1,0.0243583935385081,0.1528822061118089,,-1,,,0
ct_w3_i3,3,evaluation,width2,256,19,protected_ray_star,42,1,14.0,0.0454796629892548,0.1593278521942175,14,3584,193,,0.9773939655536784,42,0.6986833410560661,0.0454796629892548,0.9553706113386958,0.9553706113386958,0.0,0,1,0.0277648924976766,0.174262642189087,,-1,,,0
ct_w3_i3,3,evaluation,width2,256,42,sampled_adam,42,0,,1.0123842823733114,0.1942609467796557,199,50944,84,,0.2193593956597324,40,0.584122232190416,1.0123842823733114,1.4137832473464231e-14,0.9903872550473338,1.0,9,1,0.0025675129696043,0.0132168251630966,4274571.088010023,42,4.959867524429983e-09,0.0212013063202882,1
ct_w3_i3,3,evaluation,width2,256,42,sampled_diagonal_fisher,42,0,,1.0000200584930088,0.1942609467796557,199,50944,42,,0.2907523199517853,40,0.584122232190416,1.0000200584930088,6.567166107064381e-32,0.8542983168474216,1.0,9,1,5.85722786725411e-06,3.015134006269301e-05,,-1,,,0
ct_w3_i3,3,evaluation,width2,256,42,sampled_two_block_fisher,42,0,,1.000183537062119,0.1942609467796557,199,50944,487,,0.2654557800827476,40,0.584122232190416,1.000183537062119,6.241205087637566e-26,0.7139063703907054,1.0,9,1,0.0001201218925534,0.0006183532745244,,-1,,,0
ct_w3_i3,3,evaluation,width2,256,42,sampled_star_fisher,42,0,,1.0000558706439442,0.1942609467796557,199,50944,193,,0.6595831884710541,40,0.584122232190416,1.0000558706439442,3.0635883579799476e-30,0.6553265380556643,1.0,9,1,1.246516108761581e-05,6.416709737214789e-05,,-1,,,0
ct_w3_i3,3,evaluation,width2,256,42,sampled_full_fisher,42,0,,1.0010339031819644,0.1942609467796557,199,50944,903,,0.7707695682518997,40,0.584122232190416,1.0011612471118436,5.250790182851366e-21,0.2982493358810301,1.0,9,1,0.0005200435667986,0.0026770360971653,,-1,,,0
ct_w3_i3,3,evaluation,width2,256,42,protected_ray_star,42,1,9.0,0.0783898549971375,0.1942609467796557,9,2304,193,,0.979658758922555,40,0.584122232190416,0.0783898549971375,0.9303430283702262,0.9303430283702262,0.0,0,1,0.0523267724287109,0.2693633141202774,,-1,,,0
ct_w3_i3,3,evaluation,width2,256,50,sampled_adam,42,0,,1.011401429313734,0.2633449860071457,199,50944,84,,0.34839432319428,41,0.5444580119877516,1.011401429313734,5.502342076446835e-18,0.9903805302381564,1.0,11,1,0.002583286571551,0.0098095149283796,2567101.069667027,42,1.1768679874815662e-08,0.030211390695208,1
ct_w3_i3,3,evaluation,width2,256,50,sampled_diagonal_fisher,42,0,,1.0000336473950586,0.2633449860071457,199,50944,42,,0.3627918397877914,41,0.5444580119877516,1.0000336473950586,2.0663350562440028e-35,0.999951367210144,1.0,11,1,1.2933789488516e-05,4.911348298146466e-05,22447283487.442883,42,1.6739057891567404e-14,0.0003757463778047,1
ct_w3_i3,3,evaluation,width2,256,50,sampled_two_block_fisher,42,0,,1.0001099894682088,0.2633449860071457,199,50944,487,,0.358661039998738,41,0.5444580119877516,1.0001099894682088,3.936976930646079e-26,0.8042596800836435,1.0,11,1,2.7553512909242387e-05,0.0001046289634255,,-1,,,0
ct_w3_i3,3,evaluation,width2,256,50,sampled_star_fisher,42,0,,1.0001113095183616,0.2633449860071457,199,50944,193,,0.6342654863196766,41,0.5444580119877516,1.0001113095183616,3.1605388476239912e-24,0.8881610476347778,1.0,11,1,3.363233888959629e-05,0.0001277120912743,,-1,,,0
ct_w3_i3,3,evaluation,width2,256,50,sampled_full_fisher,42,1,12.0,0.0537198670941769,0.2633449860071457,12,3072,903,,0.8602457438087976,41,0.5444580119877516,0.0537198670941769,0.9502737142137504,0.9502737142137504,0.0,0,1,0.0595343320058221,0.2260697380591354,,-1,,,0
ct_w3_i3,3,evaluation,width2,256,50,protected_ray_star,42,1,14.0,0.0462164037391978,0.2633449860071457,14,3584,193,,0.9803208769247372,41,0.5444580119877516,0.0462164037391978,0.955462502616538,0.955462502616538,0.0,0,1,0.0273118421349955,0.1037112669168286,,-1,,,0
ct_w3_i3,3,evaluation,width2,256,101,sampled_adam,42,0,,1.0133245892619254,0.203116616951027,199,50944,84,,0.1677454831774126,39,0.6325340915536466,1.0133245892619254,9.383072887441525e-08,0.9213931046742712,1.0,5,1,0.0028623654581961,0.0140922269244285,18175835.51805249,42,4.6296083515136054e-08,0.8414699991011343,1
ct_w3_i3,3,evaluation,width2,256,101,sampled_diagonal_fisher,42,0,,1.0000960485411827,0.203116616951027,199,50944,42,,0.3345617123883123,39,0.6325340915536466,1.0000960485411827,4.6187975752934855e-18,0.7978270631447781,1.0,6,1,3.3163188118949794e-05,0.0001632716644101,,-1,,,0
ct_w3_i3,3,evaluation,width2,256,101,sampled_two_block_fisher,42,0,,1.0000418082010647,0.203116616951027,199,50944,487,,0.3084135075421422,39,0.6325340915536466,1.0000418082010647,1.7726595239801675e-14,0.6619251876863967,1.0,6,1,1.0862568995342949e-05,5.347946986514646e-05,,-1,,,0
ct_w3_i3,3,evaluation,width2,256,101,sampled_star_fisher,42,0,,1.0000832499146242,0.203116616951027,199,50944,193,,0.671623847416707,39,0.6325340915536466,1.0000832499146242,2.0672754696202655e-14,0.7107946918607931,1.0,6,1,2.568916251960809e-05,0.0001264749428442,,-1,,,0
ct_w3_i3,3,evaluation,width2,256,101,sampled_full_fisher,42,0,,1.0003194847822492,0.2031166169510184,199,50944,903,,0.7074844344538912,39,0.6325340915536466,1.0003194847822492,2.822384874410313e-12,0.3662869256864037,1.0,5,1,0.0001468852863067,0.000723157408348,,-1,,,0
ct_w3_i3,3,evaluation,width2,256,101,protected_ray_star,42,1,13.0,0.0288974380406017,0.2031166169510184,13,3328,193,,0.9783527523783068,39,0.6325340915536466,0.0288974380406017,0.9726588871259488,0.9726588871259488,0.0,0,1,0.0193407490468261,0.0952199250713702,,-1,,,0
ct_w3_i3,3,evaluation,width3,1024,0,sampled_adam,47,0,,1.007062541880989,0.2582684248356657,199,203776,94,,0.2877606500654455,47,0.0,1.007062541880989,4.713943730120779e-06,0.8009050935644049,1.0,4,1,0.0014850802051888,0.0057501423417662,,-1,,,0
ct_w3_i3,3,evaluation,width3,1024,0,sampled_star_fisher,47,1,6.0,0.0160446182963305,0.2582684248356657,6,6144,253,,0.4650870494436693,47,0.0,0.0160446182963305,0.9865833167965682,0.9865833167965682,0.0,0,1,0.0076416974227816,0.0295881985095313,,-1,,,0
ct_w3_i3,3,evaluation,width3,1024,0,sampled_full_fisher,47,1,7.0,0.0513940266675074,0.2582684248356657,7,7168,1128,,0.9298837370877814,47,0.0,0.0513940266675074,0.9501844990110528,0.9501844990110528,0.0,0,1,0.0398766783824792,0.1544001300501697,,-1,,,0
ct_w3_i3,3,evaluation,width3,1024,0,protected_ray_star,47,1,8.0,0.0822615944550992,0.2582684248356657,8,8192,253,,0.9812741912396232,47,0.0,0.0822615944550992,0.9187810182467708,0.9187810182467708,0.0,0,1,0.0556740868143722,0.2155667571434534,,-1,,,0
ct_w3_i3,3,evaluation,width3,1024,19,sampled_adam,47,0,,1.008072055288542,0.1823748607149769,199,203776,94,,0.3357209395764376,47,0.0,1.008072055288542,1.1604758837385772e-06,0.9514618058381548,1.0,4,1,0.0017590129828863,0.0096450408570041,1000526259.500714,47,7.74703882651333e-10,0.7751115779298183,1
ct_w3_i3,3,evaluation,width3,1024,19,sampled_star_fisher,47,1,10.0,0.0132054904082412,0.1823748607149769,10,10240,253,,0.5363658592500349,47,0.0,0.0132054904082412,0.988878377602878,0.988878377602878,0.0,0,1,0.005743791662948,0.0314944265916379,,-1,,,0
ct_w3_i3,3,evaluation,width3,1024,19,sampled_full_fisher,47,1,7.0,0.094751292610665,0.1823748607149769,7,7168,1128,,0.8964455447462539,47,0.0,0.094751292610665,0.9126034738864622,0.9126034738864622,0.0,0,1,0.0710933819617444,0.3898200754371082,,-1,,,0
ct_w3_i3,3,evaluation,width3,1024,19,protected_ray_star,47,1,7.0,0.0660135096969742,0.1823748607149769,7,7168,253,,0.979077762163964,47,0.0,0.0660135096969742,0.9350043639072756,0.9350043639072756,0.0,0,1,0.0414558856338163,0.2273114039473092,,-1,,,0
ct_w3_i3,3,evaluation,width3,1024,42,sampled_adam,47,0,,1.0093039940268067,0.1672988097791257,199,203776,94,,0.2158205474601726,47,0.0,1.0093039940268067,2.3473481256411618e-15,0.9924471717572284,1.0,9,1,0.0019181593485651,0.0114654691871243,308474596.1304671,47,6.407782129253155e-11,0.0197663800441339,1
ct_w3_i3,3,evaluation,width3,1024,42,sampled_star_fisher,47,0,,1.000046283204803,0.1672988097791257,199,203776,253,,0.7627297747572551,47,0.0,1.000046283204803,4.480957196577736e-34,0.5249223229790344,1.0,9,1,1.335577809094626e-05,7.983187751651711e-05,,-1,,,0
ct_w3_i3,3,evaluation,width3,1024,42,sampled_full_fisher,47,1,11.0,0.0369843895337638,0.1672988097791257,11,11264,1128,,0.9274953520570502,47,0.0,0.0369843895337638,0.9704781538145532,0.9704781538145532,0.0,0,1,0.0285703204786517,0.1707742004642552,,-1,,,0
ct_w3_i3,3,evaluation,width3,1024,42,protected_ray_star,47,1,9.0,0.0634028924706626,0.1672988097791257,9,9216,253,,0.978333553434472,47,0.0,0.0634028924706626,0.9380389044534388,0.9380389044534388,0.0,0,1,0.0519965222969796,0.31080031212193,,-1,,,0
ct_w3_i3,3,evaluation,width3,1024,50,sampled_adam,47,0,,1.0087497182647152,0.2208103966119831,199,203776,94,,0.1678604107353856,47,0.0,1.0087497182647152,6.193261258078351e-17,0.9924219041878772,1.0,9,1,0.0017946006948504,0.0081273378535882,7347235.704990611,47,3.003514824649251e-09,0.0220675313601315,1
ct_w3_i3,3,evaluation,width3,1024,50,sampled_star_fisher,47,0,,1.000015505686804,0.2208103966119831,199,203776,253,,0.6590836506656658,47,0.0,1.000015505686804,2.250127499207661e-31,0.5066561112781486,1.0,9,1,3.3535022378282103e-06,1.5187247925291849e-05,,-1,,,0
ct_w3_i3,3,evaluation,width3,1024,50,sampled_full_fisher,47,1,19.0,0.0898598042059006,0.2208103966119831,19,19456,1128,,0.8518424884643709,47,0.0,0.0898598042059006,0.9149701393265652,0.9149701393265652,0.0,0,1,0.0969540135014977,0.439082647326019,,-1,,,0
ct_w3_i3,3,evaluation,width3,1024,50,protected_ray_star,47,1,11.0,0.0168896877207807,0.2208103966119831,11,11264,253,,0.9797068123755184,47,0.0,0.0168896877207807,0.983254070414215,0.983254070414215,0.0,0,1,0.0127048828143365,0.0575375209196423,,-1,,,0
ct_w3_i3,3,evaluation,width3,1024,101,sampled_adam,47,0,,1.0109620582665553,0.1703128606597742,199,203776,94,,0.3597008836202973,47,0.0,1.0109620582665553,1.6102742177523677e-18,0.9904281022329604,1.0,11,1,0.0023583705349151,0.0138472839090312,189397393.8852117,47,1.8687067158284118e-10,0.0353928181913694,1
ct_w3_i3,3,evaluation,width3,1024,101,sampled_star_fisher,47,0,,1.0000237247821635,0.1703128606597742,199,203776,253,,0.7902223075613841,47,0.0,1.0000237247821635,2.3296584042852733e-18,0.9797487753343044,1.0,11,1,1.476017526122631e-05,8.666506571521926e-05,868228146107.5944,47,3.9635286737630813e-13,0.3441247152465612,1
ct_w3_i3,3,evaluation,width3,1024,101,sampled_full_fisher,47,1,7.0,0.0452092915639124,0.1703128606597742,7,7168,1128,,0.8430766967181725,47,0.0,0.0452092915639124,0.9605615129520522,0.9605615129520522,0.0,0,1,0.032931198703295,0.1933570875136679,,-1,,,0
ct_w3_i3,3,evaluation,width3,1024,101,protected_ray_star,47,1,6.0,0.0222362041329073,0.1703128606597742,6,6144,253,,0.9778284957523398,47,0.0,0.0222362041329073,0.9788104533486388,0.9788104533486388,0.0,0,1,0.0078840921407419,0.0462918191274563,,-1,,,0
ct_w3_i3,3,evaluation,width3,256,0,sampled_adam,47,0,,1.0083405201313358,0.2582684248356657,199,50944,94,,0.2637808557873289,47,0.0,1.0083405201313358,1.1718546079926857e-06,0.8878900913015623,1.0,5,1,0.0017475229937589,0.0067663052301918,,-1,,,0
ct_w3_i3,3,evaluation,width3,256,0,sampled_diagonal_fisher,47,0,,1.000095563258057,0.2582684248356657,199,50944,47,,0.3350001468259336,47,0.0,1.000095563258057,5.7415088936909425e-11,0.9667147629494236,1.0,5,1,2.2935314834931864e-05,8.880417669920522e-05,618028212641.5367,44,1.0387317430901017e-12,0.6419655225960034,1
ct_w3_i3,3,evaluation,width3,256,0,sampled_two_block_fisher,47,1,6.0,0.0341201079029662,0.2582684248356657,6,1536,632,,0.6678439441855655,47,0.0,0.0341201079029662,0.967614396375836,0.967614396375836,0.0,0,1,0.0224245789510227,0.086826637694063,,-1,,,0
ct_w3_i3,3,evaluation,width3,256,0,sampled_star_fisher,47,0,,1.0001948004988377,0.2582684248356657,199,50944,253,,0.4001099881787326,47,0.0,1.0001948004988377,1.1740817401644423e-09,0.9140613247159352,1.0,5,1,7.091371155210409e-05,0.0002745736789049,90837997089.05785,47,1.7217210955102538e-11,1.5639769586212997,1
ct_w3_i3,3,evaluation,width3,256,0,sampled_full_fisher,47,1,7.0,0.0881533464231534,0.2582684248356657,7,1792,1128,,0.8923949819889053,47,0.0,0.0881533464231534,0.9186962898610188,0.9186962898610188,0.0,0,1,0.05837004785619,0.2260053581591729,,-1,,,0
ct_w3_i3,3,evaluation,width3,256,0,protected_ray_star,47,1,10.0,0.0479143792329423,0.2582684248356657,10,2560,253,,0.9808447466791508,47,0.0,0.0479143792329423,0.9525755143504988,0.9525755143504988,0.0,0,1,0.0360110624058318,0.1394326946034748,,-1,,,0
ct_w3_i3,3,evaluation,width3,256,19,sampled_adam,47,0,,1.0104805436926352,0.1823748607149769,199,50944,94,,0.1438804125788482,46,0.0,1.0104805436926352,1.8657106131142737e-06,0.9650004448672256,1.0,4,1,0.0022625791268664,0.0124062007120734,300531187.3330122,47,1.5932989435000951e-09,0.4788360232665176,1
ct_w3_i3,3,evaluation,width3,256,19,sampled_diagonal_fisher,47,0,,1.000023051938319,0.1823748607149769,199,50944,47,,0.3773721008015642,46,0.0,1.000023051938319,3.5066493143073256e-11,0.7794367680885188,1.0,4,1,5.75954320624881e-06,3.1580795640743854e-05,,-1,,,0
ct_w3_i3,3,evaluation,width3,256,19,sampled_two_block_fisher,47,0,,1.000238545522814,0.1823748607149769,199,50944,632,,0.6319897486661561,46,0.0,1.000238545522814,2.070732643965976e-06,0.6777493714284085,1.0,4,1,9.012059461325772e-05,0.0004941503135901,,-1,,,0
ct_w3_i3,3,evaluation,width3,256,19,sampled_star_fisher,47,0,,1.0000797095032643,0.1823748607149769,199,50944,253,,0.5761966438598194,46,0.0,1.0000797095032643,9.910727095290205e-09,0.848470577663254,1.0,4,1,2.008262717102792e-05,0.000110117299568,,-1,,,0
ct_w3_i3,3,evaluation,width3,256,19,sampled_full_fisher,47,1,8.0,0.0480017920915738,0.1823748607149769,8,2048,1128,,0.8413155466842809,46,0.0,0.0480017920915738,0.9595830253033004,0.9595830253033004,0.0,0,1,0.0279312178682696,0.1531527851962104,,-1,,,0
ct_w3_i3,3,evaluation,width3,256,19,protected_ray_star,47,1,7.0,0.092216513439002,0.1823748607149769,7,1792,253,,0.9791934997337162,46,0.0,0.092216513439002,0.9098069144081476,0.9098069144081476,0.0,0,1,0.056926193835416,0.3121383814207961,,-1,,,0
ct_w3_i3,3,evaluation,width3,256,42,sampled_adam,47,0,,1.0119678855996384,0.1672988097791257,199,50944,94,,0.1918404881534721,47,0.0,1.0119678855996384,6.386793451975329e-14,0.9894464030539042,1.0,9,1,0.0024172927614959,0.0144489537294819,99351720.33152723,47,3.0792183120442687e-10,0.0305925636577939,1
ct_w3_i3,3,evaluation,width3,256,42,sampled_diagonal_fisher,47,0,,1.0000863182085045,0.1672988097791257,199,50944,47,,0.3070440411808292,47,0.0,1.0000863182085045,1.1875325004685912e-28,0.8072169829493181,1.0,9,1,3.0047273434227e-05,0.0001796024339557,,-1,,,0
ct_w3_i3,3,evaluation,width3,256,42,sampled_two_block_fisher,47,0,,1.0001216504707138,0.1672988097791257,199,50944,632,,0.4394178355177808,47,0.0,1.0001216504707138,4.578775307600546e-29,0.4526135098371868,1.0,9,1,3.3092823040072945e-05,0.0001978066854376,,-1,,,0
ct_w3_i3,3,evaluation,width3,256,42,sampled_star_fisher,47,0,,1.000073211916014,0.1672988097791257,199,50944,253,,0.705570803098888,47,0.0,1.000073211916014,5.54022654428501e-23,0.4242061101043049,1.0,9,1,1.627319906281339e-05,9.727026201978298e-05,,-1,,,0
ct_w3_i3,3,evaluation,width3,256,42,sampled_full_fisher,47,1,10.0,0.041424647379932,0.1672988097791257,10,2560,1128,,0.8751897166798069,47,0.0,0.041424647379932,0.9705778347841032,0.9705778347841032,0.0,0,1,0.0243529968494577,0.1455658703227444,,-1,,,0
ct_w3_i3,3,evaluation,width3,256,42,protected_ray_star,47,1,6.0,0.033007141256963,0.1672988097791257,6,1536,253,,0.9786431750473548,47,0.0,0.033007141256963,0.968786914913859,0.968786914913859,0.0,0,1,0.0109961117980584,0.0657273761395906,,-1,,,0
ct_w3_i3,3,evaluation,width3,256,50,sampled_adam,47,0,,1.009244893761787,0.2208103966119831,199,50944,94,,0.2158205284397904,45,0.0,1.009244893761787,6.447015354677205e-17,0.9916660619824648,1.0,9,1,0.0018721589281509,0.0084785814294821,6550066.6027956735,47,3.757935600774097e-09,0.0246147284740873,1
ct_w3_i3,3,evaluation,width3,256,50,sampled_diagonal_fisher,47,0,,1.0000627798306336,0.2208103966119831,199,50944,47,,0.2557967314040585,45,0.0,1.0000627798306336,1.0236449703374712e-31,0.9033533924045224,1.0,9,1,1.4908523329778704e-05,6.751730696800731e-05,715602579831.6558,39,2.926890667510886e-12,2.094490512555987,1
ct_w3_i3,3,evaluation,width3,256,50,sampled_two_block_fisher,47,0,,1.000142326464859,0.2208103966119831,199,50944,632,,0.5109314245126964,45,0.0,1.000142326464859,6.091010968542327e-27,0.4890622735703083,1.0,9,1,2.529695646782168e-05,0.0001145641548403,,-1,,,0
ct_w3_i3,3,evaluation,width3,256,50,sampled_star_fisher,47,0,,1.0001025065592335,0.2208103966119831,199,50944,253,,0.5490341171050428,45,0.0,1.0001025065592335,3.505480888711728e-29,0.6426148187587506,1.0,9,1,2.279334091646704e-05,0.0001032258501691,,-1,,,0
ct_w3_i3,3,evaluation,width3,256,50,sampled_full_fisher,47,1,10.0,0.0760763359777687,0.2208103966119831,10,2560,1128,,0.7738883018781925,45,0.0,0.0760763359777687,0.928554542894452,0.928554542894452,0.0,0,1,0.0605108460241107,0.2740398412056787,,-1,,,0
ct_w3_i3,3,evaluation,width3,256,50,protected_ray_star,47,1,9.0,0.0397715455374179,0.2208103966119831,9,2304,253,,0.9800467914425685,45,0.0,0.0397715455374179,0.9612377896595936,0.9612377896595936,0.0,0,1,0.0291730143161428,0.1321179381213957,,-1,,,0
ct_w3_i3,3,evaluation,width3,256,101,sampled_adam,47,0,,1.0135038740668278,0.1703128606597742,199,50944,94,,0.2158205251568628,45,0.0,1.0135038740668278,1.2840721426492509e-17,0.9878163234898756,1.0,11,1,0.002787745721651,0.01636838058413,30346380.748326324,47,1.3994556472690402e-09,0.0424684139124217,1
ct_w3_i3,3,evaluation,width3,256,101,sampled_diagonal_fisher,47,0,,1.0000695864163038,0.1703128606597742,199,50944,47,,0.3317252711545544,45,0.0,1.0000695864163038,8.71376254848375e-29,0.5336888155014583,1.0,11,1,1.5258620195338772e-05,8.959170867207841e-05,,-1,,,0
ct_w3_i3,3,evaluation,width3,256,101,sampled_two_block_fisher,47,0,,1.0000958645804463,0.1703128606597742,199,50944,632,,0.4784691997904483,45,0.0,1.0000958645804463,2.5193970344647952e-20,0.8844138869193936,1.0,11,1,2.2294839664852e-05,0.0001309052033914,,-1,,,0
ct_w3_i3,3,evaluation,width3,256,101,sampled_star_fisher,47,1,6.0,0.0372609503102996,0.1703128606597742,6,1536,253,,0.6101970379912408,45,0.0,0.0372609503102996,0.9721365067406904,0.9721365067406904,0.0,0,1,0.0140026442875904,0.0822171868486367,,-1,,,0
ct_w3_i3,3,evaluation,width3,256,101,sampled_full_fisher,47,1,8.0,0.0535603790674059,0.1703128606597639,8,2048,1128,,0.729382881216576,45,0.0,0.0535603790674059,0.954348635390046,0.954348635390046,0.0,0,1,0.0308024963885826,0.1808583113997313,,-1,,,0
ct_w3_i3,3,evaluation,width3,256,101,protected_ray_star,47,1,5.0,0.0933230495122998,0.1703128606597639,5,1280,253,,0.9779101438555512,45,0.0,0.0933230495122998,0.9134156566217874,0.9134156566217874,0.0,0,1,0.0386734664713454,0.227073083744415,,-1,,,0
ct_w3_i3,3,evaluation,width3,64,0,sampled_adam,47,0,,1.008500460170204,0.2582684248356657,199,12736,94,,0.1438803306943933,34,0.0,1.008500460170204,2.808074315487475e-07,0.984630378419444,1.0,5,1,0.0017661454089785,0.0068384101157637,160946780.2855996,47,1.1040982370690391e-09,0.1777010563752684,1
ct_w3_i3,3,evaluation,width3,64,0,sampled_star_fisher,47,0,,1.000138574675001,0.2582684248356657,199,12736,253,,0.2580879323104962,34,0.0,1.000138574675001,5.666335618976473e-10,0.8666552991136648,1.0,5,1,3.8831410452502574e-05,0.0001503529147134,,-1,,,0
ct_w3_i3,3,evaluation,width3,64,0,sampled_full_fisher,47,0,,1.001257822584705,0.2582684248356657,199,12736,1128,,0.481777370769429,34,0.0,1.001257822584705,2.250635690922174e-06,0.4116298474458097,1.0,5,1,0.0005961638711715,0.0023083110974594,,-1,,,0
ct_w3_i3,3,evaluation,width3,64,0,protected_ray_star,47,1,8.0,0.0939461195308055,0.2582684248356657,8,512,253,,0.9806329215198856,34,0.0,0.0939461195308055,0.9073412825064886,0.9073412825064886,0.0,0,1,0.0559789396370918,0.2167471291649795,,-1,,,0
ct_w3_i3,3,evaluation,width3,64,19,sampled_adam,47,0,,1.0139749188413276,0.1823748607149769,199,12736,94,,0.287760675055294,39,0.0,1.0139749188413276,1.9474098565078085e-06,0.8153255416860177,1.0,4,1,0.0029945440034557,0.016419719207549,,-1,,,0
ct_w3_i3,3,evaluation,width3,64,19,sampled_star_fisher,47,0,,1.0001571003297285,0.1823748607149769,199,12736,253,,0.3773439239778784,39,0.0,1.0001571003297285,9.286305051897197e-10,0.7509289307295154,1.0,4,1,3.824737655855474e-05,0.0002097184689195,,-1,,,0
ct_w3_i3,3,evaluation,width3,64,19,sampled_full_fisher,47,1,8.0,0.0922878298070273,0.1823748607149769,8,512,1128,,0.5015531063113723,39,0.0,0.0922878298070273,0.9297525932992822,0.9297525932992822,0.0,0,1,0.0438585308346744,0.2404856166180622,,-1,,,0
ct_w3_i3,3,evaluation,width3,64,19,protected_ray_star,47,1,7.0,0.0752972242747311,0.1823748607149769,7,448,253,,0.9804612168714344,39,0.0,0.0752972242747311,0.9266508032909062,0.9266508032909062,0.0,0,1,0.0395053796332246,0.2166163663037163,,-1,,,0
ct_w3_i3,3,evaluation,width3,64,42,sampled_adam,47,0,,1.0134725775453433,0.1672988097791257,199,12736,94,,0.1438802242734832,41,0.0,1.0134725775453433,1.0599394118156472e-14,0.9880497295731292,1.0,9,1,0.002702203163613,0.0161519568918667,83758014.42983405,47,3.8550356786349726e-10,0.0322890133998633,1
ct_w3_i3,3,evaluation,width3,64,42,sampled_star_fisher,47,0,,1.0003847326068822,0.1672988097791257,199,12736,253,,0.4714958350896499,41,0.0,1.0003847326068822,6.4312961077970686e-24,0.6547446661703414,1.0,9,1,8.165394998610962e-05,0.0004880725098637,,-1,,,0
ct_w3_i3,3,evaluation,width3,64,42,sampled_full_fisher,47,0,,1.0015126137654864,0.1672988097791257,199,12736,1128,,0.6869948403439968,41,0.0,1.0015126137654864,1.3605957690831028e-19,0.399604723795578,1.0,9,1,0.0004628537625603,0.0027666291420206,,-1,,,0
ct_w3_i3,3,evaluation,width3,64,42,protected_ray_star,47,1,9.0,0.0768038546152443,0.1672988097791257,9,576,253,,0.9787264142523534,41,0.0,0.0768038546152443,0.924329826587064,0.924329826587064,0.0,0,1,0.07154275516628,0.4276345734959709,,-1,,,0
ct_w3_i3,3,evaluation,width3,64,50,sampled_adam,47,0,,1.0140591485470818,0.2208103966119831,199,12736,94,,0.191840481782307,38,0.0,1.0140591485470818,4.664652280258121e-16,0.9869138584249826,1.0,9,1,0.0028875064701514,0.0130768592170299,9359780.486944005,47,4.432163697940043e-09,0.0414840792949207,1
ct_w3_i3,3,evaluation,width3,64,50,sampled_star_fisher,47,0,,1.000191979689724,0.2208103966119831,199,12736,253,,0.5749142607749608,38,0.0,1.000191979689724,6.49711448630637e-26,0.6743731975614702,1.0,9,1,4.3189374664364735e-05,0.0001955948421226,,-1,,,0
ct_w3_i3,3,evaluation,width3,64,50,sampled_full_fisher,47,0,,1.0010908972213135,0.2208103966119831,199,12736,1128,,0.4182748651666356,38,0.0,1.0010908972213135,3.5730107874389403e-16,0.4119794490856639,1.0,9,1,0.0003312115989371,0.0014999819031127,,-1,,,0
ct_w3_i3,3,evaluation,width3,64,50,protected_ray_star,47,1,9.0,0.0209081422836714,0.2208103966119831,9,576,253,,0.9802633057555616,38,0.0,0.0209081422836714,0.9794856905537792,0.9794856905537792,0.0,0,1,0.0099182495356335,0.0449174934143264,,-1,,,0
ct_w3_i3,3,evaluation,width3,64,101,sampled_adam,47,0,,1.01784474272252,0.1703128606597742,199,12736,94,,0.2637805763188217,38,0.0,1.01784474272252,1.0625932219487326e-16,0.9845133290280548,1.0,11,1,0.0036791107837021,0.0216020726177085,8481054.336542046,47,5.758419926832865e-09,0.048837472292096,1
ct_w3_i3,3,evaluation,width3,64,101,sampled_star_fisher,47,0,,1.0002356549444933,0.1703128606597742,199,12736,253,,0.505948993163483,38,0.0,1.0002356549444933,1.0527402278146308e-24,0.9017479944999708,1.0,11,1,6.670721183672078e-05,0.0003916745428284,833950401413.8422,46,2.5459823715593432e-12,2.12322302075448,1
ct_w3_i3,3,evaluation,width3,64,101,sampled_full_fisher,47,1,9.0,0.0535482881817106,0.1703128606597742,9,576,1128,,0.5163571258773433,38,0.0,0.0535482881817106,0.9592661280445426,0.9592661280445426,0.0,0,1,0.017094185000723,0.1003693140641401,,-1,,,0
ct_w3_i3,3,evaluation,width3,64,101,protected_ray_star,47,1,8.0,0.0593754814034799,0.1703128606597742,8,512,253,,0.9788546748666777,38,0.0,0.0593754814034799,0.9424396806310822,0.9424396806310822,0.0,0,1,0.0267266512069524,0.1569267940390183,,-1,,,0
ct_w3_i4,3,evaluation,chain,256,0,sampled_adam,31,0,,2.03379172394736,0.2892202508942594,199,50944,62,,-0.2026985829201072,29,2.33857048045951,2.03379172394736,3.617083063742348e-16,0.9407921434690366,2.0,8,1,0.0073533730386862,0.0254248207584007,13069.3530940925,31,2.1240731210962927e-05,0.2776026161727855,1
ct_w3_i4,3,evaluation,chain,256,0,sampled_diagonal_fisher,31,0,,2.0000877875975256,0.2892202508942594,199,50944,31,,-0.4567481879577398,29,2.33857048045951,2.0000877875975256,1.6743440451340443e-28,0.9992107734372528,2.0,7,1,2.365912936737692e-05,8.18031562251387e-05,36125786.36620565,31,2.085594054667629e-10,0.0075343725265551,1
ct_w3_i4,3,evaluation,chain,256,0,sampled_two_block_fisher,31,0,,2.00011178793493,0.2892202508942594,199,50944,256,,-0.3052577939670993,29,2.33857048045951,2.00011178793493,1.0328976415029414e-28,0.6217543149437302,2.0,7,1,2.639195255897086e-05,9.125209067265457e-05,,-1,,,0
ct_w3_i4,3,evaluation,chain,256,0,sampled_star_fisher,31,0,,3.000084560282894,0.2892202508942594,199,50944,90,,0.0517066574346617,29,2.33857048045951,3.000084560282894,1.336294656178138e-28,0.8601471865507959,3.0,9,0,2.88261880800641e-05,9.966863658728764e-05,,-1,,,0
ct_w3_i4,3,evaluation,chain,256,0,sampled_full_fisher,31,0,,1.0001261757190854,0.2892202508942594,199,50944,496,,0.0317689969717102,29,2.33857048045951,1.0001261757190854,1.637452219846076e-32,0.6386794470013087,1.0,9,1,3.0769043688230804e-05,0.000106386200804,,-1,,,0
ct_w3_i4,3,evaluation,chain,256,0,protected_ray_star,31,0,,2.4744318863518213,0.2892202508942594,199,50944,90,,-0.975991125283606,29,2.33857048045951,3.6459690619466114,0.0001194327331567,0.03183189081665,2.0,3,0,0.2965825325005536,1.0254556227772096,,-1,,,0
ct_w3_i4,3,evaluation,chain,256,19,sampled_adam,31,0,,2.034476827091096,0.3163351188467586,199,50944,62,,-0.4870246161747263,28,2.216471433130136,2.034476827091096,1.5681923160654192e-21,0.9681740303233236,2.0,9,1,0.0070921116508647,0.0224196152381687,1808.92687530007,31,3.37413988350768e-05,0.0610357231629889,1
ct_w3_i4,3,evaluation,chain,256,19,sampled_diagonal_fisher,31,0,,1.000027310248166,0.3163351188467586,199,50944,31,,-0.6049694642696357,28,2.216471433130136,1.000027310248166,9.401669271801967e-43,0.9999652310065557,1.0,10,1,8.483492849991944e-06,2.681805574075884e-05,2093978.4282037616,31,7.549938034853051e-11,0.0001580940737925,1
ct_w3_i4,3,evaluation,chain,256,19,sampled_two_block_fisher,31,0,,1.0000779175484809,0.3163351188467586,199,50944,256,,-0.6309899481039052,28,2.216471433130136,1.0000779175484809,7.164910890872186e-39,0.9998607019848142,1.0,10,1,2.608142542392523e-05,8.244871931706004e-05,5690667.09145594,31,1.9800025491244804e-10,0.0011267535347301,1
ct_w3_i4,3,evaluation,chain,256,19,sampled_star_fisher,31,0,,1.0000666374324236,0.3163351188467586,199,50944,90,,-0.4694801899430306,28,2.216471433130136,1.0000666374324236,7.896995222249492e-37,0.999835862827918,1.0,10,1,2.534701929082896e-05,8.012711134708932e-05,319793.3971331126,31,4.9433633999225e-09,0.0015808549749247,1
ct_w3_i4,3,evaluation,chain,256,19,sampled_full_fisher,31,0,,1.0001543878124792,0.3163351188467586,199,50944,496,,-0.7320187600888405,28,2.216471433130136,1.0001543878124792,2.703451753346983e-29,0.5505772120121991,1.0,10,1,4.892968013313242e-05,0.0001546767248338,,-1,,,0
ct_w3_i4,3,evaluation,chain,256,19,protected_ray_star,31,0,,2.311639968294944,0.3163351188467586,199,50944,90,,-0.9806410014157596,28,2.216471433130136,3.451658563792828,6.522457186923383e-09,0.0439236728380622,1.0,10,1,0.2657379195364911,0.8400519060459481,,-1,,,0
ct_w3_i4,3,evaluation,chain,256,42,sampled_adam,31,0,,3.02797218940656,0.3075205136475163,199,50944,62,,-0.5712405460350195,26,2.435525788745284,3.02797218940656,6.900477479471658e-22,0.949752146601158,3.0,11,1,0.0061629784010844,0.0200408692349822,12512.48397561899,31,1.8111584275239677e-05,0.2266209080170093,1
ct_w3_i4,3,evaluation,chain,256,42,sampled_diagonal_fisher,31,0,,2.000085221236029,0.3075205136475163,199,50944,31,,-0.8108146991363061,26,2.435525788745284,2.000085221236029,2.287724403988317e-37,0.99103280612964,2.0,11,1,3.449317441292548e-05,0.0001121654422457,45352430.69605654,31,2.3403481500073e-09,0.1061404772778502,1
ct_w3_i4,3,evaluation,chain,256,42,sampled_two_block_fisher,31,0,,2.0000860269502123,0.3075205136475163,199,50944,256,,-0.825815506421821,26,2.435525788745284,2.0001516004833544,5.471924678692957e-38,0.8367558291893513,2.0,12,1,7.266761275694519e-05,0.0002363016759273,,-1,,,0
ct_w3_i4,3,evaluation,chain,256,42,sampled_star_fisher,31,0,,2.0001557537017423,0.3075205136475163,199,50944,90,,-0.5973183208952715,26,2.435525788745284,2.0001557537017423,8.280296328250256e-28,0.8240469438715639,2.0,10,1,4.1212045307030566e-05,0.0001340139713549,,-1,,,0
ct_w3_i4,3,evaluation,chain,256,42,sampled_full_fisher,31,0,,2.0001361687846284,0.3075205136475163,199,50944,496,,-0.7999143571240477,26,2.435525788745284,2.0001361687846284,9.360182539881012e-31,0.7460542248084827,2.0,12,1,3.4794942997320746e-05,0.0001131467380325,,-1,,,0
ct_w3_i4,3,evaluation,chain,256,42,protected_ray_star,31,0,,2.617589810021938,0.3075205136475163,199,50944,90,,-0.9812999456642704,26,2.435525788745284,2.999745000229275,3.804741353569935e-10,0.0745139693922742,1.0,10,1,0.2348686921859155,0.7637496744530181,,-1,,,0
ct_w3_i4,3,evaluation,chain,256,50,sampled_adam,31,0,,2.033053533245443,0.3187861476485981,199,50944,62,,-0.3869695959227288,24,1.9475735239423828,2.033053533245443,9.063878227450451e-17,0.9442310965868858,2.0,8,1,0.0079066904391953,0.0248024906273874,25486.281749938556,31,8.76928538222032e-06,0.2234964779968846,1
ct_w3_i4,3,evaluation,chain,256,50,sampled_diagonal_fisher,31,0,,2.0000892337471896,0.3187861476485981,199,50944,31,,-0.5895110315170969,24,1.9475735239423828,2.0000892337471896,2.422697716161984e-33,0.5113989319502794,2.0,9,1,2.218091937804757e-05,6.957930745001464e-05,,-1,,,0
ct_w3_i4,3,evaluation,chain,256,50,sampled_two_block_fisher,31,0,,2.0002067966726558,0.3187861476485981,199,50944,256,,-0.7241342688898877,24,1.9475735239423828,2.0002067966726558,1.1183219493773189e-29,0.7379237953945899,2.0,9,1,5.392191206408824e-05,0.000169147600866,,-1,,,0
ct_w3_i4,3,evaluation,chain,256,50,sampled_star_fisher,31,0,,2.000131244519597,0.3187861476485981,199,50944,90,,-0.1598875604901583,24,1.9475735239423828,2.000131244519597,7.530293780082658e-29,0.5384568343941654,2.0,9,1,3.6466826590807336e-05,0.0001143927578402,,-1,,,0
ct_w3_i4,3,evaluation,chain,256,50,sampled_full_fisher,31,0,,2.0002367201630573,0.3187861476485981,199,50944,496,,-0.6228478232727583,24,1.9475735239423828,2.0002367201630573,3.5132637353451527e-29,0.6902795310385412,2.0,9,1,5.961896819701918e-05,0.0001870186914857,,-1,,,0
ct_w3_i4,3,evaluation,chain,256,50,protected_ray_star,31,0,,3.0874098070731826,0.3187861476485981,199,50944,90,,-0.9791702370985116,24,1.9475735239423828,3.422396700810336,3.295290739851394e-07,0.0710201252127021,2.0,7,1,0.1872343374577231,0.5873352366117044,,-1,,,0
ct_w3_i4,3,evaluation,chain,256,101,sampled_adam,31,0,,2.0336907290052526,0.3715828326881326,199,50944,62,,-0.4975322340736243,27,2.102512095387924,2.0336907290052526,7.871483986352543e-18,0.9708386808416593,2.0,9,1,0.0073127871064755,0.0196800994641566,5193.933189678821,31,1.2016991148748009e-05,0.0624154491675588,1
ct_w3_i4,3,evaluation,chain,256,101,sampled_diagonal_fisher,31,0,,1.0000948584699358,0.3715828326881326,199,50944,31,,-0.6931596536351674,27,2.102512095387924,1.0000948584699358,9.998731872750121e-30,0.999927134101548,1.0,10,1,2.5230046691698116e-05,6.789884911845093e-05,161590.39156371873,31,1.466667234687158e-09,0.0002369993327467,1
ct_w3_i4,3,evaluation,chain,256,101,sampled_two_block_fisher,31,0,,1.0000585496528185,0.3715828326881326,199,50944,256,,-0.6060201408862463,27,2.102512095387924,1.0000585496528185,9.35566684797695e-30,0.8137186565481573,1.0,10,1,1.4276906614219611e-05,3.8421868176569234e-05,,-1,,,0
ct_w3_i4,3,evaluation,chain,256,101,sampled_star_fisher,31,0,,1.0001300295559457,0.3715828326881326,199,50944,90,,-0.3738583860765777,27,2.102512095387924,1.0001300295559457,2.3675039163910334e-27,0.976083381560307,1.0,10,1,3.888478298282456e-05,0.000104646338749,813779342.5871686,31,3.429572119485961e-10,0.2790914944750568,1
ct_w3_i4,3,evaluation,chain,256,101,sampled_full_fisher,31,0,,1.0002331514740457,0.3715828326881299,199,50944,496,,-0.5060181745297094,27,2.102512095387924,1.0002331514740457,3.032242586403504e-28,0.779567262962555,1.0,9,1,6.145096317978197e-05,0.0001653762170206,,-1,,,0
ct_w3_i4,3,evaluation,chain,256,101,protected_ray_star,31,0,,2.56964432375063,0.3715828326881299,199,50944,90,,-0.9803047938404992,27,2.102512095387924,3.274595275537488,3.9840114173415965e-09,0.0472060249124572,2.0,9,0,0.2584413518784525,0.6955147793261018,,-1,,,0
ct_w3_i4,3,evaluation,problem_tree,256,0,sampled_adam,31,1,85.0,0.0985260480860574,0.3418156789058303,85,21760,62,,0.2158587186047087,29,0.9309404693238842,0.0985260480860574,0.9321483093330818,0.9321483093330818,0.0,0,1,0.0221118628985681,0.06468943428619,,-1,,,0
ct_w3_i4,3,evaluation,problem_tree,256,0,sampled_diagonal_fisher,31,1,3.0,0.0766304448169243,0.3418156789058303,3,768,31,,0.2953813316795541,29,0.9309404693238842,0.0766304448169243,0.9344838024804402,0.9344838024804402,0.0,0,1,0.0219687194217252,0.0642706604098685,,-1,,,0
ct_w3_i4,3,evaluation,problem_tree,256,0,sampled_two_block_fisher,31,1,4.0,0.0476673005041785,0.3418156789058303,4,1024,256,,-0.1931412005564058,29,0.9309404693238842,0.0476673005041785,0.957403310811624,0.957403310811624,0.0,0,1,0.0193409383148375,0.0565829466241832,,-1,,,0
ct_w3_i4,3,evaluation,problem_tree,256,0,sampled_star_fisher,31,1,3.0,0.0999640416197085,0.3418156789058303,3,768,101,,0.503526526566159,29,0.9309404693238842,0.0999640416197085,0.9260185152762028,0.9260185152762028,0.0,0,1,0.0237657286624371,0.0695279067903276,,-1,,,0
ct_w3_i4,3,evaluation,problem_tree,256,0,sampled_full_fisher,31,1,6.0,0.0338637786618889,0.3418156789058303,6,1536,496,,0.3217860603900009,29,0.9309404693238842,0.0338637786618889,0.9698090629529648,0.9698090629529648,0.0,0,1,0.0197249960126412,0.0577065279035239,,-1,,,0
ct_w3_i4,3,evaluation,problem_tree,256,0,protected_ray_star,31,1,20.0,0.0613397481887361,0.3418156789058303,20,5120,101,,0.9828809551380184,29,0.9309404693238842,0.0613397481887361,0.9452405570502396,0.9452405570502396,0.0,0,1,0.0239803471245277,0.0701557845482397,,-1,,,0
ct_w3_i4,3,evaluation,problem_tree,256,19,sampled_adam,31,1,98.0,0.0989355099336961,0.3574199741901258,98,25088,62,,0.0830225909244788,29,0.7926563238170926,0.0989355099336961,0.9328734021504212,0.9328734021504212,0.0,0,1,0.020789167136799,0.0581645365061229,,-1,,,0
ct_w3_i4,3,evaluation,problem_tree,256,19,sampled_diagonal_fisher,31,1,4.0,0.0377433009919467,0.3574199741901258,4,1024,31,,0.099432774804106,29,0.7926563238170926,0.0377433009919467,0.9724003554862248,0.9724003554862248,0.0,0,1,0.0115088562806661,0.032199812858092,,-1,,,0
ct_w3_i4,3,evaluation,problem_tree,256,19,sampled_two_block_fisher,31,1,4.0,0.0416838568866637,0.3574199741901258,4,1024,256,,-0.1579854888277832,29,0.7926563238170926,0.0416838568866637,0.9659409092533396,0.9659409092533396,0.0,0,1,0.0150387047152093,0.0420757254803271,,-1,,,0
ct_w3_i4,3,evaluation,problem_tree,256,19,sampled_star_fisher,31,1,15.0,0.0851501049967158,0.3574199741901258,15,3840,101,,0.3772215226972142,29,0.7926563238170926,0.0851501049967158,0.9248009857770598,0.9248009857770598,0.0,0,1,0.0378904875086512,0.1060111080655381,,-1,,,0
ct_w3_i4,3,evaluation,problem_tree,256,19,sampled_full_fisher,31,1,7.0,0.0483133331426355,0.3574199741901258,7,1792,496,,0.2971645672556322,29,0.7926563238170926,0.0483133331426355,0.9584494210952498,0.9584494210952498,0.0,0,1,0.0165315217385305,0.046252372369477,,-1,,,0
ct_w3_i4,3,evaluation,problem_tree,256,19,protected_ray_star,31,1,20.0,0.0761652212884769,0.3574199741901258,20,5120,101,,0.976706896989524,29,0.7926563238170926,0.0761652212884769,0.9406164092474404,0.9406164092474404,0.0,0,1,0.0264894337559008,0.0741129082556814,,-1,,,0
ct_w3_i4,3,evaluation,problem_tree,256,42,sampled_adam,31,1,102.0,0.098734741125547,0.3351706402027204,102,26112,62,,0.1494406688830042,28,0.8772190189164232,0.098734741125547,0.9287925820395252,0.9287925820395252,0.0,0,1,0.0208314459985675,0.0621517624156105,,-1,,,0
ct_w3_i4,3,evaluation,problem_tree,256,42,sampled_diagonal_fisher,31,1,5.0,0.0790542757019423,0.3351706402027204,5,1280,31,,0.0886796792003423,28,0.8772190189164232,0.0790542757019423,0.9225260671227812,0.9225260671227812,0.0,0,1,0.0338036546051202,0.1008550587386617,,-1,,,0
ct_w3_i4,3,evaluation,problem_tree,256,42,sampled_two_block_fisher,31,1,12.0,0.0877794459045659,0.3351706402027204,12,3072,256,,-0.3024948750835686,28,0.8772190189164232,0.0877794459045659,0.9163570785136328,0.9163570785136328,0.0,0,1,0.03702775400411,0.1104743362417264,,-1,,,0
ct_w3_i4,3,evaluation,problem_tree,256,42,sampled_star_fisher,31,1,7.0,0.060588778933365,0.3351706402027204,7,1792,101,,0.5397015081893793,28,0.8772190189164232,0.060588778933365,0.9462975526988168,0.9462975526988168,0.0,0,1,0.0211073523200753,0.0629749440682186,,-1,,,0
ct_w3_i4,3,evaluation,problem_tree,256,42,sampled_full_fisher,31,1,7.0,0.0647355683363155,0.3351706402027204,7,1792,496,,0.2814457455811242,28,0.8772190189164232,0.0647355683363155,0.9430909568126654,0.9430909568126654,0.0,0,1,0.0217905434584576,0.0650132823247231,,-1,,,0
ct_w3_i4,3,evaluation,problem_tree,256,42,protected_ray_star,31,1,24.0,0.085658741995612,0.3351706402027204,24,6144,101,,0.96953850754085,28,0.8772190189164232,0.085658741995612,0.9214073680132676,0.9214073680132676,0.0,0,1,0.034768611392444,0.1037340602727465,,-1,,,0
ct_w3_i4,3,evaluation,problem_tree,256,50,sampled_adam,31,1,96.0,0.0990539365875928,0.3715714802806538,96,24576,62,,0.3486948359500175,27,0.5233068724101688,0.0990539365875928,0.9289240572793148,0.9289240572793148,0.0,0,1,0.0198933350885985,0.053538379946633,,-1,,,0
ct_w3_i4,3,evaluation,problem_tree,256,50,sampled_diagonal_fisher,31,1,3.0,0.0149837489238215,0.3715714802806538,3,768,31,,0.2707909180760738,27,0.5233068724101688,0.0149837489238215,0.9869194582984178,0.9869194582984178,0.0,0,1,0.0033357197523999,0.0089773298797864,,-1,,,0
ct_w3_i4,3,evaluation,problem_tree,256,50,sampled_two_block_fisher,31,1,3.0,0.0336006479247323,0.3715714802806538,3,768,256,,-0.0906103407245706,27,0.5233068724101688,0.0336006479247323,0.9743584138610252,0.9743584138610252,0.0,0,1,0.0063580541796453,0.0171112545420413,,-1,,,0
ct_w3_i4,3,evaluation,problem_tree,256,50,sampled_star_fisher,31,1,3.0,0.040864335544283,0.3715714802806538,3,768,101,,0.5525157133008725,27,0.5233068724101688,0.040864335544283,0.9624090820868784,0.9624090820868784,0.0,0,1,0.0094326471819945,0.025385821255361,,-1,,,0
ct_w3_i4,3,evaluation,problem_tree,256,50,sampled_full_fisher,31,1,4.0,0.0653751956265402,0.3715714802806538,4,1024,496,,0.363113849976214,27,0.5233068724101688,0.0653751956265402,0.9435436864789796,0.9435436864789796,0.0,0,1,0.0160535296764445,0.0432044183378097,,-1,,,0
ct_w3_i4,3,evaluation,problem_tree,256,50,protected_ray_star,31,1,16.0,0.066464329670266,0.3715714802806538,16,4096,101,,0.9796580403136832,27,0.5233068724101688,0.066464329670266,0.9455243199382232,0.9455243199382232,0.0,0,1,0.0236034848238493,0.0635234028349572,,-1,,,0
ct_w3_i4,3,evaluation,problem_tree,256,101,sampled_adam,31,0,,1.0244054461036605,0.267461379418225,199,50944,62,,0.2490676869919095,28,0.9190495871732964,1.0244054461036605,7.040826508199116e-11,0.9313367042292516,1.0,8,1,0.0044592675708982,0.0166725662620822,11660816.799296863,31,2.5984598336894906e-08,0.3030016408098455,1
ct_w3_i4,3,evaluation,problem_tree,256,101,sampled_diagonal_fisher,31,0,,1.0000894687788655,0.267461379418225,199,50944,31,,0.2803490167371917,28,0.9190495871732964,1.0000894687788655,1.454227392867595e-14,0.9910751654559186,1.0,8,1,2.4320472736871686e-05,9.093078331448428e-05,24369034473.34536,30,2.642012479199159e-12,0.0643832931846129,1
ct_w3_i4,3,evaluation,problem_tree,256,101,sampled_two_block_fisher,31,1,6.0,0.0928518751425233,0.267461379418225,6,1536,256,,-0.1032471052698375,28,0.9190495871732964,0.0928518751425233,0.9141539357586782,0.9141539357586782,0.0,0,1,0.060172211976425,0.2249753295496721,,-1,,,0
ct_w3_i4,3,evaluation,problem_tree,256,101,sampled_star_fisher,31,1,4.0,0.0270432312177,0.267461379418225,4,1024,101,,0.5761203831621581,28,0.9190495871732964,0.0270432312177,0.9769282028776805,0.9769282028776805,0.0,0,1,0.0062802940652145,0.0234811249342811,,-1,,,0
ct_w3_i4,3,evaluation,problem_tree,256,101,sampled_full_fisher,31,1,7.0,0.0398710724620379,0.2674613794182149,7,1792,496,,0.3803296451693734,28,0.9190495871732964,0.0398710724620379,0.963438198045268,0.963438198045268,0.0,0,1,0.0263962045135658,0.0986916487568528,,-1,,,0
ct_w3_i4,3,evaluation,problem_tree,256,101,protected_ray_star,31,1,17.0,0.0783146950546349,0.2674613794182149,17,4352,101,,0.98038094736785,28,0.9190495871732964,0.0783146950546349,0.9277125177903912,0.9277125177903912,0.0,0,1,0.0320578574323141,0.119859762564774,,-1,,,0
ct_w3_i4,3,evaluation,width2,256,0,sampled_adam,43,0,,1.0141304682818113,0.2494598527999545,199,50944,86,,0.2819617629293037,42,0.5439382541090337,1.0141304682818113,5.68626326598367e-13,0.7356891770182479,1.0,9,1,0.0027498843563553,0.011023354361395,,-1,,,0
ct_w3_i4,3,evaluation,width2,256,0,sampled_diagonal_fisher,43,0,,1.0000513296914928,0.2494598527999545,199,50944,43,,0.3128226824671939,42,0.5439382541090337,1.0000513296914928,2.890763842259759e-26,0.8185672399552782,1.0,9,1,1.5617328544305927e-05,6.260457692496791e-05,,-1,,,0
ct_w3_i4,3,evaluation,width2,256,0,sampled_two_block_fisher,43,0,,1.0001413392946912,0.2494598527999545,199,50944,514,,0.4839836232153796,42,0.5439382541090337,1.0001413392946912,6.03055250674101e-17,0.7269774987309879,1.0,9,1,3.6574964111055706e-05,0.000146616634703,,-1,,,0
ct_w3_i4,3,evaluation,width2,256,0,sampled_star_fisher,43,0,,1.000145195429324,0.2494598527999545,199,50944,218,,0.5090821726501136,42,0.5439382541090337,1.000145195429324,7.400138364414677e-21,0.6768537479569646,1.0,9,1,3.229791170879268e-05,0.0001294713812514,,-1,,,0
ct_w3_i4,3,evaluation,width2,256,0,sampled_full_fisher,43,1,9.0,0.0835091986474463,0.2494598527999545,9,2304,946,,0.8100387079732492,42,0.5439382541090337,0.0835091986474463,0.9220881626092484,0.9220881626092484,0.0,0,1,0.0778994623009706,0.3122725417602141,,-1,,,0
ct_w3_i4,3,evaluation,width2,256,0,protected_ray_star,43,1,28.0,0.0834379136692149,0.2494598527999545,28,7168,218,,0.9791478547332584,42,0.5439382541090337,0.0834379136692149,0.9222055361908992,0.9222055361908992,0.0,0,1,0.0381851885354003,0.15307147866403,,-1,,,0
ct_w3_i4,3,evaluation,width2,256,19,sampled_adam,43,0,,1.4188794618594702,0.2564877917419865,199,50944,86,,0.3088152175228133,41,0.6648679924448692,1.4188794618594702,3.232143647554665e-09,0.5823202388694049,1.0,7,1,0.1303357564021033,0.5081557898600273,,-1,,,0
ct_w3_i4,3,evaluation,width2,256,19,sampled_diagonal_fisher,43,0,,2.0000449591029668,0.2564877917419865,199,50944,43,,0.3591953362703454,41,0.6648679924448692,2.0000449591029668,1.1733935227517273e-12,0.7487307063535593,2.0,4,1,1.2444837770201402e-05,4.852019538894961e-05,,-1,,,0
ct_w3_i4,3,evaluation,width2,256,19,sampled_two_block_fisher,43,0,,1.000079750807657,0.2564877917419865,199,50944,514,,0.4197434424308986,41,0.6648679924448692,1.000079750807657,2.6448967838479287e-25,0.3971941996930437,1.0,10,1,1.6509642743279445e-05,6.436814255817405e-05,,-1,,,0
ct_w3_i4,3,evaluation,width2,256,19,sampled_star_fisher,43,0,,1.0001073180615805,0.2564877917419865,199,50944,218,,0.5491833755745933,41,0.6648679924448692,1.0001073180615805,9.40472963699645e-18,0.5988382995287017,1.0,8,1,2.577078228206577e-05,0.0001004756682843,,-1,,,0
ct_w3_i4,3,evaluation,width2,256,19,sampled_full_fisher,43,0,,1.0001699333403362,0.2564877917419865,199,50944,946,,0.7385299862621221,41,0.6648679924448692,1.0001699333403362,1.5497331860346526e-09,0.3629808820334705,1.0,10,1,3.678194500337576e-05,0.0001434062212223,,-1,,,0
ct_w3_i4,3,evaluation,width2,256,19,protected_ray_star,43,1,28.0,0.0966287072416847,0.2564877917419865,28,7168,218,,0.9795160140794728,41,0.6648679924448692,0.0966287072416847,0.906688240331193,0.906688240331193,0.0,0,1,0.0509932150927949,0.1988134201104256,,-1,,,0
ct_w3_i4,3,evaluation,width2,256,42,sampled_adam,43,0,,1.0147401517476895,0.3081280653110313,199,50944,86,,0.2282547671598151,43,0.5947381683139606,1.0147401517476895,4.2453729843931994e-14,0.9525137807910729,1.0,8,1,0.0027431519106042,0.0089026356876491,36268994.99641405,43,8.194502111141663e-09,0.2972063560671013,1
ct_w3_i4,3,evaluation,width2,256,42,sampled_diagonal_fisher,43,0,,1.0000890229566348,0.3081280653110313,199,50944,43,,0.2662447403306602,43,0.5947381683139606,1.0000890229566348,2.6132026722922748e-28,0.9541398587960308,1.0,8,1,3.167692814358757e-05,0.0001028044235815,416432309685.7836,33,1.6771334579525596e-12,0.6984125595464893,1
ct_w3_i4,3,evaluation,width2,256,42,sampled_two_block_fisher,43,0,,1.000071563026825,0.3081280653110313,199,50944,514,,0.5078602736097607,43,0.5947381683139606,1.000071563026825,1.199733362204689e-22,0.6658223327739123,1.0,8,1,2.160346752464023e-05,7.011197601501574e-05,,-1,,,0
ct_w3_i4,3,evaluation,width2,256,42,sampled_star_fisher,43,0,,1.0001032223054942,0.3081280653110313,199,50944,218,,0.6422628194655974,43,0.5947381683139606,1.0001032223054942,7.899001531951099e-23,0.8785065720855803,1.0,8,1,3.668300238245722e-05,0.0001190511560361,,-1,,,0
ct_w3_i4,3,evaluation,width2,256,42,sampled_full_fisher,43,0,,1.000104049636617,0.3081280653110313,199,50944,946,,0.8693995009335395,43,0.5947381683139606,1.000104049636617,6.881971330017351e-14,0.4497694375532664,1.0,8,1,2.685807560940289e-05,8.716530116233245e-05,,-1,,,0
ct_w3_i4,3,evaluation,width2,256,42,protected_ray_star,43,1,56.0,0.0937704503439853,0.3081280653110313,56,14336,218,,0.9791025826437956,43,0.5947381683139606,0.0937704503439853,0.9093164636070336,0.9093164636070336,0.0,0,1,0.0468307121990657,0.151984572232308,,-1,,,0
ct_w3_i4,3,evaluation,width2,256,50,sampled_adam,43,0,,1.0158674747277043,0.2434468086161354,199,50944,86,,0.3088152608199143,41,0.4520552773183321,1.0158674747277043,7.214297013432111e-15,0.861621819641505,1.0,9,1,0.003097123943963,0.0127219738947021,,-1,,,0
ct_w3_i4,3,evaluation,width2,256,50,sampled_diagonal_fisher,43,0,,1.000077281123346,0.2434468086161354,199,50944,43,,0.3552987122937068,41,0.4520552773183321,1.000077281123346,4.4442344290160735e-29,0.8826196852260771,1.0,9,1,2.1144233341006744e-05,8.685360658946556e-05,,-1,,,0
ct_w3_i4,3,evaluation,width2,256,50,sampled_two_block_fisher,43,0,,1.0001898569460028,0.2434468086161354,199,50944,514,,0.3810935086079806,41,0.4520552773183321,1.0001898569460028,1.5020514599418911e-16,0.5931435824372705,1.0,9,1,4.054183491758523e-05,0.0001665326201975,,-1,,,0
ct_w3_i4,3,evaluation,width2,256,50,sampled_star_fisher,43,0,,1.0002272342112537,0.2434468086161354,199,50944,218,,0.6576400908384125,41,0.4520552773183321,1.0002272342112537,4.152748075833433e-22,0.9063061959687992,1.0,9,1,5.7186846281283926e-05,0.0002349048919817,61267837410.43,43,1.3226600626649279e-11,0.8103652166862396,1
ct_w3_i4,3,evaluation,width2,256,50,sampled_full_fisher,43,1,9.0,0.0617949800639525,0.2434468086161354,9,2304,946,,0.7189196320143296,41,0.4520552773183321,0.0617949800639525,0.9484882337196248,0.9484882337196248,0.0,0,1,0.0340395678364272,0.1398234301362337,,-1,,,0
ct_w3_i4,3,evaluation,width2,256,50,protected_ray_star,43,1,44.0,0.0599002686706207,0.2434468086161354,44,11264,218,,0.9786479527670578,41,0.4520552773183321,0.0599002686706207,0.9432724450004486,0.9432724450004486,0.0,0,1,0.0287777011276286,0.1182093997913319,,-1,,,0
ct_w3_i4,3,evaluation,width2,256,101,sampled_adam,43,0,,1.0133171337663305,0.2894385305531451,199,50944,86,,0.3088152063194433,41,0.5411489968534369,1.0133171337663305,1.4787914728138308e-13,0.8369284203688382,1.0,8,1,0.0027161984108709,0.0093843705110029,,-1,,,0
ct_w3_i4,3,evaluation,width2,256,101,sampled_diagonal_fisher,43,0,,1.0001068027671618,0.2894385305531451,199,50944,43,,0.3182300258578797,41,0.5411489968534369,1.0001068027671618,8.939821724889493e-26,0.5014493907607745,1.0,9,1,4.738475725287612e-05,0.0001637126790352,,-1,,,0
ct_w3_i4,3,evaluation,width2,256,101,sampled_two_block_fisher,43,0,,1.0001410607971106,0.2894385305531451,199,50944,514,,0.384400201560914,41,0.5411489968534369,1.0001410607971106,8.380547735099065e-21,0.4587911666168275,1.0,8,1,3.729337201772886e-05,0.0001288472959922,,-1,,,0
ct_w3_i4,3,evaluation,width2,256,101,sampled_star_fisher,43,0,,1.0001006819659717,0.2894385305531451,199,50944,218,,0.5557539275865767,41,0.5411489968534369,1.0001006819659717,1.3893687168818008e-21,0.4433169850290426,1.0,8,1,2.018635352152108e-05,6.974314540273198e-05,,-1,,,0
ct_w3_i4,3,evaluation,width2,256,101,sampled_full_fisher,43,0,,1.0002433387887564,0.2894385305531326,199,50944,946,,0.6891485049704096,41,0.5411489968534369,1.0002433387887564,1.423552846449481e-17,0.4380842742463496,1.0,9,1,7.181261671962675e-05,0.0002481100791328,,-1,,,0
ct_w3_i4,3,evaluation,width2,256,101,protected_ray_star,43,0,,0.9996098761213954,0.2894385305531326,199,50944,218,,0.979806972050929,41,0.5411489968534369,1.0000879551206374,3.425171159105931e-06,0.2499867643128418,1.0,8,1,1.5903519811028097e-05,5.494610472432821e-05,,-1,,,0
ct_w3_i4,3,evaluation,width3,1024,0,sampled_adam,46,0,,1.010356034574782,0.1788983120220822,199,203776,92,,0.2566635099466675,46,0.0,1.010356034574782,6.423029492286644e-14,0.981880316364425,1.0,9,1,0.001972196749167,0.0110241216190098,245876558.19923764,46,7.242651484229641e-10,0.1780798219178984,1
ct_w3_i4,3,evaluation,width3,1024,0,sampled_star_fisher,46,1,3.0,0.0901818565107426,0.1788983120220822,3,3072,250,,0.6818148120920675,46,0.0,0.0901818565107426,0.9222027786581924,0.9222027786581924,0.0,0,1,0.0182331502592148,0.1019190737638948,,-1,,,0
ct_w3_i4,3,evaluation,width3,1024,0,sampled_full_fisher,46,1,6.0,0.0788110249093989,0.1788983120220822,6,6144,1081,,0.9151614975194772,46,0.0,0.0788110249093989,0.929841697945236,0.929841697945236,0.0,0,1,0.0552554260839949,0.3088649940820824,,-1,,,0
ct_w3_i4,3,evaluation,width3,1024,0,protected_ray_star,46,1,5.0,0.0754914272983224,0.1788983120220822,5,5120,250,,0.9794179126639692,46,0.0,0.0754914272983224,0.9291502425307616,0.9291502425307616,0.0,0,1,0.0239564215671137,0.1339108306631571,,-1,,,0
ct_w3_i4,3,evaluation,width3,1024,19,sampled_adam,46,0,,1.0107622184456435,0.2254583131019925,199,203776,92,,0.2566635231140661,46,0.0,1.0107622184456435,6.037603253908955e-16,0.9896758723252604,1.0,11,1,0.0020512409512333,0.0090980941133247,1839856297.8365257,46,1.3829026224203989e-11,0.0254434209915481,1
ct_w3_i4,3,evaluation,width3,1024,19,sampled_star_fisher,46,0,,1.00007201291608,0.2254583131019925,199,203776,250,,0.639815640977864,46,0.0,1.00007201291608,5.295547919956217e-12,0.7141914614326006,1.0,8,1,1.8335258209501296e-05,8.132438301889901e-05,,-1,,,0
ct_w3_i4,3,evaluation,width3,1024,19,sampled_full_fisher,46,1,8.0,0.0493364422723097,0.2254583131019925,8,8192,1081,,0.8481554995548456,46,0.0,0.0493364422723097,0.952857314872694,0.952857314872694,0.0,0,1,0.0483684325456198,0.2145338172726369,,-1,,,0
ct_w3_i4,3,evaluation,width3,1024,19,protected_ray_star,46,1,7.0,0.0696451406229421,0.2254583131019925,7,7168,250,,0.980544216666184,46,0.0,0.0696451406229421,0.9331646180473712,0.9331646180473712,0.0,0,1,0.0372941448539299,0.1654148136780339,,-1,,,0
ct_w3_i4,3,evaluation,width3,1024,42,sampled_adam,46,0,,1.0121190960432518,0.2135413725385098,199,203776,92,,0.2566634881227594,46,0.0,1.0121190960432518,3.8594211638328616e-11,0.9861330548166866,1.0,8,1,0.0023724881703505,0.0111102038080356,250290130.622658,46,3.0794245209883673e-10,0.0770749565600794,1
ct_w3_i4,3,evaluation,width3,1024,42,sampled_star_fisher,46,0,,1.0000118072510649,0.2135413725385098,199,203776,250,,0.728667714140791,46,0.0,1.0000118072510649,1.4289746810512488e-17,0.9917310133732082,1.0,8,1,2.9768964598092385e-06,1.394060750111732e-05,674334677449.2812,43,2.4290434014387415e-13,0.1637988198619498,1
ct_w3_i4,3,evaluation,width3,1024,42,sampled_full_fisher,46,1,9.0,0.0863847036910776,0.2135413725385098,9,9216,1081,,0.9054779782940848,46,0.0,0.0863847036910776,0.9214053850807205,0.9214053850807205,0.0,0,1,0.0715113022125179,0.3348826569878004,,-1,,,0
ct_w3_i4,3,evaluation,width3,1024,42,protected_ray_star,46,1,9.0,0.0173002263985075,0.2135413725385098,9,9216,250,,0.9795960414767588,46,0.0,0.0173002263985075,0.9829151605004098,0.9829151605004098,0.0,0,1,0.009066123518239,0.0424560515391652,,-1,,,0
ct_w3_i4,3,evaluation,width3,1024,50,sampled_adam,46,1,46.0,0.0968740349772598,0.2011361398487035,46,47104,92,,0.3593288778752621,46,0.0,0.0968740349772598,0.9147628335550196,0.9147628335550196,0.0,0,1,0.0186481351608581,0.0927139954803024,,-1,,,0
ct_w3_i4,3,evaluation,width3,1024,50,sampled_star_fisher,46,1,3.0,0.0715132798307855,0.2011361398487035,3,3072,250,,0.654736906986923,46,0.0,0.0715132798307855,0.9317152297075604,0.9317152297075604,0.0,0,1,0.0177763291443836,0.0883795878639967,,-1,,,0
ct_w3_i4,3,evaluation,width3,1024,50,sampled_full_fisher,46,1,5.0,0.0595255589931245,0.2011361398487035,5,5120,1081,,0.899758294574678,46,0.0,0.0595255589931245,0.9466365198874908,0.9466365198874908,0.0,0,1,0.0191431133466735,0.0951749067128022,,-1,,,0
ct_w3_i4,3,evaluation,width3,1024,50,protected_ray_star,46,1,5.0,0.0830787278743976,0.2011361398487035,5,5120,250,,0.9780628126257904,46,0.0,0.0830787278743976,0.92072830862274,0.92072830862274,0.0,0,1,0.0198450224174549,0.0986646280095788,,-1,,,0
ct_w3_i4,3,evaluation,width3,1024,101,sampled_adam,46,1,52.0,0.0999184897939944,0.1729393329726578,52,53248,92,,0.2823298972574022,46,0.0,0.0999184897939944,0.9074275608329972,0.9074275608329972,0.0,0,1,0.0253562684689578,0.146619441818749,,-1,,,0
ct_w3_i4,3,evaluation,width3,1024,101,sampled_star_fisher,46,1,4.0,0.0694737737443915,0.1729393329726578,4,4096,250,,0.6739536207302799,46,0.0,0.0694737737443915,0.9328822293449712,0.9328822293449712,0.0,0,1,0.0276921879671853,0.1601266033075513,,-1,,,0
ct_w3_i4,3,evaluation,width3,1024,101,sampled_full_fisher,46,1,6.0,0.0544509642388053,0.1729393329726578,6,6144,1081,,0.9292562268774924,46,0.0,0.0544509642388053,0.9503898793192936,0.9503898793192936,0.0,0,1,0.0266426958203964,0.1540580466134255,,-1,,,0
ct_w3_i4,3,evaluation,width3,1024,101,protected_ray_star,46,1,6.0,0.0848544796176398,0.1729393329726578,6,6144,250,,0.9786096716868956,46,0.0,0.0848544796176398,0.9178827928501448,0.9178827928501448,0.0,0,1,0.0312968322122151,0.1809700065002754,,-1,,,0
ct_w3_i4,3,evaluation,width3,256,0,sampled_adam,46,0,,1.010814211439813,0.1788983120220822,199,50944,92,,0.2566634942398756,43,0.0,1.010814211439813,1.7713348257128288e-13,0.978575982155028,1.0,9,1,0.002066400649357,0.0115506995342808,205274517.1941854,46,1.147673606470931e-09,0.2355881454648299,1
ct_w3_i4,3,evaluation,width3,256,0,sampled_diagonal_fisher,46,0,,1.0000387678506488,0.1788983120220822,199,50944,46,,0.2534525563255666,43,0.0,1.0000387678506488,5.0199848662973836e-24,0.9214706112973412,1.0,9,1,7.992812250416352e-06,4.467796347586421e-05,208458956240.152,40,6.9395390659674095e-12,1.4466090704793255,1
ct_w3_i4,3,evaluation,width3,256,0,sampled_two_block_fisher,46,1,5.0,0.0277019329277443,0.1788983120220822,5,1280,601,,0.4264155013352306,43,0.0,0.0277019329277443,0.9793458652737222,0.9793458652737222,0.0,0,1,0.0086419871857533,0.0483067005388325,,-1,,,0
ct_w3_i4,3,evaluation,width3,256,0,sampled_star_fisher,46,1,5.0,0.04347391960024,0.1788983120220822,5,1280,250,,0.6002854703062778,43,0.0,0.04347391960024,0.961112842761417,0.961112842761417,0.0,0,1,0.011954609889884,0.0668234918192433,,-1,,,0
ct_w3_i4,3,evaluation,width3,256,0,sampled_full_fisher,46,1,6.0,0.0895634932943689,0.1788983120220822,6,1536,1081,,0.6543583224731471,43,0.0,0.0895634932943689,0.9217907215295796,0.9217907215295796,0.0,0,1,0.0595618084314413,0.3329366708842361,,-1,,,0
ct_w3_i4,3,evaluation,width3,256,0,protected_ray_star,46,1,6.0,0.0761926013177163,0.1788983120220822,6,1536,250,,0.9794635164644346,43,0.0,0.0761926013177163,0.9274865871370002,0.9274865871370002,0.0,0,1,0.0399844560571088,0.2235038196010107,,-1,,,0
ct_w3_i4,3,evaluation,width3,256,19,sampled_adam,46,0,,1.0132347889991813,0.2254583131019925,199,50944,92,,0.2309971431735724,42,0.0,1.0132347889991813,2.1693925231961018e-15,0.9869292905093624,1.0,11,1,0.0024672005025606,0.0109430451626086,769769887.2834302,46,4.6821053538884704e-11,0.0360414371051187,1
ct_w3_i4,3,evaluation,width3,256,19,sampled_diagonal_fisher,46,0,,1.000059212010509,0.2254583131019925,199,50944,46,,0.394819420959325,42,0.0,1.000059212010509,5.583518009720504e-27,0.897477229923565,1.0,11,1,1.36326318070405e-05,6.046630802596925e-05,,-1,,,0
ct_w3_i4,3,evaluation,width3,256,19,sampled_two_block_fisher,46,0,,1.0001044945905146,0.2254583131019925,199,50944,601,,0.4306670567311291,42,0.0,1.0001044945905146,3.0660981499981864e-19,0.5865664007729231,1.0,11,1,3.2059173170876936e-05,0.0001421955692375,,-1,,,0
ct_w3_i4,3,evaluation,width3,256,19,sampled_star_fisher,46,0,,1.0001293592219156,0.2254583131019925,199,50944,250,,0.6163172369904188,42,0.0,1.0001293592219156,1.3836768622303942e-15,0.8693647428961069,1.0,8,1,3.040404433396677e-05,0.0001348543946579,,-1,,,0
ct_w3_i4,3,evaluation,width3,256,19,sampled_full_fisher,46,1,9.0,0.0543504894490407,0.2254583131019925,9,2304,1081,,0.7967553499417237,42,0.0,0.0543504894490407,0.9494913673095354,0.9494913673095354,0.0,0,1,0.0431282360190832,0.1912913985104332,,-1,,,0
ct_w3_i4,3,evaluation,width3,256,19,protected_ray_star,46,1,8.0,0.0341447318774328,0.2254583131019925,8,2048,250,,0.9806014181888854,42,0.0,0.0341447318774328,0.9667485755680956,0.9667485755680956,0.0,0,1,0.0150516279872696,0.0667601375180191,,-1,,,0
ct_w3_i4,3,evaluation,width3,256,42,sampled_adam,46,0,,1.0138199424690448,0.2135413725385098,199,50944,92,,0.1796644761028908,46,0.0,1.0138199424690448,4.3430066392468215e-11,0.9861875773261676,1.0,8,1,0.0026791528374061,0.0125462939830219,188794805.94669172,46,2.75298069126451e-10,0.0519748455382272,1
ct_w3_i4,3,evaluation,width3,256,42,sampled_diagonal_fisher,46,0,,1.0000321035920037,0.2135413725385098,199,50944,46,,0.3323584894363722,46,0.0,1.0000321035920037,5.363509488779223e-23,0.9999381904596792,1.0,8,1,9.174039389250697e-06,4.296141436290645e-05,766113583764.3501,43,8.211911266478072e-16,0.0006291256769916,1
ct_w3_i4,3,evaluation,width3,256,42,sampled_two_block_fisher,46,0,,1.0000783222965577,0.2135413725385098,199,50944,601,,0.4675459055011064,46,0.0,1.0000783222965577,5.0351549509676176e-17,0.8901069528571538,1.0,8,1,1.8605612792228736e-05,8.7128843329287e-05,,-1,,,0
ct_w3_i4,3,evaluation,width3,256,42,sampled_star_fisher,46,0,,1.000084505498263,0.2135413725385098,199,50944,250,,0.6831890380952745,46,0.0,1.000084505498263,3.644528301747178e-14,0.983860780590032,1.0,8,1,2.244657732970391e-05,0.000105115823987,432254527778.1724,46,7.315829678122206e-13,0.3162300502822253,1
ct_w3_i4,3,evaluation,width3,256,42,sampled_full_fisher,46,1,10.0,0.0539458171554496,0.2135413725385098,10,2560,1081,,0.8613096192734256,46,0.0,0.0539458171554496,0.952468292845172,0.952468292845172,0.0,0,1,0.0383714368285298,0.1796908785046326,,-1,,,0
ct_w3_i4,3,evaluation,width3,256,42,protected_ray_star,46,1,9.0,0.0732580109853042,0.2135413725385098,9,2304,250,,0.9800641170669157,46,0.0,0.0732580109853042,0.9285767268037716,0.9285767268037716,0.0,0,1,0.0501236049981494,0.234725497931836,,-1,,,0
ct_w3_i4,3,evaluation,width3,256,50,sampled_adam,46,1,48.0,0.0987901176235919,0.2011361398487035,48,12288,92,,0.2823298384818806,44,0.0,0.0987901176235919,0.913643008615738,0.913643008615738,0.0,0,1,0.0187155097876401,0.0930489657488611,,-1,,,0
ct_w3_i4,3,evaluation,width3,256,50,sampled_diagonal_fisher,46,1,3.0,0.0153332868334423,0.2011361398487035,3,768,46,,0.2903671290501274,44,0.0,0.0153332868334423,0.986069117498997,0.986069117498997,0.0,0,1,0.0038014346178431,0.0188998089587612,,-1,,,0
ct_w3_i4,3,evaluation,width3,256,50,sampled_two_block_fisher,46,1,4.0,0.0144154702276591,0.2011361398487035,4,1024,601,,0.3751843170460145,44,0.0,0.0144154702276591,0.9890293890140496,0.9890293890140496,0.0,0,1,0.0035258613167102,0.0175297254852481,,-1,,,0
ct_w3_i4,3,evaluation,width3,256,50,sampled_star_fisher,46,1,3.0,0.0492166672024065,0.2011361398487035,3,768,250,,0.561752904044299,44,0.0,0.0492166672024065,0.9536131232729916,0.9536131232729916,0.0,0,1,0.0127084786098686,0.063183466777418,,-1,,,0
ct_w3_i4,3,evaluation,width3,256,50,sampled_full_fisher,46,1,5.0,0.0744189853771839,0.2011361398487035,5,1280,1081,,0.6759978842738521,44,0.0,0.0744189853771839,0.9398770552697662,0.9398770552697662,0.0,0,1,0.0218614217801742,0.1086896755432345,,-1,,,0
ct_w3_i4,3,evaluation,width3,256,50,protected_ray_star,46,1,6.0,0.0872023530005776,0.2011361398487035,6,1536,250,,0.9779208971499952,44,0.0,0.0872023530005776,0.9176570647995442,0.9176570647995442,0.0,0,1,0.0268492999511352,0.1334881934759785,,-1,,,0
ct_w3_i4,3,evaluation,width3,256,101,sampled_adam,46,1,62.0,0.099194517933121,0.1729393329726578,62,15872,92,,0.1026656011142792,44,0.0,0.099194517933121,0.9070077770583096,0.9070077770583096,0.0,0,1,0.0273733581496832,0.1582830098807602,,-1,,,0
ct_w3_i4,3,evaluation,width3,256,101,sampled_diagonal_fisher,46,1,5.0,0.0408010276410433,0.1729393329726578,5,1280,46,,0.3250282945165775,44,0.0,0.0408010276410433,0.960324106865097,0.960324106865097,0.0,0,1,0.017100041542627,0.0988788452499157,,-1,,,0
ct_w3_i4,3,evaluation,width3,256,101,sampled_two_block_fisher,46,1,5.0,0.0989568367180542,0.1729393329726578,5,1280,601,,0.5771777168327722,44,0.0,0.0989568367180542,0.9125576495533652,0.9125576495533652,0.0,0,1,0.0350258838269291,0.2025327797029657,,-1,,,0
ct_w3_i4,3,evaluation,width3,256,101,sampled_star_fisher,46,1,4.0,0.0519521536786076,0.1729393329726578,4,1024,250,,0.5509820649976028,44,0.0,0.0519521536786076,0.9501916537722824,0.9501916537722824,0.0,0,1,0.0203341101170747,0.1175794411112342,,-1,,,0
ct_w3_i4,3,evaluation,width3,256,101,sampled_full_fisher,46,1,6.0,0.0750963859771278,0.1729393329726604,6,1536,1081,,0.8040771875050129,44,0.0,0.0750963859771278,0.9369769322674464,0.9369769322674464,0.0,0,1,0.0341219088936776,0.1973056580429384,,-1,,,0
ct_w3_i4,3,evaluation,width3,256,101,protected_ray_star,46,1,7.0,0.0656403912511507,0.1729393329726604,7,1792,250,,0.97902507668238,44,0.0,0.0656403912511507,0.9361993402869836,0.9361993402869836,0.0,0,1,0.0226013873860463,0.1306896875196073,,-1,,,0
ct_w3_i4,3,evaluation,width3,64,0,sampled_adam,46,1,49.0,0.0975069375665391,0.1788983120220822,49,3136,92,,0.1283321990385178,36,0.0,0.0975069375665391,0.917474824767002,0.917474824767002,0.0,0,1,0.0183151052208323,0.1023771829583927,,-1,,,0
ct_w3_i4,3,evaluation,width3,64,0,sampled_star_fisher,46,0,,1.0006225631848995,0.1788983120220822,199,12736,250,,0.4668085669795396,36,0.0,1.0006225631848995,2.9724825648044817e-21,0.538929538199046,1.0,11,1,0.0001990904436592,0.0011128693245281,,-1,,,0
ct_w3_i4,3,evaluation,width3,64,0,sampled_full_fisher,46,1,7.0,0.0729490880513612,0.1788983120220822,7,448,1081,,0.4160448382553973,36,0.0,0.0729490880513612,0.939414953055273,0.939414953055273,0.0,0,1,0.0223418729598716,0.1248858790635982,,-1,,,0
ct_w3_i4,3,evaluation,width3,64,0,protected_ray_star,46,1,7.0,0.0590964153599919,0.1788983120220822,7,448,250,,0.9783923402679094,36,0.0,0.0590964153599919,0.9438681862768477,0.9438681862768477,0.0,0,1,0.0222859989321276,0.1245735562299594,,-1,,,0
ct_w3_i4,3,evaluation,width3,64,19,sampled_adam,46,0,,1.016703865788804,0.2254583131019925,199,12736,92,,0.15399826879769,36,0.0,1.016703865788804,9.857092017037371e-15,0.9798380212240244,1.0,11,1,0.0030631931206386,0.0135865166313601,323698881.9167931,46,2.2446802841680788e-10,0.0726600498245876,1
ct_w3_i4,3,evaluation,width3,64,19,sampled_star_fisher,46,0,,1.0003335312909964,0.2254583131019925,199,12736,250,,0.6195589060880944,36,0.0,1.0003335312909964,2.5815802025175814e-18,0.7979909140949578,1.0,11,1,7.410727397928208e-05,0.0003286961255039,,-1,,,0
ct_w3_i4,3,evaluation,width3,64,19,sampled_full_fisher,46,1,9.0,0.0868628983491035,0.2254583131019925,9,576,1081,,0.4463808905801692,36,0.0,0.0868628983491035,0.92529414392071,0.92529414392071,0.0,0,1,0.0428565066049879,0.1900861672179752,,-1,,,0
ct_w3_i4,3,evaluation,width3,64,19,protected_ray_star,46,1,7.0,0.0512327906532643,0.2254583131019925,7,448,250,,0.9798306506779748,36,0.0,0.0512327906532643,0.9511758348451226,0.9511758348451226,0.0,0,1,0.0191806611416953,0.0850740914264642,,-1,,,0
ct_w3_i4,3,evaluation,width3,64,42,sampled_adam,46,0,,1.016883013225886,0.2135413725385098,199,12736,92,,-0.025666313727446,41,0.0,1.016883013225886,4.088988330752978e-10,0.9777460614551332,1.0,8,1,0.0032187605290835,0.0150732408002251,61417552.61349469,46,2.849047172289829e-09,0.1749815046024388,1
ct_w3_i4,3,evaluation,width3,64,42,sampled_star_fisher,46,0,,1.0001844207088355,0.2135413725385098,199,12736,250,,0.6021962100404125,41,0.0,1.0001844207088355,1.5906796655762734e-15,0.999816530868224,1.0,8,1,4.088926607994792e-05,0.000191481704898,31420611077.80241,46,1.8237220025537007e-14,0.0005730245975627,1
ct_w3_i4,3,evaluation,width3,64,42,sampled_full_fisher,46,1,8.0,0.0832544726188437,0.2135413725385098,8,512,1081,,0.6633227204388966,41,0.0,0.0832544726188437,0.9276358068620514,0.9276358068620514,0.0,0,1,0.051558593048097,0.2414454512265486,,-1,,,0
ct_w3_i4,3,evaluation,width3,64,42,protected_ray_star,46,1,8.0,0.0962111794392814,0.2135413725385098,8,512,250,,0.9802260787961042,41,0.0,0.0962111794392814,0.9070293710392502,0.9070293710392502,0.0,0,1,0.0577253030019455,0.2703237424941411,,-1,,,0
ct_w3_i4,3,evaluation,width3,64,50,sampled_adam,46,1,56.0,0.0998685847124587,0.2011361398487035,56,3584,92,,0.1026654433462978,40,0.0,0.0998685847124587,0.912473975003036,0.912473975003036,0.0,0,1,0.0187946532782882,0.0934424479480702,,-1,,,0
ct_w3_i4,3,evaluation,width3,64,50,sampled_star_fisher,46,1,6.0,0.0912113961691272,0.2011361398487035,6,384,250,,0.6610506283157087,40,0.0,0.0912113961691272,0.920364381823818,0.920364381823818,0.0,0,1,0.0194015376572721,0.0964597295735422,,-1,,,0
ct_w3_i4,3,evaluation,width3,64,50,sampled_full_fisher,46,1,7.0,0.0528552082020841,0.2011361398487035,7,448,1081,,0.6393173850710518,40,0.0,0.0528552082020841,0.9563143084477844,0.9563143084477844,0.0,0,1,0.0142543293547445,0.0708690609527797,,-1,,,0
ct_w3_i4,3,evaluation,width3,64,50,protected_ray_star,46,1,7.0,0.0675658646468555,0.2011361398487035,7,448,250,,0.9787120438188718,40,0.0,0.0675658646468555,0.9355557688193304,0.9355557688193304,0.0,0,1,0.0225845921704851,0.1122851029530223,,-1,,,0
ct_w3_i4,3,evaluation,width3,64,101,sampled_adam,46,1,58.0,0.0997033460315179,0.1729393329726578,58,3712,92,,0.2823297844723652,40,0.0,0.0997033460315179,0.9082746900863854,0.9082746900863854,0.0,0,1,0.0246084463558546,0.14229525425396,,-1,,,0
ct_w3_i4,3,evaluation,width3,64,101,sampled_star_fisher,46,1,5.0,0.0458460699925957,0.1729393329726578,5,320,250,,0.3175934970822267,40,0.0,0.0458460699925957,0.9568105379489168,0.9568105379489168,0.0,0,1,0.011222399644021,0.0648921182423857,,-1,,,0
ct_w3_i4,3,evaluation,width3,64,101,sampled_full_fisher,46,1,6.0,0.096396430638423,0.1729393329726578,6,384,1081,,0.4925200249667593,40,0.0,0.096396430638423,0.9167619141397528,0.9167619141397528,0.0,0,1,0.0248771444753076,0.1438489674251304,,-1,,,0
ct_w3_i4,3,evaluation,width3,64,101,protected_ray_star,46,1,14.0,0.078846374797779,0.1729393329726578,14,896,250,,0.9797839408967236,40,0.0,0.078846374797779,0.921861465247366,0.921861465247366,0.0,0,1,0.0666374597700727,0.3853227523469647,,-1,,,0
ct_w3_i5,3,evaluation,chain,256,0,sampled_adam,31,0,,3.034806514652489,0.2910135860384361,199,50944,62,,-0.4041451730297267,25,1.8771297944356184,3.034806514652489,1.6471807851234689e-15,0.5352103195274068,3.0,7,0,0.0069089095165757,0.0237408487027244,,-1,,,0
ct_w3_i5,3,evaluation,chain,256,0,sampled_diagonal_fisher,31,0,,1.0000867085896117,0.2910135860384361,199,50944,31,,-0.4660213287726307,25,1.8771297944356184,1.0000867085896117,2.556825219151962e-19,0.9999572129922965,1.0,3,1,2.39210015823583e-05,8.219891692341433e-05,124078.81959158686,31,9.658435591653956e-10,0.0001198407287313,1
ct_w3_i5,3,evaluation,chain,256,0,sampled_two_block_fisher,31,0,,1.0000610187296974,0.2910135860384361,199,50944,256,,-0.5765996481272612,25,1.8771297944356184,1.0000610187296974,1.4979733154385425e-23,0.9999573670710828,1.0,4,1,1.7148368574869165e-05,5.892635051273608e-05,123357.47969377213,31,9.371052146257103e-10,0.0001155989374841,1
ct_w3_i5,3,evaluation,chain,256,0,sampled_star_fisher,31,0,,1.0000884478659948,0.2910135860384361,199,50944,90,,-0.1394547468785767,25,1.8771297944356184,1.0000884478659948,8.164878401477708e-20,0.9634573009280586,1.0,4,1,2.710492099214197e-05,9.31397099397347e-05,2812862726.9252086,31,1.5001598755828328e-10,0.4219743798455708,1
ct_w3_i5,3,evaluation,chain,256,0,sampled_full_fisher,31,0,,2.000106659716966,0.2910135860384361,199,50944,496,,-0.4536790427443077,25,1.8771297944356184,2.000106659716966,4.1076248097129204e-23,0.9046269129723916,2.0,9,1,2.706053553791727e-05,9.298718972640406e-05,381725888.82200855,31,2.709632549039357e-09,1.0343368931630932,1
ct_w3_i5,3,evaluation,chain,256,0,protected_ray_star,31,0,,2.6113561178405917,0.2910135860384361,199,50944,90,,-0.9808206510187858,25,1.8771297944356184,3.848656165233182,0.0018191227671813,0.0742572748651688,1.0,3,1,0.3155596044268331,1.0843466407274711,,-1,,,0
ct_w3_i5,3,evaluation,chain,256,19,sampled_adam,31,0,,2.03019380929787,0.3420173088358402,199,50944,62,,-0.3271653068295929,26,1.9743222045430897,2.03019380929787,6.785869606992338e-16,0.9780433099022434,2.0,8,1,0.0069482604146794,0.0203155227386881,2102.5831697436874,31,1.98549657411023e-05,0.0417467168030792,1
ct_w3_i5,3,evaluation,chain,256,19,sampled_diagonal_fisher,31,0,,2.00006447680777,0.3420173088358402,199,50944,31,,-0.4084107683686281,26,1.9743222045430897,2.00006447680777,1.909913486915373e-30,0.9999413862185648,2.0,8,1,1.7259652461366926e-05,5.046426603412381e-05,1624215.116740936,31,8.777046010277072e-11,0.0001425581081022,1
ct_w3_i5,3,evaluation,chain,256,19,sampled_two_block_fisher,31,0,,1.0000530295035135,0.3420173088358402,199,50944,256,,-0.5241081903211507,26,1.9743222045430897,1.0000530295035135,4.247319703159404e-23,0.9999564600732198,1.0,6,1,1.1317800854138778e-05,3.309131018152956e-05,60591.671070891694,31,1.5351001124171474e-09,9.301428107246866e-05,1
ct_w3_i5,3,evaluation,chain,256,19,sampled_star_fisher,31,0,,1.00006764581871,0.3420173088358402,199,50944,90,,-0.0218546989930341,26,1.9743222045430897,1.00006764581871,1.1308053613918186e-23,0.9999538000267832,1.0,6,1,2.15147601764668e-05,6.290547180111678e-05,174152.17484765514,31,1.0202517417136903e-09,0.0001776790597115,1
ct_w3_i5,3,evaluation,chain,256,19,sampled_full_fisher,31,0,,1.0001560574648742,0.3420173088358402,199,50944,496,,-0.506376361176821,26,1.9743222045430897,1.0001560574648742,7.02202981255855e-22,0.999888056427464,1.0,6,1,3.746558905068803e-05,0.0001095429619577,25426.67548481129,31,8.268992496767124e-09,0.0002102529888016,1
ct_w3_i5,3,evaluation,chain,256,19,protected_ray_star,31,0,,2.371471981632647,0.3420173088358402,199,50944,90,,-0.980361238326336,26,1.9743222045430897,2.738278060978457,1.8403339756092828e-08,0.1401299663511398,2.0,5,0,0.2271859030116973,0.6642526478703477,,-1,,,0
ct_w3_i5,3,evaluation,chain,256,42,sampled_adam,31,0,,3.029016019547996,0.346093038183594,199,50944,62,,-0.5300977245635168,27,1.8101917090414432,3.029016019547996,4.437614209220071e-17,0.6623997466724586,3.0,7,0,0.0062821938349349,0.0181517486393424,,-1,,,0
ct_w3_i5,3,evaluation,chain,256,42,sampled_diagonal_fisher,31,0,,2.0000401346726715,0.346093038183594,199,50944,31,,-0.6534948857077976,27,1.8101917090414432,2.0000401346726715,9.010677354790842e-37,0.9999632022724196,2.0,7,0,1.096335589527846e-05,3.167748173386448e-05,78630.77724506265,31,1.562655007391682e-09,0.000122872777797,1
ct_w3_i5,3,evaluation,chain,256,42,sampled_two_block_fisher,31,0,,2.000027437388693,0.346093038183594,199,50944,256,,-0.778124217576638,27,1.8101917090414432,2.000027437388693,1.781805624848765e-39,0.72369972338233,2.0,7,0,1.0831448349959994e-05,3.129634853912945e-05,,-1,,,0
ct_w3_i5,3,evaluation,chain,256,42,sampled_star_fisher,31,0,,1.0000670589499077,0.346093038183594,199,50944,90,,-0.438264475945546,27,1.8101917090414432,1.0000670589499077,5.190136951334951e-29,0.9999357871729776,1.0,8,1,1.7489631294178176e-05,5.0534478780530536e-05,29183.50343904005,31,1.2779256015197456e-08,0.0003729434618678,1
ct_w3_i5,3,evaluation,chain,256,42,sampled_full_fisher,31,0,,1.0000955418303017,0.346093038183594,199,50944,496,,-0.7826699619799302,27,1.8101917090414432,1.0000955418303017,1.3439711193030703e-34,0.9999230605039272,1.0,8,1,2.4785158139368903e-05,7.161414823438597e-05,404820.92531511455,31,6.024334837483334e-10,0.0002438776803318,1
ct_w3_i5,3,evaluation,chain,256,42,protected_ray_star,31,0,,2.6663109322506617,0.346093038183594,199,50944,90,,-0.98131337498992,27,1.8101917090414432,3.289642928373752,5.052776001535623e-09,0.1717500462823433,2.0,11,1,0.1851745829898289,0.5350427849161136,,-1,,,0
ct_w3_i5,3,evaluation,chain,256,50,sampled_adam,31,0,,3.0252224187281618,0.2576737216594864,199,50944,62,,-0.5300977093733729,27,2.000053681165668,3.0252224187281618,1.4086438653591902e-16,0.9609411625912474,3.0,6,1,0.0056372070654795,0.0218773068094582,38991.32735768156,31,4.203409901874e-06,0.1638965315024892,1
ct_w3_i5,3,evaluation,chain,256,50,sampled_diagonal_fisher,31,0,,2.0000481379928488,0.2576737216594864,199,50944,31,,-0.688476644272797,27,2.000053681165668,2.0000481379928488,8.181232990123581e-21,0.9998738393777916,2.0,4,1,1.2491599636304218e-05,4.847836075737579e-05,2486864.136147027,31,4.09830556528109e-10,0.0010191929129269,1
ct_w3_i5,3,evaluation,chain,256,50,sampled_two_block_fisher,31,0,,1.0000970308728476,0.2576737216594864,199,50944,256,,-0.8114164441524045,27,2.000053681165668,1.0000970308728476,6.448536204918412e-28,0.9999269361537872,1.0,8,1,2.485159722304677e-05,9.644599015761466e-05,197554.66159005844,31,1.452205867505294e-09,0.0002868900387141,1
ct_w3_i5,3,evaluation,chain,256,50,sampled_star_fisher,31,0,,2.000135848905982,0.2576737216594864,199,50944,90,,-0.3849973099544571,27,2.000053681165668,2.000135848905982,1.7459102873084315e-31,0.9920150929051176,2.0,8,1,4.178439196187999e-05,0.000162160082498,13720212.19173546,31,6.854989910925524e-09,0.0940519161501039,1
ct_w3_i5,3,evaluation,chain,256,50,sampled_full_fisher,31,0,,1.0001888748232377,0.2576737216594864,199,50944,496,,-0.8384172824332361,27,2.000053681165668,1.0001888748232377,9.210655620009717e-16,0.861502355751759,1.0,6,1,4.995921358608347e-05,0.0001938855590874,,-1,,,0
ct_w3_i5,3,evaluation,chain,256,50,protected_ray_star,31,0,,2.3107719290130664,0.2576737216594864,199,50944,90,,-0.9812418948606288,27,2.000053681165668,2.5973376984188388,2.051282644750391e-08,0.177653775910144,2.0,7,0,0.2187342370304239,0.84888065271739,,-1,,,0
ct_w3_i5,3,evaluation,chain,256,101,sampled_adam,31,0,,2.0275862759541976,0.352638920080049,199,50944,62,,-0.5300976873440828,26,1.789300578848158,2.0275862759541976,5.0649326173588864e-18,0.980393301100796,2.0,7,0,0.0065519676917567,0.018579820089823,997.7559593126556,31,3.64814700341849e-05,0.036399604131094,1
ct_w3_i5,3,evaluation,chain,256,101,sampled_diagonal_fisher,31,0,,2.000060618272821,0.352638920080049,199,50944,31,,-0.6921588375338459,26,1.789300578848158,2.000060618272821,6.062156821244671e-34,0.9999429098793194,2.0,10,1,1.4908686559895538e-05,4.227748473285725e-05,347294.6419758578,31,4.365444987729777e-10,0.0001516095654078,1
ct_w3_i5,3,evaluation,chain,256,101,sampled_two_block_fisher,31,0,,2.00012828433813,0.352638920080049,199,50944,256,,-0.6083705849671237,26,1.789300578848158,2.00012828433813,8.26618631147655e-32,0.9998016573426228,2.0,10,1,3.394749553616349e-05,9.626701309219476e-05,602145.4466299391,31,2.745567594399777e-09,0.0016532310253825,1
ct_w3_i5,3,evaluation,chain,256,101,sampled_star_fisher,31,0,,2.000113332911651,0.352638920080049,199,50944,90,,-0.4431694937252591,26,1.789300578848158,2.000113332911651,1.176351580565527e-28,0.9999105134115616,2.0,10,1,2.882822048525851e-05,8.174996815074895e-05,15635.690839966936,31,1.726882775109608e-08,0.0002700100518847,1
ct_w3_i5,3,evaluation,chain,256,101,sampled_full_fisher,31,0,,2.000189056163407,0.3526389200800596,199,50944,496,,-0.5425574894971651,26,1.789300578848158,2.000189056163407,1.6772855158987905e-29,0.9998533830888038,2.0,10,1,4.99526058108261e-05,0.000141653694378,19394.794134057145,31,2.074889951148932e-08,0.0004024206345335,1
ct_w3_i5,3,evaluation,chain,256,101,protected_ray_star,31,0,,2.480464527011234,0.3526389200800596,199,50944,90,,-0.98136008473298,26,1.789300578848158,2.9966633964552063,3.4533836612232474e-08,0.0909172133209191,1.0,6,1,0.2293581736896418,0.6504051612838725,,-1,,,0
ct_w3_i5,3,evaluation,problem_tree,256,0,sampled_adam,31,1,78.0,0.0990300628352471,0.3772475281891726,78,19968,62,,0.207390392347851,28,0.7663656308167797,0.0990300628352471,0.9151445590791656,0.9151445590791656,0.0,0,1,0.0198397656591077,0.0525908433498311,,-1,,,0
ct_w3_i5,3,evaluation,problem_tree,256,0,sampled_diagonal_fisher,31,1,3.0,0.0364090565011192,0.3772475281891726,3,768,31,,0.3279665016841911,28,0.7663656308167797,0.0364090565011192,0.9669496226549512,0.9669496226549512,0.0,0,1,0.0105050456184825,0.0278465591780227,,-1,,,0
ct_w3_i5,3,evaluation,problem_tree,256,0,sampled_two_block_fisher,31,1,3.0,0.0474923639260875,0.3772475281891726,3,768,256,,-0.1211206906424988,28,0.7663656308167797,0.0474923639260875,0.9591928041887876,0.9591928041887876,0.0,0,1,0.011223364285518,0.0297506635481255,,-1,,,0
ct_w3_i5,3,evaluation,problem_tree,256,0,sampled_star_fisher,31,1,3.0,0.0802568194567641,0.3772475281891726,3,768,100,,0.5474989260416991,28,0.7663656308167797,0.0802568194567641,0.9269196995987232,0.9269196995987232,0.0,0,1,0.0250880018012967,0.0665027599298576,,-1,,,0
ct_w3_i5,3,evaluation,problem_tree,256,0,sampled_full_fisher,31,1,4.0,0.0651452951277828,0.3772475281891726,4,1024,496,,0.1326396550499834,28,0.7663656308167797,0.0651452951277828,0.9396978391784344,0.9396978391784344,0.0,0,1,0.0188271156487246,0.0499065314996145,,-1,,,0
ct_w3_i5,3,evaluation,problem_tree,256,0,protected_ray_star,31,1,23.0,0.0750031473793342,0.3772475281891726,23,5888,100,,0.9786284117810355,28,0.7663656308167797,0.0750031473793342,0.9286797498599836,0.9286797498599836,0.0,0,1,0.0247107181647705,0.0655026642146195,,-1,,,0
ct_w3_i5,3,evaluation,problem_tree,256,19,sampled_adam,31,1,80.0,0.099778015990612,0.3465445613084442,80,20480,62,,0.3110855029188755,30,1.1055641193312091,0.099778015990612,0.9216371643703412,0.9216371643703412,0.0,0,1,0.0176760416858703,0.0510065476691687,,-1,,,0
ct_w3_i5,3,evaluation,problem_tree,256,19,sampled_diagonal_fisher,31,1,3.0,0.0338403908025668,0.3465445613084442,3,768,31,,0.3503338238612167,30,1.1055641193312091,0.0338403908025668,0.968771060424306,0.968771060424306,0.0,0,1,0.007738042614962,0.0223291417004081,,-1,,,0
ct_w3_i5,3,evaluation,problem_tree,256,19,sampled_two_block_fisher,31,1,3.0,0.0760573702664224,0.3465445613084442,3,768,256,,-0.0747079314351914,30,1.1055641193312091,0.0760573702664224,0.9375038104919012,0.9375038104919012,0.0,0,1,0.0204739259970459,0.0590802115599297,,-1,,,0
ct_w3_i5,3,evaluation,problem_tree,256,19,sampled_star_fisher,31,1,3.0,0.0930487763015435,0.3465445613084442,3,768,100,,0.7022506896327289,30,1.1055641193312091,0.0930487763015435,0.9142678060667454,0.9142678060667454,0.0,0,1,0.0213482962410469,0.0616033221252771,,-1,,,0
ct_w3_i5,3,evaluation,problem_tree,256,19,sampled_full_fisher,31,1,4.0,0.0947703085468063,0.3465445613084442,4,1024,496,,0.4980367587994045,30,1.1055641193312091,0.0947703085468063,0.924772605885436,0.924772605885436,0.0,0,1,0.0367260255656103,0.1059777865996347,,-1,,,0
ct_w3_i5,3,evaluation,problem_tree,256,19,protected_ray_star,31,1,23.0,0.0783130139498506,0.3465445613084442,23,5888,100,,0.9735608491013364,30,1.1055641193312091,0.0783130139498506,0.9239990720538364,0.9239990720538364,0.0,0,1,0.0264955921501403,0.0764565227920509,,-1,,,0
ct_w3_i5,3,evaluation,problem_tree,256,42,sampled_adam,31,1,86.0,0.0990458870579811,0.3598818802016043,86,22016,62,,0.2073901407834849,29,0.8891235673074264,0.0990458870579811,0.922621040265818,0.922621040265818,0.0,0,1,0.0192609151449922,0.0535201025797751,,-1,,,0
ct_w3_i5,3,evaluation,problem_tree,256,42,sampled_diagonal_fisher,31,1,3.0,0.0873155511182535,0.3598818802016043,3,768,31,,0.2121120522078677,29,0.8891235673074264,0.0873155511182535,0.9167521251663862,0.9167521251663862,0.0,0,1,0.0273032828395169,0.0758673452084383,,-1,,,0
ct_w3_i5,3,evaluation,problem_tree,256,42,sampled_two_block_fisher,31,1,4.0,0.0231758829874966,0.3598818802016043,4,1024,256,,-0.0928226886898093,29,0.8891235673074264,0.0231758829874966,0.9824207375896848,0.9824207375896848,0.0,0,1,0.0047914481863972,0.0133139467419507,,-1,,,0
ct_w3_i5,3,evaluation,problem_tree,256,42,sampled_star_fisher,31,1,4.0,0.0499963706209616,0.3598818802016043,4,1024,100,,0.4732286684627554,29,0.8891235673074264,0.0499963706209616,0.9590279312254618,0.9590279312254618,0.0,0,1,0.0120279347555674,0.0334218959532763,,-1,,,0
ct_w3_i5,3,evaluation,problem_tree,256,42,sampled_full_fisher,31,1,5.0,0.0877275711519516,0.3598818802016043,5,1280,496,,0.3227035711107979,29,0.8891235673074264,0.0877275711519516,0.9185302195973511,0.9185302195973511,0.0,0,1,0.0298207701864267,0.0828626608533923,,-1,,,0
ct_w3_i5,3,evaluation,problem_tree,256,42,protected_ray_star,31,1,22.0,0.0828252601158414,0.3598818802016043,22,5632,100,,0.9647716873391065,29,0.8891235673074264,0.0828252601158414,0.9210508586417528,0.9210508586417528,0.0,0,1,0.0278007487907503,0.07724964862131,,-1,,,0
ct_w3_i5,3,evaluation,problem_tree,256,50,sampled_adam,31,1,74.0,0.0997429393269246,0.4340120635040076,74,18944,62,,0.1229774909777981,26,0.8600740570672782,0.0997429393269246,0.9245981008719808,0.9245981008719808,0.0,0,1,0.021053657071547,0.0485093822083417,,-1,,,0
ct_w3_i5,3,evaluation,problem_tree,256,50,sampled_diagonal_fisher,31,1,3.0,0.0322178370508723,0.4340120635040076,3,768,31,,0.1545549667689804,26,0.8600740570672782,0.0322178370508723,0.9717388035458724,0.9717388035458724,0.0,0,1,0.008252705329721,0.01901492152797,,-1,,,0
ct_w3_i5,3,evaluation,problem_tree,256,50,sampled_two_block_fisher,31,1,3.0,0.0538269619994089,0.4340120635040076,3,768,256,,-0.0870527063881042,26,0.8600740570672782,0.0538269619994089,0.9516015495465272,0.9516015495465272,0.0,0,1,0.0148451304584726,0.0342044189708001,,-1,,,0
ct_w3_i5,3,evaluation,problem_tree,256,50,sampled_star_fisher,31,1,3.0,0.0683872587881655,0.4340120635040076,3,768,100,,0.4359482342788537,26,0.8600740570672782,0.0683872587881655,0.9373022436702324,0.9373022436702324,0.0,0,1,0.0216104684428383,0.0497923220575152,,-1,,,0
ct_w3_i5,3,evaluation,problem_tree,256,50,sampled_full_fisher,31,1,4.0,0.0795254965408212,0.4340120635040076,4,1024,496,,0.2452076929788315,26,0.8600740570672782,0.0795254965408212,0.9270439667550672,0.9270439667550672,0.0,0,1,0.0327096281095329,0.0753657118317194,,-1,,,0
ct_w3_i5,3,evaluation,problem_tree,256,50,protected_ray_star,31,1,21.0,0.0750358658090686,0.4340120635040076,21,5376,100,,0.9807736281217928,26,0.8600740570672782,0.0750358658090686,0.928824981259434,0.928824981259434,0.0,0,1,0.0251853357834399,0.0580291146289933,,-1,,,0
ct_w3_i5,3,evaluation,problem_tree,256,101,sampled_adam,31,1,76.0,0.0999393235971517,0.3431778840330123,76,19456,62,,0.2765205730294964,30,1.286634133986269,0.0999393235971517,0.913037805139632,0.913037805139632,0.0,0,1,0.0201180739756657,0.058622874350873,,-1,,,0
ct_w3_i5,3,evaluation,problem_tree,256,101,sampled_diagonal_fisher,31,1,4.0,0.0273639391785707,0.3431778840330123,4,1024,31,,0.3186227703047585,30,1.286634133986269,0.0273639391785707,0.9752762882541955,0.9752762882541955,0.0,0,1,0.0058474799793163,0.0170392098424205,,-1,,,0
ct_w3_i5,3,evaluation,problem_tree,256,101,sampled_two_block_fisher,31,1,4.0,0.0389889973792065,0.3431778840330123,4,1024,256,,-0.1600731777244976,30,1.286634133986269,0.0389889973792065,0.9658648959224272,0.9658648959224272,0.0,0,1,0.0119766416657076,0.0348992234725577,,-1,,,0
ct_w3_i5,3,evaluation,problem_tree,256,101,sampled_star_fisher,31,1,4.0,0.0424395825820465,0.3431778840330123,4,1024,100,,0.569133556693001,30,1.286634133986269,0.0424395825820465,0.9609043933038603,0.9609043933038603,0.0,0,1,0.0110271867423442,0.0321325681385793,,-1,,,0
ct_w3_i5,3,evaluation,problem_tree,256,101,sampled_full_fisher,31,1,5.0,0.0772009503321253,0.3431778840329977,5,1280,496,,0.4647963328003022,30,1.286634133986269,0.0772009503321253,0.9275368151670526,0.9275368151670526,0.0,0,1,0.03961015159619,0.1154216324510627,,-1,,,0
ct_w3_i5,3,evaluation,problem_tree,256,101,protected_ray_star,31,1,21.0,0.0652958825185159,0.3431778840329977,21,5376,100,,0.9710626587196368,30,1.286634133986269,0.0652958825185159,0.9374577240757918,0.9374577240757918,0.0,0,1,0.0217367517647316,0.0633396054235289,,-1,,,0
ct_w3_i5,3,evaluation,width2,256,0,sampled_adam,41,0,,1.012968570042398,0.3209268415495603,199,50944,82,,0.316293195846398,40,0.38967990958282,1.012968570042398,2.193475207740295e-08,0.9741183458030238,1.0,5,1,0.0026227900388238,0.0081725480678399,278401306.0797938,41,4.945316020266003e-10,0.1376782439019383,1
ct_w3_i5,3,evaluation,width2,256,0,sampled_diagonal_fisher,41,0,,1.000039265076179,0.3209268415495603,199,50944,41,,0.4080346249439319,40,0.38967990958282,1.000039265076179,3.630006249632297e-16,0.9989627333248804,1.0,5,1,1.3650187902420336e-05,4.253364360709714e-05,425427771994.7165,33,1.5063837058361212e-14,0.00640857463743,1
ct_w3_i5,3,evaluation,width2,256,0,sampled_two_block_fisher,41,0,,1.000135867928439,0.3209268415495603,199,50944,461,,0.49858128578889,40,0.38967990958282,1.000135867928439,2.2710385837216398e-10,0.6376594499305486,1.0,5,1,3.308918906368126e-05,0.000103105084336,,-1,,,0
ct_w3_i5,3,evaluation,width2,256,0,sampled_star_fisher,41,0,,1.0001212735005254,0.3209268415495603,199,50944,197,,0.5898505502690508,40,0.38967990958282,1.0001212735005254,1.5644749297030068e-11,0.5685511698703275,1.0,5,1,2.331067798805428e-05,7.263548874722102e-05,,-1,,,0
ct_w3_i5,3,evaluation,width2,256,0,sampled_full_fisher,41,1,7.0,0.0735617515507911,0.3209268415495603,7,1792,861,,0.7482643847527755,40,0.38967990958282,0.0735617515507911,0.937092324987304,0.937092324987304,0.0,0,1,0.0409508134836847,0.1276017091183716,,-1,,,0
ct_w3_i5,3,evaluation,width2,256,0,protected_ray_star,41,0,,1.000208346908238,0.3209268415495603,199,50944,197,,0.9783669126591048,40,0.38967990958282,1.000309551632384,2.9484467251453997e-05,0.499728157302977,1.0,5,1,9.955321173680424e-05,0.0003102053142582,,-1,,,0
ct_w3_i5,3,evaluation,width2,256,19,sampled_adam,41,0,,1.0118961173700622,0.2747188268333042,199,50944,82,,0.3738009000915723,39,0.8256885815276921,1.0118961173700622,9.754746154490482e-13,0.988725783408394,1.0,8,1,0.0023272264114804,0.0084713029620376,436436833.3820502,41,5.848748669960349e-11,0.0255260934876497,1
ct_w3_i5,3,evaluation,width2,256,19,sampled_diagonal_fisher,41,0,,1.000033861681734,0.2747188268333042,199,50944,41,,0.3351383167040205,39,0.8256885815276921,1.000033861681734,1.920465046486344e-25,0.990392265181443,1.0,8,1,8.948298257733357e-06,3.25725701470146e-05,304849537244.5236,31,4.57308828104879e-13,0.1394103846256077,1
ct_w3_i5,3,evaluation,width2,256,19,sampled_two_block_fisher,41,0,,1.0001614803704817,0.2747188268333042,199,50944,461,,0.1968376554889931,39,0.8256885815276921,1.0001614803704817,2.9656421230459634e-20,0.6117886967076948,1.0,8,1,3.353069067011067e-05,0.0001220545787,,-1,,,0
ct_w3_i5,3,evaluation,width2,256,19,sampled_star_fisher,41,0,,1.0001245011635105,0.2747188268333042,199,50944,197,,0.6738146378020631,39,0.8256885815276921,1.0001245011635105,4.0670951021096516e-21,0.6593048264163099,1.0,8,1,2.91965657159707e-05,0.0001062779935853,,-1,,,0
ct_w3_i5,3,evaluation,width2,256,19,sampled_full_fisher,41,0,,1.0005915830368846,0.2747188268333042,199,50944,861,,0.6743764292641323,39,0.8256885815276921,1.0005915830368846,3.543210138789004e-07,0.4268268337135482,1.0,8,1,0.0001489440455179,0.0005421690505702,,-1,,,0
ct_w3_i5,3,evaluation,width2,256,19,protected_ray_star,41,0,,1.0000701461645196,0.2747188268333042,199,50944,197,,0.9803509672077512,39,0.8256885815276921,1.0000701461645196,6.287617223452015e-06,0.4999401757439364,1.0,5,1,2.232007464642275e-05,8.1246978606116e-05,,-1,,,0
ct_w3_i5,3,evaluation,width2,256,42,sampled_adam,41,1,67.0,0.0956643387001321,0.1898498021627784,67,17152,82,,0.3162933793458976,41,0.6981342461584614,0.0956643387001321,0.916980859597667,0.916980859597667,0.0,0,1,0.0209177361993198,0.1101804477066818,,-1,,,0
ct_w3_i5,3,evaluation,width2,256,42,sampled_diagonal_fisher,41,0,,1.000031262794213,0.1898498021627784,199,50944,41,,0.3973697058458084,41,0.6981342461584614,1.000031262794213,2.8989171691667088e-15,0.6664572151349258,1.0,5,1,6.555623072199362e-06,3.4530576263537685e-05,,-1,,,0
ct_w3_i5,3,evaluation,width2,256,42,sampled_two_block_fisher,41,1,5.0,0.0352890181972025,0.1898498021627784,5,1280,461,,0.5688726668965041,41,0.6981342461584614,0.0352890181972025,0.9700834810215118,0.9700834810215118,0.0,0,1,0.0120858789270683,0.0636602134391786,,-1,,,0
ct_w3_i5,3,evaluation,width2,256,42,sampled_star_fisher,41,1,4.0,0.0797512217634821,0.1898498021627784,4,1024,197,,0.7706687575366954,41,0.6981342461584614,0.0797512217634821,0.9296664774502194,0.9296664774502194,0.0,0,1,0.0216514875183888,0.1140453520189855,,-1,,,0
ct_w3_i5,3,evaluation,width2,256,42,sampled_full_fisher,41,1,7.0,0.0852303528574882,0.1898498021627784,7,1792,861,,0.9376228798060282,41,0.6981342461584614,0.0852303528574882,0.9273374590098902,0.9273374590098902,0.0,0,1,0.0418923791255356,0.220660641456012,,-1,,,0
ct_w3_i5,3,evaluation,width2,256,42,protected_ray_star,41,0,,1.000039955075147,0.1898498021627784,199,50944,197,,0.9782268729890468,41,0.6981342461584614,1.000040100828965,3.63481484477838e-06,0.4999776829305826,1.0,5,1,1.2760339226408402e-05,6.721281287123811e-05,,-1,,,0
ct_w3_i5,3,evaluation,width2,256,50,sampled_adam,41,0,,1.011100679732044,0.2957425485072305,199,50944,82,,0.3450470234910799,40,0.4258307431337765,1.011100679732044,5.534594232356862e-08,0.91157333252925,1.0,5,1,0.002217289230021,0.0074973629638781,1607125966.550794,41,5.475511312602447e-10,0.8799836410626016,1
ct_w3_i5,3,evaluation,width2,256,50,sampled_diagonal_fisher,41,0,,1.0000593802125373,0.2957425485072305,199,50944,41,,0.292705360487702,40,0.4258307431337765,1.0000593802125373,3.32645689816412e-13,0.873853417518124,1.0,5,1,1.796273812009435e-05,6.073775386991767e-05,,-1,,,0
ct_w3_i5,3,evaluation,width2,256,50,sampled_two_block_fisher,41,0,,1.0001603524072458,0.2957425485072305,199,50944,461,,0.2276865304539438,40,0.4258307431337765,1.0001603524072458,5.693585217763409e-12,0.5648001248648783,1.0,5,1,4.395362002950368e-05,0.000148621225628,,-1,,,0
ct_w3_i5,3,evaluation,width2,256,50,sampled_star_fisher,41,0,,1.0002966690426405,0.2957425485072305,199,50944,197,,0.5536949555012974,40,0.4258307431337765,1.0002966690426405,2.47979414192125e-12,0.6610934549488162,1.0,5,1,0.0001566256615896,0.000529601379241,,-1,,,0
ct_w3_i5,3,evaluation,width2,256,50,sampled_full_fisher,41,1,8.0,0.051661281830496,0.2957425485072305,8,2048,861,,0.7592046017891102,40,0.4258307431337765,0.051661281830496,0.9520929126827944,0.9520929126827944,0.0,0,1,0.0349881308633347,0.1183060436854228,,-1,,,0
ct_w3_i5,3,evaluation,width2,256,50,protected_ray_star,41,0,,1.000041470384364,0.2957425485072305,199,50944,197,,0.9795425097142824,40,0.4258307431337765,1.000041470384364,3.661831379324218e-06,0.4999803339609805,1.0,5,1,1.3065235739297054e-05,4.417773433428578e-05,,-1,,,0
ct_w3_i5,3,evaluation,width2,256,101,sampled_adam,41,0,,1.0118350150397362,0.3149743834186733,199,50944,82,,0.2587853033216709,38,0.4397463174229123,1.0118350150397362,7.613236647256892e-13,0.9893581938114482,1.0,8,1,0.0023338788582166,0.0074097418110171,65465482.1234092,41,3.9854896100835773e-10,0.0260911998821959,1
ct_w3_i5,3,evaluation,width2,256,101,sampled_diagonal_fisher,41,0,,1.0001046569040355,0.3149743834186733,199,50944,41,,0.396159804823692,38,0.4397463174229123,1.0001046569040355,2.063716556210824e-20,0.999922510213608,1.0,8,1,3.0967211725254804e-05,9.83166040017047e-05,62724865966.24992,39,5.634571234601837e-15,0.0003534277254676,1
ct_w3_i5,3,evaluation,width2,256,101,sampled_two_block_fisher,41,0,,1.0001007144623113,0.3149743834186733,199,50944,461,,0.1996127910914646,38,0.4397463174229123,1.0001007144623113,1.826803866970513e-12,0.8676849477872557,1.0,8,1,2.24883132032226e-05,7.139727669005536e-05,,-1,,,0
ct_w3_i5,3,evaluation,width2,256,101,sampled_star_fisher,41,0,,1.0001980357396274,0.3149743834186733,199,50944,197,,0.4900430631552396,38,0.4397463174229123,1.0001980357396274,2.890887052873342e-13,0.7787037136869698,1.0,8,1,4.075539783846063e-05,0.0001293927378985,,-1,,,0
ct_w3_i5,3,evaluation,width2,256,101,sampled_full_fisher,41,1,9.0,0.0933273001055319,0.3149743834186991,9,2304,861,,0.7031494693471374,38,0.4397463174229123,0.0933273001055319,0.9080004266650118,0.9080004266650118,0.0,0,1,0.0922107490255058,0.2927563442609521,,-1,,,0
ct_w3_i5,3,evaluation,width2,256,101,protected_ray_star,41,0,,0.9997046451914856,0.3149743834186991,199,50944,197,,0.9802679607775742,38,0.4397463174229123,1.0000551743727044,5.03463854673055e-06,0.4999902088519845,1.0,5,1,1.7456878159944746e-05,5.542316797470833e-05,,-1,,,0
ct_w3_i5,3,evaluation,width3,1024,0,sampled_adam,47,1,39.0,0.0995958226111763,0.2345464228600067,39,39936,94,,0.3405759738446904,47,0.0,0.0995958226111763,0.9123896773735412,0.9123896773735412,0.0,0,1,0.023330166205571,0.0994692902201969,,-1,,,0
ct_w3_i5,3,evaluation,width3,1024,0,sampled_star_fisher,47,1,4.0,0.0296006588499881,0.2345464228600067,4,4096,259,,0.5553507111624391,47,0.0,0.0296006588499881,0.9718886681162322,0.9718886681162322,0.0,0,1,0.0102213936528443,0.0435794054251904,,-1,,,0
ct_w3_i5,3,evaluation,width3,1024,0,sampled_full_fisher,47,1,6.0,0.0431002760306196,0.2345464228600067,6,6144,1128,,0.8576805053524681,47,0.0,0.0431002760306196,0.9599683817325738,0.9599683817325738,0.0,0,1,0.0191812350448757,0.0817801218666394,,-1,,,0
ct_w3_i5,3,evaluation,width3,1024,0,protected_ray_star,47,1,5.0,0.0847386991835517,0.2345464228600067,5,5120,259,,0.9770039148699692,47,0.0,0.0847386991835517,0.9187745279495594,0.9187745279495594,0.0,0,1,0.0289887921954333,0.1235951153803603,,-1,,,0
ct_w3_i5,3,evaluation,width3,1024,19,sampled_adam,47,1,44.0,0.0972547215706018,0.1313050103033635,44,45056,94,,0.1571893457369079,47,0.0,0.0972547215706018,0.9135029670410468,0.9135029670410468,0.0,0,1,0.0235110321157227,0.1790566259535986,,-1,,,0
ct_w3_i5,3,evaluation,width3,1024,19,sampled_star_fisher,47,0,,1.0000218073942817,0.1313050103033635,199,203776,259,,0.6883686336352997,47,0.0,1.0000218073942817,1.6954393404090094e-19,0.6003079835286304,1.0,6,1,6.169684322049294e-06,4.698742498702087e-05,,-1,,,0
ct_w3_i5,3,evaluation,width3,1024,19,sampled_full_fisher,47,1,7.0,0.0703952000007142,0.1313050103033635,7,7168,1128,,0.8406317783363035,47,0.0,0.0703952000007142,0.9363867206162386,0.9363867206162386,0.0,0,1,0.038731291005891,0.2949719200844453,,-1,,,0
ct_w3_i5,3,evaluation,width3,1024,19,protected_ray_star,47,1,6.0,0.0777974255570761,0.1313050103033635,6,6144,259,,0.9802319521469368,47,0.0,0.0777974255570761,0.9248174155795906,0.9248174155795906,0.0,0,1,0.0291722115365559,0.2221713510334245,,-1,,,0
ct_w3_i5,3,evaluation,width3,1024,42,sampled_adam,47,1,64.0,0.0901724094098828,0.1735435628361471,64,65536,94,,0.2095846992103798,47,0.0,0.0901724094098828,0.9176638401569296,0.9176638401569296,0.0,0,1,0.0279501937536953,0.1610557792920545,,-1,,,0
ct_w3_i5,3,evaluation,width3,1024,42,sampled_star_fisher,47,1,5.0,0.0107709730472862,0.1735435628361471,5,5120,259,,0.6592375869905087,47,0.0,0.0107709730472862,0.9903478944017516,0.9903478944017516,0.0,0,1,0.0040087293708355,0.0230992685947126,,-1,,,0
ct_w3_i5,3,evaluation,width3,1024,42,sampled_full_fisher,47,1,7.0,0.0626146392676076,0.1735435628361471,7,7168,1128,,0.9057018541040311,47,0.0,0.0626146392676076,0.9427612382061747,0.9427612382061747,0.0,0,1,0.0300956861622995,0.1734186256779495,,-1,,,0
ct_w3_i5,3,evaluation,width3,1024,42,protected_ray_star,47,1,7.0,0.0676061902849465,0.1735435628361471,7,7168,259,,0.9780652351821744,47,0.0,0.0676061902849465,0.9343221675896862,0.9343221675896862,0.0,0,1,0.0312149732486267,0.1798682286942484,,-1,,,0
ct_w3_i5,3,evaluation,width3,1024,50,sampled_adam,47,0,,1.008135673108967,0.1765966468203279,199,203776,94,,0.2357833796261035,47,0.0,1.008135673108967,3.167501766028066e-10,0.9528755268910384,1.0,6,1,0.0016196967419652,0.0091717298778226,6033099380.210055,47,1.2655850662840015e-10,0.7635400479001111,1
ct_w3_i5,3,evaluation,width3,1024,50,sampled_star_fisher,47,1,6.0,0.0503988148766474,0.1765966468203279,6,6144,259,,0.5699993674594054,47,0.0,0.0503988148766474,0.956491821368152,0.956491821368152,0.0,0,1,0.0192334446766322,0.1089117207089478,,-1,,,0
ct_w3_i5,3,evaluation,width3,1024,50,sampled_full_fisher,47,1,7.0,0.069264492281853,0.1765966468203279,7,7168,1128,,0.8664305481343962,47,0.0,0.069264492281853,0.9390287498506414,0.9390287498506414,0.0,0,1,0.043726854894282,0.2476086362997051,,-1,,,0
ct_w3_i5,3,evaluation,width3,1024,50,protected_ray_star,47,1,6.0,0.0946820795371277,0.1765966468203279,6,6144,259,,0.97895288463575,47,0.0,0.0946820795371277,0.910623440527192,0.910623440527192,0.0,0,1,0.0489892388149854,0.2774075255507417,,-1,,,0
ct_w3_i5,3,evaluation,width3,1024,101,sampled_adam,47,0,,1.0086671152740116,0.2689191207920027,199,203776,94,,0.2619812534490743,47,0.0,1.0086671152740116,1.8171548827643617e-15,0.9920639348165886,1.0,8,1,0.0018206390767477,0.0067702105799906,71336457.96296053,47,3.410765964695813e-10,0.0243311962862019,1
ct_w3_i5,3,evaluation,width3,1024,101,sampled_star_fisher,47,0,,1.000045172027102,0.2689191207920027,199,203776,259,,0.356333343440986,47,0.0,1.000045172027102,5.642717898983528e-19,0.9900473476295222,1.0,8,1,1.1617839507001732e-05,4.320198382616173e-05,270054828208.82703,46,1.0183287655267878e-12,0.2750045998344436,1
ct_w3_i5,3,evaluation,width3,1024,101,sampled_full_fisher,47,1,15.0,0.0421798323448001,0.2689191207920027,15,15360,1128,,0.7797554130693638,47,0.0,0.0421798323448001,0.958484770903225,0.958484770903225,0.0,0,1,0.0491987379151721,0.1829499433520208,,-1,,,0
ct_w3_i5,3,evaluation,width3,1024,101,protected_ray_star,47,1,13.0,0.0641452274427791,0.2689191207920027,13,13312,259,,0.9812696568902995,47,0.0,0.0641452274427791,0.9359904110390062,0.9359904110390062,0.0,0,1,0.0704118384440931,0.2618327705249106,,-1,,,0
ct_w3_i5,3,evaluation,width3,256,0,sampled_adam,47,1,41.0,0.0989610065372534,0.2345464228600067,41,10496,94,,0.3667737795813866,47,0.0,0.0989610065372534,0.913616161868818,0.913616161868818,0.0,0,1,0.0231215610311368,0.0985798919855509,,-1,,,0
ct_w3_i5,3,evaluation,width3,256,0,sampled_diagonal_fisher,47,1,3.0,0.0248921625937477,0.2345464228600067,3,768,47,,0.3423411459614391,47,0.0,0.0248921625937477,0.9763440772095898,0.9763440772095898,0.0,0,1,0.0087749153812384,0.0374122754644436,,-1,,,0
ct_w3_i5,3,evaluation,width3,256,0,sampled_two_block_fisher,47,1,4.0,0.0237543168434388,0.2345464228600067,4,1024,632,,0.5664305709010017,47,0.0,0.0237543168434388,0.979153862735011,0.979153862735011,0.0,0,1,0.0063883681994084,0.0272371163094711,,-1,,,0
ct_w3_i5,3,evaluation,width3,256,0,sampled_star_fisher,47,1,3.0,0.0690993890974294,0.2345464228600067,3,768,259,,0.570621138531978,47,0.0,0.0690993890974294,0.9352873044996948,0.9352873044996948,0.0,0,1,0.0187979996629379,0.0801461793094915,,-1,,,0
ct_w3_i5,3,evaluation,width3,256,0,sampled_full_fisher,47,1,6.0,0.0481088734855124,0.2345464228600067,6,1536,1128,,0.798315563798364,47,0.0,0.0481088734855124,0.9584892010495591,0.9584892010495591,0.0,0,1,0.0183790657848356,0.0783600344900828,,-1,,,0
ct_w3_i5,3,evaluation,width3,256,0,protected_ray_star,47,1,5.0,0.0902735691934299,0.2345464228600067,5,1280,259,,0.9771775342897536,47,0.0,0.0902735691934299,0.914427156602528,0.914427156602528,0.0,0,1,0.0299472038536511,0.1276813497664201,,-1,,,0
ct_w3_i5,3,evaluation,width3,256,19,sampled_adam,47,1,47.0,0.0970455494964106,0.1313050103033635,47,12032,94,,0.2881798883760147,46,0.0,0.0970455494964106,0.9132064206077308,0.9132064206077308,0.0,0,1,0.022966575495759,0.1749101229473095,,-1,,,0
ct_w3_i5,3,evaluation,width3,256,19,sampled_diagonal_fisher,47,1,5.0,0.03893147874453,0.1313050103033635,5,1280,47,,0.394296569300143,46,0.0,0.03893147874453,0.9621103323634412,0.9621103323634412,0.0,0,1,0.0147777975332894,0.1125455723216289,,-1,,,0
ct_w3_i5,3,evaluation,width3,256,19,sampled_two_block_fisher,47,1,13.0,0.046099915474608,0.1313050103033635,13,3328,632,,0.526301210774583,46,0.0,0.046099915474608,0.956164676425473,0.956164676425473,0.0,0,1,0.0242101803997232,0.1843812383380398,,-1,,,0
ct_w3_i5,3,evaluation,width3,256,19,sampled_star_fisher,47,1,5.0,0.0867518654382557,0.1313050103033635,5,1280,259,,0.7371244372602255,46,0.0,0.0867518654382557,0.9172954872899188,0.9172954872899188,0.0,0,1,0.0315694236623006,0.2404281724616866,,-1,,,0
ct_w3_i5,3,evaluation,width3,256,19,sampled_full_fisher,47,1,8.0,0.055545523540653,0.1313050103033635,8,2048,1128,,0.9106422127048548,46,0.0,0.055545523540653,0.9548234423641464,0.9548234423641464,0.0,0,1,0.0277918394070946,0.2116586362004399,,-1,,,0
ct_w3_i5,3,evaluation,width3,256,19,protected_ray_star,47,1,7.0,0.0667180319930142,0.1313050103033635,7,1792,259,,0.9794883200624808,46,0.0,0.0667180319930142,0.9351443740131858,0.9351443740131858,0.0,0,1,0.0265330702285104,0.2020720318836968,,-1,,,0
ct_w3_i5,3,evaluation,width3,256,42,sampled_adam,47,1,91.0,0.0868752446844816,0.1735435628361471,91,23296,94,,0.2095850680293297,46,0.0,0.0868752446844816,0.920574377485752,0.920574377485752,0.0,0,1,0.029235799918132,0.168463753079308,,-1,,,0
ct_w3_i5,3,evaluation,width3,256,42,sampled_diagonal_fisher,47,1,5.0,0.0371072912591134,0.1735435628361471,5,1280,47,,0.3318591085797172,46,0.0,0.0371072912591134,0.96961674798554,0.96961674798554,0.0,0,1,0.0145130770610242,0.0836278616379849,,-1,,,0
ct_w3_i5,3,evaluation,width3,256,42,sampled_two_block_fisher,47,1,6.0,0.0931362727374729,0.1735435628361471,6,1536,632,,0.5086100561116225,46,0.0,0.0931362727374729,0.9189064702294256,0.9189064702294256,0.0,0,1,0.0451995687206393,0.2604508515439144,,-1,,,0
ct_w3_i5,3,evaluation,width3,256,42,sampled_star_fisher,47,1,6.0,0.0146673149155045,0.1735435628361471,6,1536,259,,0.6131407703115873,46,0.0,0.0146673149155045,0.9875909069749552,0.9875909069749552,0.0,0,1,0.0044552444346733,0.0256721964321995,,-1,,,0
ct_w3_i5,3,evaluation,width3,256,42,sampled_full_fisher,47,1,8.0,0.0555655708811393,0.1735435628361471,8,2048,1128,,0.8358207356960324,46,0.0,0.0555655708811393,0.9524975200899622,0.9524975200899622,0.0,0,1,0.0254753048657764,0.1467948706909354,,-1,,,0
ct_w3_i5,3,evaluation,width3,256,42,protected_ray_star,47,1,8.0,0.077331354822018,0.1735435628361471,8,2048,259,,0.978314817246042,46,0.0,0.077331354822018,0.9248440245952326,0.9248440245952326,0.0,0,1,0.0374029764742769,0.215525000541745,,-1,,,0
ct_w3_i5,3,evaluation,width3,256,50,sampled_adam,47,0,,1.0088560233239203,0.1765966468203279,199,50944,94,,0.2357831811456267,45,0.0,1.0088560233239203,7.194725303162112e-10,0.9188506126996204,1.0,6,1,0.00175500898652,0.0099379519267184,5197496071.513903,47,2.598700379726288e-10,1.350673501466907,1
ct_w3_i5,3,evaluation,width3,256,50,sampled_diagonal_fisher,47,0,,1.000049812703967,0.1765966468203279,199,50944,47,,0.4021121138897501,45,0.0,1.000049812703967,5.57837130549466e-18,0.9502325060918764,1.0,6,1,1.6371671197820915e-05,9.27065801791678e-05,123110928142.15327,37,7.674345846830724e-12,0.9447958400872098,1
ct_w3_i5,3,evaluation,width3,256,50,sampled_two_block_fisher,47,1,7.0,0.032915639539544,0.1765966468203279,7,1792,632,,0.5575619707906142,45,0.0,0.032915639539544,0.9705616468436647,0.9705616468436647,0.0,0,1,0.0182624957536693,0.103413604292554,,-1,,,0
ct_w3_i5,3,evaluation,width3,256,50,sampled_star_fisher,47,0,,1.0000919434644917,0.1765966468203279,199,50944,259,,0.3873948223366234,45,0.0,1.0000919434644917,1.2722633713434375e-11,0.9547036138852262,1.0,5,1,2.032040170698658e-05,0.0001150667471487,404595661221.3192,46,2.9877339157247536e-12,1.208824179186018,1
ct_w3_i5,3,evaluation,width3,256,50,sampled_full_fisher,47,1,7.0,0.0723820885179371,0.1765966468203279,7,1792,1128,,0.72166459440172,45,0.0,0.0723820885179371,0.9354896943376408,0.9354896943376408,0.0,0,1,0.0444070750607464,0.2514604657580322,,-1,,,0
ct_w3_i5,3,evaluation,width3,256,50,protected_ray_star,47,1,6.0,0.0813080202331217,0.1765966468203279,6,1536,259,,0.979170931067846,45,0.0,0.0813080202331217,0.9230594153503832,0.9230594153503832,0.0,0,1,0.0399435454107634,0.2261851860154658,,-1,,,0
ct_w3_i5,3,evaluation,width3,256,101,sampled_adam,47,0,,1.0094736025050803,0.2689191207920027,199,50944,94,,0.2619810470385693,39,0.0,1.0094736025050803,3.027540771027859e-15,0.9912548408686688,1.0,8,1,0.0020443024767022,0.0076019231011967,39443458.42724308,47,7.148811504547621e-10,0.0281973849383821,1
ct_w3_i5,3,evaluation,width3,256,101,sampled_diagonal_fisher,47,0,,1.0000590895268378,0.2689191207920027,199,50944,47,,0.2852254045316484,39,0.0,1.0000590895268378,1.0102428056551454e-28,0.9999504778759022,1.0,8,1,1.78439406343234e-05,6.635430229643252e-05,984525868779.3173,43,2.654917254661168e-16,0.0002613834716682,1
ct_w3_i5,3,evaluation,width3,256,101,sampled_two_block_fisher,47,0,,1.000104972622049,0.2689191207920027,199,50944,632,,0.3202860566551783,39,0.0,1.000104972622049,2.2703149620361665e-23,0.9999278526196632,1.0,8,1,2.913921680968329e-05,0.0001083568052872,20982211406.42656,47,1.5672963240048014e-14,0.0003288534280678,1
ct_w3_i5,3,evaluation,width3,256,101,sampled_star_fisher,47,0,,1.0001421079776591,0.2689191207920027,199,50944,259,,0.380375536777326,39,0.0,1.0001421079776591,1.767675550549766e-17,0.9845793601353668,1.0,8,1,4.7769154792758096e-05,0.000177633909601,266565722746.26385,46,1.5842116179676789e-12,0.4222965149265822,1
ct_w3_i5,3,evaluation,width3,256,101,sampled_full_fisher,47,0,,1.00019144735289,0.2689191207919012,199,50944,1128,,0.5659106495579382,39,0.0,1.00019144735289,3.3927523519410347e-14,0.9126284610006996,1.0,8,1,4.630344962492939e-05,0.000172183552767,138279954139.2372,47,1.4296235177974384e-11,1.976882744774048,1
ct_w3_i5,3,evaluation,width3,256,101,protected_ray_star,47,1,11.0,0.068048799025485,0.2689191207919012,11,2816,259,,0.9811436254851832,39,0.0,0.068048799025485,0.9323223079444664,0.9323223079444664,0.0,0,1,0.0619170817430559,0.2302442517316182,,-1,,,0
ct_w3_i5,3,evaluation,width3,64,0,sampled_adam,47,1,54.0,0.0964969612787793,0.2345464228600067,54,3456,94,,0.3405756174084036,42,0.0,0.0964969612787793,0.914358099672702,0.914358099672702,0.0,0,1,0.0226684616829215,0.0966480810344808,,-1,,,0
ct_w3_i5,3,evaluation,width3,64,0,sampled_star_fisher,47,1,11.0,0.0231657139095275,0.2345464228600067,11,704,259,,0.2907376764001751,42,0.0,0.0231657139095275,0.9781280331236064,0.9781280331236064,0.0,0,1,0.0071750087549404,0.030590996304484,,-1,,,0
ct_w3_i5,3,evaluation,width3,64,0,sampled_full_fisher,47,1,7.0,0.0645365604617165,0.2345464228600067,7,448,1128,,0.5411741390074499,42,0.0,0.0645365604617165,0.9505323175168676,0.9505323175168676,0.0,0,1,0.0206188217198593,0.0879093420758161,,-1,,,0
ct_w3_i5,3,evaluation,width3,64,0,protected_ray_star,47,1,8.0,0.0650393918633316,0.2345464228600067,8,512,259,,0.9782613298901006,42,0.0,0.0650393918633316,0.9365932172393472,0.9365932172393472,0.0,0,1,0.0278458192501038,0.1187219950343224,,-1,,,0
ct_w3_i5,3,evaluation,width3,64,19,sampled_adam,47,1,58.0,0.0999775016460731,0.1313050103033635,58,3712,94,,0.1721288617388222,38,0.0,0.0999775016460731,0.9106723930218138,0.9106723930218138,0.0,0,1,0.0235310801891981,0.1792093091865468,,-1,,,0
ct_w3_i5,3,evaluation,width3,64,19,sampled_star_fisher,47,1,5.0,0.0658836883218398,0.1313050103033635,5,320,259,,0.6265594884002629,38,0.0,0.0658836883218398,0.9374135237411084,0.9374135237411084,0.0,0,1,0.0191985566871931,0.1462134357465669,,-1,,,0
ct_w3_i5,3,evaluation,width3,64,19,sampled_full_fisher,47,1,8.0,0.0665143343101259,0.1313050103033635,8,512,1128,,0.5405398265916167,38,0.0,0.0665143343101259,0.9418724289275612,0.9418724289275612,0.0,0,1,0.0245329295857488,0.1868392495386779,,-1,,,0
ct_w3_i5,3,evaluation,width3,64,19,protected_ray_star,47,1,9.0,0.0778464146747843,0.1313050103033635,9,576,259,,0.979992731406154,38,0.0,0.0778464146747843,0.9244081654390316,0.9244081654390316,0.0,0,1,0.038823433422947,0.2956736634287635,,-1,,,0
ct_w3_i5,3,evaluation,width3,64,42,sampled_adam,47,0,,1.014233167946582,0.1735435628361471,199,12736,94,,0.0523963979457773,42,0.0,1.014233167946582,3.5145750410601255e-13,0.9459171879628814,1.0,7,1,0.0029707649098379,0.0171182662225438,65681583.18578732,47,7.885253818356564e-09,0.5179159546114338,1
ct_w3_i5,3,evaluation,width3,64,42,sampled_star_fisher,47,0,,1.0003248667328482,0.1735435628361471,199,12736,259,,0.4675247498474297,42,0.0,1.0003248667328482,3.0589642417546258e-15,0.5453769043719358,1.0,7,1,7.982900785282199e-05,0.00045999405883,,-1,,,0
ct_w3_i5,3,evaluation,width3,64,42,sampled_full_fisher,47,0,,1.0004995251631357,0.1735435628361471,199,12736,1128,,0.645303771661423,42,0.0,1.0004995251631357,1.630870872790954e-14,0.312645491922856,1.0,8,1,0.0001114549595724,0.0006422304449153,,-1,,,0
ct_w3_i5,3,evaluation,width3,64,42,protected_ray_star,47,1,11.0,0.0640282832112344,0.1735435628361471,11,704,259,,0.978147750707704,42,0.0,0.0640282832112344,0.9363726774159846,0.9363726774159846,0.0,0,1,0.0543111772511132,0.3129541445590331,,-1,,,0
ct_w3_i5,3,evaluation,width3,64,50,sampled_adam,47,0,,1.012241452485279,0.1765966468203279,199,12736,94,,0.288179441851425,37,0.0,1.012241452485279,5.181363113300539e-09,0.9453628523862272,1.0,6,1,0.0024240858312786,0.0137266809700238,698029222.2186772,47,1.1910323573173186e-09,0.8313753900154854,1
ct_w3_i5,3,evaluation,width3,64,50,sampled_star_fisher,47,1,4.0,0.0240023558740496,0.1765966468203279,4,256,259,,0.4468924745216,37,0.0,0.0240023558740496,0.9806540031203818,0.9806540031203818,0.0,0,1,0.0064701242815855,0.036637865996223,,-1,,,0
ct_w3_i5,3,evaluation,width3,64,50,sampled_full_fisher,47,1,9.0,0.0836996328975612,0.1765966468203279,9,576,1128,,0.3200906641132425,37,0.0,0.0836996328975612,0.9242783773679888,0.9242783773679888,0.0,0,1,0.0338018014466817,0.1914068135227515,,-1,,,0
ct_w3_i5,3,evaluation,width3,64,50,protected_ray_star,47,1,6.0,0.0763904446022873,0.1765966468203279,6,384,259,,0.9797370770385266,37,0.0,0.0763904446022873,0.928035942955818,0.928035942955818,0.0,0,1,0.0346100139171748,0.195983414976093,,-1,,,0
ct_w3_i5,3,evaluation,width3,64,101,sampled_adam,47,0,,1.0099854498444607,0.2689191207920027,199,12736,94,,0.2250915326077718,23,0.0,1.0099854498444607,4.490748741203733e-15,0.9909935044086716,1.0,8,1,0.0020847077371226,0.0077521737055472,33055475.01355165,47,7.302637650097552e-10,0.0241392156375821,1
ct_w3_i5,3,evaluation,width3,64,101,sampled_star_fisher,47,0,,1.00024927117353,0.2689191207920027,199,12736,259,,0.0350756781260717,23,0.0,1.00024927117353,7.114842732976957e-21,0.999761128679312,1.0,8,1,5.880722939689935e-05,0.0002186799853565,945339245.1858492,47,9.403070729906765e-13,0.0008889091786239,1
ct_w3_i5,3,evaluation,width3,64,101,sampled_full_fisher,47,0,,1.0012584409281082,0.2689191207920027,199,12736,1128,,0.3415339939112578,23,0.0,1.0012584409281082,1.2214797554423151e-14,0.9073175266769796,1.0,8,1,0.000463197760532,0.0017224426406267,29408281489.037483,47,7.938431368650683e-11,2.334556242706844,1
ct_w3_i5,3,evaluation,width3,64,101,protected_ray_star,47,1,10.0,0.0710838235248445,0.2689191207920027,10,640,259,,0.9795301464927212,23,0.0,0.0710838235248445,0.9299402196795296,0.9299402196795296,0.0,0,1,0.0461471038409034,0.1716021668708198,,-1,,,0
ct_w4_i1,4,calibration,chain,256,0,sampled_adam,31,0,,3.023405843803907,0.2866452604751973,199,50944,62,,-0.4954336954896792,26,2.3586916448639537,3.023405843803907,5.0062728256702746e-17,0.9482127561671112,3.0,7,1,0.0061688664971753,0.0215209087600075,23166.38020650896,31,8.43962049086562e-06,0.1955154570900367,1
ct_w4_i1,4,calibration,chain,256,0,sampled_diagonal_fisher,31,0,,3.000159302929079,0.2866452604751973,199,50944,31,,-0.6604399786978548,26,2.3586916448639537,3.000159302929079,2.5302517168633286e-26,0.9707115977934596,3.0,6,1,6.056132645122145e-05,0.0002112762176874,33674161.17338898,31,8.863155313036604e-09,0.2984593205159734,1
ct_w4_i1,4,calibration,chain,256,0,sampled_two_block_fisher,31,0,,1.0001615058067015,0.2866452604751973,199,50944,256,,-0.7031115203082532,26,2.3586916448639537,1.0001615058067015,2.6784706730761098e-21,0.6841883643788229,1.0,5,1,4.6331238202565936e-05,0.0001616326679386,,-1,,,0
ct_w4_i1,4,calibration,chain,256,0,sampled_star_fisher,31,0,,3.0000697234828437,0.2866452604751973,199,50944,90,,-0.3691761132107058,26,2.3586916448639537,3.0000697234828437,1.0886756433334371e-28,0.8405041855485171,3.0,6,1,1.8239402469117027e-05,6.363057403733084e-05,,-1,,,0
ct_w4_i1,4,calibration,chain,256,0,sampled_full_fisher,31,0,,2.0001911706650866,0.2866452604751973,199,50944,496,,-0.7289307579009515,26,2.3586916448639537,2.0001911706650866,2.304005065731707e-18,0.6111959018992813,2.0,5,1,5.096347997457151e-05,0.0001777928575901,,-1,,,0
ct_w4_i1,4,calibration,chain,256,0,protected_ray_star,31,0,,2.729592183224716,0.2866452604751973,199,50944,90,,-0.9822867673761864,26,2.3586916448639537,3.753654403046035,0.1436101842922649,0.1436101842922649,0.0,0,1,0.6397652488549695,2.231905902767671,,-1,,,0
ct_w4_i1,4,calibration,chain,256,19,sampled_adam,31,0,,3.02797579931476,0.3555620592653763,199,50944,62,,-0.6317854123822301,30,2.15234728386261,3.02797579931476,6.114485496422344e-17,0.8954419170401262,3.0,7,1,0.0071319651037829,0.0200582849545821,,-1,,,0
ct_w4_i1,4,calibration,chain,256,19,sampled_diagonal_fisher,31,0,,3.0001282570764456,0.3555620592653763,199,50944,31,,-0.7887040150176875,30,2.15234728386261,3.0001282570764456,2.6429955656732806e-28,0.6098882446157375,3.0,7,1,3.775337631268842e-05,0.0001061794286788,,-1,,,0
ct_w4_i1,4,calibration,chain,256,19,sampled_two_block_fisher,31,0,,3.00007948844576,0.3555620592653763,199,50944,256,,-0.8554776153534658,30,2.15234728386261,3.00007948844576,1.5415365396274145e-29,0.4695361937303272,3.0,8,0,2.4237071842344135e-05,6.816551769449233e-05,,-1,,,0
ct_w4_i1,4,calibration,chain,256,19,sampled_star_fisher,31,0,,3.000062925104256,0.3555620592653763,199,50944,90,,-0.558975159452775,30,2.15234728386261,3.000062925104256,5.512164252559564e-33,0.6160488593445502,3.0,7,1,1.811219356911373e-05,5.093961264184141e-05,,-1,,,0
ct_w4_i1,4,calibration,chain,256,19,sampled_full_fisher,31,0,,1.0001265266708046,0.3555620592653763,199,50944,496,,-0.8688380572245531,30,2.15234728386261,1.0001265266708046,7.394702086601269e-37,0.9982643951169924,1.0,10,1,3.365420525391966e-05,9.465072095558318e-05,58502375.5350584,31,3.387470350681773e-10,0.0198175062569461,1
ct_w4_i1,4,calibration,chain,256,19,protected_ray_star,31,0,,2.401180970368649,0.3555620592653763,199,50944,90,,-0.978500991013016,30,2.15234728386261,2.512123340824461,7.036845097426103e-07,0.2021591528187569,1.0,5,1,0.2543825060760774,0.7154377117785145,,-1,,,0
ct_w4_i1,4,calibration,chain,256,42,sampled_adam,31,0,,2.037223996459188,0.2898858556434557,199,50944,62,,-0.5504818665716347,26,2.344491107416521,2.037223996459188,2.4737399409267835e-16,0.969966937072041,2.0,6,1,0.0088102627767061,0.0303921788703698,1020.7823975125868,31,6.929686501458987e-05,0.0707370200096991,1
ct_w4_i1,4,calibration,chain,256,42,sampled_diagonal_fisher,31,0,,2.000034850145852,0.2898858556434557,199,50944,31,,-0.6106253887684117,26,2.344491107416521,2.000034850145852,2.0304180669088262e-30,0.9961320800315318,2.0,6,1,1.0284538854958343e-05,3.547789122766921e-05,48225151.74925134,31,6.805470157892168e-10,0.0328194831089351,1
ct_w4_i1,4,calibration,chain,256,42,sampled_two_block_fisher,31,0,,2.0000764130227378,0.2898858556434557,199,50944,256,,-0.6897331798608206,26,2.344491107416521,2.0000764130227378,2.3875347777124957e-27,0.7547914108598122,2.0,6,1,2.69725289265368e-05,9.304534319781224e-05,,-1,,,0
ct_w4_i1,4,calibration,chain,256,42,sampled_star_fisher,31,0,,1.0001586758889758,0.2898858556434557,199,50944,90,,-0.1897089285348526,26,2.344491107416521,1.0001586758889758,3.713492623725338e-28,0.9999145460920832,1.0,6,1,4.634160419318772e-05,0.0001598615568542,24053.094105552627,31,1.3666523303814502e-08,0.0003287221711223,1
ct_w4_i1,4,calibration,chain,256,42,sampled_full_fisher,31,0,,2.0002077556601883,0.2898858556434557,199,50944,496,,-0.6517819770622737,26,2.344491107416521,2.0002077556601883,2.0390420276015042e-30,0.6219732147169401,2.0,8,1,5.955713763756148e-05,0.0002054503056224,,-1,,,0
ct_w4_i1,4,calibration,chain,256,42,protected_ray_star,31,0,,3.19461242112652,0.2898858556434557,199,50944,90,,-0.9809637857833876,26,2.344491107416521,5.463828491639877,1.1018513756557922e-09,0.0244211357750992,8.0,6,0,0.3273490918594485,1.1292344399930658,,-1,,,0
ct_w4_i1,4,calibration,chain,256,50,sampled_adam,31,0,,2.0259698986480874,0.3423364488561899,199,50944,62,,-0.4403855091138304,27,2.302863396640471,2.0259698986480874,1.2262876363378058e-16,0.7286630492110452,2.0,8,1,0.0063737303422733,0.0186183223071022,,-1,,,0
ct_w4_i1,4,calibration,chain,256,50,sampled_diagonal_fisher,31,0,,2.0000865103390133,0.3423364488561899,199,50944,31,,-0.3949732119972626,27,2.302863396640471,2.0000865103390133,2.2920250059220526e-29,0.729248248233957,2.0,8,1,2.662019468510034e-05,7.776032839635799e-05,,-1,,,0
ct_w4_i1,4,calibration,chain,256,50,sampled_two_block_fisher,31,0,,2.000173961449152,0.3423364488561899,199,50944,256,,-0.5772708143806702,27,2.302863396640471,2.000173961449152,2.9364980851035858e-27,0.6511829227089915,2.0,8,1,5.388440658795352e-05,0.0001574018973673,,-1,,,0
ct_w4_i1,4,calibration,chain,256,50,sampled_star_fisher,31,0,,2.0001150234764395,0.3423364488561899,199,50944,90,,-0.0802655916113246,27,2.302863396640471,2.0001150234764395,1.3709214144453971e-27,0.7863285454492934,2.0,8,1,3.253276308637861e-05,9.503154921153343e-05,,-1,,,0
ct_w4_i1,4,calibration,chain,256,50,sampled_full_fisher,31,0,,2.0001571758956693,0.3423364488561899,199,50944,496,,-0.6068791383454266,27,2.302863396640471,2.0001571758956693,7.236311325433697e-20,0.8942558294156926,2.0,7,1,4.0984769991670304e-05,0.0001197207312531,,-1,,,0
ct_w4_i1,4,calibration,chain,256,50,protected_ray_star,31,0,,2.830418039218145,0.3423364488561899,199,50944,90,,-0.9813666939136068,27,2.302863396640471,3.2497035708449022,1.1416992679908594e-06,0.1027457409115642,1.0,4,1,0.3094424727724156,0.9039133104474292,,-1,,,0
ct_w4_i1,4,calibration,chain,256,101,sampled_adam,31,0,,2.0392807376723248,0.3664347328124789,199,50944,62,,-0.5504818533773057,26,2.2030615460820173,2.0392807376723248,7.631678138215848e-15,0.657340746343126,2.0,5,1,0.0085053936073268,0.0232112101984597,,-1,,,0
ct_w4_i1,4,calibration,chain,256,101,sampled_diagonal_fisher,31,0,,2.000148115319988,0.3664347328124789,199,50944,31,,-0.6106821272338578,26,2.2030615460820173,2.000148115319988,1.844259820268431e-27,0.8257190371938872,2.0,6,1,6.452315416228926e-05,0.0001760836197678,,-1,,,0
ct_w4_i1,4,calibration,chain,256,101,sampled_two_block_fisher,31,0,,2.00007225911945,0.3664347328124789,199,50944,256,,-0.673577343658742,26,2.2030615460820173,2.00007225911945,3.2185544478767527e-15,0.3329627321125997,2.0,5,1,2.171722478708752e-05,5.9266283576347535e-05,,-1,,,0
ct_w4_i1,4,calibration,chain,256,101,sampled_star_fisher,31,0,,3.000126655240185,0.3664347328124789,199,50944,90,,-0.2521258272697391,26,2.2030615460820173,3.0001645923216245,7.397344282049172e-30,0.4880195966356845,3.0,9,0,7.150696436736296e-05,0.0001951424304637,,-1,,,0
ct_w4_i1,4,calibration,chain,256,101,sampled_full_fisher,31,1,25.0,0.0967899110874128,0.3664347328124903,25,6400,496,,-0.5929531344229285,26,2.2030615460820173,0.0967899110874128,0.904575783927594,0.904575783927594,0.0,0,1,0.0531495011159239,0.145044932580453,,-1,,,0
ct_w4_i1,4,calibration,chain,256,101,protected_ray_star,31,0,,2.6053569488812425,0.3664347328124903,199,50944,90,,-0.9814942342469228,26,2.2030615460820173,4.237287947896859,9.680146956119773e-06,0.0428846343702863,2.0,5,0,0.3524100485977631,0.9617266515456006,,-1,,,0
ct_w4_i1,4,calibration,problem_tree,256,0,sampled_adam,31,1,69.0,0.0982493979626024,0.3164325108784996,69,17664,62,,0.2601705859248906,28,0.9795762748838842,0.0982493979626024,0.9437529116355884,0.9437529116355884,0.0,0,1,0.0241185561953214,0.0762202218993301,,-1,,,0
ct_w4_i1,4,calibration,problem_tree,256,0,sampled_diagonal_fisher,31,1,3.0,0.0293353140702805,0.3164325108784996,3,768,31,,0.2647234714724883,28,0.9795762748838842,0.0293353140702805,0.9800544297686596,0.9800544297686596,0.0,0,1,0.0088011186511436,0.0278135727163731,,-1,,,0
ct_w4_i1,4,calibration,problem_tree,256,0,sampled_two_block_fisher,31,1,3.0,0.0210863380387831,0.3164325108784996,3,768,256,,-0.1380318865695595,28,0.9795762748838842,0.0210863380387831,0.9851408362678904,0.9851408362678904,0.0,0,1,0.0047137096929242,0.0148964140247087,,-1,,,0
ct_w4_i1,4,calibration,problem_tree,256,0,sampled_star_fisher,31,1,3.0,0.0181425682086153,0.3164325108784996,3,768,95,,0.5159607681811977,28,0.9795762748838842,0.0181425682086153,0.9885989229507196,0.9885989229507196,0.0,0,1,0.0046726409948042,0.0147666274297535,,-1,,,0
ct_w4_i1,4,calibration,problem_tree,256,0,sampled_full_fisher,31,1,4.0,0.0924970449720046,0.3164325108784996,4,1024,496,,0.4059486136029603,28,0.9795762748838842,0.0924970449720046,0.9469543868125034,0.9469543868125034,0.0,0,1,0.0294229609266799,0.0929833690128554,,-1,,,0
ct_w4_i1,4,calibration,problem_tree,256,0,protected_ray_star,31,0,,2.001137716115112,0.3164325108784996,199,50944,95,,0.9652901880297526,28,0.9795762748838842,2.003968731442301,1.2317200256982094e-06,0.9960404528189442,2.0,2,0,0.0013984178852277,0.004419324301872,656191512818.6539,23,2.6576829571248063e-14,0.0174394900022808,1
ct_w4_i1,4,calibration,problem_tree,256,19,sampled_adam,31,0,,1.0244000917919127,0.2915394797950104,199,50944,62,,0.2601711933164731,27,1.0409600208038257,1.0244000917919127,2.8786231460919007e-09,0.9448436056559756,1.0,6,1,0.0057697323972782,0.0197905697071804,357776.0001923938,31,7.149063362816313e-07,0.2557763295070404,1
ct_w4_i1,4,calibration,problem_tree,256,19,sampled_diagonal_fisher,31,0,,1.000047140977964,0.2915394797950104,199,50944,31,,0.2457355506455069,27,1.0409600208038257,1.000047140977964,6.47530567753687e-17,0.8583539301809733,1.0,6,1,1.2726628120093029e-05,4.36531893692116e-05,,-1,,,0
ct_w4_i1,4,calibration,problem_tree,256,19,sampled_two_block_fisher,31,0,,1.000084759813186,0.2915394797950104,199,50944,256,,-0.0132249652675607,27,1.0409600208038257,1.000084759813186,1.810693498710904e-12,0.9900091168132432,1.0,6,1,2.321286702732328e-05,7.962169323909372e-05,711569658.455763,31,1.5246858331162914e-10,0.1084920177522899,1
ct_w4_i1,4,calibration,problem_tree,256,19,sampled_star_fisher,31,0,,1.000101364089936,0.2915394797950104,199,50944,95,,0.4360277667899999,27,1.0409600208038257,1.000101364089936,3.774632489026781e-13,0.980590475790766,1.0,6,1,3.129073418884538e-05,0.0001073293202376,522402476.0900132,31,2.7773871677032753e-10,0.1450913933468819,1
ct_w4_i1,4,calibration,problem_tree,256,19,sampled_full_fisher,31,0,,1.0001238135829702,0.2915394797950104,199,50944,496,,0.3272169015867468,27,1.0409600208038257,1.0001238135829702,3.2705198660991283e-08,0.8390358410132158,1.0,6,1,2.9361164255797043e-05,0.0001007107657475,,-1,,,0
ct_w4_i1,4,calibration,problem_tree,256,19,protected_ray_star,31,0,,2.0006332019649413,0.2915394797950104,199,50944,95,,0.9629932635202144,27,1.0409600208038257,2.0037874060865803,9.901279646459184e-07,0.9962148171178932,2.0,2,0,0.0015606110022224,0.0053530005724087,702648198584.6681,18,3.399651576229791e-14,0.0238875905585339,1
ct_w4_i1,4,calibration,problem_tree,256,42,sampled_adam,31,0,,1.0273785729072369,0.3603257544076837,199,50944,62,,0.097564244492113,28,1.200244106538071,1.0273785729072369,3.787756917468778e-09,0.9608635647025668,1.0,6,1,0.0057914081453343,0.0160727010891976,106714.8090031692,31,7.89807548148976e-07,0.0842841616499793,1
ct_w4_i1,4,calibration,problem_tree,256,42,sampled_diagonal_fisher,31,0,,1.0002036033591608,0.3603257544076837,199,50944,31,,0.3220567393432573,28,1.200244106538071,1.0002036033591608,3.206672220276836e-15,0.8953996952326196,1.0,6,1,6.632436001671154e-05,0.0001840677753543,,-1,,,0
ct_w4_i1,4,calibration,problem_tree,256,42,sampled_two_block_fisher,31,0,,1.0001674299758,0.3603257544076837,199,50944,256,,0.0137110266091679,28,1.200244106538071,1.0001674299758,1.5171839072594474e-14,0.9607973885430338,1.0,6,1,6.395548717966786e-05,0.000177493521896,1032445451.2428952,31,2.91097070522846e-10,0.3005418463314446,1
ct_w4_i1,4,calibration,problem_tree,256,42,sampled_star_fisher,31,0,,1.0001922233840403,0.3603257544076837,199,50944,95,,0.53126753691053,28,1.200244106538071,1.0001922233840403,1.1335451945447891e-14,0.8933367877441726,1.0,6,1,5.330285260275703e-05,0.0001479296218788,,-1,,,0
ct_w4_i1,4,calibration,problem_tree,256,42,sampled_full_fisher,31,0,,1.000143122531462,0.3603257544076837,199,50944,496,,0.5142460627909908,28,1.200244106538071,1.000143122531462,7.205784560740776e-11,0.9009062068435728,1.0,6,1,3.557644916526859e-05,9.87341280218796e-05,7624288899.382214,31,9.349422031264207e-11,0.712826946086072,1
ct_w4_i1,4,calibration,problem_tree,256,42,protected_ray_star,31,0,,2.0006851351005874,0.3603257544076837,199,50944,95,,0.968528336532162,28,1.200244106538071,2.0034604149114106,8.580433261050858e-07,0.9965393644713614,2.0,2,0,0.0013966050329679,0.0038759511799643,718638235.2585638,17,2.944828506345852e-11,0.0211626636093949,1
ct_w4_i1,4,calibration,problem_tree,256,50,sampled_adam,31,1,74.0,0.0985363073935357,0.3554743195064626,74,18944,62,,0.1951283861852209,28,1.072751014267158,0.0985363073935357,0.9399002449453914,0.9399002449453914,0.0,0,1,0.0210495512089021,0.0592153920939411,,-1,,,0
ct_w4_i1,4,calibration,problem_tree,256,50,sampled_diagonal_fisher,31,1,4.0,0.0149061109179768,0.3554743195064626,4,1024,31,,0.3055046966270924,28,1.072751014267158,0.0149061109179768,0.987519927342609,0.987519927342609,0.0,0,1,0.0049683461118424,0.0139766667778995,,-1,,,0
ct_w4_i1,4,calibration,problem_tree,256,50,sampled_two_block_fisher,31,1,4.0,0.0310698038018308,0.3554743195064626,4,1024,256,,-0.0026459720078905,28,1.072751014267158,0.0310698038018308,0.97596071726857,0.97596071726857,0.0,0,1,0.0105291892911908,0.0296201123777647,,-1,,,0
ct_w4_i1,4,calibration,problem_tree,256,50,sampled_star_fisher,31,1,4.0,0.0778199578468079,0.3554743195064626,4,1024,95,,0.5843750263345507,28,1.072751014267158,0.0778199578468079,0.9292753042582944,0.9292753042582944,0.0,0,1,0.0298380135621991,0.0839385911298063,,-1,,,0
ct_w4_i1,4,calibration,problem_tree,256,50,sampled_full_fisher,31,1,5.0,0.0915868227151186,0.3554743195064626,5,1280,496,,0.5121413313948363,28,1.072751014267158,0.0915868227151186,0.9331272928707356,0.9331272928707356,0.0,0,1,0.0436783945047379,0.1228735582513545,,-1,,,0
ct_w4_i1,4,calibration,problem_tree,256,50,protected_ray_star,31,0,,2.0009188100577013,0.3554743195064626,199,50944,95,,0.9735144377179752,28,1.072751014267158,2.004148483619087,1.3323615920302604e-06,0.9958547969704218,2.0,2,0,0.0015352926547977,0.0043189973805403,727233263269.6073,20,2.9777103831846584e-14,0.0216549003903517,1
ct_w4_i1,4,calibration,problem_tree,256,101,sampled_adam,31,1,86.0,0.0990942109527939,0.3064804717459419,86,22016,62,,0.2926923650081079,29,0.9878229422073314,0.0990942109527939,0.9346190572264672,0.9346190572264672,0.0,0,1,0.0254821741988083,0.083144528111833,,-1,,,0
ct_w4_i1,4,calibration,problem_tree,256,101,sampled_diagonal_fisher,31,1,11.0,0.0176328167390042,0.3064804717459419,11,2816,31,,0.2877323386987413,29,0.9878229422073314,0.0176328167390042,0.9913138066928272,0.9913138066928272,0.0,0,1,0.0092770927151373,0.0302697678004999,,-1,,,0
ct_w4_i1,4,calibration,problem_tree,256,101,sampled_two_block_fisher,31,1,7.0,0.0374363427573065,0.3064804717459419,7,1792,256,,-0.137945310441136,29,0.9878229422073314,0.0374363427573065,0.9649442789875708,0.9649442789875708,0.0,0,1,0.0282283591553415,0.092104919424496,,-1,,,0
ct_w4_i1,4,calibration,problem_tree,256,101,sampled_star_fisher,31,1,5.0,0.0541450969177699,0.3064804717459419,5,1280,95,,0.4859956105088198,29,0.9878229422073314,0.0541450969177699,0.966930336982067,0.966930336982067,0.0,0,1,0.0215042523748208,0.0701651633864844,,-1,,,0
ct_w4_i1,4,calibration,problem_tree,256,101,sampled_full_fisher,31,1,7.0,0.0353525897806203,0.3064804717459342,7,1792,496,,0.4626979985818198,29,0.9878229422073314,0.0353525897806203,0.971985294347323,0.971985294347323,0.0,0,1,0.0193063602504414,0.0629937696860699,,-1,,,0
ct_w4_i1,4,calibration,problem_tree,256,101,protected_ray_star,31,0,,2.0006004328375475,0.3064804717459342,199,50944,95,,0.964801030869956,29,0.9878229422073314,2.004874222769642,8.615476209656079e-07,0.9951383058455988,2.0,2,0,0.0017359044461015,0.005663996913776,819235209.6527368,17,2.5812003874495016e-11,0.0211461024056791,1
ct_w4_i1,4,calibration,width2,256,0,sampled_adam,43,0,,1.0129994134789264,0.3439553541592388,199,50944,86,,0.2898251401015302,41,0.8935068981351566,1.0129994134789264,6.874385484769732e-11,0.9755867750937932,1.0,7,1,0.0028067895357609,0.008160330990113,333692478.4437905,43,4.2402342508031976e-10,0.1414934276332768,1
ct_w4_i1,4,calibration,width2,256,0,sampled_diagonal_fisher,43,0,,1.0000442523930584,0.3439553541592388,199,50944,43,,0.3616548156877939,41,0.8935068981351566,1.0000442523930584,9.349334965881323e-20,0.9983489072432936,1.0,7,1,1.651161060082874e-05,4.800509833954923e-05,21748325479.33478,35,1.00422246661623e-12,0.0218401570576301,1
ct_w4_i1,4,calibration,width2,256,0,sampled_two_block_fisher,43,1,10.0,0.0489295357293766,0.3439553541592388,10,2560,514,,0.2908697503878876,41,0.8935068981351566,0.0489295357293766,0.9551830289774356,0.9551830289774356,0.0,0,1,0.0291155953262797,0.0846493446727982,,-1,,,0
ct_w4_i1,4,calibration,width2,256,0,sampled_star_fisher,43,0,,1.0001252933219824,0.3439553541592388,199,50944,211,,0.4902402187667583,41,0.8935068981351566,1.0001252933219824,1.895520800451193e-15,0.8946347470555263,1.0,7,1,3.148759795394616e-05,9.154559617457954e-05,,-1,,,0
ct_w4_i1,4,calibration,width2,256,0,sampled_full_fisher,43,1,11.0,0.0612297491082749,0.3439553541592388,11,2816,946,,0.6541855839029376,41,0.8935068981351566,0.0612297491082749,0.9426841229808194,0.9426841229808194,0.0,0,1,0.0572234668793517,0.1663688795286475,,-1,,,0
ct_w4_i1,4,calibration,width2,256,0,protected_ray_star,43,0,,1.0001747178750549,0.3439553541592388,199,50944,211,,0.9801451393459834,41,0.8935068981351566,1.0008667501990551,5.651586273951015e-07,0.5047826047327989,1.0,7,1,0.0003516407456321,0.0010223441542049,,-1,,,0
ct_w4_i1,4,calibration,width2,256,19,sampled_adam,43,0,,1.0161138012934965,0.3565894856833891,199,50944,86,,0.2371298331462824,40,0.6880788894273686,1.0161138012934965,1.625236363858814e-10,0.9567012103767522,1.0,6,1,0.0039001039305263,0.0109372375998465,89172844.8906003,43,3.748192678901885e-09,0.3342370043758014,1
ct_w4_i1,4,calibration,width2,256,19,sampled_diagonal_fisher,43,0,,1.000028708807731,0.3565894856833891,199,50944,43,,0.3180887698597411,40,0.6880788894273686,1.000028708807731,2.634243534524388e-19,0.9665963618557528,1.0,6,1,6.8741170509780365e-06,1.927739691428106e-05,435882108512.4734,36,8.875534681918155e-13,0.386868677133007,1
ct_w4_i1,4,calibration,width2,256,19,sampled_two_block_fisher,43,0,,1.0001211112311577,0.3565894856833891,199,50944,514,,0.2238625625747536,40,0.6880788894273686,1.0001211112311577,5.415332051172528e-19,0.6223537463606612,1.0,6,1,2.8760609117885636e-05,8.065467511687032e-05,,-1,,,0
ct_w4_i1,4,calibration,width2,256,19,sampled_star_fisher,43,0,,1.0001257063606044,0.3565894856833891,199,50944,211,,0.53433752898452,40,0.6880788894273686,1.0001257063606044,8.769854643206584e-19,0.7320499629847107,1.0,6,1,3.340062550197978e-05,9.366688262826608e-05,,-1,,,0
ct_w4_i1,4,calibration,width2,256,19,sampled_full_fisher,43,0,,1.0002503144554584,0.3565894856833891,199,50944,946,,0.6643772026298406,40,0.6880788894273686,1.0002503144554584,1.8345391560762e-15,0.5262500579782262,1.0,6,1,5.610633576794402e-05,0.0001573415314263,,-1,,,0
ct_w4_i1,4,calibration,width2,256,19,protected_ray_star,43,0,,1.0003705008855874,0.3565894856833891,199,50944,211,,0.9792495726579435,40,0.6880788894273686,1.0025858348836252,1.9427233426717456e-06,0.5042646333668803,1.0,7,1,0.0010550512645939,0.0029587279124958,,-1,,,0
ct_w4_i1,4,calibration,width2,256,42,sampled_adam,43,0,,1.014594267631212,0.2530665647060488,199,50944,86,,0.2634773824555353,40,0.6163811614545519,1.014594267631212,7.577802970552022e-10,0.9729958540672816,1.0,6,1,0.003027987726007,0.0119651828740166,2530782772.159788,43,6.575608266821918e-11,0.1664143611814439,1
ct_w4_i1,4,calibration,width2,256,42,sampled_diagonal_fisher,43,0,,1.000038332351684,0.2530665647060488,199,50944,43,,0.3643832902298364,40,0.6163811614545519,1.000038332351684,5.51523626697344e-17,0.9882652502465632,1.0,6,1,1.984195181818409e-05,7.840605826862841e-05,16866349075.018188,35,9.992152437538729e-12,0.168531131022322,1
ct_w4_i1,4,calibration,width2,256,42,sampled_two_block_fisher,43,0,,1.000039108921051,0.2530665647060488,199,50944,514,,0.3550529459094922,40,0.6163811614545519,1.000039108921051,2.4926484398903757e-16,0.966902904133083,1.0,6,1,1.1704320372154858e-05,4.624996741766377e-05,548233236286.7249,40,6.993777121336818e-13,0.3834221065098537,1
ct_w4_i1,4,calibration,width2,256,42,sampled_star_fisher,43,0,,1.0000913665581983,0.2530665647060488,199,50944,211,,0.4181788150289999,40,0.6163811614545519,1.0000913665581983,2.45430055774776e-16,0.8918713560460483,1.0,6,1,2.754028230627387e-05,0.0001088262384177,,-1,,,0
ct_w4_i1,4,calibration,width2,256,42,sampled_full_fisher,43,1,13.0,0.0764935075232138,0.2530665647060488,13,3328,946,,0.5224998855430524,40,0.6163811614545519,0.0764935075232138,0.929178661026112,0.929178661026112,0.0,0,1,0.066022940376628,0.2608915976447438,,-1,,,0
ct_w4_i1,4,calibration,width2,256,42,protected_ray_star,43,0,,1.0002479077807198,0.2530665647060488,199,50944,211,,0.978925138588271,40,0.6163811614545519,1.0012237976565252,4.92929742922608e-07,0.5022902708125987,1.0,6,1,0.0005108287827558,0.0020185550127855,,-1,,,0
ct_w4_i1,4,calibration,width2,256,50,sampled_adam,43,0,,1.015184712234953,0.2946078580971225,199,50944,86,,0.2898251465754148,42,0.6901630660980589,1.015184712234953,1.108021926913018e-11,0.9732133861938336,1.0,7,1,0.0031439922284861,0.0106717867228432,565716117.6803916,43,2.4541764917975725e-10,0.1388367197042206,1
ct_w4_i1,4,calibration,width2,256,50,sampled_diagonal_fisher,43,0,,1.0000695767842132,0.2946078580971225,199,50944,43,,0.3432376689283895,42,0.6901630660980589,1.0000695767842132,1.3455073076535314e-19,0.99902097471749,1.0,7,1,1.5883080025289943e-05,5.391261498548967e-05,607133575776.0735,38,1.4923743275131954e-14,0.0090607056185949,1
ct_w4_i1,4,calibration,width2,256,50,sampled_two_block_fisher,43,0,,1.000109567657523,0.2946078580971225,199,50944,514,,0.4567839750403729,42,0.6901630660980589,1.000109567657523,2.7197565935781847e-14,0.8891312974096396,1.0,7,1,3.204519762462152e-05,0.0001087723790926,,-1,,,0
ct_w4_i1,4,calibration,width2,256,50,sampled_star_fisher,43,0,,1.0000705156074048,0.2946078580971225,199,50944,211,,0.6098468295965305,42,0.6901630660980589,1.0000705156074048,1.3826914859484533e-18,0.8759451526729495,1.0,7,1,1.896490489126689e-05,6.437338438207844e-05,,-1,,,0
ct_w4_i1,4,calibration,width2,256,50,sampled_full_fisher,43,1,8.0,0.0424009051092397,0.2946078580971225,8,2048,946,,0.7403012687537919,42,0.6901630660980589,0.0424009051092397,0.961796387622528,0.961796387622528,0.0,0,1,0.0358009781669453,0.1215207849450606,,-1,,,0
ct_w4_i1,4,calibration,width2,256,50,protected_ray_star,43,0,,1.0002355263395657,0.2946078580971225,199,50944,211,,0.9777241356220688,42,0.6901630660980589,1.000527735135078,2.427288418767472e-07,0.5008674844090821,1.0,6,1,0.0002165703832326,0.0007351140754746,,-1,,,0
ct_w4_i1,4,calibration,width2,256,101,sampled_adam,43,0,,1.013842864439125,0.2860034504774085,199,50944,86,,0.3688683513683296,38,0.5966547547156341,1.013842864439125,1.2156091890622415e-09,0.9452626375746246,1.0,6,1,0.0031920991229107,0.0111610510907557,1050295350.9400928,43,4.982896008492787e-10,0.5233512511937919,1
ct_w4_i1,4,calibration,width2,256,101,sampled_diagonal_fisher,43,0,,1.00002000783336,0.2860034504774085,199,50944,43,,0.4223697301559592,38,0.5966547547156341,1.00002000783336,5.1110221530018384e-17,0.7563961935112509,1.0,7,1,4.935179660695267e-06,1.72556647566918e-05,,-1,,,0
ct_w4_i1,4,calibration,width2,256,101,sampled_two_block_fisher,43,0,,1.0001646531342097,0.2860034504774085,199,50944,514,,0.302874315828946,38,0.5966547547156341,1.0001646531342097,6.858755519858719e-13,0.394188512394039,1.0,6,1,4.0104362447116734e-05,0.0001402233517818,,-1,,,0
ct_w4_i1,4,calibration,width2,256,101,sampled_star_fisher,43,0,,1.0000672902688077,0.2860034504774085,199,50944,211,,0.4795764336441834,38,0.5966547547156341,1.0000672902688077,2.755338353728677e-15,0.4332728963289919,1.0,6,1,1.559559853603738e-05,5.452940693549178e-05,,-1,,,0
ct_w4_i1,4,calibration,width2,256,101,sampled_full_fisher,43,1,8.0,0.0737557970550408,0.2860034504773674,8,2048,946,,0.6088163366509417,38,0.5966547547156341,0.0737557970550408,0.9315494314619438,0.9315494314619438,0.0,0,1,0.0596417120511476,0.2085349388323807,,-1,,,0
ct_w4_i1,4,calibration,width2,256,101,protected_ray_star,43,0,,1.0002043062987234,0.2860034504773674,199,50944,211,,0.9806569455636306,38,0.5966547547156341,1.0015251904811162,7.923858821307418e-07,0.4997903207073474,1.0,7,1,0.0006328560782749,0.0022127567944326,,-1,,,0
ct_w4_i1,4,calibration,width3,1024,0,sampled_adam,48,0,,1.0070762312532189,0.1660520675247203,199,203776,96,,0.306063879275318,48,0.473490573955418,1.0070762312532189,1.1704374948640078e-13,0.6009334576122345,1.0,9,1,0.0015618621750991,0.0094058580442948,,-1,,,0
ct_w4_i1,4,calibration,width3,1024,0,sampled_star_fisher,48,0,,1.0000784502052351,0.1660520675247203,199,203776,263,,0.6298265940117592,48,0.473490573955418,1.0000784502052351,3.2077427863224734e-21,0.731810819316078,1.0,9,1,4.084001344761855e-05,0.0002459470337009,,-1,,,0
ct_w4_i1,4,calibration,width3,1024,0,sampled_full_fisher,48,1,6.0,0.0474894247159554,0.1660520675247203,6,6144,1176,,0.8860457398122291,48,0.473490573955418,0.0474894247159554,0.9562397803130503,0.9562397803130503,0.0,0,1,0.0338735492868582,0.2039935412536517,,-1,,,0
ct_w4_i1,4,calibration,width3,1024,0,protected_ray_star,48,1,6.0,0.0956575865034796,0.1660520675247203,6,6144,263,,0.9804498577030448,48,0.473490573955418,0.0956575865034796,0.908178913496532,0.908178913496532,0.0,0,1,0.0487150927390094,0.2933723949673626,,-1,,,0
ct_w4_i1,4,calibration,width3,1024,19,sampled_adam,48,0,,1.0069667883493008,0.1554905765671644,199,203776,96,,0.2081239818187424,48,0.4773082323955571,1.0069667883493008,9.949759717689535e-10,0.9879709593607962,1.0,5,1,0.0017605030147418,0.0113222489337249,58959485.97533526,48,1.1821203612735372e-09,0.0696972088616653,1
ct_w4_i1,4,calibration,width3,1024,19,sampled_star_fisher,48,0,,1.0000339904539342,0.1554905765671644,199,203776,263,,0.6016308108010535,48,0.4773082323955571,1.0000339904539342,2.0523875022318767e-15,0.9739355247116468,1.0,5,1,1.7092102619291206e-05,0.0001099237201163,924379453327.6448,45,4.18288150717139e-13,0.3866569720933404,1
ct_w4_i1,4,calibration,width3,1024,19,sampled_full_fisher,48,1,9.0,0.0437103729237406,0.1554905765671644,9,9216,1176,,0.914392339083308,48,0.4773082323955571,0.0437103729237406,0.9609491840915412,0.9609491840915412,0.0,0,1,0.0250273376203233,0.1609572629600016,,-1,,,0
ct_w4_i1,4,calibration,width3,1024,19,protected_ray_star,48,1,8.0,0.0690241950019654,0.1554905765671644,8,8192,263,,0.9788125208809704,48,0.4773082323955571,0.0690241950019654,0.9326013230950168,0.9326013230950168,0.0,0,1,0.0300663673741757,0.1933645629076982,,-1,,,0
ct_w4_i1,4,calibration,width3,1024,42,sampled_adam,48,1,34.0,0.0979588756337275,0.1998073181814957,34,34816,96,,0.2815787209858748,48,0.4490075875111244,0.0979588756337275,0.926828715920392,0.926828715920392,0.0,0,1,0.0225517912983978,0.1128676942548863,,-1,,,0
ct_w4_i1,4,calibration,width3,1024,42,sampled_star_fisher,48,1,3.0,0.0267068118493494,0.1998073181814957,3,3072,263,,0.6671405255931351,48,0.4490075875111244,0.0267068118493494,0.9750730770997268,0.9750730770997268,0.0,0,1,0.0076177257180679,0.0381253589077671,,-1,,,0
ct_w4_i1,4,calibration,width3,1024,42,sampled_full_fisher,48,1,5.0,0.0732241589539235,0.1998073181814957,5,5120,1176,,0.9186885725127932,48,0.4490075875111244,0.0732241589539235,0.9358524797998812,0.9358524797998812,0.0,0,1,0.0420726671148242,0.210566196962853,,-1,,,0
ct_w4_i1,4,calibration,width3,1024,42,protected_ray_star,48,1,5.0,0.0828613198175975,0.1998073181814957,5,5120,263,,0.977372450145828,48,0.4490075875111244,0.0828613198175975,0.9246121589181026,0.9246121589181026,0.0,0,1,0.0303575182790119,0.1519339659593278,,-1,,,0
ct_w4_i1,4,calibration,width3,1024,50,sampled_adam,48,0,,1.009124133416071,0.1932736409352558,199,203776,96,,0.257093574830769,48,0.2700089633435588,1.009124133416071,4.407597503850557e-13,0.7974513140183227,1.0,7,1,0.0021034184360923,0.0108831107331233,,-1,,,0
ct_w4_i1,4,calibration,width3,1024,50,sampled_star_fisher,48,0,,1.0002848307336638,0.1932736409352558,199,203776,263,,0.6349498420946045,48,0.2700089633435588,1.0002848307336638,2.0669966951035248e-19,0.4187594329701433,1.0,7,1,0.0001389407320628,0.0007188809161484,,-1,,,0
ct_w4_i1,4,calibration,width3,1024,50,sampled_full_fisher,48,1,7.0,0.0618315731127445,0.1932736409352558,7,7168,1176,,0.9041561046127642,48,0.2700089633435588,0.0618315731127445,0.9422795903093716,0.9422795903093716,0.0,0,1,0.0552801219594689,0.286019975056956,,-1,,,0
ct_w4_i1,4,calibration,width3,1024,50,protected_ray_star,48,1,6.0,0.0647009850263611,0.1932736409352558,6,6144,263,,0.977559867303618,48,0.2700089633435588,0.0647009850263611,0.9394147391917675,0.9394147391917675,0.0,0,1,0.0274840230969279,0.1422026457613781,,-1,,,0
ct_w4_i1,4,calibration,width3,1024,101,sampled_adam,48,1,38.0,0.0958810991291212,0.1875282333467825,38,38912,96,,0.257093901666294,48,0.3702450955940228,0.0958810991291212,0.9221343114075826,0.9221343114075826,0.0,0,1,0.0233142985424059,0.1243242050880544,,-1,,,0
ct_w4_i1,4,calibration,width3,1024,101,sampled_star_fisher,48,1,3.0,0.0672053951789219,0.1875282333467825,3,3072,263,,0.5482127599960557,48,0.3702450955940228,0.0672053951789219,0.9356023976998964,0.9356023976998964,0.0,0,1,0.0217750680424536,0.1161162116969694,,-1,,,0
ct_w4_i1,4,calibration,width3,1024,101,sampled_full_fisher,48,1,5.0,0.0915867681102451,0.1875282333467825,5,5120,1176,,0.6941522284133709,48,0.3702450955940228,0.0915867681102451,0.9207362070170376,0.9207362070170376,0.0,0,1,0.0390325813158889,0.2081424253792695,,-1,,,0
ct_w4_i1,4,calibration,width3,1024,101,protected_ray_star,48,1,6.0,0.0919557730664646,0.1875282333467825,6,6144,263,,0.9790747066331468,48,0.3702450955940228,0.0919557730664646,0.9126456939053444,0.9126456939053444,0.0,0,1,0.0319768556745509,0.1705175540976723,,-1,,,0
ct_w4_i1,4,calibration,width3,256,0,sampled_adam,48,0,,1.0073726838158716,0.1660520675247203,199,50944,96,,0.2570937698411555,47,0.3682555745343061,1.0073726838158716,1.5478205956418763e-14,0.9789515865815672,1.0,9,1,0.0016062768004542,0.0096733321324956,908660783.8820822,48,2.7308105809851e-10,0.2481380483151405,1
ct_w4_i1,4,calibration,width3,256,0,sampled_diagonal_fisher,48,0,,1.0000392513707634,0.1660520675247203,199,50944,48,,0.3523912949273121,47,0.3682555745343061,1.0000392513707634,4.437570991704656e-30,0.906105058733524,1.0,9,1,1.7734866502407824e-05,0.0001068030453747,425937073301.6282,32,3.1952505918771584e-12,1.360975685569452,1
ct_w4_i1,4,calibration,width3,256,0,sampled_two_block_fisher,48,1,9.0,0.0364498418360952,0.1660520675247203,9,2304,664,,0.5935724374656498,47,0.3682555745343061,0.0364498418360952,0.969483129340504,0.969483129340504,0.0,0,1,0.0244414437677048,0.1471914450210998,,-1,,,0
ct_w4_i1,4,calibration,width3,256,0,sampled_star_fisher,48,0,,1.0000893109458602,0.1660520675247203,199,50944,263,,0.4682871498761872,47,0.3682555745343061,1.0000893109458602,1.5519371024003006e-18,0.7634980886787931,1.0,9,1,2.9645230518507872e-05,0.0001785297284184,,-1,,,0
ct_w4_i1,4,calibration,width3,256,0,sampled_full_fisher,48,1,6.0,0.065674800430731,0.1660520675247203,6,1536,1176,,0.812795659302143,47,0.3682555745343061,0.065674800430731,0.9408336771235252,0.9408336771235252,0.0,0,1,0.047757033343205,0.2876027625256482,,-1,,,0
ct_w4_i1,4,calibration,width3,256,0,protected_ray_star,48,1,7.0,0.0731341711692081,0.1660520675247203,7,1792,263,,0.9801763335120424,47,0.3682555745343061,0.0731341711692081,0.9290798726429264,0.9290798726429264,0.0,0,1,0.0374327459088488,0.2254277617065875,,-1,,,0
ct_w4_i1,4,calibration,width3,256,19,sampled_adam,48,0,,2.0054919242570293,0.1554905765671644,199,50944,96,,0.1346679594964595,47,0.5065951645115856,2.0054919242570293,2.9175755955975846e-14,0.9755931957447368,2.0,9,1,0.0011908272619869,0.007658517244436,15980076.394054735,48,1.24256291628063e-08,0.198562503265839,1
ct_w4_i1,4,calibration,width3,256,19,sampled_diagonal_fisher,48,0,,1.0000235054172926,0.1554905765671644,199,50944,48,,0.3698175245001099,47,0.5065951645115856,1.0000235054172926,2.787106115696521e-12,0.5054400223623702,1.0,4,1,7.124585870439897e-06,4.582004921283714e-05,,-1,,,0
ct_w4_i1,4,calibration,width3,256,19,sampled_two_block_fisher,48,1,7.0,0.090306131420494,0.1554905765671644,7,1792,664,,0.5944417981926108,47,0.5065951645115856,0.090306131420494,0.9202265409067808,0.9202265409067808,0.0,0,1,0.0363603877719228,0.2338430313570603,,-1,,,0
ct_w4_i1,4,calibration,width3,256,19,sampled_star_fisher,48,0,,1.0001005687435711,0.1554905765671644,199,50944,263,,0.6238847880614227,47,0.5065951645115856,1.0001005687435711,2.0397175717888052e-19,0.6036268359983602,1.0,7,1,3.053221560921724e-05,0.0001963605530527,,-1,,,0
ct_w4_i1,4,calibration,width3,256,19,sampled_full_fisher,48,1,8.0,0.0977144609293692,0.1554905765671644,8,2048,1176,,0.8536413381138594,47,0.5065951645115856,0.0977144609293692,0.91903600935635,0.91903600935635,0.0,0,1,0.0497618438012374,0.3200312514099059,,-1,,,0
ct_w4_i1,4,calibration,width3,256,19,protected_ray_star,48,1,8.0,0.0858674239536991,0.1554905765671644,8,2048,263,,0.9791234250653076,47,0.5065951645115856,0.0858674239536991,0.9156981931442524,0.9156981931442524,0.0,0,1,0.0350859780475262,0.2256469737403721,,-1,,,0
ct_w4_i1,4,calibration,width3,256,42,sampled_adam,48,1,35.0,0.0992764543624904,0.1998073181814957,35,8960,96,,0.2570936969361633,47,0.4477069280900499,0.0992764543624904,0.9265378216145502,0.9265378216145502,0.0,0,1,0.0224381705425247,0.1122990426313761,,-1,,,0
ct_w4_i1,4,calibration,width3,256,42,sampled_diagonal_fisher,48,1,3.0,0.0156699860572455,0.1998073181814957,3,768,48,,0.2759932380166164,47,0.4477069280900499,0.0156699860572455,0.9886273624372174,0.9886273624372174,0.0,0,1,0.0048457164588617,0.0242519468404062,,-1,,,0
ct_w4_i1,4,calibration,width3,256,42,sampled_two_block_fisher,48,1,4.0,0.0314842368758299,0.1998073181814957,4,1024,664,,0.3807362209750895,47,0.4477069280900499,0.0314842368758299,0.9749430184056423,0.9749430184056423,0.0,0,1,0.0094459849631049,0.0472754704335935,,-1,,,0
ct_w4_i1,4,calibration,width3,256,42,sampled_star_fisher,48,1,3.0,0.0258609839736205,0.1998073181814957,3,768,263,,0.6070160727424204,47,0.4477069280900499,0.0258609839736205,0.975860943544902,0.975860943544902,0.0,0,1,0.0078422526008783,0.0392490759210071,,-1,,,0
ct_w4_i1,4,calibration,width3,256,42,sampled_full_fisher,48,1,6.0,0.0465433902031051,0.1998073181814957,6,1536,1176,,0.7800782677632344,47,0.4477069280900499,0.0465433902031051,0.9626817564867116,0.9626817564867116,0.0,0,1,0.0208108709838405,0.1041546985027692,,-1,,,0
ct_w4_i1,4,calibration,width3,256,42,protected_ray_star,48,1,6.0,0.0600403301378165,0.1998073181814957,6,1536,263,,0.977748626929694,47,0.4477069280900499,0.0600403301378165,0.9438960857366592,0.9438960857366592,0.0,0,1,0.0232179119170239,0.116201509175624,,-1,,,0
ct_w4_i1,4,calibration,width3,256,50,sampled_adam,48,0,,1.010553012221541,0.1932736409352558,199,50944,96,,0.1836380415993823,47,0.333842233566215,1.010553012221541,1.3103508510218714e-12,0.5292857478519989,1.0,8,1,0.0023604051131592,0.0122127627013034,,-1,,,0
ct_w4_i1,4,calibration,width3,256,50,sampled_diagonal_fisher,48,0,,1.000034667900625,0.1932736409352558,199,50944,48,,0.3222973244282979,47,0.333842233566215,1.000034667900625,9.475661398618154e-25,0.8687790908411624,1.0,7,1,1.2649728221629124e-05,6.544983661722717e-05,,-1,,,0
ct_w4_i1,4,calibration,width3,256,50,sampled_two_block_fisher,48,0,,1.0001602398740648,0.1932736409352558,199,50944,664,,0.4617342020001608,47,0.333842233566215,1.0001602398740648,6.2435937200585515e-19,0.4638676810833881,1.0,7,1,4.59429405046932e-05,0.0002377092928056,,-1,,,0
ct_w4_i1,4,calibration,width3,256,50,sampled_star_fisher,48,0,,1.0001806467262622,0.1932736409352558,199,50944,263,,0.6832253706031416,47,0.333842233566215,1.0001806467262622,4.567887592975695e-21,0.4135832248516088,1.0,7,1,7.294790141463463e-05,0.0003774332654035,,-1,,,0
ct_w4_i1,4,calibration,width3,256,50,sampled_full_fisher,48,1,7.0,0.0625334465695797,0.1932736409352558,7,1792,1176,,0.8066445448627496,47,0.333842233566215,0.0625334465695797,0.9455601922617276,0.9455601922617276,0.0,0,1,0.0456933233416158,0.2364177707860458,,-1,,,0
ct_w4_i1,4,calibration,width3,256,50,protected_ray_star,48,1,6.0,0.0871107251059459,0.1932736409352558,6,1536,263,,0.9772103116798846,47,0.333842233566215,0.0871107251059459,0.9183686121542888,0.9183686121542888,0.0,0,1,0.0366395121932792,0.1895732496991297,,-1,,,0
ct_w4_i1,4,calibration,width3,256,101,sampled_adam,48,1,37.0,0.0993476932087364,0.1875282333467825,37,9472,96,,0.3550340190136442,44,0.3558703408944978,0.0993476932087364,0.9204764438312112,0.9204764438312112,0.0,0,1,0.0237420499815667,0.1266052026292075,,-1,,,0
ct_w4_i1,4,calibration,width3,256,101,sampled_diagonal_fisher,48,1,3.0,0.0291309170717521,0.1875282333467825,3,768,48,,0.4534671153007822,44,0.3558703408944978,0.0291309170717521,0.972169509860118,0.972169509860118,0.0,0,1,0.0091586042419922,0.0488385352890082,,-1,,,0
ct_w4_i1,4,calibration,width3,256,101,sampled_two_block_fisher,48,1,4.0,0.0316534183465595,0.1875282333467825,4,1024,664,,0.4867731061234748,44,0.3558703408944978,0.0316534183465595,0.9711737683020056,0.9711737683020056,0.0,0,1,0.0092253160110498,0.0491942778237029,,-1,,,0
ct_w4_i1,4,calibration,width3,256,101,sampled_star_fisher,48,1,4.0,0.0244978819436152,0.1875282333467825,4,1024,263,,0.5779477283066226,44,0.3558703408944978,0.0244978819436152,0.9768678219082628,0.9768678219082628,0.0,0,1,0.0076210390502402,0.0406394222044807,,-1,,,0
ct_w4_i1,4,calibration,width3,256,101,sampled_full_fisher,48,1,6.0,0.0610945175669197,0.1875282333467577,6,1536,1176,,0.720809601670965,44,0.3558703408944978,0.0610945175669197,0.9533908944159134,0.9533908944159134,0.0,0,1,0.0263517850403513,0.1405216940940532,,-1,,,0
ct_w4_i1,4,calibration,width3,256,101,protected_ray_star,48,1,7.0,0.0651993531355863,0.1875282333467577,7,1792,263,,0.9791344585260467,44,0.3558703408944978,0.0651993531355863,0.9384614970963648,0.9384614970963648,0.0,0,1,0.023270473116645,0.1240905046741187,,-1,,,0
ct_w4_i1,4,calibration,width3,64,0,sampled_adam,48,0,,1.0104858705661428,0.1660520675247203,199,12736,96,,0.1836385785566614,37,0.4080058354416582,1.0104858705661428,1.4823339578166812e-11,0.4925832931607036,1.0,8,1,0.0022442705803063,0.0135154630337392,,-1,,,0
ct_w4_i1,4,calibration,width3,64,0,sampled_star_fisher,48,0,,1.0002435062511612,0.1660520675247203,199,12736,263,,0.5493565110403203,37,0.4080058354416582,1.0002435062511612,1.3517783862414942e-16,0.6144820021143447,1.0,8,1,5.643173155259601e-05,0.0003398435948061,,-1,,,0
ct_w4_i1,4,calibration,width3,64,0,sampled_full_fisher,48,1,7.0,0.0743986888621783,0.1660520675247203,7,448,1176,,0.5025898215075906,37,0.4080058354416582,0.0743986888621783,0.948580294595669,0.948580294595669,0.0,0,1,0.0319907947369613,0.1926552027555984,,-1,,,0
ct_w4_i1,4,calibration,width3,64,0,protected_ray_star,48,1,8.0,0.0979292842917978,0.1660520675247203,8,512,263,,0.9799013725345618,37,0.4080058354416582,0.0979292842917978,0.9167229758399086,0.9167229758399086,0.0,0,1,0.0689283856702391,0.4151010384738371,,-1,,,0
ct_w4_i1,4,calibration,width3,64,19,sampled_adam,48,0,,1.0108221875812742,0.1554905765671644,199,12736,96,,0.2326085469899484,41,0.1996169005883647,1.0108221875812742,2.9495181183834805e-14,0.9727209534704978,1.0,8,1,0.0023566765197779,0.0151563945018877,21364848.9337455,48,1.0899353768918244e-08,0.2328630467483879,1
ct_w4_i1,4,calibration,width3,64,19,sampled_star_fisher,48,0,,1.0002545997237124,0.1554905765671644,199,12736,263,,0.5069048999935329,41,0.1996169005883647,1.0002545997237124,1.0422022375526402e-19,0.4883256354102116,1.0,7,1,5.567295386110566e-05,0.0003580471247211,,-1,,,0
ct_w4_i1,4,calibration,width3,64,19,sampled_full_fisher,48,1,20.0,0.0788349443707367,0.1554905765671644,20,1280,1176,,0.6308278526949702,41,0.1996169005883647,0.0788349443707367,0.9330141043852686,0.9330141043852686,0.0,0,1,0.0477596500861545,0.3071546272485823,,-1,,,0
ct_w4_i1,4,calibration,width3,64,19,protected_ray_star,48,1,8.0,0.0851216581057929,0.1554905765671644,8,512,263,,0.9808817995908098,41,0.1996169005883647,0.0851216581057929,0.9190273368846612,0.9190273368846612,0.0,0,1,0.0362969806456622,0.2334352437749414,,-1,,,0
ct_w4_i1,4,calibration,width3,64,42,sampled_adam,48,1,65.0,0.0958147096151567,0.1998073181814957,65,4160,96,,0.2570936222685314,36,0.5902865621029821,0.0958147096151567,0.9209882125728004,0.9209882125728004,0.0,0,1,0.0234444507618776,0.1173352957001394,,-1,,,0
ct_w4_i1,4,calibration,width3,64,42,sampled_star_fisher,48,1,3.0,0.0424065242177089,0.1998073181814957,3,192,263,,0.4126849944938755,36,0.5902865621029821,0.0424065242177089,0.9704307883137352,0.9704307883137352,0.0,0,1,0.009932183864724,0.0497088092424227,,-1,,,0
ct_w4_i1,4,calibration,width3,64,42,sampled_full_fisher,48,1,5.0,0.088826727252032,0.1998073181814957,5,320,1176,,0.4210258855279233,36,0.5902865621029821,0.088826727252032,0.9310198720234556,0.9310198720234556,0.0,0,1,0.0364591503557309,0.182471546525704,,-1,,,0
ct_w4_i1,4,calibration,width3,64,42,protected_ray_star,48,1,6.0,0.0742761986980102,0.1998073181814957,6,384,263,,0.9773901588192032,36,0.5902865621029821,0.0742761986980102,0.9346984428717008,0.9346984428717008,0.0,0,1,0.0286700396342012,0.1434884362351469,,-1,,,0
ct_w4_i1,4,calibration,width3,64,50,sampled_adam,48,0,,1.0126202921301548,0.1932736409352558,199,12736,96,,0.2908132313108237,40,0.4071566032734255,1.0126202921301548,5.307279283684005e-13,0.8577556265914998,1.0,8,1,0.0028794161602561,0.014898131717924,,-1,,,0
ct_w4_i1,4,calibration,width3,64,50,sampled_star_fisher,48,0,,1.0004301200513233,0.1932736409352558,199,12736,263,,0.461366808254057,40,0.4071566032734255,1.0004301200513233,2.944881894698105e-16,0.3360799282308947,1.0,7,1,8.587417601062795e-05,0.0004443139560836,,-1,,,0
ct_w4_i1,4,calibration,width3,64,50,sampled_full_fisher,48,1,8.0,0.0845628247933465,0.1932736409352558,8,512,1176,,0.4671960014838269,40,0.4071566032734255,0.0845628247933465,0.9357468824859192,0.9357468824859192,0.0,0,1,0.0425603725356766,0.220207847949291,,-1,,,0
ct_w4_i1,4,calibration,width3,64,50,protected_ray_star,48,1,9.0,0.0631200105873635,0.1932736409352558,9,576,263,,0.979624804382853,40,0.4071566032734255,0.0631200105873635,0.9520410582464942,0.9520410582464942,0.0,0,1,0.0477252331793654,0.2469308952241078,,-1,,,0
ct_w4_i1,4,calibration,width3,64,101,sampled_adam,48,1,45.0,0.0966887663601987,0.1875282333467825,45,2880,96,,0.1732094902063347,37,0.3010515135312863,0.0966887663601987,0.9234074657273246,0.9234074657273246,0.0,0,1,0.0217434847511034,0.1159477928365847,,-1,,,0
ct_w4_i1,4,calibration,width3,64,101,sampled_star_fisher,48,1,4.0,0.0971057184697326,0.1875282333467825,4,256,263,,0.3645199569837181,37,0.3010515135312863,0.0971057184697326,0.914985669932798,0.914985669932798,0.0,0,1,0.0336172459455404,0.1792649850402763,,-1,,,0
ct_w4_i1,4,calibration,width3,64,101,sampled_full_fisher,48,1,6.0,0.0492534928570691,0.1875282333467825,6,384,1176,,0.5440057637541926,37,0.3010515135312863,0.0492534928570691,0.9562631875646916,0.9562631875646916,0.0,0,1,0.0137555317745796,0.0733517909761489,,-1,,,0
ct_w4_i1,4,calibration,width3,64,101,protected_ray_star,48,1,7.0,0.0621760068307128,0.1875282333467825,7,448,263,,0.978797062184494,37,0.3010515135312863,0.0621760068307128,0.9402848946988503,0.9402848946988503,0.0,0,1,0.0217521712948267,0.1159941140948203,,-1,,,0
ct_w4_i2,4,evaluation,chain,256,0,sampled_adam,31,0,,2.023991784038701,0.329221709957411,199,50944,62,,-0.4721606808720243,26,2.083335114520034,2.023991784038701,2.6467554606384843e-19,0.918766362026449,2.0,7,1,0.0062091504874975,0.0188600882010507,40958.45603905026,31,1.066367530258733e-05,0.4367676760957291,1
ct_w4_i2,4,evaluation,chain,256,0,sampled_diagonal_fisher,31,0,,2.000102003159041,0.329221709957411,199,50944,31,,-0.4689433262295767,26,2.083335114520034,2.000102003159041,1.020526838153779e-36,0.6865704979231358,2.0,7,1,4.4704569851819816e-05,0.0001357886448545,,-1,,,0
ct_w4_i2,4,evaluation,chain,256,0,sampled_two_block_fisher,31,0,,2.000080416544405,0.329221709957411,199,50944,256,,-0.3526561087505181,26,2.083335114520034,2.000080416544405,1.4190534522367554e-31,0.7636618354778891,2.0,7,1,1.7995476510518848e-05,5.466066169465796e-05,,-1,,,0
ct_w4_i2,4,evaluation,chain,256,0,sampled_star_fisher,31,0,,2.000066549032704,0.329221709957411,199,50944,90,,-0.2315806732886554,26,2.083335114520034,2.000066549032704,1.0661502807519398e-38,0.7850116736806304,2.0,7,1,1.89937220983126e-05,5.769279948387874e-05,,-1,,,0
ct_w4_i2,4,evaluation,chain,256,0,sampled_full_fisher,31,0,,2.000142117928842,0.329221709957411,199,50944,496,,-0.1100829836899129,26,2.083335114520034,2.000142117928842,5.714916965551856e-31,0.6592647104407601,2.0,7,1,3.61023766229337e-05,0.0001096597688761,,-1,,,0
ct_w4_i2,4,evaluation,chain,256,0,protected_ray_star,31,0,,2.653739596719781,0.329221709957411,199,50944,90,,-0.9810590778729024,26,2.083335114520034,3.651339174733781,4.375135139639152e-09,0.1647947028574088,2.0,6,1,0.267813681299079,0.8134751542774143,,-1,,,0
ct_w4_i2,4,evaluation,chain,256,19,sampled_adam,31,0,,2.0458099562141587,0.350831283393707,199,50944,62,,-0.5332950369152939,28,2.0485872390008586,2.0458099562141587,4.6791636790012666e-21,0.5440085756516485,2.0,10,1,0.0090754424917892,0.0258683957827236,,-1,,,0
ct_w4_i2,4,evaluation,chain,256,19,sampled_diagonal_fisher,31,0,,1.0000156420475967,0.350831283393707,199,50944,31,,-0.5945068749340262,28,2.0485872390008586,1.0000156420475967,8.938290601023814e-43,0.9999895368312636,1.0,10,1,4.033755463247567e-06,1.1497707457065164e-05,1223520.602479921,31,3.752067478195706e-11,4.590731861467328e-05,1
ct_w4_i2,4,evaluation,chain,256,19,sampled_two_block_fisher,31,0,,1.0000234922994036,0.350831283393707,199,50944,256,,-0.7202177700216399,28,2.0485872390008586,1.0000234922994036,1.282233493503681e-43,0.999986321881676,1.0,10,1,7.4156594743038275e-06,2.113739516775614e-05,71886.76669867299,31,8.009505093614757e-10,5.7577742403651705e-05,1
ct_w4_i2,4,evaluation,chain,256,19,sampled_star_fisher,31,0,,1.0000494878987265,0.350831283393707,199,50944,90,,-0.1804610660073644,28,2.0485872390008586,1.0000494878987265,5.080057414122512e-40,0.9999736431552751,1.0,10,1,1.860257547952845e-05,5.30242779366184e-05,387590.6230663831,31,3.0297857428982986e-10,0.0001174316543847,1
ct_w4_i2,4,evaluation,chain,256,19,sampled_full_fisher,31,0,,1.000077170115926,0.350831283393707,199,50944,496,,-0.6995332931796732,28,2.0485872390008586,1.000077170115926,6.7627137114162794e-40,0.9999582169358094,1.0,10,1,1.908880648631176e-05,5.4410217645528704e-05,195948.1498749144,31,5.291948146890347e-10,0.0001036947448617,1
ct_w4_i2,4,evaluation,chain,256,19,protected_ray_star,31,0,,2.187279490110301,0.350831283393707,199,50944,90,,-0.9811508752711604,28,2.0485872390008586,3.328612624176369,1.2372489718695176e-11,0.2182506787371539,1.0,10,1,0.3823295226640343,1.0897817291708836,,-1,,,0
ct_w4_i2,4,evaluation,chain,256,42,sampled_adam,31,0,,2.0323604112154143,0.270171577991154,199,50944,62,,-0.4988889183629212,26,2.091996253030898,2.0323604112154143,5.5711862551383305e-18,0.948231629562112,2.0,6,1,0.0073809914746728,0.0273196445368302,7799.653851799317,31,4.465657610681744e-05,0.348305835839708,1
ct_w4_i2,4,evaluation,chain,256,42,sampled_diagonal_fisher,31,0,,2.0000731429715604,0.270171577991154,199,50944,31,,-0.6388561514973574,26,2.091996253030898,2.0000731429715604,2.1913427131990043e-38,0.9751001379000372,2.0,9,1,2.6404227994674846e-05,9.77313312932546e-05,17963646.382740393,31,1.0229717460532181e-08,0.1837630270563451,1
ct_w4_i2,4,evaluation,chain,256,42,sampled_two_block_fisher,31,0,,2.000078444311125,0.270171577991154,199,50944,256,,-0.7515709565422107,26,2.091996253030898,2.000078444311125,8.269193146300715e-40,0.7628397495588033,2.0,9,1,2.371007271634981e-05,8.775931536782942e-05,,-1,,,0
ct_w4_i2,4,evaluation,chain,256,42,sampled_star_fisher,31,0,,2.000076476186427,0.270171577991154,199,50944,90,,-0.1875996396887778,26,2.091996253030898,2.000076476186427,1.3814507966986516e-36,0.4366603047452554,2.0,9,1,2.24328471641794e-05,8.303185453842926e-05,,-1,,,0
ct_w4_i2,4,evaluation,chain,256,42,sampled_full_fisher,31,0,,1.0001560618662566,0.270171577991154,199,50944,496,,-0.67533168860754,26,2.091996253030898,1.0001560618662566,1.194236600642253e-37,0.9999031656802962,1.0,9,1,3.946555383033056e-05,0.0001460758904536,13106.42137443573,31,1.4211848194053162e-08,0.0001862664709407,1
ct_w4_i2,4,evaluation,chain,256,42,protected_ray_star,31,0,,2.6118049276138766,0.270171577991154,199,50944,90,,-0.9793815644109116,26,2.091996253030898,2.6786286096839422,1.6622902742324836e-10,0.1623879701274187,1.0,7,1,0.2672468962344446,0.9891747245270738,,-1,,,0
ct_w4_i2,4,evaluation,chain,256,50,sampled_adam,31,0,,2.0242612728428586,0.3426242693087311,199,50944,62,,-0.4300766696905286,27,1.5946452389365393,2.0242612728428586,7.104303025941246e-18,0.9581089768404666,2.0,6,1,0.0062824462202135,0.0183362557266852,7308.566376504727,31,2.334848151572328e-05,0.1706439269482572,1
ct_w4_i2,4,evaluation,chain,256,50,sampled_diagonal_fisher,31,0,,2.0001428013507265,0.3426242693087311,199,50944,31,,-0.55047049223157,27,1.5946452389365393,2.0001428013507265,8.932454936000378e-33,0.9613997102903566,2.0,6,1,5.788396026980184e-05,0.0001689429659684,93897280.72046316,31,3.155513975179432e-09,0.2962941815447677,1
ct_w4_i2,4,evaluation,chain,256,50,sampled_two_block_fisher,31,0,,2.000084511078436,0.3426242693087311,199,50944,256,,-0.6597858676018289,27,1.5946452389365393,2.000084511078436,1.3342164737950096e-30,0.9723854592458192,2.0,6,1,2.5856653756293483e-05,7.546649806349423e-05,80805425.7099926,31,5.229240122666846e-09,0.4225509742518684,1
ct_w4_i2,4,evaluation,chain,256,50,sampled_star_fisher,31,0,,2.0000796825433937,0.3426242693087311,199,50944,90,,-0.1887873752571143,27,1.5946452389365393,2.0000796825433937,4.296858490640728e-34,0.9932503690502604,2.0,6,1,2.6841885224561072e-05,7.834204295777555e-05,261432582.4761192,31,1.6659009041252588e-10,0.0435520775514768,1
ct_w4_i2,4,evaluation,chain,256,50,sampled_full_fisher,31,0,,2.00018796730299,0.3426242693087311,199,50944,496,,-0.5501253637036009,27,1.5946452389365393,2.00018796730299,1.0195292501314998e-28,0.8455667398822447,2.0,6,1,4.775505713377483e-05,0.0001393802523975,,-1,,,0
ct_w4_i2,4,evaluation,chain,256,50,protected_ray_star,31,0,,2.598927123741765,0.3426242693087311,199,50944,90,,-0.9808099467590908,27,1.5946452389365393,2.768096522187731,6.173139593225946e-11,0.3841036337531908,2.0,6,1,0.1629460855471142,0.4755824386750814,,-1,,,0
ct_w4_i2,4,evaluation,chain,256,101,sampled_adam,31,0,,2.024041585874821,0.3977753786355279,199,50944,62,,-0.5332950513696645,28,1.7387454083637657,2.024041585874821,1.0355324817073824e-20,0.9771239037396496,2.0,9,1,0.0058898986043138,0.0148070969714559,3411.9873132504063,31,1.4926211566601388e-05,0.0509280445001354,1
ct_w4_i2,4,evaluation,chain,256,101,sampled_diagonal_fisher,31,0,,2.0000534021419565,0.3977753786355279,199,50944,31,,-0.5988442979092945,28,1.7387454083637657,2.0000534021419565,6.112462040289915e-39,0.9998795856977368,2.0,9,1,1.93712236086775e-05,4.869890055821401e-05,1541272.2193539343,31,3.7982946397572367e-10,0.0005854206009178,1
ct_w4_i2,4,evaluation,chain,256,101,sampled_two_block_fisher,31,0,,2.00012437112205,0.3977753786355279,199,50944,256,,-0.6906683955113784,28,1.7387454083637657,2.00012437112205,2.1075789096677465e-37,0.5084619886019555,2.0,9,1,3.19530883022743e-05,8.032947743493232e-05,,-1,,,0
ct_w4_i2,4,evaluation,chain,256,101,sampled_star_fisher,31,0,,2.0001181660831837,0.3977753786355279,199,50944,90,,-0.223984076528482,28,1.7387454083637657,2.0001181660831837,3.944681364081857e-34,0.9923437187205256,2.0,9,1,4.040057592344506e-05,0.0001015663062455,8561937.601794245,31,6.980788830109825e-09,0.0597690783747025,1
ct_w4_i2,4,evaluation,chain,256,101,sampled_full_fisher,31,0,,2.0001697887467405,0.3977753786355293,199,50944,496,,-0.5951508211450386,28,1.7387454083637657,2.0001697887467405,1.778437330053586e-36,0.9386570685573432,2.0,9,1,5.247906296115468e-05,0.0001319314009358,79511141.02447027,31,1.1562836775995558e-08,0.919374345539114,1
ct_w4_i2,4,evaluation,chain,256,101,protected_ray_star,31,0,,2.6658624621733367,0.3977753786355293,199,50944,90,,-0.9820416417079564,28,1.7387454083637657,3.648276332280157,4.417396921388161e-09,0.0577911598632496,1.0,7,1,0.3048734043160833,0.7664461419454281,,-1,,,0
ct_w4_i2,4,evaluation,problem_tree,256,0,sampled_adam,31,1,96.0,0.0997481325907685,0.3349688778416597,96,24576,62,,0.3102686763707252,27,1.2682327452092064,0.0997481325907685,0.9329187527157948,0.9329187527157948,0.0,0,1,0.023374111881352,0.0697799509971223,,-1,,,0
ct_w4_i2,4,evaluation,problem_tree,256,0,sampled_diagonal_fisher,31,1,2.0,0.0953693571656959,0.3349688778416597,2,512,31,,0.315288054823108,27,1.2682327452092064,0.0953693571656959,0.9250354588582388,0.9250354588582388,0.0,0,1,0.0221635659413781,0.0661660452881083,,-1,,,0
ct_w4_i2,4,evaluation,problem_tree,256,0,sampled_two_block_fisher,31,1,3.0,0.035338133059831,0.3349688778416597,3,768,256,,-0.0470638069458453,27,1.2682327452092064,0.035338133059831,0.967456201259348,0.967456201259348,0.0,0,1,0.0095978637894564,0.0286530015901756,,-1,,,0
ct_w4_i2,4,evaluation,problem_tree,256,0,sampled_star_fisher,31,1,3.0,0.0580493603695551,0.3349688778416597,3,768,113,,0.5159114329016915,27,1.2682327452092064,0.0580493603695551,0.957399299261017,0.957399299261017,0.0,0,1,0.0118971080130021,0.035517054866888,,-1,,,0
ct_w4_i2,4,evaluation,problem_tree,256,0,sampled_full_fisher,31,1,4.0,0.0614184215928155,0.3349688778416597,4,1024,496,,0.1581516028745936,27,1.2682327452092064,0.0614184215928155,0.946117419313132,0.946117419313132,0.0,0,1,0.0147369131576287,0.043994872755298,,-1,,,0
ct_w4_i2,4,evaluation,problem_tree,256,0,protected_ray_star,31,0,,3.3254487886313164,0.3349688778416597,199,50944,113,,0.9426026914278796,27,1.2682327452092064,3.828990740132621,0.0107806084031489,0.0526000970249032,2.0,1,0,0.309963011662791,0.92534868809308,,-1,,,0
ct_w4_i2,4,evaluation,problem_tree,256,19,sampled_adam,31,1,159.0,0.0983843919655438,0.4062092141867477,159,40704,62,,0.3694808766009554,30,1.4190131818824745,0.0983843919655438,0.9289955544733436,0.9289955544733436,0.0,0,1,0.0243995013393585,0.0600663414004718,,-1,,,0
ct_w4_i2,4,evaluation,problem_tree,256,19,sampled_diagonal_fisher,31,1,5.0,0.0335357662120792,0.4062092141867477,5,1280,31,,0.3863715549100487,30,1.4190131818824745,0.0335357662120792,0.9743397634209696,0.9743397634209696,0.0,0,1,0.010603050468692,0.0261024371146281,,-1,,,0
ct_w4_i2,4,evaluation,problem_tree,256,19,sampled_two_block_fisher,31,1,5.0,0.0563853614961544,0.4062092141867477,5,1280,256,,-0.1197734711659203,30,1.4190131818824745,0.0563853614961544,0.9471524755959256,0.9471524755959256,0.0,0,1,0.0287303408032412,0.0707279396917691,,-1,,,0
ct_w4_i2,4,evaluation,problem_tree,256,19,sampled_star_fisher,31,1,6.0,0.0322963252848982,0.4062092141867477,6,1536,113,,0.4940405475484752,30,1.4190131818824745,0.0322963252848982,0.9789700392508556,0.9789700392508556,0.0,0,1,0.008891655030768,0.0218893484446669,,-1,,,0
ct_w4_i2,4,evaluation,problem_tree,256,19,sampled_full_fisher,31,1,9.0,0.0425154864039942,0.4062092141867477,9,2304,496,,0.5028507389275007,30,1.4190131818824745,0.0425154864039942,0.9605080833765658,0.9605080833765658,0.0,0,1,0.0195939894316488,0.0482362013153174,,-1,,,0
ct_w4_i2,4,evaluation,problem_tree,256,19,protected_ray_star,31,0,,3.2212927971907828,0.4062092141867477,199,50944,113,,0.9552753541171212,30,1.4190131818824745,3.796141609905965,0.0118290646077781,0.0499179550988797,2.0,1,0,0.3154909046945602,0.7766709707119512,,-1,,,0
ct_w4_i2,4,evaluation,problem_tree,256,42,sampled_adam,31,1,112.0,0.0987256989035234,0.2632366631214243,112,28672,62,,0.2730943111282888,28,1.5219446204300238,0.0987256989035234,0.9303310273477402,0.9303310273477402,0.0,0,1,0.020155495789575,0.0765679656875069,,-1,,,0
ct_w4_i2,4,evaluation,problem_tree,256,42,sampled_diagonal_fisher,31,1,4.0,0.0381750950718036,0.2632366631214243,4,1024,31,,0.3008817948522415,28,1.5219446204300238,0.0381750950718036,0.9723453538082611,0.9723453538082611,0.0,0,1,0.0088545017398569,0.0336370383777909,,-1,,,0
ct_w4_i2,4,evaluation,problem_tree,256,42,sampled_two_block_fisher,31,1,4.0,0.0563903137283361,0.2632366631214243,4,1024,256,,0.0455100923784023,28,1.5219446204300238,0.0563903137283361,0.949493959200622,0.949493959200622,0.0,0,1,0.0224000669805056,0.0850947839669775,,-1,,,0
ct_w4_i2,4,evaluation,problem_tree,256,42,sampled_star_fisher,31,1,5.0,0.0369623778355201,0.2632366631214243,5,1280,113,,0.541083705952918,28,1.5219446204300238,0.0369623778355201,0.9673382105899282,0.9673382105899282,0.0,0,1,0.0105359157753511,0.0400244998185956,,-1,,,0
ct_w4_i2,4,evaluation,problem_tree,256,42,sampled_full_fisher,31,1,7.0,0.0664591093131701,0.2632366631214243,7,1792,496,,0.4052668197010926,28,1.5219446204300238,0.0664591093131701,0.9423619445348532,0.9423619445348532,0.0,0,1,0.026162093966759,0.0993862088074378,,-1,,,0
ct_w4_i2,4,evaluation,problem_tree,256,42,protected_ray_star,31,0,,2.8342613557165226,0.2632366631214243,199,50944,113,,0.831241720516962,28,1.5219446204300238,3.8363576129838783,0.0104232245460908,0.054772178573241,2.0,1,0,0.307762675854826,1.1691482189654674,,-1,,,0
ct_w4_i2,4,evaluation,problem_tree,256,50,sampled_adam,31,1,107.0,0.0991426751058437,0.6032880006949689,107,27392,62,,0.3052233114687777,26,0.6651942278466079,0.0991426751058437,0.9320051582214932,0.9320051582214932,0.0,0,1,0.0203248169375051,0.0336900732553798,,-1,,,0
ct_w4_i2,4,evaluation,problem_tree,256,50,sampled_diagonal_fisher,31,1,3.0,0.0484039497902148,0.6032880006949689,3,768,31,,0.3317833274255872,26,0.6651942278466079,0.0484039497902148,0.9569100034815008,0.9569100034815008,0.0,0,1,0.0116796645187934,0.0193600146287325,,-1,,,0
ct_w4_i2,4,evaluation,problem_tree,256,50,sampled_two_block_fisher,31,1,4.0,0.0344893142155342,0.6032880006949689,4,1024,256,,-0.0658972703529585,26,0.6651942278466079,0.0344893142155342,0.9694531548645888,0.9694531548645888,0.0,0,1,0.0087128897253376,0.0144423388419804,,-1,,,0
ct_w4_i2,4,evaluation,problem_tree,256,50,sampled_star_fisher,31,1,3.0,0.0952025485430851,0.6032880006949689,3,768,113,,0.6125459838259085,26,0.6651942278466079,0.0952025485430851,0.9178165595178104,0.9178165595178104,0.0,0,1,0.0231047222665527,0.0382979973742836,,-1,,,0
ct_w4_i2,4,evaluation,problem_tree,256,50,sampled_full_fisher,31,1,5.0,0.0514359008905671,0.6032880006949689,5,1280,496,,0.3544815927770224,26,0.6651942278466079,0.0514359008905671,0.954520175786042,0.954520175786042,0.0,0,1,0.013591658786026,0.0225293040311905,,-1,,,0
ct_w4_i2,4,evaluation,problem_tree,256,50,protected_ray_star,31,0,,3.328960997269247,0.6032880006949689,199,50944,113,,0.9783005890339626,26,0.6651942278466079,3.712249025981924,0.0135802979407388,0.0664788339956065,2.0,1,0,0.3100689433773862,0.5139650432632449,,-1,,,0
ct_w4_i2,4,evaluation,problem_tree,256,101,sampled_adam,31,1,106.0,0.0988634674320803,0.4211105954410423,106,27136,62,,0.4016096513000861,29,1.4746380550392315,0.0988634674320803,0.9318857032617908,0.9318857032617908,0.0,0,1,0.0214449112897684,0.0509246538128742,,-1,,,0
ct_w4_i2,4,evaluation,problem_tree,256,101,sampled_diagonal_fisher,31,1,3.0,0.0328956107486497,0.4211105954410423,3,768,31,,0.4459670797053151,29,1.4746380550392315,0.0328956107486497,0.9696205079357144,0.9696205079357144,0.0,0,1,0.0109447072002539,0.0259901016947608,,-1,,,0
ct_w4_i2,4,evaluation,problem_tree,256,101,sampled_two_block_fisher,31,1,3.0,0.0435761830696392,0.4211105954410423,3,768,256,,0.1156175423581335,29,1.4746380550392315,0.0435761830696392,0.9620764981310156,0.9620764981310156,0.0,0,1,0.0119780530911377,0.0284439603771848,,-1,,,0
ct_w4_i2,4,evaluation,problem_tree,256,101,sampled_star_fisher,31,1,3.0,0.0718332929873408,0.4211105954410423,3,768,113,,0.5702786899150344,29,1.4746380550392315,0.0718332929873408,0.9385980461192112,0.9385980461192112,0.0,0,1,0.0184549244035935,0.0438244124070665,,-1,,,0
ct_w4_i2,4,evaluation,problem_tree,256,101,sampled_full_fisher,31,1,5.0,0.0406959046777384,0.4211105954410302,5,1280,496,,0.4753670179064075,29,1.4746380550392315,0.0406959046777384,0.9634992784521726,0.9634992784521726,0.0,0,1,0.010182114306235,0.0241791928687314,,-1,,,0
ct_w4_i2,4,evaluation,problem_tree,256,101,protected_ray_star,31,0,,3.135174593337748,0.4211105954410302,199,50944,113,,0.9550155472707078,29,1.4746380550392315,3.79827545534318,0.0118823507373243,0.0493727781906963,2.0,1,0,0.3148341967117826,0.7476282955598778,,-1,,,0
ct_w4_i2,4,evaluation,width2,256,0,sampled_adam,44,1,46.0,0.0997950476460598,0.3684377466724789,46,11776,88,,0.2823298364863315,44,0.7383606792671122,0.0997950476460598,0.928159801121042,0.928159801121042,0.0,0,1,0.0220117757101953,0.0597435412332022,,-1,,,0
ct_w4_i2,4,evaluation,width2,256,0,sampled_diagonal_fisher,44,1,2.0,0.0971035233699559,0.3684377466724789,2,512,44,,0.3500018244793746,44,0.7383606792671122,0.0971035233699559,0.9211627384030358,0.9211627384030358,0.0,0,1,0.0363020143903458,0.0985295744483432,,-1,,,0
ct_w4_i2,4,evaluation,width2,256,0,sampled_two_block_fisher,44,1,3.0,0.070910017395656,0.3684377466724789,3,768,542,,0.3891851747619145,44,0.7383606792671122,0.070910017395656,0.9362309036127392,0.9362309036127392,0.0,0,1,0.0273058376983908,0.0741124869669346,,-1,,,0
ct_w4_i2,4,evaluation,width2,256,0,sampled_star_fisher,44,1,3.0,0.0809315430621762,0.3684377466724789,3,768,222,,0.5290574172407699,44,0.7383606792671122,0.0809315430621762,0.9327399921787508,0.9327399921787508,0.0,0,1,0.0296501563481816,0.0804753492712543,,-1,,,0
ct_w4_i2,4,evaluation,width2,256,0,sampled_full_fisher,44,1,5.0,0.0888733267033465,0.3684377466724789,5,1280,990,,0.6763802070656678,44,0.7383606792671122,0.0888733267033465,0.9206294550749792,0.9206294550749792,0.0,0,1,0.036995308954881,0.1004112887156698,,-1,,,0
ct_w4_i2,4,evaluation,width2,256,0,protected_ray_star,44,1,21.0,0.0386660225784165,0.3684377466724789,21,5376,222,,0.979077994566557,44,0.7383606792671122,0.0386660225784165,0.9654197501755551,0.9654197501755551,0.0,0,1,0.0182893260331985,0.0496402070590686,,-1,,,0
ct_w4_i2,4,evaluation,width2,256,19,sampled_adam,44,0,,1.0125740032541175,0.3375007086979223,199,50944,88,,0.2053308917830228,42,0.5131397046465298,1.0125740032541175,1.3663041872933535e-06,0.9787230626050952,1.0,4,1,0.0025518689776498,0.0075610773900149,15497012.969339132,44,1.3457598491843817e-08,0.2085525783642624,1
ct_w4_i2,4,evaluation,width2,256,19,sampled_diagonal_fisher,44,0,,1.0000221058628096,0.3375007086979223,199,50944,44,,0.2944806361649593,42,0.5131397046465298,1.0000221058628096,4.377535937171544e-12,0.9964218338884012,1.0,4,1,5.615324090213045e-06,1.6637962367181286e-05,295418035977.6424,36,2.399253678134966e-13,0.0708782809406766,1
ct_w4_i2,4,evaluation,width2,256,19,sampled_two_block_fisher,44,0,,1.0001961934845678,0.3375007086979223,199,50944,542,,0.1703525447899591,42,0.5131397046465298,1.0001961934845678,7.869467293462825e-07,0.6949474054626069,1.0,4,1,5.049127611036427e-05,0.0001496034669235,,-1,,,0
ct_w4_i2,4,evaluation,width2,256,19,sampled_star_fisher,44,0,,1.0000808730787405,0.3375007086979223,199,50944,222,,0.5327656133162443,42,0.5131397046465298,1.0000808730787405,3.6168742904596726e-08,0.9438590840885894,1.0,4,1,1.9566151226272277e-05,5.797365967543737e-05,690772373976.4745,39,1.4793437395024592e-12,1.021889786863349,1
ct_w4_i2,4,evaluation,width2,256,19,sampled_full_fisher,44,0,,1.0003112613422278,0.3375007086979223,199,50944,990,,0.7697059603422199,42,0.5131397046465298,1.0003162936807204,3.268901062609228e-06,0.6819305154273236,1.0,4,1,0.0001577066912326,0.0004672781039218,,-1,,,0
ct_w4_i2,4,evaluation,width2,256,19,protected_ray_star,44,1,21.0,0.076535202603388,0.3375007086979223,21,5376,222,,0.9797075712773292,42,0.5131397046465298,0.076535202603388,0.932614639621498,0.932614639621498,0.0,0,1,0.0364245398858913,0.1079243360004107,,-1,,,0
ct_w4_i2,4,evaluation,width2,256,42,sampled_adam,44,1,63.0,0.0963272910708958,0.2784821043448817,63,16128,88,,0.2053307990957357,44,0.9945043254028236,0.0963272910708958,0.9259750107693892,0.9259750107693892,0.0,0,1,0.0203693121983167,0.0731440616129886,,-1,,,0
ct_w4_i2,4,evaluation,width2,256,42,sampled_diagonal_fisher,44,1,4.0,0.0044021524189634,0.2784821043448817,4,1024,44,,0.3504478238267978,44,0.9945043254028236,0.0044021524189634,0.9963123209656184,0.9963123209656184,0.0,0,1,0.0012820723633832,0.004603787257351,,-1,,,0
ct_w4_i2,4,evaluation,width2,256,42,sampled_two_block_fisher,44,1,4.0,0.0886973015002752,0.2784821043448817,4,1024,542,,0.2732224742734246,44,0.9945043254028236,0.0886973015002752,0.9224051051989798,0.9224051051989798,0.0,0,1,0.0389992927899143,0.1400423660315933,,-1,,,0
ct_w4_i2,4,evaluation,width2,256,42,sampled_star_fisher,44,1,5.0,0.0194363542130577,0.2784821043448817,5,1280,222,,0.6842196306484326,44,0.9945043254028236,0.0194363542130577,0.9821367540559685,0.9821367540559685,0.0,0,1,0.0066812299119464,0.0239915951786697,,-1,,,0
ct_w4_i2,4,evaluation,width2,256,42,sampled_full_fisher,44,1,7.0,0.0759569709207585,0.2784821043448817,7,1792,990,,0.8424764461649126,44,0.9945043254028236,0.0759569709207585,0.9282634287866238,0.9282634287866238,0.0,0,1,0.0385132521853446,0.1382970452480083,,-1,,,0
ct_w4_i2,4,evaluation,width2,256,42,protected_ray_star,44,1,21.0,0.0588906952897918,0.2784821043448817,21,5376,222,,0.9795731618401212,44,0.9945043254028236,0.0588906952897918,0.946479462481795,0.946479462481795,0.0,0,1,0.0291094248401935,0.1045288885211219,,-1,,,0
ct_w4_i2,4,evaluation,width2,256,50,sampled_adam,44,0,,1.014213160866543,0.2016078500227542,199,50944,88,,0.0769990176119937,41,0.9997862873761132,1.014213160866543,1.047501643415774e-15,0.9872136125986046,1.0,9,1,0.0030555780765057,0.015156047128923,74535252.62300846,44,6.465308108703322e-10,0.0481893373167787,1
ct_w4_i2,4,evaluation,width2,256,50,sampled_diagonal_fisher,44,0,,1.0000415188051388,0.2016078500227542,199,50944,44,,0.1772904789567099,41,0.9997862873761132,1.0000415188051388,3.2760765722401446e-31,0.9999640423173894,1.0,9,1,1.2404723902185935e-05,6.152897271007001e-05,645494672447.4329,42,3.1129812784138754e-16,0.0002009412830644,1
ct_w4_i2,4,evaluation,width2,256,50,sampled_two_block_fisher,44,0,,1.0000603291350725,0.2016078500227542,199,50944,542,,0.1965127444766064,41,0.9997862873761132,1.0000603291350725,5.365454862047784e-19,0.9999422205914016,1.0,6,1,2.180225471295704e-05,0.0001081418938324,43523169034.10837,44,1.0699215896663346e-14,0.0004656637820028,1
ct_w4_i2,4,evaluation,width2,256,50,sampled_star_fisher,44,1,6.0,0.0324672662501637,0.2016078500227542,6,1536,222,,0.6333151103232006,41,0.9997862873761132,0.0324672662501637,0.9707813899208227,0.9707813899208227,0.0,0,1,0.0099271027816077,0.049239663934154,,-1,,,0
ct_w4_i2,4,evaluation,width2,256,50,sampled_full_fisher,44,1,9.0,0.0435599108961266,0.2016078500227542,9,2304,990,,0.6146751730525104,41,0.9997862873761132,0.0435599108961266,0.960681245239692,0.960681245239692,0.0,0,1,0.0296801161952817,0.1472170661605284,,-1,,,0
ct_w4_i2,4,evaluation,width2,256,50,protected_ray_star,44,1,18.0,0.0423313584132074,0.2016078500227542,18,4608,222,,0.9787943233752118,41,0.9997862873761132,0.0423313584132074,0.9625258891726944,0.9625258891726944,0.0,0,1,0.0167146235756029,0.0829066108969291,,-1,,,0
ct_w4_i2,4,evaluation,width2,256,101,sampled_adam,44,1,53.0,0.0998158407502511,0.3839746936306746,53,13568,88,,0.3079961931522706,42,0.6332783564084814,0.0998158407502511,0.9229337398038238,0.9229337398038238,0.0,0,1,0.0213038589666962,0.0554824557974317,,-1,,,0
ct_w4_i2,4,evaluation,width2,256,101,sampled_diagonal_fisher,44,1,4.0,0.0050517889720911,0.3839746936306746,4,1024,44,,0.3000868519177779,42,0.6332783564084814,0.0050517889720911,0.9957783063429678,0.9957783063429678,0.0,0,1,0.0012489179122841,0.0032526047497427,,-1,,,0
ct_w4_i2,4,evaluation,width2,256,101,sampled_two_block_fisher,44,1,4.0,0.0262651201228063,0.3839746936306746,4,1024,542,,0.1274022955345747,42,0.6332783564084814,0.0262651201228063,0.9758338171955212,0.9758338171955212,0.0,0,1,0.012052875621473,0.0313897655793589,,-1,,,0
ct_w4_i2,4,evaluation,width2,256,101,sampled_star_fisher,44,1,4.0,0.0587827928855908,0.3839746936306746,4,1024,222,,0.6242109197765122,42,0.6332783564084814,0.0587827928855908,0.9481309828896308,0.9481309828896308,0.0,0,1,0.0243706463269817,0.0634694075709651,,-1,,,0
ct_w4_i2,4,evaluation,width2,256,101,sampled_full_fisher,44,1,6.0,0.07185031859869,0.3839746936306716,6,1536,990,,0.6648647818599468,42,0.6332783564084814,0.07185031859869,0.9314707894968918,0.9314707894968918,0.0,0,1,0.0358473580945458,0.0933586475597942,,-1,,,0
ct_w4_i2,4,evaluation,width2,256,101,protected_ray_star,44,1,22.0,0.0479424251944813,0.3839746936306716,22,5632,222,,0.9794472007034564,42,0.6332783564084814,0.0479424251944813,0.9570833707655324,0.9570833707655324,0.0,0,1,0.0226227948685725,0.0589174110790031,,-1,,,0
ct_w4_i2,4,evaluation,width3,1024,0,sampled_adam,48,1,35.0,0.0995841969223008,0.262376542136887,35,35840,96,,0.2664758684465164,48,0.4082029850804226,0.0995841969223008,0.9229657838640466,0.9229657838640466,0.0,0,1,0.02075603372018,0.0791078102910252,,-1,,,0
ct_w4_i2,4,evaluation,width3,1024,0,sampled_star_fisher,48,1,3.0,0.058350455703195,0.262376542136887,3,3072,274,,0.6024671202340413,48,0.4082029850804226,0.058350455703195,0.9453616302836666,0.9453616302836666,0.0,0,1,0.0179317042756248,0.0683433973539812,,-1,,,0
ct_w4_i2,4,evaluation,width3,1024,0,sampled_full_fisher,48,1,5.0,0.0441632200855277,0.262376542136887,5,5120,1176,,0.9243723421684722,48,0.4082029850804226,0.0441632200855277,0.9604793580039688,0.9604793580039688,0.0,0,1,0.0150625760166152,0.0574082419637833,,-1,,,0
ct_w4_i2,4,evaluation,width3,1024,0,protected_ray_star,48,1,16.0,0.0822732338616987,0.262376542136887,16,16384,274,,0.9794813550861564,48,0.4082029850804226,0.0822732338616987,0.9196427760628206,0.9196427760628206,0.0,0,1,0.0379415721699384,0.1446073336470132,,-1,,,0
ct_w4_i2,4,evaluation,width3,1024,19,sampled_adam,48,0,,1.0100323106027425,0.1933204301780594,199,203776,96,,0.1453505979534073,48,0.7181466273495676,1.0100323106027425,2.7509992469568183e-08,0.9910105845708276,1.0,4,1,0.0021244756914899,0.010989400807422,66143534.12234345,48,4.6115638410973685e-10,0.0305025130280989,1
ct_w4_i2,4,evaluation,width3,1024,19,sampled_star_fisher,48,0,,1.0001522776651086,0.1933204301780594,199,203776,274,,0.6637851131978781,48,0.7181466273495676,1.0001522776651086,4.055352329279218e-07,0.74012612689389,1.0,4,1,6.195849838146075e-05,0.0003204963817036,,-1,,,0
ct_w4_i2,4,evaluation,width3,1024,19,sampled_full_fisher,48,0,,1.000140775921972,0.1933204301780594,199,203776,1176,,0.903500137276378,48,0.7181466273495676,1.000140775921972,3.625379714148332e-07,0.4468303220428011,1.0,10,1,3.653308929106014e-05,0.0001889768673564,,-1,,,0
ct_w4_i2,4,evaluation,width3,1024,19,protected_ray_star,48,1,21.0,0.0786696845969885,0.1933204301780594,21,21504,274,,0.9787825511734018,48,0.7181466273495676,0.0786696845969885,0.9222687513561326,0.9222687513561326,0.0,0,1,0.0422453115794992,0.2185248167541776,,-1,,,0
ct_w4_i2,4,evaluation,width3,1024,42,sampled_adam,48,1,47.0,0.0968789466940975,0.2282074129414925,47,48128,96,,0.1938006659339458,48,0.3730206444875392,0.0968789466940975,0.9192613856117944,0.9192613856117944,0.0,0,1,0.0189963731023361,0.083241700422792,,-1,,,0
ct_w4_i2,4,evaluation,width3,1024,42,sampled_star_fisher,48,1,3.0,0.0983511922397273,0.2282074129414925,3,3072,274,,0.7983610628241947,48,0.3730206444875392,0.0983511922397273,0.9099626285368252,0.9099626285368252,0.0,0,1,0.0303957322489007,0.1331934482631972,,-1,,,0
ct_w4_i2,4,evaluation,width3,1024,42,sampled_full_fisher,48,1,6.0,0.0716052657255712,0.2282074129414925,6,6144,1176,,0.9334404867841372,48,0.3730206444875392,0.0716052657255712,0.9390486861699724,0.9390486861699724,0.0,0,1,0.0254810507083931,0.111657418924099,,-1,,,0
ct_w4_i2,4,evaluation,width3,1024,42,protected_ray_star,48,1,25.0,0.0767367736520086,0.2282074129414925,25,25600,274,,0.9794686877080016,48,0.3730206444875392,0.0767367736520086,0.9251935266004936,0.9251935266004936,0.0,0,1,0.0332368638923402,0.1456432263261379,,-1,,,0
ct_w4_i2,4,evaluation,width3,1024,50,sampled_adam,48,0,,1.012540246217208,0.2871456016973179,199,203776,96,,0.2180257131802685,48,0.435047645956294,1.012540246217208,6.06284998491114e-17,0.9883908483261836,1.0,9,1,0.0027368626349757,0.0095312713090438,261152984.7207316,48,1.7445935974673118e-10,0.0455605825103267,1
ct_w4_i2,4,evaluation,width3,1024,50,sampled_star_fisher,48,0,,1.0000268425904757,0.2871456016973179,199,203776,274,,0.5459959275223222,48,0.435047645956294,1.0000268425904757,2.3019784826372203e-28,0.8517091059128251,1.0,9,1,7.169799434003746e-06,2.4969212105715896e-05,,-1,,,0
ct_w4_i2,4,evaluation,width3,1024,50,sampled_full_fisher,48,1,11.0,0.0866658220134883,0.2871456016973179,11,11264,1176,,0.8861378478462523,48,0.435047645956294,0.0866658220134883,0.9147308639500225,0.9147308639500225,0.0,0,1,0.1083982187004684,0.3775026260535645,,-1,,,0
ct_w4_i2,4,evaluation,width3,1024,50,protected_ray_star,48,1,23.0,0.0907421252652795,0.2871456016973179,23,23552,274,,0.978866154151317,48,0.435047645956294,0.0907421252652795,0.9123130963238756,0.9123130963238756,0.0,0,1,0.0423060749793228,0.1473331812476024,,-1,,,0
ct_w4_i2,4,evaluation,width3,1024,101,sampled_adam,48,1,44.0,0.0975707218264556,0.2727699181432356,44,45056,96,,0.1453511291325723,48,0.3432872760383926,0.0975707218264556,0.9193539448695384,0.9193539448695384,0.0,0,1,0.0207516627329069,0.076077534041015,,-1,,,0
ct_w4_i2,4,evaluation,width3,1024,101,sampled_star_fisher,48,1,3.0,0.039508105354022,0.2727699181432356,3,3072,274,,0.8115130980252496,48,0.3432872760383926,0.039508105354022,0.962038249363027,0.962038249363027,0.0,0,1,0.0112849174540122,0.041371561537392,,-1,,,0
ct_w4_i2,4,evaluation,width3,1024,101,sampled_full_fisher,48,1,5.0,0.0596639297040066,0.2727699181432356,5,5120,1176,,0.8178204728811985,48,0.3432872760383926,0.0596639297040066,0.9450132684312617,0.9450132684312617,0.0,0,1,0.0190360513744034,0.0697879425414035,,-1,,,0
ct_w4_i2,4,evaluation,width3,1024,101,protected_ray_star,48,1,18.0,0.0500333588888537,0.2727699181432356,18,18432,274,,0.9784145088801328,48,0.3432872760383926,0.0500333588888537,0.9508667576352492,0.9508667576352492,0.0,0,1,0.023047230785583,0.0844933009565981,,-1,,,0
ct_w4_i2,4,evaluation,width3,256,0,sampled_adam,48,1,38.0,0.0967280635983325,0.262376542136887,38,9728,96,,0.2664758689479191,47,0.5229609893914035,0.0967280635983325,0.924813604316258,0.924813604316258,0.0,0,1,0.0200118885358506,0.0762716375971219,,-1,,,0
ct_w4_i2,4,evaluation,width3,256,0,sampled_diagonal_fisher,48,1,3.0,0.0053725489768048,0.262376542136887,3,768,48,,0.2731944971886607,47,0.5229609893914035,0.0053725489768048,0.9952539177250548,0.9952539177250548,0.0,0,1,0.0011022561603863,0.004201046905372,,-1,,,0
ct_w4_i2,4,evaluation,width3,256,0,sampled_two_block_fisher,48,1,3.0,0.07765856075798,0.262376542136887,3,768,664,,0.4353188280430391,47,0.5229609893914035,0.07765856075798,0.9470986154748434,0.9470986154748434,0.0,0,1,0.0259847613956609,0.0990361454725789,,-1,,,0
ct_w4_i2,4,evaluation,width3,256,0,sampled_star_fisher,48,1,3.0,0.0356834206083043,0.262376542136887,3,768,274,,0.5679008967356058,47,0.5229609893914035,0.0356834206083043,0.965898635177856,0.965898635177856,0.0,0,1,0.0089212365923045,0.0340016547197658,,-1,,,0
ct_w4_i2,4,evaluation,width3,256,0,sampled_full_fisher,48,1,5.0,0.0525395331841895,0.262376542136887,5,1280,1176,,0.7206063167619554,47,0.5229609893914035,0.0525395331841895,0.954793797552454,0.954793797552454,0.0,0,1,0.0163952078116195,0.0624873232877115,,-1,,,0
ct_w4_i2,4,evaluation,width3,256,0,protected_ray_star,48,1,11.0,0.0801660751107089,0.262376542136887,11,2816,274,,0.9802259548172532,47,0.5229609893914035,0.0801660751107089,0.9229089543102208,0.9229089543102208,0.0,0,1,0.038186012938864,0.1455389747416583,,-1,,,0
ct_w4_i2,4,evaluation,width3,256,19,sampled_adam,48,0,,1.0114649090900816,0.1933204301780594,199,50944,96,,0.096900343945138,47,0.7856807664428366,1.0114649090900816,1.281598541305861e-07,0.9890764980100614,1.0,4,1,0.0024541022562112,0.0126944795950993,83651435.22646847,48,4.79545021368391e-10,0.0401146292931734,1
ct_w4_i2,4,evaluation,width3,256,19,sampled_diagonal_fisher,48,0,,1.000029210997372,0.1933204301780594,199,50944,48,,0.2337536932223731,47,0.7856807664428366,1.000029210997372,8.621723666527477e-13,0.964715813704147,1.0,4,1,6.349328525115414e-06,3.284354643359376e-05,734656974529.4324,39,9.26001269787944e-13,0.6802932912728236,1
ct_w4_i2,4,evaluation,width3,256,19,sampled_two_block_fisher,48,0,,1.0001172050801248,0.1933204301780594,199,50944,664,,0.4456281978138984,47,0.7856807664428366,1.0001172050801248,1.0453747563787327e-12,0.6610193346186914,1.0,10,1,2.2050921078959835e-05,0.0001140641010298,,-1,,,0
ct_w4_i2,4,evaluation,width3,256,19,sampled_star_fisher,48,0,,1.000079867168095,0.1933204301780594,199,50944,274,,0.6379734911853642,47,0.7856807664428366,1.000079867168095,1.807115739615053e-09,0.96319961900275,1.0,4,1,2.1813337272609597e-05,0.0001128351372512,296888681329.4411,43,2.319574068812574e-12,0.6886552865357313,1
ct_w4_i2,4,evaluation,width3,256,19,sampled_full_fisher,48,1,13.0,0.0460352946465434,0.1933204301780594,13,3328,1176,,0.8182914760359022,47,0.7856807664428366,0.0460352946465434,0.958722590423055,0.958722590423055,0.0,0,1,0.0256704769806884,0.1327871914884756,,-1,,,0
ct_w4_i2,4,evaluation,width3,256,19,protected_ray_star,48,1,27.0,0.0747932079682733,0.1933204301780594,27,6912,274,,0.9789745181866032,47,0.7856807664428366,0.0747932079682733,0.9267970421905068,0.9267970421905068,0.0,0,1,0.0372472225249269,0.1926709064873283,,-1,,,0
ct_w4_i2,4,evaluation,width3,256,42,sampled_adam,48,1,49.0,0.0975415228807143,0.2282074129414925,49,12544,96,,0.2180257136059889,48,0.3924968119434702,0.0975415228807143,0.919726706809334,0.919726706809334,0.0,0,1,0.018994792302526,0.0832347733918525,,-1,,,0
ct_w4_i2,4,evaluation,width3,256,42,sampled_diagonal_fisher,48,1,3.0,0.0418004140822461,0.2282074129414925,3,768,48,,0.2693254883803154,48,0.3924968119434702,0.0418004140822461,0.9606610723464284,0.9606610723464284,0.0,0,1,0.0138585873871994,0.0607280333647726,,-1,,,0
ct_w4_i2,4,evaluation,width3,256,42,sampled_two_block_fisher,48,1,4.0,0.0308647831569484,0.2282074129414925,4,1024,664,,0.2478894041802085,48,0.3924968119434702,0.0308647831569484,0.9730414220860872,0.9730414220860872,0.0,0,1,0.0072184610030644,0.0316311416444438,,-1,,,0
ct_w4_i2,4,evaluation,width3,256,42,sampled_star_fisher,48,1,4.0,0.0259543327029039,0.2282074129414925,4,1024,274,,0.7984750312466057,48,0.3924968119434702,0.0259543327029039,0.9757330810059816,0.9757330810059816,0.0,0,1,0.0074274924259295,0.0325471128662843,,-1,,,0
ct_w4_i2,4,evaluation,width3,256,42,sampled_full_fisher,48,1,6.0,0.0679017594033286,0.2282074129414925,6,1536,1176,,0.8655279567757616,48,0.3924968119434702,0.0679017594033286,0.9383373548101462,0.9383373548101462,0.0,0,1,0.0208663094994805,0.0914357216994973,,-1,,,0
ct_w4_i2,4,evaluation,width3,256,42,protected_ray_star,48,1,14.0,0.05424580807672,0.2282074129414925,14,3584,274,,0.9791135306408236,48,0.3924968119434702,0.05424580807672,0.9467037456356676,0.9467037456356676,0.0,0,1,0.0239059649863595,0.1047554269960918,,-1,,,0
ct_w4_i2,4,evaluation,width3,256,50,sampled_adam,48,0,,1.013214218493891,0.2871456016973179,199,50944,96,,0.2664758676745077,44,0.4702318749833634,1.013214218493891,1.0825523572064231e-16,0.987807648565338,1.0,9,1,0.0028250896289165,0.0098385265601056,203881599.2331213,48,2.3198477038027606e-10,0.0472974259828591,1
ct_w4_i2,4,evaluation,width3,256,50,sampled_diagonal_fisher,48,0,,1.0001302119036346,0.2871456016973179,199,50944,48,,0.2783578850785668,44,0.4702318749833634,1.0001302119036346,4.615538697708032e-28,0.9999201672121698,1.0,9,1,4.081431157654545e-05,0.0001421380349735,751949737731.3455,48,5.861644113403922e-16,0.0004407661753748,1
ct_w4_i2,4,evaluation,width3,256,50,sampled_two_block_fisher,48,0,,1.0000846903915424,0.2871456016973179,199,50944,664,,0.3843383092862119,44,0.4702318749833634,1.0000846903915424,6.389820107762295e-28,0.8867633314910919,1.0,9,1,1.9945684290132743e-05,6.946191817751616e-05,,-1,,,0
ct_w4_i2,4,evaluation,width3,256,50,sampled_star_fisher,48,0,,1.0001321513007273,0.2871456016973179,199,50944,274,,0.4990142295660965,44,0.4702318749833634,1.0001321513007273,9.33830753705669e-29,0.5521984538355669,1.0,9,1,2.8268875683833908e-05,9.844787980988237e-05,,-1,,,0
ct_w4_i2,4,evaluation,width3,256,50,sampled_full_fisher,48,0,,1.0002800063064363,0.2871456016973179,199,50944,1176,,0.6959638389417165,44,0.4702318749833634,1.0002800063064363,1.3230000916280364e-19,0.7802888127013072,1.0,9,1,6.014278657884881e-05,0.0002094504886139,,-1,,,0
ct_w4_i2,4,evaluation,width3,256,50,protected_ray_star,48,1,35.0,0.0896052457951057,0.2871456016973179,35,8960,274,,0.9792510027435682,44,0.4702318749833634,0.0896052457951057,0.9130762735435152,0.9130762735435152,0.0,0,1,0.0386850643357299,0.1347228169509214,,-1,,,0
ct_w4_i2,4,evaluation,width3,256,101,sampled_adam,48,1,45.0,0.0995835312507793,0.2727699181432356,45,11520,96,,0.0969003876103337,46,0.3646855124041304,0.0995835312507793,0.9169763575308796,0.9169763575308796,0.0,0,1,0.0212788577691351,0.07801028029037,,-1,,,0
ct_w4_i2,4,evaluation,width3,256,101,sampled_diagonal_fisher,48,1,3.0,0.0221574527877699,0.2727699181432356,3,768,48,,0.2144868605364408,46,0.3646855124041304,0.0221574527877699,0.9789652717251476,0.9789652717251476,0.0,0,1,0.0063093097741453,0.0231305189996511,,-1,,,0
ct_w4_i2,4,evaluation,width3,256,101,sampled_two_block_fisher,48,1,3.0,0.0549565994484044,0.2727699181432356,3,768,664,,0.1694325385246123,46,0.3646855124041304,0.0549565994484044,0.9500744131402592,0.9500744131402592,0.0,0,1,0.0121131036731649,0.0444077695796506,,-1,,,0
ct_w4_i2,4,evaluation,width3,256,101,sampled_star_fisher,48,1,3.0,0.066801680969748,0.2727699181432356,3,768,274,,0.7989133178275261,46,0.3646855124041304,0.066801680969748,0.9365094389124884,0.9365094389124884,0.0,0,1,0.0199071526467237,0.0729814811773714,,-1,,,0
ct_w4_i2,4,evaluation,width3,256,101,sampled_full_fisher,48,1,5.0,0.0646070778763565,0.2727699181432356,5,1280,1176,,0.7382679284924373,46,0.3646855124041304,0.0646070778763565,0.941833464971422,0.941833464971422,0.0,0,1,0.0190472317883522,0.0698289309833287,,-1,,,0
ct_w4_i2,4,evaluation,width3,256,101,protected_ray_star,48,1,11.0,0.0678764326044412,0.2727699181432356,11,2816,274,,0.9779583571687496,46,0.3646855124041304,0.0678764326044412,0.9350970996327794,0.9350970996327794,0.0,0,1,0.0278515813960754,0.1021064990804819,,-1,,,0
ct_w4_i2,4,evaluation,width3,64,0,sampled_adam,48,1,41.0,0.0992775442815947,0.262376542136887,41,2624,96,,0.1453504505193991,43,0.4124895146639195,0.0992775442815947,0.9231375515840692,0.9231375515840692,0.0,0,1,0.0198932241444999,0.0758193700644217,,-1,,,0
ct_w4_i2,4,evaluation,width3,64,0,sampled_star_fisher,48,1,3.0,0.0747517847909957,0.262376542136887,3,192,274,,0.4500828722593412,43,0.4124895146639195,0.0747517847909957,0.9379149815616636,0.9379149815616636,0.0,0,1,0.017208616079752,0.0655874795040706,,-1,,,0
ct_w4_i2,4,evaluation,width3,64,0,sampled_full_fisher,48,1,5.0,0.0758741458928042,0.262376542136887,5,320,1176,,0.5400071217428793,43,0.4124895146639195,0.0758741458928042,0.9410588138448808,0.9410588138448808,0.0,0,1,0.0185813831425672,0.0708195290296683,,-1,,,0
ct_w4_i2,4,evaluation,width3,64,0,protected_ray_star,48,1,12.0,0.0394148956676332,0.262376542136887,12,768,274,,0.9785786899066572,43,0.4124895146639195,0.0394148956676332,0.9691334095922686,0.9691334095922686,0.0,0,1,0.0171928812648485,0.065527509147059,,-1,,,0
ct_w4_i2,4,evaluation,width3,64,19,sampled_adam,48,0,,1.0139464237957654,0.1933204301780594,199,12736,96,,0.1453504283126661,43,0.4267111129373227,1.0139464237957654,3.10804592706844e-07,0.9853625409833536,1.0,4,1,0.0027924334022997,0.0144445850846064,44964096.23052979,48,1.3596295520160375e-09,0.0611345140147212,1
ct_w4_i2,4,evaluation,width3,64,19,sampled_star_fisher,48,1,5.0,0.0740098984129939,0.1933204301780594,5,320,274,,0.3848979425750342,43,0.4267111129373227,0.0740098984129939,0.9385630199489398,0.9385630199489398,0.0,0,1,0.0216987507875387,0.1122424089763971,,-1,,,0
ct_w4_i2,4,evaluation,width3,64,19,sampled_full_fisher,48,0,,1.0010005397630408,0.1933204301780594,199,12736,1176,,0.5998735083448128,43,0.4267111129373227,1.0010005397630408,2.0768298067663205e-06,0.3421950207598961,1.0,4,1,0.0002967635594978,0.0015350863808058,,-1,,,0
ct_w4_i2,4,evaluation,width3,64,19,protected_ray_star,48,1,16.0,0.0299592929347927,0.1933204301780594,16,1024,274,,0.9789128340710892,43,0.4267111129373227,0.0299592929347927,0.9715423882394384,0.9715423882394384,0.0,0,1,0.0136299031696395,0.0705042046362383,,-1,,,0
ct_w4_i2,4,evaluation,width3,64,42,sampled_adam,48,1,57.0,0.0980791987740996,0.2282074129414925,57,3648,96,,0.1211254400435187,39,0.2229597515371897,0.0980791987740996,0.9208383587778588,0.9208383587778588,0.0,0,1,0.0190641580454715,0.0835387325930519,,-1,,,0
ct_w4_i2,4,evaluation,width3,64,42,sampled_star_fisher,48,1,4.0,0.0496668363309282,0.2282074129414925,4,256,274,,0.440703454473232,39,0.2229597515371897,0.0496668363309282,0.9559342842809806,0.9559342842809806,0.0,0,1,0.0126258254218703,0.0553260968131099,,-1,,,0
ct_w4_i2,4,evaluation,width3,64,42,sampled_full_fisher,48,1,6.0,0.0722052443507763,0.2282074129414925,6,384,1176,,0.5429156146614537,39,0.2229597515371897,0.0722052443507763,0.9366133600408788,0.9366133600408788,0.0,0,1,0.0200667567463476,0.0879320986452456,,-1,,,0
ct_w4_i2,4,evaluation,width3,64,42,protected_ray_star,48,1,14.0,0.04714030539958,0.2282074129414925,14,896,274,,0.979334319936563,39,0.2229597515371897,0.04714030539958,0.9544188279666171,0.9544188279666171,0.0,0,1,0.0191102893830653,0.0837408791272034,,-1,,,0
ct_w4_i2,4,evaluation,width3,64,50,sampled_adam,48,0,,1.014145395442485,0.2871456016973179,199,12736,96,,0.1938006266975799,36,0.4199730859723251,1.014145395442485,5.006818733424763e-16,0.9874248866992282,1.0,9,1,0.0029501731271994,0.0102741365696042,106137163.73893996,48,4.351441967981641e-10,0.0461849708656162,1
ct_w4_i2,4,evaluation,width3,64,50,sampled_star_fisher,48,0,,1.0004770849697344,0.2871456016973179,199,12736,274,,0.3349117348285456,36,0.4199730859723251,1.0004770849697344,2.9068888507970102e-24,0.9629596272147806,1.0,9,1,0.0001209334078163,0.0004211570962659,44693162473.05763,48,1.899565932870741e-11,0.8489760886607731,1
ct_w4_i2,4,evaluation,width3,64,50,sampled_full_fisher,48,0,,1.0007733385643558,0.2871456016973179,199,12736,1176,,0.4619179620952958,36,0.4199730859723251,1.0007733385643558,1.910756005827991e-21,0.7864080897100029,1.0,9,1,0.0001506372756581,0.0005246024134365,,-1,,,0
ct_w4_i2,4,evaluation,width3,64,50,protected_ray_star,48,1,25.0,0.060475347110632,0.2871456016973179,25,1600,274,,0.9791311812824948,36,0.4199730859723251,0.060475347110632,0.9421870468565812,0.9421870468565812,0.0,0,1,0.0232128421283317,0.0808399710499502,,-1,,,0
ct_w4_i2,4,evaluation,width3,64,101,sampled_adam,48,1,52.0,0.0979892036024114,0.2727699181432356,52,3328,96,,0.2180258081184975,39,0.3070954544224221,0.0979892036024114,0.9207023563400368,0.9207023563400368,0.0,0,1,0.0197176747513136,0.0722868375132173,,-1,,,0
ct_w4_i2,4,evaluation,width3,64,101,sampled_star_fisher,48,1,3.0,0.0735987837364415,0.2727699181432356,3,192,274,,0.6231390506903804,39,0.3070954544224221,0.0735987837364415,0.9403280692082658,0.9403280692082658,0.0,0,1,0.015084430026626,0.0553009295501014,,-1,,,0
ct_w4_i2,4,evaluation,width3,64,101,sampled_full_fisher,48,1,5.0,0.0770729222992159,0.2727699181432356,5,320,1176,,0.3091657700224156,39,0.3070954544224221,0.0770729222992159,0.9384451988717728,0.9384451988717728,0.0,0,1,0.0172490128794758,0.0632364924874821,,-1,,,0
ct_w4_i2,4,evaluation,width3,64,101,protected_ray_star,48,1,17.0,0.0917185655189083,0.2727699181432356,17,1088,274,,0.9783770766592708,39,0.3070954544224221,0.0917185655189083,0.9132600872799634,0.9132600872799634,0.0,0,1,0.0401997092682946,0.1473758893280349,,-1,,,0
ct_w4_i3,4,evaluation,chain,256,0,sampled_adam,31,0,,1.0287820170125972,0.3730614001308975,199,50944,62,,-0.4977956672421949,27,1.8516014064237385,1.0287820170125972,5.257097901527999e-20,0.6808553100745093,1.0,9,1,0.0069882436686896,0.0187321541875885,,-1,,,0
ct_w4_i3,4,evaluation,chain,256,0,sampled_diagonal_fisher,31,0,,1.0000393600352968,0.3730614001308975,199,50944,31,,-0.4186103568558422,27,1.8516014064237385,1.0000393600352968,4.5099887696742623e-38,0.6584032174283471,1.0,9,1,1.27709413959907e-05,3.423281366421107e-05,,-1,,,0
ct_w4_i3,4,evaluation,chain,256,0,sampled_two_block_fisher,31,0,,1.0000812646231036,0.3730614001308975,199,50944,256,,-0.454718669924361,27,1.8516014064237385,1.0000812646231036,5.0583788780612005e-37,0.8389774873711691,1.0,9,1,2.0820452961403995e-05,5.580972181549376e-05,,-1,,,0
ct_w4_i3,4,evaluation,chain,256,0,sampled_star_fisher,31,0,,1.000180204415658,0.3730614001308975,199,50944,90,,0.2120110913528407,27,1.8516014064237385,1.000180204415658,2.3806814273824386e-33,0.5011040824096793,1.0,9,1,6.587557210260851e-05,0.0001765810455852,,-1,,,0
ct_w4_i3,4,evaluation,chain,256,0,sampled_full_fisher,31,0,,1.0001200558027712,0.3730614001308975,199,50944,496,,-0.1109443860872008,27,1.8516014064237385,1.0001200558027712,6.541411259752376e-38,0.573217692195283,1.0,9,1,3.350502658199185e-05,8.981102459336669e-05,,-1,,,0
ct_w4_i3,4,evaluation,chain,256,0,protected_ray_star,31,0,,1.9407599743998976,0.3730614001308975,199,50944,90,,-0.980341982887551,27,1.8516014064237385,3.0346837178797195,6.767694691601393e-10,0.0940651218373714,1.0,9,1,0.2394322131654814,0.641803770321644,,-1,,,0
ct_w4_i3,4,evaluation,chain,256,19,sampled_adam,31,0,,2.027078332301325,0.3843739543452525,199,50944,62,,-0.5360876000438548,29,1.697363255502421,2.027078332301325,3.5668732777470373e-20,0.9777209369591884,2.0,9,1,0.0057570647839343,0.0149777702647439,1982.971273997932,31,2.242941630700836e-05,0.0444768882293383,1
ct_w4_i3,4,evaluation,chain,256,19,sampled_diagonal_fisher,31,0,,1.000046972002787,0.3843739543452525,199,50944,31,,-0.4807034770451001,29,1.697363255502421,1.000046972002787,1.2524994861073908e-41,0.9996793139127436,1.0,9,1,1.8360404500820203e-05,4.776703596396262e-05,3171762.731377417,31,5.63874404951962e-10,0.0017884758228042,1
ct_w4_i3,4,evaluation,chain,256,19,sampled_two_block_fisher,31,0,,1.000077382140205,0.3843739543452525,199,50944,256,,-0.5776994570360258,29,1.697363255502421,1.000077382140205,6.231920670937633e-41,0.9828861525892532,1.0,9,1,2.4733592578189573e-05,6.434773297873704e-05,515559098.3986392,31,2.5998353292344723e-10,0.1340368758325053,1
ct_w4_i3,4,evaluation,chain,256,19,sampled_star_fisher,31,0,,1.0000680325519102,0.3843739543452525,199,50944,90,,-0.0538923641828952,29,1.697363255502421,1.0000680325519102,2.428018523431307e-37,0.9961136847700784,1.0,9,1,1.943059224883647e-05,5.055127182572707e-05,9461252.09580408,31,3.2215182481819853e-09,0.0304795962772829,1
ct_w4_i3,4,evaluation,chain,256,19,sampled_full_fisher,31,0,,1.0000914050399192,0.3843739543452525,199,50944,496,,-0.3441466887867692,29,1.697363255502421,1.0000914050399192,1.7811172989027706e-38,0.9974348201044833,1.0,9,1,2.890665089909134e-05,7.520449960854215e-05,4199396.180171821,31,4.271820749443626e-09,0.0179390677375922,1
ct_w4_i3,4,evaluation,chain,256,19,protected_ray_star,31,0,,2.283035422324282,0.3843739543452525,199,50944,90,,-0.979157035178076,29,1.697363255502421,2.7663862407262982,1.5059059512258528e-10,0.0987355618878998,2.0,9,0,0.1933401458431586,0.5030001217759322,,-1,,,0
ct_w4_i3,4,evaluation,chain,256,42,sampled_adam,31,0,,2.025277069500081,0.3370703236123026,199,50944,62,,-0.4595032492469741,30,1.9005840974445607,2.025277069500081,6.929602276612629e-22,0.9118799056778254,2.0,9,1,0.006655823064648,0.0197460962843573,14495.293110186662,31,3.652276139857615e-05,0.5294081316657723,1
ct_w4_i3,4,evaluation,chain,256,42,sampled_diagonal_fisher,31,0,,1.0000354218773797,0.3370703236123026,199,50944,31,,-0.4236399931099047,30,1.9005840974445607,1.0000354218773797,2.0537027394364565e-39,0.99997524651168,1.0,7,1,7.870436337917159e-06,2.334953802391015e-05,196132.3479647633,31,3.2516241523914184e-10,6.377486797074621e-05,1
ct_w4_i3,4,evaluation,chain,256,42,sampled_two_block_fisher,31,0,,1.000068401282233,0.3370703236123026,199,50944,256,,-0.4731745149301705,30,1.9005840974445607,1.000068401282233,8.295282370941652e-40,0.9999462449648246,1.0,7,1,1.7381043451946548e-05,5.156503623836721e-05,1678131.1364022405,31,1.1799832373834728e-10,0.0001980166611085,1
ct_w4_i3,4,evaluation,chain,256,42,sampled_star_fisher,31,0,,1.000120952692244,0.3370703236123026,199,50944,90,,0.111605151021949,30,1.9005840974445607,1.000120952692244,3.2608735382159745e-37,0.9999193927653056,1.0,7,1,3.763945213079719e-05,0.0001116664668886,60006.53368651104,31,5.4626685152349365e-09,0.0003277958022776,1
ct_w4_i3,4,evaluation,chain,256,42,sampled_full_fisher,31,0,,1.0001113965094015,0.3370703236123026,199,50944,496,,0.0557569231448662,30,1.9005840974445607,1.0001113965094015,2.3223293822826063e-48,0.999911417436098,1.0,11,1,3.178253640869363e-05,9.429052094556332e-05,577096.9567140595,31,5.988870483351281e-10,0.0003456158930096,1
ct_w4_i3,4,evaluation,chain,256,42,protected_ray_star,31,0,,2.261286193457206,0.3370703236123026,199,50944,90,,-0.9747827732780272,30,1.9005840974445607,3.41004880529857,7.709092430058236e-11,0.1504297068074465,1.0,10,1,0.3767063442367887,1.1175897664312786,,-1,,,0
ct_w4_i3,4,evaluation,chain,256,50,sampled_adam,31,0,,1.0316080205723246,0.2866110679433885,199,50944,62,,-0.4595049336120068,27,1.4900964268920545,1.0316080205723246,7.118733208356907e-21,0.9815116223966271,1.0,9,1,0.0076997077566668,0.026864656036897,5168.194360008945,31,8.259824826054129e-06,0.0426883800806748,1
ct_w4_i3,4,evaluation,chain,256,50,sampled_diagonal_fisher,31,0,,1.0001600571068447,0.2866110679433885,199,50944,31,,-0.5165755560128032,27,1.4900964268920545,1.0001600571068447,9.94960872946192e-40,0.999838629579291,1.0,11,1,5.046950186718119e-05,0.0001760905544553,1451872.5734156524,31,4.1087120567212136e-10,0.0005965326347215,1
ct_w4_i3,4,evaluation,chain,256,50,sampled_two_block_fisher,31,0,,1.00013273735307,0.2866110679433885,199,50944,256,,-0.6412222719638504,27,1.4900964268920545,1.00013273735307,3.029185163653468e-39,0.9998829667789372,1.0,9,1,4.8295664654321365e-05,0.0001685059303566,24355401.82697643,31,3.056585169015845e-11,0.0007444436000975,1
ct_w4_i3,4,evaluation,chain,256,50,sampled_star_fisher,31,0,,1.00014287856896,0.2866110679433885,199,50944,90,,0.0527793320536358,27,1.4900964268920545,1.00014287856896,2.805626017194261e-33,0.8950115869961348,1.0,8,1,4.167795780716712e-05,0.0001454164282846,,-1,,,0
ct_w4_i3,4,evaluation,chain,256,50,sampled_full_fisher,31,0,,1.0002873107868933,0.2866110679433885,199,50944,496,,-0.5472039931969425,27,1.4900964268920545,1.0002873107868933,6.909653177337679e-33,0.9582722232762556,1.0,11,1,8.71531203521775e-05,0.0003040814891677,11022647.282592008,31,2.8860366800601085e-08,0.3181176436892541,1
ct_w4_i3,4,evaluation,chain,256,50,protected_ray_star,31,0,,2.608373752302745,0.2866110679433885,199,50944,90,,-0.9797122713327768,27,1.4900964268920545,2.9344930055010074,1.344907147027568e-09,0.0735803943621223,1.0,9,1,0.1914586925038429,0.6680087195434472,,-1,,,0
ct_w4_i3,4,evaluation,chain,256,101,sampled_adam,31,0,,2.02776739220427,0.3266561998101061,199,50944,62,,-0.536087684620892,27,1.92868938110492,2.02776739220427,2.632461079173145e-22,0.965781333149733,2.0,9,1,0.0071038636450038,0.0217472181735215,1894.284257187313,31,5.445664822296671e-05,0.1031563714279533,1
ct_w4_i3,4,evaluation,chain,256,101,sampled_diagonal_fisher,31,0,,1.0000165699090449,0.3266561998101061,199,50944,31,,-0.5230043994513001,27,1.92868938110492,1.0000165699090449,3.3804124842337484e-40,0.9912886707371804,1.0,9,1,4.609055237220404e-06,1.4109804864869456e-05,570696728.6779952,31,1.208436235156333e-10,0.0689650606219671,1
ct_w4_i3,4,evaluation,chain,256,101,sampled_two_block_fisher,31,0,,1.00012002834708,0.3266561998101061,199,50944,256,,-0.6407652508242104,27,1.92868938110492,1.00012002834708,3.804345153979076e-40,0.9623238111479564,1.0,9,1,3.842114554229323e-05,0.0001176195203539,95437038.65188754,31,2.997163237509795e-09,0.2860403837442387,1
ct_w4_i3,4,evaluation,chain,256,101,sampled_star_fisher,31,0,,1.000132080812998,0.3266561998101061,199,50944,90,,0.1084119574344205,27,1.92868938110492,1.000132080812998,4.3170337436000353e-36,0.7793115146921532,1.0,9,1,4.288955111978597e-05,0.0001312987512397,,-1,,,0
ct_w4_i3,4,evaluation,chain,256,101,sampled_full_fisher,31,0,,1.000136546141592,0.3266561998100926,199,50944,496,,-0.5200445080306733,27,1.92868938110492,1.000136546141592,1.7660361084974911e-34,0.9867746096350112,1.0,9,1,3.362166517564779e-05,0.0001029267627407,6876731.780967583,31,1.4443522809036252e-08,0.0993242323300297,1
ct_w4_i3,4,evaluation,chain,256,101,protected_ray_star,31,0,,2.2527878629629505,0.3266561998100926,199,50944,90,,-0.9699058250396608,27,1.92868938110492,2.527123355154231,7.713686296410373e-11,0.0981320838550193,2.0,9,0,0.1428521228483753,0.437316429112397,,-1,,,0
ct_w4_i3,4,evaluation,problem_tree,256,0,sampled_adam,31,1,83.0,0.0986240253882755,0.4338473467641996,83,21248,62,,0.2113412263157399,29,0.9235217789248288,0.0986240253882755,0.9207611898818424,0.9207611898818424,0.0,0,1,0.0218156059840218,0.0502840599273708,,-1,,,0
ct_w4_i3,4,evaluation,problem_tree,256,0,sampled_diagonal_fisher,31,1,3.0,0.0876375219579692,0.4338473467641996,3,768,31,,0.2468459518994928,29,0.9235217789248288,0.0876375219579692,0.9179782101615226,0.9179782101615226,0.0,0,1,0.0234711264066664,0.0540999653028261,,-1,,,0
ct_w4_i3,4,evaluation,problem_tree,256,0,sampled_two_block_fisher,31,1,3.0,0.0644483922148744,0.4338473467641996,3,768,256,,0.026636710940627,29,0.9235217789248288,0.0644483922148744,0.9419635790444184,0.9419635790444184,0.0,0,1,0.0149857058478661,0.0345414255950515,,-1,,,0
ct_w4_i3,4,evaluation,problem_tree,256,0,sampled_star_fisher,31,1,4.0,0.0340093185786685,0.4338473467641996,4,1024,98,,0.4184649031105216,29,0.9235217789248288,0.0340093185786685,0.9699684139680788,0.9699684139680788,0.0,0,1,0.0079690531359837,0.0183683343817127,,-1,,,0
ct_w4_i3,4,evaluation,problem_tree,256,0,sampled_full_fisher,31,1,4.0,0.0771184497531027,0.4338473467641996,4,1024,496,,0.3533161404194994,29,0.9235217789248288,0.0771184497531027,0.9301623975553944,0.9301623975553944,0.0,0,1,0.0186458599367998,0.042977927780054,,-1,,,0
ct_w4_i3,4,evaluation,problem_tree,256,0,protected_ray_star,31,1,20.0,0.0901936170219137,0.4338473467641996,20,5120,98,,0.9757281809668557,29,0.9235217789248288,0.0901936170219137,0.9170373602015748,0.9170373602015748,0.0,0,1,0.0246477975835474,0.0568121431821127,,-1,,,0
ct_w4_i3,4,evaluation,problem_tree,256,19,sampled_adam,31,1,88.0,0.0986070002302827,0.3145911572402003,88,22528,62,,0.3874584469400605,30,1.179481809272994,0.0986070002302827,0.9196018225718976,0.9196018225718976,0.0,0,1,0.0196210680505312,0.0623700558612649,,-1,,,0
ct_w4_i3,4,evaluation,problem_tree,256,19,sampled_diagonal_fisher,31,1,4.0,0.0356336334648403,0.3145911572402003,4,1024,31,,0.2805475594108377,30,1.179481809272994,0.0356336334648403,0.9752766931359316,0.9752766931359316,0.0,0,1,0.0073078963985791,0.023229821405944,,-1,,,0
ct_w4_i3,4,evaluation,problem_tree,256,19,sampled_two_block_fisher,31,1,3.0,0.0687671107369389,0.3145911572402003,3,768,256,,-0.0051744389230097,30,1.179481809272994,0.0687671107369389,0.935911498448394,0.935911498448394,0.0,0,1,0.0175916398152199,0.0559190536998729,,-1,,,0
ct_w4_i3,4,evaluation,problem_tree,256,19,sampled_star_fisher,31,1,4.0,0.0499828617488482,0.3145911572402003,4,1024,98,,0.4910934066278045,30,1.179481809272994,0.0499828617488482,0.95338372450556,0.95338372450556,0.0,0,1,0.0155751139916249,0.049509064807352,,-1,,,0
ct_w4_i3,4,evaluation,problem_tree,256,19,sampled_full_fisher,31,1,5.0,0.064024102741337,0.3145911572402003,5,1280,496,,0.4455074874768606,30,1.179481809272994,0.064024102741337,0.9395250032298168,0.9395250032298168,0.0,0,1,0.0177323452902156,0.056366318258197,,-1,,,0
ct_w4_i3,4,evaluation,problem_tree,256,19,protected_ray_star,31,1,25.0,0.0697945078288366,0.3145911572402003,25,6400,98,,0.970800746329802,30,1.179481809272994,0.0697945078288366,0.9349114171733116,0.9349114171733116,0.0,0,1,0.0198510785732978,0.0631011969549445,,-1,,,0
ct_w4_i3,4,evaluation,problem_tree,256,42,sampled_adam,31,1,86.0,0.0996220966940324,0.2193444812964044,86,22016,62,,0.352234887328975,31,1.4822188366883975,0.0996220966940324,0.9191886006096304,0.9191886006096304,0.0,0,1,0.0208287257801479,0.09495896891065,,-1,,,0
ct_w4_i3,4,evaluation,problem_tree,256,42,sampled_diagonal_fisher,31,1,5.0,0.0273260879458998,0.2193444812964044,5,1280,31,,0.2439416673715793,31,1.4822188366883975,0.0273260879458998,0.9753729438461172,0.9753729438461172,0.0,0,1,0.0066950358243418,0.0305229280662625,,-1,,,0
ct_w4_i3,4,evaluation,problem_tree,256,42,sampled_two_block_fisher,31,1,4.0,0.0350014815434924,0.2193444812964044,4,1024,256,,0.1147930659440198,31,1.4822188366883975,0.0350014815434924,0.96844234784984,0.96844234784984,0.0,0,1,0.0095491320542008,0.0435348635067636,,-1,,,0
ct_w4_i3,4,evaluation,problem_tree,256,42,sampled_star_fisher,31,1,5.0,0.0448972969910421,0.2193444812964044,5,1280,98,,0.5893039779928662,31,1.4822188366883975,0.0448972969910421,0.9584577828142432,0.9584577828142432,0.0,0,1,0.0116303598117812,0.0530232615976552,,-1,,,0
ct_w4_i3,4,evaluation,problem_tree,256,42,sampled_full_fisher,31,1,6.0,0.0741627177415207,0.2193444812964044,6,1536,496,,0.7184999586258131,31,1.4822188366883975,0.0741627177415207,0.9302047126631552,0.9302047126631552,0.0,0,1,0.0201481459257274,0.091856178950319,,-1,,,0
ct_w4_i3,4,evaluation,problem_tree,256,42,protected_ray_star,31,1,28.0,0.0558283121633866,0.2193444812964044,28,7168,98,,0.9612272655595409,31,1.4822188366883975,0.0558283121633866,0.9477538333219988,0.9477538333219988,0.0,0,1,0.0153397081849084,0.0699343247399947,,-1,,,0
ct_w4_i3,4,evaluation,problem_tree,256,50,sampled_adam,31,1,84.0,0.0991693587055557,0.2804291232906507,84,21504,62,,-0.0704469379460829,28,1.4620358330304597,0.0991693587055557,0.9252267917460936,0.9252267917460936,0.0,0,1,0.0191031178720146,0.0681210198422054,,-1,,,0
ct_w4_i3,4,evaluation,problem_tree,256,50,sampled_diagonal_fisher,31,1,4.0,0.0342117011988953,0.2804291232906507,4,1024,31,,-0.0659973422631922,28,1.4620358330304597,0.0342117011988953,0.968525727689257,0.968525727689257,0.0,0,1,0.012058395663959,0.0429997980326072,,-1,,,0
ct_w4_i3,4,evaluation,problem_tree,256,50,sampled_two_block_fisher,31,1,4.0,0.0424655922860139,0.2804291232906507,4,1024,256,,-0.2149950835414267,28,1.4620358330304597,0.0424655922860139,0.9624066234491128,0.9624066234491128,0.0,0,1,0.0122470344986018,0.0436724772195231,,-1,,,0
ct_w4_i3,4,evaluation,problem_tree,256,50,sampled_star_fisher,31,1,4.0,0.0661935152086439,0.2804291232906507,4,1024,98,,0.3905698695044143,28,1.4620358330304597,0.0661935152086439,0.9378753255355782,0.9378753255355782,0.0,0,1,0.0226568601927313,0.0807935350182891,,-1,,,0
ct_w4_i3,4,evaluation,problem_tree,256,50,sampled_full_fisher,31,1,5.0,0.064810464968005,0.2804291232906507,5,1280,496,,0.2434566985586244,28,1.4620358330304597,0.064810464968005,0.9469760125486508,0.9469760125486508,0.0,0,1,0.0189087669160345,0.067427971439459,,-1,,,0
ct_w4_i3,4,evaluation,problem_tree,256,50,protected_ray_star,31,1,31.0,0.0969152889918572,0.2804291232906507,31,7936,98,,0.9347632607532792,28,1.4620358330304597,0.0969152889918572,0.9095461654039484,0.9095461654039484,0.0,0,1,0.0269805164685181,0.0962115352068985,,-1,,,0
ct_w4_i3,4,evaluation,problem_tree,256,101,sampled_adam,31,1,74.0,0.0995768369114653,0.2760661096987093,74,18944,62,,0.0704469789799965,30,1.1304689880187762,0.0995768369114653,0.9274405866616624,0.9274405866616624,0.0,0,1,0.0194866125211956,0.0705867610568453,,-1,,,0
ct_w4_i3,4,evaluation,problem_tree,256,101,sampled_diagonal_fisher,31,1,3.0,0.0417299488801869,0.2760661096987093,3,768,31,,0.0882286963333066,30,1.1304689880187762,0.0417299488801869,0.9626398276217908,0.9626398276217908,0.0,0,1,0.0088795412792275,0.0321645467055643,,-1,,,0
ct_w4_i3,4,evaluation,problem_tree,256,101,sampled_two_block_fisher,31,1,3.0,0.0939372621453529,0.2760661096987093,3,768,256,,-0.089864952156817,30,1.1304689880187762,0.0939372621453529,0.9288462837000742,0.9288462837000742,0.0,0,1,0.0219300202201102,0.0794375674871647,,-1,,,0
ct_w4_i3,4,evaluation,problem_tree,256,101,sampled_star_fisher,31,1,3.0,0.0954205631063729,0.2760661096987093,3,768,98,,0.4836618242157913,30,1.1304689880187762,0.0954205631063729,0.919350175610692,0.919350175610692,0.0,0,1,0.0202253037868221,0.073262537762768,,-1,,,0
ct_w4_i3,4,evaluation,problem_tree,256,101,sampled_full_fisher,31,1,5.0,0.0390860953753851,0.2760661096987087,5,1280,496,,0.4481469988066083,30,1.1304689880187762,0.0390860953753851,0.9665421194720628,0.9665421194720628,0.0,0,1,0.0098421990688636,0.0356516020007133,,-1,,,0
ct_w4_i3,4,evaluation,problem_tree,256,101,protected_ray_star,31,1,24.0,0.0697802700924459,0.2760661096987087,24,6144,98,,0.9674314744940488,30,1.1304689880187762,0.0697802700924459,0.9341107209792764,0.9341107209792764,0.0,0,1,0.019384467832621,0.0702167602310068,,-1,,,0
ct_w4_i3,4,evaluation,width2,256,0,sampled_adam,41,1,50.0,0.0978125977297974,0.3417144515133949,50,12800,82,,0.3217942758487883,40,0.4290977530875998,0.0978125977297974,0.9118568156078176,0.9118568156078176,0.0,0,1,0.0243121012685259,0.0711474190244274,,-1,,,0
ct_w4_i3,4,evaluation,width2,256,0,sampled_diagonal_fisher,41,1,3.0,0.0421296050868615,0.3417144515133949,3,768,41,,0.351397775462575,40,0.4290977530875998,0.0421296050868615,0.9588264793241722,0.9588264793241722,0.0,0,1,0.0131334921478019,0.0384341138913966,,-1,,,0
ct_w4_i3,4,evaluation,width2,256,0,sampled_two_block_fisher,41,1,3.0,0.0692635929405227,0.3417144515133949,3,768,461,,0.3724279018038723,40,0.4290977530875998,0.0692635929405227,0.9366944024826508,0.9366944024826508,0.0,0,1,0.0199751247581493,0.058455604290901,,-1,,,0
ct_w4_i3,4,evaluation,width2,256,0,sampled_star_fisher,41,1,4.0,0.0406764102438721,0.3417144515133949,4,1024,183,,0.556370001945904,40,0.4290977530875998,0.0406764102438721,0.9624225523850144,0.9624225523850144,0.0,0,1,0.0106817467150409,0.0312592770593497,,-1,,,0
ct_w4_i3,4,evaluation,width2,256,0,sampled_full_fisher,41,1,5.0,0.0467808598449686,0.3417144515133949,5,1280,861,,0.8106316766353401,40,0.4290977530875998,0.0467808598449686,0.956527002849624,0.956527002849624,0.0,0,1,0.015442171682126,0.0451902798191158,,-1,,,0
ct_w4_i3,4,evaluation,width2,256,0,protected_ray_star,41,1,17.0,0.0871875019588337,0.3417144515133949,17,4352,183,,0.9812906596997496,40,0.4290977530875998,0.0871875019588337,0.9130874709778848,0.9130874709778848,0.0,0,1,0.0340530429411408,0.0996535054058314,,-1,,,0
ct_w4_i3,4,evaluation,width2,256,19,sampled_adam,41,1,59.0,0.099181944463238,0.3116954983723422,59,15104,82,,0.35104830471806,40,0.5881593013919743,0.099181944463238,0.910197261775803,0.910197261775803,0.0,0,1,0.0244836045803785,0.0785497535518822,,-1,,,0
ct_w4_i3,4,evaluation,width2,256,19,sampled_diagonal_fisher,41,1,3.0,0.0459270864089873,0.3116954983723422,3,768,41,,0.3219663274985463,40,0.5881593013919743,0.0459270864089873,0.9550058369026708,0.9550058369026708,0.0,0,1,0.0144496977819306,0.0463583781523512,,-1,,,0
ct_w4_i3,4,evaluation,width2,256,19,sampled_two_block_fisher,41,1,3.0,0.0686329051399621,0.3116954983723422,3,768,461,,0.3128131989032106,40,0.5881593013919743,0.0686329051399621,0.9417420131040458,0.9417420131040458,0.0,0,1,0.0189981350873697,0.0609509447091057,,-1,,,0
ct_w4_i3,4,evaluation,width2,256,19,sampled_star_fisher,41,1,3.0,0.0899518348033083,0.3116954983723422,3,768,183,,0.5899542040164736,40,0.5881593013919743,0.0899518348033083,0.9144162932914912,0.9144162932914912,0.0,0,1,0.0278425864430607,0.0893262385515778,,-1,,,0
ct_w4_i3,4,evaluation,width2,256,19,sampled_full_fisher,41,1,5.0,0.0651000970413289,0.3116954983723422,5,1280,861,,0.736560442592593,40,0.5881593013919743,0.0651000970413289,0.939323323623936,0.939323323623936,0.0,0,1,0.020294576679242,0.065110265580412,,-1,,,0
ct_w4_i3,4,evaluation,width2,256,19,protected_ray_star,41,1,16.0,0.036074022021042,0.3116954983723422,16,4096,183,,0.9802295294585972,40,0.5881593013919743,0.036074022021042,0.9640111394934872,0.9640111394934872,0.0,0,1,0.0143680224707781,0.0460963425708974,,-1,,,0
ct_w4_i3,4,evaluation,width2,256,42,sampled_adam,41,0,,1.01333775172116,0.1649782532503076,199,50944,82,,0.1755242726687911,41,1.047983983718426,1.01333775172116,1.5840768561790478e-08,0.9841654334392368,1.0,4,1,0.0026241850376986,0.0159062481630057,418319.533314481,41,1.722022642858508e-07,0.072035570831754,1
ct_w4_i3,4,evaluation,width2,256,42,sampled_diagonal_fisher,41,0,,1.000038081044945,0.1649782532503076,199,50944,41,,0.3165800692104466,41,1.047983983718426,1.000038081044945,6.145207945627127e-13,0.9819311092010804,1.0,4,1,8.845472651689962e-06,5.361599166812289e-05,570321583136.545,36,6.150522201369568e-13,0.3507775559001559,1
ct_w4_i3,4,evaluation,width2,256,42,sampled_two_block_fisher,41,1,7.0,0.037735903353024,0.1649782532503076,7,1792,461,,0.450905979062217,41,1.047983983718426,0.037735903353024,0.9632790046202888,0.9632790046202888,0.0,0,1,0.0136685474409564,0.0828506010438741,,-1,,,0
ct_w4_i3,4,evaluation,width2,256,42,sampled_star_fisher,41,1,8.0,0.0817750096661704,0.1649782532503076,8,2048,183,,0.6741418619715707,41,1.047983983718426,0.0817750096661704,0.920351180321488,0.920351180321488,0.0,0,1,0.0307446718986673,0.1863559062661492,,-1,,,0
ct_w4_i3,4,evaluation,width2,256,42,sampled_full_fisher,41,1,8.0,0.0589129429486057,0.1649782532503076,8,2048,861,,0.8166622733386878,41,1.047983983718426,0.0589129429486057,0.9445830376212444,0.9445830376212444,0.0,0,1,0.0195849239410115,0.1187121548153198,,-1,,,0
ct_w4_i3,4,evaluation,width2,256,42,protected_ray_star,41,1,17.0,0.0817826841569555,0.1649782532503076,17,4352,183,,0.9794591459094067,41,1.047983983718426,0.0817826841569555,0.9183314051361816,0.9183314051361816,0.0,0,1,0.0326533764032715,0.1979253371881039,,-1,,,0
ct_w4_i3,4,evaluation,width2,256,50,sampled_adam,41,1,56.0,0.0972556796387849,0.2551100535195948,56,14336,82,,0.2340321941344724,40,0.6442690132651401,0.0972556796387849,0.9143851325898832,0.9143851325898832,0.0,0,1,0.020741220729326,0.0813030315472569,,-1,,,0
ct_w4_i3,4,evaluation,width2,256,50,sampled_diagonal_fisher,41,0,,1.0000581699856903,0.2551100535195948,199,50944,41,,0.214366625602405,40,0.6442690132651401,1.0000581699856903,2.6020193184640223e-16,0.999933021456356,1.0,6,1,1.4648066151423456e-05,5.741861580652425e-05,1904962755.003378,41,1.2235461248452749e-13,0.0002330809796858,1
ct_w4_i3,4,evaluation,width2,256,50,sampled_two_block_fisher,41,1,7.0,0.0901922243366204,0.2551100535195948,7,1792,461,,-0.0384500941069542,40,0.6442690132651401,0.0901922243366204,0.9215180343046444,0.9215180343046444,0.0,0,1,0.0640062647027287,0.2508966770210505,,-1,,,0
ct_w4_i3,4,evaluation,width2,256,50,sampled_star_fisher,41,0,,1.000164551073402,0.2551100535195948,199,50944,183,,0.6698082902893902,40,0.6442690132651401,1.000164551073402,3.9541956885288646e-15,0.626028942283583,1.0,6,1,3.493913118144041e-05,0.0001369570924368,,-1,,,0
ct_w4_i3,4,evaluation,width2,256,50,sampled_full_fisher,41,1,7.0,0.0797859463952619,0.2551100535195948,7,1792,861,,0.6303182285261701,40,0.6442690132651401,0.0797859463952619,0.9304654082558662,0.9304654082558662,0.0,0,1,0.0538896477630734,0.2112407842011378,,-1,,,0
ct_w4_i3,4,evaluation,width2,256,50,protected_ray_star,41,1,19.0,0.0566454541467109,0.2551100535195948,19,4864,183,,0.9783175733928062,40,0.6442690132651401,0.0566454541467109,0.9434004856749362,0.9434004856749362,0.0,0,1,0.0232828365246685,0.0912658525348166,,-1,,,0
ct_w4_i3,4,evaluation,width2,256,101,sampled_adam,41,1,50.0,0.0983661777732809,0.3203355464022145,50,12800,82,,0.3217943146934329,41,0.4962551904059899,0.0983661777732809,0.9122546142895902,0.9122546142895902,0.0,0,1,0.0232188695366476,0.0724829629350404,,-1,,,0
ct_w4_i3,4,evaluation,width2,256,101,sampled_diagonal_fisher,41,1,5.0,0.0141032666356899,0.3203355464022145,5,1280,41,,0.2694526864847378,41,0.4962551904059899,0.0141032666356899,0.986664774415393,0.986664774415393,0.0,0,1,0.0053283048254109,0.0166335109707764,,-1,,,0
ct_w4_i3,4,evaluation,width2,256,101,sampled_two_block_fisher,41,1,4.0,0.0592721816362473,0.3203355464022145,4,1024,461,,0.1296844050959388,41,0.4962551904059899,0.0592721816362473,0.9458632370113162,0.9458632370113162,0.0,0,1,0.0236492150756611,0.0738263840565702,,-1,,,0
ct_w4_i3,4,evaluation,width2,256,101,sampled_star_fisher,41,1,4.0,0.0305969306670927,0.3203355464022145,4,1024,183,,0.6700225559028885,41,0.4962551904059899,0.0305969306670927,0.9716226205153816,0.9716226205153816,0.0,0,1,0.0089143815219994,0.0278282620274883,,-1,,,0
ct_w4_i3,4,evaluation,width2,256,101,sampled_full_fisher,41,1,5.0,0.0881800086489832,0.3203355464022067,5,1280,861,,0.7545912903062111,41,0.4962551904059899,0.0881800086489832,0.9236967703146104,0.9236967703146104,0.0,0,1,0.0375402328254011,0.1171903438348563,,-1,,,0
ct_w4_i3,4,evaluation,width2,256,101,protected_ray_star,41,1,15.0,0.0484957674846011,0.3203355464022067,15,3840,183,,0.9799252861227364,41,0.4962551904059899,0.0484957674846011,0.9516419182753624,0.9516419182753624,0.0,0,1,0.0192100934578512,0.0599686599679807,,-1,,,0
ct_w4_i3,4,evaluation,width3,1024,0,sampled_adam,45,1,34.0,0.0951276979277278,0.3488714703686332,34,34816,90,,0.3019085512405341,45,0.3124160345372433,0.0951276979277278,0.9172139241800392,0.9172139241800392,0.0,0,1,0.0208693367058879,0.0598195567090553,,-1,,,0
ct_w4_i3,4,evaluation,width3,1024,0,sampled_star_fisher,45,1,3.0,0.0284921003121247,0.3488714703686332,3,3072,228,,0.54787614806502,45,0.3124160345372433,0.0284921003121247,0.9729017453587364,0.9729017453587364,0.0,0,1,0.0089295324993989,0.0255954793034912,,-1,,,0
ct_w4_i3,4,evaluation,width3,1024,0,sampled_full_fisher,45,1,4.0,0.0906788968700951,0.3488714703686332,4,4096,1035,,0.8970138039849899,45,0.3124160345372433,0.0906788968700951,0.9139282053268448,0.9139282053268448,0.0,0,1,0.0361832148218612,0.1037150294451663,,-1,,,0
ct_w4_i3,4,evaluation,width3,1024,0,protected_ray_star,45,1,6.0,0.0955390414231693,0.3488714703686332,6,6144,228,,0.980808087725761,45,0.3124160345372433,0.0955390414231693,0.9071907071185674,0.9071907071185674,0.0,0,1,0.0349891098180285,0.1002922646012226,,-1,,,0
ct_w4_i3,4,evaluation,width3,1024,19,sampled_adam,45,1,46.0,0.096368756242267,0.2825928281762947,46,47104,90,,0.3293547754573878,45,0.3599643195354319,0.096368756242267,0.9117404370928632,0.9117404370928632,0.0,0,1,0.0231561654769787,0.081941801660065,,-1,,,0
ct_w4_i3,4,evaluation,width3,1024,19,sampled_star_fisher,45,1,4.0,0.0916905542071777,0.2825928281762947,4,4096,228,,0.67002399271005,45,0.3599643195354319,0.0916905542071777,0.9106503163445075,0.9106503163445075,0.0,0,1,0.0367536766266118,0.1300587734791456,,-1,,,0
ct_w4_i3,4,evaluation,width3,1024,19,sampled_full_fisher,45,1,6.0,0.0508819415025616,0.2825928281762947,6,6144,1035,,0.9552675687263896,45,0.3599643195354319,0.0508819415025616,0.9526051449079384,0.9526051449079384,0.0,0,1,0.0239671406429723,0.0848115672207383,,-1,,,0
ct_w4_i3,4,evaluation,width3,1024,19,protected_ray_star,45,1,7.0,0.0751802772229268,0.2825928281762947,7,7168,228,,0.9801234595729148,45,0.3599643195354319,0.0751802772229268,0.9266600721033588,0.9266600721033588,0.0,0,1,0.0238213107530771,0.0842955247902338,,-1,,,0
ct_w4_i3,4,evaluation,width3,1024,42,sampled_adam,45,0,,1.0108546647817036,0.2434647083729106,199,203776,90,,0.2470161128546822,45,0.6685156319069956,1.0108546647817036,1.6763624623104776e-12,0.9902457339305786,1.0,6,1,0.0021857296212377,0.0089776035132366,695990.7640712187,45,4.4037633243639524e-08,0.0306497860091287,1
ct_w4_i3,4,evaluation,width3,1024,42,sampled_star_fisher,45,1,9.0,0.0125516808928836,0.2434647083729106,9,9216,228,,0.6874818295071202,45,0.6685156319069956,0.0125516808928836,0.9881233656649022,0.9881233656649022,0.0,0,1,0.0054611492882041,0.0224309688443196,,-1,,,0
ct_w4_i3,4,evaluation,width3,1024,42,sampled_full_fisher,45,1,9.0,0.0403975167104526,0.2434647083729106,9,9216,1035,,0.9244779427176788,45,0.6685156319069956,0.0403975167104526,0.9612517585624556,0.9612517585624556,0.0,0,1,0.0343372557832364,0.1410358651679514,,-1,,,0
ct_w4_i3,4,evaluation,width3,1024,42,protected_ray_star,45,1,11.0,0.0596112888956437,0.2434647083729106,11,11264,228,,0.9787938871581814,45,0.6685156319069956,0.0596112888956437,0.9406563343393776,0.9406563343393776,0.0,0,1,0.0474642083654883,0.1949531358474684,,-1,,,0
ct_w4_i3,4,evaluation,width3,1024,50,sampled_adam,45,1,41.0,0.0996791721330385,0.2129342556946965,41,41984,90,,0.3019087256406462,45,0.5465852902100121,0.0996791721330385,0.9112962196912916,0.9112962196912916,0.0,0,1,0.0214085692633804,0.1005407476290517,,-1,,,0
ct_w4_i3,4,evaluation,width3,1024,50,sampled_star_fisher,45,1,4.0,0.0973398895825248,0.2129342556946965,4,4096,228,,0.765382410466831,45,0.5465852902100121,0.0973398895825248,0.9068907384667856,0.9068907384667856,0.0,0,1,0.0284595179959685,0.1336540140200531,,-1,,,0
ct_w4_i3,4,evaluation,width3,1024,50,sampled_full_fisher,45,1,5.0,0.0907599163354433,0.2129342556946965,5,5120,1035,,0.8921843156417187,45,0.5465852902100121,0.0907599163354433,0.9227622210780988,0.9227622210780988,0.0,0,1,0.0383124553840195,0.179926218348595,,-1,,,0
ct_w4_i3,4,evaluation,width3,1024,50,protected_ray_star,45,1,6.0,0.0889264188998417,0.2129342556946965,6,6144,228,,0.9780313095869104,45,0.5465852902100121,0.0889264188998417,0.9151042471500916,0.9151042471500916,0.0,0,1,0.0228643036308019,0.1073772914377131,,-1,,,0
ct_w4_i3,4,evaluation,width3,1024,101,sampled_adam,45,1,37.0,0.0996304033409103,0.204143443133401,37,37888,90,,0.3019085635917209,45,0.830664065562546,0.0996304033409103,0.9119453100776058,0.9119453100776058,0.0,0,1,0.0225256742883945,0.1103423844657836,,-1,,,0
ct_w4_i3,4,evaluation,width3,1024,101,sampled_star_fisher,45,1,3.0,0.067721865798962,0.204143443133401,3,3072,228,,0.7272477925826202,45,0.830664065562546,0.067721865798962,0.935745573477576,0.935745573477576,0.0,0,1,0.0188075175492401,0.0921289327766951,,-1,,,0
ct_w4_i3,4,evaluation,width3,1024,101,sampled_full_fisher,45,1,5.0,0.0623700401984965,0.204143443133401,5,5120,1035,,0.8958400721667062,45,0.830664065562546,0.0623700401984965,0.9440855325374816,0.9440855325374816,0.0,0,1,0.0264878956290822,0.1297513906031909,,-1,,,0
ct_w4_i3,4,evaluation,width3,1024,101,protected_ray_star,45,1,6.0,0.0779964866538858,0.204143443133401,6,6144,228,,0.9802238084950694,45,0.830664065562546,0.0779964866538858,0.9246359087074209,0.9246359087074209,0.0,0,1,0.0215274418413529,0.1054525264731888,,-1,,,0
ct_w4_i3,4,evaluation,width3,256,0,sampled_adam,45,1,35.0,0.0970992756028295,0.3488714703686332,35,8960,90,,0.3293547849018937,44,0.3251426757714252,0.0970992756028295,0.915058563623247,0.915058563623247,0.0,0,1,0.0213054566899361,0.0610696445525448,,-1,,,0
ct_w4_i3,4,evaluation,width3,256,0,sampled_diagonal_fisher,45,1,3.0,0.0079436229295719,0.3488714703686332,3,768,45,,0.3304558643753378,44,0.3251426757714252,0.0079436229295719,0.9926928817062683,0.9926928817062683,0.0,0,1,0.0016799584293039,0.0048154078851125,,-1,,,0
ct_w4_i3,4,evaluation,width3,256,0,sampled_two_block_fisher,45,1,3.0,0.0385068788128251,0.3488714703686332,3,768,571,,0.3739169657504896,44,0.3251426757714252,0.0385068788128251,0.9647559883901768,0.9647559883901768,0.0,0,1,0.0124844785504147,0.0357853238535759,,-1,,,0
ct_w4_i3,4,evaluation,width3,256,0,sampled_star_fisher,45,1,3.0,0.0472088450857715,0.3488714703686332,3,768,228,,0.5649659331486454,44,0.3251426757714252,0.0472088450857715,0.9561468993879796,0.9561468993879796,0.0,0,1,0.0133400141937633,0.0382376185122493,,-1,,,0
ct_w4_i3,4,evaluation,width3,256,0,sampled_full_fisher,45,1,4.0,0.0968271891204555,0.3488714703686332,4,1024,1035,,0.7633508237190957,44,0.3251426757714252,0.0968271891204555,0.9098421302658604,0.9098421302658604,0.0,0,1,0.0365775361622526,0.1048453062774184,,-1,,,0
ct_w4_i3,4,evaluation,width3,256,0,protected_ray_star,45,1,7.0,0.0709964912963307,0.3488714703686332,7,1792,228,,0.9808021555218256,44,0.3251426757714252,0.0709964912963307,0.9306292902317744,0.9306292902317744,0.0,0,1,0.0261823151394112,0.0750485991638864,,-1,,,0
ct_w4_i3,4,evaluation,width3,256,19,sampled_adam,45,1,48.0,0.0974798507865504,0.2825928281762947,48,12288,90,,0.082341062407223,44,0.5033895785081245,0.0974798507865504,0.9115285981969262,0.9115285981969262,0.0,0,1,0.0236645052171511,0.083740643277713,,-1,,,0
ct_w4_i3,4,evaluation,width3,256,19,sampled_diagonal_fisher,45,1,3.0,0.0538835772141652,0.2825928281762947,3,768,45,,0.285897888855067,44,0.5033895785081245,0.0538835772141652,0.9468889323114312,0.9468889323114312,0.0,0,1,0.0214934851767699,0.0760581410203421,,-1,,,0
ct_w4_i3,4,evaluation,width3,256,19,sampled_two_block_fisher,45,1,3.0,0.0938550774451609,0.2825928281762947,3,768,571,,0.5699024871831541,44,0.5033895785081245,0.0938550774451609,0.917724636045471,0.917724636045471,0.0,0,1,0.0304416812188514,0.1077227664102661,,-1,,,0
ct_w4_i3,4,evaluation,width3,256,19,sampled_star_fisher,45,1,3.0,0.0867386568501462,0.2825928281762947,3,768,228,,0.6152333574497809,44,0.5033895785081245,0.0867386568501462,0.9175594120276432,0.9175594120276432,0.0,0,1,0.0274274431612419,0.097056402097124,,-1,,,0
ct_w4_i3,4,evaluation,width3,256,19,sampled_full_fisher,45,1,6.0,0.0538852889365397,0.2825928281762947,6,1536,1035,,0.8295829831693334,44,0.5033895785081245,0.0538852889365397,0.9516788770517494,0.9516788770517494,0.0,0,1,0.0237312698386581,0.0839769005880554,,-1,,,0
ct_w4_i3,4,evaluation,width3,256,19,protected_ray_star,45,1,7.0,0.0835032204905239,0.2825928281762947,7,1792,228,,0.9796102299247706,44,0.5033895785081245,0.0835032204905239,0.9190143530066964,0.9190143530066964,0.0,0,1,0.025912033809761,0.091693883305474,,-1,,,0
ct_w4_i3,4,evaluation,width3,256,42,sampled_adam,45,0,,1.0113482493632429,0.2434647083729106,199,50944,90,,0.2195699566258423,45,0.5786702405123383,1.0113482493632429,2.61564757387774e-12,0.989755744121574,1.0,6,1,0.0022768586863392,0.0093519044363989,799977.0987812489,45,3.8957620747954824e-08,0.031165204421369,1
ct_w4_i3,4,evaluation,width3,256,42,sampled_diagonal_fisher,45,0,,1.000095670071783,0.2434647083729106,199,50944,45,,0.3261951282274754,45,0.5786702405123383,1.000095670071783,3.1795968754891883e-21,0.9999347912044644,1.0,6,1,3.916465238261099e-05,0.0001608637762916,142607644573.14676,45,3.522736216343376e-15,0.0005023691142652,1
ct_w4_i3,4,evaluation,width3,256,42,sampled_two_block_fisher,45,0,,1.000168284597871,0.2434647083729106,199,50944,571,,0.6228067383709279,45,0.5786702405123383,1.000168284597871,1.2740240068704147e-11,0.5207916588441938,1.0,6,1,4.777197729167521e-05,0.0001962172571578,,-1,,,0
ct_w4_i3,4,evaluation,width3,256,42,sampled_star_fisher,45,0,,1.0000579722229546,0.2434647083729106,199,50944,228,,0.6361361075042511,45,0.5786702405123383,1.0000579722229546,2.6984867273971778e-12,0.5454069829833057,1.0,6,1,1.5281127466837627e-05,6.276526716731277e-05,,-1,,,0
ct_w4_i3,4,evaluation,width3,256,42,sampled_full_fisher,45,1,9.0,0.0975745782000974,0.2434647083729106,9,2304,1035,,0.9258092720409612,45,0.5786702405123383,0.0975745782000974,0.9085134023175953,0.9085134023175953,0.0,0,1,0.0557052692747522,0.228802234406103,,-1,,,0
ct_w4_i3,4,evaluation,width3,256,42,protected_ray_star,45,1,11.0,0.0714642977233115,0.2434647083729106,11,2816,228,,0.9784569064195996,45,0.5786702405123383,0.0714642977233115,0.9289926795577408,0.9289926795577408,0.0,0,1,0.0572840947984128,0.2352870573367527,,-1,,,0
ct_w4_i3,4,evaluation,width3,256,50,sampled_adam,45,1,43.0,0.0996328055845872,0.2129342556946965,43,11008,90,,0.1372314381903321,43,0.4884635601426621,0.0996328055845872,0.9113989615715424,0.9113989615715424,0.0,0,1,0.0217397039748605,0.102095850683747,,-1,,,0
ct_w4_i3,4,evaluation,width3,256,50,sampled_diagonal_fisher,45,1,3.0,0.013955923846904,0.2129342556946965,3,768,45,,0.2878686241137671,43,0.4884635601426621,0.013955923846904,0.9864501724072102,0.9864501724072102,0.0,0,1,0.003527448816714,0.0165659057778455,,-1,,,0
ct_w4_i3,4,evaluation,width3,256,50,sampled_two_block_fisher,45,1,3.0,0.0886894296397748,0.2129342556946965,3,768,571,,0.2293218405515107,43,0.4884635601426621,0.0886894296397748,0.9241849345465032,0.9241849345465032,0.0,0,1,0.0225602315711705,0.1059492823151821,,-1,,,0
ct_w4_i3,4,evaluation,width3,256,50,sampled_star_fisher,45,1,4.0,0.0241198650609639,0.2129342556946965,4,1024,228,,0.7071949712361503,43,0.4884635601426621,0.0241198650609639,0.9766534656375102,0.9766534656375102,0.0,0,1,0.0065897004395565,0.0309471128450315,,-1,,,0
ct_w4_i3,4,evaluation,width3,256,50,sampled_full_fisher,45,1,6.0,0.0472884291309512,0.2129342556946965,6,1536,1035,,0.7136004392324176,43,0.4884635601426621,0.0472884291309512,0.959790595361246,0.959790595361246,0.0,0,1,0.0155510302056343,0.0730320734674614,,-1,,,0
ct_w4_i3,4,evaluation,width3,256,50,protected_ray_star,45,1,7.0,0.0621088695659697,0.2129342556946965,7,1792,228,,0.976868461663494,43,0.4884635601426621,0.0621088695659697,0.9399275005310692,0.9399275005310692,0.0,0,1,0.0160677800564104,0.0754588781593146,,-1,,,0
ct_w4_i3,4,evaluation,width3,256,101,sampled_adam,45,1,40.0,0.0974717816055381,0.204143443133401,40,10240,90,,0.3568010048562407,45,0.8143186650373294,0.0974717816055381,0.9130660553792934,0.9130660553792934,0.0,0,1,0.0229161284777585,0.1122550307079105,,-1,,,0
ct_w4_i3,4,evaluation,width3,256,101,sampled_diagonal_fisher,45,1,3.0,0.073011758339291,0.204143443133401,3,768,45,,0.3432841407514878,45,0.8143186650373294,0.073011758339291,0.9289393331307674,0.9289393331307674,0.0,0,1,0.029827793247305,0.1461119337926202,,-1,,,0
ct_w4_i3,4,evaluation,width3,256,101,sampled_two_block_fisher,45,1,4.0,0.0351117628258634,0.204143443133401,4,1024,571,,0.4470500572726094,45,0.8143186650373294,0.0351117628258634,0.9714291707055088,0.9714291707055088,0.0,0,1,0.0113347322759369,0.0555233717133401,,-1,,,0
ct_w4_i3,4,evaluation,width3,256,101,sampled_star_fisher,45,1,4.0,0.0311712271172606,0.204143443133401,4,1024,228,,0.5792857404994581,45,0.8143186650373294,0.0311712271172606,0.9701748676711942,0.9701748676711942,0.0,0,1,0.0106333653955117,0.0520877145613891,,-1,,,0
ct_w4_i3,4,evaluation,width3,256,101,sampled_full_fisher,45,1,5.0,0.0873043419800065,0.2041434431333931,5,1280,1035,,0.8573670178777018,45,0.8143186650373294,0.0873043419800065,0.9264255794347762,0.9264255794347762,0.0,0,1,0.0375207336020583,0.1837959281285427,,-1,,,0
ct_w4_i3,4,evaluation,width3,256,101,protected_ray_star,45,1,7.0,0.0593313954980434,0.2041434431333931,7,1792,228,,0.9803272299007078,45,0.8143186650373294,0.0593313954980434,0.9423842122511332,0.9423842122511332,0.0,0,1,0.0169471355893678,0.0830158212737408,,-1,,,0
ct_w4_i3,4,evaluation,width3,64,0,sampled_adam,45,1,37.0,0.0968060539020356,0.3488714703686332,37,2368,90,,0.3293547833383996,32,0.2546416471328278,0.0968060539020356,0.9149916834424128,0.9149916834424128,0.0,0,1,0.0209829798392057,0.0601453016981704,,-1,,,0
ct_w4_i3,4,evaluation,width3,64,0,sampled_star_fisher,45,1,3.0,0.0430837900363751,0.3488714703686332,3,192,228,,0.4766742913591266,32,0.2546416471328278,0.0430837900363751,0.9601742235875752,0.9601742235875752,0.0,0,1,0.0119464540725479,0.034243138482848,,-1,,,0
ct_w4_i3,4,evaluation,width3,64,0,sampled_full_fisher,45,1,5.0,0.0853020612017321,0.3488714703686332,5,320,1035,,0.4429646264048116,32,0.2546416471328278,0.0853020612017321,0.9279139583465232,0.9279139583465232,0.0,0,1,0.0235681440711858,0.0675553780487772,,-1,,,0
ct_w4_i3,4,evaluation,width3,64,0,protected_ray_star,45,1,7.0,0.082032188938621,0.3488714703686332,7,448,228,,0.9805406288564664,32,0.2546416471328278,0.082032188938621,0.9200537233904752,0.9200537233904752,0.0,0,1,0.0298958531693738,0.0856930294064589,,-1,,,0
ct_w4_i3,4,evaluation,width3,64,19,sampled_adam,45,1,55.0,0.0967001905145146,0.2825928281762947,55,3520,90,,0.2195699120164533,39,0.4436594379986622,0.0967001905145146,0.9118048007017844,0.9118048007017844,0.0,0,1,0.0240849152652168,0.0852283315915984,,-1,,,0
ct_w4_i3,4,evaluation,width3,64,19,sampled_star_fisher,45,1,5.0,0.0432257393987871,0.2825928281762947,5,320,228,,0.575937172737209,39,0.4436594379986622,0.0432257393987871,0.9599114304590876,0.9599114304590876,0.0,0,1,0.0136213969922347,0.0482014957001566,,-1,,,0
ct_w4_i3,4,evaluation,width3,64,19,sampled_full_fisher,45,1,6.0,0.0787158919989785,0.2825928281762947,6,384,1035,,0.7694762748479719,39,0.4436594379986622,0.0787158919989785,0.9275640373608944,0.9275640373608944,0.0,0,1,0.0282269026976372,0.0998854177574101,,-1,,,0
ct_w4_i3,4,evaluation,width3,64,19,protected_ray_star,45,1,8.0,0.0677523483606261,0.2825928281762947,8,512,228,,0.9808067410865712,39,0.4436594379986622,0.0677523483606261,0.9338878588537224,0.9338878588537224,0.0,0,1,0.0209734916249108,0.0742180605228473,,-1,,,0
ct_w4_i3,4,evaluation,width3,64,42,sampled_adam,45,0,,1.012773204933488,0.2434647083729106,199,12736,90,,0.1921236903114403,39,0.5815395138250284,1.012773204933488,1.7559079085509767e-11,0.9886762207933436,1.0,6,1,0.0024872728058851,0.0102161533903936,299839.31776315015,45,9.64502280056179e-08,0.0289195705633047,1
ct_w4_i3,4,evaluation,width3,64,42,sampled_star_fisher,45,0,,1.0005799952722931,0.2434647083729106,199,12736,228,,0.5449515998894974,39,0.5815395138250284,1.0005799952722931,1.1833977137744464e-08,0.6249891484072285,1.0,4,1,0.0001408793746691,0.0005786439258923,,-1,,,0
ct_w4_i3,4,evaluation,width3,64,42,sampled_full_fisher,45,0,,1.0006775155142904,0.2434647083729106,199,12736,1035,,0.4869473931169454,39,0.5815395138250284,1.0006775155142904,3.1312098813312023e-09,0.5706839196671002,1.0,6,1,0.0001400063762565,0.0005750581971087,,-1,,,0
ct_w4_i3,4,evaluation,width3,64,42,protected_ray_star,45,1,11.0,0.098496631123929,0.2434647083729106,11,704,228,,0.9801419028022708,39,0.5815395138250284,0.098496631123929,0.903519630825885,0.903519630825885,0.0,0,1,0.0706536489326521,0.2902007827123476,,-1,,,0
ct_w4_i3,4,evaluation,width3,64,50,sampled_adam,45,1,53.0,0.0974906506331141,0.2129342556946965,53,3392,90,,0.1372311365993459,35,0.4652332116767713,0.0974906506331141,0.913439993511394,0.913439993511394,0.0,0,1,0.0210451121141429,0.0988338491873158,,-1,,,0
ct_w4_i3,4,evaluation,width3,64,50,sampled_star_fisher,45,1,4.0,0.0785501431564092,0.2129342556946965,4,256,228,,0.4612974327650455,35,0.4652332116767713,0.0785501431564092,0.9302077171382797,0.9302077171382797,0.0,0,1,0.0177691019488512,0.0834487710344195,,-1,,,0
ct_w4_i3,4,evaluation,width3,64,50,sampled_full_fisher,45,1,7.0,0.0588308737245633,0.2129342556946965,7,448,1035,,0.4001218658761502,35,0.4652332116767713,0.0588308737245633,0.9540909835538516,0.9540909835538516,0.0,0,1,0.0194211992997946,0.0912074914223316,,-1,,,0
ct_w4_i3,4,evaluation,width3,64,50,protected_ray_star,45,1,7.0,0.0913226813137964,0.2129342556946965,7,448,228,,0.9785634556078846,35,0.4652332116767713,0.0913226813137964,0.9128547751734082,0.9128547751734082,0.0,0,1,0.0234758436695135,0.1102492578891252,,-1,,,0
ct_w4_i3,4,evaluation,width3,64,101,sampled_adam,45,1,47.0,0.096727741285683,0.204143443133401,47,3008,90,,0.2195702423876124,40,0.7170251450735905,0.096727741285683,0.912746825826846,0.912746825826846,0.0,0,1,0.0211548453251267,0.103627356335431,,-1,,,0
ct_w4_i3,4,evaluation,width3,64,101,sampled_star_fisher,45,1,4.0,0.0495459669220625,0.204143443133401,4,256,228,,0.5395207505436944,40,0.7170251450735905,0.0495459669220625,0.9528565609072188,0.9528565609072188,0.0,0,1,0.0126366857868674,0.0619010123122583,,-1,,,0
ct_w4_i3,4,evaluation,width3,64,101,sampled_full_fisher,45,1,6.0,0.0721521281559525,0.204143443133401,6,384,1035,,0.6133902904270334,40,0.7170251450735905,0.0721521281559525,0.9440957564670704,0.9440957564670704,0.0,0,1,0.0200481121198314,0.0982060056013195,,-1,,,0
ct_w4_i3,4,evaluation,width3,64,101,protected_ray_star,45,1,7.0,0.0808197175841751,0.204143443133401,7,448,228,,0.978688883327358,40,0.7170251450735905,0.0808197175841751,0.9221460837305442,0.9221460837305442,0.0,0,1,0.0239034238669022,0.1170913133432464,,-1,,,0
ct_w4_i4,4,evaluation,chain,256,0,sampled_adam,31,0,,2.834296046116931,0.3300038814430344,199,50944,62,,-0.5184268055777932,25,1.8604928889767591,2.834296046116931,4.631886201002793e-14,0.7569935418540058,3.0,5,0,0.0802226761557328,0.2430961593692071,,-1,,,0
ct_w4_i4,4,evaluation,chain,256,0,sampled_diagonal_fisher,31,0,,2.0000270555859405,0.3300038814430344,199,50944,31,,-0.591650319686106,25,1.8604928889767591,2.0000270555859405,1.1270134495537278e-39,0.9999835332650592,2.0,6,1,9.34367959072733e-06,2.8313847551942334e-05,72845029.79166147,31,1.288390306108568e-12,9.385283023176648e-05,1
ct_w4_i4,4,evaluation,chain,256,0,sampled_two_block_fisher,31,0,,1.0000488878371083,0.3300038814430344,199,50944,256,,-0.7127577959037236,25,1.8604928889767591,1.0000488878371083,8.586349603893413e-21,0.9999749956325444,1.0,3,1,1.2398413136111624e-05,3.757050699493621e-05,886407.6416992374,31,7.965282470879427e-11,7.060487250480508e-05,1
ct_w4_i4,4,evaluation,chain,256,0,sampled_star_fisher,31,0,,2.0000582908674254,0.3300038814430344,199,50944,90,,-0.3567870572583619,25,1.8604928889767591,2.0000582908674254,5.312690564293819e-28,0.9999512080580876,2.0,4,0,1.700715147747342e-05,5.153621649268149e-05,6809069.089538149,31,2.779195159623453e-11,0.0001892373185518,1
ct_w4_i4,4,evaluation,chain,256,0,sampled_full_fisher,31,0,,1.0000986592088257,0.3300038814430344,199,50944,496,,-0.7239947224490595,25,1.8604928889767591,1.0000986592088257,3.043589941823717e-19,0.9999316286062474,1.0,3,1,2.438476591318913e-05,7.389236092181676e-05,4827397.590715363,31,5.141155735014003e-11,0.0002481840280869,1
ct_w4_i4,4,evaluation,chain,256,0,protected_ray_star,31,0,,4.558716528776461,0.3300038814430344,199,50944,90,,-0.9820428725099796,25,1.8604928889767591,7.078912451740558,9.851028274636972e-05,0.0041149433806175,8.0,5,0,0.331937041234036,1.0058579910713423,,-1,,,0
ct_w4_i4,4,evaluation,chain,256,19,sampled_adam,31,0,,2.043975048338522,0.3142879913781091,199,50944,62,,-0.5896835219565342,28,2.1610476842884867,2.043975048338522,5.717846727333776e-14,0.9661220157374352,2.0,4,0,0.0112343961571241,0.0357455469674896,77983.99436091355,31,1.5368179041494403e-06,0.1198471987709409,1
ct_w4_i4,4,evaluation,chain,256,19,sampled_diagonal_fisher,31,0,,1.000032044677221,0.3142879913781091,199,50944,31,,-0.7358035462068477,28,2.1610476842884867,1.000032044677221,5.3301748671423695e-46,0.9999769312839922,1.0,9,1,1.4008697365137823e-05,4.457280503690783e-05,951377629.7758749,31,1.956535703679935e-13,0.0001861404300338,1
ct_w4_i4,4,evaluation,chain,256,19,sampled_two_block_fisher,31,0,,1.0001073197399857,0.3142879913781091,199,50944,256,,-0.7474889143288866,28,2.1610476842884867,1.0001073197399857,7.450400471020766e-39,0.9999316767673482,1.0,9,1,2.7205977248548697e-05,8.656384588305227e-05,549533.1285083507,31,5.644598631265202e-10,0.0003101893945013,1
ct_w4_i4,4,evaluation,chain,256,19,sampled_star_fisher,31,0,,1.000177569900254,0.3142879913781091,199,50944,90,,-0.4105384083518384,28,2.1610476842884867,1.000177569900254,1.9998927431302228e-33,0.999909704526036,1.0,9,1,4.267528004722295e-05,0.0001357839981734,156678.7358904697,31,1.4395468956987472e-09,0.0002255463878731,1
ct_w4_i4,4,evaluation,chain,256,19,sampled_full_fisher,31,0,,1.0001670922463255,0.3142879913781091,199,50944,496,,-0.7216903765322426,28,2.1610476842884867,1.0001670922463255,1.621867576533738e-31,0.9998875225797664,1.0,9,1,3.975702450609106e-05,0.0001264987069081,5192545.387169825,31,8.950588136794518e-11,0.0004647633514216,1
ct_w4_i4,4,evaluation,chain,256,19,protected_ray_star,31,0,,4.4547350299422135,0.3142879913781091,199,50944,90,,-0.9795004428790616,28,2.1610476842884867,4.734705163226662,0.002843244989344,0.0196843979005068,1.0,3,1,0.3059185045072968,0.9733700074440856,,-1,,,0
ct_w4_i4,4,evaluation,chain,256,42,sampled_adam,31,0,,2.039910551812783,0.334963523332187,199,50944,62,,-0.4940595125743446,27,2.0385722163272284,2.039910551812783,1.6949817955203845e-19,0.9773491267596008,2.0,7,1,0.0097566408683455,0.0291274726611643,16183.379882243691,31,2.4042046001157872e-06,0.0389081563583115,1
ct_w4_i4,4,evaluation,chain,256,42,sampled_diagonal_fisher,31,0,,2.000089707699626,0.334963523332187,199,50944,31,,-0.7395421044595003,27,2.0385722163272284,2.000089707699626,2.1876941861714532e-36,0.9999176961356446,2.0,7,1,3.054162605286847e-05,9.11789610672921e-05,3233099.5724253934,31,9.359422854549415e-11,0.0003025994602919,1
ct_w4_i4,4,evaluation,chain,256,42,sampled_two_block_fisher,31,0,,1.000098733484908,0.334963523332187,199,50944,256,,-0.761360705790204,27,2.0385722163272284,1.000098733484908,1.1785203825386448e-41,0.9999325815342816,1.0,9,1,3.90760747168922e-05,0.0001166577014958,4508892.031154938,31,1.2285031477682018e-10,0.000553918805322,1
ct_w4_i4,4,evaluation,chain,256,42,sampled_star_fisher,31,0,,1.0001550716973835,0.334963523332187,199,50944,90,,-0.3389697368741809,27,2.0385722163272284,1.0001550716973835,2.1840085826895453e-40,0.9999183301469832,1.0,9,1,6.158861512698969e-05,0.0001838666327435,286904.478244149,31,1.971161142203618e-09,0.000565534959039,1
ct_w4_i4,4,evaluation,chain,256,42,sampled_full_fisher,31,0,,2.000232285800065,0.334963523332187,199,50944,496,,-0.754807874157129,27,2.0385722163272284,2.000244128656133,2.034864079411437e-32,0.7660150352310413,2.0,7,1,7.60052594031167e-05,0.0002269060781515,,-1,,,0
ct_w4_i4,4,evaluation,chain,256,42,protected_ray_star,31,0,,2.5782807161043344,0.334963523332187,199,50944,90,,-0.9804409507440393,27,2.0385722163272284,2.7147532090654884,6.219841644377196e-10,0.2209264138714237,1.0,9,1,0.2499787964773698,0.7462866224674354,,-1,,,0
ct_w4_i4,4,evaluation,chain,256,50,sampled_adam,31,0,,2.063960252641589,0.3448375865600001,199,50944,62,,-0.5184268299489853,24,2.243546400478214,2.063960252641589,1.3016153804396226e-15,0.965401291293782,2.0,6,1,0.0182535863260733,0.0529338652093172,170790.31260642668,31,7.576268372369246e-07,0.1293953243707127,1
ct_w4_i4,4,evaluation,chain,256,50,sampled_diagonal_fisher,31,0,,2.00003141794644,0.3448375865600001,199,50944,31,,-0.6202158374757282,24,2.243546400478214,2.00003141794644,8.125905787048969e-39,0.8915345474923477,2.0,7,1,1.2851727559490191e-05,3.726892908541468e-05,,-1,,,0
ct_w4_i4,4,evaluation,chain,256,50,sampled_two_block_fisher,31,0,,1.000045029712485,0.3448375865600001,199,50944,256,,-0.6944044863360748,24,2.243546400478214,1.000045029712485,4.806134358205552e-38,0.9999764624436792,1.0,9,1,1.220965248934458e-05,3.540696538084649e-05,679881.1311767652,31,9.723806972991425e-11,6.611032884141928e-05,1
ct_w4_i4,4,evaluation,chain,256,50,sampled_star_fisher,31,0,,1.0000670947171972,0.3448375865600001,199,50944,90,,-0.368888289064422,24,2.243546400478214,1.0000670947171972,2.718943820332452e-36,0.9999634697550508,1.0,9,1,1.708330743981889e-05,4.954015486025469e-05,222591.6917467129,31,4.880447724523632e-10,0.0001086347115483,1
ct_w4_i4,4,evaluation,chain,256,50,sampled_full_fisher,31,0,,1.0000989947527454,0.3448375865600001,199,50944,496,,-0.707156029843231,24,2.243546400478214,1.0000989947527454,2.9854934945776826e-17,0.9999299220267543,1.0,3,1,2.51722162641536e-05,7.299731016930125e-05,4182547.689127575,31,6.053818279074955e-11,0.0002532038365354,1
ct_w4_i4,4,evaluation,chain,256,50,protected_ray_star,31,0,,5.557900729753674,0.3448375865600001,199,50944,90,,-0.9803044581211912,24,2.243546400478214,7.057087036911549,0.0004851818420911,0.0041071914068619,9.0,4,0,0.311713778110272,0.9039437412256548,,-1,,,0
ct_w4_i4,4,evaluation,chain,256,101,sampled_adam,31,0,,2.986002294573547,0.4384487631391867,199,50944,62,,-0.5184268233115791,25,1.970277597612199,2.986002294573547,2.994334202555526e-18,0.8742906211147885,3.0,8,0,0.0333508475291132,0.0760655527691064,,-1,,,0
ct_w4_i4,4,evaluation,chain,256,101,sampled_diagonal_fisher,31,0,,2.000082415661716,0.4384487631391867,199,50944,31,,-0.6294276566482101,25,1.970277597612199,2.000082415661716,6.529651394588113e-34,0.9231635154626776,2.0,7,1,2.289802664730034e-05,5.222509121329487e-05,959186027.9683442,31,8.868286880638584e-10,0.8506336867923502,1
ct_w4_i4,4,evaluation,chain,256,101,sampled_two_block_fisher,31,0,,1.000075032289608,0.4384487631391867,199,50944,256,,-0.6773665780127054,25,1.970277597612199,1.000075032289608,2.0518856224513146e-41,0.9999457529710422,1.0,9,1,2.211673105952014e-05,5.044313707528724e-05,4021645.3307130816,31,5.0821511626510595e-11,0.0002043860949325,1
ct_w4_i4,4,evaluation,chain,256,101,sampled_star_fisher,31,0,,2.00012690971284,0.4384487631391867,199,50944,90,,-0.4310169583048964,25,1.970277597612199,2.00012690971284,2.2603838156837645e-35,0.9823462901990592,2.0,7,1,3.0280517613071475e-05,6.906284190715996e-05,217903797.85646603,31,9.506163351292675e-10,0.2071429097290625,1
ct_w4_i4,4,evaluation,chain,256,101,sampled_full_fisher,31,0,,1.00017758104552,0.4384487631391983,199,50944,496,,-0.7524620049047096,25,1.970277597612199,1.00017758104552,1.8985164043806668e-39,0.9998587069042044,1.0,9,1,4.4136170993917104e-05,0.0001006643756454,318813.4225709157,31,1.2346544844539116e-09,0.0003936244218812,1
ct_w4_i4,4,evaluation,chain,256,101,protected_ray_star,31,0,,2.2812305240589588,0.4384487631391983,199,50944,90,,-0.981339682117622,25,1.970277597612199,3.719190670777476,1.807413754934037e-07,0.0982375290792066,1.0,9,1,0.328320444995142,0.7488228331274985,,-1,,,0
ct_w4_i4,4,evaluation,problem_tree,256,0,sampled_adam,31,1,88.0,0.0991027679972731,0.481984707302426,88,22528,62,,0.3496299472142545,27,1.0271546074638922,0.0991027679972731,0.9316303571527976,0.9316303571527976,0.0,0,1,0.023692812802493,0.049156772909035,,-1,,,0
ct_w4_i4,4,evaluation,problem_tree,256,0,sampled_diagonal_fisher,31,1,2.0,0.0779708382757871,0.481984707302426,2,512,31,,0.3817841126143559,27,1.0271546074638922,0.0779708382757871,0.9264705177991188,0.9264705177991188,0.0,0,1,0.0180761635562922,0.0375036039161096,,-1,,,0
ct_w4_i4,4,evaluation,problem_tree,256,0,sampled_two_block_fisher,31,1,2.0,0.0762466673435753,0.481984707302426,2,512,256,,-0.1137894067890965,27,1.0271546074638922,0.0762466673435753,0.937922516697436,0.937922516697436,0.0,0,1,0.015070738579021,0.0312680845485099,,-1,,,0
ct_w4_i4,4,evaluation,problem_tree,256,0,sampled_star_fisher,31,1,3.0,0.0312658834964238,0.481984707302426,3,768,98,,0.6347270219634925,27,1.0271546074638922,0.0312658834964238,0.971458462439681,0.971458462439681,0.0,0,1,0.0071860781849231,0.0149093489400156,,-1,,,0
ct_w4_i4,4,evaluation,problem_tree,256,0,sampled_full_fisher,31,1,4.0,0.0391091992165577,0.481984707302426,4,1024,496,,0.2523198921771891,27,1.0271546074638922,0.0391091992165577,0.9648885302396992,0.9648885302396992,0.0,0,1,0.0086689346109665,0.017985912166145,,-1,,,0
ct_w4_i4,4,evaluation,problem_tree,256,0,protected_ray_star,31,1,21.0,0.0809760509038,0.481984707302426,21,5376,98,,0.9681321534535672,27,1.0271546074638922,0.0809760509038,0.9278186839666476,0.9278186839666476,0.0,0,1,0.0245870125030648,0.0510120178722547,,-1,,,0
ct_w4_i4,4,evaluation,problem_tree,256,19,sampled_adam,31,1,95.0,0.0990267730617411,0.4660274911799361,95,24320,62,,0.2330866177499013,27,0.7299249592423644,0.0990267730617411,0.9264304917578372,0.9264304917578372,0.0,0,1,0.0214784701677201,0.0460884187611738,,-1,,,0
ct_w4_i4,4,evaluation,problem_tree,256,19,sampled_diagonal_fisher,31,1,3.0,0.0183796129197233,0.4660274911799361,3,768,31,,0.2857132200056566,27,0.7299249592423644,0.0183796129197233,0.9823273854647074,0.9823273854647074,0.0,0,1,0.0048375384087319,0.0103803713306349,,-1,,,0
ct_w4_i4,4,evaluation,problem_tree,256,19,sampled_two_block_fisher,31,1,3.0,0.0541847564928357,0.4660274911799361,3,768,256,,-0.1324704389002889,27,0.7299249592423644,0.0541847564928357,0.9490426504749992,0.9490426504749992,0.0,0,1,0.0138348930253578,0.0296868602972954,,-1,,,0
ct_w4_i4,4,evaluation,problem_tree,256,19,sampled_star_fisher,31,1,3.0,0.05149726607873,0.4660274911799361,3,768,98,,0.5468690372541258,27,0.7299249592423644,0.05149726607873,0.951199382182914,0.951199382182914,0.0,0,1,0.0125510832356829,0.0269320661832734,,-1,,,0
ct_w4_i4,4,evaluation,problem_tree,256,19,sampled_full_fisher,31,1,4.0,0.0788411201616217,0.4660274911799361,4,1024,496,,0.2706063416290167,27,0.7299249592423644,0.0788411201616217,0.9306769689324526,0.9306769689324526,0.0,0,1,0.0173191270066399,0.0371633161871837,,-1,,,0
ct_w4_i4,4,evaluation,problem_tree,256,19,protected_ray_star,31,1,25.0,0.058592267682517,0.4660274911799361,25,6400,98,,0.9758745778006026,27,0.7299249592423644,0.058592267682517,0.9439175784327746,0.9439175784327746,0.0,0,1,0.0194861798332972,0.0418133698163603,,-1,,,0
ct_w4_i4,4,evaluation,problem_tree,256,42,sampled_adam,31,1,90.0,0.0995422127317642,0.3577422220818537,90,23040,62,,0.174814984202042,29,1.127757685072306,0.0995422127317642,0.9301822664660164,0.9301822664660164,0.0,0,1,0.0231765208696597,0.0647855339377771,,-1,,,0
ct_w4_i4,4,evaluation,problem_tree,256,42,sampled_diagonal_fisher,31,1,3.0,0.0236507355026862,0.3577422220818537,3,768,31,,0.222509048422665,29,1.127757685072306,0.0236507355026862,0.9783216659932328,0.9783216659932328,0.0,0,1,0.0059599497877979,0.0166599003973152,,-1,,,0
ct_w4_i4,4,evaluation,problem_tree,256,42,sampled_two_block_fisher,31,1,3.0,0.0877391794135107,0.3577422220818537,3,768,256,,-0.2279415203022039,29,1.127757685072306,0.0877391794135107,0.9301209760549336,0.9301209760549336,0.0,0,1,0.0221155991486441,0.0618199300600976,,-1,,,0
ct_w4_i4,4,evaluation,problem_tree,256,42,sampled_star_fisher,31,1,3.0,0.0332197578316044,0.3577422220818537,3,768,98,,0.4869786424404994,29,1.127757685072306,0.0332197578316044,0.9685612278519444,0.9685612278519444,0.0,0,1,0.0097049202778766,0.0271282495574596,,-1,,,0
ct_w4_i4,4,evaluation,problem_tree,256,42,sampled_full_fisher,31,1,4.0,0.0887004130852489,0.3577422220818537,4,1024,496,,0.1587869686091786,29,1.127757685072306,0.0887004130852489,0.9191854998524936,0.9191854998524936,0.0,0,1,0.033852951613843,0.0946294553011896,,-1,,,0
ct_w4_i4,4,evaluation,problem_tree,256,42,protected_ray_star,31,1,21.0,0.0828892636813556,0.3577422220818537,21,5376,98,,0.9498244153102684,29,1.127757685072306,0.0828892636813556,0.9245493944403224,0.9245493944403224,0.0,0,1,0.0260237879262714,0.0727445247441802,,-1,,,0
ct_w4_i4,4,evaluation,problem_tree,256,50,sampled_adam,31,1,101.0,0.0989040877933913,0.4937541916763604,101,25856,62,,0.281365715966732,26,0.8942909396513021,0.0989040877933913,0.925855057779146,0.925855057779146,0.0,0,1,0.0214748075585355,0.0434929118993921,,-1,,,0
ct_w4_i4,4,evaluation,problem_tree,256,50,sampled_diagonal_fisher,31,1,3.0,0.0509449006712579,0.4937541916763604,3,768,31,,0.281032183884033,26,0.8942909396513021,0.0509449006712579,0.9531117012124743,0.9531117012124743,0.0,0,1,0.0119302438829088,0.0241623141312564,,-1,,,0
ct_w4_i4,4,evaluation,problem_tree,256,50,sampled_two_block_fisher,31,1,3.0,0.0245292577692808,0.4937541916763604,3,768,256,,-0.1077321134596647,26,0.8942909396513021,0.0245292577692808,0.9772791574993144,0.9772791574993144,0.0,0,1,0.0058515267517742,0.0118510928118049,,-1,,,0
ct_w4_i4,4,evaluation,problem_tree,256,50,sampled_star_fisher,31,1,4.0,0.0392448612477895,0.4937541916763604,4,1024,98,,0.4951099813886468,26,0.8942909396513021,0.0392448612477895,0.9632877009397874,0.9632877009397874,0.0,0,1,0.0106785770782705,0.0216273142755819,,-1,,,0
ct_w4_i4,4,evaluation,problem_tree,256,50,sampled_full_fisher,31,1,4.0,0.0913178904647633,0.4937541916763604,4,1024,496,,0.314065104399034,26,0.8942909396513021,0.0913178904647633,0.9141263315375044,0.9141263315375044,0.0,0,1,0.023758352992362,0.0481177747812111,,-1,,,0
ct_w4_i4,4,evaluation,problem_tree,256,50,protected_ray_star,31,1,20.0,0.0494817366386151,0.4937541916763604,20,5120,98,,0.975347577275396,26,0.8942909396513021,0.0494817366386151,0.9616751722784788,0.9616751722784788,0.0,0,1,0.014025756578785,0.0284063544476772,,-1,,,0
ct_w4_i4,4,evaluation,problem_tree,256,101,sampled_adam,31,1,84.0,0.0989733680551179,0.4131448223321097,84,21504,62,,0.2108661227604887,23,1.336805567399222,0.0989733680551179,0.9207314841117406,0.9207314841117406,0.0,0,1,0.0205738677696878,0.0497981982529831,,-1,,,0
ct_w4_i4,4,evaluation,problem_tree,256,101,sampled_diagonal_fisher,31,1,3.0,0.0411899525804724,0.4131448223321097,3,768,31,,0.1897682712467495,23,1.336805567399222,0.0411899525804724,0.9613738365561834,0.9613738365561834,0.0,0,1,0.0117649420610379,0.0284765569483055,,-1,,,0
ct_w4_i4,4,evaluation,problem_tree,256,101,sampled_two_block_fisher,31,1,3.0,0.0388927373611274,0.4131448223321097,3,768,256,,-0.0836528940245905,23,1.336805567399222,0.0388927373611274,0.9667871414881354,0.9667871414881354,0.0,0,1,0.007929559888077,0.0191931726103123,,-1,,,0
ct_w4_i4,4,evaluation,problem_tree,256,101,sampled_star_fisher,31,1,3.0,0.0920485185159112,0.4131448223321097,3,768,98,,0.3911708805735129,23,1.336805567399222,0.0920485185159112,0.9157921573638538,0.9157921573638538,0.0,0,1,0.0250953648477338,0.0607422954161112,,-1,,,0
ct_w4_i4,4,evaluation,problem_tree,256,101,sampled_full_fisher,31,1,4.0,0.0658153043292273,0.4131448223320824,4,1024,496,,0.1694125861174848,23,1.336805567399222,0.0658153043292273,0.9401569465985854,0.9401569465985854,0.0,0,1,0.0159483919262706,0.0386024247774584,,-1,,,0
ct_w4_i4,4,evaluation,problem_tree,256,101,protected_ray_star,31,1,24.0,0.0757596291839508,0.4131448223320824,24,6144,98,,0.9280337419105062,23,1.336805567399222,0.0757596291839508,0.9278405542021222,0.9278405542021222,0.0,0,1,0.0251705875638933,0.0609243688976002,,-1,,,0
ct_w4_i4,4,evaluation,width2,256,0,sampled_adam,44,1,51.0,0.0982456244042282,0.2583592830422386,51,13056,88,,0.1995173366249943,42,0.930574091255713,0.0982456244042282,0.9230659696181404,0.9230659696181404,0.0,0,1,0.020170676148575,0.078072194314293,,-1,,,0
ct_w4_i4,4,evaluation,width2,256,0,sampled_diagonal_fisher,44,1,3.0,0.0110351719318089,0.2583592830422386,3,768,44,,0.2533698431023991,42,0.930574091255713,0.0110351719318089,0.9894393090023694,0.9894393090023694,0.0,0,1,0.003040176547959,0.0117672433216268,,-1,,,0
ct_w4_i4,4,evaluation,width2,256,0,sampled_two_block_fisher,44,1,3.0,0.0722008514255563,0.2583592830422386,3,768,542,,0.0923673804084523,42,0.930574091255713,0.0722008514255563,0.9376864172355964,0.9376864172355964,0.0,0,1,0.0183360090787465,0.0709709705911702,,-1,,,0
ct_w4_i4,4,evaluation,width2,256,0,sampled_star_fisher,44,1,3.0,0.0561498242186804,0.2583592830422386,3,768,230,,0.4248961908390839,42,0.930574091255713,0.0561498242186804,0.9487559699360734,0.9487559699360734,0.0,0,1,0.0128833262179804,0.0498659311416116,,-1,,,0
ct_w4_i4,4,evaluation,width2,256,0,sampled_full_fisher,44,1,5.0,0.0527105457256116,0.2583592830422386,5,1280,990,,0.5328530943897685,42,0.930574091255713,0.0527105457256116,0.9531029477858944,0.9531029477858944,0.0,0,1,0.0142014938992204,0.0549680032085344,,-1,,,0
ct_w4_i4,4,evaluation,width2,256,0,protected_ray_star,44,1,17.0,0.0860952034987114,0.2583592830422386,17,4352,230,,0.9794075216757108,42,0.930574091255713,0.0860952034987114,0.9290154805624457,0.9290154805624457,0.0,0,1,0.0469522717906831,0.1817324743969313,,-1,,,0
ct_w4_i4,4,evaluation,width2,256,19,sampled_adam,44,1,53.0,0.0986930178593539,0.4123575041048777,53,13568,88,,0.1760447077450617,37,0.5891872650241123,0.0986930178593539,0.921166713305156,0.921166713305156,0.0,0,1,0.0192524384929882,0.0466887065261012,,-1,,,0
ct_w4_i4,4,evaluation,width2,256,19,sampled_diagonal_fisher,44,1,3.0,0.0279626306148301,0.4123575041048777,3,768,44,,0.2997456732932337,37,0.5891872650241123,0.0279626306148301,0.977981493055352,0.977981493055352,0.0,0,1,0.0064983575273837,0.0157590378802249,,-1,,,0
ct_w4_i4,4,evaluation,width2,256,19,sampled_two_block_fisher,44,1,3.0,0.0677641417693308,0.4123575041048777,3,768,542,,0.0774235724072724,37,0.5891872650241123,0.0677641417693308,0.9376871756999074,0.9376871756999074,0.0,0,1,0.0200782256404646,0.0486913065497604,,-1,,,0
ct_w4_i4,4,evaluation,width2,256,19,sampled_star_fisher,44,1,3.0,0.0885441395188539,0.4123575041048777,3,768,230,,0.4542377119062175,37,0.5891872650241123,0.0885441395188539,0.9173970034135474,0.9173970034135474,0.0,0,1,0.0229042265052978,0.0555445851652852,,-1,,,0
ct_w4_i4,4,evaluation,width2,256,19,sampled_full_fisher,44,1,5.0,0.0557927640068793,0.4123575041048777,5,1280,990,,0.405043707274303,37,0.5891872650241123,0.0557927640068793,0.949150798343465,0.949150798343465,0.0,0,1,0.0196665853133868,0.0476930457615363,,-1,,,0
ct_w4_i4,4,evaluation,width2,256,19,protected_ray_star,44,1,17.0,0.090906325900276,0.4123575041048777,17,4352,230,,0.9800523936602632,37,0.5891872650241123,0.090906325900276,0.919219324665949,0.919219324665949,0.0,0,1,0.0547733857535299,0.1328298508170207,,-1,,,0
ct_w4_i4,4,evaluation,width2,256,42,sampled_adam,44,1,54.0,0.0988058523535642,0.2895739177310307,54,13824,88,,0.0586815714385544,41,0.643066277361714,0.0988058523535642,0.92436576203845,0.92436576203845,0.0,0,1,0.0201178863881533,0.0694740967894758,,-1,,,0
ct_w4_i4,4,evaluation,width2,256,42,sampled_diagonal_fisher,44,1,3.0,0.0436899208540406,0.2895739177310307,3,768,44,,0.0335648685489156,41,0.643066277361714,0.0436899208540406,0.9591164241654118,0.9591164241654118,0.0,0,1,0.0161980565861459,0.0559375537447104,,-1,,,0
ct_w4_i4,4,evaluation,width2,256,42,sampled_two_block_fisher,44,1,4.0,0.0181122857479785,0.2895739177310307,4,1024,542,,0.2455381095563565,41,0.643066277361714,0.0181122857479785,0.983086264124728,0.983086264124728,0.0,0,1,0.00495803896132,0.0171218423267157,,-1,,,0
ct_w4_i4,4,evaluation,width2,256,42,sampled_star_fisher,44,1,4.0,0.0300555865789391,0.2895739177310307,4,1024,230,,0.175626291818562,41,0.643066277361714,0.0300555865789391,0.9717939177467236,0.9717939177467236,0.0,0,1,0.0106865020457283,0.0369042285626514,,-1,,,0
ct_w4_i4,4,evaluation,width2,256,42,sampled_full_fisher,44,1,5.0,0.0511035701956075,0.2895739177310307,5,1280,990,,0.451254143304799,41,0.643066277361714,0.0511035701956075,0.9540610441884428,0.9540610441884428,0.0,0,1,0.0148613895379774,0.0513215750038004,,-1,,,0
ct_w4_i4,4,evaluation,width2,256,42,protected_ray_star,44,1,18.0,0.0192434010211233,0.2895739177310307,18,4608,230,,0.9781696805812996,41,0.643066277361714,0.0192434010211233,0.9843091670400486,0.9843091670400486,0.0,0,1,0.0100947278991461,0.0348606254950165,,-1,,,0
ct_w4_i4,4,evaluation,width2,256,50,sampled_adam,44,1,61.0,0.0988429187988266,0.2540806012243977,61,15616,88,,0.0586814014319077,41,0.99061403501747,0.0988429187988266,0.9241631132602368,0.9241631132602368,0.0,0,1,0.0205739821995609,0.0809742345555553,,-1,,,0
ct_w4_i4,4,evaluation,width2,256,50,sampled_diagonal_fisher,44,1,4.0,0.0426734491303975,0.2540806012243977,4,1024,44,,0.1210412383318786,41,0.99061403501747,0.0426734491303975,0.958212461192244,0.958212461192244,0.0,0,1,0.0160153964830162,0.0630327400275311,,-1,,,0
ct_w4_i4,4,evaluation,width2,256,50,sampled_two_block_fisher,44,1,4.0,0.0577713447906855,0.2540806012243977,4,1024,542,,0.2538240969565909,41,0.99061403501747,0.0577713447906855,0.9447121074557996,0.9447121074557996,0.0,0,1,0.0199847470224791,0.0786551469343744,,-1,,,0
ct_w4_i4,4,evaluation,width2,256,50,sampled_star_fisher,44,0,,1.000069533239989,0.2540806012243977,199,50944,230,,0.3804322356480871,41,0.99061403501747,1.000069533239989,2.869550051433828e-29,0.9999334362394932,1.0,10,1,1.5848128811657292e-05,6.23744147931255e-05,55769111365.60696,42,3.729167342782593e-15,0.0002079723488406,1
ct_w4_i4,4,evaluation,width2,256,50,sampled_full_fisher,44,1,5.0,0.0998442019464391,0.2540806012243977,5,1280,990,,0.5471863893357322,41,0.99061403501747,0.0998442019464391,0.9100719341803616,0.9100719341803616,0.0,0,1,0.0291800883014575,0.1148457936609116,,-1,,,0
ct_w4_i4,4,evaluation,width2,256,50,protected_ray_star,44,1,16.0,0.0328584731661401,0.2540806012243977,16,4096,230,,0.97810984799682,41,0.99061403501747,0.0328584731661401,0.9735144736952028,0.9735144736952028,0.0,0,1,0.0174019831411873,0.0684900108757944,,-1,,,0
ct_w4_i4,4,evaluation,width2,256,101,sampled_adam,44,1,54.0,0.0992386694276721,0.3645920760473424,54,13824,88,,0.2934078269790454,40,1.1520438839164662,0.0992386694276721,0.9172641245319536,0.9172641245319536,0.0,0,1,0.0205873780037328,0.0564668827335115,,-1,,,0
ct_w4_i4,4,evaluation,width2,256,101,sampled_diagonal_fisher,44,1,3.0,0.028142774722232,0.3645920760473424,3,768,44,,0.2837331962492675,40,1.1520438839164662,0.028142774722232,0.9726555147937443,0.9726555147937443,0.0,0,1,0.0087519724310298,0.0240048344602349,,-1,,,0
ct_w4_i4,4,evaluation,width2,256,101,sampled_two_block_fisher,44,1,3.0,0.0485829184204309,0.3645920760473424,3,768,542,,0.2665119345493557,40,1.1520438839164662,0.0485829184204309,0.9536765483992318,0.9536765483992318,0.0,0,1,0.0127189384141382,0.0348853945264753,,-1,,,0
ct_w4_i4,4,evaluation,width2,256,101,sampled_star_fisher,44,1,4.0,0.024380592530834,0.3645920760473424,4,1024,230,,0.3933079997063325,40,1.1520438839164662,0.024380592530834,0.9763748109476466,0.9763748109476466,0.0,0,1,0.0073146156108534,0.0200624645772709,,-1,,,0
ct_w4_i4,4,evaluation,width2,256,101,sampled_full_fisher,44,1,5.0,0.052355292776669,0.3645920760473136,5,1280,990,,0.4681700156239804,40,1.1520438839164662,0.052355292776669,0.9518603589718386,0.9518603589718386,0.0,0,1,0.0135316094412124,0.037114381606737,,-1,,,0
ct_w4_i4,4,evaluation,width2,256,101,protected_ray_star,44,1,17.0,0.0400396536088383,0.3645920760473136,17,4352,230,,0.9793311471795269,40,1.1520438839164662,0.0400396536088383,0.9643305047165884,0.9643305047165884,0.0,0,1,0.0248676176366583,0.0682066870631363,,-1,,,0
ct_w4_i4,4,evaluation,width3,1024,0,sampled_adam,50,0,,1.0116763483314486,0.2215127694823736,199,203776,100,,0.2271099727780036,50,0.3661899313572742,1.0116763483314486,9.741935050726425e-18,0.9894194071035008,1.0,10,1,0.0021106483493696,0.0095283371441826,744300658.1408747,50,3.5330192030778024e-11,0.0262962851807515,1
ct_w4_i4,4,evaluation,width3,1024,0,sampled_star_fisher,50,0,,1.0000137357657746,0.2215127694823736,199,203776,306,,0.5658934271816052,50,0.3661899313572742,1.0000137357657746,1.5896240183637988e-23,0.7949387048765687,1.0,10,1,2.9546203136633686e-06,1.3338374670533271e-05,,-1,,,0
ct_w4_i4,4,evaluation,width3,1024,0,sampled_full_fisher,50,1,7.0,0.039914215126819,0.2215127694823736,7,7168,1275,,0.8319278948866891,50,0.3661899313572742,0.039914215126819,0.962488762178766,0.962488762178766,0.0,0,1,0.0313426440530376,0.1414936219084727,,-1,,,0
ct_w4_i4,4,evaluation,width3,1024,0,protected_ray_star,50,1,11.0,0.078958227130597,0.2215127694823736,11,11264,306,,0.9777730996556312,50,0.3661899313572742,0.078958227130597,0.9214112907800364,0.9214112907800364,0.0,0,1,0.0570834207149454,0.2576981040340779,,-1,,,0
ct_w4_i4,4,evaluation,width3,1024,19,sampled_adam,50,1,48.0,0.0971901408763926,0.288028771589542,48,49152,100,,0.2271099896616135,50,0.2241442767487436,0.0971901408763926,0.9146635263365206,0.9146635263365206,0.0,0,1,0.0184795729346241,0.0641587742524509,,-1,,,0
ct_w4_i4,4,evaluation,width3,1024,19,sampled_star_fisher,50,1,3.0,0.0491057256028533,0.288028771589542,3,3072,306,,0.5943557690730937,50,0.2241442767487436,0.0491057256028533,0.9522050996420216,0.9522050996420216,0.0,0,1,0.0134840179760646,0.0468148299964984,,-1,,,0
ct_w4_i4,4,evaluation,width3,1024,19,sampled_full_fisher,50,1,5.0,0.0531636992763555,0.288028771589542,5,5120,1275,,0.9049541233599078,50,0.2241442767487436,0.0531636992763555,0.9494449496725308,0.9494449496725308,0.0,0,1,0.0162061451122083,0.0562657161740183,,-1,,,0
ct_w4_i4,4,evaluation,width3,1024,19,protected_ray_star,50,1,15.0,0.0537658938625931,0.288028771589542,15,15360,306,,0.9783434424351456,50,0.2241442767487436,0.0537658938625931,0.9467838881833248,0.9467838881833248,0.0,0,1,0.0405494569496717,0.1407826611414262,,-1,,,0
ct_w4_i4,4,evaluation,width3,1024,42,sampled_adam,50,1,46.0,0.0963275820980129,0.2317539108323575,46,47104,100,,0.0757033725671032,50,0.2452914037280251,0.0963275820980129,0.9177336750377773,0.9177336750377773,0.0,0,1,0.0194766146300303,0.0840400688820264,,-1,,,0
ct_w4_i4,4,evaluation,width3,1024,42,sampled_star_fisher,50,1,3.0,0.0719067077671837,0.2317539108323575,3,3072,306,,0.6115418267884649,50,0.2452914037280251,0.0719067077671837,0.93067940872788,0.93067940872788,0.0,0,1,0.0186572330045008,0.0805045012508842,,-1,,,0
ct_w4_i4,4,evaluation,width3,1024,42,sampled_full_fisher,50,1,5.0,0.0977062243332298,0.2317539108323575,5,5120,1275,,0.8282297327886169,50,0.2452914037280251,0.0977062243332298,0.9145270638769726,0.9145270638769726,0.0,0,1,0.0508415447553949,0.2193772893531532,,-1,,,0
ct_w4_i4,4,evaluation,width3,1024,42,protected_ray_star,50,1,6.0,0.0802845122298858,0.2317539108323575,6,6144,306,,0.97708531187391,50,0.2452914037280251,0.0802845122298858,0.9245398304484268,0.9245398304484268,0.0,0,1,0.0346255709863812,0.1494066307749523,,-1,,,0
ct_w4_i4,4,evaluation,width3,1024,50,sampled_adam,50,0,,1.0149411511800022,0.2535885536851205,199,203776,100,,0.1838508943148087,49,0.3648603932733494,1.0149411511800022,2.4022235446538282e-17,0.9856642707860128,1.0,10,1,0.002842945643765,0.0112108594905082,712286481.625753,50,5.209321449590383e-11,0.037105292469863,1
ct_w4_i4,4,evaluation,width3,1024,50,sampled_star_fisher,50,0,,1.0000419526010909,0.2535885536851205,199,203776,306,,0.4863429933390417,49,0.3648603932733494,1.0000419526010909,1.3740280204453527e-25,0.9999650498618472,1.0,10,1,1.1460439042313324e-05,4.5193045489520346e-05,594160028862.5247,49,2.8274634278451997e-16,0.0001679965751896,1
ct_w4_i4,4,evaluation,width3,1024,50,sampled_full_fisher,50,1,6.0,0.0678775941590661,0.2535885536851205,6,6144,1275,,0.8223743630590273,49,0.3648603932733494,0.0678775941590661,0.9353377359537772,0.9353377359537772,0.0,0,1,0.0537105782064381,0.2118020605659127,,-1,,,0
ct_w4_i4,4,evaluation,width3,1024,50,protected_ray_star,50,1,10.0,0.0804408167659715,0.2535885536851205,10,10240,306,,0.9780354988534108,49,0.3648603932733494,0.0804408167659715,0.9202857822489944,0.9202857822489944,0.0,0,1,0.0649154049652472,0.2559871256880637,,-1,,,0
ct_w4_i4,4,evaluation,width3,1024,101,sampled_adam,50,1,47.0,0.0996242844598445,0.2288250098182363,47,48128,100,,0.3352575593567182,48,0.7088335289307276,0.0996242844598445,0.9082973100382656,0.9082973100382656,0.0,0,1,0.0208954039663764,0.0913160846490267,,-1,,,0
ct_w4_i4,4,evaluation,width3,1024,101,sampled_star_fisher,50,1,4.0,0.020337151233674,0.2288250098182363,4,4096,306,,0.3655944667111024,48,0.7088335289307276,0.020337151233674,0.9806343964403604,0.9806343964403604,0.0,0,1,0.0060613123801817,0.0264888544525636,,-1,,,0
ct_w4_i4,4,evaluation,width3,1024,101,sampled_full_fisher,50,1,5.0,0.0698750802451435,0.2288250098182363,5,5120,1275,,0.670566437653701,48,0.7088335289307276,0.0698750802451435,0.9353730972633846,0.9353730972633846,0.0,0,1,0.033425552460852,0.1460747340834952,,-1,,,0
ct_w4_i4,4,evaluation,width3,1024,101,protected_ray_star,50,1,8.0,0.0779582974408903,0.2288250098182363,8,8192,306,,0.9787163544055708,48,0.7088335289307276,0.0779582974408903,0.9243221512507112,0.9243221512507112,0.0,0,1,0.045804294766306,0.2001717155073651,,-1,,,0
ct_w4_i4,4,evaluation,width3,256,0,sampled_adam,50,0,,1.01311595148697,0.2215127694823736,199,50944,100,,0.1622213237473243,50,0.2569877875374262,1.01311595148697,1.2330271779541328e-16,0.9882112926773748,1.0,10,1,0.0023558814936502,0.0106354206990207,338794706.7227068,50,7.579913331337413e-11,0.0256803451407399,1
ct_w4_i4,4,evaluation,width3,256,0,sampled_diagonal_fisher,50,0,,1.0000274374940314,0.2215127694823736,199,50944,50,,0.3424207149292466,50,0.2569877875374262,1.0000274374940314,1.1671774613566442e-24,0.7868120917652787,1.0,10,1,5.897316623069983e-06,2.662291946803205e-05,,-1,,,0
ct_w4_i4,4,evaluation,width3,256,0,sampled_two_block_fisher,50,1,5.0,0.0302099297973317,0.2215127694823736,5,1280,731,,0.3607069577729553,50,0.2569877875374262,0.0302099297973317,0.973404169145092,0.973404169145092,0.0,0,1,0.0139827930308077,0.0631240946672392,,-1,,,0
ct_w4_i4,4,evaluation,width3,256,0,sampled_star_fisher,50,1,4.0,0.0305220395475984,0.2215127694823736,4,1024,306,,0.6870597015173114,50,0.2569877875374262,0.0305220395475984,0.9715193173207416,0.9715193173207416,0.0,0,1,0.0097628730050221,0.044073635248369,,-1,,,0
ct_w4_i4,4,evaluation,width3,256,0,sampled_full_fisher,50,1,7.0,0.0688216882300594,0.2215127694823736,7,1792,1275,,0.8473681789828215,50,0.2569877875374262,0.0688216882300594,0.9434460682646604,0.9434460682646604,0.0,0,1,0.0432738046140429,0.1953558014518271,,-1,,,0
ct_w4_i4,4,evaluation,width3,256,0,protected_ray_star,50,1,13.0,0.0157182489680902,0.2215127694823736,13,3328,306,,0.9778862263958072,50,0.2569877875374262,0.0157182489680902,0.9843963250234232,0.9843963250234232,0.0,0,1,0.0111661948700833,0.0504088089195772,,-1,,,0
ct_w4_i4,4,evaluation,width3,256,19,sampled_adam,50,1,48.0,0.0975739676810025,0.288028771589542,48,12288,100,,0.1405919712654701,47,0.2089413354455723,0.0975739676810025,0.9145823536574113,0.9145823536574113,0.0,0,1,0.0184291387824022,0.0639836731611829,,-1,,,0
ct_w4_i4,4,evaluation,width3,256,19,sampled_diagonal_fisher,50,1,2.0,0.0518875624097034,0.288028771589542,2,512,50,,0.2884140647731548,47,0.2089413354455723,0.0518875624097034,0.949597560093114,0.949597560093114,0.0,0,1,0.0142548595325549,0.0494910958161811,,-1,,,0
ct_w4_i4,4,evaluation,width3,256,19,sampled_two_block_fisher,50,1,3.0,0.0605812675389039,0.288028771589542,3,768,731,,0.2950702054298619,47,0.2089413354455723,0.0605812675389039,0.946338299434969,0.946338299434969,0.0,0,1,0.0171280024738632,0.0594662900492165,,-1,,,0
ct_w4_i4,4,evaluation,width3,256,19,sampled_star_fisher,50,1,3.0,0.0465959696734969,0.288028771589542,3,768,306,,0.5752022548897995,47,0.2089413354455723,0.0465959696734969,0.9547891185643692,0.9547891185643692,0.0,0,1,0.0107152650634966,0.037202064933869,,-1,,,0
ct_w4_i4,4,evaluation,width3,256,19,sampled_full_fisher,50,1,5.0,0.0872080924924407,0.288028771589542,5,1280,1275,,0.6905016512673202,47,0.2089413354455723,0.0872080924924407,0.922752202327946,0.922752202327946,0.0,0,1,0.0295005446656026,0.1024222146377884,,-1,,,0
ct_w4_i4,4,evaluation,width3,256,19,protected_ray_star,50,1,11.0,0.0995335311646776,0.288028771589542,11,2816,306,,0.9781438282516594,47,0.2089413354455723,0.0995335311646776,0.9020106955182472,0.9020106955182472,0.0,0,1,0.0691562290746618,0.240101808902666,,-1,,,0
ct_w4_i4,4,evaluation,width3,256,42,sampled_adam,50,1,47.0,0.0998434581448108,0.2317539108323575,47,12032,100,,0.1838508975525683,48,0.3109906248207715,0.0998434581448108,0.914852315137673,0.914852315137673,0.0,0,1,0.02048653874664,0.088397812460042,,-1,,,0
ct_w4_i4,4,evaluation,width3,256,42,sampled_diagonal_fisher,50,1,3.0,0.0246338432482282,0.2317539108323575,3,768,50,,0.2375637763594877,48,0.3109906248207715,0.0246338432482282,0.9772485607244568,0.9772485607244568,0.0,0,1,0.0069905735384114,0.0301637780924791,,-1,,,0
ct_w4_i4,4,evaluation,width3,256,42,sampled_two_block_fisher,50,1,4.0,0.0805396418567987,0.2317539108323575,4,1024,731,,0.5584987629417382,48,0.3109906248207715,0.0805396418567987,0.9328763517326446,0.9328763517326446,0.0,0,1,0.0217900011007671,0.0940221505756133,,-1,,,0
ct_w4_i4,4,evaluation,width3,256,42,sampled_star_fisher,50,1,4.0,0.0352463820882693,0.2317539108323575,4,1024,306,,0.6386668256489113,48,0.3109906248207715,0.0352463820882693,0.9660108668417006,0.9660108668417006,0.0,0,1,0.0112997317022801,0.0487574585546214,,-1,,,0
ct_w4_i4,4,evaluation,width3,256,42,sampled_full_fisher,50,1,6.0,0.0416968275572582,0.2317539108323575,6,1536,1275,,0.8001580280250502,48,0.3109906248207715,0.0416968275572582,0.9674798143508484,0.9674798143508484,0.0,0,1,0.0155577884545225,0.0671306404221867,,-1,,,0
ct_w4_i4,4,evaluation,width3,256,42,protected_ray_star,50,1,9.0,0.040319886540054,0.2317539108323575,9,2304,306,,0.9776646876272536,48,0.3109906248207715,0.040319886540054,0.96050085328396,0.96050085328396,0.0,0,1,0.0252020515947764,0.1087448816042061,,-1,,,0
ct_w4_i4,4,evaluation,width3,256,50,sampled_adam,50,0,,1.0160263544950698,0.2535885536851205,199,50944,100,,0.2271099964153284,44,0.3858786638350846,1.0160263544950698,3.7121203267472827e-17,0.9846606432843874,1.0,10,1,0.0030881864157819,0.0121779408845738,853170228.7648687,50,5.017698038771597e-11,0.0428095058361179,1
ct_w4_i4,4,evaluation,width3,256,50,sampled_diagonal_fisher,50,0,,1.0000253211867545,0.2535885536851205,199,50944,50,,0.2840701937016889,44,0.3858786638350846,1.0000253211867545,2.0991713919757115e-35,0.9999812978548664,1.0,10,1,7.462520630618308e-06,2.9427671407773702e-05,394445187136.5783,42,2.8847895425883693e-16,0.0001137891350975,1
ct_w4_i4,4,evaluation,width3,256,50,sampled_two_block_fisher,50,1,6.0,0.0916066094656535,0.2535885536851205,6,1536,731,,0.4069372814237878,44,0.3858786638350846,0.0916066094656535,0.9132262674188144,0.9132262674188144,0.0,0,1,0.073227559329318,0.2887652390661304,,-1,,,0
ct_w4_i4,4,evaluation,width3,256,50,sampled_star_fisher,50,0,,1.000045103935733,0.2535885536851205,199,50944,306,,0.5206921990992706,44,0.3858786638350846,1.000045103935733,1.0927452450023951e-23,0.9999626446317544,1.0,10,1,1.201311411820088e-05,4.737246198074656e-05,24532468317.99733,49,7.061431859365132e-15,0.0001732343533695,1
ct_w4_i4,4,evaluation,width3,256,50,sampled_full_fisher,50,1,6.0,0.0916017708675323,0.2535885536851205,6,1536,1275,,0.7321421674840088,44,0.3858786638350846,0.0916017708675323,0.9141772890417128,0.9141772890417128,0.0,0,1,0.0593115171939253,0.2338887790163122,,-1,,,0
ct_w4_i4,4,evaluation,width3,256,50,protected_ray_star,50,1,11.0,0.0236974367145617,0.2535885536851205,11,2816,306,,0.9784900876950364,44,0.3858786638350846,0.0236974367145617,0.976610511039392,0.976610511039392,0.0,0,1,0.0152653232453746,0.0601972093122526,,-1,,,0
ct_w4_i4,4,evaluation,width3,256,101,sampled_adam,50,1,48.0,0.0998663604113367,0.2288250098182363,48,12288,100,,0.2487394494063503,45,0.712724821340487,0.0998663604113367,0.907915542504412,0.907915542504412,0.0,0,1,0.0219697655710838,0.0960112078156806,,-1,,,0
ct_w4_i4,4,evaluation,width3,256,101,sampled_diagonal_fisher,50,1,3.0,0.0393056984959212,0.2288250098182363,3,768,50,,0.3473156429430429,45,0.712724821340487,0.0393056984959212,0.9621103537032888,0.9621103537032888,0.0,0,1,0.0135153314877097,0.0590640485427945,,-1,,,0
ct_w4_i4,4,evaluation,width3,256,101,sampled_two_block_fisher,50,1,4.0,0.0236928536699227,0.2288250098182363,4,1024,731,,0.458652882613548,45,0.712724821340487,0.0236928536699227,0.9784821928687768,0.9784821928687768,0.0,0,1,0.0052321431509886,0.0228652591565264,,-1,,,0
ct_w4_i4,4,evaluation,width3,256,101,sampled_star_fisher,50,1,4.0,0.0287363827170406,0.2288250098182363,4,1024,306,,0.3138982564809116,45,0.712724821340487,0.0287363827170406,0.9724088705139118,0.9724088705139118,0.0,0,1,0.0076392639120916,0.0333847419832287,,-1,,,0
ct_w4_i4,4,evaluation,width3,256,101,sampled_full_fisher,50,1,5.0,0.070015985426906,0.2288250098182137,5,1280,1275,,0.661526413392102,45,0.712724821340487,0.070015985426906,0.9355597136117988,0.9355597136117988,0.0,0,1,0.0294785692192906,0.12882581865815,,-1,,,0
ct_w4_i4,4,evaluation,width3,256,101,protected_ray_star,50,1,10.0,0.0950066045575948,0.2288250098182137,10,2560,306,,0.979003292978603,45,0.712724821340487,0.0950066045575948,0.9075964652131754,0.9075964652131754,0.0,0,1,0.0608443284821507,0.2658989440467523,,-1,,,0
ct_w4_i4,4,evaluation,width3,64,0,sampled_adam,50,0,,1.0172949282553887,0.2215127694823736,199,12736,100,,0.1622214183315285,46,0.2634096746542325,1.0172949282553887,6.743584336514988e-16,0.9841891014357764,1.0,10,1,0.0030703149779786,0.0138606681012265,150130847.24392602,50,2.1301847113114608e-10,0.0319806435495247,1
ct_w4_i4,4,evaluation,width3,64,0,sampled_star_fisher,50,0,,1.0003894328829492,0.2215127694823736,199,12736,306,,0.4871450602677079,46,0.2634096746542325,1.0003894328829492,5.3479424864581133e-20,0.8792771980661481,1.0,10,1,0.0001162116150536,0.0005246271595321,,-1,,,0
ct_w4_i4,4,evaluation,width3,64,0,sampled_full_fisher,50,0,,1.0011652684295047,0.2215127694823736,199,12736,1275,,0.5417357851816148,46,0.2634096746542325,1.0011652684295047,1.5556498384023302e-06,0.623249878632935,1.0,10,1,0.0004710570948735,0.0021265460044328,,-1,,,0
ct_w4_i4,4,evaluation,width3,64,0,protected_ray_star,50,1,12.0,0.048677558275882,0.2215127694823736,12,768,306,,0.9793436462996788,46,0.2634096746542325,0.048677558275882,0.9531481922682224,0.9531481922682224,0.0,0,1,0.0308361942251845,0.1392072985103382,,-1,,,0
ct_w4_i4,4,evaluation,width3,64,19,sampled_adam,50,1,53.0,0.0989971199073984,0.288028771589542,53,3392,100,,0.0973328599311685,38,0.2962296710747472,0.0989971199073984,0.914641942592568,0.914641942592568,0.0,0,1,0.0182040985851266,0.0632023616413868,,-1,,,0
ct_w4_i4,4,evaluation,width3,64,19,sampled_star_fisher,50,1,4.0,0.0587353654648126,0.288028771589542,4,256,306,,0.5038925105939797,38,0.2962296710747472,0.0587353654648126,0.945278993117611,0.945278993117611,0.0,0,1,0.0144939536160953,0.0503212006776535,,-1,,,0
ct_w4_i4,4,evaluation,width3,64,19,sampled_full_fisher,50,1,6.0,0.0730853571187299,0.288028771589542,6,384,1275,,0.4795734432673841,38,0.2962296710747472,0.0730853571187299,0.9387996712038292,0.9387996712038292,0.0,0,1,0.0207076851691988,0.0718945022572555,,-1,,,0
ct_w4_i4,4,evaluation,width3,64,19,protected_ray_star,50,1,14.0,0.0670806739897127,0.288028771589542,14,896,306,,0.9780962130564664,38,0.2962296710747472,0.0670806739897127,0.9337084790613532,0.9337084790613532,0.0,0,1,0.0456946556190816,0.1586461497124296,,-1,,,0
ct_w4_i4,4,evaluation,width3,64,42,sampled_adam,50,0,,1.016867382824504,0.2317539108323575,199,12736,100,,0.1189624712611213,39,0.2658322747336725,1.016867382824504,1.4980419690940333e-11,0.9851773726260084,1.0,8,1,0.0030374703476459,0.0131064469925737,28465588.165315643,50,1.018556701521631e-09,0.028993815588537,1
ct_w4_i4,4,evaluation,width3,64,42,sampled_star_fisher,50,1,4.0,0.0373985500397928,0.2317539108323575,4,256,306,,0.5546141574096909,39,0.2658322747336725,0.0373985500397928,0.96487276639641,0.96487276639641,0.0,0,1,0.0074963934892799,0.0323463516208043,,-1,,,0
ct_w4_i4,4,evaluation,width3,64,42,sampled_full_fisher,50,1,7.0,0.0556130212435501,0.2317539108323575,7,448,1275,,0.4401828646578277,39,0.2658322747336725,0.0556130212435501,0.9518764673532716,0.9518764673532716,0.0,0,1,0.0225767545107484,0.0974169300084848,,-1,,,0
ct_w4_i4,4,evaluation,width3,64,42,protected_ray_star,50,1,11.0,0.0403084472140147,0.2317539108323575,11,704,306,,0.977422455661872,39,0.2658322747336725,0.0403084472140147,0.9607048536988062,0.9607048536988062,0.0,0,1,0.0253053530007398,0.1091906190918383,,-1,,,0
ct_w4_i4,4,evaluation,width3,64,50,sampled_adam,50,0,,1.0196098389723147,0.2535885536851205,199,12736,100,,0.0757033386036828,36,0.4019710886172077,1.0196098389723147,2.9434047308477493e-16,0.981432546284579,1.0,10,1,0.0036968172831511,0.0145780132006331,361569167.1546538,50,1.1978497052462582e-10,0.0433105520302337,1
ct_w4_i4,4,evaluation,width3,64,50,sampled_star_fisher,50,1,5.0,0.0412615476431437,0.2535885536851205,5,320,306,,0.2972123828150372,36,0.4019710886172077,0.0412615476431437,0.9625267387302818,0.9625267387302818,0.0,0,1,0.0099396713997106,0.039196056979972,,-1,,,0
ct_w4_i4,4,evaluation,width3,64,50,sampled_full_fisher,50,1,7.0,0.077518036627481,0.2535885536851205,7,448,1275,,0.4764606803361788,36,0.4019710886172077,0.077518036627481,0.9308770761779364,0.9308770761779364,0.0,0,1,0.0324883149074687,0.1281142797470635,,-1,,,0
ct_w4_i4,4,evaluation,width3,64,50,protected_ray_star,50,1,11.0,0.0221503827675046,0.2535885536851205,11,704,306,,0.978350139072331,36,0.4019710886172077,0.0221503827675046,0.9796808081854812,0.9796808081854812,0.0,0,1,0.0107834015214087,0.0425232186733415,,-1,,,0
ct_w4_i4,4,evaluation,width3,64,101,sampled_adam,50,1,52.0,0.097794448121288,0.2288250098182363,52,3328,100,,0.0757034729500035,34,0.5535057700883214,0.097794448121288,0.9112833448670944,0.9112833448670944,0.0,0,1,0.0192825122467835,0.0842675031986248,,-1,,,0
ct_w4_i4,4,evaluation,width3,64,101,sampled_star_fisher,50,1,3.0,0.0804705334656166,0.2288250098182363,3,192,306,,0.1678850530962121,34,0.5535057700883214,0.0804705334656166,0.92371701101179,0.92371701101179,0.0,0,1,0.0175197308751483,0.0765638812342446,,-1,,,0
ct_w4_i4,4,evaluation,width3,64,101,sampled_full_fisher,50,1,5.0,0.080524489531097,0.2288250098182363,5,320,1275,,0.3365678233659866,34,0.5535057700883214,0.080524489531097,0.9263609376360254,0.9263609376360254,0.0,0,1,0.0193895394605819,0.0847352283563048,,-1,,,0
ct_w4_i4,4,evaluation,width3,64,101,protected_ray_star,50,1,11.0,0.0245426459406399,0.2288250098182363,11,704,306,,0.9791373286853504,34,0.5535057700883214,0.0245426459406399,0.9760354107408952,0.9760354107408952,0.0,0,1,0.0129471537352753,0.0565810255861444,,-1,,,0
ct_w4_i5,4,evaluation,chain,256,0,sampled_adam,31,0,,1.0350547270574069,0.2890093658912795,199,50944,62,,-0.4196984149366774,24,1.9143138435536016,1.0350547270574069,1.036369394633606e-20,0.9806886907018172,1.0,7,1,0.0083906110582493,0.029032315379723,2110.212420690942,31,2.133347011944649e-05,0.045018153622495,1
ct_w4_i5,4,evaluation,chain,256,0,sampled_diagonal_fisher,31,0,,2.000033029666243,0.2890093658912795,199,50944,31,,-0.6663186712507622,24,1.9143138435536016,2.000033029666243,5.624904752527586e-40,0.9992100935108424,2.0,9,1,1.0962814141036298e-05,3.793238363479309e-05,15335018.017976169,31,4.965038108566092e-10,0.0076138948854799,1
ct_w4_i5,4,evaluation,chain,256,0,sampled_two_block_fisher,31,0,,1.0000254269943571,0.2890093658912795,199,50944,256,,-0.6868376009788755,24,1.9143138435536016,1.0000254269943571,1.9161991025499933e-45,0.999984781741309,1.0,7,1,8.129141279371988e-06,2.8127604980213807e-05,400490.59577784286,31,1.4923150976711318e-10,5.976581625545813e-05,1
ct_w4_i5,4,evaluation,chain,256,0,sampled_star_fisher,31,0,,2.000169180804109,0.2890093658912795,199,50944,90,,-0.5027797146884768,24,1.9143138435536016,2.000169180804109,4.0269108191577613e-36,0.717131976198748,2.0,9,1,4.409777756312018e-05,0.0001525825207329,,-1,,,0
ct_w4_i5,4,evaluation,chain,256,0,sampled_full_fisher,31,0,,1.0000944677989114,0.2890093658912795,199,50944,496,,-0.7271611675273734,24,1.9143138435536016,1.0000944677989114,2.4012102604767368e-36,0.9999363164552934,1.0,9,1,2.503058959192568e-05,8.660822985695822e-05,260417.8027444923,31,6.922966677755839e-10,0.0001802863770694,1
ct_w4_i5,4,evaluation,chain,256,0,protected_ray_star,31,0,,2.7155012897521846,0.2890093658912795,199,50944,90,,-0.9810874914875736,24,1.9143138435536016,3.782277297300647,1.3962867582219748e-08,0.1153503585009185,3.0,9,0,0.3885632646954694,1.3444659950627358,,-1,,,0
ct_w4_i5,4,evaluation,chain,256,19,sampled_adam,31,0,,1.0359379196655745,0.3672605058678817,199,50944,62,,-0.6021073445433447,26,2.001886384182389,1.0359379196655745,2.101408597399665e-21,0.978598736775596,1.0,7,1,0.0082622619306319,0.0224970063446031,2440.5668191505,31,1.7629354470666968e-05,0.0430256175641523,1
ct_w4_i5,4,evaluation,chain,256,19,sampled_diagonal_fisher,31,0,,1.000062831395951,0.3672605058678817,199,50944,31,,-0.7699799346510471,26,2.001886384182389,1.000062831395951,3.991299951112376e-39,0.9999734612004378,1.0,7,1,2.293409208053992e-05,6.244638809268054e-05,146693.55250431917,31,7.682546633761013e-10,0.0001126980057986,1
ct_w4_i5,4,evaluation,chain,256,19,sampled_two_block_fisher,31,0,,1.0000757513281986,0.3672605058678817,199,50944,256,,-0.8327137479319087,26,2.001886384182389,1.0000757513281986,2.1756971758848593e-40,0.999963652119169,1.0,7,1,2.843374297627029e-05,7.742118338882603e-05,1372603.4310452668,31,1.1364258573629495e-10,0.0001559862030944,1
ct_w4_i5,4,evaluation,chain,256,19,sampled_star_fisher,31,0,,1.0000704015975383,0.3672605058678817,199,50944,90,,-0.5025625070625941,26,2.001886384182389,1.0000704015975383,8.689191733870351e-38,0.9999613706460134,1.0,7,1,1.7030457023512653e-05,4.637159931822125e-05,15638.117570576613,31,6.2669829064457564e-09,9.800381550379269e-05,1
ct_w4_i5,4,evaluation,chain,256,19,sampled_full_fisher,31,0,,1.0001027728893526,0.3672605058678817,199,50944,496,,-0.8526977438543938,26,2.001886384182389,1.0001027728893526,5.395995627242917e-36,0.9999246480063704,1.0,7,1,2.317327542938157e-05,6.309765155559067e-05,186787.0899171655,31,8.59898272117269e-10,0.0001606178958735,1
ct_w4_i5,4,evaluation,chain,256,19,protected_ray_star,31,0,,2.677123469017788,0.3672605058678817,199,50944,90,,-0.9798001335408072,26,2.001886384182389,3.081078930405587,2.445151020832194e-09,0.0930065573693292,2.0,6,0,0.2437373348643025,0.6636633424231696,,-1,,,0
ct_w4_i5,4,evaluation,chain,256,42,sampled_adam,31,0,,2.037254919725425,0.3184643940301249,199,50944,62,,-0.4988890189504733,27,2.202251896185291,2.037254919725425,6.984149880257156e-23,0.9756004928261626,2.0,9,1,0.0092008235128078,0.0288912157380379,1276.2588146458545,31,4.074541766774777e-05,0.05200169845489,1
ct_w4_i5,4,evaluation,chain,256,42,sampled_diagonal_fisher,31,0,,2.0001391991962265,0.3184643940301249,199,50944,31,,-0.7084359415228669,27,2.202251896185291,2.0001391991962265,5.328078253091281e-40,0.9998371891535336,2.0,9,1,3.814960988690254e-05,0.0001197923868477,63361.42425640779,31,1.196640942966344e-08,0.0007582087446987,1
ct_w4_i5,4,evaluation,chain,256,42,sampled_two_block_fisher,31,0,,2.0001635651695047,0.3184643940301249,199,50944,256,,-0.7821925131952895,27,2.202251896185291,2.0001635651695047,1.1526329080573996e-35,0.9995874851395696,2.0,9,1,4.2419735807627015e-05,0.0001332008745807,220152.3503158451,31,1.6701852172752653e-08,0.0036769520104593,1
ct_w4_i5,4,evaluation,chain,256,42,sampled_star_fisher,31,0,,2.000075097513781,0.3184643940301249,199,50944,90,,-0.445861136064301,27,2.202251896185291,2.000075097513781,6.556559172263514e-39,0.9452226656853514,2.0,10,1,2.234489545706992e-05,7.016450151396272e-05,618522863.9642831,31,1.0036380581755875e-09,0.6207730861263162,1
ct_w4_i5,4,evaluation,chain,256,42,sampled_full_fisher,31,0,,2.0001983586116445,0.3184643940301249,199,50944,496,,-0.7887078332371158,27,2.202251896185291,2.0001983586116445,1.260278918526569e-34,0.9985464453296764,2.0,9,1,4.80930908981019e-05,0.0001510155979746,674965.5224370846,31,2.3072478441928885e-08,0.0155731274654749,1
ct_w4_i5,4,evaluation,chain,256,42,protected_ray_star,31,0,,3.2733681599718967,0.3184643940301249,199,50944,90,,-0.9812162584226016,27,2.202251896185291,3.775703431400089,2.291280735474133e-09,0.0656914100070183,2.0,9,1,0.2028525520173399,0.636970901048835,,-1,,,0
ct_w4_i5,4,evaluation,chain,256,50,sampled_adam,31,0,,1.0345323379339373,0.2463364287175596,199,50944,62,,-0.5677012282509257,28,2.5086071114677955,1.0345323379339373,6.791875459403731e-21,0.9796401617606252,1.0,7,1,0.008074498372529,0.0327783365804451,1977.9836199502197,31,2.419860328543382e-05,0.0478644409242616,1
ct_w4_i5,4,evaluation,chain,256,50,sampled_diagonal_fisher,31,0,,1.0000989051748377,0.2463364287175596,199,50944,31,,-0.759463496186652,28,2.5086071114677955,1.0000989051748377,1.4151878494477935e-41,0.9999444478628862,1.0,7,1,2.673996388206895e-05,0.0001085505867779,471560.36956633726,31,4.4441556273202337e-10,0.0002095687670029,1
ct_w4_i5,4,evaluation,chain,256,50,sampled_two_block_fisher,31,0,,1.0001117532226471,0.2463364287175596,199,50944,256,,-0.816500533024983,28,2.5086071114677955,1.0001117532226471,6.899677892251124e-39,0.99991395942856,1.0,7,1,3.22785691316832e-05,0.0001310344933541,396845.1937753205,31,1.2851070879056854e-09,0.0005099885713219,1
ct_w4_i5,4,evaluation,chain,256,50,sampled_star_fisher,31,0,,1.000167422108035,0.2463364287175596,199,50944,90,,-0.6354265932291516,28,2.5086071114677955,1.000167422108035,4.419761175148763e-36,0.999900431041267,1.0,7,1,5.467206076978498e-05,0.000221940624269,17230.382372493335,31,2.6054551528154626e-08,0.0004489298853739,1
ct_w4_i5,4,evaluation,chain,256,50,sampled_full_fisher,31,0,,2.000164045700737,0.2463364287175596,199,50944,496,,-0.837582454496354,28,2.5086071114677955,2.000164045700737,4.237606691764941e-18,0.9783917156927608,2.0,4,1,4.0072029020056925e-05,0.0001626719573254,27738689.646099363,31,6.041155763755957e-09,0.1675737448345708,1
ct_w4_i5,4,evaluation,chain,256,50,protected_ray_star,31,0,,2.372758246823583,0.2463364287175596,199,50944,90,,-0.9800982646063192,28,2.5086071114677955,5.288776565577256,0.0035188317685545,0.0087383236455902,2.0,1,0,0.4278726554776434,1.736944298921483,,-1,,,0
ct_w4_i5,4,evaluation,chain,256,101,sampled_adam,31,0,,1.0350953646647945,0.2704368987970578,199,50944,62,,-0.524623044040843,25,2.418572666884303,1.0350953646647945,1.489670549682814e-20,0.97961808072215,1.0,7,1,0.0079928674732024,0.0295553879990335,696.7501406544548,31,5.9561972571232745e-05,0.0414998127666631,1
ct_w4_i5,4,evaluation,chain,256,101,sampled_diagonal_fisher,31,0,,1.0000406290709467,0.2704368987970578,199,50944,31,,-0.7093262981546486,25,2.418572666884303,1.0000406290709467,2.424872089363133e-41,0.999968827699283,1.0,7,1,1.2159278613938034e-05,4.496161088972789e-05,229615.6835767644,31,5.783921394525293e-10,0.0001328079064758,1
ct_w4_i5,4,evaluation,chain,256,101,sampled_two_block_fisher,31,0,,2.0001210499270456,0.2704368987970578,199,50944,256,,-0.7680733309944755,25,2.418572666884303,2.0001210499270456,2.2184387274377192e-36,0.879909980651435,2.0,9,1,3.6980544468053496e-05,0.0001367437085418,,-1,,,0
ct_w4_i5,4,evaluation,chain,256,101,sampled_star_fisher,31,0,,2.00007792383056,0.2704368987970578,199,50944,90,,-0.5454033315858103,25,2.418572666884303,2.00007792383056,1.02871810187429e-36,0.7109556579825029,2.0,10,1,2.2751912223268264e-05,8.413020680414557e-05,,-1,,,0
ct_w4_i5,4,evaluation,chain,256,101,sampled_full_fisher,31,0,,2.000116078468517,0.2704368987970447,199,50944,496,,-0.7845656726042914,25,2.418572666884303,2.000116078468517,8.413503664336482e-36,0.4657717246420721,2.0,10,1,2.819475607748929e-05,0.0001042563208012,,-1,,,0
ct_w4_i5,4,evaluation,chain,256,101,protected_ray_star,31,0,,3.146952458664624,0.2704368987970447,199,50944,90,,-0.9792883639343146,25,2.418572666884303,3.8128383472231047,1.8205381113902367e-11,0.056377986247106,2.0,11,1,0.2384357801052054,0.8816688150389743,,-1,,,0
ct_w4_i5,4,evaluation,problem_tree,256,0,sampled_adam,31,1,109.0,0.0994334316908087,0.4471448687739389,109,27904,62,,0.1563262935543193,30,0.7149868719798207,0.0994334316908087,0.9271691363366432,0.9271691363366432,0.0,0,1,0.020198983855198,0.045173243093638,,-1,,,0
ct_w4_i5,4,evaluation,problem_tree,256,0,sampled_diagonal_fisher,31,1,3.0,0.0256435269552053,0.4471448687739389,3,768,31,,0.2181885031424701,30,0.7149868719798207,0.0256435269552053,0.976494624337273,0.976494624337273,0.0,0,1,0.0065443970919449,0.0146359659899251,,-1,,,0
ct_w4_i5,4,evaluation,problem_tree,256,0,sampled_two_block_fisher,31,1,3.0,0.0425427611778737,0.4471448687739389,3,768,256,,-0.0270333142742476,30,0.7149868719798207,0.0425427611778737,0.96422091671177,0.96422091671177,0.0,0,1,0.0087121881266157,0.0194840391448622,,-1,,,0
ct_w4_i5,4,evaluation,problem_tree,256,0,sampled_star_fisher,31,1,4.0,0.0427814802703476,0.4471448687739389,4,1024,105,,0.4514155002822085,30,0.7149868719798207,0.0427814802703476,0.963895713438939,0.963895713438939,0.0,0,1,0.011322484153042,0.025321735624716,,-1,,,0
ct_w4_i5,4,evaluation,problem_tree,256,0,sampled_full_fisher,31,1,4.0,0.0715417018074404,0.4471448687739389,4,1024,496,,0.4934769384724459,30,0.7149868719798207,0.0715417018074404,0.9332381629614982,0.9332381629614982,0.0,0,1,0.0201782487060775,0.0451268707642914,,-1,,,0
ct_w4_i5,4,evaluation,problem_tree,256,0,protected_ray_star,31,1,24.0,0.0895514125889693,0.4471448687739389,24,6144,105,,0.980497822400456,30,0.7149868719798207,0.0895514125889693,0.9170275061105322,0.9170275061105322,0.0,0,1,0.0266428323723947,0.059584341078203,,-1,,,0
ct_w4_i5,4,evaluation,problem_tree,256,19,sampled_adam,31,1,118.0,0.0999890620570429,0.2942822721659828,118,30208,62,,-0.0312652569602743,28,1.4399687148278455,0.0999890620570429,0.9303842712534742,0.9303842712534742,0.0,0,1,0.0195643443901185,0.0664815595112836,,-1,,,0
ct_w4_i5,4,evaluation,problem_tree,256,19,sampled_diagonal_fisher,31,1,5.0,0.0443344036376753,0.2942822721659828,5,1280,31,,0.1776392148626814,28,1.4399687148278455,0.0443344036376753,0.9583881765910748,0.9583881765910748,0.0,0,1,0.0149206128916305,0.0507017048013511,,-1,,,0
ct_w4_i5,4,evaluation,problem_tree,256,19,sampled_two_block_fisher,31,1,5.0,0.078910318358444,0.2942822721659828,5,1280,256,,-0.0440731597228785,28,1.4399687148278455,0.078910318358444,0.9271510927783144,0.9271510927783144,0.0,0,1,0.0308430204484956,0.1048076060494033,,-1,,,0
ct_w4_i5,4,evaluation,problem_tree,256,19,sampled_star_fisher,31,1,6.0,0.0667879728395028,0.2942822721659828,6,1536,105,,0.5776776986718781,28,1.4399687148278455,0.0667879728395028,0.9367886565829504,0.9367886565829504,0.0,0,1,0.0255656832955694,0.086874697233375,,-1,,,0
ct_w4_i5,4,evaluation,problem_tree,256,19,sampled_full_fisher,31,1,8.0,0.0539943755792915,0.2942822721659828,8,2048,496,,0.4823943449867178,28,1.4399687148278455,0.0539943755792915,0.9502949879064468,0.9502949879064468,0.0,0,1,0.0211197204643382,0.0717668798357862,,-1,,,0
ct_w4_i5,4,evaluation,problem_tree,256,19,protected_ray_star,31,1,28.0,0.0931896502840743,0.2942822721659828,28,7168,105,,0.959313891448757,28,1.4399687148278455,0.0931896502840743,0.9139527541733402,0.9139527541733402,0.0,0,1,0.0289912697479807,0.0985151757005223,,-1,,,0
ct_w4_i5,4,evaluation,problem_tree,256,42,sampled_adam,31,1,100.0,0.0990175180966819,0.3293421029071602,100,25600,62,,0.1875915991415669,30,0.8176167456669865,0.0990175180966819,0.9202623700839194,0.9202623700839194,0.0,0,1,0.0185820246034174,0.0564216492194308,,-1,,,0
ct_w4_i5,4,evaluation,problem_tree,256,42,sampled_diagonal_fisher,31,1,4.0,0.0283185349114809,0.3293421029071602,4,1024,31,,0.2200481117132162,30,0.8176167456669865,0.0283185349114809,0.9740779822630142,0.9740779822630142,0.0,0,1,0.0100500062299004,0.0305154006766437,,-1,,,0
ct_w4_i5,4,evaluation,problem_tree,256,42,sampled_two_block_fisher,31,1,4.0,0.039688443687563,0.3293421029071602,4,1024,256,,-0.1091654494167042,30,0.8176167456669865,0.039688443687563,0.9651420027807704,0.9651420027807704,0.0,0,1,0.0146117224672865,0.0443663969419833,,-1,,,0
ct_w4_i5,4,evaluation,problem_tree,256,42,sampled_star_fisher,31,1,4.0,0.0391739321322255,0.3293421029071602,4,1024,105,,0.4406128886979741,30,0.8176167456669865,0.0391739321322255,0.962499913284128,0.962499913284128,0.0,0,1,0.0119360022562572,0.0362419567704709,,-1,,,0
ct_w4_i5,4,evaluation,problem_tree,256,42,sampled_full_fisher,31,1,6.0,0.0651488347606417,0.3293421029071602,6,1536,496,,0.4736889143830909,30,0.8176167456669865,0.0651488347606417,0.9384014012694027,0.9384014012694027,0.0,0,1,0.0244345909272681,0.074192126398598,,-1,,,0
ct_w4_i5,4,evaluation,problem_tree,256,42,protected_ray_star,31,1,20.0,0.0973908922767954,0.3293421029071602,20,5120,105,,0.973524638917296,30,0.8176167456669865,0.0973908922767954,0.9128758985358144,0.9128758985358144,0.0,0,1,0.0277242148622263,0.0841805970676079,,-1,,,0
ct_w4_i5,4,evaluation,problem_tree,256,50,sampled_adam,31,1,98.0,0.0990179794730856,0.3729757653450617,98,25088,62,,0.2501220432514542,28,1.1156720320192408,0.0990179794730856,0.922269674666791,0.922269674666791,0.0,0,1,0.0194226993551063,0.052074963468839,,-1,,,0
ct_w4_i5,4,evaluation,problem_tree,256,50,sampled_diagonal_fisher,31,1,3.0,0.0348844985593661,0.3729757653450617,3,768,31,,0.27715219772579,28,1.1156720320192408,0.0348844985593661,0.9693098722031676,0.9693098722031676,0.0,0,1,0.0079751450947427,0.0213824753127443,,-1,,,0
ct_w4_i5,4,evaluation,problem_tree,256,50,sampled_two_block_fisher,31,1,3.0,0.0587301837706668,0.3729757653450617,3,768,256,,-0.1126615535129265,28,1.1156720320192408,0.0587301837706668,0.9468180219688316,0.9468180219688316,0.0,0,1,0.0152188202341645,0.0408037777470198,,-1,,,0
ct_w4_i5,4,evaluation,problem_tree,256,50,sampled_star_fisher,31,1,4.0,0.0443114339180805,0.3729757653450617,4,1024,105,,0.5002922968336456,28,1.1156720320192408,0.0443114339180805,0.9604727326024256,0.9604727326024256,0.0,0,1,0.0100730755721337,0.0270073192632623,,-1,,,0
ct_w4_i5,4,evaluation,problem_tree,256,50,sampled_full_fisher,31,1,5.0,0.0500733105788189,0.3729757653450617,5,1280,496,,0.3588220434671179,28,1.1156720320192408,0.0500733105788189,0.9535901865469182,0.9535901865469182,0.0,0,1,0.0140939395858872,0.0377878159800762,,-1,,,0
ct_w4_i5,4,evaluation,problem_tree,256,50,protected_ray_star,31,1,27.0,0.0815317587802013,0.3729757653450617,27,6912,105,,0.966608464552569,28,1.1156720320192408,0.0815317587802013,0.9229328137034172,0.9229328137034172,0.0,0,1,0.0259448381984478,0.0695617265492967,,-1,,,0
ct_w4_i5,4,evaluation,problem_tree,256,101,sampled_adam,31,1,86.0,0.0990332297303915,0.249150898547728,86,22016,62,,0.2501220783945333,30,1.147852189644477,0.0990332297303915,0.9227708169702882,0.9227708169702882,0.0,0,1,0.0194554897611451,0.0780871747786137,,-1,,,0
ct_w4_i5,4,evaluation,problem_tree,256,101,sampled_diagonal_fisher,31,1,3.0,0.0432443353501472,0.249150898547728,3,768,31,,0.2293183577427811,30,1.147852189644477,0.0432443353501472,0.9635587118442582,0.9635587118442582,0.0,0,1,0.0104276606453996,0.0418527916462724,,-1,,,0
ct_w4_i5,4,evaluation,problem_tree,256,101,sampled_two_block_fisher,31,1,3.0,0.0427387155669283,0.249150898547728,3,768,256,,0.1271795647350277,30,1.147852189644477,0.0427387155669283,0.9622581937296494,0.9622581937296494,0.0,0,1,0.0080749590306961,0.0324099133407269,,-1,,,0
ct_w4_i5,4,evaluation,problem_tree,256,101,sampled_star_fisher,31,1,3.0,0.073871591475747,0.249150898547728,3,768,105,,0.5214429302647833,30,1.147852189644477,0.073871591475747,0.9329625792322144,0.9329625792322144,0.0,0,1,0.0183461811072336,0.0736348181530609,,-1,,,0
ct_w4_i5,4,evaluation,problem_tree,256,101,sampled_full_fisher,31,1,4.0,0.074852615951638,0.2491508985477244,4,1024,496,,0.6517956546575867,30,1.147852189644477,0.074852615951638,0.9402370340107448,0.9402370340107448,0.0,0,1,0.0156336305167451,0.0627476385109265,,-1,,,0
ct_w4_i5,4,evaluation,problem_tree,256,101,protected_ray_star,31,1,21.0,0.0678157017175209,0.2491508985477244,21,5376,105,,0.959597294147617,30,1.147852189644477,0.0678157017175209,0.9396077806154424,0.9396077806154424,0.0,0,1,0.0201285920597723,0.0807887596516806,,-1,,,0
ct_w4_i5,4,evaluation,width2,256,0,sampled_adam,44,1,43.0,0.0989571760820879,0.4933923235068355,43,11008,88,,0.3129894207742183,41,0.3341989286545722,0.0989571760820879,0.92259427619724,0.92259427619724,0.0,0,1,0.0199829214379945,0.0405010789303813,,-1,,,0
ct_w4_i5,4,evaluation,width2,256,0,sampled_diagonal_fisher,44,1,3.0,0.0187066244057501,0.4933923235068355,3,768,44,,0.3143441596418347,41,0.3341989286545722,0.0187066244057501,0.9874511848640484,0.9874511848640484,0.0,0,1,0.005992388638364,0.012145281458318,,-1,,,0
ct_w4_i5,4,evaluation,width2,256,0,sampled_two_block_fisher,44,1,3.0,0.0838538815744307,0.4933923235068355,3,768,542,,0.4329812120485822,41,0.3341989286545722,0.0838538815744307,0.9259372558078716,0.9259372558078716,0.0,0,1,0.0258031633010488,0.0522974559426669,,-1,,,0
ct_w4_i5,4,evaluation,width2,256,0,sampled_star_fisher,44,1,3.0,0.0409637286302597,0.4933923235068355,3,768,226,,0.5068972583613873,41,0.3341989286545722,0.0409637286302597,0.9611202370759844,0.9611202370759844,0.0,0,1,0.0124718625509585,0.0252777798858189,,-1,,,0
ct_w4_i5,4,evaluation,width2,256,0,sampled_full_fisher,44,1,4.0,0.0894174453698486,0.4933923235068355,4,1024,990,,0.6920700500128125,41,0.3341989286545722,0.0894174453698486,0.9194873119048724,0.9194873119048724,0.0,0,1,0.0310292226079446,0.062889552856034,,-1,,,0
ct_w4_i5,4,evaluation,width2,256,0,protected_ray_star,44,1,11.0,0.0339850278972448,0.4933923235068355,11,2816,226,,0.9796017978743652,41,0.3341989286545722,0.0339850278972448,0.9668155909300938,0.9668155909300938,0.0,0,1,0.0162595097686554,0.032954525220598,,-1,,,0
ct_w4_i5,4,evaluation,width2,256,19,sampled_adam,44,1,143.0,0.0969845281998971,0.259640700414687,143,36608,88,,0.2378719668135867,41,0.7227500997551937,0.0969845281998971,0.910737705627722,0.910737705627722,0.0,0,1,0.0314322172978073,0.1210604394750327,,-1,,,0
ct_w4_i5,4,evaluation,width2,256,19,sampled_diagonal_fisher,44,0,,1.0000461981846058,0.259640700414687,199,50944,44,,0.2918697536713076,41,0.7227500997551937,1.0000461981846058,6.184971537696063e-21,0.9962197030963662,1.0,7,1,1.134338600824252e-05,4.3688782190640165e-05,697535803892.4691,37,8.574018615190515e-14,0.0598068496733591,1
ct_w4_i5,4,evaluation,width2,256,19,sampled_two_block_fisher,44,1,11.0,0.0221182368539025,0.259640700414687,11,2816,542,,0.3727759712880347,41,0.7227500997551937,0.0221182368539025,0.9790702059250036,0.9790702059250036,0.0,0,1,0.0152806624545519,0.0588531090470266,,-1,,,0
ct_w4_i5,4,evaluation,width2,256,19,sampled_star_fisher,44,1,5.0,0.0321512850707019,0.259640700414687,5,1280,226,,0.604016044012664,41,0.7227500997551937,0.0321512850707019,0.970404315898798,0.970404315898798,0.0,0,1,0.0089991684636591,0.0346600839132155,,-1,,,0
ct_w4_i5,4,evaluation,width2,256,19,sampled_full_fisher,44,1,7.0,0.0450109024302847,0.259640700414687,7,1792,990,,0.5793496900045721,41,0.7227500997551937,0.0450109024302847,0.9592061526741056,0.9592061526741056,0.0,0,1,0.0227839428653992,0.0877518156013664,,-1,,,0
ct_w4_i5,4,evaluation,width2,256,19,protected_ray_star,44,1,16.0,0.0276453154101297,0.259640700414687,16,4096,226,,0.9786781364377116,41,0.7227500997551937,0.0276453154101297,0.9724585159087916,0.9724585159087916,0.0,0,1,0.0169834007989776,0.065411165398385,,-1,,,0
ct_w4_i5,4,evaluation,width2,256,42,sampled_adam,44,1,56.0,0.0998473770166796,0.1878888733590123,56,14336,88,,0.1877936339932869,44,1.06601595218,0.0998473770166796,0.9135532541687524,0.9135532541687524,0.0,0,1,0.0218916993349765,0.1165140806030942,,-1,,,0
ct_w4_i5,4,evaluation,width2,256,42,sampled_diagonal_fisher,44,1,4.0,0.0093977135689051,0.1878888733590123,4,1024,44,,0.3204467948103317,44,1.06601595218,0.0093977135689051,0.991269918847494,0.991269918847494,0.0,0,1,0.0030751494759708,0.0163668524963421,,-1,,,0
ct_w4_i5,4,evaluation,width2,256,42,sampled_two_block_fisher,44,1,6.0,0.0628869059420917,0.1878888733590123,6,1536,542,,0.4260290006355906,44,1.06601595218,0.0628869059420917,0.9417805012935684,0.9417805012935684,0.0,0,1,0.0298657557200436,0.1589543605542682,,-1,,,0
ct_w4_i5,4,evaluation,width2,256,42,sampled_star_fisher,44,1,4.0,0.0608774717048703,0.1878888733590123,4,1024,226,,0.5229989100230472,44,1.06601595218,0.0608774717048703,0.9447345299018788,0.9447345299018788,0.0,0,1,0.0181484660671697,0.0965914891218291,,-1,,,0
ct_w4_i5,4,evaluation,width2,256,42,sampled_full_fisher,44,1,8.0,0.0533930194774185,0.1878888733590123,8,2048,990,,0.7742282540251588,44,1.06601595218,0.0533930194774185,0.9508966875777098,0.9508966875777098,0.0,0,1,0.0273495421328004,0.1455623297104015,,-1,,,0
ct_w4_i5,4,evaluation,width2,256,42,protected_ray_star,44,1,20.0,0.0303764443280929,0.1878888733590123,20,5120,226,,0.9797075877432692,44,1.06601595218,0.0303764443280929,0.9696831409870826,0.9696831409870826,0.0,0,1,0.0190517935018856,0.1013992641569683,,-1,,,0
ct_w4_i5,4,evaluation,width2,256,50,sampled_adam,44,1,51.0,0.0980233889167845,0.3425284893661752,51,13056,88,,0.3129893604659235,42,0.4207438488491213,0.0980233889167845,0.9202107616431434,0.9202107616431434,0.0,0,1,0.0192348659048392,0.0561555213711772,,-1,,,0
ct_w4_i5,4,evaluation,width2,256,50,sampled_diagonal_fisher,44,1,3.0,0.010884833607097,0.3425284893661752,3,768,44,,0.2834121668779307,42,0.4207438488491213,0.010884833607097,0.990418178993591,0.990418178993591,0.0,0,1,0.0023701774159203,0.0069196504509923,,-1,,,0
ct_w4_i5,4,evaluation,width2,256,50,sampled_two_block_fisher,44,1,3.0,0.0326964663199387,0.3425284893661752,3,768,542,,0.3323522101458607,42,0.4207438488491213,0.0326964663199387,0.972655613225024,0.972655613225024,0.0,0,1,0.0073172928185337,0.0213625816412348,,-1,,,0
ct_w4_i5,4,evaluation,width2,256,50,sampled_star_fisher,44,1,3.0,0.0405355786081269,0.3425284893661752,3,768,226,,0.6523849945888035,42,0.4207438488491213,0.0405355786081269,0.9610365875830712,0.9610365875830712,0.0,0,1,0.0099378702313342,0.0290132661657534,,-1,,,0
ct_w4_i5,4,evaluation,width2,256,50,sampled_full_fisher,44,1,5.0,0.0578040347913901,0.3425284893661752,5,1280,990,,0.7699095684249485,42,0.4207438488491213,0.0578040347913901,0.9509789850376652,0.9509789850376652,0.0,0,1,0.0142855280738392,0.041706101878631,,-1,,,0
ct_w4_i5,4,evaluation,width2,256,50,protected_ray_star,44,1,16.0,0.0476757894638133,0.3425284893661752,16,4096,226,,0.9784665635060136,42,0.4207438488491213,0.0476757894638133,0.9525273307478788,0.9525273307478788,0.0,0,1,0.0290177109147011,0.0847161967998528,,-1,,,0
ct_w4_i5,4,evaluation,width2,256,101,sampled_adam,44,1,50.0,0.0980902579236566,0.2543379147309222,50,12800,88,,0.212832871967582,38,0.8423126501366296,0.0980902579236566,0.9178674453351554,0.9178674453351554,0.0,0,1,0.0203641025658403,0.0800671130271106,,-1,,,0
ct_w4_i5,4,evaluation,width2,256,101,sampled_diagonal_fisher,44,1,3.0,0.0268567016161913,0.2543379147309222,3,768,44,,0.3731409711552473,38,0.8423126501366296,0.0268567016161913,0.9759582425261702,0.9759582425261702,0.0,0,1,0.0067846405016878,0.0266756944550153,,-1,,,0
ct_w4_i5,4,evaluation,width2,256,101,sampled_two_block_fisher,44,1,3.0,0.0575358633783089,0.2543379147309222,3,768,542,,0.4357860055032723,38,0.8423126501366296,0.0575358633783089,0.9482307363013138,0.9482307363013138,0.0,0,1,0.0127320482413795,0.050059576272179,,-1,,,0
ct_w4_i5,4,evaluation,width2,256,101,sampled_star_fisher,44,1,3.0,0.072920151794678,0.2543379147309222,3,768,226,,0.5230741068494916,38,0.8423126501366296,0.072920151794678,0.9307320617560284,0.9307320617560284,0.0,0,1,0.0201279447842231,0.0791385932589624,,-1,,,0
ct_w4_i5,4,evaluation,width2,256,101,sampled_full_fisher,44,1,5.0,0.0482077429413436,0.2543379147309201,5,1280,990,,0.6832234490618878,38,0.8423126501366296,0.0482077429413436,0.9571573958128112,0.9571573958128112,0.0,0,1,0.0120331666834133,0.0473117297361819,,-1,,,0
ct_w4_i5,4,evaluation,width2,256,101,protected_ray_star,44,1,13.0,0.0578516254860019,0.2543379147309201,13,3328,226,,0.9794030099842568,38,0.8423126501366296,0.0578516254860019,0.9429210120583372,0.9429210120583372,0.0,0,1,0.0320820252659183,0.126139373674821,,-1,,,0
ct_w4_i5,4,evaluation,width3,1024,0,sampled_adam,48,1,37.0,0.0988769898462269,0.3328740128758192,37,37888,96,,0.271965704128498,48,0.2870276594378728,0.0988769898462269,0.9158834185250728,0.9158834185250728,0.0,0,1,0.021081853832329,0.0633328316926733,,-1,,,0
ct_w4_i5,4,evaluation,width3,1024,0,sampled_star_fisher,48,1,4.0,0.0243102136768875,0.3328740128758192,4,4096,278,,0.3141243194725649,48,0.2870276594378728,0.0243102136768875,0.9764014636014618,0.9764014636014618,0.0,0,1,0.0083763764207686,0.0251638040122209,,-1,,,0
ct_w4_i5,4,evaluation,width3,1024,0,sampled_full_fisher,48,1,5.0,0.0592552724655952,0.3328740128758192,5,5120,1176,,0.8874750023280509,48,0.2870276594378728,0.0592552724655952,0.94352914215435,0.94352914215435,0.0,0,1,0.0266148159324446,0.0799546221782517,,-1,,,0
ct_w4_i5,4,evaluation,width3,1024,0,protected_ray_star,48,1,7.0,0.0817886120947157,0.3328740128758192,7,7168,278,,0.9785760924055116,48,0.2870276594378728,0.0817886120947157,0.9214473530941376,0.9214473530941376,0.0,0,1,0.0316075594249547,0.0949535205583805,,-1,,,0
ct_w4_i5,4,evaluation,width3,1024,19,sampled_adam,48,0,,1.0115517621901835,0.263113161182938,199,203776,96,,0.2246676549627389,48,0.3791840002125766,1.0115517621901835,2.2562385962259487e-13,0.9899735854823896,1.0,7,1,0.0023754468722122,0.0090282328011735,63922483.806533664,48,5.464806522542511e-10,0.0349324006443063,1
ct_w4_i5,4,evaluation,width3,1024,19,sampled_star_fisher,48,0,,1.0000146081938706,0.263113161182938,199,203776,278,,0.3858995712257664,48,0.3791840002125766,1.0000146081938706,1.117138308564037e-19,0.9034158413007568,1.0,7,1,2.8991390283542004e-06,1.1018601332293217e-05,531839853941.0199,40,2.624739814161777e-12,1.395941239396979,1
ct_w4_i5,4,evaluation,width3,1024,19,sampled_full_fisher,48,1,13.0,0.0730443252986052,0.263113161182938,13,13312,1176,,0.8514154851185798,48,0.3791840002125766,0.0730443252986052,0.929527412388802,0.929527412388802,0.0,0,1,0.0688558983417607,0.2616968989015584,,-1,,,0
ct_w4_i5,4,evaluation,width3,1024,19,protected_ray_star,48,1,10.0,0.0838141973635018,0.263113161182938,10,10240,278,,0.9793531662038188,48,0.3791840002125766,0.0838141973635018,0.9178673325940536,0.9178673325940536,0.0,0,1,0.0599973001065463,0.2280285024010306,,-1,,,0
ct_w4_i5,4,evaluation,width3,1024,42,sampled_adam,48,0,,1.0117131296402953,0.1941826522889841,199,203776,96,,0.2483166985576734,48,0.4414110729320211,1.0117131296402953,3.9520786594240963e-13,0.989628223495664,1.0,6,1,0.002313189711151,0.011912442660988,878020829.3778105,48,3.221651349193435e-11,0.0282867698958496,1
ct_w4_i5,4,evaluation,width3,1024,42,sampled_star_fisher,48,0,,1.0000225133447689,0.1941826522889841,199,203776,278,,0.5411301601738497,48,0.4414110729320211,1.0000225133447689,1.0868928721525257e-23,0.999980205634177,1.0,6,1,6.950831717673396e-06,3.579532793346089e-05,809216985305.2393,46,1.4979857883203236e-16,0.0001212195543654,1
ct_w4_i5,4,evaluation,width3,1024,42,sampled_full_fisher,48,0,,1.000112963127462,0.1941826522889841,199,203776,1176,,0.7723231214899848,48,0.4414110729320211,1.000112963127462,1.1470755083289844e-08,0.7100873333026007,1.0,6,1,4.685247975983375e-05,0.0002412804604713,,-1,,,0
ct_w4_i5,4,evaluation,width3,1024,42,protected_ray_star,48,1,24.0,0.058734320427181,0.1941826522889841,24,24576,278,,0.9796003726584832,48,0.4414110729320211,0.058734320427181,0.9413086102448956,0.9413086102448956,0.0,0,1,0.0353829116816379,0.1822145864450385,,-1,,,0
ct_w4_i5,4,evaluation,width3,1024,50,sampled_adam,48,1,45.0,0.0975788241452413,0.2637364805201236,45,46080,96,,0.2719656762159342,48,0.252203000069209,0.0975788241452413,0.9150040673864236,0.9150040673864236,0.0,0,1,0.0192652484898173,0.0730473404810124,,-1,,,0
ct_w4_i5,4,evaluation,width3,1024,50,sampled_star_fisher,48,1,3.0,0.0516480478404588,0.2637364805201236,3,3072,278,,0.6900013144669654,48,0.252203000069209,0.0516480478404588,0.9506375953226436,0.9506375953226436,0.0,0,1,0.0125336100395667,0.0475232323372512,,-1,,,0
ct_w4_i5,4,evaluation,width3,1024,50,sampled_full_fisher,48,1,5.0,0.0571493209075946,0.2637364805201236,5,5120,1176,,0.8895174415328513,48,0.252203000069209,0.0571493209075946,0.9456159941139384,0.9456159941139384,0.0,0,1,0.0223630193191585,0.0847930452209556,,-1,,,0
ct_w4_i5,4,evaluation,width3,1024,50,protected_ray_star,48,1,8.0,0.0621658892477796,0.2637364805201236,8,8192,278,,0.97851430249711,48,0.252203000069209,0.0621658892477796,0.9391934817323916,0.9391934817323916,0.0,0,1,0.0300010282154014,0.1137538051476057,,-1,,,0
ct_w4_i5,4,evaluation,width3,1024,101,sampled_adam,48,1,44.0,0.099723406667767,0.2124336306559248,44,45056,96,,0.295614907668716,48,0.3833114740365297,0.099723406667767,0.91538005595972,0.91538005595972,0.0,0,1,0.0206922474319358,0.097405704398334,,-1,,,0
ct_w4_i5,4,evaluation,width3,1024,101,sampled_star_fisher,48,1,3.0,0.0507296043357463,0.2124336306559248,3,3072,278,,0.5422273906454552,48,0.3833114740365297,0.0507296043357463,0.9518591303754654,0.9518591303754654,0.0,0,1,0.0135064591881964,0.0635796655477428,,-1,,,0
ct_w4_i5,4,evaluation,width3,1024,101,sampled_full_fisher,48,1,5.0,0.0459024640928618,0.2124336306559248,5,5120,1176,,0.7895664342640376,48,0.3833114740365297,0.0459024640928618,0.9593167874935792,0.9593167874935792,0.0,0,1,0.0151543114663612,0.0713366872258868,,-1,,,0
ct_w4_i5,4,evaluation,width3,1024,101,protected_ray_star,48,1,8.0,0.0953283165843732,0.2124336306559248,8,8192,278,,0.978904823107741,48,0.3833114740365297,0.0953283165843732,0.9079023513511332,0.9079023513511332,0.0,0,1,0.046460132606066,0.2187042252331354,,-1,,,0
ct_w4_i5,4,evaluation,width3,256,0,sampled_adam,48,1,40.0,0.0968784838301424,0.3328740128758192,40,10240,96,,0.3192640385606079,48,0.2330727625758352,0.0968784838301424,0.9172546327918404,0.9172546327918404,0.0,0,1,0.0204607938414054,0.0614670807872241,,-1,,,0
ct_w4_i5,4,evaluation,width3,256,0,sampled_diagonal_fisher,48,1,4.0,0.0098342894212812,0.3328740128758192,4,1024,48,,0.2968319375821979,48,0.2330727625758352,0.0098342894212812,0.9906775349629534,0.9906775349629534,0.0,0,1,0.0026436689113054,0.0079419504348382,,-1,,,0
ct_w4_i5,4,evaluation,width3,256,0,sampled_two_block_fisher,48,1,4.0,0.0501086449314449,0.3328740128758192,4,1024,664,,0.494557481422926,48,0.2330727625758352,0.0501086449314449,0.9562207596336716,0.9562207596336716,0.0,0,1,0.0166746772778751,0.0500930581327649,,-1,,,0
ct_w4_i5,4,evaluation,width3,256,0,sampled_star_fisher,48,1,3.0,0.0902878453294011,0.3328740128758192,3,768,278,,0.3892131790212337,48,0.2330727625758352,0.0902878453294011,0.916055362158632,0.916055362158632,0.0,0,1,0.0270642929640476,0.0813049139229266,,-1,,,0
ct_w4_i5,4,evaluation,width3,256,0,sampled_full_fisher,48,1,5.0,0.0809204892673758,0.3328740128758192,5,1280,1176,,0.8189179955208961,48,0.2330727625758352,0.0809204892673758,0.9281164923040232,0.9281164923040232,0.0,0,1,0.0312753388336743,0.0939554835280633,,-1,,,0
ct_w4_i5,4,evaluation,width3,256,0,protected_ray_star,48,1,15.0,0.0371558771231654,0.3328740128758192,15,3840,278,,0.9789432395919336,48,0.2330727625758352,0.0371558771231654,0.9629216907271394,0.9629216907271394,0.0,0,1,0.0223319440197209,0.0670882771135758,,-1,,,0
ct_w4_i5,4,evaluation,width3,256,19,sampled_adam,48,0,,1.0129340406512384,0.263113161182938,199,50944,96,,0.2246672594018117,46,0.3667194207827497,1.0129340406512384,6.402347698592867e-13,0.9882991977350905,1.0,7,1,0.002661430586316,0.0101151556780758,40015995.81929165,48,9.47704976162999e-10,0.0379233583640604,1
ct_w4_i5,4,evaluation,width3,256,19,sampled_diagonal_fisher,48,0,,1.000104088583079,0.263113161182938,199,50944,48,,0.2984482368661791,46,0.3667194207827497,1.000104088583079,9.896459714485792e-21,0.928185312700623,1.0,7,1,2.841418743676497e-05,0.0001079922695961,913700469946.2518,41,1.166242251612258e-12,1.065596093369295,1
ct_w4_i5,4,evaluation,width3,256,19,sampled_two_block_fisher,48,0,,1.000074917762701,0.263113161182938,199,50944,664,,0.5761767643093166,46,0.3667194207827497,1.000074917762701,2.963699565140419e-20,0.7149244680747812,1.0,7,1,1.738339914850844e-05,6.606814752387877e-05,,-1,,,0
ct_w4_i5,4,evaluation,width3,256,19,sampled_star_fisher,48,0,,1.000119791264403,0.263113161182938,199,50944,278,,0.308246459464335,46,0.3667194207827497,1.000119791264403,1.0938966033430358e-17,0.7439201946422155,1.0,7,1,2.596204997581496e-05,9.867256301087878e-05,,-1,,,0
ct_w4_i5,4,evaluation,width3,256,19,sampled_full_fisher,48,1,13.0,0.0699403144608101,0.263113161182938,13,3328,1176,,0.7477382603044671,46,0.3667194207827497,0.0699403144608101,0.9315939232994948,0.9315939232994948,0.0,0,1,0.0589134030935313,0.2239089934865322,,-1,,,0
ct_w4_i5,4,evaluation,width3,256,19,protected_ray_star,48,1,12.0,0.0230838936510213,0.263113161182938,12,3072,278,,0.9792303562541318,46,0.3667194207827497,0.0230838936510213,0.9770690278272948,0.9770690278272948,0.0,0,1,0.0123709982692032,0.0470177858590735,,-1,,,0
ct_w4_i5,4,evaluation,width3,256,42,sampled_adam,48,0,,1.012319326942036,0.1941826522889841,199,50944,96,,0.319265509273255,43,0.4076535111607253,1.012319326942036,8.831056264397587e-13,0.9890484773315042,1.0,6,1,0.002378170060131,0.0122470778522058,756922248.9746344,48,3.5965243638047026e-11,0.0272228930994312,1
ct_w4_i5,4,evaluation,width3,256,42,sampled_diagonal_fisher,48,0,,1.0001137337509114,0.1941826522889841,199,50944,48,,0.2748553315229486,43,0.4076535111607253,1.0001137337509114,2.137779859702385e-18,0.999910547293442,1.0,6,1,2.7938092212898585e-05,0.0001438753250281,891516288333.1014,46,3.0249830667404843e-16,0.000269682167593,1
ct_w4_i5,4,evaluation,width3,256,42,sampled_two_block_fisher,48,1,9.0,0.031674655261165,0.1941826522889841,9,2304,664,,0.405175489997333,43,0.4076535111607253,0.031674655261165,0.9700653454946876,0.9700653454946876,0.0,0,1,0.0165789339810875,0.0853780385923182,,-1,,,0
ct_w4_i5,4,evaluation,width3,256,42,sampled_star_fisher,48,1,6.0,0.0690991502077569,0.1941826522889841,6,1536,278,,0.52329832509618,43,0.4076535111607253,0.0690991502077569,0.9326894080432444,0.9326894080432444,0.0,0,1,0.0379933948494912,0.195658028158711,,-1,,,0
ct_w4_i5,4,evaluation,width3,256,42,sampled_full_fisher,48,1,14.0,0.0460786271931787,0.1941826522889841,14,3584,1176,,0.5834074641497851,43,0.4076535111607253,0.0460786271931787,0.9613796147326056,0.9613796147326056,0.0,0,1,0.0221097372462545,0.1138605173306144,,-1,,,0
ct_w4_i5,4,evaluation,width3,256,42,protected_ray_star,48,1,16.0,0.0662725772968908,0.1941826522889841,16,4096,278,,0.978525283908594,43,0.4076535111607253,0.0662725772968908,0.9338352794165136,0.9338352794165136,0.0,0,1,0.0393685758135544,0.2027399221788662,,-1,,,0
ct_w4_i5,4,evaluation,width3,256,50,sampled_adam,48,1,46.0,0.0988977727599635,0.2637364805201236,46,11776,96,,0.3192640191726573,48,0.2590662294834776,0.0988977727599635,0.9136636091063332,0.9136636091063332,0.0,0,1,0.0195442870040839,0.07410536064461,,-1,,,0
ct_w4_i5,4,evaluation,width3,256,50,sampled_diagonal_fisher,48,1,3.0,0.0279328492123429,0.2637364805201236,3,768,48,,0.2689131240968826,48,0.2590662294834776,0.0279328492123429,0.975634523145693,0.975634523145693,0.0,0,1,0.0089702067757306,0.034012006067724,,-1,,,0
ct_w4_i5,4,evaluation,width3,256,50,sampled_two_block_fisher,48,1,4.0,0.0279585626916301,0.2637364805201236,4,1024,664,,0.477966725085197,48,0.2590662294834776,0.0279585626916301,0.9740080242693876,0.9740080242693876,0.0,0,1,0.0100789605918664,0.0382160274983173,,-1,,,0
ct_w4_i5,4,evaluation,width3,256,50,sampled_star_fisher,48,1,3.0,0.0971522498238535,0.2637364805201236,3,768,278,,0.6113109839355904,48,0.2590662294834776,0.0971522498238535,0.910829862030982,0.910829862030982,0.0,0,1,0.0231547227162806,0.0877949181342543,,-1,,,0
ct_w4_i5,4,evaluation,width3,256,50,sampled_full_fisher,48,1,5.0,0.0670350956480749,0.2637364805201236,5,1280,1176,,0.858688013082971,48,0.2590662294834776,0.0670350956480749,0.9374532859058072,0.9374532859058072,0.0,0,1,0.0271923145475605,0.1031041079107966,,-1,,,0
ct_w4_i5,4,evaluation,width3,256,50,protected_ray_star,48,1,16.0,0.0282198970581291,0.2637364805201236,16,4096,278,,0.9787103436700044,48,0.2590662294834776,0.0282198970581291,0.971841796781036,0.971841796781036,0.0,0,1,0.0170741701562082,0.0647395086282174,,-1,,,0
ct_w4_i5,4,evaluation,width3,256,101,sampled_adam,48,1,47.0,0.0975306877094297,0.2124336306559248,47,12032,96,,0.2483164687733915,43,0.3800955240976612,0.0975306877094297,0.9159193026867172,0.9159193026867172,0.0,0,1,0.0203511705041332,0.0958001350412152,,-1,,,0
ct_w4_i5,4,evaluation,width3,256,101,sampled_diagonal_fisher,48,1,3.0,0.0533901304777266,0.2124336306559248,3,768,48,,0.3412513190815425,43,0.3800955240976612,0.0533901304777266,0.9477717893746472,0.9477717893746472,0.0,0,1,0.0191708581683222,0.0902439887184011,,-1,,,0
ct_w4_i5,4,evaluation,width3,256,101,sampled_two_block_fisher,48,1,4.0,0.0287438190746698,0.2124336306559248,4,1024,664,,0.2600780803653978,43,0.3800955240976612,0.0287438190746698,0.9739793910556892,0.9739793910556892,0.0,0,1,0.0072701781495026,0.0342232918914711,,-1,,,0
ct_w4_i5,4,evaluation,width3,256,101,sampled_star_fisher,48,1,4.0,0.0306943055043724,0.2124336306559248,4,1024,278,,0.4656591792492566,43,0.3800955240976612,0.0306943055043724,0.9717120751218938,0.9717120751218938,0.0,0,1,0.0068677448737153,0.0323288965711786,,-1,,,0
ct_w4_i5,4,evaluation,width3,256,101,sampled_full_fisher,48,1,5.0,0.0547048565071204,0.2124336306559251,5,1280,1176,,0.6149466234341885,43,0.3800955240976612,0.0547048565071204,0.9526837728033888,0.9526837728033888,0.0,0,1,0.0172748894192459,0.0813189953300087,,-1,,,0
ct_w4_i5,4,evaluation,width3,256,101,protected_ray_star,48,1,14.0,0.0520865129482057,0.2124336306559251,14,3584,278,,0.979058059809376,43,0.3800955240976612,0.0520865129482057,0.9481309275793895,0.9481309275793895,0.0,0,1,0.0305441704174343,0.1437821795123681,,-1,,,0
ct_w4_i5,4,evaluation,width3,64,0,sampled_adam,48,1,46.0,0.0990186792640752,0.3328740128758192,46,2944,96,,0.1537197060874727,43,0.2754574426245545,0.0990186792640752,0.9159885730312324,0.9159885730312324,0.0,0,1,0.0206977222165243,0.0621788466985127,,-1,,,0
ct_w4_i5,4,evaluation,width3,64,0,sampled_star_fisher,48,1,3.0,0.0442928630655146,0.3328740128758192,3,192,278,,0.3195059841780466,43,0.2754574426245545,0.0442928630655146,0.9596359392338938,0.9596359392338938,0.0,0,1,0.0125525304230185,0.0377095535772607,,-1,,,0
ct_w4_i5,4,evaluation,width3,64,0,sampled_full_fisher,48,1,6.0,0.0502954122729093,0.3328740128758192,6,384,1176,,0.6014600884052931,43,0.2754574426245545,0.0502954122729093,0.9575914527747936,0.9575914527747936,0.0,0,1,0.0121820111868208,0.0365964620715687,,-1,,,0
ct_w4_i5,4,evaluation,width3,64,0,protected_ray_star,48,1,14.0,0.0242312773663737,0.3328740128758192,14,896,278,,0.9783472468366036,43,0.2754574426245545,0.0242312773663737,0.9763060146897083,0.9763060146897083,0.0,0,1,0.0119955887676672,0.0360364231020408,,-1,,,0
ct_w4_i5,4,evaluation,width3,64,19,sampled_adam,48,0,,1.0141239087227198,0.263113161182938,199,12736,96,,0.2010181595288957,31,0.4494690460351445,1.0141239087227198,1.5417615547288898e-11,0.9851930964313274,1.0,7,1,0.0026828078305223,0.0101964030170922,22937147.721477404,48,2.3772384565092413e-09,0.0545270696461294,1
ct_w4_i5,4,evaluation,width3,64,19,sampled_star_fisher,48,0,,1.0008159584103478,0.263113161182938,199,12736,278,,0.2760976464091016,31,0.4494690460351445,1.0008159584103478,1.123713018064058e-09,0.6930434347232434,1.0,3,1,0.000164038917024,0.0006234538640581,,-1,,,0
ct_w4_i5,4,evaluation,width3,64,19,sampled_full_fisher,48,0,,1.0010120804246263,0.263113161182938,199,12736,1176,,0.4577601070602352,31,0.4494690460351445,1.0010120804246263,1.6268932212659784e-10,0.5004847241445762,1.0,7,1,0.0002023479809349,0.0007690530569629,,-1,,,0
ct_w4_i5,4,evaluation,width3,64,19,protected_ray_star,48,1,13.0,0.0237428418696445,0.263113161182938,13,832,278,,0.9797675499664196,31,0.4494690460351445,0.0237428418696445,0.976615229197864,0.976615229197864,0.0,0,1,0.0112038177078858,0.0425817456546616,,-1,,,0
ct_w4_i5,4,evaluation,width3,64,42,sampled_adam,48,0,,1.0149673377117807,0.1941826522889841,199,12736,96,,0.1064216446530187,34,0.4074036400847402,1.0149673377117807,3.724224996572104e-12,0.9871305764179528,1.0,6,1,0.0028206661056159,0.0145258398336129,193504696.92281875,48,1.5204615002978718e-10,0.0294216441797954,1
ct_w4_i5,4,evaluation,width3,64,42,sampled_star_fisher,48,0,,1.0003956560830345,0.1941826522889841,199,12736,278,,0.0918337690936942,34,0.4074036400847402,1.0003956560830345,6.20740643495332e-17,0.9997237287675595,1.0,6,1,0.0001084557967107,0.0005585246438459,1112747863.0086322,48,9.316837280308682e-13,0.0010367290773662,1
ct_w4_i5,4,evaluation,width3,64,42,sampled_full_fisher,48,0,,1.0012423259505034,0.1941826522889841,199,12736,1176,,0.3379135357540545,34,0.4074036400847402,1.0012423259505034,2.5405275473471856e-08,0.75181146710337,1.0,6,1,0.0004015291199189,0.0020677908926767,,-1,,,0
ct_w4_i5,4,evaluation,width3,64,42,protected_ray_star,48,1,15.0,0.097025788336774,0.1941826522889841,15,960,278,,0.979931368860802,34,0.4074036400847402,0.097025788336774,0.9059499730204068,0.9059499730204068,0.0,0,1,0.0503436847621159,0.2592594352207842,,-1,,,0
ct_w4_i5,4,evaluation,width3,64,50,sampled_adam,48,1,56.0,0.098612417583233,0.2637364805201236,56,3584,96,,0.1773689333847417,39,0.3170660016514924,0.098612417583233,0.9155200811752716,0.9155200811752716,0.0,0,1,0.0191898604611785,0.0727614944407144,,-1,,,0
ct_w4_i5,4,evaluation,width3,64,50,sampled_star_fisher,48,1,4.0,0.0789007653920883,0.2637364805201236,4,256,278,,0.5015157527200981,39,0.3170660016514924,0.0789007653920883,0.9375971739424124,0.9375971739424124,0.0,0,1,0.019364646864355,0.0734242256746788,,-1,,,0
ct_w4_i5,4,evaluation,width3,64,50,sampled_full_fisher,48,1,5.0,0.0783799192577987,0.2637364805201236,5,320,1176,,0.4798463527532637,39,0.3170660016514924,0.0783799192577987,0.9302300930078624,0.9302300930078624,0.0,0,1,0.0262113956856063,0.0993847936163931,,-1,,,0
ct_w4_i5,4,evaluation,width3,64,50,protected_ray_star,48,1,14.0,0.0505704615383777,0.2637364805201236,14,896,278,,0.9792328679207422,39,0.3170660016514924,0.0505704615383777,0.9502663819165372,0.9502663819165372,0.0,0,1,0.0300113815515313,0.1137930615148305,,-1,,,0
ct_w4_i5,4,evaluation,width3,64,101,sampled_adam,48,1,55.0,0.0979106687375956,0.2124336306559248,55,3520,96,,0.2719656574151254,34,0.3268036050530758,0.0979106687375956,0.9144773569625034,0.9144773569625034,0.0,0,1,0.0196577394670547,0.0925359106576401,,-1,,,0
ct_w4_i5,4,evaluation,width3,64,101,sampled_star_fisher,48,1,4.0,0.0702972559695727,0.2124336306559248,4,256,278,,0.4371624015849934,34,0.3268036050530758,0.0702972559695727,0.935622261280156,0.935622261280156,0.0,0,1,0.0157013416820875,0.0739117513249057,,-1,,,0
ct_w4_i5,4,evaluation,width3,64,101,sampled_full_fisher,48,1,6.0,0.0624344945869168,0.2124336306559248,6,384,1176,,0.4824740533232595,34,0.3268036050530758,0.0624344945869168,0.9473606041692234,0.9473606041692234,0.0,0,1,0.0149933138383219,0.0705788146256668,,-1,,,0
ct_w4_i5,4,evaluation,width3,64,101,protected_ray_star,48,1,10.0,0.0440605091836019,0.2124336306559248,10,640,278,,0.978903105820864,34,0.3268036050530758,0.0440605091836019,0.957263814928324,0.957263814928324,0.0,0,1,0.0158577042210364,0.0746478049265227,,-1,,,0
ct_w5_i1,5,calibration,chain,256,0,sampled_adam,31,0,,3.032521327277305,0.3272143240075046,199,50944,62,,-0.6663340989066857,28,2.375304155677082,3.032521327277305,6.0065313587957e-17,0.9416957649243156,3.0,7,1,0.0074257646997873,0.0226938864070543,26572.00632241555,31,1.5224837892008957e-05,0.4045544887242138,1
ct_w5_i1,5,calibration,chain,256,0,sampled_diagonal_fisher,31,0,,3.0000220136764923,0.3272143240075046,199,50944,31,,-0.6562755439902127,28,2.375304155677082,3.0000220136764923,4.321683120052248e-35,0.9822154714289592,3.0,7,1,7.047658106321276e-06,2.1538354495017887e-05,2560353091.8023195,31,8.177113616488441e-11,0.2093629812999502,1
ct_w5_i1,5,calibration,chain,256,0,sampled_two_block_fisher,31,0,,1.0001260069910582,0.3272143240075046,199,50944,256,,-0.6713132952914652,28,2.375304155677082,1.0001260069910582,6.179746497389046e-39,0.7022780802391636,1.0,9,1,3.1379602173931506e-05,9.58992313955419e-05,,-1,,,0
ct_w5_i1,5,calibration,chain,256,0,sampled_star_fisher,31,0,,3.000185422539417,0.3272143240075046,199,50944,90,,-0.1646304823407349,28,2.375304155677082,3.000185422539417,6.882743398886613e-28,0.9965017544582712,3.0,7,1,6.498607663225644e-05,0.000198604009251,2357632.673595685,31,1.5744372425147837e-08,0.0371194468547874,1
ct_w5_i1,5,calibration,chain,256,0,sampled_full_fisher,31,0,,2.0001717087378577,0.3272143240075046,199,50944,496,,-0.5926949320946253,28,2.375304155677082,2.0001717087378577,1.1923348347004474e-12,0.5397717251115755,2.0,2,1,4.7058791539772206e-05,0.0001438164166025,,-1,,,0
ct_w5_i1,5,calibration,chain,256,0,protected_ray_star,31,0,,2.285621709262541,0.3272143240075046,199,50944,90,,-0.9822938409827648,28,2.375304155677082,4.963150633270493,4.87598961744294e-08,0.0374203124377423,1.0,9,1,0.3872215714921175,1.1833882048612172,,-1,,,0
ct_w5_i1,5,calibration,chain,256,19,sampled_adam,31,0,,1.0413931307586033,0.3099086392329213,199,50944,62,,-0.6663343180010572,27,2.4104295060955634,1.0413931307586033,5.75820030468752e-20,0.9787517297655564,1.0,7,1,0.0086558283924663,0.0279302584590447,754.5223933778929,31,5.672161069789701e-05,0.0427977254600263,1
ct_w5_i1,5,calibration,chain,256,19,sampled_diagonal_fisher,31,0,,1.00003330997232,0.3099086392329213,199,50944,31,,-0.7087584453795492,27,2.4104295060955634,1.00003330997232,9.304436737221189e-40,0.9999752308109856,1.0,7,1,9.56776820179654e-06,3.0872867001960505e-05,308420.5814104866,31,4.0784794194863835e-10,0.0001257886993828,1
ct_w5_i1,5,calibration,chain,256,19,sampled_two_block_fisher,31,0,,1.0000737918327598,0.3099086392329213,199,50944,256,,-0.8059899598377217,27,2.4104295060955634,1.0000737918327598,1.7759739293119128e-37,0.9999344597450188,1.0,7,1,2.5628597039433496e-05,8.269726556467997e-05,1974674.29252634,31,1.8108755160588228e-10,0.0003575889328526,1
ct_w5_i1,5,calibration,chain,256,19,sampled_star_fisher,31,0,,2.0000556027817518,0.3099086392329213,199,50944,90,,-0.1583033424302188,27,2.4104295060955634,2.0000556027817518,1.4192508090756584e-33,0.9806175754947049,2.0,5,1,1.42921320416091e-05,4.611724305906623e-05,22917877.352664832,31,9.934115023855522e-09,0.2276688297239859,1
ct_w5_i1,5,calibration,chain,256,19,sampled_full_fisher,31,0,,1.0001339609786228,0.3099086392329213,199,50944,496,,-0.7907384540592176,27,2.4104295060955634,1.0001339609786228,6.420033127423062e-38,0.999900094405235,1.0,7,1,3.436945807132062e-05,0.0001109019037235,284450.35967763193,31,1.1610455737030375e-09,0.0003302598310419,1
ct_w5_i1,5,calibration,chain,256,19,protected_ray_star,31,0,,2.842876885043891,0.3099086392329213,199,50944,90,,-0.9788562660736568,27,2.4104295060955634,3.854990500518412,7.220535368956799e-09,0.0777059110148922,1.0,7,1,0.3157117899558032,1.0187253596325865,,-1,,,0
ct_w5_i1,5,calibration,chain,256,42,sampled_adam,31,0,,1.0387099408039102,0.3404220962394659,199,50944,62,,-0.6663343287656853,27,2.3003550982088363,1.0387099408039102,3.086511245130057e-19,0.9787337640824938,1.0,7,1,0.0080768228891403,0.0237259066857364,1128.7509227119865,31,3.2501589096816046e-05,0.0366861986826369,1
ct_w5_i1,5,calibration,chain,256,42,sampled_diagonal_fisher,31,0,,2.000048189212011,0.3404220962394659,199,50944,31,,-0.7109338009461473,27,2.3003550982088363,2.000048189212011,6.976778911850549e-40,0.9817633383259112,2.0,9,1,1.8952413582828145e-05,5.567327677077781e-05,374778803.08970666,31,3.4057687657551955e-10,0.1276409941630039,1
ct_w5_i1,5,calibration,chain,256,42,sampled_two_block_fisher,31,0,,1.0000712216166754,0.3404220962394659,199,50944,256,,-0.7662959758080453,27,2.3003550982088363,1.0000712216166754,1.443322845454629e-40,0.9999566252444824,1.0,9,1,1.9004389838189375e-05,5.582595856181135e-05,380495.47655300406,31,3.175477342236249e-10,0.0001208254764617,1
ct_w5_i1,5,calibration,chain,256,42,sampled_star_fisher,31,0,,2.0001016050379583,0.3404220962394659,199,50944,90,,-0.2261889296037592,27,2.3003550982088363,2.0001016050379583,4.543054600883929e-32,0.5433122118965757,2.0,8,0,0.0001969926432031,0.0005786717295358,,-1,,,0
ct_w5_i1,5,calibration,chain,256,42,sampled_full_fisher,31,0,,2.0002883744872726,0.3404220962394659,199,50944,496,,-0.7475907829736633,27,2.3003550982088363,2.0002883744872726,7.569148556271391e-32,0.5552485013964461,2.0,11,1,7.078766695588197e-05,0.0002079408702838,,-1,,,0
ct_w5_i1,5,calibration,chain,256,42,protected_ray_star,31,0,,2.6096891632241306,0.3404220962394659,199,50944,90,,-0.9815082863381464,27,2.3003550982088363,4.655792237726498,5.6220649851915154e-08,0.046085641778569,1.0,7,1,0.4379413232184859,1.2864656203468685,,-1,,,0
ct_w5_i1,5,calibration,chain,256,50,sampled_adam,31,0,,1.045709158903259,0.3215722195391353,199,50944,62,,-0.6663343092651828,24,2.4297359725278813,1.045709158903259,1.8204483830763212e-20,0.9742240098512248,1.0,7,1,0.0097386728234806,0.0302845589007588,4817.467201627032,31,1.6409141664342527e-05,0.0790505017748217,1
ct_w5_i1,5,calibration,chain,256,50,sampled_diagonal_fisher,31,0,,1.0000745288759614,0.3215722195391353,199,50944,31,,-0.6580770120414693,24,2.4297359725278813,1.0000745288759614,2.1756052746364976e-39,0.9999407142372998,1.0,7,1,2.141007914484612e-05,6.657938044377777e-05,562380.5018938896,31,4.1442417821917605e-10,0.0002330640773438,1
ct_w5_i1,5,calibration,chain,256,50,sampled_two_block_fisher,31,0,,1.0000717403186543,0.3215722195391353,199,50944,256,,-0.7878081199774356,24,2.4297359725278813,1.0000717403186543,4.032988012591492e-36,0.9999472057733106,1.0,7,1,1.87152358095896e-05,5.819916856130029e-05,2108440.9301814963,31,9.113652615995152e-11,0.0001921559819901,1
ct_w5_i1,5,calibration,chain,256,50,sampled_star_fisher,31,0,,1.0000748015029028,0.3215722195391353,199,50944,90,,-0.0322851460595596,24,2.4297359725278813,1.0000748015029028,1.892433903406872e-39,0.9999511927925072,1.0,7,1,2.1056469568909875e-05,6.547975319226014e-05,143999.3220165192,31,9.675688922238763e-10,0.0001393292644845,1
ct_w5_i1,5,calibration,chain,256,50,sampled_full_fisher,31,0,,1.0001092792702355,0.3215722195391353,199,50944,496,,-0.7229707284869374,24,2.4297359725278813,1.0001092792702355,2.2165628944418972e-34,0.9999362352064932,1.0,7,1,2.780570949634809e-05,8.64680087608256e-05,208324.19310252715,31,7.408196510483928e-10,0.0001543306560391,1
ct_w5_i1,5,calibration,chain,256,50,protected_ray_star,31,0,,2.740622056020344,0.3215722195391353,199,50944,90,,-0.9824161790321544,24,2.4297359725278813,3.3409713508492267,1.2443046453446446e-08,0.074442620367632,1.0,7,1,0.2802259702934273,0.8714246855497535,,-1,,,0
ct_w5_i1,5,calibration,chain,256,101,sampled_adam,31,0,,1.041062619826571,0.3256839701160046,199,50944,62,,-0.6192903899292993,25,2.298047407470257,1.041062619826571,1.1048497407356014e-18,0.9789115259882408,1.0,7,1,0.0089936251129198,0.0276145771304508,1002.7360279346084,31,4.353529854035639e-05,0.0436544123333043,1
ct_w5_i1,5,calibration,chain,256,101,sampled_diagonal_fisher,31,0,,1.0001166012773697,0.3256839701160046,199,50944,31,,-0.7019897496635107,25,2.298047407470257,1.0001166012773697,4.594311606869816e-35,0.9999269478723416,1.0,7,1,3.5762960053694056e-05,0.0001098087819334,1001406.9767702384,31,2.8013181210628044e-10,0.0002805259510585,1
ct_w5_i1,5,calibration,chain,256,101,sampled_two_block_fisher,31,0,,1.0002103068664765,0.3256839701160046,199,50944,256,,-0.7149692344651234,25,2.298047407470257,1.0002103068664765,1.1936951594146885e-32,0.9997632702839148,1.0,7,1,5.223514491376096e-05,0.000160385986744,2289508.7946034665,31,5.754029487851916e-10,0.0013173901116844,1
ct_w5_i1,5,calibration,chain,256,101,sampled_star_fisher,31,0,,1.0000911781244817,0.3256839701160046,199,50944,90,,-0.434277600305549,25,2.298047407470257,1.0000911781244817,4.9532598579428094e-36,0.9999352358675124,1.0,7,1,2.836700897701423e-05,8.709980097242811e-05,238356.62868878755,31,1.3480054280575643e-09,0.0003213060292859,1
ct_w5_i1,5,calibration,chain,256,101,sampled_full_fisher,31,0,,2.0002299683347182,0.325683970115986,199,50944,496,,-0.724052414922217,25,2.298047407470257,2.0002299683347182,2.373055118288585e-36,0.8134739199364486,2.0,10,1,7.488412484881984e-05,0.000229928801292,,-1,,,0
ct_w5_i1,5,calibration,chain,256,101,protected_ray_star,31,0,,3.66608206474916,0.325683970115986,199,50944,90,,-0.9820335897551024,25,2.298047407470257,4.6701863243093324,4.562495725011174e-09,0.03504045740326,3.0,8,0,0.2870216541582997,0.8812888582022707,,-1,,,0
ct_w5_i1,5,calibration,problem_tree,256,0,sampled_adam,31,0,,1.0332450035802658,0.2278283533190047,199,50944,62,,0.2093374404749579,30,1.2631454092622192,1.0332450035802658,8.693882024021053e-10,0.9460567693209893,1.0,7,1,0.0076669293847742,0.0336522178784264,581999.9676756907,31,6.733550157993457e-07,0.3918925974294833,1
ct_w5_i1,5,calibration,problem_tree,256,0,sampled_diagonal_fisher,31,0,,1.000136603728233,0.2278283533190047,199,50944,31,,0.0186274065337676,30,1.2631454092622192,1.000136603728233,1.935454873017773e-20,0.6329714562708135,1.0,10,1,2.965546360060108e-05,0.0001301658163638,,-1,,,0
ct_w5_i1,5,calibration,problem_tree,256,0,sampled_two_block_fisher,31,0,,1.0000628889759664,0.2278283533190047,199,50944,256,,-0.2802120682714303,30,1.2631454092622192,1.0000628889759664,1.2002871018266308e-21,0.6253743898427528,1.0,9,1,2.6773611759535485e-05,0.0001175165925114,,-1,,,0
ct_w5_i1,5,calibration,problem_tree,256,0,sampled_star_fisher,31,0,,1.000111751295332,0.2278283533190047,199,50944,98,,0.4304318118359114,30,1.2631454092622192,1.000111751295332,1.849314194332404e-22,0.8910843180596106,1.0,10,1,3.095289932478321e-05,0.0001358606111744,,-1,,,0
ct_w5_i1,5,calibration,problem_tree,256,0,sampled_full_fisher,31,1,9.0,0.0904992647587761,0.2278283533190047,9,2304,496,,0.4806381681298802,30,1.2631454092622192,0.0904992647587761,0.916601682676276,0.916601682676276,0.0,0,1,0.0904003748025569,0.396791591062323,,-1,,,0
ct_w5_i1,5,calibration,problem_tree,256,0,protected_ray_star,31,0,,1.826711450726174,0.2278283533190047,199,50944,98,,0.8771926488938468,30,1.2631454092622192,2.381932327552473,0.0006354917653327,0.1907532553837103,1.0,7,1,0.2342839336976374,1.028335280857663,,-1,,,0
ct_w5_i1,5,calibration,problem_tree,256,19,sampled_adam,31,1,99.0,0.0996834999747307,0.2301241100170596,99,25344,62,,-0.2093377012892707,28,2.229013630297864,0.0996834999747307,0.9397571662047518,0.9397571662047518,0.0,0,1,0.0196238843368277,0.0852752209899822,,-1,,,0
ct_w5_i1,5,calibration,problem_tree,256,19,sampled_diagonal_fisher,31,0,,1.0002146145704955,0.2301241100170596,199,50944,31,,-0.183923316104721,28,2.229013630297864,1.0002146145704955,1.762250433565478e-19,0.9676817414688956,1.0,7,1,5.121524958897672e-05,0.000222554905634,52780033457.237816,31,7.087348774071685e-12,0.3740705054186169,1
ct_w5_i1,5,calibration,problem_tree,256,19,sampled_two_block_fisher,31,0,,1.000117710911674,0.2301241100170596,199,50944,256,,-0.48282475360605,28,2.229013630297864,1.000117710911674,1.8062617216399205e-19,0.8541423609866986,1.0,7,1,4.090606080470739e-05,0.0001777565193046,,-1,,,0
ct_w5_i1,5,calibration,problem_tree,256,19,sampled_star_fisher,31,1,6.0,0.039806172154778,0.2301241100170596,6,1536,98,,0.4078899586892585,28,2.229013630297864,0.039806172154778,0.9656089250744894,0.9656089250744894,0.0,0,1,0.0145786318156153,0.0633511708726854,,-1,,,0
ct_w5_i1,5,calibration,problem_tree,256,19,sampled_full_fisher,31,1,9.0,0.0721784547653552,0.2301241100170596,9,2304,496,,0.0458775299374675,28,2.229013630297864,0.0721784547653552,0.937033779103626,0.937033779103626,0.0,0,1,0.0593197873693688,0.2577730224137375,,-1,,,0
ct_w5_i1,5,calibration,problem_tree,256,19,protected_ray_star,31,0,,1.141907082631917,0.2301241100170596,199,50944,98,,0.0685108240305916,28,2.229013630297864,1.8948177453084971,0.2275222385300576,0.2441804752538155,2.0,1,0,0.2921260507925452,1.2694282696884271,,-1,,,0
ct_w5_i1,5,calibration,problem_tree,256,42,sampled_adam,31,1,110.0,0.0999592976010141,0.3561591128540849,110,28160,62,,0.1395585085319604,29,1.0822659067671974,0.0999592976010141,0.9443749668448876,0.9443749668448876,0.0,0,1,0.0227154291871275,0.0637788796279764,,-1,,,0
ct_w5_i1,5,calibration,problem_tree,256,42,sampled_diagonal_fisher,31,1,5.0,0.0209912050160863,0.3561591128540849,5,1280,31,,0.0688406911456289,29,1.0822659067671974,0.0209912050160863,0.9879412293029884,0.9879412293029884,0.0,0,1,0.0054827861033935,0.0153942041787369,,-1,,,0
ct_w5_i1,5,calibration,problem_tree,256,42,sampled_two_block_fisher,31,1,5.0,0.0313574142771386,0.3561591128540849,5,1280,256,,-0.2350449323627189,29,1.0822659067671974,0.0313574142771386,0.983615836345516,0.983615836345516,0.0,0,1,0.0091627525266841,0.0257265705017577,,-1,,,0
ct_w5_i1,5,calibration,problem_tree,256,42,sampled_star_fisher,31,1,5.0,0.0324054828444264,0.3561591128540849,5,1280,98,,0.7203466166486582,29,1.0822659067671974,0.0324054828444264,0.9771195742668544,0.9771195742668544,0.0,0,1,0.0084657685332967,0.0237696249450314,,-1,,,0
ct_w5_i1,5,calibration,problem_tree,256,42,sampled_full_fisher,31,1,6.0,0.0627195795089878,0.3561591128540849,6,1536,496,,0.5064699625711847,29,1.0822659067671974,0.0627195795089878,0.9647933102338528,0.9647933102338528,0.0,0,1,0.0163567567052519,0.0459254196086037,,-1,,,0
ct_w5_i1,5,calibration,problem_tree,256,42,protected_ray_star,31,0,,1.1911087376219314,0.3561591128540849,199,50944,98,,0.9429695860343216,29,1.0822659067671974,1.735535458193267,0.2682013033208223,0.2682013033208223,0.0,0,1,0.288740993400787,0.8107078633674648,,-1,,,0
ct_w5_i1,5,calibration,problem_tree,256,50,sampled_adam,31,0,,1.0263038358434269,0.3279348384052873,199,50944,62,,-0.034889535055509,29,1.3616087361300433,1.0263038358434269,2.1096809124134723e-11,0.878483074896149,1.0,10,1,0.0062830763889404,0.0191595269947357,,-1,,,0
ct_w5_i1,5,calibration,problem_tree,256,50,sampled_diagonal_fisher,31,0,,1.0000681692777,0.3279348384052873,199,50944,31,,0.0095203740022496,29,1.3616087361300433,1.0000681692777,1.7971713518360458e-21,0.971031702361093,1.0,9,1,1.6904629784631234e-05,5.154874629007601e-05,348924019352.5749,31,6.437629535573236e-13,0.2246243572655063,1
ct_w5_i1,5,calibration,problem_tree,256,50,sampled_two_block_fisher,31,0,,1.0001245038042992,0.3279348384052873,199,50944,256,,-0.3006446519106625,29,1.3616087361300433,1.0001245038042992,7.752914195686788e-17,0.933679896628519,1.0,9,1,4.208364448311397e-05,0.0001283292884884,23978937604.48235,31,2.0462717240700053e-11,0.4906742199329118,1
ct_w5_i1,5,calibration,problem_tree,256,50,sampled_star_fisher,31,0,,1.0000916600627416,0.3279348384052873,199,50944,98,,0.4552951566631218,29,1.3616087361300433,1.0000916600627416,2.7944528386988016e-20,0.961792969692198,1.0,9,1,2.170127574348416e-05,6.617557271138127e-05,159699026642.8003,30,1.837335893086869e-12,0.2934207537418531,1
ct_w5_i1,5,calibration,problem_tree,256,50,sampled_full_fisher,31,1,7.0,0.0530375312442252,0.3279348384052873,7,1792,496,,0.3528914220724888,29,1.3616087361300433,0.0530375312442252,0.9570016783133808,0.9570016783133808,0.0,0,1,0.0422374244829543,0.1287982231114892,,-1,,,0
ct_w5_i1,5,calibration,problem_tree,256,50,protected_ray_star,31,0,,1.846521962393231,0.3279348384052873,199,50944,98,,0.559862853493149,29,1.3616087361300433,2.5213911046658684,6.12070175766072e-05,0.1540289832499868,1.0,7,1,0.2285663251742794,0.696987018170358,,-1,,,0
ct_w5_i1,5,calibration,problem_tree,256,101,sampled_adam,31,0,,1.0261398076467714,0.2461812572230804,199,50944,62,,0.3140064018331353,29,1.5053687143985024,1.0261398076467714,3.8174791896505706e-12,0.7684214991259273,1.0,10,1,0.006206338820832,0.0252104440883899,,-1,,,0
ct_w5_i1,5,calibration,problem_tree,256,101,sampled_diagonal_fisher,31,0,,1.0001180585267502,0.2461812572230804,199,50944,31,,0.3037697141793256,29,1.5053687143985024,1.0001180585267502,5.9417238142231884e-24,0.6811787580445688,1.0,9,1,4.509838668179937e-05,0.00018319179612,,-1,,,0
ct_w5_i1,5,calibration,problem_tree,256,101,sampled_two_block_fisher,31,0,,1.0000158247276725,0.2461812572230804,199,50944,256,,0.0420174167081173,29,1.5053687143985024,1.0000158247276725,6.381013196048413e-23,0.7973153026532457,1.0,9,1,6.1126524566132885e-06,2.4829885611780053e-05,,-1,,,0
ct_w5_i1,5,calibration,problem_tree,256,101,sampled_star_fisher,31,0,,1.0000662045467266,0.2461812572230804,199,50944,98,,0.4314066998714772,29,1.5053687143985024,1.0000662045467266,2.9421645830844895e-23,0.6142800513607359,1.0,9,1,1.4787836477499772e-05,6.0068896569569375e-05,,-1,,,0
ct_w5_i1,5,calibration,problem_tree,256,101,sampled_full_fisher,31,1,7.0,0.0889249575462844,0.2461812572230843,7,1792,496,,0.5327530126030301,29,1.5053687143985024,0.0889249575462844,0.9207131240613764,0.9207131240613764,0.0,0,1,0.0891963496878632,0.3623198235885008,,-1,,,0
ct_w5_i1,5,calibration,problem_tree,256,101,protected_ray_star,31,0,,2.103496129444153,0.2461812572230843,199,50944,98,,0.9216791228476924,29,1.5053687143985024,2.513399648191884,7.4258995572095774e-06,0.1026559562758281,1.0,7,1,0.2231221109195354,0.9063326487009804,,-1,,,0
ct_w5_i1,5,calibration,width2,256,0,sampled_adam,43,0,,1.0138529017130082,0.2406317725661068,199,50944,86,,0.1123089774956587,41,1.2805360127239716,1.0138529017130082,2.8275510491459468e-11,0.9810397061094632,1.0,7,1,0.0036980461858329,0.0153680710838673,1017154.416326904,43,9.268307021788874e-08,0.094272994190862,1
ct_w5_i1,5,calibration,width2,256,0,sampled_diagonal_fisher,43,0,,1.000055056107053,0.2406317725661068,199,50944,43,,0.2290170876566947,41,1.2805360127239716,1.000055056107053,1.1716611309583997e-23,0.9733231557396034,1.0,7,1,2.0459311956247216e-05,8.50233189826443e-05,472030246585.9394,38,6.58910214933058e-13,0.3110255512328456,1
ct_w5_i1,5,calibration,width2,256,0,sampled_two_block_fisher,43,0,,1.000048163245756,0.2406317725661068,199,50944,514,,0.0839567945613118,41,1.2805360127239716,1.000048163245756,8.031630499029246e-18,0.938430689810948,1.0,7,1,1.5090463608667143e-05,6.27118499263079e-05,406369068013.9058,41,1.7050292797666465e-12,0.6928711593551932,1
ct_w5_i1,5,calibration,width2,256,0,sampled_star_fisher,43,0,,1.0001034944504603,0.2406317725661068,199,50944,200,,0.687754266498075,41,1.2805360127239716,1.0001034944504603,6.1970525444614384e-21,0.7928742038613983,1.0,7,1,4.317888106010545e-05,0.0001794396500497,,-1,,,0
ct_w5_i1,5,calibration,width2,256,0,sampled_full_fisher,43,1,7.0,0.0657000279261801,0.2406317725661068,7,1792,946,,0.6678450026621118,41,1.2805360127239716,0.0657000279261801,0.9491363187333514,0.9491363187333514,0.0,0,1,0.0501594952399646,0.2084491781989626,,-1,,,0
ct_w5_i1,5,calibration,width2,256,0,protected_ray_star,43,0,,1.004505978376928,0.2406317725661068,199,50944,200,,0.9781048640139954,41,1.2805360127239716,1.0090097010470649,2.3106588997943944e-09,0.5019494206319908,1.0,7,1,0.0030090955926132,0.0125049803711459,,-1,,,0
ct_w5_i1,5,calibration,width2,256,19,sampled_adam,43,0,,1.009120164828763,0.2968585463038514,199,50944,86,,0.3088502663397517,42,1.053246801148377,1.009120164828763,1.2294101040984466e-14,0.956476578114175,1.0,9,1,0.002059863963829,0.0069388737143538,2426566.6088499743,43,1.4108778869100289e-07,0.3423589169540686,1
ct_w5_i1,5,calibration,width2,256,19,sampled_diagonal_fisher,43,0,,1.0000250158228905,0.2968585463038514,199,50944,43,,0.2885436628215199,42,1.053246801148377,1.0000250158228905,8.528731328182811e-25,0.7365999015723776,1.0,7,1,7.798550886056724e-06,2.627025896055716e-05,,-1,,,0
ct_w5_i1,5,calibration,width2,256,19,sampled_two_block_fisher,43,0,,1.0000806320843338,0.2968585463038514,199,50944,514,,0.1652934367008298,42,1.053246801148377,1.0000806320843338,1.0504580101896215e-23,0.6783060800572577,1.0,7,1,3.0296409249344007e-05,0.0001020567190217,,-1,,,0
ct_w5_i1,5,calibration,width2,256,19,sampled_star_fisher,43,0,,1.0001464982044457,0.2968585463038514,199,50944,200,,0.6634315836398869,42,1.053246801148377,1.0001464982044457,2.412626849655576e-23,0.5640483044463904,1.0,7,1,7.240799017013765e-05,0.0002439141169142,,-1,,,0
ct_w5_i1,5,calibration,width2,256,19,sampled_full_fisher,43,1,13.0,0.0493959475590273,0.2968585463038514,13,3328,946,,0.7829598734923322,42,1.053246801148377,0.0493959475590273,0.9562793798675676,0.9562793798675676,0.0,0,1,0.0466102707101417,0.1570117191857214,,-1,,,0
ct_w5_i1,5,calibration,width2,256,19,protected_ray_star,43,0,,1.0000906438269492,0.2968585463038514,199,50944,200,,0.979671842692902,42,1.053246801148377,1.0012729119546169,3.6592891464855166e-10,0.99915273680463,1.0,7,1,0.001146203625886,0.003861110418269,330703204243.81604,42,8.86653418960355e-14,0.0293219126703924,1
ct_w5_i1,5,calibration,width2,256,42,sampled_adam,43,0,,1.0143807545654742,0.2459166136460652,199,50944,86,,0.1123092961638855,43,0.904147936186851,1.0143807545654742,4.733168475595811e-16,0.9764481447712654,1.0,9,1,0.0035196729912233,0.0143124652663323,2883514.8295677397,43,5.31444743737535e-08,0.1532428799663009,1
ct_w5_i1,5,calibration,width2,256,42,sampled_diagonal_fisher,43,0,,1.0000686774150829,0.2459166136460652,199,50944,43,,0.2364516476302336,43,0.904147936186851,1.0000686774150829,2.16898098585443e-28,0.990895837673522,1.0,9,1,2.248654215759349e-05,9.143970317498428e-05,34437579768.939354,43,3.11370549578122e-12,0.1072284813879506,1
ct_w5_i1,5,calibration,width2,256,42,sampled_two_block_fisher,43,0,,1.0001069802316032,0.2459166136460652,199,50944,514,,0.149660791123501,43,0.904147936186851,1.0001069802316032,7.620558958915041e-32,0.9311654480205526,1.0,9,1,3.5884536438438494e-05,0.0001459215622173,170303720039.635,42,2.1041750957807435e-11,3.5834884642621594,1
ct_w5_i1,5,calibration,width2,256,42,sampled_star_fisher,43,0,,1.0000548923116188,0.2459166136460652,199,50944,200,,0.7176885096575095,43,0.904147936186851,1.0000548923116188,6.097705906709118e-29,0.9333287799943588,1.0,9,1,2.068369759253661e-05,8.410858170934951e-05,691733917503.5265,41,1.0779420584104509e-12,0.7456490829060765,1
ct_w5_i1,5,calibration,width2,256,42,sampled_full_fisher,43,0,,1.000201115407462,0.2459166136460652,199,50944,946,,0.7623450390864014,43,0.904147936186851,1.0002036608388778,9.697460508678496e-26,0.668436011324841,1.0,9,1,4.4082368079308246e-05,0.000179257380889,,-1,,,0
ct_w5_i1,5,calibration,width2,256,42,protected_ray_star,43,0,,1.000351913471384,0.2459166136460652,199,50944,200,,0.9783956177004308,43,0.904147936186851,1.004487058513693,2.737074561998047e-09,0.5373895934816032,1.0,7,1,0.0027361026628656,0.0111261399638641,,-1,,,0
ct_w5_i1,5,calibration,width2,256,50,sampled_adam,43,0,,1.0105421646026809,0.3110551710946708,199,50944,86,,0.3088498557423494,36,0.9127389171487152,1.0105421646026809,4.31866554266829e-16,0.9598749037488792,1.0,9,1,0.0025567602381572,0.0082196358580357,16615067.12493615,43,2.1261053484163442e-08,0.3532538307862332,1
ct_w5_i1,5,calibration,width2,256,50,sampled_diagonal_fisher,43,0,,1.0000452756675564,0.3110551710946708,199,50944,43,,0.3692099962512512,36,0.9127389171487152,1.0000452756675564,2.7137022551149516e-28,0.9964462710762816,1.0,9,1,1.6769097265593852e-05,5.391036325350178e-05,61239565662.72977,43,5.327066986155641e-13,0.0326227268488438,1
ct_w5_i1,5,calibration,width2,256,50,sampled_two_block_fisher,43,0,,1.0001995619829458,0.3110551710946708,199,50944,514,,0.1408625748372571,36,0.9127389171487152,1.0001995619829458,6.565632357771385e-26,0.5988525224455218,1.0,9,1,5.823993126465787e-05,0.0001872334449856,,-1,,,0
ct_w5_i1,5,calibration,width2,256,50,sampled_star_fisher,43,0,,1.0001897112294316,0.3110551710946708,199,50944,200,,0.6081411930892373,36,0.9127389171487152,1.0001897112294316,7.714773785101811e-23,0.7273694573701486,1.0,9,1,4.837317949110807e-05,0.000155513182182,,-1,,,0
ct_w5_i1,5,calibration,width2,256,50,sampled_full_fisher,43,0,,1.0004964610124532,0.3110551710946708,199,50944,946,,0.5272407906314045,36,0.9127389171487152,1.0004964610124532,1.3474932896553768e-17,0.6689926649758043,1.0,9,1,0.0001630648446151,0.0005242312611015,,-1,,,0
ct_w5_i1,5,calibration,width2,256,50,protected_ray_star,43,0,,1.0009246427321583,0.3110551710946708,199,50944,200,,0.980400312508674,36,0.9127389171487152,1.0078165273273625,9.82164056578938e-10,0.4993796742242314,1.0,9,1,0.0048252306219207,0.0155124591079445,,-1,,,0
ct_w5_i1,5,calibration,width2,256,101,sampled_adam,43,0,,1.009336525300954,0.2509063631804369,199,50944,86,,0.19654084555745,43,0.7655356717910275,1.009336525300954,6.192865748046216e-15,0.9619507509081416,1.0,9,1,0.0025384414175978,0.0101170866510559,250703752.96697292,43,1.2146486488575402e-09,0.3045169748048483,1
ct_w5_i1,5,calibration,width2,256,101,sampled_diagonal_fisher,43,0,,1.0000289247206098,0.2509063631804369,199,50944,43,,0.309528889047972,43,0.7655356717910275,1.0000289247206098,7.824350964386175e-29,0.927062234164898,1.0,9,1,8.76241944210618e-06,3.492306584430769e-05,657026373126.1439,41,1.2344315998335072e-12,0.8110541169109127,1
ct_w5_i1,5,calibration,width2,256,101,sampled_two_block_fisher,43,0,,1.0000984962329635,0.2509063631804369,199,50944,514,,0.4506556782956286,43,0.7655356717910275,1.0000984962329635,4.9479394873394915e-24,0.7728883073669462,1.0,9,1,2.7598866274949827e-05,0.0001099966773465,,-1,,,0
ct_w5_i1,5,calibration,width2,256,101,sampled_star_fisher,43,0,,1.0000714736462424,0.2509063631804369,199,50944,200,,0.4634800225853083,43,0.7655356717910275,1.0000714736462424,6.1773585534371735e-25,0.7874042607117496,1.0,9,1,2.344215552829334e-05,9.342989644082933e-05,,-1,,,0
ct_w5_i1,5,calibration,width2,256,101,sampled_full_fisher,43,0,,1.0003152055833286,0.250906363180407,199,50944,946,,0.850742556702341,43,0.7655356717910275,1.0003152055833286,2.298792014595161e-14,0.7106877525023957,1.0,9,1,0.0001410733354708,0.0005622549132777,,-1,,,0
ct_w5_i1,5,calibration,width2,256,101,protected_ray_star,43,0,,1.0004304694772248,0.250906363180407,199,50944,200,,0.9807727416899108,43,0.7655356717910275,1.0085876316319364,4.476892232675096e-10,0.500514950233003,1.0,9,1,0.0053000964648397,0.0211238025120507,,-1,,,0
ct_w5_i1,5,calibration,width3,1024,0,sampled_adam,48,0,,1.008302485239108,0.2276569984709648,199,203776,96,,0.3253619883341919,48,0.5764998487651373,1.008302485239108,1.4159100058389582e-14,0.8927440657945804,1.0,10,1,0.0020602824304727,0.0090499411145293,,-1,,,0
ct_w5_i1,5,calibration,width3,1024,0,sampled_star_fisher,48,0,,1.0003035634933948,0.2276569984709648,199,203776,252,,0.6588058355458125,48,0.5764998487651373,1.0003035634933948,1.5095016814990116e-27,0.4915205637982102,1.0,10,1,0.000144658965551,0.0006354250759811,,-1,,,0
ct_w5_i1,5,calibration,width3,1024,0,sampled_full_fisher,48,1,8.0,0.0926223430559147,0.2276569984709648,8,8192,1176,,0.911658864567898,48,0.5764998487651373,0.0926223430559147,0.9180400768059288,0.9180400768059288,0.0,0,1,0.0903253998777314,0.3967609187698726,,-1,,,0
ct_w5_i1,5,calibration,width3,1024,0,protected_ray_star,48,0,,1.0000659478087446,0.2276569984709648,199,203776,252,,0.9781231949065194,48,0.5764998487651373,1.0000718935823016,1.4751276147287522e-10,0.4998808860362026,1.0,9,1,1.903338993379968e-05,8.360555599711635e-05,,-1,,,0
ct_w5_i1,5,calibration,width3,1024,19,sampled_adam,48,0,,1.0074415314555123,0.2561076185454981,199,203776,96,,0.2733041152044092,48,0.5085408654993878,1.0074415314555123,7.035852952538512e-14,0.9952777926869014,1.0,7,1,0.0017838567843065,0.0069652624722275,323147.0758603047,48,5.2530326319350426e-08,0.0169750213440856,1
ct_w5_i1,5,calibration,width3,1024,19,sampled_star_fisher,48,0,,1.0000106141046263,0.2561076185454981,199,203776,252,,0.612430510541613,48,0.5085408654993878,1.0000106141046263,3.12073617084978e-23,0.9999909746118816,1.0,7,1,2.975355935710888e-06,1.161760025964362e-05,123087014.90774898,48,4.237057031392561e-13,5.215267019879988e-05,1
ct_w5_i1,5,calibration,width3,1024,19,sampled_full_fisher,48,0,,1.0001027331362398,0.2561076185454981,199,203776,1176,,0.9272468032556346,48,0.5085408654993878,1.0001027331362398,2.2266953951018764e-15,0.5017334753467886,1.0,7,1,2.8663413342253792e-05,0.0001119194091337,,-1,,,0
ct_w5_i1,5,calibration,width3,1024,19,protected_ray_star,48,0,,1.0000645739330878,0.2561076185454981,199,203776,252,,0.9790237221028144,48,0.5085408654993878,1.000066477803582,9.926804022151318e-11,0.5000916145435575,1.0,9,1,1.8351899049823146e-05,7.165698214699101e-05,,-1,,,0
ct_w5_i1,5,calibration,width3,1024,42,sampled_adam,48,0,,1.0096016653632045,0.1971356070684806,199,203776,96,,0.2472759337974302,48,0.7194002214347953,1.0096016653632045,2.881032602678614e-16,0.9838187148674726,1.0,9,1,0.0021594222358294,0.0109539938925354,2886615.8936759364,48,4.4157862808922016e-08,0.1274667886149958,1
ct_w5_i1,5,calibration,width3,1024,42,sampled_star_fisher,48,0,,1.0000545270648242,0.1971356070684806,199,203776,252,,0.8907991757857591,48,0.7194002214347953,1.0000545270648242,1.668092145671976e-26,0.9224142223492084,1.0,9,1,2.710016912287696e-05,0.0001374696815348,323568445598.9349,46,3.183040361993959e-12,1.0299314222090563,1
ct_w5_i1,5,calibration,width3,1024,42,sampled_full_fisher,48,0,,1.00008161705302,0.1971356070684806,199,203776,1176,,0.9479603482320104,48,0.7194002214347953,1.00008161705302,2.604701169085416e-22,0.7449050236367349,1.0,9,1,2.988619683316803e-05,0.000151602225887,,-1,,,0
ct_w5_i1,5,calibration,width3,1024,42,protected_ray_star,48,0,,1.0001022251210756,0.1971356070684806,199,203776,252,,0.9769231470283029,48,0.7194002214347953,1.000102680399431,2.4123959582304765e-10,0.4998671640821852,1.0,9,1,2.902962571808749e-05,0.0001472571401472,,-1,,,0
ct_w5_i1,5,calibration,width3,1024,50,sampled_adam,48,0,,1.0087038189461026,0.4011510777654689,199,203776,96,,0.3774198714243806,48,0.3412763538175927,1.0087038189461026,1.3421065034791468e-15,0.9032759761517034,1.0,9,1,0.0021324633722291,0.0053158610070491,118483050.79384495,48,1.2762558194150066e-08,1.5121468307768846,1
ct_w5_i1,5,calibration,width3,1024,50,sampled_star_fisher,48,0,,1.0000806239064524,0.4011510777654689,199,203776,252,,0.5380411141557535,48,0.3412763538175927,1.0000806239064524,5.341574863414826e-26,0.9071424648124728,1.0,9,1,3.186337095468455e-05,7.942985254376735e-05,745390998022.6234,46,2.223223514456429e-12,1.6571707942680418,1
ct_w5_i1,5,calibration,width3,1024,50,sampled_full_fisher,48,0,,1.000095231817447,0.4011510777654689,199,203776,1176,,0.8709914096687069,48,0.3412763538175927,1.000095231817447,8.469131650804199e-22,0.6165999536641765,1.0,9,1,2.887322163145353e-05,7.197592934882782e-05,,-1,,,0
ct_w5_i1,5,calibration,width3,1024,50,protected_ray_star,48,0,,1.0000739509758103,0.4011510777654689,199,203776,252,,0.9802935661548774,48,0.3412763538175927,1.0000750838909838,1.297306443394411e-10,0.4999093962020259,1.0,9,1,1.933941464598671e-05,4.820980353265661e-05,,-1,,,0
ct_w5_i1,5,calibration,width3,1024,101,sampled_adam,48,0,,1.0072307068740507,0.3627904512344279,199,203776,96,,0.2993330320467159,47,0.2519590519434682,1.0072307068740507,5.159435636389356e-15,0.9002778054518451,1.0,10,1,0.0017480163031629,0.0048182533394007,1273237614.518826,48,8.555576601590205e-10,1.08932819430418,1
ct_w5_i1,5,calibration,width3,1024,101,sampled_star_fisher,48,0,,1.0003210441493398,0.3627904512344279,199,203776,252,,0.4941939426540532,47,0.2519590519434682,1.0003210441493398,1.9930447875291768e-25,0.53252710729423,1.0,10,1,0.0001391684419995,0.0003836055814756,,-1,,,0
ct_w5_i1,5,calibration,width3,1024,101,sampled_full_fisher,48,0,,1.000111559696844,0.3627904512344279,199,203776,1176,,0.8760273480775892,47,0.2519590519434682,1.000111559696844,4.265989998297426e-17,0.2629691211246999,1.0,9,1,4.128376108457533e-05,0.0001137950597765,,-1,,,0
ct_w5_i1,5,calibration,width3,1024,101,protected_ray_star,48,0,,1.0000872915273913,0.3627904512344279,199,203776,252,,0.979297644442078,47,0.2519590519434682,1.0000872915273913,5.5665087763948956e-11,0.4999039564957609,1.0,9,1,2.5759758027005347e-05,7.100450946091716e-05,,-1,,,0
ct_w5_i1,5,calibration,width3,256,0,sampled_adam,48,0,,1.0089321358398493,0.2276569984709648,199,50944,96,,0.2472751355447771,47,0.5142217468970066,1.0089321358398493,2.308144328467736e-14,0.8866047924419492,1.0,10,1,0.0021659253529132,0.009513985370362,,-1,,,0
ct_w5_i1,5,calibration,width3,256,0,sampled_diagonal_fisher,48,0,,1.000088383933937,0.2276569984709648,199,50944,48,,0.3015329350933516,47,0.5142217468970066,1.000088383933937,1.6159371446480004e-23,0.8165775273846518,1.0,8,1,2.3342682640808783e-05,0.0001025344390797,,-1,,,0
ct_w5_i1,5,calibration,width3,256,0,sampled_two_block_fisher,48,0,,1.0004442734773011,0.2276569984709648,199,50944,664,,0.3760816715660265,47,0.5142217468970066,1.0004442734773011,7.210608620784218e-16,0.3181043427401874,1.0,9,1,0.0001114297283912,0.0004894632237958,,-1,,,0
ct_w5_i1,5,calibration,width3,256,0,sampled_star_fisher,48,0,,1.0004071093739562,0.2276569984709648,199,50944,252,,0.6948172028807005,47,0.5142217468970066,1.0004071093739562,9.014911313221821e-20,0.5575636843307062,1.0,10,1,0.0001450482635875,0.0006371350960513,,-1,,,0
ct_w5_i1,5,calibration,width3,256,0,sampled_full_fisher,48,1,9.0,0.0634842572855713,0.2276569984709648,9,2304,1176,,0.8328372130264899,47,0.5142217468970066,0.0634842572855713,0.9485401968236165,0.9485401968236165,0.0,0,1,0.0532797847377831,0.234035347455301,,-1,,,0
ct_w5_i1,5,calibration,width3,256,0,protected_ray_star,48,0,,1.0000921966072998,0.2276569984709648,199,50944,252,,0.978403724540332,47,0.5142217468970066,1.0000951556224995,3.540332973300971e-10,0.4998379215464095,1.0,9,1,2.4764527710733285e-05,0.0001087799974394,,-1,,,0
ct_w5_i1,5,calibration,width3,256,19,sampled_adam,48,0,,1.0085005200542447,0.2561076185454981,199,50944,96,,0.221246281968749,47,0.747295623794308,1.0085005200542447,2.447341356927334e-13,0.9945438595775532,1.0,7,1,0.0019666894380216,0.007679152417218,166423.99065462142,48,1.2039641942905766e-07,0.0200368525819113,1
ct_w5_i1,5,calibration,width3,256,19,sampled_diagonal_fisher,48,0,,1.0001125218587958,0.2561076185454981,199,50944,48,,0.31631810857148,47,0.747295623794308,1.0001125218587958,3.3643935352701656e-23,0.9999302392202448,1.0,7,1,4.225101688783824e-05,0.000164973682266,44010765866.82347,48,1.2501727363692186e-14,0.0005502105959343,1
ct_w5_i1,5,calibration,width3,256,19,sampled_two_block_fisher,48,0,,1.000253133664193,0.2561076185454981,199,50944,664,,0.4353904655196024,47,0.747295623794308,1.000253133664193,3.517007720144624e-22,0.3008626417470018,1.0,7,1,7.203606116261996e-05,0.0002812726211415,,-1,,,0
ct_w5_i1,5,calibration,width3,256,19,sampled_star_fisher,48,0,,1.0001845389743256,0.2561076185454981,199,50944,252,,0.5820689515819002,47,0.747295623794308,1.0001845389743256,8.652619519612773e-20,0.9998904419764456,1.0,7,1,5.7247438648812175e-05,0.0002235288390635,21874197.74202805,48,2.4812849972205458e-11,0.0005427611868352,1
ct_w5_i1,5,calibration,width3,256,19,sampled_full_fisher,48,1,12.0,0.0988755088365831,0.2561076185454981,12,3072,1176,,0.8469973881708576,47,0.747295623794308,0.0988755088365831,0.9078948986760365,0.9078948986760365,0.0,0,1,0.0930395302586471,0.3632829463920007,,-1,,,0
ct_w5_i1,5,calibration,width3,256,19,protected_ray_star,48,0,,1.000074685006135,0.2561076185454981,199,50944,252,,0.97844887545719,47,0.747295623794308,1.0000808074335303,3.5711413630686703e-10,0.4999409536414561,1.0,9,1,2.198632895763961e-05,8.584800828068177e-05,,-1,,,0
ct_w5_i1,5,calibration,width3,256,42,sampled_adam,48,0,,1.0099338633488095,0.1971356070684806,199,50944,96,,0.013014505636699,48,0.4511839841252749,1.0099338633488095,3.841961202604495e-16,0.984837354766989,1.0,9,1,0.0022501764963181,0.0114143585209166,1973744.5209204247,48,5.088452722659559e-08,0.1004330568131192,1
ct_w5_i1,5,calibration,width3,256,42,sampled_diagonal_fisher,48,0,,1.0000068633480144,0.1971356070684806,199,50944,48,,0.2292075492815215,48,0.4511839841252749,1.0000068633480144,5.7434468968758113e-36,0.9923024564150316,1.0,9,1,2.3493096496821057e-06,1.1917226342910272e-05,557128148772.5222,39,2.138829880250212e-13,0.1191602331723155,1
ct_w5_i1,5,calibration,width3,256,42,sampled_two_block_fisher,48,0,,1.0000828804553468,0.1971356070684806,199,50944,664,,0.2738726133513046,48,0.4511839841252749,1.0000828804553468,1.9191399526816766e-29,0.932758585693162,1.0,9,1,2.655621464890792e-05,0.0001347103906991,345774225970.3612,46,2.66566868905129e-12,0.9217195276501372,1
ct_w5_i1,5,calibration,width3,256,42,sampled_star_fisher,48,0,,1.0000579685665,0.1971356070684806,199,50944,252,,0.800695009217413,48,0.4511839841252749,1.0000579685665,3.804500497964955e-27,0.8614479244679591,1.0,9,1,1.6267616003922898e-05,8.251992750488694e-05,,-1,,,0
ct_w5_i1,5,calibration,width3,256,42,sampled_full_fisher,48,0,,1.0003181748569698,0.1971356070684806,199,50944,1176,,0.8743949769297623,48,0.4511839841252749,1.0003181748569698,1.8320894630781958e-19,0.7129479044178,1.0,9,1,0.0001124910930982,0.0005706279792424,,-1,,,0
ct_w5_i1,5,calibration,width3,256,42,protected_ray_star,48,0,,1.0000800381795203,0.1971356070684806,199,50944,252,,0.9774227279751664,48,0.4511839841252749,1.000085115505135,2.669951674702176e-10,0.4998822549613214,1.0,9,1,2.296485819401497e-05,0.000116492695234,,-1,,,0
ct_w5_i1,5,calibration,width3,256,50,sampled_adam,48,0,,1.0100585618490443,0.4011510777654689,199,50944,96,,0.2212461654943029,45,0.3376822046504249,1.0100585618490443,1.7700902626021838e-15,0.9616577288413568,1.0,9,1,0.0024057373504038,0.0059970855962907,22458604.750185862,48,1.6174980683220442e-08,0.3632674980063392,1
ct_w5_i1,5,calibration,width3,256,50,sampled_diagonal_fisher,48,0,,1.000116094568538,0.4011510777654689,199,50944,48,,0.2634673105617555,45,0.3376822046504249,1.000116094568538,1.6482484702023523e-27,0.9844106524073096,1.0,9,1,3.6984055522397366e-05,9.219483025799052e-05,860227100555.5037,47,2.742852899980817e-13,0.2359476397400753,1
ct_w5_i1,5,calibration,width3,256,50,sampled_two_block_fisher,48,0,,1.0003238250265252,0.4011510777654689,199,50944,664,,0.373990544013075,45,0.3376822046504249,1.0003238250265252,2.6170585828825738e-30,0.7034335635823962,1.0,9,1,0.0001529014410166,0.0003811567498916,,-1,,,0
ct_w5_i1,5,calibration,width3,256,50,sampled_star_fisher,48,0,,1.000361176758588,0.4011510777654689,199,50944,252,,0.4185519337996476,45,0.3376822046504249,1.000361176758588,6.967747522041534e-24,0.7775448803088666,1.0,9,1,0.0001172120151289,0.0002921892065749,,-1,,,0
ct_w5_i1,5,calibration,width3,256,50,sampled_full_fisher,48,0,,1.0003966153364008,0.4011510777654689,199,50944,1176,,0.8022797253476369,45,0.3376822046504249,1.0003966153364008,5.529666665323599e-19,0.616584392998443,1.0,9,1,0.0001354666891045,0.0003376949399193,,-1,,,0
ct_w5_i1,5,calibration,width3,256,50,protected_ray_star,48,0,,1.0001431448637297,0.4011510777654689,199,50944,252,,0.979180455166052,45,0.3376822046504249,1.0001559527617427,1.1172384755987775e-09,0.4997903599749784,1.0,9,1,4.1710853481011714e-05,0.0001039779170315,,-1,,,0
ct_w5_i1,5,calibration,width3,256,101,sampled_adam,48,0,,1.0075894973038189,0.3627904512344279,199,50944,96,,0.2733041376761731,45,0.2252614169956992,1.0075894973038189,8.627332466341922e-15,0.8220889107651979,1.0,10,1,0.0017664986092629,0.0048691981921032,,-1,,,0
ct_w5_i1,5,calibration,width3,256,101,sampled_diagonal_fisher,48,0,,1.0000177015069678,0.3627904512344279,199,50944,48,,0.3599265600626375,45,0.2252614169956992,1.0000177015069678,4.623062892133799e-33,0.9914378644933428,1.0,9,1,7.806701081599755e-06,2.1518485547336583e-05,530301679170.5965,41,1.9366513301536619e-13,0.1027009452348456,1
ct_w5_i1,5,calibration,width3,256,101,sampled_two_block_fisher,48,0,,1.0001702672011863,0.3627904512344279,199,50944,664,,0.5205527356470074,45,0.2252614169956992,1.0001702672011863,1.7454705106496035e-26,0.3561075934474515,1.0,9,1,4.671054734629157e-05,0.0001287535192487,,-1,,,0
ct_w5_i1,5,calibration,width3,256,101,sampled_star_fisher,48,0,,1.0004593045883396,0.3627904512344279,199,50944,252,,0.4889449528401367,45,0.2252614169956992,1.0004593045883396,2.7225051640952624e-26,0.3676951835284219,1.0,10,1,0.0001554593710799,0.0004285100959822,,-1,,,0
ct_w5_i1,5,calibration,width3,256,101,sampled_full_fisher,48,0,,1.0003749582009114,0.3627904512344579,199,50944,1176,,0.8154149713182619,45,0.2252614169956992,1.0003749582009114,3.232104095486472e-19,0.2479501735139391,1.0,10,1,0.0001360456834652,0.000374997971976,,-1,,,0
ct_w5_i1,5,calibration,width3,256,101,protected_ray_star,48,0,,1.0000880846100184,0.3627904512344579,199,50944,252,,0.9789871818186916,45,0.2252614169956992,1.0000895739517812,2.2830457318022e-10,0.4998912759175805,1.0,9,1,2.413722829510549e-05,6.65321488285437e-05,,-1,,,0
ct_w5_i1,5,calibration,width3,64,0,sampled_adam,48,0,,1.012375532298524,0.2276569984709648,199,12736,96,,0.0650725752127117,41,0.450926324415036,1.012375532298524,6.99423619977753e-14,0.8356088475184797,1.0,10,1,0.0029296261825023,0.0128685970656682,,-1,,,0
ct_w5_i1,5,calibration,width3,64,0,sampled_star_fisher,48,0,,1.00047129671551,0.2276569984709648,199,12736,252,,0.6121765279508611,41,0.450926324415036,1.00047129671551,2.807010209991177e-22,0.6605591619420453,1.0,10,1,0.0002163262348651,0.0009502287929563,,-1,,,0
ct_w5_i1,5,calibration,width3,64,0,sampled_full_fisher,48,1,10.0,0.0652149089271034,0.2276569984709648,10,640,1176,,0.3995853089702639,41,0.450926324415036,0.0652149089271034,0.9571787238761462,0.9571787238761462,0.0,0,1,0.0388998159534084,0.1708702838686055,,-1,,,0
ct_w5_i1,5,calibration,width3,64,0,protected_ray_star,48,0,,1.0001512617425838,0.2276569984709648,199,12736,252,,0.979357547422712,41,0.450926324415036,1.0001725059565416,1.6416456198614002e-09,0.4997318320849416,1.0,9,1,4.692593071792681e-05,0.0002061255794159,,-1,,,0
ct_w5_i1,5,calibration,width3,64,19,sampled_adam,48,0,,1.011558900865568,0.2561076185454981,199,12736,96,,0.1171304143825928,40,0.4679050849422676,1.011558900865568,4.3678826241378743e-13,0.9922495496600352,1.0,7,1,0.002721387791592,0.0106259540698068,282692.809829262,48,1.1828132596131725e-07,0.0334372803863356,1
ct_w5_i1,5,calibration,width3,64,19,sampled_star_fisher,48,0,,1.0002735547408932,0.2561076185454981,199,12736,252,,0.3978866445507539,40,0.4679050849422676,1.0002735547408932,6.745839805296585e-20,0.9998272212715732,1.0,7,1,8.155626205550658e-05,0.0003184452790537,56489898.29791611,48,1.5005132215017648e-11,0.0008476383927731,1
ct_w5_i1,5,calibration,width3,64,19,sampled_full_fisher,48,1,11.0,0.0738729461792235,0.2561076185454981,11,704,1176,,0.5012302180341963,40,0.4679050849422676,0.0738729461792235,0.9392564562602906,0.9392564562602906,0.0,0,1,0.0490288983895404,0.1914386564054138,,-1,,,0
ct_w5_i1,5,calibration,width3,64,19,protected_ray_star,48,0,,1.000195194851461,0.2561076185454981,199,12736,252,,0.9796870657688936,40,0.4679050849422676,1.000195194851461,2.1114845705132673e-09,0.4997399962682251,1.0,9,1,5.311249734676595e-05,0.0002073835118549,,-1,,,0
ct_w5_i1,5,calibration,width3,64,42,sampled_adam,48,0,,1.0131359037745329,0.1971356070684806,199,12736,96,,0.2212461510434064,43,0.636456999910528,1.0131359037745329,2.2485594764438427e-15,0.9709920789786878,1.0,9,1,0.0029521580922425,0.0149752656871219,3504808.0991819943,48,6.091045042156582e-08,0.2134794399623271,1
ct_w5_i1,5,calibration,width3,64,42,sampled_star_fisher,48,0,,1.0008532263334136,0.1971356070684806,199,12736,252,,0.8133303548784301,43,0.636456999910528,1.0008532263334136,1.747202966509382e-20,0.621461142991933,1.0,9,1,0.0003017046348681,0.0015304421121819,,-1,,,0
ct_w5_i1,5,calibration,width3,64,42,sampled_full_fisher,48,0,,1.0003734582439332,0.1971356070684806,199,12736,1176,,0.7456481350563283,43,0.636456999910528,1.0003734582439332,6.09570517390599e-20,0.4160513147633589,1.0,9,1,9.25100349855334e-05,0.0004692710584414,,-1,,,0
ct_w5_i1,5,calibration,width3,64,42,protected_ray_star,48,0,,1.0002168991279667,0.1971356070684806,199,12736,252,,0.9772872681444515,43,0.636456999910528,1.0002459423183865,3.339099812275094e-09,0.4996368176960435,1.0,9,1,6.689686087326043e-05,0.0003393443826209,,-1,,,0
ct_w5_i1,5,calibration,width3,64,50,sampled_adam,48,0,,1.0104609203138717,0.4011510777654689,199,12736,96,,0.247275100228177,31,0.5271598569161912,1.0104609203138717,4.0249719230807314e-15,0.9291696440710284,1.0,9,1,0.0024532466360391,0.0061155179981179,45831563.830732144,48,1.9358582436910805e-08,0.8872341066297678,1
ct_w5_i1,5,calibration,width3,64,50,sampled_star_fisher,48,0,,1.0001432461891897,0.4011510777654689,199,12736,252,,0.275245152720412,31,0.5271598569161912,1.0001432461891897,6.763268713717585e-23,0.9387606679974452,1.0,9,1,4.289829933101358e-05,0.0001069380134037,426776764034.7495,48,2.763724804266912e-12,1.1794935286476045,1
ct_w5_i1,5,calibration,width3,64,50,sampled_full_fisher,48,0,,1.0009902740030991,0.4011510777654689,199,12736,1176,,0.2493534833632196,31,0.5271598569161912,1.0009902740030991,7.15644173628405e-18,0.5721855486352775,1.0,9,1,0.0002722866448009,0.0006787633385349,,-1,,,0
ct_w5_i1,5,calibration,width3,64,50,protected_ray_star,48,0,,1.000084641217855,0.4011510777654689,199,12736,252,,0.9790204368510008,31,0.5271598569161912,1.0000937806701646,4.445113868898823e-10,0.4999034093536755,1.0,9,1,2.546001582724476e-05,6.346739978629656e-05,,-1,,,0
ct_w5_i1,5,calibration,width3,64,101,sampled_adam,48,0,,1.0081790107264457,0.3627904512344279,199,12736,96,,0.2733040481343788,36,0.2209902144860389,1.0081790107264457,2.3292056132839415e-14,0.8359594347252952,1.0,9,1,0.0018354300717796,0.0050592017114408,,-1,,,0
ct_w5_i1,5,calibration,width3,64,101,sampled_star_fisher,48,0,,1.0005860593099722,0.3627904512344279,199,12736,252,,0.3052482924660731,36,0.2209902144860389,1.0005860593099722,8.871431695289909e-26,0.6864047037899178,1.0,9,1,0.0002694795817876,0.0007427967877069,,-1,,,0
ct_w5_i1,5,calibration,width3,64,101,sampled_full_fisher,48,0,,1.0009964874768809,0.3627904512344279,199,12736,1176,,0.5148638363037197,36,0.2209902144860389,1.0009964874768809,9.57793400936502e-19,0.2444602059657352,1.0,10,1,0.0003714735008968,0.0010239340634045,,-1,,,0
ct_w5_i1,5,calibration,width3,64,101,protected_ray_star,48,0,,1.0004441332444998,0.3627904512344279,199,12736,252,,0.980139688689007,36,0.2209902144860389,1.000471566623604,1.1895111413453705e-08,0.4992937282768144,1.0,9,1,0.0001281135633737,0.0003531337799489,,-1,,,0
ct_w5_i2,5,evaluation,chain,256,0,sampled_adam,31,0,,1.0436817018704565,0.3864603345927698,199,50944,62,,-0.6003335805781702,28,2.261015417890502,1.0436817018704565,3.15613950973667e-19,0.8658120897100409,1.0,8,1,0.0094000840533726,0.0243235416728547,,-1,,,0
ct_w5_i2,5,evaluation,chain,256,0,sampled_diagonal_fisher,31,0,,2.0000452431208764,0.3864603345927698,199,50944,31,,-0.6552504768044487,28,2.261015417890502,2.0000452431208764,6.74123757177571e-40,0.6040371561199747,2.0,10,1,1.6705324244872048e-05,4.322649118046016e-05,,-1,,,0
ct_w5_i2,5,evaluation,chain,256,0,sampled_two_block_fisher,31,0,,1.0001537027120708,0.3864603345927698,199,50944,256,,-0.7560534450902515,28,2.261015417890502,1.0001537027120708,3.170916651077106e-40,0.9998878844373428,1.0,9,1,5.569797270483591e-05,0.0001441233878854,16028935.009502305,31,4.287716955184049e-11,0.0006872753641378,1
ct_w5_i2,5,evaluation,chain,256,0,sampled_star_fisher,31,0,,2.000289384187438,0.3864603345927698,199,50944,90,,-0.0811515437490233,28,2.261015417890502,2.000289384187438,2.0015433522012185e-37,0.4157261213677694,2.0,10,1,9.111140945678087e-05,0.0002357587604761,,-1,,,0
ct_w5_i2,5,evaluation,chain,256,0,sampled_full_fisher,31,0,,2.0004043938273046,0.3864603345927698,199,50944,496,,-0.7210558235520252,28,2.261015417890502,2.0004043938273046,1.389544553752569e-37,0.677391652720784,2.0,11,1,0.0001274462864741,0.000329778440544,,-1,,,0
ct_w5_i2,5,evaluation,chain,256,0,protected_ray_star,31,0,,2.273651940858892,0.3864603345927698,199,50944,90,,-0.982034565347472,28,2.261015417890502,2.6858771542400355,3.6171433003888204e-09,0.2026341351589731,1.0,8,1,0.2791892077370252,0.72242655389516,,-1,,,0
ct_w5_i2,5,evaluation,chain,256,19,sampled_adam,31,0,,1.042535393523659,0.4036343291719843,199,50944,62,,-0.6003335308206986,28,2.049128429267565,1.042535393523659,3.0170387617586066e-21,0.9735352397251568,1.0,8,1,0.0094064102274251,0.0233042869438817,38610.46765701589,31,1.8743310921706944e-06,0.0723688000127958,1
ct_w5_i2,5,evaluation,chain,256,19,sampled_diagonal_fisher,31,0,,1.0000259674104015,0.4036343291719843,199,50944,31,,-0.6121239560192703,28,2.049128429267565,1.0000259674104015,4.41720561846883e-44,0.9999830032788594,1.0,10,1,5.740035563618625e-06,1.4220880506853164e-05,128626.22449454963,31,3.3094729149552073e-10,4.2568500611766006e-05,1
ct_w5_i2,5,evaluation,chain,256,19,sampled_two_block_fisher,31,0,,1.0000749240721891,0.4036343291719843,199,50944,256,,-0.5604578529832893,28,2.049128429267565,1.0000749240721891,6.822548434023423e-39,0.9999156111149629,1.0,8,1,1.9843449712745555e-05,4.916194753169885e-05,291708622.0867332,31,1.5866615458947013e-12,0.0004628428532709,1
ct_w5_i2,5,evaluation,chain,256,19,sampled_star_fisher,31,0,,1.0001910955733528,0.4036343291719843,199,50944,90,,-0.1087311779905305,28,2.049128429267565,1.0001910955733528,2.780264512030308e-36,0.999911166690697,1.0,10,1,6.496121413991992e-05,0.0001609407561373,132690.1693338857,31,3.810235556042672e-09,0.0005055808011332,1
ct_w5_i2,5,evaluation,chain,256,19,sampled_full_fisher,31,0,,1.0001379594257696,0.4036343291719843,199,50944,496,,-0.5055071336210829,28,2.049128429267565,1.0001379594257696,1.1642134277398813e-39,0.999905480017213,1.0,8,1,3.3328746499803104e-05,8.257163499490669e-05,119051.70755693088,31,2.4166181789836916e-09,0.0002877025207211,1
ct_w5_i2,5,evaluation,chain,256,19,protected_ray_star,31,0,,2.3302119996096167,0.4036343291719843,199,50944,90,,-0.981919352976545,28,2.049128429267565,4.414204877328325,2.69078810694196e-08,0.0502977070394278,4.0,8,0,0.3873369246587566,0.9596233438650767,,-1,,,0
ct_w5_i2,5,evaluation,chain,256,42,sampled_adam,31,0,,1.0418772680073456,0.3818159461819391,199,50944,62,,-0.4669261913276661,24,1.7978343624501996,1.0418772680073456,5.433557321462152e-22,0.9759156615659682,1.0,9,1,0.0093480492615217,0.0244831295156731,13773.44263462048,31,4.33004294222045e-06,0.0596395980701166,1
ct_w5_i2,5,evaluation,chain,256,42,sampled_diagonal_fisher,31,0,,1.0000855543438902,0.3818159461819391,199,50944,31,,-0.5657204984256443,24,1.7978343624501996,1.0000855543438902,1.5260858331351573e-39,0.9999375923232404,1.0,9,1,2.2077471089181077e-05,5.78222866539496e-05,118451.78423630046,31,1.5937281935368754e-09,0.0001887799481121,1
ct_w5_i2,5,evaluation,chain,256,42,sampled_two_block_fisher,31,0,,1.0001431394764635,0.3818159461819391,199,50944,256,,-0.6882880954386685,24,1.7978343624501996,1.0001431394764635,4.170100619083448e-38,0.9999023316695248,1.0,9,1,4.1913644398944405e-05,0.0001097744733243,2904177.645213457,31,1.1006245846679251e-10,0.0003196409314564,1
ct_w5_i2,5,evaluation,chain,256,42,sampled_star_fisher,31,0,,1.000115009442176,0.3818159461819391,199,50944,90,,-0.0458747311630319,24,1.7978343624501996,1.000115009442176,2.736321836621913e-37,0.999917126254371,1.0,9,1,3.29459709131203e-05,8.62875719114707e-05,765924.3182734343,31,4.2557304156591536e-10,0.0003259567417369,1
ct_w5_i2,5,evaluation,chain,256,42,sampled_full_fisher,31,0,,1.000231871790627,0.3818159461819391,199,50944,496,,-0.4985621471958324,24,1.7978343624501996,1.000231871790627,1.7782268642450575e-34,0.9584333215865086,1.0,9,1,5.673039666898356e-05,0.0001485804802975,777710307.8986198,31,6.12851371400317e-10,0.476620828747832,1
ct_w5_i2,5,evaluation,chain,256,42,protected_ray_star,31,0,,1.8908097225390077,0.3818159461819391,199,50944,90,,-0.98219547304881,24,1.7978343624501996,3.1036441712047207,2.342209324863972e-10,0.1319262950720749,1.0,9,1,0.3415507839382785,0.8945430052193949,,-1,,,0
ct_w5_i2,5,evaluation,chain,256,50,sampled_adam,31,0,,2.035527744060147,0.3502544038394767,199,50944,62,,-0.6003335995872043,27,2.085590509323554,2.035527744060147,7.575092592705364e-20,0.955061118364416,2.0,10,1,0.0082754447248159,0.0236269541056465,3358.347150454623,31,6.94769551791793e-05,0.2333277344482603,1
ct_w5_i2,5,evaluation,chain,256,50,sampled_diagonal_fisher,31,0,,1.0000416032028916,0.3502544038394767,199,50944,31,,-0.6061607568931996,27,2.085590509323554,1.0000416032028916,2.655368880879734e-35,0.9296477225251004,1.0,7,1,1.1310736513810282e-05,3.2292917347569016e-05,3140470730.6487374,31,2.498366633533613e-10,0.7846047287041732,1
ct_w5_i2,5,evaluation,chain,256,50,sampled_two_block_fisher,31,0,,1.0000594498366766,0.3502544038394767,199,50944,256,,-0.7206020377166401,27,2.085590509323554,1.0000594498366766,6.152549603213229e-35,0.7508612565364098,1.0,7,1,1.3974525642748888e-05,3.989821538162152e-05,,-1,,,0
ct_w5_i2,5,evaluation,chain,256,50,sampled_star_fisher,31,0,,1.000069869467458,0.3502544038394767,199,50944,90,,-0.1387021469665051,27,2.085590509323554,1.000069869467458,5.016930113726219e-36,0.752783625346229,1.0,8,1,1.955439792442496e-05,5.5829127942633474e-05,,-1,,,0
ct_w5_i2,5,evaluation,chain,256,50,sampled_full_fisher,31,0,,1.000173776566431,0.3502544038394767,199,50944,496,,-0.5397206407623202,27,2.085590509323554,1.000173776566431,2.120671527954381e-30,0.7769505840166496,1.0,7,1,5.406007326291495e-05,0.0001543451636019,,-1,,,0
ct_w5_i2,5,evaluation,chain,256,50,protected_ray_star,31,0,,2.543965922176717,0.3502544038394767,199,50944,90,,-0.982006092323056,27,2.085590509323554,3.1117962091264904,1.7357717153713383e-10,0.1121301759925087,2.0,9,0,0.2764719223273905,0.789346027620823,,-1,,,0
ct_w5_i2,5,evaluation,chain,256,101,sampled_adam,31,0,,1.0434196426588151,0.3609828748828403,199,50944,62,,-0.6003335179856093,22,1.7745593190517286,1.0434196426588151,2.0475610298980788e-21,0.975741168536246,1.0,9,1,0.0096357863378992,0.0266931951855793,1931.120710648476,31,2.5932964287822265e-05,0.0500796844247208,1
ct_w5_i2,5,evaluation,chain,256,101,sampled_diagonal_fisher,31,0,,1.000168810223279,0.3609828748828403,199,50944,31,,-0.6389579542246538,22,1.7745593190517286,1.000168810223279,3.416758019659364e-32,0.9978500944329204,1.0,7,1,6.452647171091885e-05,0.0001787521685948,245346025.41528863,31,1.0149519547654128e-10,0.0249014428089171,1
ct_w5_i2,5,evaluation,chain,256,101,sampled_two_block_fisher,31,0,,2.000014192866552,0.3609828748828403,199,50944,256,,-0.7011954521379207,22,1.7745593190517286,2.000014192866552,1.8879522259163577e-42,0.4132110430558304,2.0,10,1,4.609486790705728e-06,1.276926721856756e-05,,-1,,,0
ct_w5_i2,5,evaluation,chain,256,101,sampled_star_fisher,31,0,,2.000067319384712,0.3609828748828403,199,50944,90,,-0.1863445307703868,22,1.7745593190517286,2.000067319384712,1.1482893340267e-34,0.9807701722091676,2.0,10,1,2.168979258153217e-05,6.0085378256715777e-05,83420236.95516017,31,2.102969595379537e-09,0.1754302219560583,1
ct_w5_i2,5,evaluation,chain,256,101,sampled_full_fisher,31,0,,2.000098523315988,0.3609828748828221,199,50944,496,,-0.6257748299946673,22,1.7745593190517286,2.000098523315988,1.703402993901966e-38,0.7834251789113769,2.0,10,1,2.4075342911773262e-05,6.669386441001754e-05,,-1,,,0
ct_w5_i2,5,evaluation,chain,256,101,protected_ray_star,31,0,,2.7125964826446065,0.3609828748828221,199,50944,90,,-0.980075797395934,22,1.7745593190517286,3.7919268650521527,4.702991849441293e-10,0.1042290467471745,2.0,11,1,0.2965824509032905,0.8215970106603078,,-1,,,0
ct_w5_i2,5,evaluation,problem_tree,256,0,sampled_adam,31,1,115.0,0.0994204192507748,0.3749489825813032,115,29440,62,,0.1687918644567599,27,1.23060481791234,0.0994204192507748,0.9370652726730136,0.9370652726730136,0.0,0,1,0.0214249311404998,0.0571409235277871,,-1,,,0
ct_w5_i2,5,evaluation,problem_tree,256,0,sampled_diagonal_fisher,31,0,,3.000095074100617,0.3749489825813032,199,50944,31,,0.1475333405732301,27,1.23060481791234,3.000095074100617,1.4419001427609058e-11,0.8724795834234446,3.0,5,1,2.4051568124392983e-05,6.414624186685901e-05,,-1,,,0
ct_w5_i2,5,evaluation,problem_tree,256,0,sampled_two_block_fisher,31,1,4.0,0.0300607039647218,0.3749489825813032,4,1024,256,,-0.1788668854730282,27,1.23060481791234,0.0300607039647218,0.977950434843812,0.977950434843812,0.0,0,1,0.0077769309703564,0.0207413043684418,,-1,,,0
ct_w5_i2,5,evaluation,problem_tree,256,0,sampled_star_fisher,31,1,4.0,0.0379914278106028,0.3749489825813032,4,1024,103,,0.5364423428188315,27,1.23060481791234,0.0379914278106028,0.97960965798157,0.97960965798157,0.0,0,1,0.0079394568330022,0.0211747656396978,,-1,,,0
ct_w5_i2,5,evaluation,problem_tree,256,0,sampled_full_fisher,31,1,5.0,0.0406209545678493,0.3749489825813032,5,1280,496,,0.2202124192606444,27,1.23060481791234,0.0406209545678493,0.9714249953202008,0.9714249953202008,0.0,0,1,0.0115758522829612,0.0308731396022688,,-1,,,0
ct_w5_i2,5,evaluation,problem_tree,256,0,protected_ray_star,31,0,,3.000929226342315,0.3749489825813032,199,50944,103,,0.906944294567106,27,1.23060481791234,3.0109219283952253,1.8987611497025812e-11,0.9934151848771194,3.0,5,1,0.0054469325235379,0.0145271297605317,618442468808.7716,18,8.315228222404427e-14,0.0514249027057216,1
ct_w5_i2,5,evaluation,problem_tree,256,19,sampled_adam,31,1,92.0,0.0985747435740318,0.2721893817425032,92,23552,62,,0.3529284561118008,28,1.02798200960843,0.0985747435740318,0.9369829930159502,0.9369829930159502,0.0,0,1,0.01919070558605,0.0705049751139993,,-1,,,0
ct_w5_i2,5,evaluation,problem_tree,256,19,sampled_diagonal_fisher,31,1,4.0,0.0452131655069116,0.2721893817425032,4,1024,31,,0.306082783741025,28,1.02798200960843,0.0452131655069116,0.9612552949069068,0.9612552949069068,0.0,0,1,0.0162639861278911,0.0597524636110793,,-1,,,0
ct_w5_i2,5,evaluation,problem_tree,256,19,sampled_two_block_fisher,31,1,3.0,0.075039317643295,0.2721893817425032,3,768,256,,0.0974590707015733,28,1.02798200960843,0.075039317643295,0.9366933676323366,0.9366933676323366,0.0,0,1,0.0210741960651116,0.077424754522747,,-1,,,0
ct_w5_i2,5,evaluation,problem_tree,256,19,sampled_star_fisher,31,1,4.0,0.0335623400128604,0.2721893817425032,4,1024,103,,0.4227503894267767,28,1.02798200960843,0.0335623400128604,0.9707967526157696,0.9707967526157696,0.0,0,1,0.0103250126932032,0.0379331942602041,,-1,,,0
ct_w5_i2,5,evaluation,problem_tree,256,19,sampled_full_fisher,31,1,4.0,0.0671946373171366,0.2721893817425032,4,1024,496,,0.4420012191546352,28,1.02798200960843,0.0671946373171366,0.9456213854477468,0.9456213854477468,0.0,0,1,0.0206429567102058,0.075840418821828,,-1,,,0
ct_w5_i2,5,evaluation,problem_tree,256,19,protected_ray_star,31,0,,3.000849063864328,0.2721893817425032,199,50944,103,,0.9673997537670224,28,1.02798200960843,3.0018472364863715,4.362002109589411e-12,0.9984468314300576,3.0,5,1,0.0007081754171747,0.0026017745903282,319413064154.2049,18,3.0208377476287393e-14,0.0096489504128278,1
ct_w5_i2,5,evaluation,problem_tree,256,42,sampled_adam,31,0,,3.020159454779765,0.2900348519061719,199,50944,62,,0.0767236142856797,26,1.3760290030538795,3.020159454779765,2.1916464612148937e-06,0.482558374867377,3.0,6,1,0.0044238537321224,0.0152528349715487,,-1,,,0
ct_w5_i2,5,evaluation,problem_tree,256,42,sampled_diagonal_fisher,31,1,4.0,0.0236583966929728,0.2900348519061719,4,1024,31,,0.2468486027563732,26,1.3760290030538795,0.0236583966929728,0.9869674001342982,0.9869674001342982,0.0,0,1,0.0061162580424942,0.021088010638366,,-1,,,0
ct_w5_i2,5,evaluation,problem_tree,256,42,sampled_two_block_fisher,31,1,4.0,0.0709176193315332,0.2900348519061719,4,1024,256,,-0.0928555939628823,26,1.3760290030538795,0.0709176193315332,0.952372077283306,0.952372077283306,0.0,0,1,0.025078689296474,0.0864678473350754,,-1,,,0
ct_w5_i2,5,evaluation,problem_tree,256,42,sampled_star_fisher,31,1,4.0,0.0221102272947586,0.2900348519061719,4,1024,103,,0.5166513515733785,26,1.3760290030538795,0.0221102272947586,0.9828784898078292,0.9828784898078292,0.0,0,1,0.0049204515670502,0.016965035528358,,-1,,,0
ct_w5_i2,5,evaluation,problem_tree,256,42,sampled_full_fisher,31,1,7.0,0.0482117173193579,0.2900348519061719,7,1792,496,,0.0411716843085666,26,1.3760290030538795,0.0482117173193579,0.9687186626122664,0.9687186626122664,0.0,0,1,0.021456484796459,0.0739789878886707,,-1,,,0
ct_w5_i2,5,evaluation,problem_tree,256,42,protected_ray_star,31,0,,3.000959660217392,0.2900348519061719,199,50944,103,,0.943750771304929,26,1.3760290030538795,3.0024044683786286,1.705664695362391e-11,0.9984604620562108,3.0,5,1,0.0010916193148637,0.0037637522100857,536192850825.6888,21,1.8700270090926715e-14,0.0100269511312643,1
ct_w5_i2,5,evaluation,problem_tree,256,50,sampled_adam,31,0,,3.0192504715536157,0.3637220267381967,199,50944,62,,0.1074130692901979,30,0.8790974686335293,3.0192504715536157,1.080690206524871e-06,0.76740340148555,3.0,5,1,0.0045083773272275,0.0123951176882467,,-1,,,0
ct_w5_i2,5,evaluation,problem_tree,256,50,sampled_diagonal_fisher,31,1,6.0,0.0845122130399698,0.3637220267381967,6,1536,31,,0.1607739673147708,30,0.8790974686335293,0.0845122130399698,0.9226084704884228,0.9226084704884228,0.0,0,1,0.0335079373924177,0.0921251255881085,,-1,,,0
ct_w5_i2,5,evaluation,problem_tree,256,50,sampled_two_block_fisher,31,1,7.0,0.0376376512121261,0.3637220267381967,7,1792,256,,-0.373144373758646,30,0.8790974686335293,0.0376376512121261,0.9690362496760752,0.9690362496760752,0.0,0,1,0.0128875759509167,0.0354324869090017,,-1,,,0
ct_w5_i2,5,evaluation,problem_tree,256,50,sampled_star_fisher,31,1,6.0,0.0327202515338598,0.3637220267381967,6,1536,103,,0.4592247078859587,30,0.8790974686335293,0.0327202515338598,0.9700470245548368,0.9700470245548368,0.0,0,1,0.0128521430268894,0.0353350693169328,,-1,,,0
ct_w5_i2,5,evaluation,problem_tree,256,50,sampled_full_fisher,31,1,7.0,0.0617357507026028,0.3637220267381967,7,1792,496,,0.2192391326630607,30,0.8790974686335293,0.0617357507026028,0.9460089592210446,0.9460089592210446,0.0,0,1,0.0230883016694832,0.0634778758837774,,-1,,,0
ct_w5_i2,5,evaluation,problem_tree,256,50,protected_ray_star,31,0,,3.000937112959516,0.3637220267381967,199,50944,103,,0.940734833598509,30,0.8790974686335293,3.00224160151663,5.1387105421764976e-11,0.9982130267147312,3.0,5,1,0.0008237893040013,0.0022648870385689,326747160873.7223,21,2.6259718946554163e-14,0.0085802886111284,1
ct_w5_i2,5,evaluation,problem_tree,256,101,sampled_adam,31,1,101.0,0.0991791397073349,0.2829371893631394,101,25856,62,,0.1074130249129934,28,2.316571978598424,0.0991791397073349,0.9430793564003456,0.9430793564003456,0.0,0,1,0.0185629206914696,0.0656079207305788,,-1,,,0
ct_w5_i2,5,evaluation,problem_tree,256,101,sampled_diagonal_fisher,31,1,3.0,0.0843756735376128,0.2829371893631394,3,768,31,,0.072348238614966,28,2.316571978598424,0.0843756735376128,0.930995310298698,0.930995310298698,0.0,0,1,0.026516844013384,0.0937198961828616,,-1,,,0
ct_w5_i2,5,evaluation,problem_tree,256,101,sampled_two_block_fisher,31,1,3.0,0.0807853241033118,0.2829371893631394,3,768,256,,-0.1763855030177787,28,2.316571978598424,0.0807853241033118,0.9346740639695816,0.9346740639695816,0.0,0,1,0.02241213739217,0.079212412629875,,-1,,,0
ct_w5_i2,5,evaluation,problem_tree,256,101,sampled_star_fisher,31,1,4.0,0.0246082966969911,0.2829371893631394,4,1024,103,,0.3296554237326456,28,2.316571978598424,0.0246082966969911,0.9789514935872844,0.9789514935872844,0.0,0,1,0.0076122713970113,0.0269044568306688,,-1,,,0
ct_w5_i2,5,evaluation,problem_tree,256,101,sampled_full_fisher,31,1,4.0,0.0964934291969186,0.2829371893631573,4,1024,496,,0.1498077653678708,28,2.316571978598424,0.0964934291969186,0.921970316899702,0.921970316899702,0.0,0,1,0.0286390020657729,0.1012203525815548,,-1,,,0
ct_w5_i2,5,evaluation,problem_tree,256,101,protected_ray_star,31,0,,1.5222416320280576,0.2829371893631573,199,50944,103,,0.754908500354826,28,2.316571978598424,4.36430720381626,0.0022372277869159,0.2018981029311743,3.0,5,1,0.315224735366904,1.1141155960318272,,-1,,,0
ct_w5_i2,5,evaluation,width2,256,0,sampled_adam,44,1,55.0,0.0976613307441987,0.2342595613246118,55,14080,88,,0.2215646575372723,41,0.9260404111044604,0.0976613307441987,0.9408362067978115,0.9408362067978115,0.0,0,1,0.0222758501824265,0.0950904631446783,,-1,,,0
ct_w5_i2,5,evaluation,width2,256,0,sampled_diagonal_fisher,44,1,3.0,0.0144716598824174,0.2342595613246118,3,768,44,,0.3279280508166793,41,0.9260404111044604,0.0144716598824174,0.9874725146919414,0.9874725146919414,0.0,0,1,0.0037937133318718,0.0161944866216792,,-1,,,0
ct_w5_i2,5,evaluation,width2,256,0,sampled_two_block_fisher,44,1,3.0,0.0388638507428673,0.2342595613246118,3,768,542,,0.3162983045828849,41,0.9260404111044604,0.0388638507428673,0.9734913760384656,0.9734913760384656,0.0,0,1,0.0119608612489843,0.051058156095538,,-1,,,0
ct_w5_i2,5,evaluation,width2,256,0,sampled_star_fisher,44,1,3.0,0.018646616817266,0.2342595613246118,3,768,217,,0.7354876825593564,41,0.9260404111044604,0.018646616817266,0.9848149029823294,0.9848149029823294,0.0,0,1,0.004630476730198,0.0197664364434698,,-1,,,0
ct_w5_i2,5,evaluation,width2,256,0,sampled_full_fisher,44,1,4.0,0.0951813717275609,0.2342595613246118,4,1024,990,,0.5752510774867589,41,0.9260404111044604,0.0951813717275609,0.919386780248584,0.919386780248584,0.0,0,1,0.0504697719372244,0.2154438079361414,,-1,,,0
ct_w5_i2,5,evaluation,width2,256,0,protected_ray_star,44,1,16.0,0.0695436886157061,0.2342595613246118,16,4096,217,,0.9803672864011238,41,0.9260404111044604,0.0695436886157061,0.9633324219653944,0.9633324219653944,0.0,0,1,0.0317918990001983,0.1357122792360415,,-1,,,0
ct_w5_i2,5,evaluation,width2,256,19,sampled_adam,44,0,,3.0097444046401414,0.2734540551416398,199,50944,88,,0.1230915083993078,44,0.6894026470509477,3.0097444046401414,5.1614413078994325e-09,0.9404024399034532,3.0,4,1,0.0022231113419593,0.0081297435534749,432099.5794241912,44,6.511456554291593e-07,0.2813597638548291,1
ct_w5_i2,5,evaluation,width2,256,19,sampled_diagonal_fisher,44,0,,3.000051524895518,0.2734540551416398,199,50944,44,,0.3020269875314004,44,0.6894026470509477,3.000051524895518,1.0418225592420451e-14,0.8686112841639121,3.0,4,1,1.440870632425806e-05,5.269150723252155e-05,,-1,,,0
ct_w5_i2,5,evaluation,width2,256,19,sampled_two_block_fisher,44,0,,2.0001461470416384,0.2734540551416398,199,50944,542,,0.4352500463315206,44,0.6894026470509477,2.0001461470416384,7.081056902645022e-11,0.545290180124874,2.0,4,1,4.564092336659092e-05,0.0001669052716843,,-1,,,0
ct_w5_i2,5,evaluation,width2,256,19,sampled_star_fisher,44,0,,2.000157632192934,0.2734540551416398,199,50944,217,,0.5116227365022905,44,0.6894026470509477,2.000157632192934,3.870661740930654e-11,0.6356030600873402,2.0,4,1,4.740319519141908e-05,0.0001733497613223,,-1,,,0
ct_w5_i2,5,evaluation,width2,256,19,sampled_full_fisher,44,0,,1.000260449068099,0.2734540551416398,199,50944,990,,0.6742835082495435,44,0.6894026470509477,1.000260449068099,3.2440276241199205e-17,0.6202101826257652,1.0,9,1,6.461220052990503e-05,0.000236281742088,,-1,,,0
ct_w5_i2,5,evaluation,width2,256,19,protected_ray_star,44,1,19.0,0.071941038537604,0.2734540551416398,19,4864,217,,0.9801088174595812,44,0.6894026470509477,0.071941038537604,0.9591173767626592,0.9591173767626592,0.0,0,1,0.0288065332793363,0.1053432294665205,,-1,,,0
ct_w5_i2,5,evaluation,width2,256,42,sampled_adam,44,0,,2.015391078586568,0.2501253297869889,199,50944,88,,0.1230914417557948,41,0.8448052396443707,2.015391078586568,2.353476732224292e-09,0.958002481459452,2.0,6,1,0.0033197558071535,0.0132723695356273,9695955.962623456,44,2.8426457603091994e-08,0.2756216810929626,1
ct_w5_i2,5,evaluation,width2,256,42,sampled_diagonal_fisher,44,0,,1.0000617856429468,0.2501253297869889,199,50944,44,,0.1789625532371687,41,0.8448052396443707,1.0000617856429468,3.480682149750775e-28,0.9927493219833352,1.0,9,1,1.788282892598007e-05,7.149547365398538e-05,396290762640.79913,43,2.890238657162729e-13,0.1145374881660937,1
ct_w5_i2,5,evaluation,width2,256,42,sampled_two_block_fisher,44,0,,1.000102645991472,0.2501253297869889,199,50944,542,,0.2968538039741207,41,0.8448052396443707,1.000102645991472,2.2259219259833667e-23,0.8400797450953229,1.0,9,1,2.598141371434079e-05,0.0001038735810422,,-1,,,0
ct_w5_i2,5,evaluation,width2,256,42,sampled_star_fisher,44,0,,1.0001379077631896,0.2501253297869889,199,50944,217,,0.3854982741494161,41,0.8448052396443707,1.0001379077631896,3.150747497713344e-21,0.7367261849636275,1.0,9,1,3.506839445045995e-05,0.0001402032912073,,-1,,,0
ct_w5_i2,5,evaluation,width2,256,42,sampled_full_fisher,44,0,,1.0001762635282994,0.2501253297869889,199,50944,990,,0.509828421146915,41,0.8448052396443707,1.0001762635282994,4.563215850717475e-16,0.8845056402949688,1.0,9,1,3.913856027979756e-05,0.000156475796806,,-1,,,0
ct_w5_i2,5,evaluation,width2,256,42,protected_ray_star,44,1,60.0,0.049103941684029,0.2501253297869889,60,15360,217,,0.9789981758874664,41,0.8448052396443707,0.049103941684029,0.956745090651551,0.956745090651551,0.0,0,1,0.0409688757757252,0.1637933903400149,,-1,,,0
ct_w5_i2,5,evaluation,width2,256,50,sampled_adam,44,0,,1.0154097656645185,0.3380212748900649,199,50944,88,,0.196946369644413,44,0.7502726029313428,1.0154097656645185,1.0192899830666317e-10,0.980514815940114,1.0,7,1,0.0034103127060146,0.0100890475225967,456647.9614369556,44,1.3820277440990017e-07,0.0631100151992123,1
ct_w5_i2,5,evaluation,width2,256,50,sampled_diagonal_fisher,44,0,,1.0000637827956336,0.3380212748900649,199,50944,44,,0.1699199200630354,44,0.7502726029313428,1.0000637827956336,8.209326851191238e-21,0.9920879584844332,1.0,7,1,3.147000048134937e-05,9.310065022263584e-05,522144600560.9556,39,1.7385744925101882e-13,0.0907787283937198,1
ct_w5_i2,5,evaluation,width2,256,50,sampled_two_block_fisher,44,0,,1.0000546236086425,0.3380212748900649,199,50944,542,,0.2859252409936536,44,0.7502726029313428,1.0000546236086425,1.077018847316849e-17,0.9300833066229356,1.0,7,1,2.1615392976677785e-05,6.394684175931763e-05,535592050520.189,42,1.4559341774997796e-12,0.7797867715495318,1
ct_w5_i2,5,evaluation,width2,256,50,sampled_star_fisher,44,0,,1.000077038147314,0.3380212748900649,199,50944,217,,0.5343539312316705,44,0.7502726029313428,1.000077038147314,2.64499646664878e-15,0.993379609539968,1.0,7,1,2.100744264706975e-05,6.214828535245903e-05,78367418745.31354,44,9.678761413220725e-13,0.0758499548605851,1
ct_w5_i2,5,evaluation,width2,256,50,sampled_full_fisher,44,1,9.0,0.0602391312909702,0.3380212748900649,9,2304,990,,0.7539039607277106,44,0.7502726029313428,0.0602391312909702,0.9427760599535784,0.9427760599535784,0.0,0,1,0.0600900380241828,0.1777699881278952,,-1,,,0
ct_w5_i2,5,evaluation,width2,256,50,protected_ray_star,44,1,17.0,0.0899530883699011,0.3380212748900649,17,4352,217,,0.9769616568157412,44,0.7502726029313428,0.0899530883699011,0.9344226028652918,0.9344226028652918,0.0,0,1,0.0554872254473522,0.1641530565358597,,-1,,,0
ct_w5_i2,5,evaluation,width2,256,101,sampled_adam,44,0,,1.0151873710245845,0.2392431767115392,199,50944,88,,0.2461829929651804,41,1.0810380806781386,1.0151873710245845,2.0369443864539888e-08,0.8500668071099687,1.0,5,1,0.0032956472167137,0.0137753028613536,,-1,,,0
ct_w5_i2,5,evaluation,width2,256,101,sampled_diagonal_fisher,44,0,,1.0000795458300242,0.2392431767115392,199,50944,44,,0.2650405085979281,41,1.0810380806781386,1.0000795458300242,7.280832352968243e-17,0.904367386686198,1.0,5,1,2.789543498314532e-05,0.0001165986648671,839041233991.941,36,1.2361177113658706e-12,1.037153729903714,1
ct_w5_i2,5,evaluation,width2,256,101,sampled_two_block_fisher,44,0,,1.0000930377268649,0.2392431767115392,199,50944,542,,0.3656633344602475,41,1.0810380806781386,1.0000930377268649,2.966262886884704e-17,0.8607343148513578,1.0,5,1,2.7563445235916065e-05,0.0001152109983439,,-1,,,0
ct_w5_i2,5,evaluation,width2,256,101,sampled_star_fisher,44,0,,1.0001262621615226,0.2392431767115392,199,50944,217,,0.5377366278709447,41,1.0810380806781386,1.0001262621615226,3.269638116976779e-14,0.9058066943385013,1.0,5,1,4.0593906075084166e-05,0.0001696763378293,181165089394.74963,42,5.646259979174367e-12,1.0229051938731213,1
ct_w5_i2,5,evaluation,width2,256,101,sampled_full_fisher,44,1,9.0,0.0667269829498593,0.239243176711525,9,2304,990,,0.7029660033089188,41,1.0810380806781386,0.0667269829498593,0.9362852934448974,0.9362852934448974,0.0,0,1,0.060809144354207,0.2541729515133868,,-1,,,0
ct_w5_i2,5,evaluation,width2,256,101,protected_ray_star,44,1,24.0,0.0626590796058366,0.239243176711525,24,6144,217,,0.979729980666828,41,1.0810380806781386,0.0626590796058366,0.9558502909703024,0.9558502909703024,0.0,0,1,0.0309130809232187,0.1292119647804758,,-1,,,0
ct_w5_i2,5,evaluation,width3,1024,0,sampled_adam,48,1,46.0,0.0975229990951849,0.2106452935366698,46,47104,96,,0.2791452732600581,48,0.7653461699570291,0.0975229990951849,0.9376015719952384,0.9376015719952384,0.0,0,1,0.0252462806659352,0.1198520994324532,,-1,,,0
ct_w5_i2,5,evaluation,width3,1024,0,sampled_star_fisher,48,1,3.0,0.058560742228833,0.2106452935366698,3,3072,261,,0.7650526919977712,48,0.7653461699570291,0.058560742228833,0.951374682582824,0.951374682582824,0.0,0,1,0.01486954255877,0.0705904333731602,,-1,,,0
ct_w5_i2,5,evaluation,width3,1024,0,sampled_full_fisher,48,1,4.0,0.0785667802939915,0.2106452935366698,4,4096,1176,,0.9004393687721342,48,0.7653461699570291,0.0785667802939915,0.9448530406746404,0.9448530406746404,0.0,0,1,0.0277032322585609,0.1315160276948618,,-1,,,0
ct_w5_i2,5,evaluation,width3,1024,0,protected_ray_star,48,1,113.0,0.0853716224781546,0.2106452935366698,113,115712,261,,0.979476734569044,48,0.7653461699570291,0.0853716224781546,0.9474189318457455,0.9474189318457455,0.0,0,1,0.0325460206363711,0.1545062796796141,,-1,,,0
ct_w5_i2,5,evaluation,width3,1024,19,sampled_adam,48,0,,2.0083785915553047,0.2068323654019599,199,203776,96,,0.1860968553410773,48,0.6912257212792375,2.0083785915553047,7.65323290557543e-15,0.9511749217012662,2.0,7,1,0.0017914510304771,0.0086613670302307,193893387.58174896,48,3.410782562625086e-09,0.6613281853721369,1
ct_w5_i2,5,evaluation,width3,1024,19,sampled_star_fisher,48,0,,2.0000292341343435,0.2068323654019599,199,203776,261,,0.539153488896099,48,0.6912257212792375,2.0000292341343435,1.806223960861885e-23,0.8526630524407233,2.0,7,1,9.35833600657012e-06,4.524599420590217e-05,,-1,,,0
ct_w5_i2,5,evaluation,width3,1024,19,sampled_full_fisher,48,1,15.0,0.0410715643727055,0.2068323654019599,15,15360,1176,,0.8962760627207905,48,0.6912257212792375,0.0410715643727055,0.9597877751335718,0.9597877751335718,0.0,0,1,0.0462766801451865,0.2237400324424659,,-1,,,0
ct_w5_i2,5,evaluation,width3,1024,19,protected_ray_star,48,0,,0.9985608478651375,0.2068323654019599,199,203776,261,,0.9792659565965742,48,0.6912257212792375,1.0000276477612875,1.7369199691348842e-06,0.9999740636985884,1.0,7,1,1.7026986656426576e-05,8.232264144606272e-05,744322950813.6931,37,1.1729076783082393e-15,0.0008730221041504,1
ct_w5_i2,5,evaluation,width3,1024,42,sampled_adam,48,0,,2.0120314368717427,0.2134648285820362,199,203776,96,,0.1395727544051897,47,0.5280658482580655,2.0120314368717427,1.967400128992305e-09,0.9629783651793776,2.0,6,1,0.0026151365853004,0.0122509014842014,65580030.71495275,48,4.813351546992503e-09,0.3156597422936337,1
ct_w5_i2,5,evaluation,width3,1024,42,sampled_star_fisher,48,1,8.0,0.0378640775633911,0.2134648285820362,8,8192,261,,0.5868427849402851,47,0.5280658482580655,0.0378640775633911,0.9771079229717056,0.9771079229717056,0.0,0,1,0.018404179852622,0.0862164506203381,,-1,,,0
ct_w5_i2,5,evaluation,width3,1024,42,sampled_full_fisher,48,1,9.0,0.077759307725767,0.2134648285820362,9,9216,1176,,0.7873908439388693,47,0.5280658482580655,0.077759307725767,0.9288071294637068,0.9288071294637068,0.0,0,1,0.090948095486928,0.4260565831432789,,-1,,,0
ct_w5_i2,5,evaluation,width3,1024,42,protected_ray_star,48,0,,1.000007868383607,0.2134648285820362,199,203776,261,,0.9788225351845088,47,0.5280658482580655,1.000007868383607,5.0083797759622e-07,0.9999925645799675,1.0,7,1,4.904637258398248e-06,2.297632491018705e-05,243206782.8557542,36,1.060768649353377e-12,0.0002579861305634,1
ct_w5_i2,5,evaluation,width3,1024,50,sampled_adam,48,0,,1.0105810728812,0.4001031329360768,199,203776,96,,0.2558831517153441,48,0.2387588100535059,1.0105810728812,8.429586466411267e-12,0.9781709613400006,1.0,7,1,0.0023299128920559,0.0058232808000237,6272002.594608421,48,2.3528491818593e-08,0.1475707617334383,1
ct_w5_i2,5,evaluation,width3,1024,50,sampled_star_fisher,48,0,,1.0000094987499573,0.4001031329360768,199,203776,261,,0.5445479296714922,48,0.2387588100535059,1.0000094987499573,2.992106489850077e-23,0.9514156974707224,1.0,7,1,2.868833609712528e-06,7.170235305732714e-06,715109238830.5806,36,7.751036933635325e-13,0.5542838121759674,1
ct_w5_i2,5,evaluation,width3,1024,50,sampled_full_fisher,48,1,17.0,0.0496012353055874,0.4001031329360768,17,17408,1176,,0.7881657950907465,48,0.2387588100535059,0.0496012353055874,0.9511676851949044,0.9511676851949044,0.0,0,1,0.0556913252881737,0.1391924249117824,,-1,,,0
ct_w5_i2,5,evaluation,width3,1024,50,protected_ray_star,48,0,,1.0000081150611155,0.4001031329360768,199,203776,261,,0.9780093590614036,48,0.2387588100535059,1.000008136636227,5.09373931224985e-07,0.999992369692844,1.0,7,1,5.01861559685992e-06,1.254330492248789e-05,215393553.48221996,36,1.1961911152229685e-12,0.0002576518549517,1
ct_w5_i2,5,evaluation,width3,1024,101,sampled_adam,48,0,,1.0129732192749312,0.154791572215838,199,203776,96,,0.3489315618196146,48,0.7973074272182392,1.0129732192749312,1.2196741539692974e-09,0.978487753918742,1.0,5,1,0.0027138059038933,0.01753200038636,64086367.04466592,48,3.6630910056219367e-09,0.2347541947043018,1
ct_w5_i2,5,evaluation,width3,1024,101,sampled_star_fisher,48,0,,1.0000126279188637,0.154791572215838,199,203776,261,,0.7614420265226388,48,0.7973074272182392,1.0000126279188637,2.1970514152010345e-17,0.7877165541573488,1.0,5,1,2.906049875735196e-06,1.8773954125119043e-05,,-1,,,0
ct_w5_i2,5,evaluation,width3,1024,101,sampled_full_fisher,48,1,8.0,0.0515073833853296,0.154791572215838,8,8192,1176,,0.9154581719903676,48,0.7973074272182392,0.0515073833853296,0.950692508345933,0.950692508345933,0.0,0,1,0.0530414434185581,0.3426636389776974,,-1,,,0
ct_w5_i2,5,evaluation,width3,1024,101,protected_ray_star,48,1,77.0,0.0989832103423147,0.154791572215838,77,78848,261,,0.9778734258605754,48,0.7973074272182392,0.0989832103423147,0.9386253174913516,0.9386253174913516,0.0,0,1,0.0373929023836086,0.2415693687216304,,-1,,,0
ct_w5_i2,5,evaluation,width3,256,0,sampled_adam,48,1,48.0,0.0974221083865085,0.2106452935366698,48,12288,96,,0.2791452757948411,47,0.9138895215052572,0.0974221083865085,0.9375092569193472,0.9375092569193472,0.0,0,1,0.0253718375581212,0.1204481578113421,,-1,,,0
ct_w5_i2,5,evaluation,width3,256,0,sampled_diagonal_fisher,48,1,3.0,0.0070627688674758,0.2106452935366698,3,768,48,,0.3413608428682647,47,0.9138895215052572,0.0070627688674758,0.9945626714390065,0.9945626714390065,0.0,0,1,0.0019578570127396,0.0092945680383732,,-1,,,0
ct_w5_i2,5,evaluation,width3,256,0,sampled_two_block_fisher,48,1,3.0,0.022143259505972,0.2106452935366698,3,768,664,,0.502882190617254,47,0.9138895215052572,0.022143259505972,0.9829090847499946,0.9829090847499946,0.0,0,1,0.0050097016875196,0.0237826423909518,,-1,,,0
ct_w5_i2,5,evaluation,width3,256,0,sampled_star_fisher,48,1,3.0,0.0260447254741862,0.2106452935366698,3,768,261,,0.5663692011204252,47,0.9138895215052572,0.0260447254741862,0.9766072408885156,0.9766072408885156,0.0,0,1,0.00718029179418,0.0340871218797495,,-1,,,0
ct_w5_i2,5,evaluation,width3,256,0,sampled_full_fisher,48,1,4.0,0.0944916935059421,0.2106452935366698,4,1024,1176,,0.8259934762454192,47,0.9138895215052572,0.0944916935059421,0.93780361445895,0.93780361445895,0.0,0,1,0.0355826663268279,0.1689221996343042,,-1,,,0
ct_w5_i2,5,evaluation,width3,256,0,protected_ray_star,48,0,,0.1926415443401783,0.2106452935366698,199,50944,261,,0.9802613803034984,47,0.9138895215052572,0.5920911118707632,0.6049264129503004,0.6049264129503004,0.0,0,1,0.2397092263644055,1.1379757047487804,,-1,,,0
ct_w5_i2,5,evaluation,width3,256,19,sampled_adam,48,0,,2.008697790687938,0.2068323654019599,199,50944,96,,0.2093590333514817,46,0.6172650343997803,2.008697790687938,1.9657047942365387e-14,0.9504902684747922,2.0,7,1,0.0018087782551743,0.0087451412725429,93873251.95947815,48,7.1297586547046145e-09,0.6692936306033563,1
ct_w5_i2,5,evaluation,width3,256,19,sampled_diagonal_fisher,48,0,,3.000051622232503,0.2068323654019599,199,50944,48,,0.3024000213385338,46,0.6172650343997803,3.000051622232503,2.5149738115464124e-14,0.5788986041540485,3.0,4,1,1.398695742334784e-05,6.762460699110342e-05,,-1,,,0
ct_w5_i2,5,evaluation,width3,256,19,sampled_two_block_fisher,48,0,,1.00009935624254,0.2068323654019599,199,50944,664,,0.5146050313745693,46,0.6172650343997803,1.00009935624254,1.0095210892956516e-23,0.8170248309799905,1.0,7,1,3.161001322803956e-05,0.0001528291433819,,-1,,,0
ct_w5_i2,5,evaluation,width3,256,19,sampled_star_fisher,48,0,,2.0000679125777108,0.2068323654019599,199,50944,261,,0.5121134088854405,46,0.6172650343997803,2.0000679125777108,1.4555114649964648e-23,0.7322385691144927,2.0,7,1,1.63168544268115e-05,7.888927052157032e-05,,-1,,,0
ct_w5_i2,5,evaluation,width3,256,19,sampled_full_fisher,48,0,,1.0001193752871718,0.2068323654019599,199,50944,1176,,0.766271993288207,46,0.6172650343997803,1.0001193752871718,1.318637472230769e-18,0.809362437680894,1.0,7,1,3.0557581717027046e-05,0.000147740812506,,-1,,,0
ct_w5_i2,5,evaluation,width3,256,19,protected_ray_star,48,0,,0.1464013565980337,0.2068323654019599,199,50944,261,,0.9795265071725584,46,0.6172650343997803,0.336636563525392,0.7787276502981296,0.7787276502981296,0.0,0,1,0.1631112794620589,0.7886158394266148,,-1,,,0
ct_w5_i2,5,evaluation,width3,256,42,sampled_adam,48,0,,2.0122439277336,0.2134648285820362,199,50944,96,,0.1163105452806497,44,0.4660047296982871,2.0122439277336,1.807217987678231e-09,0.9638235411228296,2.0,6,1,0.002678175035095,0.012546212192824,65563775.70543456,48,5.51419330349096e-09,0.3615313329464906,1
ct_w5_i2,5,evaluation,width3,256,42,sampled_diagonal_fisher,48,0,,2.000031740164504,0.2134648285820362,199,50944,48,,0.3170934226590782,44,0.4660047296982871,2.000031740164504,8.357473789875785e-14,0.973172879362566,2.0,6,1,8.512018324411354e-06,3.987550727186947e-05,964930232306.162,47,2.894102909188776e-13,0.2792607392481465,1
ct_w5_i2,5,evaluation,width3,256,42,sampled_two_block_fisher,48,0,,1.0000588523255782,0.2134648285820362,199,50944,664,,0.4946737247794021,44,0.4660047296982871,1.0000588523255782,3.5972175436484224e-22,0.9220804607874006,1.0,9,1,1.3004388912988414e-05,6.0920522595555954e-05,849212702230.5399,46,1.3341821627215813e-12,1.13300443967258,1
ct_w5_i2,5,evaluation,width3,256,42,sampled_star_fisher,48,0,,1.0000435115967132,0.2134648285820362,199,50944,261,,0.3267063807017003,44,0.4660047296982871,1.0000435115967132,3.7183622843039154e-21,0.9746162520714252,1.0,9,1,1.0478815032296192e-05,4.908918767509797e-05,395695592753.5164,45,9.989600835014294e-13,0.3952841023782004,1
ct_w5_i2,5,evaluation,width3,256,42,sampled_full_fisher,48,1,13.0,0.0667253711434803,0.2134648285820362,13,3328,1176,,0.6397635651031687,44,0.4660047296982871,0.0667253711434803,0.9391275199508572,0.9391275199508572,0.0,0,1,0.072589190645591,0.3400522284058352,,-1,,,0
ct_w5_i2,5,evaluation,width3,256,42,protected_ray_star,48,1,177.0,0.0619845246063182,0.2134648285820362,177,45312,261,,0.9786737483011878,44,0.4660047296982871,0.0619845246063182,0.9613221193296736,0.9613221193296736,0.0,0,1,0.0203156219948819,0.0951708163346191,,-1,,,0
ct_w5_i2,5,evaluation,width3,256,50,sampled_adam,48,0,,1.0111877909916416,0.4001031329360768,199,50944,96,,0.2326210517459001,46,0.2489182301737695,1.0111877909916416,9.310257746691424e-12,0.9772065575527612,1.0,7,1,0.0024457566434069,0.0061128155269849,4819769.187724258,48,2.849703648820314e-08,0.1373491384072954,1
ct_w5_i2,5,evaluation,width3,256,50,sampled_diagonal_fisher,48,0,,1.0000439894360582,0.4001031329360768,199,50944,48,,0.303079768888829,46,0.2489182301737695,1.0000439894360582,1.2961316417663977e-23,0.9970001211754754,1.0,7,1,1.8972386862887025e-05,4.741874107223794e-05,969698000101.4348,38,3.648516953847063e-14,0.0353795959348167,1
ct_w5_i2,5,evaluation,width3,256,50,sampled_two_block_fisher,48,0,,1.000101777276729,0.4001031329360768,199,50944,664,,0.5085778910898918,46,0.2489182301737695,1.000101777276729,8.415653209255689e-20,0.9384486571538962,1.0,7,1,3.580940609166103e-05,8.950043912148567e-05,732825356309.8102,41,9.444318399144262e-13,0.692103599595619,1
ct_w5_i2,5,evaluation,width3,256,50,sampled_star_fisher,48,0,,1.0000372839993457,0.4001031329360768,199,50944,261,,0.4452693832941142,46,0.2489182301737695,1.0000372839993457,7.656923224784443e-18,0.9647763507917274,1.0,7,1,9.583702816633489e-06,2.3953081162612752e-05,892140909735.9065,48,4.563542937144871e-13,0.4071323347563296,1
ct_w5_i2,5,evaluation,width3,256,50,sampled_full_fisher,48,0,,1.0002291491319184,0.4001031329360768,199,50944,1176,,0.7356750677528572,46,0.2489182301737695,1.0002291491319184,3.3593577221064193e-13,0.9360565336433576,1.0,7,1,9.52132155415838e-05,0.0002379716820582,46471012467.66603,48,1.5214654020270306e-11,0.7070403766672065,1
ct_w5_i2,5,evaluation,width3,256,50,protected_ray_star,48,0,,0.1209179185280078,0.4001031329360768,199,50944,261,,0.9782760337683412,46,0.2489182301737695,0.2163941077631275,0.8623248898627749,0.8623248898627749,0.0,0,1,0.0949078281363821,0.2372084103414038,,-1,,,0
ct_w5_i2,5,evaluation,width3,256,101,sampled_adam,48,0,,1.013740532538975,0.154791572215838,199,50944,96,,0.3489317499641676,48,0.7603353069190506,1.013740532538975,1.910569727370104e-09,0.9733759011540908,1.0,5,1,0.0028831490322355,0.0186260078049686,60100203.83443695,48,5.365771267538223e-09,0.3224839469080123,1
ct_w5_i2,5,evaluation,width3,256,101,sampled_diagonal_fisher,48,0,,1.0000218464807222,0.154791572215838,199,50944,48,,0.3286976689841632,48,0.7603353069190506,1.0000218464807222,1.0231490679649196e-26,0.6302560222926201,1.0,7,1,5.544137912312326e-06,3.581679437031428e-05,,-1,,,0
ct_w5_i2,5,evaluation,width3,256,101,sampled_two_block_fisher,48,0,,1.000217944903305,0.154791572215838,199,50944,664,,0.5458180578578293,48,0.7603353069190506,1.000217944903305,1.1497733732467389e-21,0.4708622067774518,1.0,8,1,7.694767574280001e-05,0.0004971050725908,,-1,,,0
ct_w5_i2,5,evaluation,width3,256,101,sampled_star_fisher,48,0,,1.00006786776893,0.154791572215838,199,50944,261,,0.6645907869670401,48,0.7603353069190506,1.00006786776893,1.0582676072254066e-12,0.5729948699851142,1.0,5,1,1.623966854669437e-05,0.0001049131313431,,-1,,,0
ct_w5_i2,5,evaluation,width3,256,101,sampled_full_fisher,48,1,9.0,0.0679504747812664,0.1547915722158357,9,2304,1176,,0.9206796849485704,48,0.7603353069190506,0.0679504747812664,0.9436261190067216,0.9436261190067216,0.0,0,1,0.0529418996986481,0.3420205566801009,,-1,,,0
ct_w5_i2,5,evaluation,width3,256,101,protected_ray_star,48,0,,0.1088601276325409,0.1547915722158357,199,50944,261,,0.9782318983761654,48,0.7603353069190506,0.2832667888631661,0.8150826628396525,0.8150826628396525,0.0,0,1,0.1353618772419063,0.8744783408050317,,-1,,,0
ct_w5_i2,5,evaluation,width3,64,0,sampled_adam,48,1,50.0,0.0994083496460938,0.2106452935366698,50,3200,96,,0.1395726152171283,42,0.7980565608515501,0.0994083496460938,0.9339724010801408,0.9339724010801408,0.0,0,1,0.0217818033419848,0.1034051270563657,,-1,,,0
ct_w5_i2,5,evaluation,width3,64,0,sampled_star_fisher,48,0,,2.000435157722416,0.2106452935366698,199,12736,261,,0.5567562987779213,42,0.7980565608515501,2.000435157722416,2.1952962088896703e-21,0.56643465326193,2.0,10,1,0.0001096416101448,0.0005205034886087,,-1,,,0
ct_w5_i2,5,evaluation,width3,64,0,sampled_full_fisher,48,1,5.0,0.0682622245212964,0.2106452935366698,5,320,1176,,0.5552786810350777,42,0.7980565608515501,0.0682622245212964,0.953228924096016,0.953228924096016,0.0,0,1,0.0203647450001492,0.0966779017856577,,-1,,,0
ct_w5_i2,5,evaluation,width3,64,0,protected_ray_star,48,0,,0.4717981977644019,0.2106452935366698,199,12736,261,,0.9804122526968382,42,0.7980565608515501,1.000276045416916,2.142736564046998e-05,0.9997334295684304,1.0,7,1,0.0001648152054976,0.000782430040237,209492759710.67175,47,4.0640096046138416e-14,0.0085138058756122,1
ct_w5_i2,5,evaluation,width3,64,19,sampled_adam,48,0,,2.0141548528089466,0.2068323654019599,199,12736,96,,0.2326210318831718,37,0.8086493492208475,2.0141548528089466,2.173741690621905e-13,0.5962924544091649,2.0,7,1,0.0029426047177382,0.0142270031676113,,-1,,,0
ct_w5_i2,5,evaluation,width3,64,19,sampled_star_fisher,48,0,,2.0002049144663587,0.2068323654019599,199,12736,261,,0.3573905052064898,37,0.8086493492208475,2.0002049144663587,1.8593844714352733e-22,0.6180346708862872,2.0,8,1,4.772297263880474e-05,0.0002307326154978,,-1,,,0
ct_w5_i2,5,evaluation,width3,64,19,sampled_full_fisher,48,1,7.0,0.0837735434529118,0.2068323654019599,7,448,1176,,0.3245597438710459,37,0.8086493492208475,0.0837735434529118,0.9561142841138004,0.9561142841138004,0.0,0,1,0.0244389547076621,0.1181582711205146,,-1,,,0
ct_w5_i2,5,evaluation,width3,64,19,protected_ray_star,48,0,,0.215654155150414,0.2068323654019599,199,12736,261,,0.978431103123882,37,0.8086493492208475,0.7044133601871323,0.5553542830108165,0.5553542830108165,0.0,0,1,0.2652980142948451,1.2826716639790028,,-1,,,0
ct_w5_i2,5,evaluation,width3,64,42,sampled_adam,48,0,,2.0138933023811294,0.2134648285820362,199,12736,96,,0.0697863206402079,38,0.3796627475779578,2.0138933023811294,2.2216729771587834e-09,0.965991537987008,2.0,6,1,0.0028770514159929,0.0134778709687404,39772798.65421832,48,8.217371934696873e-09,0.3268278794255231,1
ct_w5_i2,5,evaluation,width3,64,42,sampled_star_fisher,48,0,,1.0002493919085715,0.2134648285820362,199,12736,261,,0.5702145016485416,38,0.3796627475779578,1.0002493919085715,5.972420510688885e-20,0.9983607868458002,1.0,7,1,0.0001135852122257,0.0005321027027273,93282648803.1798,48,1.86019248465192e-13,0.0173523682252099,1
ct_w5_i2,5,evaluation,width3,64,42,sampled_full_fisher,48,0,,1.0011221880592591,0.2134648285820362,199,12736,1176,,0.5557451715680811,38,0.3796627475779578,1.0011221880592591,4.910812800471105e-14,0.9825412406563552,1.0,9,1,0.0004041485751103,0.001893279458705,786574486.8152039,48,1.937636110900459e-09,1.524095129566136,1
ct_w5_i2,5,evaluation,width3,64,42,protected_ray_star,48,0,,1.0001765175497486,0.2134648285820362,199,12736,261,,0.979407112837788,38,0.3796627475779578,1.0001765175497486,1.1804536012941265e-05,0.9998329562020336,1.0,7,1,0.0001087332852282,0.0005093733049631,511573429267.3744,47,1.0997305963157897e-14,0.0056259295242752,1
ct_w5_i2,5,evaluation,width3,64,50,sampled_adam,48,0,,1.0115076913720171,0.4001031329360768,199,12736,96,,0.2326210823421214,35,0.3642039985458745,1.0115076913720171,8.359447386474749e-12,0.97605746752496,1.0,7,1,0.0025572501667973,0.0063914774873955,3904894.7818786814,48,2.9934793279521825e-08,0.1168922180738218,1
ct_w5_i2,5,evaluation,width3,64,50,sampled_star_fisher,48,0,,1.0002291885973786,0.4001031329360768,199,12736,261,,0.4915574180456643,35,0.3642039985458745,1.0002291885973786,1.2434356704035361e-18,0.9826193407069028,1.0,7,1,7.888850698575785e-05,0.0001971704305508,751049728426.5922,47,2.1602173163549107e-13,0.1622430628790777,1
ct_w5_i2,5,evaluation,width3,64,50,sampled_full_fisher,48,0,,1.0003245249889332,0.4001031329360768,199,12736,1176,,0.3115700132416891,35,0.3642039985458745,1.0003245249889332,3.508919578196157e-17,0.7534134430845367,1.0,7,1,7.541706104977441e-05,0.0001884940527617,,-1,,,0
ct_w5_i2,5,evaluation,width3,64,50,protected_ray_star,48,0,,0.3579488706979212,0.4001031329360768,199,12736,261,,0.9775739281219812,35,0.3642039985458745,0.4132470101249819,0.72487342303634,0.72487342303634,0.0,0,1,0.2006689524650777,0.5015430671399865,,-1,,,0
ct_w5_i2,5,evaluation,width3,64,101,sampled_adam,48,0,,1.0172718303694186,0.154791572215838,199,12736,96,,0.2093590257649328,39,0.8223036441552316,1.0172718303694186,1.6498070071166678e-08,0.9685627853507316,1.0,5,1,0.0036242025982188,0.0234134361860823,32421388.59514201,48,1.0601099511603513e-08,0.3437023668014677,1
ct_w5_i2,5,evaluation,width3,64,101,sampled_star_fisher,48,1,6.0,0.0211796240918911,0.154791572215838,6,384,261,,0.5371813526392364,39,0.8223036441552316,0.0211796240918911,0.9820368443682992,0.9820368443682992,0.0,0,1,0.0058904876864132,0.0380543178293952,,-1,,,0
ct_w5_i2,5,evaluation,width3,64,101,sampled_full_fisher,48,1,7.0,0.0550186550051492,0.154791572215838,7,448,1176,,0.4887676506444061,39,0.8223036441552316,0.0550186550051492,0.958924327031465,0.958924327031465,0.0,0,1,0.0175104013356546,0.1131224464290503,,-1,,,0
ct_w5_i2,5,evaluation,width3,64,101,protected_ray_star,48,0,,0.1148027476082536,0.154791572215838,199,12736,261,,0.978702856041589,39,0.8223036441552316,0.2051528418269939,0.8763559242682118,0.8763559242682118,0.0,0,1,0.0897955125814817,0.5801059534189164,,-1,,,0
ct_w5_i3,5,evaluation,chain,256,0,sampled_adam,31,0,,1.049644211819059,0.3824453867830119,199,50944,62,,-0.50464741709998,26,2.0107064788602007,1.049644211819059,9.729903684260493e-21,0.9753679879216254,1.0,8,1,0.0120191065476521,0.0314269879125812,3935.125577324147,31,2.191834347024992e-05,0.0862514340023561,1
ct_w5_i3,5,evaluation,chain,256,0,sampled_diagonal_fisher,31,0,,1.000093233963094,0.3824453867830119,199,50944,31,,-0.6224411578118809,26,2.0107064788602007,1.000093233963094,8.819510471752263e-38,0.999954256416528,1.0,8,1,2.4366035504790992e-05,6.371115026317616e-05,429689.3027111856,31,2.6168574789710577e-10,0.0001124435665433,1
ct_w5_i3,5,evaluation,chain,256,0,sampled_two_block_fisher,31,0,,1.0003406958532644,0.3824453867830119,199,50944,256,,-0.6966595315439319,26,2.0107064788602007,1.0003406958532644,7.572341223300902e-35,0.9583309831026716,1.0,10,1,0.0001200313650468,0.0003138523020409,5193477126.212402,31,6.081917130710154e-11,0.3158629750186255,1
ct_w5_i3,5,evaluation,chain,256,0,sampled_star_fisher,31,0,,1.0000826692689948,0.3824453867830119,199,50944,90,,0.0162628016888177,26,2.0107064788602007,1.0000826692689948,3.7814409517199322e-34,0.9999518278466246,1.0,8,1,2.2173189005237045e-05,5.797739957526917e-05,25357.539985704883,31,5.946403504406605e-09,0.0001507861646341,1
ct_w5_i3,5,evaluation,chain,256,0,sampled_full_fisher,31,0,,1.000168606995082,0.3824453867830119,199,50944,496,,-0.6352731777855488,26,2.0107064788602007,1.000168606995082,3.4284308370112705e-39,0.9747046172733838,1.0,10,1,6.110751646109315e-05,0.0001597810264495,22080653.90862458,31,8.896756127031811e-09,0.1964461929504246,1
ct_w5_i3,5,evaluation,chain,256,0,protected_ray_star,31,0,,2.296941484428954,0.3824453867830119,199,50944,90,,-0.981265423623545,26,2.0107064788602007,4.771376512822988,1.0417434055214955e-09,0.0201387824282016,2.0,7,0,0.3133447616628849,0.8193189733536188,,-1,,,0
ct_w5_i3,5,evaluation,chain,256,19,sampled_adam,31,0,,1.0401354881244664,0.3988108336601134,199,50944,62,,-0.6055767774508567,25,2.062148595088915,1.0401354881244664,2.747954865749531e-20,0.9795409295219576,1.0,8,1,0.0091215378562921,0.0228718406984549,1982.9601839115955,31,2.544846374440291e-05,0.0504632903468687,1
ct_w5_i3,5,evaluation,chain,256,19,sampled_diagonal_fisher,31,0,,1.0001149570407275,0.3988108336601134,199,50944,31,,-0.6590217806184482,25,2.062148595088915,1.0001149570407275,4.2336395597340996e-35,0.7916250355396759,1.0,11,1,3.564197162328098e-05,8.937062039206501e-05,,-1,,,0
ct_w5_i3,5,evaluation,chain,256,19,sampled_two_block_fisher,31,0,,1.0001283088734922,0.3988108336601134,199,50944,256,,-0.727251284962897,25,2.062148595088915,1.0001283088734922,3.874920602955949e-44,0.9998726121094216,1.0,10,1,4.342690281605219e-05,0.0001088909807627,46557827.63576795,31,1.6952838014820033e-11,0.000789287310231,1
ct_w5_i3,5,evaluation,chain,256,19,sampled_star_fisher,31,0,,1.000128436156638,0.3988108336601134,199,50944,90,,-0.1828434950784158,25,2.062148595088915,1.000128436156638,1.118325755263654e-40,0.9976573753754536,1.0,10,1,4.590742121075028e-05,0.0001151107676525,103715430.19248116,31,2.6230960514044136e-10,0.0272055535407607,1
ct_w5_i3,5,evaluation,chain,256,19,sampled_full_fisher,31,0,,1.0001958017037378,0.3988108336601134,199,50944,496,,-0.7076885585928908,25,2.062148595088915,1.0001958017037378,1.072043305172606e-35,0.9998763840708186,1.0,8,1,5.486613602413121e-05,0.0001375743369872,58972.16441883861,31,7.580005104707034e-09,0.0004470093073304,1
ct_w5_i3,5,evaluation,chain,256,19,protected_ray_star,31,0,,2.626424335779758,0.3988108336601134,199,50944,90,,-0.9794447353587806,25,2.062148595088915,3.422225404707936,7.92375295030703e-10,0.0745433703374775,2.0,10,0,0.320567006090983,0.8038071662922435,,-1,,,0
ct_w5_i3,5,evaluation,chain,256,42,sampled_adam,31,0,,2.0382825749714684,0.3399284945174904,199,50944,62,,-0.5046473467571165,25,2.3182519788914733,2.0382825749714684,7.314526549473615e-21,0.9476595855081784,2.0,11,0,0.0087481526859075,0.0257352732324634,4828.598003257394,31,4.9917627548257706e-05,0.2410321567068634,1
ct_w5_i3,5,evaluation,chain,256,42,sampled_diagonal_fisher,31,0,,2.000028835887889,0.3399284945174904,199,50944,31,,-0.6217532210114121,25,2.3182519788914733,2.000028835887889,2.3263924712331787e-38,0.5973139011818974,2.0,11,0,8.759076562116212e-06,2.576740903862512e-05,,-1,,,0
ct_w5_i3,5,evaluation,chain,256,42,sampled_two_block_fisher,31,0,,1.0000974521516357,0.3399284945174904,199,50944,256,,-0.7333345581284152,25,2.3182519788914733,1.0000974521516357,3.7218584174929717e-47,0.9999577919125514,1.0,12,1,3.7991703206323855e-05,0.0001117638086217,23335270.008766945,31,9.684439813096663e-12,0.0002259890179222,1
ct_w5_i3,5,evaluation,chain,256,42,sampled_star_fisher,31,0,,2.0001324637334754,0.3399284945174904,199,50944,90,,-0.0169558002158498,25,2.3182519788914733,2.0001324637334754,1.1386637938476025e-33,0.6445364856876676,2.0,10,1,3.740055719590546e-05,0.0001100247781492,,-1,,,0
ct_w5_i3,5,evaluation,chain,256,42,sampled_full_fisher,31,0,,2.0000969883225803,0.3399284945174904,199,50944,496,,-0.6396852017251253,25,2.3182519788914733,2.0000969883225803,1.9819029809467853e-33,0.7241319034335152,2.0,11,0,2.2446024763034144e-05,6.603160701457236e-05,,-1,,,0
ct_w5_i3,5,evaluation,chain,256,42,protected_ray_star,31,0,,3.1150704477461524,0.3399284945174904,199,50944,90,,-0.98088030296481,25,2.3182519788914733,5.694907788096032,4.408398844210941e-09,0.0266383462765193,8.0,8,0,0.3251604269486595,0.956555370299882,,-1,,,0
ct_w5_i3,5,evaluation,chain,256,50,sampled_adam,31,0,,3.0346050171685395,0.3017132108454317,199,50944,62,,-0.6055767895603779,25,2.1797263203930206,3.0346050171685395,5.666712165281795e-21,0.8844152614564219,3.0,9,1,0.0079632605335204,0.0263934764778994,,-1,,,0
ct_w5_i3,5,evaluation,chain,256,50,sampled_diagonal_fisher,31,0,,3.000014098221301,0.3017132108454317,199,50944,31,,-0.6014361800011717,25,2.1797263203930206,3.000014098221301,4.031700996413071e-43,0.9528157475423268,3.0,9,1,3.5800636528550117e-06,1.1865783545981631e-05,96598832158.6323,31,3.7222739287750135e-12,0.3595673144941903,1
ct_w5_i3,5,evaluation,chain,256,50,sampled_two_block_fisher,31,0,,1.000052154559114,0.3017132108454317,199,50944,256,,-0.6538227146707013,25,2.1797263203930206,1.000052154559114,4.134838782959266e-32,0.9999630084654284,1.0,7,1,1.2153586298337042e-05,4.02819162749998e-05,462846.2112995042,31,2.2290342062607159e-10,0.0001031700037224,1
ct_w5_i3,5,evaluation,chain,256,50,sampled_star_fisher,31,0,,2.0000974534013523,0.3017132108454317,199,50944,90,,0.121709302703348,25,2.1797263203930206,2.0000974534013523,1.5459065000164929e-27,0.9999332201366086,2.0,6,0,4.393701654261067e-05,0.0001456251001389,720676.2638781753,31,5.859407407898684e-10,0.0004222735839264,1
ct_w5_i3,5,evaluation,chain,256,50,sampled_full_fisher,31,0,,1.000173659268672,0.3017132108454317,199,50944,496,,-0.5102821551228913,25,2.1797263203930206,1.000173659268672,8.892792555406937e-28,0.9998882640557154,1.0,7,1,4.1896832218011965e-05,0.0001388631014883,855935.9030095991,31,3.1909251138822403e-10,0.0002731227368786,1
ct_w5_i3,5,evaluation,chain,256,50,protected_ray_star,31,0,,3.416324496624844,0.3017132108454317,199,50944,90,,-0.9811262185759938,25,2.1797263203930206,4.642630881947122,1.1169849246826564e-09,0.0193059237733994,2.0,7,0,0.2212898711791733,0.7334444208097356,,-1,,,0
ct_w5_i3,5,evaluation,chain,256,101,sampled_adam,31,0,,2.040443314560042,0.3278637575036916,199,50944,62,,-0.6055767993362652,24,2.0946636748382823,2.040443314560042,1.0801068473315651e-16,0.9786195440949866,2.0,7,0,0.0092423209578012,0.0281895169754991,1383.5351851799944,31,3.799272590626786e-05,0.052564273072221,1
ct_w5_i3,5,evaluation,chain,256,101,sampled_diagonal_fisher,31,0,,3.000096108266604,0.3278637575036916,199,50944,31,,-0.6393578434654746,24,2.0946636748382823,3.000096108266604,2.357517617317066e-39,0.9942600699250492,3.0,10,0,4.1173327984963496e-05,0.0001255806018281,1058524689.1712996,31,6.208586650270433e-11,0.0657194225417059,1
ct_w5_i3,5,evaluation,chain,256,101,sampled_two_block_fisher,31,0,,1.000083899262762,0.3278637575036916,199,50944,256,,-0.6163528014516806,24,2.0946636748382823,1.000083899262762,2.3615965604347264e-32,0.9999408232149196,1.0,8,1,2.18600793425316e-05,6.667427808724928e-05,1170056.1015119038,31,2.1520824196098404e-10,0.000251805716602,1
ct_w5_i3,5,evaluation,chain,256,101,sampled_star_fisher,31,0,,3.0001789822764344,0.3278637575036916,199,50944,90,,0.0188362678059889,24,2.0946636748382823,3.0001789822764344,5.819251760748215e-39,0.9815432259255276,3.0,10,1,7.687461619790653e-05,0.0002344712229958,1777446778.9936109,31,1.2161608817392504e-10,0.216166124198546,1
ct_w5_i3,5,evaluation,chain,256,101,sampled_full_fisher,31,0,,1.000239958995321,0.3278637575036962,199,50944,496,,-0.3122098196380664,24,2.0946636748382823,1.000239958995321,1.237120472839238e-34,0.9998598739328788,1.0,8,1,6.466675991031568e-05,0.0001972366827083,7457918.081548122,31,4.5334710773276986e-11,0.0003381025591977,1
ct_w5_i3,5,evaluation,chain,256,101,protected_ray_star,31,0,,2.789132912752807,0.3278637575036962,199,50944,90,,-0.979915581501971,24,2.0946636748382823,3.098978767918707,9.690505506496923e-10,0.083004673404969,1.0,8,1,0.1916161946882069,0.5844384757471912,,-1,,,0
ct_w5_i3,5,evaluation,problem_tree,256,0,sampled_adam,31,0,,1.0324748310809255,0.4827351531560164,199,50944,62,,0.2268824140804821,29,1.3511735087437278,1.0324748310809255,3.882549960902617e-05,0.9727281433499142,1.0,5,1,0.0075628016447263,0.0156665649793315,207069.6550860092,31,4.63492915891882e-07,0.0959753182285406,1
ct_w5_i3,5,evaluation,problem_tree,256,0,sampled_diagonal_fisher,31,1,4.0,0.0175477798376082,0.4827351531560164,4,1024,31,,0.2489026640044526,29,1.3511735087437278,0.0175477798376082,0.98658923920275,0.98658923920275,0.0,0,1,0.0044322031294453,0.0091814385185511,,-1,,,0
ct_w5_i3,5,evaluation,problem_tree,256,0,sampled_two_block_fisher,31,1,4.0,0.0480168746499813,0.4827351531560164,4,1024,256,,-0.1684493539927703,29,1.3511735087437278,0.0480168746499813,0.9589735520726484,0.9589735520726484,0.0,0,1,0.0167893934556169,0.0347797199890076,,-1,,,0
ct_w5_i3,5,evaluation,problem_tree,256,0,sampled_star_fisher,31,1,4.0,0.0560135579944223,0.4827351531560164,4,1024,101,,0.4978064306749871,29,1.3511735087437278,0.0560135579944223,0.9515514752444292,0.9515514752444292,0.0,0,1,0.0162333497784155,0.033627859235619,,-1,,,0
ct_w5_i3,5,evaluation,problem_tree,256,0,sampled_full_fisher,31,1,5.0,0.0606498121762282,0.4827351531560164,5,1280,496,,0.420244153107464,29,1.3511735087437278,0.0606498121762282,0.9438876318955358,0.9438876318955358,0.0,0,1,0.0387367230436572,0.0802442556553112,,-1,,,0
ct_w5_i3,5,evaluation,problem_tree,256,0,protected_ray_star,31,0,,2.400456333977985,0.4827351531560164,199,50944,101,,0.9419305772062502,29,1.3511735087437278,2.497088257913914,2.349580771193333e-06,0.2930019714433346,3.0,7,0,0.020676472302775,0.0428319176003587,,-1,,,0
ct_w5_i3,5,evaluation,problem_tree,256,19,sampled_adam,31,0,,1.0307648076202565,0.4090734061121081,199,50944,62,,0.3781373660659426,28,1.274478021981711,1.0307648076202565,9.994556358483692e-07,0.9775937741993784,1.0,5,1,0.0055675341002604,0.0136101101100045,71331.64228773957,31,5.522075418901526e-07,0.0393898708467003,1
ct_w5_i3,5,evaluation,problem_tree,256,19,sampled_diagonal_fisher,31,0,,1.000067336542509,0.4090734061121081,199,50944,31,,0.2960815287893959,28,1.274478021981711,1.000067336542509,9.840587686609128e-16,0.999961410398094,1.0,5,1,1.474939735257298e-05,3.605562505945657e-05,8162720928.423318,31,1.3084923259466671e-14,0.0001068085769368,1
ct_w5_i3,5,evaluation,problem_tree,256,19,sampled_two_block_fisher,31,1,6.0,0.033733425220408,0.4090734061121081,6,1536,256,,-0.0633561932364269,28,1.274478021981711,0.033733425220408,0.9703428151376262,0.9703428151376262,0.0,0,1,0.0097353959555675,0.0237986527848244,,-1,,,0
ct_w5_i3,5,evaluation,problem_tree,256,19,sampled_star_fisher,31,1,6.0,0.0570057531077097,0.4090734061121081,6,1536,101,,0.5681480934547274,28,1.274478021981711,0.0570057531077097,0.962747699108962,0.962747699108962,0.0,0,1,0.0143441512890103,0.035064981185991,,-1,,,0
ct_w5_i3,5,evaluation,problem_tree,256,19,sampled_full_fisher,31,1,7.0,0.0315853841473732,0.4090734061121081,7,1792,496,,0.481780569168888,28,1.274478021981711,0.0315853841473732,0.972698724086308,0.972698724086308,0.0,0,1,0.0161267495663077,0.0394226300838733,,-1,,,0
ct_w5_i3,5,evaluation,problem_tree,256,19,protected_ray_star,31,0,,2.3821725844736203,0.4090734061121081,199,50944,101,,0.9601753751346028,28,1.274478021981711,2.5377916543710377,0.0005289356394929,0.2141868655929598,2.0,6,0,0.0971680803480899,0.2375321370107853,,-1,,,0
ct_w5_i3,5,evaluation,problem_tree,256,42,sampled_adam,31,0,,1.0360076154441096,0.4044839286138353,199,50944,62,,0.1663806377205825,31,1.0172380786358306,1.0360076154441096,5.565585429739349e-06,0.9714902897360266,1.0,5,1,0.0077513118757666,0.0191634607148184,27336.56637997308,31,3.305373026092663e-06,0.0903575491383545,1
ct_w5_i3,5,evaluation,problem_tree,256,42,sampled_diagonal_fisher,31,1,5.0,0.0504728527146873,0.4044839286138353,5,1280,31,,0.1595408438711769,31,1.0172380786358306,0.0504728527146873,0.95282472174112,0.95282472174112,0.0,0,1,0.0208126783061016,0.0514548955688465,,-1,,,0
ct_w5_i3,5,evaluation,problem_tree,256,42,sampled_two_block_fisher,31,1,6.0,0.029351418218388,0.4044839286138353,6,1536,256,,-0.2680554010716981,31,1.0172380786358306,0.029351418218388,0.9721593976936648,0.9721593976936648,0.0,0,1,0.0134671912793102,0.0332947499928173,,-1,,,0
ct_w5_i3,5,evaluation,problem_tree,256,42,sampled_star_fisher,31,1,5.0,0.0330273929081545,0.4044839286138353,5,1280,101,,0.5620038227317937,31,1.0172380786358306,0.0330273929081545,0.974360759945202,0.974360759945202,0.0,0,1,0.0082336440896982,0.0203559239495989,,-1,,,0
ct_w5_i3,5,evaluation,problem_tree,256,42,sampled_full_fisher,31,1,9.0,0.0547054566780911,0.4044839286138353,9,2304,496,,0.3807378370969259,31,1.0172380786358306,0.0547054566780911,0.9484679017310128,0.9484679017310128,0.0,0,1,0.0338563116417234,0.0837024891390589,,-1,,,0
ct_w5_i3,5,evaluation,problem_tree,256,42,protected_ray_star,31,0,,2.2206681706090787,0.4044839286138353,199,50944,101,,0.9677182605726716,31,1.0172380786358306,2.548468769346398,1.2396090012421846e-05,0.3045218631546377,3.0,7,0,0.038438806642632,0.0950317278967341,,-1,,,0
ct_w5_i3,5,evaluation,problem_tree,256,50,sampled_adam,31,0,,1.0316894759840824,0.4860807392751189,199,50944,62,,0.2873845497938914,29,0.8853558210120628,1.0316894759840824,6.808598112708168e-07,0.9744962660801016,1.0,5,1,0.0066519450605443,0.0136848562863531,31821.523686902856,31,2.379404430876198e-06,0.0757162744578485,1
ct_w5_i3,5,evaluation,problem_tree,256,50,sampled_diagonal_fisher,31,0,,1.0000485854677628,0.4860807392751189,199,50944,31,,0.1522787941795121,29,0.8853558210120628,1.0000485854677628,2.5551058424842528e-14,0.9999683567253848,1.0,5,1,1.019887686637066e-05,2.09818576263277e-05,11106346588.54852,31,1.0507083648860803e-14,0.0001166953126391,1
ct_w5_i3,5,evaluation,problem_tree,256,50,sampled_two_block_fisher,31,1,6.0,0.0184083053596086,0.4860807392751189,6,1536,256,,-0.274052636105805,29,0.8853558210120628,0.0184083053596086,0.9842403204218816,0.9842403204218816,0.0,0,1,0.0071911530548862,0.0147941534684346,,-1,,,0
ct_w5_i3,5,evaluation,problem_tree,256,50,sampled_star_fisher,31,0,,1.0002108481661178,0.4860807392751189,199,50944,101,,0.4009994246291616,29,0.8853558210120628,1.0002108481661178,7.494331854271563e-12,0.999898022419882,1.0,5,1,8.368948383206163e-05,0.0001721719810516,116123277.17364375,31,4.544891642364955e-12,0.0005277677119105,1
ct_w5_i3,5,evaluation,problem_tree,256,50,sampled_full_fisher,31,1,6.0,0.076842994508766,0.4860807392751189,6,1536,496,,0.177667110719233,29,0.8853558210120628,0.076842994508766,0.9385276924564008,0.9385276924564008,0.0,0,1,0.0494703689514016,0.101773974885686,,-1,,,0
ct_w5_i3,5,evaluation,problem_tree,256,50,protected_ray_star,31,0,,2.418266395581739,0.4860807392751189,199,50944,101,,0.967588242208241,29,0.8853558210120628,2.507615821097053,0.0002275447173364,0.373206871302469,2.0,6,0,0.0741341621124399,0.1525140910191063,,-1,,,0
ct_w5_i3,5,evaluation,problem_tree,256,101,sampled_adam,31,0,,1.0285703442981229,0.4127473088254204,199,50944,62,,0.4386393297689334,29,0.8187439254761719,1.0285703442981229,2.810620352487021e-06,0.9771183039841072,1.0,5,1,0.0059118934034289,0.0143232754690825,16527.681870051594,31,3.694062989767164e-06,0.0610542979028033,1
ct_w5_i3,5,evaluation,problem_tree,256,101,sampled_diagonal_fisher,31,1,5.0,0.0217330946305001,0.4127473088254204,5,1280,31,,0.3219578838471342,29,0.8187439254761719,0.0217330946305001,0.9811740523718622,0.9811740523718622,0.0,0,1,0.0077611117749637,0.0188035430129151,,-1,,,0
ct_w5_i3,5,evaluation,problem_tree,256,101,sampled_two_block_fisher,31,1,5.0,0.017386607302102,0.4127473088254204,5,1280,256,,-0.2073522857167624,29,0.8187439254761719,0.017386607302102,0.9881547769412076,0.9881547769412076,0.0,0,1,0.0040467956768871,0.0098045355847464,,-1,,,0
ct_w5_i3,5,evaluation,problem_tree,256,101,sampled_star_fisher,31,1,5.0,0.0298849957106543,0.4127473088254204,5,1280,101,,0.6333626738778673,29,0.8187439254761719,0.0298849957106543,0.9730243787597914,0.9730243787597914,0.0,0,1,0.0107202819918532,0.0259729906473784,,-1,,,0
ct_w5_i3,5,evaluation,problem_tree,256,101,sampled_full_fisher,31,1,5.0,0.0965143062661173,0.4127473088254257,5,1280,496,,0.3952156087351725,29,0.8187439254761719,0.0965143062661173,0.9262354593729176,0.9262354593729176,0.0,0,1,0.0433497618319075,0.1050273639706338,,-1,,,0
ct_w5_i3,5,evaluation,problem_tree,256,101,protected_ray_star,31,0,,2.445323434551812,0.4127473088254257,199,50944,101,,0.9793782698334146,29,0.8187439254761719,2.4574688864684813,1.7284439039344435e-06,0.4151307685290289,2.0,6,0,0.0485868723961753,0.1177157824104082,,-1,,,0
ct_w5_i3,5,evaluation,width2,256,0,sampled_adam,43,1,44.0,0.0990826026423015,0.3314471872132091,44,11264,86,,0.0616438363975027,41,0.5110751712164989,0.0990826026423015,0.9364407566154972,0.9364407566154972,0.0,0,1,0.0230240842566524,0.0694653179899874,,-1,,,0
ct_w5_i3,5,evaluation,width2,256,0,sampled_diagonal_fisher,43,1,3.0,0.0711711185412031,0.3314471872132091,3,768,43,,0.2403001649927667,41,0.5110751712164989,0.0711711185412031,0.9330982099336704,0.9330982099336704,0.0,0,1,0.0296052974784439,0.0893213115711247,,-1,,,0
ct_w5_i3,5,evaluation,width2,256,0,sampled_two_block_fisher,43,1,4.0,0.0368422664335916,0.3314471872132091,4,1024,514,,0.0152004726623002,41,0.5110751712164989,0.0368422664335916,0.9703973839921404,0.9703973839921404,0.0,0,1,0.0134126774042908,0.0404670123076437,,-1,,,0
ct_w5_i3,5,evaluation,width2,256,0,sampled_star_fisher,43,1,3.0,0.0758574890435372,0.3314471872132091,3,768,201,,0.6736977722288672,41,0.5110751712164989,0.0758574890435372,0.933684793047647,0.933684793047647,0.0,0,1,0.0262822260597285,0.0792953661206423,,-1,,,0
ct_w5_i3,5,evaluation,width2,256,0,sampled_full_fisher,43,1,5.0,0.0513622587538211,0.3314471872132091,5,1280,946,,0.6802079948484816,41,0.5110751712164989,0.0513622587538211,0.956174298761158,0.956174298761158,0.0,0,1,0.0229322494582375,0.0691882457988275,,-1,,,0
ct_w5_i3,5,evaluation,width2,256,0,protected_ray_star,43,1,6.0,0.0758973528494841,0.3314471872132091,6,1536,201,,0.9793246242311696,41,0.5110751712164989,0.0758973528494841,0.9389659891262742,0.9389659891262742,0.0,0,1,0.0271589196016919,0.0819404135845675,,-1,,,0
ct_w5_i3,5,evaluation,width2,256,19,sampled_adam,43,0,,1.0112725438093637,0.2316263712300611,199,50944,86,,0.2342467998313052,42,0.2746762963481076,1.0112725438093637,6.611662644710539e-15,0.9912232978398808,1.0,8,1,0.0023334190461745,0.0100740646834934,273307.5248101469,43,8.283291675914417e-08,0.0226388594522466,1
ct_w5_i3,5,evaluation,width2,256,19,sampled_diagonal_fisher,43,0,,1.0000833325292415,0.2316263712300611,199,50944,43,,0.3048723048318891,42,0.2746762963481076,1.0000833325292415,2.86399813343254e-28,0.7453454219728615,1.0,8,1,1.810515764998723e-05,7.816535549833579e-05,,-1,,,0
ct_w5_i3,5,evaluation,width2,256,19,sampled_two_block_fisher,43,0,,1.0000691830719417,0.2316263712300611,199,50944,514,,0.4117317735195835,42,0.2746762963481076,1.0000691830719417,3.561041682741765e-26,0.5529377168161145,1.0,8,1,1.320069950733316e-05,5.6991349634457925e-05,,-1,,,0
ct_w5_i3,5,evaluation,width2,256,19,sampled_star_fisher,43,0,,1.0000817620368796,0.2316263712300611,199,50944,201,,0.5778902587566149,42,0.2746762963481076,1.0000817620368796,9.797347936788527e-24,0.5320735914473083,1.0,8,1,1.7506836008732322e-05,7.558222285209394e-05,,-1,,,0
ct_w5_i3,5,evaluation,width2,256,19,sampled_full_fisher,43,0,,1.0009030345394354,0.2316263712300611,199,50944,946,,0.7513166738278216,42,0.2746762963481076,1.0009030345394354,2.5623286367319798e-11,0.3399247818783042,1.0,8,1,0.0003470059601345,0.0014981280339184,,-1,,,0
ct_w5_i3,5,evaluation,width2,256,19,protected_ray_star,43,1,12.0,0.0764099390016301,0.2316263712300611,12,3072,201,,0.9813676769294114,42,0.2746762963481076,0.0764099390016301,0.9310530752419136,0.9310530752419136,0.0,0,1,0.0736583303744721,0.3180049403844071,,-1,,,0
ct_w5_i3,5,evaluation,width2,256,42,sampled_adam,43,0,,1.0128100387082544,0.2985575526375583,199,50944,86,,0.2589042932453192,40,0.412566532298238,1.0128100387082544,7.655278334978668e-17,0.8037646492365526,1.0,12,1,0.0028285747715578,0.0094741357120906,,-1,,,0
ct_w5_i3,5,evaluation,width2,256,42,sampled_diagonal_fisher,43,0,,1.0000110518374346,0.2985575526375583,199,50944,43,,0.3244019492004591,40,0.412566532298238,1.0000110518374346,8.990302749787839e-38,0.998470281564024,1.0,11,1,3.1636243053423835e-06,1.0596363338973866e-05,37334091896.7041,38,5.308324067446418e-13,0.019818145855153,1
ct_w5_i3,5,evaluation,width2,256,42,sampled_two_block_fisher,43,0,,1.0000149176662845,0.2985575526375583,199,50944,514,,0.3537103922230411,40,0.412566532298238,1.0000149176662845,1.7462382412156066e-23,0.6511227544779035,1.0,11,1,3.439360449455368e-06,1.1519924446964733e-05,,-1,,,0
ct_w5_i3,5,evaluation,width2,256,42,sampled_star_fisher,43,0,,1.0000544660064443,0.2985575526375583,199,50944,201,,0.5211553462326963,40,0.412566532298238,1.0000544660064443,4.222500032076908e-26,0.7466753251969283,1.0,11,1,1.3779828969113097e-05,4.615468222919645e-05,,-1,,,0
ct_w5_i3,5,evaluation,width2,256,42,sampled_full_fisher,43,1,6.0,0.0401578071323314,0.2985575526375583,6,1536,946,,0.7340399537131089,40,0.412566532298238,0.0401578071323314,0.9680568845189826,0.9680568845189826,0.0,0,1,0.0289278200592376,0.0968919386017186,,-1,,,0
ct_w5_i3,5,evaluation,width2,256,42,protected_ray_star,43,1,7.0,0.0825344016702178,0.2985575526375583,7,1792,201,,0.9794267983897446,40,0.412566532298238,0.0825344016702178,0.9396133246883984,0.9396133246883984,0.0,0,1,0.0382354492199718,0.1280672650287589,,-1,,,0
ct_w5_i3,5,evaluation,width2,256,50,sampled_adam,43,1,47.0,0.0970820785215682,0.3800483968702766,47,12032,86,,0.2342467669562814,41,0.4714857051899663,0.0970820785215682,0.9427671169166744,0.9427671169166744,0.0,0,1,0.0220637562252557,0.0580551224711175,,-1,,,0
ct_w5_i3,5,evaluation,width2,256,50,sampled_diagonal_fisher,43,1,3.0,0.0291307046494608,0.3800483968702766,3,768,43,,0.2319621462086436,41,0.4714857051899663,0.0291307046494608,0.9746760062877614,0.9746760062877614,0.0,0,1,0.0094878631474676,0.0249648813824786,,-1,,,0
ct_w5_i3,5,evaluation,width2,256,50,sampled_two_block_fisher,43,1,3.0,0.0798928150567146,0.3800483968702766,3,768,514,,0.2405866286399571,41,0.4714857051899663,0.0798928150567146,0.9320398675756504,0.9320398675756504,0.0,0,1,0.0277583704100168,0.0730390409184957,,-1,,,0
ct_w5_i3,5,evaluation,width2,256,50,sampled_star_fisher,43,1,4.0,0.0216780716827091,0.3800483968702766,4,1024,201,,0.6167368394408889,41,0.4714857051899663,0.0216780716827091,0.980164775203322,0.980164775203322,0.0,0,1,0.0077812515159747,0.0204743700540611,,-1,,,0
ct_w5_i3,5,evaluation,width2,256,50,sampled_full_fisher,43,1,5.0,0.0538688245569378,0.3800483968702766,5,1280,946,,0.7130264880486192,41,0.4714857051899663,0.0538688245569378,0.953485661540077,0.953485661540077,0.0,0,1,0.027280622750731,0.0717819703369064,,-1,,,0
ct_w5_i3,5,evaluation,width2,256,50,protected_ray_star,43,1,8.0,0.0879969000111504,0.3800483968702766,8,2048,201,,0.9781453604985928,41,0.4714857051899663,0.0879969000111504,0.9397238694473742,0.9397238694473742,0.0,0,1,0.0359172751957512,0.0945071088091211,,-1,,,0
ct_w5_i3,5,evaluation,width2,256,101,sampled_adam,43,0,,1.010490140282979,0.3061030274479773,199,50944,86,,0.2095891809534683,41,0.5190620929811588,1.010490140282979,8.755394674267928e-16,0.977803299331254,1.0,11,1,0.0024066849456743,0.0078623363046723,19199380.03718977,43,7.595121345101154e-09,0.145821621133169,1
ct_w5_i3,5,evaluation,width2,256,101,sampled_diagonal_fisher,43,0,,1.0000088996655752,0.3061030274479773,199,50944,43,,0.3146594837140065,41,0.5190620929811588,1.0000088996655752,5.092127757511172e-33,0.962155524033677,1.0,11,1,2.6843328148218846e-06,8.769376889871143e-06,985618262851.3698,36,4.428957492303787e-13,0.4365261389807017,1
ct_w5_i3,5,evaluation,width2,256,101,sampled_two_block_fisher,43,1,4.0,0.0302482681735476,0.3061030274479773,4,1024,514,,0.3437187983455556,41,0.5190620929811588,0.0302482681735476,0.97553204033675,0.97553204033675,0.0,0,1,0.0091067142910239,0.0297504874974541,,-1,,,0
ct_w5_i3,5,evaluation,width2,256,101,sampled_star_fisher,43,1,4.0,0.0508730219153505,0.3061030274479773,4,1024,201,,0.6301425639571426,41,0.5190620929811588,0.0508730219153505,0.95322756410586,0.95322756410586,0.0,0,1,0.0150626024299863,0.0492076231834925,,-1,,,0
ct_w5_i3,5,evaluation,width2,256,101,sampled_full_fisher,43,1,5.0,0.0604112298638934,0.3061030274479789,5,1280,946,,0.7150716246755049,41,0.5190620929811588,0.0604112298638934,0.955126721707735,0.955126721707735,0.0,0,1,0.0341381581751497,0.1115250589311841,,-1,,,0
ct_w5_i3,5,evaluation,width2,256,101,protected_ray_star,43,1,8.0,0.0877193567117071,0.3061030274479789,8,2048,201,,0.9793195770792325,41,0.5190620929811588,0.0877193567117071,0.9391591895741874,0.9391591895741874,0.0,0,1,0.0644145828610662,0.2104343214051133,,-1,,,0
ct_w5_i3,5,evaluation,width3,1024,0,sampled_adam,47,1,42.0,0.0997466621750593,0.2104267768171902,42,43008,94,,0.3143148750424824,47,0.6966491784223138,0.0997466621750593,0.927501415017832,0.927501415017832,0.0,0,1,0.0240855840731454,0.1144606424973658,,-1,,,0
ct_w5_i3,5,evaluation,width3,1024,0,sampled_star_fisher,47,1,4.0,0.018491337665047,0.2104267768171902,4,4096,250,,0.7215204020274384,47,0.6966491784223138,0.018491337665047,0.9835797899402224,0.9835797899402224,0.0,0,1,0.0061298513232075,0.0291305670120725,,-1,,,0
ct_w5_i3,5,evaluation,width3,1024,0,sampled_full_fisher,47,1,6.0,0.0437382986677192,0.2104267768171902,6,6144,1128,,0.9123105381715442,47,0.6966491784223138,0.0437382986677192,0.9602992543059332,0.9602992543059332,0.0,0,1,0.0245134714184275,0.1164940688119925,,-1,,,0
ct_w5_i3,5,evaluation,width3,1024,0,protected_ray_star,47,1,11.0,0.0253500757276015,0.2104267768171902,11,11264,250,,0.9789763145484978,47,0.6966491784223138,0.0253500757276015,0.9772566154210596,0.9772566154210596,0.0,0,1,0.02310717450139,0.1098109986328619,,-1,,,0
ct_w5_i3,5,evaluation,width3,1024,19,sampled_adam,47,0,,1.0088789626905823,0.2094577803699964,199,203776,94,,0.2444671689678283,47,0.3737678807586821,1.0088789626905823,9.208626899809816e-16,0.9927015495747752,1.0,8,1,0.0020243898082793,0.0096649062388774,6896910.148975549,47,5.186096061731334e-09,0.0357680385617169,1
ct_w5_i3,5,evaluation,width3,1024,19,sampled_star_fisher,47,0,,1.000042364824944,0.2094577803699964,199,203776,250,,0.6374986874704527,47,0.3737678807586821,1.000042364824944,6.308503353195663e-26,0.5751068411053384,1.0,8,1,1.3476426087680764e-05,6.43395822483908e-05,,-1,,,0
ct_w5_i3,5,evaluation,width3,1024,19,sampled_full_fisher,47,0,,1.0002119139290055,0.2094577803699964,199,203776,1128,,0.9574562100526788,47,0.3737678807586821,1.0002178416650036,2.693350895439167e-15,0.4416873671142212,1.0,8,1,0.0001163532400892,0.0005554973412005,,-1,,,0
ct_w5_i3,5,evaluation,width3,1024,19,protected_ray_star,47,1,16.0,0.0186120090198738,0.2094577803699964,16,16384,250,,0.9809734790932328,47,0.3737678807586821,0.0186120090198738,0.9827352106585816,0.9827352106585816,0.0,0,1,0.0198583017037526,0.0948081358862582,,-1,,,0
ct_w5_i3,5,evaluation,width3,1024,42,sampled_adam,47,0,,1.0066189783027308,0.2591204139190271,199,203776,94,,0.291032302569309,47,0.514472405121744,1.0066189783027308,9.797560635417481e-20,0.9890461577211964,1.0,12,1,0.0013963920193915,0.0053889695461348,707955383.6613028,47,1.4745348847853269e-10,0.1043904910080171,1
ct_w5_i3,5,evaluation,width3,1024,42,sampled_star_fisher,47,1,6.0,0.0874909231607912,0.2591204139190271,6,6144,250,,0.69939383827896,47,0.514472405121744,0.0874909231607912,0.92688680501095,0.92688680501095,0.0,0,1,0.0252697599434195,0.0975213012407278,,-1,,,0
ct_w5_i3,5,evaluation,width3,1024,42,sampled_full_fisher,47,1,6.0,0.0590550236745244,0.2591204139190271,6,6144,1128,,0.914207657401336,47,0.514472405121744,0.0590550236745244,0.9496943255832436,0.9496943255832436,0.0,0,1,0.0431600257737235,0.1665635876423486,,-1,,,0
ct_w5_i3,5,evaluation,width3,1024,42,protected_ray_star,47,1,8.0,0.0986648520214021,0.2591204139190271,8,8192,250,,0.9793314333328144,47,0.514472405121744,0.0986648520214021,0.9213118261169936,0.9213118261169936,0.0,0,1,0.0921799720536265,0.3557418370072225,,-1,,,0
ct_w5_i3,5,evaluation,width3,1024,50,sampled_adam,47,0,,1.0112220136913628,0.3382847713984073,199,203776,94,,0.2211846880378601,47,0.395666168818049,1.0112220136913628,4.4050795443043125e-11,0.9916374805635642,1.0,5,1,0.0023545893834393,0.0069603765304182,6275696.3169705225,47,5.841418066556417e-09,0.0366589658461731,1
ct_w5_i3,5,evaluation,width3,1024,50,sampled_star_fisher,47,0,,1.000009686477254,0.3382847713984073,199,203776,250,,0.739438080916468,47,0.395666168818049,1.000009686477254,7.645413037400941e-18,0.5357627831609422,1.0,5,1,1.834437235726931e-06,5.4227603215589735e-06,,-1,,,0
ct_w5_i3,5,evaluation,width3,1024,50,sampled_full_fisher,47,1,10.0,0.0487072264466625,0.3382847713984073,10,10240,1128,,0.8856873156116644,47,0.395666168818049,0.0487072264466625,0.953488015554265,0.953488015554265,0.0,0,1,0.0409348686000534,0.1210071279024361,,-1,,,0
ct_w5_i3,5,evaluation,width3,1024,50,protected_ray_star,47,1,14.0,0.0672536529562357,0.3382847713984073,14,14336,250,,0.978343085838471,47,0.395666168818049,0.0672536529562357,0.935953261189862,0.935953261189862,0.0,0,1,0.0646586093243491,0.191136624498532,,-1,,,0
ct_w5_i3,5,evaluation,width3,1024,101,sampled_adam,47,0,,1.008898092877459,0.3349267904823437,199,203776,94,,0.0814875934073395,47,0.5848096635069322,1.008898092877459,1.4576208460591008e-16,0.911003616966702,1.0,11,1,0.0019825796426837,0.0059194417975002,289811572.8237363,47,4.072017515575741e-09,1.1801178007548088,1
ct_w5_i3,5,evaluation,width3,1024,101,sampled_star_fisher,47,0,,1.0000289608423572,0.3349267904823437,199,203776,250,,0.4303629872346138,47,0.5848096635069322,1.0000289608423572,1.0713195343007697e-22,0.3837491208402376,1.0,12,1,6.896742672906626e-06,2.0591791606082943e-05,,-1,,,0
ct_w5_i3,5,evaluation,width3,1024,101,sampled_full_fisher,47,1,7.0,0.0541005086831596,0.3349267904823437,7,7168,1128,,0.8409779614441533,47,0.5848096635069322,0.0541005086831596,0.9502898924575596,0.9502898924575596,0.0,0,1,0.0561263288554974,0.1675779019488626,,-1,,,0
ct_w5_i3,5,evaluation,width3,1024,101,protected_ray_star,47,1,7.0,0.0894198721202901,0.3349267904823437,7,7168,250,,0.9773958954442584,47,0.5848096635069322,0.0894198721202901,0.9298738114174516,0.9298738114174516,0.0,0,1,0.0780164592057725,0.2329358576942064,,-1,,,0
ct_w5_i3,5,evaluation,width3,256,0,sampled_adam,47,0,,1.009409309203113,0.2104267768171902,199,50944,94,,0.3375975724416117,47,0.7787708385702669,1.009409309203113,2.7906496272803243e-09,0.9934452700595964,1.0,5,1,0.0019067132157501,0.0090611719886134,705378.1607339286,47,2.6181310981861072e-08,0.0184677249859881,1
ct_w5_i3,5,evaluation,width3,256,0,sampled_diagonal_fisher,47,0,,1.0000433219601987,0.2104267768171902,199,50944,47,,0.3238181417233646,47,0.7787708385702669,1.0000433219601987,5.318961814189357e-18,0.9999631992503012,1.0,5,1,1.4008879254708896e-05,6.657365315669503e-05,227960241589.27777,47,1.2107642584855125e-15,0.000276006112872,1
ct_w5_i3,5,evaluation,width3,256,0,sampled_two_block_fisher,47,1,5.0,0.0471880918696747,0.2104267768171902,5,1280,632,,0.4044124021196676,47,0.7787708385702669,0.0471880918696747,0.9599855797481008,0.9599855797481008,0.0,0,1,0.0179102094852786,0.0851137376914646,,-1,,,0
ct_w5_i3,5,evaluation,width3,256,0,sampled_star_fisher,47,1,5.0,0.0841680873539942,0.2104267768171902,5,1280,250,,0.7188677359725208,47,0.7787708385702669,0.0841680873539942,0.9219431123496936,0.9219431123496936,0.0,0,1,0.0294880547816599,0.1401345172305607,,-1,,,0
ct_w5_i3,5,evaluation,width3,256,0,sampled_full_fisher,47,1,7.0,0.0404004125013965,0.2104267768171902,7,1792,1128,,0.898508220506449,47,0.7787708385702669,0.0404004125013965,0.9700897718494976,0.9700897718494976,0.0,0,1,0.0204045523006413,0.0969674706293103,,-1,,,0
ct_w5_i3,5,evaluation,width3,256,0,protected_ray_star,47,1,10.0,0.0419769703129251,0.2104267768171902,10,2560,250,,0.979168251649703,47,0.7787708385702669,0.0419769703129251,0.9626769954014366,0.9626769954014366,0.0,0,1,0.036176231083955,0.1719183823995144,,-1,,,0
ct_w5_i3,5,evaluation,width3,256,19,sampled_adam,47,0,,1.0099531662500638,0.2094577803699964,199,50944,94,,0.2211844744759489,46,0.3335417163335733,1.0099531662500638,2.5485240944301757e-15,0.9894613724508892,1.0,8,1,0.0021761323363158,0.0103893602446842,6465300.709215316,47,8.294730769670886e-09,0.0536279287279032,1
ct_w5_i3,5,evaluation,width3,256,19,sampled_diagonal_fisher,47,0,,1.0000326587234003,0.2094577803699964,199,50944,47,,0.3591756890649842,46,0.3335417163335733,1.0000326587234003,2.0912923667239728e-31,0.7758095335047245,1.0,8,1,9.255754879341518e-06,4.418911946355824e-05,,-1,,,0
ct_w5_i3,5,evaluation,width3,256,19,sampled_two_block_fisher,47,0,,1.0000450802742336,0.2094577803699964,199,50944,632,,0.5636099991046594,46,0.3335417163335733,1.0000450802742336,2.2217745028063625e-30,0.5447937411331544,1.0,8,1,8.906267189952462e-06,4.25205842161604e-05,,-1,,,0
ct_w5_i3,5,evaluation,width3,256,19,sampled_star_fisher,47,0,,1.0000592011840477,0.2094577803699964,199,50944,250,,0.4977238101626091,46,0.3335417163335733,1.0000592011840477,8.002208399219695e-28,0.6407646227872965,1.0,8,1,1.4842035337971764e-05,7.085931738488811e-05,,-1,,,0
ct_w5_i3,5,evaluation,width3,256,19,sampled_full_fisher,47,0,,1.0003881369977154,0.2094577803699964,199,50944,1128,,0.8568576290175458,46,0.3335417163335733,1.0003881369977154,7.4361596399745585e-19,0.4619192485502912,1.0,8,1,0.0001513147979002,0.0007224119229803,,-1,,,0
ct_w5_i3,5,evaluation,width3,256,19,protected_ray_star,47,1,16.0,0.0128953396313278,0.2094577803699964,16,4096,250,,0.980509973707118,46,0.3335417163335733,0.0128953396313278,0.9884199139088,0.9884199139088,0.0,0,1,0.0129383659855808,0.0617707585878449,,-1,,,0
ct_w5_i3,5,evaluation,width3,256,42,sampled_adam,47,0,,1.0079985169559222,0.2591204139190271,199,50944,94,,0.1979020929873169,44,0.4840910023148485,1.0079985169559222,5.371580749096426e-19,0.6873052598748834,1.0,12,1,0.0017077180832577,0.0065904420938113,,-1,,,0
ct_w5_i3,5,evaluation,width3,256,42,sampled_diagonal_fisher,47,0,,2.000092187859151,0.2591204139190271,199,50944,47,,0.3417738213665271,44,0.4840910023148485,2.000092187859151,1.121789169132495e-26,0.9975195253404756,2.0,9,1,4.77912601411149e-05,0.0001844364919702,467077909120.346,47,4.2401706591100775e-14,0.0198049004577057,1
ct_w5_i3,5,evaluation,width3,256,42,sampled_two_block_fisher,47,1,6.0,0.0457939084932768,0.2591204139190271,6,1536,632,,0.4481119629257589,44,0.4840910023148485,0.0457939084932768,0.9625184233014236,0.9625184233014236,0.0,0,1,0.0370662231304917,0.143046325721271,,-1,,,0
ct_w5_i3,5,evaluation,width3,256,42,sampled_star_fisher,47,1,5.0,0.0862624556767706,0.2591204139190271,5,1280,250,,0.5678432583463232,44,0.4840910023148485,0.0862624556767706,0.9242742295662756,0.9242742295662756,0.0,0,1,0.0283366699700022,0.1093571499884111,,-1,,,0
ct_w5_i3,5,evaluation,width3,256,42,sampled_full_fisher,47,1,6.0,0.0623209072368773,0.2591204139190271,6,1536,1128,,0.7041314210156099,44,0.4840910023148485,0.0623209072368773,0.9491285666107148,0.9491285666107148,0.0,0,1,0.0420269274328282,0.1621907235991113,,-1,,,0
ct_w5_i3,5,evaluation,width3,256,42,protected_ray_star,47,1,11.0,0.0933624087302025,0.2591204139190271,11,2816,250,,0.9790854465976148,44,0.4840910023148485,0.0933624087302025,0.9300782176877036,0.9300782176877036,0.0,0,1,0.0868522814218772,0.3351811619481969,,-1,,,0
ct_w5_i3,5,evaluation,width3,256,50,sampled_adam,47,0,,1.012250556968416,0.3382847713984073,199,50944,94,,0.1979020046546782,46,0.4350367032483793,1.012250556968416,7.13106263999267e-11,0.990683640451104,1.0,5,1,0.0025073045748044,0.0074118162766821,5698761.808383668,47,6.35968653959628e-09,0.0362423387651429,1
ct_w5_i3,5,evaluation,width3,256,50,sampled_diagonal_fisher,47,0,,1.0000139230124478,0.3382847713984073,199,50944,47,,0.2895359522341835,46,0.4350367032483793,1.0000139230124478,9.851698920411851e-23,0.999790362507908,1.0,5,1,4.500951438586127e-06,1.3305214479445875e-05,85974733730.53183,42,3.7485506170160605e-14,0.0032228064117337,1
ct_w5_i3,5,evaluation,width3,256,50,sampled_two_block_fisher,47,0,,1.0000401027521786,0.3382847713984073,199,50944,632,,0.3964135219419751,46,0.4350367032483793,1.0000401027521786,5.906470274302617e-14,0.7680689946738819,1.0,5,1,9.091446433970774e-06,2.687512771085852e-05,,-1,,,0
ct_w5_i3,5,evaluation,width3,256,50,sampled_star_fisher,47,0,,1.000047334468217,0.3382847713984073,199,50944,250,,0.6285099217058819,46,0.4350367032483793,1.000047334468217,4.106141270587995e-20,0.8007063733196234,1.0,5,1,1.2455436554215427e-05,3.681938297939613e-05,,-1,,,0
ct_w5_i3,5,evaluation,width3,256,50,sampled_full_fisher,47,1,8.0,0.0558239172415877,0.3382847713984073,8,2048,1128,,0.8191507351673757,46,0.4350367032483793,0.0558239172415877,0.9502734686901776,0.9502734686901776,0.0,0,1,0.0421168750105868,0.1245012444293113,,-1,,,0
ct_w5_i3,5,evaluation,width3,256,50,protected_ray_star,47,1,15.0,0.0152184659818619,0.3382847713984073,15,3840,250,,0.9787776161055968,46,0.4350367032483793,0.0152184659818619,0.985797334043558,0.985797334043558,0.0,0,1,0.0151231310352735,0.0447053261450621,,-1,,,0
ct_w5_i3,5,evaluation,width3,256,101,sampled_adam,47,0,,1.0115491203094678,0.3349267904823437,199,50944,94,,0.1513361431442276,46,0.4096841796621369,1.0115491203094678,8.329945335996014e-16,0.5914448120114792,1.0,12,1,0.0024643927200432,0.007358004167102,,-1,,,0
ct_w5_i3,5,evaluation,width3,256,101,sampled_diagonal_fisher,47,0,,1.0000806406188758,0.3349267904823437,199,50944,47,,0.2125542711004208,46,0.4096841796621369,1.0000806406188758,8.507741420549342e-34,0.6592366028483816,1.0,11,1,2.35948710221257e-05,7.04478461939268e-05,,-1,,,0
ct_w5_i3,5,evaluation,width3,256,101,sampled_two_block_fisher,47,1,5.0,0.0536173609335062,0.3349267904823437,5,1280,632,,0.5474896696282411,46,0.4096841796621369,0.0536173609335062,0.958933048577542,0.958933048577542,0.0,0,1,0.0230537349454956,0.0688321615368388,,-1,,,0
ct_w5_i3,5,evaluation,width3,256,101,sampled_star_fisher,47,1,3.0,0.0939748856563351,0.3349267904823437,3,768,250,,0.4316463691437185,46,0.4096841796621369,0.0939748856563351,0.914612441982349,0.914612441982349,0.0,0,1,0.0278776228262672,0.0832349743838627,,-1,,,0
ct_w5_i3,5,evaluation,width3,256,101,sampled_full_fisher,47,1,6.0,0.0459544441240069,0.3349267904823439,6,1536,1128,,0.8436639364642239,46,0.4096841796621369,0.0459544441240069,0.9620412285599816,0.9620412285599816,0.0,0,1,0.037053338515031,0.1106311575185395,,-1,,,0
ct_w5_i3,5,evaluation,width3,256,101,protected_ray_star,47,1,6.0,0.0460908964976436,0.3349267904823439,6,1536,250,,0.9775056451563964,46,0.4096841796621369,0.0460908964976436,0.964299919231158,0.964299919231158,0.0,0,1,0.0176464963699118,0.0526876227025561,,-1,,,0
ct_w5_i3,5,evaluation,width3,64,0,sampled_adam,47,1,49.0,0.097380972929967,0.2104267768171902,49,3136,94,,0.1746194170755817,37,0.3917182189113631,0.097380972929967,0.930471930595406,0.930471930595406,0.0,0,1,0.0220089546651941,0.1045919868093337,,-1,,,0
ct_w5_i3,5,evaluation,width3,64,0,sampled_star_fisher,47,1,3.0,0.0327637188292104,0.2104267768171902,3,192,250,,0.5994390409984474,37,0.3917182189113631,0.0327637188292104,0.9719633862728888,0.9719633862728888,0.0,0,1,0.009000278808382,0.0427715471600892,,-1,,,0
ct_w5_i3,5,evaluation,width3,64,0,sampled_full_fisher,47,1,7.0,0.0805189793828429,0.2104267768171902,7,448,1128,,0.5002875578625586,37,0.3917182189113631,0.0805189793828429,0.9329261015342204,0.9329261015342204,0.0,0,1,0.045321996748871,0.2153813190240748,,-1,,,0
ct_w5_i3,5,evaluation,width3,64,0,protected_ray_star,47,1,9.0,0.0191389263410446,0.2104267768171902,9,576,250,,0.9786881565773852,37,0.3917182189113631,0.0191389263410446,0.9855956380148132,0.9855956380148132,0.0,0,1,0.0077165490239696,0.036670946258296,,-1,,,0
ct_w5_i3,5,evaluation,width3,64,19,sampled_adam,47,0,,1.012915957190895,0.2094577803699964,199,12736,94,,0.1412057701831699,38,0.3102826485581523,1.012915957190895,3.654637580495108e-14,0.988024819041298,1.0,8,1,0.0026176032096649,0.0124970445358538,1025215.2067680015,47,4.7161936363777286e-08,0.0483511343407692,1
ct_w5_i3,5,evaluation,width3,64,19,sampled_star_fisher,47,0,,1.0004463123318246,0.2094577803699964,199,12736,250,,0.3239331471999327,38,0.3102826485581523,1.0004463123318246,6.961673790278741e-24,0.8025367326163102,1.0,8,1,0.0001352703688068,0.0006458120990678,,-1,,,0
ct_w5_i3,5,evaluation,width3,64,19,sampled_full_fisher,47,0,,1.0015262220546628,0.2094577803699964,199,12736,1128,,0.6054180695890717,38,0.3102826485581523,1.0015262220546628,6.31689916490255e-33,0.4428893814411578,1.0,8,1,0.0004546663700759,0.0021706826515245,,-1,,,0
ct_w5_i3,5,evaluation,width3,64,19,protected_ray_star,47,1,14.0,0.0779379629047571,0.2094577803699964,14,896,250,,0.9812241172673802,38,0.3102826485581523,0.0779379629047571,0.9354088217951748,0.9354088217951748,0.0,0,1,0.0683632936743695,0.3263822119837673,,-1,,,0
ct_w5_i3,5,evaluation,width3,64,42,sampled_adam,47,0,,2.009991142761274,0.2591204139190271,199,12736,94,,0.1513368791273318,40,0.3692211267602073,2.009991142761274,8.109032970058011e-11,0.9651313046244736,2.0,7,1,0.0022138798749477,0.0085438265610347,3887169.2997359023,47,5.605989111097279e-08,0.217914287673111,1
ct_w5_i3,5,evaluation,width3,64,42,sampled_star_fisher,47,0,,1.0005515537815786,0.2591204139190271,199,12736,250,,0.4733342054700544,40,0.3692211267602073,1.0005515537815786,2.7411120446010255e-12,0.8072529988918307,1.0,5,1,0.0001444581415162,0.0005574942526967,,-1,,,0
ct_w5_i3,5,evaluation,width3,64,42,sampled_full_fisher,47,1,6.0,0.0381940651298595,0.2591204139190271,6,384,1128,,0.5411852642577053,40,0.3692211267602073,0.0381940651298595,0.9716262403383148,0.9716262403383148,0.0,0,1,0.0118521698164208,0.045740008041684,,-1,,,0
ct_w5_i3,5,evaluation,width3,64,42,protected_ray_star,47,1,10.0,0.0776748818847181,0.2591204139190271,10,640,250,,0.9795338478432052,40,0.3692211267602073,0.0776748818847181,0.9490518160110902,0.9490518160110902,0.0,0,1,0.0368935642935719,0.142379999072944,,-1,,,0
ct_w5_i3,5,evaluation,width3,64,50,sampled_adam,47,0,,1.0177650307260642,0.3382847713984073,199,12736,94,,0.2444671638171902,36,0.305927090658083,1.0177650307260642,4.796658974600627e-10,0.9818747749311086,1.0,5,1,0.0035814583321735,0.010587110727357,7159814.138080477,47,1.3860282236988864e-08,0.0992370447181785,1
ct_w5_i3,5,evaluation,width3,64,50,sampled_star_fisher,47,0,,1.0002326679741067,0.3382847713984073,199,12736,250,,0.4373462433924405,36,0.305927090658083,1.0002326679741067,1.7449570396352111e-16,0.6954459964559574,1.0,5,1,6.808964529212998e-05,0.0002012790732809,,-1,,,0
ct_w5_i3,5,evaluation,width3,64,50,sampled_full_fisher,47,0,,1.0003962946699403,0.3382847713984073,199,12736,1128,,0.4174021347089444,36,0.305927090658083,1.0003962946699403,1.5784084226654319e-16,0.5155539954903483,1.0,5,1,7.719747076664217e-05,0.0002282026188986,,-1,,,0
ct_w5_i3,5,evaluation,width3,64,50,protected_ray_star,47,1,13.0,0.0824103088658798,0.3382847713984073,13,832,250,,0.9809365950071964,36,0.305927090658083,0.0824103088658798,0.9376677939378948,0.9376677939378948,0.0,0,1,0.0577458489780563,0.1707018874640605,,-1,,,0
ct_w5_i3,5,evaluation,width3,64,101,sampled_adam,47,0,,1.0143203745268252,0.3349267904823437,199,12736,94,,0.0470685862027289,37,0.5605749177221923,1.0143203745268252,4.138859346992343e-16,0.819891606265819,1.0,11,1,0.0032956051208687,0.0098397775708614,,-1,,,0
ct_w5_i3,5,evaluation,width3,64,101,sampled_star_fisher,47,0,,1.0003891109041714,0.3349267904823437,199,12736,250,,0.2561467998408628,37,0.5605749177221923,1.0003891109041714,1.1333474458248324e-24,0.6957315045094535,1.0,12,1,0.0001459687087328,0.0004358227316561,,-1,,,0
ct_w5_i3,5,evaluation,width3,64,101,sampled_full_fisher,47,1,10.0,0.0790808054383358,0.3349267904823437,10,640,1128,,0.4556179167747242,37,0.5605749177221923,0.0790808054383358,0.9330471109956482,0.9330471109956482,0.0,0,1,0.0401140292384181,0.1197695448030539,,-1,,,0
ct_w5_i3,5,evaluation,width3,64,101,protected_ray_star,47,1,17.0,0.076241929657538,0.3349267904823437,17,1088,250,,0.9785864053094682,37,0.5605749177221923,0.076241929657538,0.934657313455164,0.934657313455164,0.0,0,1,0.0862540023675192,0.2575309136760926,,-1,,,0
ct_w5_i4,5,evaluation,chain,256,0,sampled_adam,31,0,,1.0327443348960426,0.3374175635603901,199,50944,62,,-0.6106573333329148,25,2.050992897886604,1.0327443348960426,5.188476111177364e-18,0.9809394725628316,1.0,6,1,0.0074881963608298,0.0221926691717385,45909.80106238491,31,8.708927763025994e-07,0.0399825141067204,1
ct_w5_i4,5,evaluation,chain,256,0,sampled_diagonal_fisher,31,0,,1.0000973527306698,0.3374175635603901,199,50944,31,,-0.6511097680894055,25,2.050992897886604,1.0000973527306698,1.2725538780867713e-36,0.9546223795784592,1.0,8,1,2.524509445723563e-05,7.481855476298383e-05,129889747.27185576,31,3.997675510288152e-09,0.5192570617062151,1
ct_w5_i4,5,evaluation,chain,256,0,sampled_two_block_fisher,31,0,,1.0000766522571445,0.3374175635603901,199,50944,256,,-0.7524961611487327,25,2.050992897886604,1.0000766522571445,2.3500858399511887e-36,0.9971425820651106,1.0,6,1,2.1947864562092167e-05,6.50465978430432e-05,21313196.4303324,31,1.5755284255844643e-09,0.033579546816054,1
ct_w5_i4,5,evaluation,chain,256,0,sampled_star_fisher,31,0,,1.0000507349920935,0.3374175635603901,199,50944,90,,-0.0893820238235172,25,2.050992897886604,1.0000507349920935,3.999070292854985e-34,0.999961861357118,1.0,6,1,1.593458041435865e-05,4.722510661928456e-05,3291096.165237755,31,4.6043495273727285e-11,0.0001515335707295,1
ct_w5_i4,5,evaluation,chain,256,0,sampled_full_fisher,31,0,,1.000133466506135,0.3374175635603901,199,50944,496,,-0.557953798802516,25,2.050992897886604,1.000133466506135,8.791576751676592e-33,0.9484294448142484,1.0,6,1,3.1733140662346363e-05,9.404709205858172e-05,396246193.4064845,31,1.478944006116656e-09,0.5860259326850615,1
ct_w5_i4,5,evaluation,chain,256,0,protected_ray_star,31,0,,4.49510220217269,0.3374175635603901,199,50944,90,,-0.9817269129327876,25,2.050992897886604,5.033887963679934,4.151943101897471e-07,0.0095193785532426,1.0,6,1,0.2767142810310282,0.8200944791111996,,-1,,,0
ct_w5_i4,5,evaluation,chain,256,19,sampled_adam,31,0,,2.03808066464198,0.3410364574574483,199,50944,62,,-0.6106579676472913,27,2.149083385993868,2.03808066464198,1.6054707852577008e-19,0.957442061573406,2.0,8,1,0.0082843690552669,0.0242917402937796,36252.09817038537,31,5.6481020348962216e-06,0.2047555494454112,1
ct_w5_i4,5,evaluation,chain,256,19,sampled_diagonal_fisher,31,0,,1.0000183076322688,0.3410364574574483,199,50944,31,,-0.6518639780653738,27,2.149083385993868,1.0000183076322688,3.0682724217053113e-44,0.9999821461465004,1.0,8,1,4.953361542329731e-06,1.452443407153257e-05,495322.4520510458,31,1.1369872057540705e-10,5.6317529070477326e-05,1
ct_w5_i4,5,evaluation,chain,256,19,sampled_two_block_fisher,31,0,,1.0000402597018017,0.3410364574574483,199,50944,256,,-0.6581905997063194,27,2.149083385993868,1.0000402597018017,7.602198171819006e-42,0.9999545973162726,1.0,8,1,1.2303879304641278e-05,3.607790028189714e-05,4909661.071887045,31,5.0540237795419225e-11,0.000248135438068,1
ct_w5_i4,5,evaluation,chain,256,19,sampled_star_fisher,31,0,,1.0000634161986175,0.3410364574574483,199,50944,90,,-0.1083669834553667,27,2.149083385993868,1.0000634161986175,1.448750050325455e-35,0.9999584504481543,1.0,6,1,1.7279021766251658e-05,5.066620118879105e-05,44894.05575560231,31,2.803116680771416e-09,0.000125843276556,1
ct_w5_i4,5,evaluation,chain,256,19,sampled_full_fisher,31,0,,1.0001175513587928,0.3410364574574483,199,50944,496,,-0.4859440919776951,27,2.149083385993868,1.0001175513587928,5.600458923302997e-34,0.719317293633068,1.0,7,1,2.998522726733496e-05,8.792381756157626e-05,,-1,,,0
ct_w5_i4,5,evaluation,chain,256,19,protected_ray_star,31,0,,3.861148149552213,0.3410364574574483,199,50944,90,,-0.9801043563735262,27,2.149083385993868,4.232964811514684,7.909384177457032e-08,0.0374292006230329,1.0,6,1,0.291064102355477,0.8534691702038734,,-1,,,0
ct_w5_i4,5,evaluation,chain,256,42,sampled_adam,31,0,,1.0372692527988718,0.2997510198956186,199,50944,62,,-0.610657959393809,26,2.2061045168870943,1.0372692527988718,1.9222981001318e-20,0.9680576376731796,1.0,8,1,0.0087382743240318,0.0291517751201472,42426.18431449696,31,3.634420815219936e-06,0.1541946073829653,1
ct_w5_i4,5,evaluation,chain,256,42,sampled_diagonal_fisher,31,0,,1.0000345709230345,0.2997510198956186,199,50944,31,,-0.6567490328849095,26,2.2061045168870943,1.0000345709230345,3.3595374295765504e-38,0.8133445246765327,1.0,8,1,8.607485701059539e-06,2.871545092342604e-05,,-1,,,0
ct_w5_i4,5,evaluation,chain,256,42,sampled_two_block_fisher,31,0,,1.0000511975597934,0.2997510198956186,199,50944,256,,-0.7314950480509266,26,2.2061045168870943,1.0000511975597934,5.179619745089104e-39,0.837306074834976,1.0,8,1,1.4556910156541816e-05,4.8563338205190845e-05,,-1,,,0
ct_w5_i4,5,evaluation,chain,256,42,sampled_star_fisher,31,0,,1.000045671276652,0.2997510198956186,199,50944,90,,-0.0774314361724458,26,2.2061045168870943,1.000045671276652,1.1538259172152956e-35,0.6934638993856478,1.0,8,1,9.85962478401433e-06,3.289271471852779e-05,,-1,,,0
ct_w5_i4,5,evaluation,chain,256,42,sampled_full_fisher,31,0,,1.0001065888689151,0.2997510198956186,199,50944,496,,-0.546397034561291,26,2.2061045168870943,1.0001065888689151,9.415674899483895e-38,0.7123277577685241,1.0,9,1,2.624843631786555e-05,8.756746291307354e-05,,-1,,,0
ct_w5_i4,5,evaluation,chain,256,42,protected_ray_star,31,0,,2.5179305744970115,0.2997510198956186,199,50944,90,,-0.9814931661598358,26,2.2061045168870943,2.5867286341085283,1.2100178289755256e-09,0.1991362537339242,1.0,8,1,0.2570503388753315,0.8575461693669746,,-1,,,0
ct_w5_i4,5,evaluation,chain,256,50,sampled_adam,31,0,,4.026761196323507,0.338442502763577,199,50944,62,,-0.5028948210737999,27,2.5328380131863897,4.026761196323507,1.5271906783818745e-18,0.7231744644437789,4.0,8,1,0.0059637854696,0.0176212663034408,,-1,,,0
ct_w5_i4,5,evaluation,chain,256,50,sampled_diagonal_fisher,31,0,,3.000085327083184,0.338442502763577,199,50944,31,,-0.6191924271964024,27,2.5328380131863897,3.000085327083184,5.730873615017823e-32,0.8921234938565691,3.0,9,0,2.9713608996800195e-05,8.779514615975106e-05,,-1,,,0
ct_w5_i4,5,evaluation,chain,256,50,sampled_two_block_fisher,31,0,,3.0001134940439904,0.338442502763577,199,50944,256,,-0.6600606185856744,27,2.5328380131863897,3.0001134940439904,1.0962343039338423e-31,0.7445435978572601,3.0,9,0,4.5999931531897536e-05,0.0001359165328121,,-1,,,0
ct_w5_i4,5,evaluation,chain,256,50,sampled_star_fisher,31,0,,2.0001171978838226,0.338442502763577,199,50944,90,,-0.1855120696476832,27,2.5328380131863897,2.0001171978838226,6.179823898362371e-31,0.999830930212922,2.0,10,1,3.1954562187601626e-05,9.44165166215068e-05,20262395.128125228,31,5.527961232901145e-11,0.00112009734754,1
ct_w5_i4,5,evaluation,chain,256,50,sampled_full_fisher,31,0,,1.0001538449280076,0.338442502763577,199,50944,496,,-0.5170998243226992,27,2.5328380131863897,1.0001538449280076,5.1439114761057874e-24,0.9112173613063176,1.0,4,1,3.4478384173519505e-05,0.0001018736828027,569554186.0653747,31,1.7030870533312863e-09,0.9700003604585784,1
ct_w5_i4,5,evaluation,chain,256,50,protected_ray_star,31,0,,4.750857603559214,0.338442502763577,199,50944,90,,-0.9805661526396136,27,2.5328380131863897,6.172884519423482,6.39011643880972e-05,0.0067141961410754,4.0,6,0,0.3623327269901557,1.070588723436038,,-1,,,0
ct_w5_i4,5,evaluation,chain,256,101,sampled_adam,31,0,,1.0386118444617054,0.3879029003866766,199,50944,62,,-0.5294651071223573,23,2.131202437515771,1.0386118444617054,7.018859897944353e-20,0.7084350659952506,1.0,9,1,0.0083691318478195,0.0215753268136867,,-1,,,0
ct_w5_i4,5,evaluation,chain,256,101,sampled_diagonal_fisher,31,0,,1.000042991279189,0.3879029003866766,199,50944,31,,-0.5083491996955363,23,2.131202437515771,1.000042991279189,9.48398007686087e-38,0.8867489418734525,1.0,9,1,1.091347278467343e-05,2.813454803713625e-05,,-1,,,0
ct_w5_i4,5,evaluation,chain,256,101,sampled_two_block_fisher,31,0,,1.0000933806755885,0.3879029003866766,199,50944,256,,-0.657199266915443,23,2.131202437515771,1.0000933806755885,5.839774601198777e-36,0.6146315811676164,1.0,9,1,3.1471936277160976e-05,8.113354204309515e-05,,-1,,,0
ct_w5_i4,5,evaluation,chain,256,101,sampled_star_fisher,31,0,,1.0000682919736494,0.3879029003866766,199,50944,90,,0.0238305852178858,23,2.131202437515771,1.0000682919736494,1.689600157201987e-36,0.8774989375404076,1.0,9,1,1.9103535236908387e-05,4.924824026287312e-05,,-1,,,0
ct_w5_i4,5,evaluation,chain,256,101,sampled_full_fisher,31,0,,1.0001126934184903,0.3879029003866776,199,50944,496,,-0.5691015457871181,23,2.131202437515771,1.0001126934184903,5.974935492472366e-33,0.6421436162569479,1.0,9,1,2.775082820351267e-05,7.154065663301177e-05,,-1,,,0
ct_w5_i4,5,evaluation,chain,256,101,protected_ray_star,31,0,,3.0375817017647115,0.3879029003866776,199,50944,90,,-0.9815926618102117,23,2.131202437515771,4.146912202342885,5.2189026070232915e-08,0.0399266139534366,1.0,8,1,0.3238157593961573,0.8347856101961713,,-1,,,0
ct_w5_i4,5,evaluation,problem_tree,256,0,sampled_adam,31,1,72.0,0.0979081781257491,0.3037885754189205,72,18432,62,,0.1186610572391227,26,1.1378662992774655,0.0979081781257491,0.9429445030979332,0.9429445030979332,0.0,0,1,0.0263744345630311,0.0868183885014803,,-1,,,0
ct_w5_i4,5,evaluation,problem_tree,256,0,sampled_diagonal_fisher,31,1,2.0,0.0519220521594849,0.3037885754189205,2,512,31,,0.0695659662763163,26,1.1378662992774655,0.0519220521594849,0.9598480075687268,0.9598480075687268,0.0,0,1,0.0118510262841831,0.0390107701313016,,-1,,,0
ct_w5_i4,5,evaluation,problem_tree,256,0,sampled_two_block_fisher,31,1,3.0,0.0410871614260575,0.3037885754189205,3,768,256,,-0.2525424083542043,26,1.1378662992774655,0.0410871614260575,0.9676992048940978,0.9676992048940978,0.0,0,1,0.0116123956522268,0.0382252546403811,,-1,,,0
ct_w5_i4,5,evaluation,problem_tree,256,0,sampled_star_fisher,31,1,3.0,0.0321712016714581,0.3037885754189205,3,768,94,,0.3001697257844402,26,1.1378662992774655,0.0321712016714581,0.9712547066647482,0.9712547066647482,0.0,0,1,0.0090538549187312,0.0298031448557475,,-1,,,0
ct_w5_i4,5,evaluation,problem_tree,256,0,sampled_full_fisher,31,1,4.0,0.0734797879785116,0.3037885754189205,4,1024,496,,0.1593469857393896,26,1.1378662992774655,0.0734797879785116,0.937919755517856,0.937919755517856,0.0,0,1,0.0240982265573465,0.0793256511510197,,-1,,,0
ct_w5_i4,5,evaluation,problem_tree,256,0,protected_ray_star,31,0,,2.000790565111465,0.3037885754189205,199,50944,94,,0.9214343180021334,26,1.1378662992774655,2.0027190797359005,7.879307167318727e-07,0.9982405562256236,2.0,2,0,0.0012316498140473,0.0040542993177045,449395205019.0372,17,2.5040831504516584e-14,0.0112532296078193,1
ct_w5_i4,5,evaluation,problem_tree,256,19,sampled_adam,31,0,,1.0291485449491873,0.2961192057079009,199,50944,62,,0.2334630227404147,26,1.5040645701703406,1.0291485449491873,6.51413744219027e-06,0.7970576428008442,1.0,7,1,0.0066910675077731,0.0225958579477394,,-1,,,0
ct_w5_i4,5,evaluation,problem_tree,256,19,sampled_diagonal_fisher,31,1,6.0,0.0058429957104468,0.2961192057079009,6,1536,31,,0.3291117333602461,26,1.5040645701703406,0.0058429957104468,0.995130364536318,0.995130364536318,0.0,0,1,0.0015517514576799,0.0052402931919606,,-1,,,0
ct_w5_i4,5,evaluation,problem_tree,256,19,sampled_two_block_fisher,31,1,6.0,0.0205294606942967,0.2961192057079009,6,1536,256,,-0.0154542134537076,26,1.5040645701703406,0.0205294606942967,0.984339231823582,0.984339231823582,0.0,0,1,0.0091980911690913,0.0310621229281715,,-1,,,0
ct_w5_i4,5,evaluation,problem_tree,256,19,sampled_star_fisher,31,1,4.0,0.0494274816199116,0.2961192057079009,4,1024,94,,0.6022315426230495,26,1.5040645701703406,0.0494274816199116,0.9594086734173938,0.9594086734173938,0.0,0,1,0.0190477322919756,0.0643245420250274,,-1,,,0
ct_w5_i4,5,evaluation,problem_tree,256,19,sampled_full_fisher,31,1,5.0,0.0710577268495793,0.2961192057079009,5,1280,496,,0.4006806638989976,26,1.5040645701703406,0.0710577268495793,0.9376580661889796,0.9376580661889796,0.0,0,1,0.0337552461786991,0.1139920867273842,,-1,,,0
ct_w5_i4,5,evaluation,problem_tree,256,19,protected_ray_star,31,0,,2.000857600572255,0.2961192057079009,199,50944,94,,0.9274597839615254,26,1.5040645701703406,2.003332371657276,1.6494292981876804e-07,0.998195910327714,2.0,2,0,0.0018919441842607,0.0063891302819681,5374135549.293766,16,3.386216478472947e-12,0.0181979863545658,1
ct_w5_i4,5,evaluation,problem_tree,256,42,sampled_adam,31,0,,1.0294426419091067,0.4436822744188027,199,50944,62,,0.0667037748675012,28,0.8995117830296931,1.0294426419091067,3.2613555500625506e-06,0.8255317364481989,1.0,6,1,0.006149978256291,0.0138612214435366,,-1,,,0
ct_w5_i4,5,evaluation,problem_tree,256,42,sampled_diagonal_fisher,31,0,,1.000107307491774,0.4436822744188027,199,50944,31,,0.0747668512240366,28,0.8995117830296931,1.000107307491774,7.13655032550751e-12,0.5005866094184148,1.0,6,1,3.230537479479742e-05,7.281195724376309e-05,,-1,,,0
ct_w5_i4,5,evaluation,problem_tree,256,42,sampled_two_block_fisher,31,1,7.0,0.0139526314485642,0.4436822744188027,7,1792,256,,-0.3360427317777614,28,0.8995117830296931,0.0139526314485642,0.988984993597874,0.988984993597874,0.0,0,1,0.0070194180149929,0.0158208213843746,,-1,,,0
ct_w5_i4,5,evaluation,problem_tree,256,42,sampled_star_fisher,31,0,,1.0001256125257587,0.4436822744188027,199,50944,94,,0.5520745122408462,28,0.8995117830296931,1.0001256125257587,7.685407133345645e-11,0.7250253240996662,1.0,7,1,3.212201538996942e-05,7.23986898779027e-05,,-1,,,0
ct_w5_i4,5,evaluation,problem_tree,256,42,sampled_full_fisher,31,1,6.0,0.0966304695125472,0.4436822744188027,6,1536,496,,0.0428633212514201,28,0.8995117830296931,0.0966304695125472,0.9192168324986688,0.9192168324986688,0.0,0,1,0.0597150803041198,0.134589736275453,,-1,,,0
ct_w5_i4,5,evaluation,problem_tree,256,42,protected_ray_star,31,0,,2.0006004590614115,0.4436822744188027,199,50944,94,,0.9628959709377994,28,0.8995117830296931,2.0030857618835918,2.787408516984331e-07,0.9980271378278692,2.0,2,0,0.0014385708279001,0.0032423446029809,5199395426.922969,16,2.544864400791112e-12,0.0132317563276123,1
ct_w5_i4,5,evaluation,problem_tree,256,50,sampled_adam,31,1,75.0,0.098426613388904,0.3722266680687635,75,19200,62,,0.3668705491424092,27,0.7373889660115658,0.098426613388904,0.9447785089009006,0.9447785089009006,0.0,0,1,0.0253132278629152,0.068004874541227,,-1,,,0
ct_w5_i4,5,evaluation,problem_tree,256,50,sampled_diagonal_fisher,31,1,3.0,0.016007850462909,0.3722266680687635,3,768,31,,0.1608938841691641,27,0.7373889660115658,0.016007850462909,0.986883273988888,0.986883273988888,0.0,0,1,0.0048359844506171,0.0129920418537119,,-1,,,0
ct_w5_i4,5,evaluation,problem_tree,256,50,sampled_two_block_fisher,31,1,3.0,0.0279992834658191,0.3722266680687635,3,768,256,,-0.3532577394303826,27,0.7373889660115658,0.0279992834658191,0.9783650506995458,0.9783650506995458,0.0,0,1,0.0069746329396219,0.018737596034719,,-1,,,0
ct_w5_i4,5,evaluation,problem_tree,256,50,sampled_star_fisher,31,1,3.0,0.0408069765592173,0.3722266680687635,3,768,94,,0.4135665309456598,27,0.7373889660115658,0.0408069765592173,0.9647209704290394,0.9647209704290394,0.0,0,1,0.014905591265236,0.0400443937630027,,-1,,,0
ct_w5_i4,5,evaluation,problem_tree,256,50,sampled_full_fisher,31,1,4.0,0.0894316650321265,0.3722266680687635,4,1024,496,,-0.0674496623022565,27,0.7373889660115658,0.0894316650321265,0.9257250995139956,0.9257250995139956,0.0,0,1,0.0291662324053406,0.0783561063925505,,-1,,,0
ct_w5_i4,5,evaluation,problem_tree,256,50,protected_ray_star,31,0,,1.578167508774662,0.3722266680687635,199,50944,94,,0.9673728885494882,27,0.7373889660115658,3.3384304265209828,0.00071860553194,0.2920572583485531,2.0,2,0,0.3284618828956123,0.8824243695374714,,-1,,,0
ct_w5_i4,5,evaluation,problem_tree,256,101,sampled_adam,31,0,,1.025231776207166,0.4215252868979525,199,50944,62,,0.0847579046127521,28,1.0946678171030093,1.025231776207166,4.584302688500265e-06,0.9418981188377372,1.0,7,1,0.0057331190648427,0.0136008900131076,455283.880034527,31,6.894802223141972e-07,0.3139092308222759,1
ct_w5_i4,5,evaluation,problem_tree,256,101,sampled_diagonal_fisher,31,1,5.0,0.0076138032297556,0.4215252868979525,5,1280,31,,0.0021302739148121,28,1.0946678171030093,0.0076138032297556,0.9938353174995108,0.9938353174995108,0.0,0,1,0.0022255346421157,0.0052797179938924,,-1,,,0
ct_w5_i4,5,evaluation,problem_tree,256,101,sampled_two_block_fisher,31,1,4.0,0.0623538162482031,0.4215252868979525,4,1024,256,,-0.2638359865486294,28,1.0946678171030093,0.0623538162482031,0.9532411677650304,0.9532411677650304,0.0,0,1,0.0198912066826729,0.0471886439578853,,-1,,,0
ct_w5_i4,5,evaluation,problem_tree,256,101,sampled_star_fisher,31,1,5.0,0.0188321220382121,0.4215252868979525,5,1280,94,,0.3770093579511593,28,1.0946678171030093,0.0188321220382121,0.9830710328214308,0.9830710328214308,0.0,0,1,0.0070831668449042,0.0168036582028801,,-1,,,0
ct_w5_i4,5,evaluation,problem_tree,256,101,sampled_full_fisher,31,1,5.0,0.0901265858386342,0.4215252868979511,5,1280,496,,0.1055761682117118,28,1.0946678171030093,0.0901265858386342,0.9204819540196872,0.9204819540196872,0.0,0,1,0.0418206854465184,0.099212756022969,,-1,,,0
ct_w5_i4,5,evaluation,problem_tree,256,101,protected_ray_star,31,0,,2.00031626422124,0.4215252868979511,199,50944,94,,0.8203621981970508,28,1.0946678171030093,2.0017116620642934,4.124907800086061e-07,0.9987797836142972,2.0,2,0,0.000694294111142,0.0016470995518475,740031755646.7607,17,7.721173580898353e-15,0.0057139136407255,1
ct_w5_i4,5,evaluation,width2,256,0,sampled_adam,42,0,,1.0161080460938354,0.3262625517101444,199,50944,84,,0.3696895792016978,38,0.6258535753883211,1.0161080460938354,5.28543726181556e-08,0.982505839200117,1.0,6,1,0.003328076089737,0.0102006070641344,319867196.4940662,42,1.5788809180647527e-10,0.0505032212859349,1
ct_w5_i4,5,evaluation,width2,256,0,sampled_diagonal_fisher,42,0,,1.000055334623486,0.3262625517101444,199,50944,42,,0.3798403952152136,38,0.6258535753883211,1.000055334623486,5.8653232027368376e-15,0.99987794332741,1.0,6,1,1.6131396778119585e-05,4.944299213490769e-05,121327002034.37076,40,1.080248772189932e-14,0.0013106334498111,1
ct_w5_i4,5,evaluation,width2,256,0,sampled_two_block_fisher,42,0,,1.0001224256354109,0.3262625517101444,199,50944,487,,0.3522377265149778,38,0.6258535753883211,1.0001224256354109,1.0318887794121883e-09,0.9323910661412343,1.0,6,1,3.0907671639041205e-05,9.473251366739738e-05,125789802333.05911,39,8.009425737350557e-12,1.0075040803026427,1
ct_w5_i4,5,evaluation,width2,256,0,sampled_star_fisher,42,0,,1.000065477793644,0.3262625517101444,199,50944,197,,0.5111623168157208,38,0.6258535753883211,1.000065477793644,2.429901959840168e-13,0.9737507472609296,1.0,6,1,1.5413404674015126e-05,4.724233471853852e-05,221084980565.1333,41,1.8461956088485205e-12,0.4081661203017095,1
ct_w5_i4,5,evaluation,width2,256,0,sampled_full_fisher,42,1,8.0,0.0422004813990923,0.3262625517101444,8,2048,903,,0.5555378030380649,38,0.6258535753883211,0.0422004813990923,0.9616932407805688,0.9616932407805688,0.0,0,1,0.034149888412307,0.1046699605373226,,-1,,,0
ct_w5_i4,5,evaluation,width2,256,0,protected_ray_star,42,0,,1.0001849663993028,0.3262625517101444,199,50944,197,,0.9778952626421886,38,0.6258535753883211,1.0008989539831656,3.733365801515299e-17,0.9990922765007296,1.0,8,1,0.0003658352578242,0.0011212909845357,622081603666.5654,26,1.0762645487318518e-14,0.0066952437644458,1
ct_w5_i4,5,evaluation,width2,256,19,sampled_adam,42,0,,1.0191863593510782,0.3053647200322589,199,50944,84,,0.287536373911246,38,0.5125227487708902,1.0191863593510782,2.594654942946457e-10,0.9831013411013168,1.0,6,1,0.0044204322251941,0.0144759100682199,104640487.39399236,42,6.321529456593777e-10,0.0661487923413452,1
ct_w5_i4,5,evaluation,width2,256,19,sampled_diagonal_fisher,42,0,,1.0000442096154956,0.3053647200322589,199,50944,42,,0.3907983421060559,38,0.5125227487708902,1.0000442096154956,2.019841563674717e-19,0.999961450232659,1.0,6,1,1.5204826550756004e-05,4.979234847152533e-05,638938449298.3695,41,4.578144292424795e-16,0.0002925152414866,1
ct_w5_i4,5,evaluation,width2,256,19,sampled_two_block_fisher,42,0,,1.000128934737793,0.3053647200322589,199,50944,487,,0.2422490754172057,38,0.5125227487708902,1.000128934737793,3.0177895815723535e-14,0.9269510234492074,1.0,6,1,3.699331103691961e-05,0.0001211446791659,362629014840.013,41,7.48404278852754e-12,2.713931063424245,1
ct_w5_i4,5,evaluation,width2,256,19,sampled_star_fisher,42,0,,1.0002338482992972,0.3053647200322589,199,50944,197,,0.5944727338116643,38,0.5125227487708902,1.0002338482992972,9.918935779613891e-16,0.7565321331424368,1.0,6,1,7.101133616762981e-05,0.0002325459737461,,-1,,,0
ct_w5_i4,5,evaluation,width2,256,19,sampled_full_fisher,42,0,,1.000329012493946,0.3053647200322589,199,50944,903,,0.629361399552751,38,0.5125227487708902,1.000329012493946,2.6363260247824537e-10,0.649775888539835,1.0,6,1,7.539869515194516e-05,0.0002469135764733,,-1,,,0
ct_w5_i4,5,evaluation,width2,256,19,protected_ray_star,42,0,,1.000235301748285,0.3053647200322589,199,50944,197,,0.9786879261299334,38,0.5125227487708902,1.0008186446422975,7.822989003389682e-17,0.9991699710288608,1.0,8,1,0.0003233808863473,0.0010589988467339,660553968318.2354,28,8.943009838790007e-15,0.0059073406377217,1
ct_w5_i4,5,evaluation,width2,256,42,sampled_adam,42,0,,1.0167220993048804,0.2684051950055966,199,50944,84,,0.123229892391098,41,0.7679530726839137,1.0167220993048804,1.9155596029874442e-13,0.9708110709387484,1.0,8,1,0.0034547723863774,0.0128714810691551,240961098.75612527,42,1.018790079286698e-09,0.2454887769067627,1
ct_w5_i4,5,evaluation,width2,256,42,sampled_diagonal_fisher,42,0,,1.0000415241663116,0.2684051950055966,199,50944,42,,0.2639475950792783,41,0.7679530726839137,1.0000415241663116,5.234856527438808e-24,0.8920037916397828,1.0,8,1,1.2755348965156538e-05,4.752273503830867e-05,,-1,,,0
ct_w5_i4,5,evaluation,width2,256,42,sampled_two_block_fisher,42,0,,1.0000972472509346,0.2684051950055966,199,50944,487,,0.0110709536144378,41,0.7679530726839137,1.0000972472509346,9.796820103507584e-17,0.6408781019466517,1.0,8,1,3.9692183621178686e-05,0.0001478815774052,,-1,,,0
ct_w5_i4,5,evaluation,width2,256,42,sampled_star_fisher,42,0,,1.000136147492091,0.2684051950055966,199,50944,197,,0.7414802221504654,41,0.7679530726839137,1.000136147492091,2.900419737449857e-17,0.936774274311217,1.0,8,1,4.250950207630695e-05,0.0001583780897959,155904241391.626,41,5.062967971484825e-12,0.7893381807844412,1
ct_w5_i4,5,evaluation,width2,256,42,sampled_full_fisher,42,0,,1.0002675358298545,0.2684051950055966,199,50944,903,,0.6596032242720777,41,0.7679530726839137,1.0002675358298545,1.5762281578280816e-14,0.5775865520991598,1.0,8,1,7.544526469912539e-05,0.0002810871998865,,-1,,,0
ct_w5_i4,5,evaluation,width2,256,42,protected_ray_star,42,0,,1.0002470778744996,0.2684051950055966,199,50944,197,,0.9785971614342946,41,0.7679530726839137,1.0004183758370555,1.6112582851725753e-17,0.9995742157862676,1.0,8,1,0.0001608362427379,0.0005992292464181,448107811092.7162,26,6.540437083641348e-15,0.0029308209451401,1
ct_w5_i4,5,evaluation,width2,256,50,sampled_adam,42,0,,1.0150130374679165,0.409013019461404,199,50944,84,,0.3696896157293516,41,0.7841802999718357,1.0150130374679165,6.041940420582767e-13,0.9813749860504762,1.0,8,1,0.0032597727378223,0.0079698507937836,70882126.07582149,42,1.404056945744758e-09,0.0995225414459128,1
ct_w5_i4,5,evaluation,width2,256,50,sampled_diagonal_fisher,42,0,,1.000082194339008,0.409013019461404,199,50944,42,,0.3177801624526118,41,0.7841802999718357,1.000082194339008,6.416145400810737e-24,0.9662886332530294,1.0,8,1,2.9487429304692585e-05,7.209410923770148e-05,916723432027.8011,35,5.676619063617228e-13,0.5203889710313628,1
ct_w5_i4,5,evaluation,width2,256,50,sampled_two_block_fisher,42,0,,1.0000620236155129,0.409013019461404,199,50944,487,,0.2323364039751738,41,0.7841802999718357,1.0000620236155129,1.97644043102666e-18,0.8897366949056914,1.0,8,1,1.640899032573774e-05,4.011850367830687e-05,,-1,,,0
ct_w5_i4,5,evaluation,width2,256,50,sampled_star_fisher,42,0,,1.0000514969748444,0.409013019461404,199,50944,197,,0.5234172760383496,41,0.7841802999718357,1.0000514969748444,1.840789297560314e-18,0.923783588851804,1.0,8,1,1.4197178177114586e-05,3.471082215380257e-05,799179407863.3383,40,1.408597151470608e-12,1.1257218374302655,1
ct_w5_i4,5,evaluation,width2,256,50,sampled_full_fisher,42,0,,1.000113357588143,0.409013019461404,199,50944,903,,0.7834678284984378,41,0.7841802999718357,1.000113357588143,1.5471873930143746e-11,0.8008683540360809,1.0,8,1,2.8216297983323904e-05,6.89863076253163e-05,,-1,,,0
ct_w5_i4,5,evaluation,width2,256,50,protected_ray_star,42,0,,1.0002072408766924,0.409013019461404,199,50944,197,,0.9787960661285025,41,0.7841802999718357,1.0022099880022708,1.5264447094650244e-17,0.9977842269677945,1.0,8,1,0.0009452595557048,0.002311074490855,876099543310.3464,22,1.9775372299061122e-14,0.0173251946399995,1
ct_w5_i4,5,evaluation,width2,256,101,sampled_adam,42,0,,1.0163441454836717,0.3452548524297625,199,50944,84,,0.260151949959903,41,0.8189756618525227,1.0163441454836717,2.962078285522658e-12,0.8526894036039445,1.0,9,1,0.0036097489146162,0.0104553169614048,,-1,,,0
ct_w5_i4,5,evaluation,width2,256,101,sampled_diagonal_fisher,42,0,,1.000042206695298,0.3452548524297625,199,50944,42,,0.3655929475598555,41,0.8189756618525227,1.000042206695298,3.162503775558594e-18,0.9977961463472655,1.0,6,1,1.343312729956124e-05,3.8907859527605136e-05,105878939311.63605,38,3.280293088169849e-13,0.0347313952806714,1
ct_w5_i4,5,evaluation,width2,256,101,sampled_two_block_fisher,42,0,,1.0002143454700685,0.3452548524297625,199,50944,487,,0.2196875032712233,41,0.8189756618525227,1.0002143454700685,1.874248546587165e-13,0.6997213446680721,1.0,6,1,8.144165611883375e-05,0.0002358885198735,,-1,,,0
ct_w5_i4,5,evaluation,width2,256,101,sampled_star_fisher,42,0,,1.0000331471269843,0.3452548524297625,199,50944,197,,0.6745719431114809,41,0.8189756618525227,1.0000331471269843,2.490370809713709e-13,0.999658875032876,1.0,6,1,9.105257941928355e-06,2.6372570516675644e-05,54509083958.18311,42,8.163165347319021e-14,0.0044496666528154,1
ct_w5_i4,5,evaluation,width2,256,101,sampled_full_fisher,42,0,,1.000273595049828,0.3452548524297551,199,50944,903,,0.7393683778910043,41,0.8189756618525227,1.000273595049828,3.822441828467087e-09,0.5217309997373086,1.0,6,1,9.917125379394864e-05,0.0002872407240507,,-1,,,0
ct_w5_i4,5,evaluation,width2,256,101,protected_ray_star,42,0,,1.0002604930303465,0.3452548524297551,199,50944,197,,0.9784046857457768,41,0.8189756618525227,1.001256473205606,2.132087269832796e-18,0.9987403084285832,1.0,8,1,0.0005380865040971,0.0015585197436337,2406647106.921048,21,4.097962064489273e-12,0.0098623485467753,1
ct_w5_i4,5,evaluation,width3,1024,0,sampled_adam,48,1,37.0,0.0967375174195321,0.2612066076802507,37,37888,96,,0.2628287668340778,48,0.5323546759556856,0.0967375174195321,0.9235715833059562,0.9235715833059562,0.0,0,1,0.0196881720509451,0.0753739433538599,,-1,,,0
ct_w5_i4,5,evaluation,width3,1024,0,sampled_star_fisher,48,1,3.0,0.0217090206835166,0.2612066076802507,3,3072,271,,0.4897730511929708,48,0.5323546759556856,0.0217090206835166,0.979947238175694,0.979947238175694,0.0,0,1,0.0053192881507139,0.0203642939891682,,-1,,,0
ct_w5_i4,5,evaluation,width3,1024,0,sampled_full_fisher,48,1,5.0,0.0375272504188579,0.2612066076802507,5,5120,1176,,0.8210569559454566,48,0.5323546759556856,0.0375272504188579,0.9649087977155104,0.9649087977155104,0.0,0,1,0.0202748937667512,0.0776201411855946,,-1,,,0
ct_w5_i4,5,evaluation,width3,1024,0,protected_ray_star,48,1,18.0,0.045719883715078,0.2612066076802507,18,18432,271,,0.9786997640332512,48,0.5323546759556856,0.045719883715078,0.9548119802824944,0.9548119802824944,0.0,0,1,0.0266861068801767,0.1021647465857518,,-1,,,0
ct_w5_i4,5,evaluation,width3,1024,19,sampled_adam,48,0,,1.0117607389678476,0.2317585054169633,199,203776,96,,0.3379226265275865,48,0.5373122724420797,1.0117607389678476,1.0689460908610925e-12,0.99007337320476,1.0,6,1,0.0024679188942295,0.0106486659024206,728017412.5155388,48,3.39294021887962e-11,0.0247011955896864,1
ct_w5_i4,5,evaluation,width3,1024,19,sampled_star_fisher,48,0,,1.000029352509248,0.2317585054169633,199,203776,271,,0.6103415849847097,48,0.5373122724420797,1.000029352509248,7.010098060079499e-15,0.9547100896837584,1.0,6,1,8.811327468183606e-06,3.801943515441167e-05,332132368304.6662,42,2.0817691133317974e-12,0.6914229058743949,1
ct_w5_i4,5,evaluation,width3,1024,19,sampled_full_fisher,48,0,,1.000105508233803,0.2317585054169633,199,203776,1176,,0.9083990141328416,48,0.5373122724420797,1.000105508233803,5.202533219981293e-10,0.7404864495937514,1.0,6,1,5.027474517278577e-05,0.0002169272928401,,-1,,,0
ct_w5_i4,5,evaluation,width3,1024,19,protected_ray_star,48,1,21.0,0.0419303294749795,0.2317585054169633,21,21504,271,,0.9786947539517812,48,0.5373122724420797,0.0419303294749795,0.9582700636987396,0.9582700636987396,0.0,0,1,0.024551963867126,0.1059377036581847,,-1,,,0
ct_w5_i4,5,evaluation,width3,1024,42,sampled_adam,48,0,,1.011291797492218,0.179973900688882,199,203776,96,,0.1376722158345675,48,0.4739425769224304,1.011291797492218,9.717447355322015e-14,0.9883446770081052,1.0,8,1,0.002305215046726,0.0128086074586502,162258388.579082,48,3.209430167353793e-10,0.052075696721192,1
ct_w5_i4,5,evaluation,width3,1024,42,sampled_star_fisher,48,1,4.0,0.0137978248700854,0.179973900688882,4,4096,271,,0.6598385415860308,48,0.4739425769224304,0.0137978248700854,0.9869527620569016,0.9869527620569016,0.0,0,1,0.0036954851494559,0.020533450324246,,-1,,,0
ct_w5_i4,5,evaluation,width3,1024,42,sampled_full_fisher,48,1,8.0,0.0398561940076049,0.179973900688882,8,8192,1176,,0.8960776577353085,48,0.4739425769224304,0.0398561940076049,0.9639509120826704,0.9639509120826704,0.0,0,1,0.0249750649769158,0.1387704821716892,,-1,,,0
ct_w5_i4,5,evaluation,width3,1024,42,protected_ray_star,48,1,22.0,0.0482244971900218,0.179973900688882,22,22528,271,,0.9772793685312688,48,0.4739425769224304,0.0482244971900218,0.951849593038714,0.951849593038714,0.0,0,1,0.0292991763155805,0.1627968066671487,,-1,,,0
ct_w5_i4,5,evaluation,width3,1024,50,sampled_adam,48,0,,2.00720582360826,0.2118237166114022,199,203776,96,,0.1627035744056688,48,0.6656684154723634,2.00720582360826,3.567882761714921e-17,0.7705847277447797,2.0,9,1,0.0016893242734643,0.0079751422573868,,-1,,,0
ct_w5_i4,5,evaluation,width3,1024,50,sampled_star_fisher,48,0,,1.000023604743399,0.2118237166114022,199,203776,271,,0.6452821019836734,48,0.6656684154723634,1.000023604743399,3.3246246674361747e-21,0.6699210963804584,1.0,9,1,6.0489415076397205e-06,2.8556488406521107e-05,,-1,,,0
ct_w5_i4,5,evaluation,width3,1024,50,sampled_full_fisher,48,1,14.0,0.0627245977092467,0.2118237166114022,14,14336,1176,,0.8502021639491325,48,0.6656684154723634,0.0627245977092467,0.93910859407554,0.93910859407554,0.0,0,1,0.0692693931954508,0.3270143414702135,,-1,,,0
ct_w5_i4,5,evaluation,width3,1024,50,protected_ray_star,48,1,24.0,0.0947336556980662,0.2118237166114022,24,24576,271,,0.9787250547562452,48,0.6656684154723634,0.0947336556980662,0.9054680635633008,0.9054680635633008,0.0,0,1,0.0589927721557419,0.2784993724945642,,-1,,,0
ct_w5_i4,5,evaluation,width3,1024,101,sampled_adam,48,0,,1.011868495412763,0.3041313457606087,199,203776,96,,0.2878600298654569,48,0.32088429090132,1.011868495412763,1.7335152230251405e-11,0.9881895803237528,1.0,6,1,0.0025027997685972,0.008229338420668,5348709323.000912,48,6.977287947164468e-12,0.0373194850922604,1
ct_w5_i4,5,evaluation,width3,1024,101,sampled_star_fisher,48,0,,1.0000098488303433,0.3041313457606087,199,203776,271,,0.6101792319667328,48,0.32088429090132,1.0000098488303433,1.7214782510443403e-11,0.9938167970348772,1.0,6,1,2.630953743594524e-06,8.650715489436692e-06,380617315871.7687,41,4.476885248946214e-13,0.1703980046919822,1
ct_w5_i4,5,evaluation,width3,1024,101,sampled_full_fisher,48,1,9.0,0.0441542594970751,0.3041313457606087,9,9216,1176,,0.8838673700548486,48,0.32088429090132,0.0441542594970751,0.9574580573429552,0.9574580573429552,0.0,0,1,0.0379801737944323,0.1248808264056007,,-1,,,0
ct_w5_i4,5,evaluation,width3,1024,101,protected_ray_star,48,1,26.0,0.0329992748294092,0.3041313457606087,26,26624,271,,0.978187819609302,48,0.32088429090132,0.0329992748294092,0.9670981234027236,0.9670981234027236,0.0,0,1,0.0200519863861447,0.0659319950595566,,-1,,,0
ct_w5_i4,5,evaluation,width3,256,0,sampled_adam,48,1,39.0,0.0964282313284936,0.2612066076802507,39,9984,96,,0.1877351610054028,44,0.514305772181667,0.0964282313284936,0.9229124777275678,0.9229124777275678,0.0,0,1,0.0194623915662171,0.0745095682649861,,-1,,,0
ct_w5_i4,5,evaluation,width3,256,0,sampled_diagonal_fisher,48,1,3.0,0.0145782149159394,0.2612066076802507,3,768,48,,0.2752875873764372,44,0.514305772181667,0.0145782149159394,0.986428534913254,0.986428534913254,0.0,0,1,0.0050936070714504,0.0195002994628897,,-1,,,0
ct_w5_i4,5,evaluation,width3,256,0,sampled_two_block_fisher,48,1,3.0,0.073618585783695,0.2612066076802507,3,768,664,,0.3379569821280977,44,0.514305772181667,0.073618585783695,0.9422357897440596,0.9422357897440596,0.0,0,1,0.0333219983786268,0.1275695078105262,,-1,,,0
ct_w5_i4,5,evaluation,width3,256,0,sampled_star_fisher,48,1,3.0,0.0824763946648552,0.2612066076802507,3,768,271,,0.5104541459075141,44,0.514305772181667,0.0824763946648552,0.9285125493798182,0.9285125493798182,0.0,0,1,0.0219692395774615,0.0841067527830483,,-1,,,0
ct_w5_i4,5,evaluation,width3,256,0,sampled_full_fisher,48,1,5.0,0.0508239151569309,0.2612066076802507,5,1280,1176,,0.6392888705798511,44,0.514305772181667,0.0508239151569309,0.9545612754688176,0.9545612754688176,0.0,0,1,0.0260771225844764,0.0998333189809582,,-1,,,0
ct_w5_i4,5,evaluation,width3,256,0,protected_ray_star,48,1,13.0,0.0636779259021587,0.2612066076802507,13,3328,271,,0.9790577535746758,44,0.514305772181667,0.0636779259021587,0.937031384415926,0.937031384415926,0.0,0,1,0.0351630958581135,0.1346179415995384,,-1,,,0
ct_w5_i4,5,evaluation,width3,256,19,sampled_adam,48,0,,1.012325633379584,0.2317585054169633,199,50944,96,,0.2127662150862175,48,0.4276227404092266,1.012325633379584,2.0387526556139067e-12,0.9892142645683324,1.0,6,1,0.0025881173957467,0.0111673027537453,601497368.0155287,48,4.6900099212717566e-11,0.0282102862361167,1
ct_w5_i4,5,evaluation,width3,256,19,sampled_diagonal_fisher,48,0,,1.0000421705721578,0.2317585054169633,199,50944,48,,0.3750114310323962,48,0.4276227404092266,1.0000421705721578,1.042277859690872e-22,0.9990452924151736,1.0,6,1,1.1304708155359951e-05,4.877796452398296e-05,604405472358.9769,36,2.4216066006600823e-14,0.0146363228133957,1
ct_w5_i4,5,evaluation,width3,256,19,sampled_two_block_fisher,48,0,,1.0001047809717516,0.2317585054169633,199,50944,664,,0.5425828418812022,48,0.4276227404092266,1.0001047809717516,4.891137733433161e-20,0.9588126121087476,1.0,6,1,7.082802559282745e-05,0.0003056113322158,492868055008.26697,42,1.5628159413057038e-12,0.7702620533272562,1
ct_w5_i4,5,evaluation,width3,256,19,sampled_star_fisher,48,0,,1.0000575904982636,0.2317585054169633,199,50944,271,,0.6413682551871006,48,0.4276227404092266,1.0000575904982636,9.311243875531748e-12,0.9955452154983389,1.0,6,1,1.6381981811275778e-05,7.068556893652073e-05,533101368696.0181,43,1.3160794483529868e-13,0.0701603755229677,1
ct_w5_i4,5,evaluation,width3,256,19,sampled_full_fisher,48,0,,1.0003686528206668,0.2317585054169633,199,50944,1176,,0.8510583245782212,48,0.4276227404092266,1.0003686528206668,3.164476658822409e-09,0.7204351119654712,1.0,6,1,0.0001634428093603,0.0007052289583342,,-1,,,0
ct_w5_i4,5,evaluation,width3,256,19,protected_ray_star,48,1,16.0,0.0724556898210124,0.2317585054169633,16,4096,271,,0.9787983617144278,48,0.4276227404092266,0.0724556898210124,0.9286413047042472,0.9286413047042472,0.0,0,1,0.0401113276109069,0.1730738103386605,,-1,,,0
ct_w5_i4,5,evaluation,width3,256,42,sampled_adam,48,0,,1.011463116891699,0.179973900688882,199,50944,96,,0.1627040464767939,48,0.4047642546861743,1.011463116891699,1.0594415196219031e-10,0.9784868619238803,1.0,7,1,0.0023312515583188,0.0129532757216216,2683809290.408822,48,8.000682646070559e-11,0.214723064151368,1
ct_w5_i4,5,evaluation,width3,256,42,sampled_diagonal_fisher,48,0,,1.000040319205521,0.179973900688882,199,50944,48,,0.3237829461331188,48,0.4047642546861743,1.000040319205521,1.2215454651563956e-14,0.9935555529291172,1.0,5,1,1.1270202930715825e-05,6.262131835547888e-05,216128133734.60403,44,8.641011309569313e-13,0.1867565647916822,1
ct_w5_i4,5,evaluation,width3,256,42,sampled_two_block_fisher,48,0,,1.0001595249585955,0.179973900688882,199,50944,664,,0.4916866177331181,48,0.4047642546861743,1.0001595249585955,1.1779096485430342e-14,0.6463097806004123,1.0,5,1,6.050096820189946e-05,0.0003361652326827,,-1,,,0
ct_w5_i4,5,evaluation,width3,256,42,sampled_star_fisher,48,1,6.0,0.0153943031330268,0.179973900688882,6,1536,271,,0.7003312955728969,48,0.4047642546861743,0.0153943031330268,0.9857954530861868,0.9857954530861868,0.0,0,1,0.0072485531682638,0.0402755796285947,,-1,,,0
ct_w5_i4,5,evaluation,width3,256,42,sampled_full_fisher,48,1,9.0,0.0860516053176994,0.179973900688882,9,2304,1176,,0.90648772819821,48,0.4047642546861743,0.0860516053176994,0.9221592530345332,0.9221592530345332,0.0,0,1,0.0535521007100982,0.2975548149210418,,-1,,,0
ct_w5_i4,5,evaluation,width3,256,42,protected_ray_star,48,1,16.0,0.0830669038917921,0.179973900688882,16,4096,271,,0.977185519392148,48,0.4047642546861743,0.0830669038917921,0.9173626160693528,0.9173626160693528,0.0,0,1,0.0475379577060408,0.2641380640419576,,-1,,,0
ct_w5_i4,5,evaluation,width3,256,50,sampled_adam,48,0,,2.008315607334403,0.2118237166114022,199,50944,96,,0.2878600376570538,48,0.5583145691166724,2.008315607334403,2.293707329218924e-16,0.6527182919859474,2.0,9,1,0.001880657591962,0.0088784089999334,,-1,,,0
ct_w5_i4,5,evaluation,width3,256,50,sampled_diagonal_fisher,48,0,,1.000032436191825,0.2118237166114022,199,50944,48,,0.2790548565004098,48,0.5583145691166724,1.000032436191825,4.569638788870444e-25,0.997049284857074,1.0,9,1,9.095854925220032e-06,4.294068233117959e-05,326127010469.55774,41,1.7924768034903842e-13,0.0584575101258347,1
ct_w5_i4,5,evaluation,width3,256,50,sampled_two_block_fisher,48,0,,1.0001458705087156,0.2118237166114022,199,50944,664,,0.4294556085540743,48,0.5583145691166724,1.0001458705087156,2.9551794764900894e-19,0.5535347009057748,1.0,9,1,4.083479778787503e-05,0.0001927772698974,,-1,,,0
ct_w5_i4,5,evaluation,width3,256,50,sampled_star_fisher,48,0,,1.0001034876088075,0.2118237166114022,199,50944,271,,0.5523125167847619,48,0.5583145691166724,1.0001034876088075,2.6838627536942984e-17,0.7391756217640644,1.0,9,1,3.493909668966297e-05,0.0001649442151643,,-1,,,0
ct_w5_i4,5,evaluation,width3,256,50,sampled_full_fisher,48,1,12.0,0.0509342400008101,0.2118237166114022,12,3072,1176,,0.7883471942227519,48,0.5583145691166724,0.0509342400008101,0.9521917727599104,0.9521917727599104,0.0,0,1,0.0502944117168863,0.2374352245417029,,-1,,,0
ct_w5_i4,5,evaluation,width3,256,50,protected_ray_star,48,1,26.0,0.0230681859876895,0.2118237166114022,26,6656,271,,0.9786869872431436,48,0.5583145691166724,0.0230681859876895,0.9770510804013074,0.9770510804013074,0.0,0,1,0.0139473192540923,0.0658439927181485,,-1,,,0
ct_w5_i4,5,evaluation,width3,256,101,sampled_adam,48,0,,1.01151788080991,0.3041313457606087,199,50944,96,,0.312891288335186,42,0.3428920604152292,1.01151788080991,2.284280796079827e-11,0.9883259968482582,1.0,6,1,0.0023950405321688,0.0078750203343197,4841835063.81007,48,7.903446769183713e-12,0.0382671856919901,1
ct_w5_i4,5,evaluation,width3,256,101,sampled_diagonal_fisher,48,0,,1.0000188849559066,0.3041313457606087,199,50944,48,,0.2170937841355538,42,0.3428920604152292,1.0000188849559066,1.6053886170513038e-20,0.997967391331296,1.0,6,1,7.480302745804821e-06,2.459563228215484e-05,671820218578.7168,39,4.8055537762753997e-14,0.0322846818836911,1
ct_w5_i4,5,evaluation,width3,256,101,sampled_two_block_fisher,48,0,,1.0001282091050587,0.3041313457606087,199,50944,664,,0.3305023765288895,42,0.3428920604152292,1.0001282091050587,7.176526537623835e-13,0.9506794463381576,1.0,6,1,4.8640489594102776e-05,0.0001599325103187,683035895866.7095,47,1.09666821805058e-12,0.7490637587847259,1
ct_w5_i4,5,evaluation,width3,256,101,sampled_star_fisher,48,0,,1.00012035396146,0.3041313457606087,199,50944,271,,0.5535060162759637,42,0.3428920604152292,1.00012035396146,3.726247767579759e-12,0.9738557781705824,1.0,6,1,3.630101103430612e-05,0.0001193596501653,581891228497.3502,40,6.962877564821058e-13,0.4051637380070364,1
ct_w5_i4,5,evaluation,width3,256,101,sampled_full_fisher,48,1,12.0,0.0689514956775667,0.3041313457606049,12,3072,1176,,0.5954945897109885,42,0.3428920604152292,0.0689514956775667,0.9353307347117048,0.9353307347117048,0.0,0,1,0.0595245742812703,0.1957199582055732,,-1,,,0
ct_w5_i4,5,evaluation,width3,256,101,protected_ray_star,48,1,17.0,0.0458411972382073,0.3041313457606049,17,4352,271,,0.9784462330883036,42,0.3428920604152292,0.0458411972382073,0.9544497408502188,0.9544497408502188,0.0,0,1,0.0270258368038042,0.0888623852178572,,-1,,,0
ct_w5_i4,5,evaluation,width3,64,0,sampled_adam,48,1,42.0,0.0989415053143094,0.2612066076802507,42,2688,96,,0.1877352131817463,34,0.5185946632686794,0.0989415053143094,0.9225774496326868,0.9225774496326868,0.0,0,1,0.0200620611725822,0.0768053356335484,,-1,,,0
ct_w5_i4,5,evaluation,width3,64,0,sampled_star_fisher,48,1,3.0,0.0421065396185262,0.2612066076802507,3,192,271,,0.4202360709389687,34,0.5185946632686794,0.0421065396185262,0.9629388846685448,0.9629388846685448,0.0,0,1,0.0094980897817644,0.0363623641305095,,-1,,,0
ct_w5_i4,5,evaluation,width3,64,0,sampled_full_fisher,48,1,5.0,0.0872765086534617,0.2612066076802507,5,320,1176,,0.4531623136946703,34,0.5185946632686794,0.0872765086534617,0.92984535565591,0.92984535565591,0.0,0,1,0.0253956394311678,0.0972243376869519,,-1,,,0
ct_w5_i4,5,evaluation,width3,64,0,protected_ray_star,48,1,9.0,0.0919228285681121,0.2612066076802507,9,576,271,,0.9785177087035992,34,0.5185946632686794,0.0919228285681121,0.9164859415166128,0.9164859415166128,0.0,0,1,0.037234971122053,0.1425498820750863,,-1,,,0
ct_w5_i4,5,evaluation,width3,64,19,sampled_adam,48,0,,1.0156248554001266,0.2317585054169633,199,12736,96,,0.3128913560176904,39,0.4831386411352534,1.0156248554001266,8.315419575436449e-12,0.9845083190671418,1.0,6,1,0.0031786651835203,0.0137154197547205,556153066.661301,48,9.525048424125117e-11,0.0529738489117457,1
ct_w5_i4,5,evaluation,width3,64,19,sampled_star_fisher,48,0,,1.0002280619523756,0.2317585054169633,199,12736,271,,0.6145250607141624,39,0.4831386411352534,1.0002280619523756,4.953354514023047e-17,0.999771761584491,1.0,6,1,5.59357718158601e-05,0.0002413536958016,158070583022.2628,48,5.1556744463099166e-15,0.0008149604656011,1
ct_w5_i4,5,evaluation,width3,64,19,sampled_full_fisher,48,0,,1.0007077047786537,0.2317585054169633,199,12736,1176,,0.5561162590664822,39,0.4831386411352534,1.0007077047786537,7.525704429019715e-14,0.7220321876589091,1.0,6,1,0.0001523442042941,0.0006573402948904,,-1,,,0
ct_w5_i4,5,evaluation,width3,64,19,protected_ray_star,48,1,15.0,0.0594904449579374,0.2317585054169633,15,960,271,,0.9776970313514232,39,0.4831386411352534,0.0594904449579374,0.9411982312620076,0.9411982312620076,0.0,0,1,0.0331976872129479,0.1432425841425801,,-1,,,0
ct_w5_i4,5,evaluation,width3,64,42,sampled_adam,48,0,,1.0145351631993993,0.179973900688882,199,12736,96,,0.2127661724095414,46,0.6243126458478435,1.0145351631993993,2.519472727241372e-13,0.984134271272798,1.0,8,1,0.003017215375014,0.0167647384618829,30950645.3356656,48,2.685488868459261e-09,0.0831176135205605,1
ct_w5_i4,5,evaluation,width3,64,42,sampled_star_fisher,48,1,6.0,0.0347195445710717,0.179973900688882,6,384,271,,0.6477217801149855,46,0.6243126458478435,0.0347195445710717,0.9681945590941828,0.9681945590941828,0.0,0,1,0.0108943817998658,0.0605331204033786,,-1,,,0
ct_w5_i4,5,evaluation,width3,64,42,sampled_full_fisher,48,1,8.0,0.0652210371473991,0.179973900688882,8,512,1176,,0.6339597663341704,46,0.6243126458478435,0.0652210371473991,0.944805968712926,0.944805968712926,0.0,0,1,0.0268870284510222,0.1493940418477753,,-1,,,0
ct_w5_i4,5,evaluation,width3,64,42,protected_ray_star,48,1,10.0,0.0996839892026884,0.179973900688882,10,640,271,,0.977819481835374,46,0.6243126458478435,0.0996839892026884,0.9029801194456334,0.9029801194456334,0.0,0,1,0.0507839063262006,0.2821737270338437,,-1,,,0
ct_w5_i4,5,evaluation,width3,64,50,sampled_adam,48,0,,2.010349130993003,0.2118237166114022,199,12736,96,,0.1126409013265798,36,0.549680583071385,2.010349130993003,1.8398708077708798e-15,0.5974327550760786,2.0,9,1,0.0020962764580334,0.0098963255463935,,-1,,,0
ct_w5_i4,5,evaluation,width3,64,50,sampled_star_fisher,48,0,,1.0002247772685475,0.2118237166114022,199,12736,271,,0.3886636258393163,36,0.549680583071385,1.0002247772685475,2.275394829879293e-20,0.7972098024375971,1.0,8,1,5.820771041356265e-05,0.000274793169267,,-1,,,0
ct_w5_i4,5,evaluation,width3,64,50,sampled_full_fisher,48,0,,1.000560151443814,0.2118237166114022,199,12736,1176,,0.4842572075937296,36,0.549680583071385,1.000560151443814,1.9040137968183323e-11,0.5428589881467816,1.0,8,1,0.000147581785992,0.000696719840219,,-1,,,0
ct_w5_i4,5,evaluation,width3,64,50,protected_ray_star,48,1,20.0,0.0314328677223105,0.2118237166114022,20,1280,271,,0.9787601318985708,36,0.549680583071385,0.0314328677223105,0.96995141173026,0.96995141173026,0.0,0,1,0.0173323331501263,0.0818243274520725,,-1,,,0
ct_w5_i4,5,evaluation,width3,64,101,sampled_adam,48,0,,1.01384238951624,0.3041313457606087,199,12736,96,,-0.0876093875991267,29,0.3397469367079221,1.01384238951624,4.424955018176867e-10,0.9848448840912716,1.0,6,1,0.0028014717022855,0.0092113875841348,1101919115.3581512,48,5.843929226527011e-11,0.0643953732351028,1
ct_w5_i4,5,evaluation,width3,64,101,sampled_star_fisher,48,1,5.0,0.0468818497944578,0.3041313457606087,5,320,271,,0.4205587172795398,29,0.3397469367079221,0.0468818497944578,0.9649214322219216,0.9649214322219216,0.0,0,1,0.0158416869522132,0.0520883071509594,,-1,,,0
ct_w5_i4,5,evaluation,width3,64,101,sampled_full_fisher,48,1,9.0,0.0603606889458898,0.3041313457606087,9,576,1176,,0.3045797053507748,29,0.3397469367079221,0.0603606889458898,0.9490731496309656,0.9490731496309656,0.0,0,1,0.0436080888108792,0.1433857095585423,,-1,,,0
ct_w5_i4,5,evaluation,width3,64,101,protected_ray_star,48,1,12.0,0.057447017277866,0.3041313457606087,12,768,271,,0.9781112963806552,29,0.3397469367079221,0.057447017277866,0.9444728152499576,0.9444728152499576,0.0,0,1,0.0283806166934555,0.0933169733704293,,-1,,,0
ct_w5_i5,5,evaluation,chain,256,0,sampled_adam,31,0,,2.0313359562561377,0.3602525385031582,199,50944,62,,-0.5288485328550498,28,2.0374020679008504,2.0313359562561377,6.662072945092137e-19,0.9649108133547732,2.0,8,0,0.0082634599016926,0.0229379643958296,3773.334836294255,31,2.312172803671677e-05,0.0872460218762649,1
ct_w5_i5,5,evaluation,chain,256,0,sampled_diagonal_fisher,31,0,,1.00001760392513,0.3602525385031582,199,50944,31,,-0.6026050436796395,28,2.0374020679008504,1.00001760392513,7.338937291191377e-43,0.9999856704266068,1.0,9,1,5.177545118475107e-06,1.437198788379868e-05,3663653.811230892,31,2.055988214509784e-11,7.532429057934566e-05,1
ct_w5_i5,5,evaluation,chain,256,0,sampled_two_block_fisher,31,0,,1.0000528303983316,0.3602525385031582,199,50944,256,,-0.6925764819742608,28,2.0374020679008504,1.0000528303983316,9.410618521318447e-42,0.9999649695461464,1.0,9,1,1.3381556485116008e-05,3.714493322022406e-05,394515.59822117904,31,2.1698573365739389e-10,8.560425651930818e-05,1
ct_w5_i5,5,evaluation,chain,256,0,sampled_star_fisher,31,0,,1.0001017902282978,0.3602525385031582,199,50944,90,,-0.1297191965135771,28,2.0374020679008504,1.0001017902282978,2.315783164139513e-37,0.9999126200744952,1.0,9,1,3.587780704159492e-05,9.95907126447088e-05,1791437.8172118145,31,2.964777704135749e-10,0.0005311214898815,1
ct_w5_i5,5,evaluation,chain,256,0,sampled_full_fisher,31,0,,1.0000709020226672,0.3602525385031582,199,50944,496,,-0.4954943378783862,28,2.0374020679008504,1.0000709020226672,4.749156506043388e-37,0.9998844256232006,1.0,9,1,1.7733187498140025e-05,4.9224323503232064e-05,967228.7295447076,31,8.144484097064266e-10,0.0007877579006,1
ct_w5_i5,5,evaluation,chain,256,0,protected_ray_star,31,0,,2.8444670859060324,0.3602525385031582,199,50944,90,,-0.980823882245128,28,2.0374020679008504,3.57293988867098,2.163502575961524e-08,0.0992392371475407,2.0,8,0,0.2511108874234495,0.6970412712893296,,-1,,,0
ct_w5_i5,5,evaluation,chain,256,19,sampled_adam,31,0,,1.041857243827744,0.3352478989959929,199,50944,62,,-0.5375903928699343,26,2.0049638416927524,1.041857243827744,4.557810594109327e-20,0.9695050530244222,1.0,9,1,0.0095086051650536,0.0283629075485043,2364.776444672094,31,4.248387622653553e-05,0.1004648697788759,1
ct_w5_i5,5,evaluation,chain,256,19,sampled_diagonal_fisher,31,0,,1.0000528913219,0.3352478989959929,199,50944,31,,-0.6070118356749309,26,2.0049638416927524,1.0000528913219,7.133879495797682e-42,0.9999582671685848,1.0,9,1,1.8045174517308893e-05,5.382636124298152e-05,3336259.4994265675,31,7.904198613695998e-11,0.0002637045771029,1
ct_w5_i5,5,evaluation,chain,256,19,sampled_two_block_fisher,31,0,,1.000042447451099,0.3352478989959929,199,50944,256,,-0.6900395691098582,26,2.0049638416927524,1.000042447451099,2.5860960313917225e-39,0.9998637182037844,1.0,9,1,1.365634345846522e-05,4.073506053091909e-05,10661736.67625998,31,1.2907170986690115e-10,0.0013761285829555,1
ct_w5_i5,5,evaluation,chain,256,19,sampled_star_fisher,31,0,,1.000061020492037,0.3352478989959929,199,50944,90,,-0.1408523717802849,26,2.0049638416927524,1.000061020492037,8.986849364730681e-35,0.999948162915131,1.0,7,1,2.5782054416838655e-05,7.69044474075789e-05,554809.8568095684,31,8.51350889128562e-10,0.0004723378648921,1
ct_w5_i5,5,evaluation,chain,256,19,sampled_full_fisher,31,0,,2.0000662815997163,0.3352478989959929,199,50944,496,,-0.6301457089339728,26,2.0049638416927524,2.0000662815997163,7.620897627125634e-30,0.474154316999717,2.0,7,1,3.77080387556141e-05,0.0001124780762789,,-1,,,0
ct_w5_i5,5,evaluation,chain,256,19,protected_ray_star,31,0,,2.8848620163830603,0.3352478989959929,199,50944,90,,-0.981609224103156,26,2.0049638416927524,4.589690834092687,1.4935052769678783e-08,0.0285963755294702,1.0,9,1,0.3501605244676776,1.044482383085309,,-1,,,0
ct_w5_i5,5,evaluation,chain,256,42,sampled_adam,31,0,,1.0460348589441786,0.3119806352294121,199,50944,62,,-0.6017932353915633,27,2.3051521223953992,1.0460348589441786,2.537665211460439e-17,0.974961503092828,1.0,7,1,0.0119378878659009,0.0382648360758755,1733.4225918341028,31,4.45959720810877e-05,0.0773036655101603,1
ct_w5_i5,5,evaluation,chain,256,42,sampled_diagonal_fisher,31,0,,2.000060941183058,0.3119806352294121,199,50944,31,,-0.7346207952888955,27,2.3051521223953992,2.000060941183058,1.5327092813619405e-36,0.999964886403347,2.0,8,1,1.6911279569060073e-05,5.4206183523616825e-05,552615.3908491867,31,1.8659301363964527e-10,0.0001031141711622,1
ct_w5_i5,5,evaluation,chain,256,42,sampled_two_block_fisher,31,0,,2.000051924807904,0.3119806352294121,199,50944,256,,-0.7395932313991578,27,2.3051521223953992,2.000051924807904,4.5452835220705e-41,0.8278535318473683,2.0,11,1,1.3617135625349954e-05,4.364737450879512e-05,,-1,,,0
ct_w5_i5,5,evaluation,chain,256,42,sampled_star_fisher,31,0,,1.0000793947064022,0.3119806352294121,199,50944,90,,-0.3760943658918598,27,2.3051521223953992,1.0000793947064022,7.348764494897042e-36,0.9999645169377348,1.0,9,1,2.278366579046521e-05,7.30291025073125e-05,93121.84930946816,31,1.3395494941523383e-09,0.000124741326137,1
ct_w5_i5,5,evaluation,chain,256,42,sampled_full_fisher,31,0,,2.0000631975891867,0.3119806352294121,199,50944,496,,-0.6757950047691239,27,2.3051521223953992,2.0000631975891867,5.0344853456270045e-34,0.9417508534273208,2.0,10,1,1.9726553878993137e-05,6.32300587005581e-05,1687480619.451794,31,2.5977444460358395e-10,0.4383643406974016,1
ct_w5_i5,5,evaluation,chain,256,42,protected_ray_star,31,0,,2.4928687514611667,0.3119806352294121,199,50944,90,,-0.982374821121616,27,2.3051521223953992,3.2497648813005764,5.354635911231913e-09,0.1510646886671938,1.0,7,1,0.317065834604352,1.016299727613544,,-1,,,0
ct_w5_i5,5,evaluation,chain,256,50,sampled_adam,31,0,,2.036880071570467,0.2901893095703368,199,50944,62,,-0.5653207855029861,27,2.312053993588852,2.036880071570467,1.6165726219259082e-19,0.9769266682642418,2.0,8,1,0.0083512629046573,0.0287786718160724,9837.09558671471,31,4.383473901643166e-06,0.043120651772333,1
ct_w5_i5,5,evaluation,chain,256,50,sampled_diagonal_fisher,31,0,,2.0000851694087167,0.2901893095703368,199,50944,31,,-0.6339851414474784,27,2.312053993588852,2.0000851694087167,1.2008021818616855e-32,0.9990339048324004,2.0,6,1,2.820358413776317e-05,9.719029339682522e-05,24315080.731390163,31,2.7420608101601875e-10,0.0066673429969426,1
ct_w5_i5,5,evaluation,chain,256,50,sampled_two_block_fisher,31,0,,2.000146620793327,0.2901893095703368,199,50944,256,,-0.7084053271631876,27,2.312053993588852,2.000146620793327,7.470441606929287e-28,0.7956724924875548,2.0,6,1,4.697149399448727e-05,0.0001618650048274,,-1,,,0
ct_w5_i5,5,evaluation,chain,256,50,sampled_star_fisher,31,0,,2.000059309743188,0.2901893095703368,199,50944,90,,-0.1332062954144837,27,2.312053993588852,2.000059309743188,1.2058911603964908e-27,0.7551653452030432,2.0,6,1,2.0426796969875498e-05,7.039128009270928e-05,,-1,,,0
ct_w5_i5,5,evaluation,chain,256,50,sampled_full_fisher,31,0,,2.0000572574815862,0.2901893095703368,199,50944,496,,-0.5599586855427974,27,2.312053993588852,2.0000572574815862,1.609656635112864e-26,0.4697352381522527,2.0,5,1,2.365684758494797e-05,8.152211954318725e-05,,-1,,,0
ct_w5_i5,5,evaluation,chain,256,50,protected_ray_star,31,0,,3.44629958099182,0.2901893095703368,199,50944,90,,-0.9833900178581098,27,2.312053993588852,4.871988140977031,2.150418230130662e-06,0.0918721246756186,2.0,6,0,0.4873774611384003,1.679515561272834,,-1,,,0
ct_w5_i5,5,evaluation,chain,256,101,sampled_adam,31,0,,1.0503239561153332,0.3305809319981128,199,50944,62,,-0.6017930845365868,26,1.8782159153465765,1.0503239561153332,2.2850356144895947e-18,0.958207851630679,1.0,9,1,0.0120341188092823,0.0364029429542265,9804.105837924732,31,2.4038145561702143e-05,0.2356725232343685,1
ct_w5_i5,5,evaluation,chain,256,101,sampled_diagonal_fisher,31,0,,2.0001376945820475,0.3305809319981128,199,50944,31,,-0.6422173017784366,26,1.8782159153465765,2.0001376945820475,3.1383125330347275e-36,0.9999137649916572,2.0,8,1,3.546093842908027e-05,0.0001072685536178,1316970.601979684,31,1.6390880530133679e-10,0.0002158630779874,1
ct_w5_i5,5,evaluation,chain,256,101,sampled_two_block_fisher,31,0,,3.00013190307687,0.3305809319981128,199,50944,256,,-0.7418385656137545,26,1.8782159153465765,3.00013190307687,7.123964270804054e-28,0.8312685320752062,3.0,8,1,4.214515592753873e-05,0.0001274881635574,,-1,,,0
ct_w5_i5,5,evaluation,chain,256,101,sampled_star_fisher,31,0,,1.0000504919114397,0.3305809319981128,199,50944,90,,-0.1718718286067807,26,1.8782159153465765,1.0000504919114397,2.785689942447626e-36,0.9998492506516274,1.0,12,1,1.2155897021950498e-05,3.677131935129245e-05,22614327.848801088,31,6.199972558442542e-11,0.0014020821209018,1
ct_w5_i5,5,evaluation,chain,256,101,sampled_full_fisher,31,0,,1.000218071775361,0.3305809319981202,199,50944,496,,-0.7696215067416703,26,1.8782159153465765,1.000218071775361,5.87049441088936e-35,0.9994239650768976,1.0,12,1,6.228479328536791e-05,0.0001884101206591,2197150043.382481,31,2.424760304058705e-12,0.0053275622072547,1
ct_w5_i5,5,evaluation,chain,256,101,protected_ray_star,31,0,,2.124199306831338,0.3305809319981202,199,50944,90,,-0.9818694403385996,26,1.8782159153465765,3.2041622210115417,5.260158077709167e-10,0.1115992084623938,1.0,12,1,0.3558923364004534,1.0765664379047644,,-1,,,0
ct_w5_i5,5,evaluation,problem_tree,256,0,sampled_adam,31,1,95.0,0.0987397159442942,0.3175527575161361,95,24320,62,,0.3306801470929422,31,0.8253746996767709,0.0987397159442942,0.953258628306492,0.953258628306492,0.0,0,1,0.0264120219683038,0.0831736501830305,,-1,,,0
ct_w5_i5,5,evaluation,problem_tree,256,0,sampled_diagonal_fisher,31,1,4.0,0.0476646310774633,0.3175527575161361,4,1024,31,,0.3060151256156657,31,0.8253746996767709,0.0476646310774633,0.9570115912604708,0.9570115912604708,0.0,0,1,0.0173581237315882,0.0546621728854178,,-1,,,0
ct_w5_i5,5,evaluation,problem_tree,256,0,sampled_two_block_fisher,31,1,3.0,0.0940771020557047,0.3175527575161361,3,768,256,,-0.0468022792178418,31,0.8253746996767709,0.0940771020557047,0.9140589793254628,0.9140589793254628,0.0,0,1,0.0336975765778672,0.1061164665721883,,-1,,,0
ct_w5_i5,5,evaluation,problem_tree,256,0,sampled_star_fisher,31,1,4.0,0.079495815173086,0.3175527575161361,4,1024,96,,0.6012115980930115,31,0.8253746996767709,0.079495815173086,0.9269738913256046,0.9269738913256046,0.0,0,1,0.0311827314579042,0.0981970104804388,,-1,,,0
ct_w5_i5,5,evaluation,problem_tree,256,0,sampled_full_fisher,31,1,5.0,0.0767516376673764,0.3175527575161361,5,1280,496,,0.6285596878404854,31,0.8253746996767709,0.0767516376673764,0.9385845864346272,0.9385845864346272,0.0,0,1,0.0227932147261543,0.0717777257059283,,-1,,,0
ct_w5_i5,5,evaluation,problem_tree,256,0,protected_ray_star,31,0,,0.760401995679171,0.3175527575161361,199,50944,96,,0.9736476755959348,31,0.8253746996767709,1.7662073154592193,0.3185847121740027,0.3185847121740027,0.0,0,1,0.329606990567251,1.0379597807476209,,-1,,,0
ct_w5_i5,5,evaluation,problem_tree,256,19,sampled_adam,31,1,112.0,0.0991155550750129,0.3853179386490582,112,28672,62,,0.066136218674887,28,0.9615117857500723,0.0991155550750129,0.9448189306739002,0.9448189306739002,0.0,0,1,0.0203452062528141,0.0528010876528233,,-1,,,0
ct_w5_i5,5,evaluation,problem_tree,256,19,sampled_diagonal_fisher,31,1,3.0,0.083500581724591,0.3853179386490582,3,768,31,,0.1720119362965686,28,0.9615117857500723,0.083500581724591,0.9242064671679328,0.9242064671679328,0.0,0,1,0.0323328072440862,0.0839120217383248,,-1,,,0
ct_w5_i5,5,evaluation,problem_tree,256,19,sampled_two_block_fisher,31,1,4.0,0.0337132640513875,0.3853179386490582,4,1024,256,,-0.197086705272706,28,0.9615117857500723,0.0337132640513875,0.9732245246885044,0.9732245246885044,0.0,0,1,0.0083587522285174,0.0216931302441397,,-1,,,0
ct_w5_i5,5,evaluation,problem_tree,256,19,sampled_star_fisher,31,1,4.0,0.0635689210305958,0.3853179386490582,4,1024,96,,0.6525637272198368,28,0.9615117857500723,0.0635689210305958,0.9419712683936682,0.9419712683936682,0.0,0,1,0.0254917558299199,0.0661577187900859,,-1,,,0
ct_w5_i5,5,evaluation,problem_tree,256,19,sampled_full_fisher,31,1,5.0,0.081553186621667,0.3853179386490582,5,1280,496,,0.2571549378607772,28,0.9615117857500723,0.081553186621667,0.9297323519681124,0.9297323519681124,0.0,0,1,0.0239935465475103,0.0622694770755619,,-1,,,0
ct_w5_i5,5,evaluation,problem_tree,256,19,protected_ray_star,31,0,,2.0007206502154293,0.3853179386490582,199,50944,96,,0.9724438969596098,28,0.9615117857500723,2.002754662143163,7.058557980251126e-11,0.9982385071086556,2.0,4,1,0.0017017648939212,0.0044165213275242,204415056933.89227,21,1.1097378233414191e-13,0.0226847120340029,1
ct_w5_i5,5,evaluation,problem_tree,256,42,sampled_adam,31,0,,1.0226681743600867,0.3567284678144566,199,50944,62,,0.165340302131091,29,0.9075933458899444,1.0226681743600867,6.468215075641826e-11,0.8947704528444613,1.0,7,1,0.004630948099989,0.0129817172382151,,-1,,,0
ct_w5_i5,5,evaluation,problem_tree,256,42,sampled_diagonal_fisher,31,0,,1.0001260109135082,0.3567284678144566,199,50944,31,,0.2831045857906881,29,0.9075933458899444,1.0001260109135082,2.9331881636568467e-22,0.5724408849829585,1.0,7,1,2.969940624531113e-05,8.325493736810077e-05,,-1,,,0
ct_w5_i5,5,evaluation,problem_tree,256,42,sampled_two_block_fisher,31,0,,1.0001028077703111,0.3567284678144566,199,50944,256,,-0.0817229027969382,29,0.9075933458899444,1.0001028077703111,5.011686743759439e-17,0.5538248654775707,1.0,7,1,2.277554578943248e-05,6.38456076381283e-05,,-1,,,0
ct_w5_i5,5,evaluation,problem_tree,256,42,sampled_star_fisher,31,0,,1.0001385149328534,0.3567284678144566,199,50944,96,,0.5948050490577552,29,0.9075933458899444,1.0001385149328534,1.2355438712995916e-19,0.5060745033036071,1.0,7,1,3.8392579714033845e-05,0.0001076240983772,,-1,,,0
ct_w5_i5,5,evaluation,problem_tree,256,42,sampled_full_fisher,31,0,,1.0003237706788255,0.3567284678144566,199,50944,496,,0.546349802976053,29,0.9075933458899444,1.0003237706788255,7.441096457103556e-15,0.4818627159861191,1.0,7,1,8.310270365492922e-05,0.0002329578689474,,-1,,,0
ct_w5_i5,5,evaluation,problem_tree,256,42,protected_ray_star,31,0,,2.0010710803423883,0.3567284678144566,199,50944,96,,0.9766509588892516,29,0.9075933458899444,2.0036301076556158,8.431579368007958e-11,0.9967373274467968,2.0,4,1,0.0015618177058861,0.0043781695233207,792257785827.104,21,2.8735870421716884e-14,0.0227662170741239,1
ct_w5_i5,5,evaluation,problem_tree,256,50,sampled_adam,31,1,86.0,0.0998715624773058,0.4141397554180411,86,22016,62,,0.2314760896153432,29,0.75266775778601,0.0998715624773058,0.9479290391511328,0.9479290391511328,0.0,0,1,0.0234209422760659,0.0565532334668629,,-1,,,0
ct_w5_i5,5,evaluation,problem_tree,256,50,sampled_diagonal_fisher,31,1,3.0,0.0226241230906989,0.4141397554180411,3,768,31,,0.2373961389976349,29,0.75266775778601,0.0226241230906989,0.9815145827461408,0.9815145827461408,0.0,0,1,0.0071689551584038,0.0173104732511549,,-1,,,0
ct_w5_i5,5,evaluation,problem_tree,256,50,sampled_two_block_fisher,31,1,3.0,0.0317278500941071,0.4141397554180411,3,768,256,,-0.1248655443921724,29,0.75266775778601,0.0317278500941071,0.9749152095957924,0.9749152095957924,0.0,0,1,0.0074457258036621,0.0179787757785925,,-1,,,0
ct_w5_i5,5,evaluation,problem_tree,256,50,sampled_star_fisher,31,1,3.0,0.0464882719344554,0.4141397554180411,3,768,96,,0.4992376870037453,29,0.75266775778601,0.0464882719344554,0.9578116849614996,0.9578116849614996,0.0,0,1,0.0183691055131957,0.0443548470603929,,-1,,,0
ct_w5_i5,5,evaluation,problem_tree,256,50,sampled_full_fisher,31,1,4.0,0.0672262386749196,0.4141397554180411,4,1024,496,,0.5386258593470232,29,0.75266775778601,0.0672262386749196,0.939748488907835,0.939748488907835,0.0,0,1,0.0199667661874882,0.0482126285300317,,-1,,,0
ct_w5_i5,5,evaluation,problem_tree,256,50,protected_ray_star,31,0,,0.786701847473342,0.4141397554180411,199,50944,96,,0.975196505727205,29,0.75266775778601,1.760021056578326,0.3022787746034179,0.3022787746034179,0.0,0,1,0.3117370753119141,0.752734001586591,,-1,,,0
ct_w5_i5,5,evaluation,problem_tree,256,101,sampled_adam,31,1,91.0,0.0992027229366669,0.3565990647342592,91,23296,62,,0.1653404111890352,30,0.7241357335886532,0.0992027229366669,0.9453896223552146,0.9453896223552146,0.0,0,1,0.0226343752687311,0.0634728957732922,,-1,,,0
ct_w5_i5,5,evaluation,problem_tree,256,101,sampled_diagonal_fisher,31,1,4.0,0.0254880435666109,0.3565990647342592,4,1024,31,,0.2240577192485403,30,0.7241357335886532,0.0254880435666109,0.9769957126028828,0.9769957126028828,0.0,0,1,0.0095799387956103,0.0268647333742991,,-1,,,0
ct_w5_i5,5,evaluation,problem_tree,256,101,sampled_two_block_fisher,31,1,4.0,0.0399377561113638,0.3565990647342592,4,1024,256,,0.013197636634075,30,0.7241357335886532,0.0399377561113638,0.9638817426182622,0.9638817426182622,0.0,0,1,0.0135465574798945,0.037988202492874,,-1,,,0
ct_w5_i5,5,evaluation,problem_tree,256,101,sampled_star_fisher,31,1,3.0,0.0894944936247128,0.3565990647342592,3,768,96,,0.3982919351905827,30,0.7241357335886532,0.0894944936247128,0.9170546170593568,0.9170546170593568,0.0,0,1,0.0342592925362907,0.0960723005872745,,-1,,,0
ct_w5_i5,5,evaluation,problem_tree,256,101,sampled_full_fisher,31,1,5.0,0.0903856890324252,0.3565990647342685,5,1280,496,,0.4403345729037947,30,0.7241357335886532,0.0903856890324252,0.9178344258669658,0.9178344258669658,0.0,0,1,0.0301876765226249,0.0846543906252819,,-1,,,0
ct_w5_i5,5,evaluation,problem_tree,256,101,protected_ray_star,31,0,,0.6610103580530104,0.3565990647342685,199,50944,96,,0.97813792578063,30,0.7241357335886532,1.54157082982365,0.3478408454714563,0.3478408454714563,0.0,0,1,0.2878183000125391,0.8071201763443107,,-1,,,0
ct_w5_i5,5,evaluation,width2,256,0,sampled_adam,42,1,47.0,0.0998087119729955,0.232445397751541,47,12032,84,,0.2309591967986056,40,0.6414426617886154,0.0998087119729955,0.9461685308246336,0.9461685308246336,0.0,0,1,0.0266980487655546,0.1148572913200541,,-1,,,0
ct_w5_i5,5,evaluation,width2,256,0,sampled_diagonal_fisher,42,1,3.0,0.0086520219716739,0.232445397751541,3,768,42,,0.2974066214958953,40,0.6414426617886154,0.0086520219716739,0.992502247163854,0.992502247163854,0.0,0,1,0.003188508728427,0.0137172375072584,,-1,,,0
ct_w5_i5,5,evaluation,width2,256,0,sampled_two_block_fisher,42,1,3.0,0.0567510981071759,0.232445397751541,3,768,487,,0.1989420041958775,40,0.6414426617886154,0.0567510981071759,0.9606365994567472,0.9606365994567472,0.0,0,1,0.0171021065054507,0.0735747262405729,,-1,,,0
ct_w5_i5,5,evaluation,width2,256,0,sampled_star_fisher,42,1,3.0,0.0384885914261232,0.232445397751541,3,768,191,,0.5885808133901678,40,0.6414426617886154,0.0384885914261232,0.9683897435966328,0.9683897435966328,0.0,0,1,0.010547341755035,0.0453755671528027,,-1,,,0
ct_w5_i5,5,evaluation,width2,256,0,sampled_full_fisher,42,1,5.0,0.0564119825839881,0.232445397751541,5,1280,903,,0.7386165757167441,40,0.6414426617886154,0.0564119825839881,0.953469491777164,0.953469491777164,0.0,0,1,0.0232933383766599,0.100209935761163,,-1,,,0
ct_w5_i5,5,evaluation,width2,256,0,protected_ray_star,42,1,14.0,0.0855534894547851,0.232445397751541,14,3584,191,,0.979543126660422,40,0.6414426617886154,0.0855534894547851,0.9252701116484005,0.9252701116484005,0.0,0,1,0.0435399528017662,0.1873126042628975,,-1,,,0
ct_w5_i5,5,evaluation,width2,256,19,sampled_adam,42,1,47.0,0.0969713164691494,0.1913171896499806,47,12032,84,,0.3668128168688753,42,0.7298013315224303,0.0969713164691494,0.935621686627886,0.935621686627886,0.0,0,1,0.0200253767212927,0.1046710792581139,,-1,,,0
ct_w5_i5,5,evaluation,width2,256,19,sampled_diagonal_fisher,42,1,3.0,0.0117447367414165,0.1913171896499806,3,768,42,,0.3964184886912946,42,0.7298013315224303,0.0117447367414165,0.9910724425489266,0.9910724425489266,0.0,0,1,0.0027151637619441,0.0141919488097832,,-1,,,0
ct_w5_i5,5,evaluation,width2,256,19,sampled_two_block_fisher,42,1,4.0,0.0295132666976858,0.1913171896499806,4,1024,487,,0.54192411120211,42,0.7298013315224303,0.0295132666976858,0.9773662024254612,0.9773662024254612,0.0,0,1,0.0094352008911668,0.0493170577532984,,-1,,,0
ct_w5_i5,5,evaluation,width2,256,19,sampled_star_fisher,42,1,3.0,0.0451499819445846,0.1913171896499806,3,768,191,,0.7315528794068098,42,0.7298013315224303,0.0451499819445846,0.9602815609913252,0.9602815609913252,0.0,0,1,0.0133417335326272,0.0697361985979212,,-1,,,0
ct_w5_i5,5,evaluation,width2,256,19,sampled_full_fisher,42,1,6.0,0.0457621364859317,0.1913171896499806,6,1536,903,,0.8350504871247731,42,0.7298013315224303,0.0457621364859317,0.9669327781092848,0.9669327781092848,0.0,0,1,0.0177364239224376,0.0927069018465454,,-1,,,0
ct_w5_i5,5,evaluation,width2,256,19,protected_ray_star,42,1,13.0,0.0833520947492587,0.1913171896499806,13,3328,191,,0.9777037926933704,42,0.7298013315224303,0.0833520947492587,0.9267990833531908,0.9267990833531908,0.0,0,1,0.0423250615955295,0.2212297895080116,,-1,,,0
ct_w5_i5,5,evaluation,width2,256,42,sampled_adam,42,0,,1.0126185523825022,0.2487762769184157,199,50944,84,,0.2581274595966722,39,0.5488938311989476,1.0126185523825022,7.040540139653014e-10,0.9813004349920226,1.0,6,1,0.0026209651316944,0.0105354303238243,2397854.6918488923,42,8.95758584352124e-08,0.2147898924252662,1
ct_w5_i5,5,evaluation,width2,256,42,sampled_diagonal_fisher,42,0,,1.0000194607889077,0.2487762769184157,199,50944,42,,0.3230246913719014,39,0.5488938311989476,1.0000194607889077,5.230092041431367e-17,0.9977043226172794,1.0,6,1,7.107602607567104e-06,2.8570258770686515e-05,710627833567.7919,41,6.413213287768285e-14,0.0455740786489495,1
ct_w5_i5,5,evaluation,width2,256,42,sampled_two_block_fisher,42,1,7.0,0.0270388678898481,0.2487762769184157,7,1792,487,,0.3846032030271957,39,0.5488938311989476,0.0270388678898481,0.9783603025164246,0.9783603025164246,0.0,0,1,0.013299309949257,0.0534589154319504,,-1,,,0
ct_w5_i5,5,evaluation,width2,256,42,sampled_star_fisher,42,1,4.0,0.0884756485572015,0.2487762769184157,4,1024,191,,0.5863915672020048,39,0.5488938311989476,0.0884756485572015,0.9246845050570992,0.9246845050570992,0.0,0,1,0.0411968177393834,0.1655978546253974,,-1,,,0
ct_w5_i5,5,evaluation,width2,256,42,sampled_full_fisher,42,1,13.0,0.0778879183317755,0.2487762769184157,13,3328,903,,0.725095386304149,39,0.5488938311989476,0.0778879183317755,0.9279472788255888,0.9279472788255888,0.0,0,1,0.0454797686954213,0.1828139292812719,,-1,,,0
ct_w5_i5,5,evaluation,width2,256,42,protected_ray_star,42,1,25.0,0.0454598261375203,0.2487762769184157,25,6400,191,,0.9781623719269305,39,0.5488938311989476,0.0454598261375203,0.957469087491617,0.957469087491617,0.0,0,1,0.0288609894949601,0.1160118233637882,,-1,,,0
ct_w5_i5,5,evaluation,width2,256,50,sampled_adam,42,1,42.0,0.0979983558858279,0.2920351633812014,42,10752,84,,0.312469902079987,40,0.760943531488351,0.0979983558858279,0.9460856228773072,0.9460856228773072,0.0,0,1,0.0237591181638987,0.0813570458050812,,-1,,,0
ct_w5_i5,5,evaluation,width2,256,50,sampled_diagonal_fisher,42,1,2.0,0.0449119842261218,0.2920351633812014,2,512,42,,0.2488899059524478,40,0.760943531488351,0.0449119842261218,0.9626473273249868,0.9626473273249868,0.0,0,1,0.0155212027083601,0.053148403530091,,-1,,,0
ct_w5_i5,5,evaluation,width2,256,50,sampled_two_block_fisher,42,1,3.0,0.041469316803635,0.2920351633812014,3,768,487,,0.2361900704204343,40,0.760943531488351,0.041469316803635,0.9678915098554164,0.9678915098554164,0.0,0,1,0.0107650083446802,0.0368620279148659,,-1,,,0
ct_w5_i5,5,evaluation,width2,256,50,sampled_star_fisher,42,1,2.0,0.0775522080301769,0.2920351633812014,2,512,191,,0.5690324888813202,40,0.760943531488351,0.0775522080301769,0.937847668587778,0.937847668587778,0.0,0,1,0.0243254050301439,0.0832961508761576,,-1,,,0
ct_w5_i5,5,evaluation,width2,256,50,sampled_full_fisher,42,1,4.0,0.0828287717789351,0.2920351633812014,4,1024,903,,0.7312002826748678,40,0.760943531488351,0.0828287717789351,0.9281364379330148,0.9281364379330148,0.0,0,1,0.0283249006660499,0.0969914045216419,,-1,,,0
ct_w5_i5,5,evaluation,width2,256,50,protected_ray_star,42,1,14.0,0.0934399485774051,0.2920351633812014,14,3584,191,,0.979795215388294,40,0.760943531488351,0.0934399485774051,0.9147832461331108,0.9147832461331108,0.0,0,1,0.049361639619616,0.1690263564431896,,-1,,,0
ct_w5_i5,5,evaluation,width2,256,101,sampled_adam,42,0,,1.012777573723458,0.2486995042587073,199,50944,84,,0.2750067182092926,39,0.6631571825124042,1.012777573723458,1.3073268070023118e-11,0.8274671241635136,1.0,8,1,0.0030925503993984,0.0124348876714345,,-1,,,0
ct_w5_i5,5,evaluation,width2,256,101,sampled_diagonal_fisher,42,0,,1.0000212901460124,0.2486995042587073,199,50944,42,,0.311643602464997,39,0.6631571825124042,1.0000212901460124,2.4479832527218906e-23,0.6640598936045954,1.0,7,1,7.006156842759258e-06,2.8171173334833708e-05,,-1,,,0
ct_w5_i5,5,evaluation,width2,256,101,sampled_two_block_fisher,42,0,,1.0001878637737338,0.2486995042587073,199,50944,487,,0.4640496435692414,39,0.6631571825124042,1.0001878637737338,1.6244488948029998e-19,0.5284573410411361,1.0,9,1,4.5318090522802296e-05,0.0001822202688255,,-1,,,0
ct_w5_i5,5,evaluation,width2,256,101,sampled_star_fisher,42,0,,1.0000937798052636,0.2486995042587073,199,50944,191,,0.6567366966604626,39,0.6631571825124042,1.0000937798052636,1.7998641389534917e-17,0.7149938883867007,1.0,8,1,2.721026856543004e-05,0.0001094102243851,,-1,,,0
ct_w5_i5,5,evaluation,width2,256,101,sampled_full_fisher,42,0,,1.00072185220505,0.2486995042587004,199,50944,903,,0.6335638192128493,39,0.6631571825124042,1.0007287329001926,1.4842454507150742e-08,0.437788277007192,1.0,9,1,0.00022969272553,0.0009235753252292,,-1,,,0
ct_w5_i5,5,evaluation,width2,256,101,protected_ray_star,42,0,,1.0009529805152777,0.2486995042587004,199,50944,191,,0.9776245781272692,39,0.6631571825124042,1.0040936796037787,6.444679949620413e-05,0.1849024942340125,1.0,10,1,0.0019235873763682,0.0077345846832378,,-1,,,0
ct_w5_i5,5,evaluation,width3,1024,0,sampled_adam,46,1,36.0,0.0971144361371543,0.2318906348985785,36,36864,92,,0.2429120595754516,46,0.5400337224306615,0.0971144361371543,0.930100660010587,0.930100660010587,0.0,0,1,0.0223271067101099,0.096282916814968,,-1,,,0
ct_w5_i5,5,evaluation,width3,1024,0,sampled_star_fisher,46,1,3.0,0.0271017725143192,0.2318906348985785,3,3072,235,,0.7165487873146793,46,0.5400337224306615,0.0271017725143192,0.9741269347967256,0.9741269347967256,0.0,0,1,0.0097865660099255,0.0422033689036464,,-1,,,0
ct_w5_i5,5,evaluation,width3,1024,0,sampled_full_fisher,46,1,5.0,0.0769813330260387,0.2318906348985785,5,5120,1081,,0.8792207652297582,46,0.5400337224306615,0.0769813330260387,0.9329228117590658,0.9329228117590658,0.0,0,1,0.0520581802020199,0.2244945347826942,,-1,,,0
ct_w5_i5,5,evaluation,width3,1024,0,protected_ray_star,46,0,,1.0001280344686825,0.2318906348985785,199,203776,235,,0.979089878444806,46,0.5400337224306615,1.0001379284817862,5.561684832397031e-11,0.1690991417893666,1.0,9,1,2.7458145730720223e-05,0.0001184098950038,,-1,,,0
ct_w5_i5,5,evaluation,width3,1024,19,sampled_adam,46,0,,1.0088625610150306,0.1771880238537412,199,203776,92,,0.421899675465494,46,0.6690227820545674,1.0088625610150306,3.9806318436871697e-13,0.988833170321196,1.0,8,1,0.0018583339372788,0.0104879206667648,2563310.127130712,46,3.3585235213834425e-08,0.0860893735456887,1
ct_w5_i5,5,evaluation,width3,1024,19,sampled_star_fisher,46,0,,1.0001229742167244,0.1771880238537412,199,203776,235,,0.7484664660884747,46,0.6690227820545674,1.0001229742167244,4.862106390897734e-23,0.7385269853737217,1.0,8,1,8.195285396922252e-05,0.0004625191487934,,-1,,,0
ct_w5_i5,5,evaluation,width3,1024,19,sampled_full_fisher,46,1,12.0,0.0547308424780652,0.1771880238537412,12,12288,1081,,0.9309302861278378,46,0.6690227820545674,0.0547308424780652,0.9513829807519014,0.9513829807519014,0.0,0,1,0.0525404010363355,0.296523432530094,,-1,,,0
ct_w5_i5,5,evaluation,width3,1024,19,protected_ray_star,46,0,,1.000113738143293,0.1771880238537412,199,203776,235,,0.9776258028786368,46,0.6690227820545674,1.0001215139773318,3.628171959069876e-11,0.1677253224292683,1.0,9,1,2.431141445349349e-05,0.0001372068716876,,-1,,,0
ct_w5_i5,5,evaluation,width3,1024,42,sampled_adam,46,0,,1.008279146641705,0.2934184246111206,199,203776,92,,0.370760327329135,46,0.4513721380147916,1.008279146641705,8.517327965948636e-13,0.9900177786943714,1.0,8,1,0.0017054325803139,0.0058122886542458,5420347.339861053,46,1.4899207461633825e-08,0.0807588795307048,1
ct_w5_i5,5,evaluation,width3,1024,42,sampled_star_fisher,46,0,,1.0000395388611842,0.2934184246111206,199,203776,235,,0.5434025214657392,46,0.4513721380147916,1.0000395388611842,4.3185990927239155e-22,0.8199407627552981,1.0,8,1,2.091941837790285e-05,7.129551733374686e-05,,-1,,,0
ct_w5_i5,5,evaluation,width3,1024,42,sampled_full_fisher,46,0,,1.0002215588515977,0.2934184246111206,199,203776,1081,,0.8318123624208269,46,0.4513721380147916,1.0002507470804591,7.458110521099359e-16,0.3136394291985873,1.0,8,1,0.0001523201020633,0.0005191224861396,,-1,,,0
ct_w5_i5,5,evaluation,width3,1024,42,protected_ray_star,46,0,,1.0001487667217075,0.2934184246111206,199,203776,235,,0.9793734754695924,46,0.4513721380147916,1.000149578601567,8.258432551625232e-11,0.1687484325608945,1.0,9,1,3.427474205173378e-05,0.0001168118263096,,-1,,,0
ct_w5_i5,5,evaluation,width3,1024,50,sampled_adam,46,0,,1.008871814682271,0.1942516871492727,199,203776,92,,0.1662032757229645,46,1.049984978463716,1.008871814682271,3.00643578515722e-12,0.9944103536986594,1.0,9,1,0.0018398372806079,0.0094714095285777,1601504.416495032,46,1.2720959993613922e-08,0.0203726736118293,1
ct_w5_i5,5,evaluation,width3,1024,50,sampled_star_fisher,46,1,3.0,0.0778710270203202,0.1942516871492727,3,3072,235,,0.691779568869758,46,1.049984978463716,0.0778710270203202,0.9360036643751036,0.9360036643751036,0.0,0,1,0.027230251714062,0.1401802584764012,,-1,,,0
ct_w5_i5,5,evaluation,width3,1024,50,sampled_full_fisher,46,1,6.0,0.0526596137306647,0.1942516871492727,6,6144,1081,,0.8618191847374963,46,1.049984978463716,0.0526596137306647,0.951586908522162,0.951586908522162,0.0,0,1,0.035632984574515,0.1834371947932316,,-1,,,0
ct_w5_i5,5,evaluation,width3,1024,50,protected_ray_star,46,0,,1.0000650270851796,0.1942516871492727,199,203776,235,,0.9796070975566332,46,1.049984978463716,1.0000726168462908,1.8207253820922728e-11,0.1681085214895636,1.0,8,1,1.3523957449441555e-05,6.962079788295002e-05,,-1,,,0
ct_w5_i5,5,evaluation,width3,1024,101,sampled_adam,46,0,,1.0084213139288156,0.3359218777728453,199,203776,92,,0.3451906702744628,46,0.4580385103379261,1.0084213139288156,3.422176781115577e-13,0.9950540731000556,1.0,9,1,0.0019542843351085,0.0058176750739351,751203.2156618563,46,2.6090485221844063e-08,0.0195992563968274,1
ct_w5_i5,5,evaluation,width3,1024,101,sampled_star_fisher,46,0,,1.0000534178284806,0.3359218777728453,199,203776,235,,0.6145199216365876,46,0.4580385103379261,1.0000534178284806,3.6468042187361463e-22,0.6503308576919739,1.0,9,1,1.2756141151784906e-05,3.79735349074548e-05,,-1,,,0
ct_w5_i5,5,evaluation,width3,1024,101,sampled_full_fisher,46,0,,1.0000432490933164,0.3359218777728453,199,203776,1081,,0.9110915020824054,46,0.4580385103379261,1.0000432490933164,9.089987627983422e-15,0.7919202645909419,1.0,9,1,1.111406837382463e-05,3.308527699211096e-05,,-1,,,0
ct_w5_i5,5,evaluation,width3,1024,101,protected_ray_star,46,0,,1.0001443983817833,0.3359218777728453,199,203776,235,,0.978147845287704,46,0.4580385103379261,1.0001480143532735,4.307071940139059e-11,0.1678355648598577,1.0,8,1,3.464882142448045e-05,0.0001031454743412,,-1,,,0
ct_w5_i5,5,evaluation,width3,256,0,sampled_adam,46,1,38.0,0.0987459900494602,0.2318906348985785,38,9728,92,,0.1917726297339783,45,0.5571135252682238,0.0987459900494602,0.9301945898736546,0.9301945898736546,0.0,0,1,0.023085252687853,0.0995523286136579,,-1,,,0
ct_w5_i5,5,evaluation,width3,256,0,sampled_diagonal_fisher,46,1,2.0,0.0967118594815179,0.2318906348985785,2,512,46,,0.2645878926549575,45,0.5571135252682238,0.0967118594815179,0.9211971623310948,0.9211971623310948,0.0,0,1,0.0322511007047465,0.1390789270935935,,-1,,,0
ct_w5_i5,5,evaluation,width3,256,0,sampled_two_block_fisher,46,1,3.0,0.0844328236691964,0.2318906348985785,3,768,601,,0.2701089444965622,45,0.5571135252682238,0.0844328236691964,0.9343216386900844,0.9343216386900844,0.0,0,1,0.0323370062015261,0.1394493840411851,,-1,,,0
ct_w5_i5,5,evaluation,width3,256,0,sampled_star_fisher,46,1,3.0,0.0261540410618756,0.2318906348985785,3,768,235,,0.6836900223773977,45,0.5571135252682238,0.0261540410618756,0.9773894187290508,0.9773894187290508,0.0,0,1,0.0093467210461127,0.0403065912955076,,-1,,,0
ct_w5_i5,5,evaluation,width3,256,0,sampled_full_fisher,46,1,5.0,0.0836055193939415,0.2318906348985785,5,1280,1081,,0.8125025403971665,45,0.5571135252682238,0.0836055193939415,0.9269205116051183,0.9269205116051183,0.0,0,1,0.0553522826112938,0.2386999485145361,,-1,,,0
ct_w5_i5,5,evaluation,width3,256,0,protected_ray_star,46,1,53.0,0.089172469760685,0.2318906348985785,53,13568,235,,0.979549127940146,45,0.5571135252682238,0.089172469760685,0.9254049693799992,0.9254049693799992,0.0,0,1,0.0377364129645399,0.1627336652946104,,-1,,,0
ct_w5_i5,5,evaluation,width3,256,19,sampled_adam,46,0,,1.010593688516332,0.1771880238537412,199,50944,92,,0.2684814891812989,43,0.543526323316866,1.010593688516332,1.1212426129305879e-11,0.971242838808802,1.0,8,1,0.002195590992509,0.0123913058273138,4067271.777351783,46,9.944523774399852e-08,0.4044708088682034,1
ct_w5_i5,5,evaluation,width3,256,19,sampled_diagonal_fisher,46,0,,1.0001977594553644,0.1771880238537412,199,50944,46,,0.2559387201910132,43,0.543526323316866,1.0001977594553644,1.9105772874089577e-19,0.5131150588576164,1.0,7,1,8.221935651861192e-05,0.0004640232151721,,-1,,,0
ct_w5_i5,5,evaluation,width3,256,19,sampled_two_block_fisher,46,0,,1.0002326660336216,0.1771880238537412,199,50944,601,,0.4286247656374308,43,0.543526323316866,1.0002326660336216,1.002125529622792e-14,0.3739514278180171,1.0,8,1,6.94063503067054e-05,0.0003917101663936,,-1,,,0
ct_w5_i5,5,evaluation,width3,256,19,sampled_star_fisher,46,0,,1.0004252773468243,0.1771880238537412,199,50944,235,,0.6952464561036037,43,0.543526323316866,1.0004252773468243,6.207949460105284e-15,0.5390049393333856,1.0,6,1,0.0001456014677025,0.0008217342489395,,-1,,,0
ct_w5_i5,5,evaluation,width3,256,19,sampled_full_fisher,46,1,9.0,0.0708220035585895,0.1771880238537412,9,2304,1081,,0.7213531725004229,43,0.543526323316866,0.0708220035585895,0.9380230106099612,0.9380230106099612,0.0,0,1,0.062290975574978,0.3515529674082022,,-1,,,0
ct_w5_i5,5,evaluation,width3,256,19,protected_ray_star,46,0,,1.000150544041828,0.1771880238537412,199,50944,235,,0.97805799484107,43,0.543526323316866,1.0001520543197024,1.3502552524824356e-10,0.1667932597167316,1.0,9,1,2.967488663529775e-05,0.0001674768191996,,-1,,,0
ct_w5_i5,5,evaluation,width3,256,42,sampled_adam,46,0,,1.0092250082601026,0.2934184246111206,199,50944,92,,0.3707603261339649,45,0.4614868141489581,1.0092250082601026,1.0801887256299925e-12,0.9855475618644564,1.0,8,1,0.0019175008594593,0.0065350390385357,10063051.465440895,46,1.3439202124507372e-08,0.1352393826333803,1
ct_w5_i5,5,evaluation,width3,256,42,sampled_diagonal_fisher,46,0,,1.000051484890756,0.2934184246111206,199,50944,46,,0.3525823097401465,45,0.4614868141489581,1.000051484890756,2.210987754477158e-25,0.680668746163681,1.0,9,1,1.430799763062022e-05,4.876311925395685e-05,,-1,,,0
ct_w5_i5,5,evaluation,width3,256,42,sampled_two_block_fisher,46,0,,1.0001347678511865,0.2934184246111206,199,50944,601,,0.5976166818010326,45,0.4614868141489581,1.0001347678511865,2.8915223620667666e-21,0.418265668199641,1.0,9,1,4.705225382322368e-05,0.0001603588932275,,-1,,,0
ct_w5_i5,5,evaluation,width3,256,42,sampled_star_fisher,46,0,,1.0001039230375357,0.2934184246111206,199,50944,235,,0.4958811366986956,45,0.4614868141489581,1.0001039230375357,3.0430287033390623e-22,0.5862973662178456,1.0,8,1,4.5497322594559045e-05,0.000155059528572,,-1,,,0
ct_w5_i5,5,evaluation,width3,256,42,sampled_full_fisher,46,0,,1.0006960005560614,0.2934184246111206,199,50944,1081,,0.7781812162489732,45,0.4614868141489581,1.0006960005560614,4.1816007416777467e-14,0.2834566378083384,1.0,8,1,0.0004054833461672,0.0013819287139337,,-1,,,0
ct_w5_i5,5,evaluation,width3,256,42,protected_ray_star,46,0,,1.0001797642468482,0.2934184246111206,199,50944,235,,0.9793067105673684,45,0.4614868141489581,1.0001971558363536,2.3901239361968227e-10,0.1667213911385226,1.0,11,1,3.832643441729819e-05,0.0001306204082722,,-1,,,0
ct_w5_i5,5,evaluation,width3,256,50,sampled_adam,46,0,,1.010318393398309,0.1942516871492727,199,50944,92,,0.1917726087612598,45,0.9168616688077238,1.010318393398309,4.546117849266445e-12,0.9935821424454336,1.0,9,1,0.0021293984966509,0.0109620592124619,699194.9189248912,46,3.4348982952458334e-08,0.0240166343505965,1
ct_w5_i5,5,evaluation,width3,256,50,sampled_diagonal_fisher,46,1,9.0,0.0073753379291776,0.1942516871492727,9,2304,46,,0.2949421749211838,45,0.9168616688077238,0.0073753379291776,0.992895119730616,0.992895119730616,0.0,0,1,0.0032870503987642,0.0169216054027797,,-1,,,0
ct_w5_i5,5,evaluation,width3,256,50,sampled_two_block_fisher,46,1,5.0,0.0329440625000216,0.1942516871492727,5,1280,601,,0.2476523328291654,45,0.9168616688077238,0.0329440625000216,0.9705296915367696,0.9705296915367696,0.0,0,1,0.0170171725789392,0.0876037311627694,,-1,,,0
ct_w5_i5,5,evaluation,width3,256,50,sampled_star_fisher,46,1,4.0,0.0152846764972753,0.1942516871492727,4,1024,235,,0.7346686134011512,45,0.9168616688077238,0.0152846764972753,0.9876134989984918,0.9876134989984918,0.0,0,1,0.0044523422368501,0.0229204816812159,,-1,,,0
ct_w5_i5,5,evaluation,width3,256,50,sampled_full_fisher,46,1,6.0,0.0727734152751882,0.1942516871492727,6,1536,1081,,0.868712088012758,45,0.9168616688077238,0.0727734152751882,0.9354375295842456,0.9354375295842456,0.0,0,1,0.0478096442170103,0.2461221568710032,,-1,,,0
ct_w5_i5,5,evaluation,width3,256,50,protected_ray_star,46,0,,1.00012646640206,0.1942516871492727,199,50944,235,,0.9791786835708706,45,0.9168616688077238,1.0001273277035327,7.982244646459671e-11,0.1671227592106871,1.0,9,1,2.5201050945746863e-05,0.0001297340132051,,-1,,,0
ct_w5_i5,5,evaluation,width3,256,101,sampled_adam,46,0,,1.0089523861312664,0.3359218777728453,199,50944,92,,0.2429119764056983,46,0.4305488667434623,1.0089523861312664,2.52490750223786e-13,0.994691361627615,1.0,9,1,0.0021088653202991,0.0062778445223063,747132.1079381652,46,2.8574352381311454e-08,0.0213488161276171,1
ct_w5_i5,5,evaluation,width3,256,101,sampled_diagonal_fisher,46,0,,1.000052761036569,0.3359218777728453,199,50944,46,,0.3722963243419803,46,0.4305488667434623,1.000052761036569,9.5010748319486e-28,0.999960065738939,1.0,9,1,1.4730244118336671e-05,4.385020772090781e-05,15140210976.456703,46,1.6669822914213668e-14,0.0002523846358613,1
ct_w5_i5,5,evaluation,width3,256,101,sampled_two_block_fisher,46,0,,1.0001535904492265,0.3359218777728453,199,50944,601,,0.6325259981678023,46,0.4305488667434623,1.0001535904492265,2.7608780184418844e-21,0.8747315556942772,1.0,9,1,4.071706438748965e-05,0.0001212099213586,,-1,,,0
ct_w5_i5,5,evaluation,width3,256,101,sampled_star_fisher,46,0,,1.000178933054455,0.3359218777728453,199,50944,235,,0.6173453277209227,46,0.4305488667434623,1.000178933054455,1.5861935715436573e-19,0.999911594796555,1.0,9,1,6.269278665872757e-05,0.0001866290670747,35814222.114937976,46,1.2955223821254836e-11,0.0004639812634831,1
ct_w5_i5,5,evaluation,width3,256,101,sampled_full_fisher,46,0,,1.000217614708827,0.3359218777728264,199,50944,1081,,0.8695276280973032,46,0.4305488667434623,1.000217614708827,1.6457974110509213e-14,0.8024872003996997,1.0,9,1,7.655185190534976e-05,0.0002278858775525,,-1,,,0
ct_w5_i5,5,evaluation,width3,256,101,protected_ray_star,46,0,,1.0001363468976123,0.3359218777728264,199,50944,235,,0.9785523835471248,46,0.4305488667434623,1.0001385929602955,1.0641551057193379e-10,0.1674594767192657,1.0,9,1,2.696871813153193e-05,8.02827083199685e-05,,-1,,,0
ct_w5_i5,5,evaluation,width3,64,0,sampled_adam,46,0,,1.013105576653695,0.2318906348985785,199,12736,92,,0.1150636390728575,39,0.628180813147222,1.013105576653695,1.864006979987421e-06,0.9853995545903832,1.0,4,1,0.0028944677232009,0.0124820380282581,4430972.781922292,46,2.0713831335360803e-08,0.0917824228563128,1
ct_w5_i5,5,evaluation,width3,64,0,sampled_star_fisher,46,1,4.0,0.0524335457878439,0.2318906348985785,4,256,235,,0.4131053151754242,39,0.628180813147222,0.0524335457878439,0.968923146475492,0.968923146475492,0.0,0,1,0.0143515162731976,0.0618891585659531,,-1,,,0
ct_w5_i5,5,evaluation,width3,64,0,sampled_full_fisher,46,1,6.0,0.0627281519865228,0.2318906348985785,6,384,1081,,0.4254527293719277,39,0.628180813147222,0.0627281519865228,0.9564475319257474,0.9564475319257474,0.0,0,1,0.0238450303015808,0.1028287766429632,,-1,,,0
ct_w5_i5,5,evaluation,width3,64,0,protected_ray_star,46,0,,1.0002033522515887,0.2318906348985785,199,12736,235,,0.979340454518658,39,0.628180813147222,1.000203363449998,2.4534901769443284e-10,0.1667177613433967,1.0,9,1,3.963271706230236e-05,0.0001709112447755,,-1,,,0
ct_w5_i5,5,evaluation,width3,64,19,sampled_adam,46,0,,1.0153333143616994,0.1771880238537412,199,12736,92,,0.1662029177312943,43,0.6261265234474108,1.0153333143616994,3.9396661649223796e-10,0.9181588012871028,1.0,7,1,0.0033457984891012,0.0188827575156151,2077569.028752075,46,3.922686604306877e-07,0.8149652198608613,1
ct_w5_i5,5,evaluation,width3,64,19,sampled_star_fisher,46,0,,1.000186005270116,0.1771880238537412,199,12736,235,,0.5568923829522153,43,0.6261265234474108,1.000186005270116,6.796105067375697e-18,0.9998898491693908,1.0,9,1,5.082168985993978e-05,0.0002868235039513,25048137.95278665,46,1.8535514396834664e-11,0.0004642801216377,1
ct_w5_i5,5,evaluation,width3,64,19,sampled_full_fisher,46,0,,1.0007968259422777,0.1771880238537412,199,12736,1081,,0.6242683389286523,43,0.6261265234474108,1.0007968259422777,3.8713769976358564e-15,0.3158684160348039,1.0,9,1,0.0001666517780355,0.0009405363546079,,-1,,,0
ct_w5_i5,5,evaluation,width3,64,19,protected_ray_star,46,0,,1.0002058576629196,0.1771880238537412,199,12736,235,,0.9795818936283684,43,0.6261265234474108,1.0002091557438746,2.720542169249233e-10,0.1666552070170419,1.0,9,1,4.068016371265029e-05,0.0002295875467646,,-1,,,0
ct_w5_i5,5,evaluation,width3,64,42,sampled_adam,46,0,,1.0112992371977274,0.2934184246111206,199,12736,92,,0.2173422609358583,43,0.49911189598808,1.0112992371977274,3.9462540207055836e-12,0.931845316652101,1.0,8,1,0.0024194958620591,0.0082458893481751,98666084.16482808,46,1.1210077385434364e-08,1.106054438805503,1
ct_w5_i5,5,evaluation,width3,64,42,sampled_star_fisher,46,0,,1.000451647931536,0.2934184246111206,199,12736,235,,0.371694109438381,43,0.49911189598808,1.000451647931536,5.2610120788914195e-18,0.5463093448985538,1.0,8,1,0.0001434930241801,0.0004890389019379,,-1,,,0
ct_w5_i5,5,evaluation,width3,64,42,sampled_full_fisher,46,0,,1.000821117126515,0.2934184246111206,199,12736,1081,,0.5720016458203783,43,0.49911189598808,1.000821117126515,1.3775231266501741e-15,0.3577742730143151,1.0,9,1,0.000205462633643,0.0007002376688353,,-1,,,0
ct_w5_i5,5,evaluation,width3,64,42,protected_ray_star,46,0,,1.0002739225358894,0.2934184246111206,199,12736,235,,0.979831241404553,43,0.49911189598808,1.0003043032287735,5.775642282037231e-10,0.166615154329858,1.0,9,1,5.917892323129869e-05,0.000201687822807,,-1,,,0
ct_w5_i5,5,evaluation,width3,64,50,sampled_adam,46,0,,1.0114769178394507,0.1942516871492727,199,12736,92,,0.1938915578948835,36,1.1058250451688365,1.0114769178394507,6.407073336077201e-09,0.9615848614003368,1.0,7,1,0.0025266389760351,0.0130070374837647,5819855.731716793,46,6.365093595762712e-08,0.3704392644621347,1
ct_w5_i5,5,evaluation,width3,64,50,sampled_star_fisher,46,1,3.0,0.0665289221573708,0.1942516871492727,3,192,235,,0.4843369108144675,36,1.1058250451688365,0.0665289221573708,0.9501701370301776,0.9501701370301776,0.0,0,1,0.0212082973403136,0.109179475615139,,-1,,,0
ct_w5_i5,5,evaluation,width3,64,50,sampled_full_fisher,46,1,7.0,0.078529956366605,0.1942516871492727,7,448,1081,,0.4433160506692105,36,1.1058250451688365,0.078529956366605,0.9373100640466248,0.9373100640466248,0.0,0,1,0.0292873840073477,0.1507702941331052,,-1,,,0
ct_w5_i5,5,evaluation,width3,64,50,protected_ray_star,46,0,,1.0001252238338,0.1942516871492727,199,12736,235,,0.9789244584037524,36,1.1058250451688365,1.0001270807775595,9.626822527041404e-11,0.1668986998858975,1.0,10,1,2.475533797139173e-05,0.0001274395004475,,-1,,,0
ct_w5_i5,5,evaluation,width3,64,101,sampled_adam,46,0,,1.0107697254562336,0.3359218777728453,199,12736,92,,0.2429119437413661,37,0.506957545245283,1.0107697254562336,7.320908946544249e-13,0.99367874457869,1.0,9,1,0.0023144469486185,0.0068898368988743,317764.5569756358,46,6.543039793907346e-08,0.0207914614138492,1
ct_w5_i5,5,evaluation,width3,64,101,sampled_star_fisher,46,0,,1.0004930209984,0.3359218777728453,199,12736,235,,0.4132479908248873,37,0.506957545245283,1.0004930209984,1.4701058089417322e-19,0.9997416716084804,1.0,9,1,0.000175507143213,0.0005224641645154,33402124.88483837,46,5.413232700071746e-11,0.0018081347467848,1
ct_w5_i5,5,evaluation,width3,64,101,sampled_full_fisher,46,0,,1.000455252915545,0.3359218777728453,199,12736,1081,,0.5431891429284184,37,0.506957545245283,1.000455252915545,1.302828089643676e-18,0.9996558187792708,1.0,9,1,0.000102055324359,0.0003038067214785,14421855.84561557,46,1.9730811172940206e-10,0.002845549144532,1
ct_w5_i5,5,evaluation,width3,64,101,protected_ray_star,46,0,,1.000093783328003,0.3359218777728453,199,12736,235,,0.9793142377466378,37,0.506957545245283,1.000093783328003,4.419929386652656e-11,0.1675918339643021,1.0,9,1,1.859860713372204e-05,5.536587035363816e-05,,-1,,,0
ct_w6_i1,6,calibration,chain,256,0,sampled_adam,31,0,,1.040967317332825,0.29621911753583,199,50944,62,,-0.6436899498110351,24,2.147788088371665,1.040967317332825,1.7265207989160276e-18,0.9660745610257002,1.0,7,1,0.0088153809337438,0.0297596623981488,5815.758658058486,31,1.7784335031429694e-05,0.10342940043685,1
ct_w6_i1,6,calibration,chain,256,0,sampled_diagonal_fisher,31,0,,1.0000400987644245,0.29621911753583,199,50944,31,,-0.6370860620778844,24,2.147788088371665,1.0000400987644245,3.171292557488662e-34,0.9998269997970406,1.0,6,1,1.1072791576073473e-05,3.738040835508914e-05,16169072.228604494,31,1.0680619423867788e-10,0.0017269570691075,1
ct_w6_i1,6,calibration,chain,256,0,sampled_two_block_fisher,31,0,,1.000068552963988,0.29621911753583,199,50944,256,,-0.761072606360801,24,2.147788088371665,1.000068552963988,5.417184608403323e-32,0.6058851635786836,1.0,6,1,1.808267224583376e-05,6.104491970760975e-05,,-1,,,0
ct_w6_i1,6,calibration,chain,256,0,sampled_star_fisher,31,0,,1.0001005532476466,0.29621911753583,199,50944,90,,-0.0030731247860164,24,2.147788088371665,1.0001005532476466,2.1741242122934223e-34,0.754741719582289,1.0,7,1,2.5257970778431995e-05,8.526786180630913e-05,,-1,,,0
ct_w6_i1,6,calibration,chain,256,0,sampled_full_fisher,31,0,,1.0002912435136349,0.29621911753583,199,50944,496,,-0.6913936358620902,24,2.147788088371665,1.0002912435136349,8.160101227052665e-27,0.8526208316552392,1.0,7,1,7.728160142465626e-05,0.0002608933618719,,-1,,,0
ct_w6_i1,6,calibration,chain,256,0,protected_ray_star,31,0,,2.538383941687691,0.29621911753583,199,50944,90,,-0.9813286147542388,24,2.147788088371665,3.762461782555123,3.3641880530000322e-09,0.0795279303162822,1.0,6,1,0.4028589417846144,1.360003179861899,,-1,,,0
ct_w6_i1,6,calibration,chain,256,19,sampled_adam,31,0,,1.050794924405654,0.3582345582427049,199,50944,62,,-0.6436900663258078,27,2.255085222959951,1.050794924405654,1.337812583585106e-14,0.9532223232635322,1.0,7,1,0.0128963506830512,0.0359997392387642,5766.379136839495,31,2.799734628120948e-05,0.1614433134828371,1
ct_w6_i1,6,calibration,chain,256,19,sampled_diagonal_fisher,31,0,,1.000031080942927,0.3582345582427049,199,50944,31,,-0.6791331337505724,27,2.255085222959951,1.000031080942927,4.494304195454768e-32,0.997059461641568,1.0,6,1,7.856770684131658e-06,2.193191724068305e-05,42992634.315362245,31,8.134054250470678e-10,0.0349704419891803,1
ct_w6_i1,6,calibration,chain,256,19,sampled_two_block_fisher,31,0,,1.0003284706255702,0.3582345582427049,199,50944,256,,-0.7560254760940784,27,2.255085222959951,1.0003284706255702,4.9324577469360566e-27,0.8673064584613517,1.0,7,1,0.0001378941973466,0.0003849271215572,,-1,,,0
ct_w6_i1,6,calibration,chain,256,19,sampled_star_fisher,31,0,,1.000091467868094,0.3582345582427049,199,50944,90,,-0.2112004817614852,27,2.255085222959951,1.000091467868094,2.681809480953732e-31,0.6673522119671712,1.0,6,1,2.685186531885279e-05,7.495609985416475e-05,,-1,,,0
ct_w6_i1,6,calibration,chain,256,19,sampled_full_fisher,31,0,,1.0002295692656809,0.3582345582427049,199,50944,496,,-0.7212921089457394,27,2.255085222959951,1.0002295692656809,1.4704909784649448e-27,0.4008676056638625,1.0,7,1,7.873260736645614e-05,0.0002197794868051,,-1,,,0
ct_w6_i1,6,calibration,chain,256,19,protected_ray_star,31,0,,2.9024259575154883,0.3582345582427049,199,50944,90,,-0.97913155361789,27,2.255085222959951,4.539857243704437,1.1914549645252179e-07,0.0174744128335668,1.0,7,1,0.3165943424394523,0.8837627056208204,,-1,,,0
ct_w6_i1,6,calibration,chain,256,42,sampled_adam,31,0,,1.049375085267922,0.3243582426436643,199,50944,62,,-0.6436900542465126,29,2.2272434221615045,1.049375085267922,1.4154774859323225e-19,0.968319644644143,1.0,8,1,0.0122731429346251,0.0378382335364552,4959.444732082146,31,1.54779013079301e-05,0.0767617961053012,1
ct_w6_i1,6,calibration,chain,256,42,sampled_diagonal_fisher,31,0,,1.0001016673599956,0.3243582426436643,199,50944,31,,-0.6424873542384419,29,2.2272434221615045,1.0001016673599956,1.6455932265698671e-31,0.8185438449718901,1.0,6,1,3.324976210069378e-05,0.0001025093792274,,-1,,,0
ct_w6_i1,6,calibration,chain,256,42,sampled_two_block_fisher,31,0,,1.0002022390456649,0.3243582426436643,199,50944,256,,-0.6671325117151443,29,2.2272434221615045,1.0002022390456649,1.0263675350200116e-32,0.862706738021178,1.0,6,1,8.609867098190876e-05,0.0002654431417563,,-1,,,0
ct_w6_i1,6,calibration,chain,256,42,sampled_star_fisher,31,0,,2.000110117861196,0.3243582426436643,199,50944,90,,-0.086224951502588,29,2.2272434221615045,2.000110117861196,2.1142254335391361e-35,0.9576137085377624,2.0,7,0,3.267236428392461e-05,0.0001007292554603,15538785.706257213,31,3.1261136531392685e-08,0.4857601014953598,1
ct_w6_i1,6,calibration,chain,256,42,sampled_full_fisher,31,0,,1.0001380145388108,0.3243582426436643,199,50944,496,,-0.5045339551588954,29,2.2272434221615045,1.0001380145388108,5.258042665897869e-28,0.7466331593691634,1.0,7,1,3.45205441828543e-05,0.0001064272142477,,-1,,,0
ct_w6_i1,6,calibration,chain,256,42,protected_ray_star,31,0,,2.390729609445769,0.3243582426436643,199,50944,90,,-0.9812221326395364,29,2.2272434221615045,2.765007493946671,1.9304147398355123e-10,0.154398990595423,1.0,8,1,0.252356253078723,0.7780170808113492,,-1,,,0
ct_w6_i1,6,calibration,chain,256,50,sampled_adam,31,0,,3.029894480275914,0.2646687896412005,199,50944,62,,-0.6436900626918923,29,2.831548463872872,3.029894480275914,2.030944884560839e-17,0.9538288041627272,3.0,7,1,0.0067308009087953,0.0254310337003466,9439.257072613584,31,1.517622606489874e-05,0.143252299218678,1
ct_w6_i1,6,calibration,chain,256,50,sampled_diagonal_fisher,31,0,,3.000110633622894,0.2646687896412005,199,50944,31,,-0.6649033167667988,29,2.831548463872872,3.000110633622894,3.0141973651380315e-29,0.8931787638742198,3.0,8,1,2.968835333956762e-05,0.0001121717199062,,-1,,,0
ct_w6_i1,6,calibration,chain,256,50,sampled_two_block_fisher,31,0,,1.000116348497146,0.2646687896412005,199,50944,256,,-0.7610329663378932,29,2.831548463872872,1.000116348497146,1.807384072707632e-36,0.9761829144031224,1.0,7,1,3.0061538387883228e-05,0.0001135817276704,9532436062.241102,31,2.829552470578876e-11,0.2697252801054948,1
ct_w6_i1,6,calibration,chain,256,50,sampled_star_fisher,31,0,,3.00009280905538,0.2646687896412005,199,50944,90,,-0.0302905921037247,29,2.831548463872872,3.00009280905538,7.433659665445042e-30,0.7328926486786468,3.0,7,1,3.075304169315707e-05,0.0001161944396044,,-1,,,0
ct_w6_i1,6,calibration,chain,256,50,sampled_full_fisher,31,0,,3.00012047014212,0.2646687896412005,199,50944,496,,-0.6428820636011666,29,2.831548463872872,3.00012047014212,1.52132572386252e-18,0.6429292222076994,3.0,5,1,2.9807605269501766e-05,0.0001126222903346,,-1,,,0
ct_w6_i1,6,calibration,chain,256,50,protected_ray_star,31,0,,2.067814554735147,0.2646687896412005,199,50944,90,,-0.9825227708227054,29,2.831548463872872,3.558542860723769,6.378050753465109e-06,0.0789763532958502,1.0,5,1,0.3478389852615393,1.3142425509750844,,-1,,,0
ct_w6_i1,6,calibration,chain,256,101,sampled_adam,31,0,,1.0427537101377826,0.3817846841866484,199,50944,62,,-0.6058259632613144,26,1.951931973073017,1.0427537101377826,1.3483663502181384e-18,0.9680369556827718,1.0,7,1,0.0092116566917011,0.024127884310827,6573.718620189384,31,1.2458061418269005e-05,0.0818957903167379,1
ct_w6_i1,6,calibration,chain,256,101,sampled_diagonal_fisher,31,0,,1.0000457168501011,0.3817846841866484,199,50944,31,,-0.710272246717709,26,1.951931973073017,1.0000457168501011,6.480367241464071e-36,0.9999702590382148,1.0,9,1,1.0704070118170996e-05,2.8036929089952563e-05,13510.94624169841,31,5.162616601249375e-09,6.975183536598006e-05,1
ct_w6_i1,6,calibration,chain,256,101,sampled_two_block_fisher,31,0,,1.000129585208759,0.3817846841866484,199,50944,256,,-0.778009148943937,26,1.951931973073017,1.000129585208759,1.929449865456778e-33,0.8661505543624177,1.0,7,1,4.43569588767395e-05,0.0001161831805045,,-1,,,0
ct_w6_i1,6,calibration,chain,256,101,sampled_star_fisher,31,0,,1.0000763774907675,0.3817846841866484,199,50944,90,,-0.4485532527596855,26,1.951931973073017,1.0000763774907675,1.2734120593894715e-32,0.9999391037161474,1.0,9,1,1.965587001731965e-05,5.1484176373377536e-05,121300.75261349656,31,1.4088521775848863e-09,0.0001708948294622,1
ct_w6_i1,6,calibration,chain,256,101,sampled_full_fisher,31,0,,1.0001162085668884,0.3817846841866565,199,50944,496,,-0.7071899803449206,26,1.951931973073017,1.0001162085668884,3.259788402054106e-32,0.9999189455674866,1.0,9,1,2.553031656041016e-05,6.687098151880879e-05,172912.42023398052,31,1.297720206413857e-09,0.0002243919416775,1
ct_w6_i1,6,calibration,chain,256,101,protected_ray_star,31,0,,1.79727464926372,0.3817846841866565,199,50944,90,,-0.9809829161941522,26,1.951931973073017,2.197791799365905,6.763458883983498e-11,0.4546484443416768,1.0,9,1,0.2168507465978602,0.5679922626017149,,-1,,,0
ct_w6_i1,6,calibration,problem_tree,256,0,sampled_adam,31,1,83.0,0.0988943606566774,0.5131726336004605,83,21248,62,,-0.0176969717394706,30,0.58507188190139,0.0988943606566774,0.9536060953205258,0.9536060953205258,0.0,0,1,0.0237664881815917,0.0463128519049118,,-1,,,0
ct_w6_i1,6,calibration,problem_tree,256,0,sampled_diagonal_fisher,31,1,3.0,0.0839571939419236,0.5131726336004605,3,768,31,,-0.0267639404003717,30,0.58507188190139,0.0839571939419236,0.9590383053591246,0.9590383053591246,0.0,0,1,0.0298493570649772,0.0581663072240462,,-1,,,0
ct_w6_i1,6,calibration,problem_tree,256,0,sampled_two_block_fisher,31,1,3.0,0.0703659735594239,0.5131726336004605,3,768,256,,-0.3714393612383307,30,0.58507188190139,0.0703659735594239,0.965921280276594,0.965921280276594,0.0,0,1,0.0191877995333541,0.0373905354202755,,-1,,,0
ct_w6_i1,6,calibration,problem_tree,256,0,sampled_star_fisher,31,1,4.0,0.0156030668890778,0.5131726336004605,4,1024,97,,0.1488042308757952,30,0.58507188190139,0.0156030668890778,0.9901855959919116,0.9901855959919116,0.0,0,1,0.0041378712980538,0.0080633124744439,,-1,,,0
ct_w6_i1,6,calibration,problem_tree,256,0,sampled_full_fisher,31,1,4.0,0.0253390772635011,0.5131726336004605,4,1024,496,,0.0136774704156889,30,0.58507188190139,0.0253390772635011,0.9836467692525792,0.9836467692525792,0.0,0,1,0.0069081213948918,0.0134615935117661,,-1,,,0
ct_w6_i1,6,calibration,problem_tree,256,0,protected_ray_star,31,0,,0.8124803450885629,0.5131726336004605,199,50944,97,,0.9412114192748756,30,0.58507188190139,1.7418686044842089,0.3458084039896116,0.3458084039896116,0.0,0,1,0.3443024387830078,0.6709290718940998,,-1,,,0
ct_w6_i1,6,calibration,problem_tree,256,19,sampled_adam,31,1,110.0,0.0998272175861973,0.2962645378974042,110,28160,62,,-0.1592728496932507,28,1.65358620601882,0.0998272175861973,0.9508038504913572,0.9508038504913572,0.0,0,1,0.019798916072583,0.0668285047312661,,-1,,,0
ct_w6_i1,6,calibration,problem_tree,256,19,sampled_diagonal_fisher,31,1,4.0,0.0329379961739366,0.2962645378974042,4,1024,31,,-0.198359850367133,28,1.65358620601882,0.0329379961739366,0.9832328282876938,0.9832328282876938,0.0,0,1,0.008739594734635,0.0294992940993212,,-1,,,0
ct_w6_i1,6,calibration,problem_tree,256,19,sampled_two_block_fisher,31,1,5.0,0.0160288643122932,0.2962645378974042,5,1280,256,,-0.3795963933631567,28,1.65358620601882,0.0160288643122932,0.991531374444514,0.991531374444514,0.0,0,1,0.004302585990535,0.0145227843368314,,-1,,,0
ct_w6_i1,6,calibration,problem_tree,256,19,sampled_star_fisher,31,1,4.0,0.0723961392018726,0.2962645378974042,4,1024,97,,0.2430884690987405,28,1.65358620601882,0.0723961392018726,0.953794696790915,0.953794696790915,0.0,0,1,0.0226637316594083,0.0764982937892375,,-1,,,0
ct_w6_i1,6,calibration,problem_tree,256,19,sampled_full_fisher,31,1,5.0,0.0291075127366386,0.2962645378974042,5,1280,496,,0.1050164844549271,28,1.65358620601882,0.0291075127366386,0.9802017474270848,0.9802017474270848,0.0,0,1,0.0085733477032989,0.0289381502225819,,-1,,,0
ct_w6_i1,6,calibration,problem_tree,256,19,protected_ray_star,31,0,,0.9488239730817938,0.2962645378974042,199,50944,97,,-0.4167049915482271,28,1.65358620601882,1.6821309938693148,0.3593158902026531,0.3593158902026531,0.0,0,1,0.2998801565739628,1.0122040211164611,,-1,,,0
ct_w6_i1,6,calibration,problem_tree,256,42,sampled_adam,31,0,,1.0304960233620832,0.3099155325227218,199,50944,62,,0.0884851545182042,27,1.210935137997041,1.0304960233620832,7.030960239819442e-07,0.9825998483439948,1.0,5,1,0.0066459268143321,0.0214443166505211,131390.41399338603,31,2.910491687135205e-07,0.0382410707697003,1
ct_w6_i1,6,calibration,problem_tree,256,42,sampled_diagonal_fisher,31,0,,1.000029516886718,0.3099155325227218,199,50944,31,,0.0166495579953149,27,1.210935137997041,1.000029516886718,3.693535287092087e-15,0.9999714242199252,1.0,5,1,8.11665884540165e-06,2.6189906583035063e-05,107622775.6598388,31,1.848687074929843e-12,0.0001989608343304,1
ct_w6_i1,6,calibration,problem_tree,256,42,sampled_two_block_fisher,31,1,6.0,0.0346416987460695,0.3099155325227218,6,1536,256,,-0.3370068901496453,27,1.210935137997041,0.0346416987460695,0.9838675172738288,0.9838675172738288,0.0,0,1,0.0134441045334511,0.0433798991099791,,-1,,,0
ct_w6_i1,6,calibration,problem_tree,256,42,sampled_star_fisher,31,0,,1.0001524780840363,0.3099155325227218,199,50944,97,,0.2327990819965998,27,1.210935137997041,1.0001524780840363,1.9903845515967608e-13,0.6653774870403498,1.0,7,1,3.4239132798495205e-05,0.0001104789183032,,-1,,,0
ct_w6_i1,6,calibration,problem_tree,256,42,sampled_full_fisher,31,1,9.0,0.021298101174926,0.3099155325227218,9,2304,496,,-0.1467820493192068,27,1.210935137997041,0.021298101174926,0.9895392679372264,0.9895392679372264,0.0,0,1,0.0073759078460995,0.0237997359669566,,-1,,,0
ct_w6_i1,6,calibration,problem_tree,256,42,protected_ray_star,31,0,,1.1267054563943724,0.3099155325227218,199,50944,97,,0.8976555566575958,27,1.210935137997041,1.4762902648043426,0.4132976509051753,0.4132976509051753,0.0,0,1,0.3068945313003,0.9902521787216318,,-1,,,0
ct_w6_i1,6,calibration,problem_tree,256,50,sampled_adam,31,1,98.0,0.099791446975928,0.509750719982613,98,25088,62,,0.1946674414307269,30,0.7613708475175405,0.099791446975928,0.9490801133875229,0.9490801133875229,0.0,0,1,0.0243405319138788,0.0477498725547833,,-1,,,0
ct_w6_i1,6,calibration,problem_tree,256,50,sampled_diagonal_fisher,31,1,3.0,0.0436016864021446,0.509750719982613,3,768,31,,0.0174934019355144,30,0.7613708475175405,0.0436016864021446,0.9737450871153662,0.9737450871153662,0.0,0,1,0.0132795718129384,0.0260511094783571,,-1,,,0
ct_w6_i1,6,calibration,problem_tree,256,50,sampled_two_block_fisher,31,1,4.0,0.012904449813254,0.509750719982613,4,1024,256,,-0.4891750315574326,30,0.7613708475175405,0.012904449813254,0.991914676255001,0.991914676255001,0.0,0,1,0.0031509841843456,0.0061814217436576,,-1,,,0
ct_w6_i1,6,calibration,problem_tree,256,50,sampled_star_fisher,31,1,3.0,0.0935323627842112,0.509750719982613,3,768,97,,0.3818300353542148,30,0.7613708475175405,0.0935323627842112,0.9425279569051704,0.9425279569051704,0.0,0,1,0.0253477572015876,0.0497257898967797,,-1,,,0
ct_w6_i1,6,calibration,problem_tree,256,50,sampled_full_fisher,31,1,4.0,0.0562024504589775,0.509750719982613,4,1024,496,,-0.0450516666327544,30,0.7613708475175405,0.0562024504589775,0.9563216874334424,0.9563216874334424,0.0,0,1,0.0173092890639743,0.0339563798253481,,-1,,,0
ct_w6_i1,6,calibration,problem_tree,256,50,protected_ray_star,31,0,,0.8600046550135634,0.509750719982613,199,50944,97,,0.9183275447288908,30,0.7613708475175405,1.325170697240187,0.4561971721782142,0.4561971721782142,0.0,0,1,0.2992584862429736,0.587068295368334,,-1,,,0
ct_w6_i1,6,calibration,problem_tree,256,101,sampled_adam,31,1,84.0,0.0994763108837517,0.4115350888542909,84,21504,62,,0.1238792951159923,29,0.9713284164748632,0.0994763108837517,0.953120200305979,0.953120200305979,0.0,0,1,0.0235081212712568,0.0571230058090629,,-1,,,0
ct_w6_i1,6,calibration,problem_tree,256,101,sampled_diagonal_fisher,31,1,3.0,0.0280022083623823,0.4115350888542909,3,768,31,,0.1104904102046162,29,0.9713284164748632,0.0280022083623823,0.9867058432164084,0.9867058432164084,0.0,0,1,0.0067344300663444,0.0163641697846301,,-1,,,0
ct_w6_i1,6,calibration,problem_tree,256,101,sampled_two_block_fisher,31,1,3.0,0.0992526479316833,0.4115350888542909,3,768,256,,-0.2302938427725686,29,0.9713284164748632,0.0992526479316833,0.9462026914832146,0.9462026914832146,0.0,0,1,0.0304957106535848,0.074102334113197,,-1,,,0
ct_w6_i1,6,calibration,problem_tree,256,101,sampled_star_fisher,31,1,3.0,0.0369689646161717,0.4115350888542909,3,768,97,,0.3216029285635612,29,0.9713284164748632,0.0369689646161717,0.9805862955197197,0.9805862955197197,0.0,0,1,0.0089364661380575,0.0217149554924625,,-1,,,0
ct_w6_i1,6,calibration,problem_tree,256,101,sampled_full_fisher,31,1,4.0,0.0309839140091288,0.4115350888542966,4,1024,496,,0.2457422304808522,29,0.9713284164748632,0.0309839140091288,0.9790012161250168,0.9790012161250168,0.0,0,1,0.0087268466806731,0.0212055956272609,,-1,,,0
ct_w6_i1,6,calibration,problem_tree,256,101,protected_ray_star,31,0,,0.8898305637371262,0.4115350888542966,199,50944,97,,0.949114663604589,29,0.9713284164748632,1.0765013839528628,0.5185540401795314,0.5185540401795314,0.0,0,1,0.2406993863473519,0.5848818068404641,,-1,,,0
ct_w6_i1,6,calibration,width2,256,0,sampled_adam,42,0,,2.0098187111860177,0.1649669263456019,199,50944,84,,0.2312293336141766,41,1.695903080557585,2.0098187111860177,3.070894357299783e-09,0.934698035155912,2.0,4,1,0.0026394740419264,0.0160000195214694,3697267.241037744,42,1.7265801271553926e-07,0.6383628143158414,1
ct_w6_i1,6,calibration,width2,256,0,sampled_diagonal_fisher,42,0,,1.000052627583763,0.1649669263456019,199,50944,42,,0.2075203092954696,41,1.695903080557585,1.000052627583763,2.210156807242143e-20,0.9222308114315606,1.0,7,1,1.7264823947396435e-05,0.0001046562746233,21497291726.32809,40,6.670880379229375e-11,1.4340586158373203,1
ct_w6_i1,6,calibration,width2,256,0,sampled_two_block_fisher,42,0,,1.0001903778359793,0.1649669263456019,199,50944,487,,0.3498120343168648,41,1.695903080557585,1.0001903778359793,9.046025142094341e-22,0.9249997239619564,1.0,8,1,7.187289682432852e-05,0.0004356806446993,861161615713.6212,41,9.64440818126403e-13,0.8305394131978997,1
ct_w6_i1,6,calibration,width2,256,0,sampled_star_fisher,42,0,,1.000075275921775,0.1649669263456019,199,50944,189,,0.520422943344189,41,1.695903080557585,1.000075275921775,4.520957185133917e-19,0.9772893243667394,1.0,8,1,1.8450248732214297e-05,0.0001118421076329,24539882707.96044,42,1.0774633772690564e-11,0.2644082490030557,1
ct_w6_i1,6,calibration,width2,256,0,sampled_full_fisher,42,0,,1.0005947886271669,0.1649669263456019,199,50944,903,,0.7143892805474216,41,1.695903080557585,1.0005947886271669,4.8641789664889673e-17,0.673195546653657,1.0,8,1,0.0003771548342006,0.0022862451435299,,-1,,,0
ct_w6_i1,6,calibration,width2,256,0,protected_ray_star,42,0,,1.0492218552438413,0.1649669263456019,199,50944,189,,0.976600776648833,41,1.695903080557585,1.1686274487230737,4.9325891396115735e-09,0.4846594376291105,1.0,8,1,0.0814022239073821,0.4934457209734653,,-1,,,0
ct_w6_i1,6,calibration,width2,256,19,sampled_adam,42,0,,1.0116152954471858,0.2523390524602418,199,50944,84,,0.3757477046611692,41,1.7729671518057055,1.0116152954471858,1.1469203896109627e-14,0.9896076037974112,1.0,8,1,0.0026389585922199,0.010457987245695,1544387.2141071388,42,2.1242527399694306e-08,0.0328066877114084,1
ct_w6_i1,6,calibration,width2,256,19,sampled_diagonal_fisher,42,0,,1.000226411340872,0.2523390524602418,199,50944,42,,0.4243928881422739,41,1.7729671518057055,1.000226411340872,1.2758080466554504e-26,0.9954417094620802,1.0,8,1,9.107775707842814e-05,0.0003609340535697,41002293276.33277,42,1.4157463982214674e-12,0.0580488490247884,1
ct_w6_i1,6,calibration,width2,256,19,sampled_two_block_fisher,42,0,,1.000194485440252,0.2523390524602418,199,50944,487,,0.5916714272855271,41,1.7729671518057055,1.000194485440252,9.130556192664018e-27,0.9221264698215512,1.0,8,1,5.113636219320482e-05,0.0002026494182911,117927724234.07729,42,7.0978358625895875e-12,0.837031630262209,1
ct_w6_i1,6,calibration,width2,256,19,sampled_star_fisher,42,0,,1.0002263865299827,0.2523390524602418,199,50944,189,,0.6920122337750043,41,1.7729671518057055,1.0002263865299827,2.5107165493112057e-23,0.9452156429472706,1.0,8,1,7.578952347810993e-05,0.0003003479752308,19533497517.17047,42,5.228709279312472e-11,1.0213497972545638,1
ct_w6_i1,6,calibration,width2,256,19,sampled_full_fisher,42,0,,1.0003119191658314,0.2523390524602418,199,50944,903,,0.8415219328025543,41,1.7729671518057055,1.0003119191658314,1.4500864286554677e-22,0.7482422779453313,1.0,8,1,9.029552716498192e-05,0.0003578341373823,,-1,,,0
ct_w6_i1,6,calibration,width2,256,19,protected_ray_star,42,0,,1.0143397144726407,0.2523390524602418,199,50944,189,,0.9784630399486708,41,1.7729671518057055,1.23140129617944,3.169722437401326e-08,0.4033484042809522,1.0,8,1,0.1122521035747834,0.4448463386081299,,-1,,,0
ct_w6_i1,6,calibration,width2,256,42,sampled_adam,42,0,,1.0108357538501649,0.2553542888186322,199,50944,84,,0.2023256414233734,41,0.8459787398848373,1.0108357538501649,2.1411548275467336e-12,0.9930989482817004,1.0,7,1,0.0023772096501878,0.0093094565248375,94003.03246407986,42,3.037733834782029e-07,0.0285556192288248,1
ct_w6_i1,6,calibration,width2,256,42,sampled_diagonal_fisher,42,0,,1.000046588252756,0.2553542888186322,199,50944,42,,0.3665564282349091,41,0.8459787398848373,1.000046588252756,1.2731683170628526e-18,0.5321149528475134,1.0,5,1,1.005120129264102e-05,3.936178765252687e-05,,-1,,,0
ct_w6_i1,6,calibration,width2,256,42,sampled_two_block_fisher,42,0,,1.000323645325027,0.2553542888186322,199,50944,487,,0.2820474549145155,41,0.8459787398848373,1.000323645325027,7.60179422039521e-21,0.3736100604115716,1.0,7,1,0.0001043322731202,0.0004085785032351,,-1,,,0
ct_w6_i1,6,calibration,width2,256,42,sampled_star_fisher,42,0,,1.0001408974505708,0.2553542888186322,199,50944,189,,0.646066656364932,41,0.8459787398848373,1.0001537516925847,6.946302571154617e-20,0.6903674454907903,1.0,7,1,7.540301183627535e-05,0.0002952878222062,,-1,,,0
ct_w6_i1,6,calibration,width2,256,42,sampled_full_fisher,42,0,,1.0001830089863102,0.2553542888186322,199,50944,903,,0.7762886975276999,41,0.8459787398848373,1.0001830089863102,7.167635173863837e-19,0.2472545420838005,1.0,6,1,4.110069157786738e-05,0.0001609555561726,,-1,,,0
ct_w6_i1,6,calibration,width2,256,42,protected_ray_star,42,0,,1.0812712404507234,0.2553542888186322,199,50944,189,,0.9794104570262508,41,0.8459787398848373,1.1349422756430911,8.63461461303187e-09,0.4626377314207559,1.0,8,1,0.0629067361643507,0.2463508110844022,,-1,,,0
ct_w6_i1,6,calibration,width2,256,50,sampled_adam,42,0,,1.0158082085156668,0.231784833930939,199,50944,84,,0.1445183764271959,38,0.9391103400000764,1.0158082085156668,4.130324462482259e-13,0.9905911844358526,1.0,7,1,0.0032097538090388,0.0138479889067946,156945.03926334123,42,2.0123254273074098e-07,0.0315824493199381,1
ct_w6_i1,6,calibration,width2,256,50,sampled_diagonal_fisher,42,0,,1.0001064448095,0.231784833930939,199,50944,42,,0.1485633634102171,38,0.9391103400000764,1.0001064448095,2.0040085304924e-21,0.9999441960949564,1.0,7,1,4.091310265705469e-05,0.0001765132858918,87313632.6938269,42,5.116437866026179e-12,0.0004467347765349,1
ct_w6_i1,6,calibration,width2,256,50,sampled_two_block_fisher,42,0,,1.000187941121844,0.231784833930939,199,50944,487,,0.0723656089904409,38,0.9391103400000764,1.000187941121844,3.983798631702586e-18,0.8828669118784132,1.0,6,1,8.071178553209454e-05,0.0003482185791161,,-1,,,0
ct_w6_i1,6,calibration,width2,256,50,sampled_star_fisher,42,0,,1.000026063501796,0.231784833930939,199,50944,189,,0.6776491774462715,38,0.9391103400000764,1.000026063501796,5.923717913704474e-18,0.999982254097922,1.0,7,1,6.4675978206745015e-06,2.790345559279147e-05,161081035.52473658,42,5.050635401965419e-13,8.13561580606484e-05,1
ct_w6_i1,6,calibration,width2,256,50,sampled_full_fisher,42,0,,1.000505753255139,0.231784833930939,199,50944,903,,0.6015356186536008,38,0.9391103400000764,1.000505753255139,1.2269145443600473e-17,0.4654799191205624,1.0,6,1,0.0001708299034153,0.0007370193317575,,-1,,,0
ct_w6_i1,6,calibration,width2,256,50,protected_ray_star,42,0,,2.0000124601981195,0.231784833930939,199,50944,189,,0.9785179311546086,38,0.9391103400000764,2.0013004053947334,2.1922667201245898e-15,0.9986966791822216,2.0,6,0,0.0011078412588243,0.0047796106416283,470509372228.59375,40,8.595839553143099e-14,0.0404442307192707,1
ct_w6_i1,6,calibration,width2,256,101,sampled_adam,42,0,,1.012922772382149,0.3584430265333796,199,50944,84,,0.1734219741891984,41,0.7061715572426107,1.012922772382149,1.8283241913250423e-11,0.9918828928534568,1.0,7,1,0.0027171612830987,0.0075804551406043,147935.92866483217,42,2.1312747550913653e-07,0.0315292110134353,1
ct_w6_i1,6,calibration,width2,256,101,sampled_diagonal_fisher,42,0,,1.000065880318159,0.3584430265333796,199,50944,42,,0.1610514822854737,41,0.7061715572426107,1.000065880318159,1.4620519651526433e-21,0.9999659888091584,1.0,7,1,1.7905939072429155e-05,4.99547703455229e-05,23334428.185380675,42,5.976062485891992e-12,0.0001394480009083,1
ct_w6_i1,6,calibration,width2,256,101,sampled_two_block_fisher,42,0,,1.000197651045312,0.3584430265333796,199,50944,487,,0.3661612461510076,41,0.7061715572426107,1.000197651045312,3.42378994505636e-20,0.9998200729054416,1.0,7,1,0.0001038837215916,0.0002898193405974,701569604.816865,42,3.761457541739346e-12,0.0026389242810934,1
ct_w6_i1,6,calibration,width2,256,101,sampled_star_fisher,42,0,,1.0001402917907374,0.3584430265333796,199,50944,189,,0.4808386812248461,41,0.7061715572426107,1.0001402917907374,8.576762844139596e-16,0.9998946603528476,1.0,7,1,4.482192974122509e-05,0.0001250461758866,202381097.1207151,42,4.616112804814143e-12,0.0009342139738712,1
ct_w6_i1,6,calibration,width2,256,101,sampled_full_fisher,42,0,,1.0003436745776355,0.3584430265333794,199,50944,903,,0.7998952877221039,41,0.7061715572426107,1.0003436745776355,8.616735262149362e-15,0.6244144702423673,1.0,7,1,0.0001624983381405,0.0004533449561345,,-1,,,0
ct_w6_i1,6,calibration,width2,256,101,protected_ray_star,42,0,,2.0000605057844734,0.3584430265333794,199,50944,189,,0.9796248773006994,41,0.7061715572426107,2.0008067145635806,2.3038318586009822e-14,0.9991881654631668,2.0,6,0,0.0006528398581112,0.0018213211299578,19904631750.68757,40,1.1860982589552077e-12,0.023608849064635,1
ct_w6_i1,6,calibration,width3,1024,0,sampled_adam,48,1,27.0,0.0980132211737405,0.4378763808914139,27,27648,96,,0.263523156394739,48,0.2344914294991305,0.0980132211737405,0.9360529725278746,0.9360529725278746,0.0,0,1,0.0216446276218369,0.0494309091935344,,-1,,,0
ct_w6_i1,6,calibration,width3,1024,0,sampled_star_fisher,48,1,2.0,0.0629453249501477,0.4378763808914139,2,2048,257,,0.6020306144880656,48,0.2344914294991305,0.0629453249501477,0.9434989009023906,0.9434989009023906,0.0,0,1,0.0232591911027027,0.0531181678613322,,-1,,,0
ct_w6_i1,6,calibration,width3,1024,0,sampled_full_fisher,48,1,4.0,0.0585602998691161,0.4378763808914139,4,4096,1176,,0.9107064381158988,48,0.2344914294991305,0.0585602998691161,0.9450366521488348,0.9450366521488348,0.0,0,1,0.0490311682994279,0.1119749099040508,,-1,,,0
ct_w6_i1,6,calibration,width3,1024,0,protected_ray_star,48,1,5.0,0.077729972371884,0.4378763808914139,5,5120,257,,0.9782972374074368,48,0.2344914294991305,0.077729972371884,0.9314690040966274,0.9314690040966274,0.0,0,1,0.0467242935013356,0.106706585557814,,-1,,,0
ct_w6_i1,6,calibration,width3,1024,19,sampled_adam,48,0,,1.0089585993853485,0.3058958109578249,199,203776,96,,0.4216372545318914,48,0.324066074270785,1.0089585993853485,2.085902718630598e-09,0.986938426629558,1.0,5,1,0.0020147969121958,0.0065865462684404,3630541.056346533,48,1.9341357984327663e-08,0.0702195942475974,1
ct_w6_i1,6,calibration,width3,1024,19,sampled_star_fisher,48,0,,1.000016776953533,0.3058958109578249,199,203776,257,,0.5525676659891297,48,0.324066074270785,1.000016776953533,4.023945790780355e-18,0.927230952463636,1.0,5,1,5.249241402861095e-06,1.7160226504653993e-05,593325718580.2314,38,1.819128710299633e-12,1.0793358492284597,1
ct_w6_i1,6,calibration,width3,1024,19,sampled_full_fisher,48,1,7.0,0.0528935981712628,0.3058958109578249,7,7168,1176,,0.9085444303095824,48,0.324066074270785,0.0528935981712628,0.9509429933361736,0.9509429933361736,0.0,0,1,0.0496449375011759,0.162293616724358,,-1,,,0
ct_w6_i1,6,calibration,width3,1024,19,protected_ray_star,48,1,9.0,0.0591091781122212,0.3058958109578249,9,9216,257,,0.9786531838440916,48,0.324066074270785,0.0591091781122212,0.94157769581467,0.94157769581467,0.0,0,1,0.0587864793831185,0.1921781118840611,,-1,,,0
ct_w6_i1,6,calibration,width3,1024,42,sampled_adam,48,1,29.0,0.0996754252173648,0.2257244419533568,29,29696,96,,0.1054092876678031,48,0.6027074997951872,0.0996754252173648,0.9374618146822656,0.9374618146822656,0.0,0,1,0.0231371994722799,0.1025019677623613,,-1,,,0
ct_w6_i1,6,calibration,width3,1024,42,sampled_star_fisher,48,1,2.0,0.0943005896539688,0.2257244419533568,2,2048,257,,0.7303056601355364,48,0.6027074997951872,0.0943005896539688,0.9334255140736656,0.9334255140736656,0.0,0,1,0.0246801837838266,0.1093376666268443,,-1,,,0
ct_w6_i1,6,calibration,width3,1024,42,sampled_full_fisher,48,1,5.0,0.0446979601416117,0.2257244419533568,5,5120,1176,,0.936452989600511,48,0.6027074997951872,0.0446979601416117,0.964648909975516,0.964648909975516,0.0,0,1,0.0251147709569389,0.1112629662060638,,-1,,,0
ct_w6_i1,6,calibration,width3,1024,42,protected_ray_star,48,1,4.0,0.0754055923052785,0.2257244419533568,4,4096,257,,0.9783308776395124,48,0.6027074997951872,0.0754055923052785,0.9438354495563986,0.9438354495563986,0.0,0,1,0.0256576627556018,0.1136680748153258,,-1,,,0
ct_w6_i1,6,calibration,width3,1024,50,sampled_adam,48,0,,1.011807184913513,0.2682747126877522,199,203776,96,,0.3689323795890055,48,0.4808912221282165,1.011807184913513,9.860254936248723e-10,0.8484885806580941,1.0,5,1,0.0028514310373832,0.0106287730543656,,-1,,,0
ct_w6_i1,6,calibration,width3,1024,50,sampled_star_fisher,48,1,6.0,0.0930678285371993,0.2682747126877522,6,6144,257,,0.7015069686737414,48,0.4808912221282165,0.0930678285371993,0.9387968159712988,0.9387968159712988,0.0,0,1,0.0421518445471973,0.1571219446100324,,-1,,,0
ct_w6_i1,6,calibration,width3,1024,50,sampled_full_fisher,48,1,6.0,0.0645623269599919,0.2682747126877522,6,6144,1176,,0.8578067401759008,48,0.4808912221282165,0.0645623269599919,0.9408320953003678,0.9408320953003678,0.0,0,1,0.0502540199328932,0.1873229848218471,,-1,,,0
ct_w6_i1,6,calibration,width3,1024,50,protected_ray_star,48,1,8.0,0.0742610707483582,0.2682747126877522,8,8192,257,,0.9772214831753616,48,0.4808912221282165,0.0742610707483582,0.933849455924358,0.933849455924358,0.0,0,1,0.0498177644269716,0.1856968326528599,,-1,,,0
ct_w6_i1,6,calibration,width3,1024,101,sampled_adam,48,0,,1.0104628816592456,0.2877332263075808,199,203776,96,,0.2898754483909061,48,0.3919901819618368,1.0104628816592456,4.480531794433198e-05,0.9937188669108564,1.0,3,1,0.0023784772780647,0.0082662586750485,10847376.628480123,48,1.6739538674340806e-09,0.0181580080587583,1
ct_w6_i1,6,calibration,width3,1024,101,sampled_star_fisher,48,1,4.0,0.0139687851900518,0.2877332263075808,4,4096,257,,0.6425891715928076,48,0.3919901819618368,0.0139687851900518,0.9863495242008772,0.9863495242008772,0.0,0,1,0.0057593797257794,0.0200163874005387,,-1,,,0
ct_w6_i1,6,calibration,width3,1024,101,sampled_full_fisher,48,1,5.0,0.0377753495687507,0.2877332263075808,5,5120,1176,,0.9387494045535346,48,0.3919901819618368,0.0377753495687507,0.9654845426875992,0.9654845426875992,0.0,0,1,0.0244487204377901,0.0849700980020118,,-1,,,0
ct_w6_i1,6,calibration,width3,1024,101,protected_ray_star,48,1,7.0,0.059757236089899,0.2877332263075808,7,7168,257,,0.9785780601718004,48,0.3919901819618368,0.059757236089899,0.9443700863351028,0.9443700863351028,0.0,0,1,0.0372973864250082,0.1296248851884006,,-1,,,0
ct_w6_i1,6,calibration,width3,256,0,sampled_adam,48,1,28.0,0.0995693307347718,0.4378763808914139,28,7168,96,,0.316227761580474,48,0.1959415969868141,0.0995693307347718,0.9348742120636668,0.9348742120636668,0.0,0,1,0.0221548698885776,0.0505961747547915,,-1,,,0
ct_w6_i1,6,calibration,width3,256,0,sampled_diagonal_fisher,48,1,2.0,0.03969463150049,0.4378763808914139,2,512,48,,0.2993434688783017,48,0.1959415969868141,0.03969463150049,0.9627813770214908,0.9627813770214908,0.0,0,1,0.0166853041721598,0.03810505635904,,-1,,,0
ct_w6_i1,6,calibration,width3,256,0,sampled_two_block_fisher,48,1,3.0,0.0274579448785026,0.4378763808914139,3,768,664,,0.473048995131502,48,0.1959415969868141,0.0274579448785026,0.9776730136405684,0.9776730136405684,0.0,0,1,0.0107929886413059,0.024648483253045,,-1,,,0
ct_w6_i1,6,calibration,width3,256,0,sampled_star_fisher,48,1,2.0,0.0618927287275106,0.4378763808914139,2,512,257,,0.6586413363050088,48,0.1959415969868141,0.0618927287275106,0.9472333048192868,0.9472333048192868,0.0,0,1,0.0207676370101766,0.0474280822543992,,-1,,,0
ct_w6_i1,6,calibration,width3,256,0,sampled_full_fisher,48,1,4.0,0.0737465034944389,0.4378763808914139,4,1024,1176,,0.8891142385429727,48,0.1959415969868141,0.0737465034944389,0.9390946610109036,0.9390946610109036,0.0,0,1,0.0493003633204829,0.1125896839197377,,-1,,,0
ct_w6_i1,6,calibration,width3,256,0,protected_ray_star,48,1,5.0,0.0885732079278494,0.4378763808914139,5,1280,257,,0.9782297343870072,48,0.1959415969868141,0.0885732079278494,0.9226922042663028,0.9226922042663028,0.0,0,1,0.0524779659018548,0.1198465324734391,,-1,,,0
ct_w6_i1,6,calibration,width3,256,19,sampled_adam,48,0,,1.0090052510573244,0.3058958109578249,199,50944,96,,0.3162277839490244,48,0.3046959794578072,1.0090052510573244,1.3401575722484481e-09,0.9877557992041974,1.0,5,1,0.0020131947040329,0.0065813085106632,3081796.919471072,48,1.9742315063389266e-08,0.0608418057455803,1
ct_w6_i1,6,calibration,width3,256,19,sampled_diagonal_fisher,48,0,,1.0000110125652242,0.3058958109578249,199,50944,48,,0.3524785328900222,48,0.3046959794578072,1.0000110125652242,7.304207365683304e-21,0.9998718382271428,1.0,5,1,4.033389298028482e-06,1.3185500270170684e-05,355321383842.7939,46,5.435342422969102e-15,0.0019312933913888,1
ct_w6_i1,6,calibration,width3,256,19,sampled_two_block_fisher,48,0,,1.000054771659304,0.3058958109578249,199,50944,664,,0.5263060698913798,48,0.3046959794578072,1.000054771659304,8.517468163225038e-14,0.9831835450507332,1.0,5,1,1.821335853305626e-05,5.954105247805243e-05,792063314241.2063,46,3.245915187867374e-13,0.25709703414481,1
ct_w6_i1,6,calibration,width3,256,19,sampled_star_fisher,48,0,,1.000051944496274,0.3058958109578249,199,50944,257,,0.4783145674335143,48,0.3046959794578072,1.000051944496274,1.3389227206779424e-11,0.9662314613943622,1.0,5,1,1.4096183654984927e-05,4.608164986256849e-05,561399866804.7416,48,9.258527235689425e-13,0.5197735956924115,1
ct_w6_i1,6,calibration,width3,256,19,sampled_full_fisher,48,1,7.0,0.0464553935849316,0.3058958109578249,7,1792,1176,,0.9049811555453786,48,0.3046959794578072,0.0464553935849316,0.9588006832264798,0.9588006832264798,0.0,0,1,0.0421027007761035,0.1376373891629017,,-1,,,0
ct_w6_i1,6,calibration,width3,256,19,protected_ray_star,48,1,9.0,0.0742744250568829,0.3058958109578249,9,2304,257,,0.9789720121484232,48,0.3046959794578072,0.0742744250568829,0.9266838703621008,0.9266838703621008,0.0,0,1,0.0719078753016613,0.2350730958900759,,-1,,,0
ct_w6_i1,6,calibration,width3,256,42,sampled_adam,48,1,31.0,0.0982151628258876,0.2257244419533568,31,7936,96,,0.2371708751768992,48,0.5502657922129289,0.0982151628258876,0.9363510263419512,0.9363510263419512,0.0,0,1,0.0222440750793994,0.098545265576494,,-1,,,0
ct_w6_i1,6,calibration,width3,256,42,sampled_diagonal_fisher,48,1,2.0,0.0908675035149872,0.2257244419533568,2,512,48,,0.3499324153095716,48,0.5502657922129289,0.0908675035149872,0.9260500627889104,0.9260500627889104,0.0,0,1,0.0262448327493813,0.1162693438170266,,-1,,,0
ct_w6_i1,6,calibration,width3,256,42,sampled_two_block_fisher,48,1,3.0,0.099959151800208,0.2257244419533568,3,768,664,,0.5108255304984597,48,0.5502657922129289,0.099959151800208,0.9316194941458577,0.9316194941458577,0.0,0,1,0.0318783978405142,0.1412270535022589,,-1,,,0
ct_w6_i1,6,calibration,width3,256,42,sampled_star_fisher,48,1,3.0,0.0120034353391922,0.2257244419533568,3,768,257,,0.6876395266791433,48,0.5502657922129289,0.0120034353391922,0.990415136466436,0.990415136466436,0.0,0,1,0.0032321235495799,0.0143188904205945,,-1,,,0
ct_w6_i1,6,calibration,width3,256,42,sampled_full_fisher,48,1,5.0,0.0682734905146311,0.2257244419533568,5,1280,1176,,0.8858505537289751,48,0.5502657922129289,0.0682734905146311,0.9545060952122651,0.9545060952122651,0.0,0,1,0.0327778996704653,0.1452120088848795,,-1,,,0
ct_w6_i1,6,calibration,width3,256,42,protected_ray_star,48,1,6.0,0.062774218155436,0.2257244419533568,6,1536,257,,0.9779714607201476,48,0.5502657922129289,0.062774218155436,0.9514418429654128,0.9514418429654128,0.0,0,1,0.0239697150243821,0.1061901618493541,,-1,,,0
ct_w6_i1,6,calibration,width3,256,50,sampled_adam,48,0,,1.012489551723835,0.2682747126877522,199,50944,96,,0.1054093518424245,46,0.5870744451089958,1.012489551723835,2.42417543978899e-09,0.5565803988196714,1.0,5,1,0.0030597388712888,0.0114052451706474,,-1,,,0
ct_w6_i1,6,calibration,width3,256,50,sampled_diagonal_fisher,48,0,,1.0001453104236813,0.2682747126877522,199,50944,48,,0.2896542979603162,46,0.5870744451089958,1.0001453104236813,1.2105847051884568e-13,0.8563678999797811,1.0,6,1,4.944779339492651e-05,0.0001843177573447,,-1,,,0
ct_w6_i1,6,calibration,width3,256,50,sampled_two_block_fisher,48,1,5.0,0.0518148134188898,0.2682747126877522,5,1280,664,,0.3670502575251309,46,0.5870744451089958,0.0518148134188898,0.956537145228092,0.956537145228092,0.0,0,1,0.0331862065220171,0.1237023280708641,,-1,,,0
ct_w6_i1,6,calibration,width3,256,50,sampled_star_fisher,48,1,5.0,0.0176426929712878,0.2682747126877522,5,1280,257,,0.6025624214198284,46,0.5870744451089958,0.0176426929712878,0.9847446974921702,0.9847446974921702,0.0,0,1,0.0062004382057958,0.0231122722811844,,-1,,,0
ct_w6_i1,6,calibration,width3,256,50,sampled_full_fisher,48,1,6.0,0.0859316379820196,0.2682747126877522,6,1536,1176,,0.804763378409484,46,0.5870744451089958,0.0859316379820196,0.9258637834807484,0.9258637834807484,0.0,0,1,0.0589751676667928,0.219831258324502,,-1,,,0
ct_w6_i1,6,calibration,width3,256,50,protected_ray_star,48,1,8.0,0.0883369106019245,0.2682747126877522,8,2048,257,,0.9766416654388652,46,0.5870744451089958,0.0883369106019245,0.9234960366986608,0.9234960366986608,0.0,0,1,0.0567302212778989,0.2114631703806083,,-1,,,0
ct_w6_i1,6,calibration,width3,256,101,sampled_adam,48,0,,1.0102948744028648,0.2877332263075808,199,50944,96,,0.3425800801244919,47,0.3445324123550202,1.0102948744028648,9.323627337493812e-05,0.9935545912001033,1.0,3,1,0.0022641170752222,0.0078688064784078,7205459.259330908,48,2.4847874816583644e-09,0.0179040349671847,1
ct_w6_i1,6,calibration,width3,256,101,sampled_diagonal_fisher,48,1,3.0,0.0126925833902138,0.2877332263075808,3,768,48,,0.2798338433225866,47,0.3445324123550202,0.0126925833902138,0.9911021037520442,0.9911021037520442,0.0,0,1,0.0032553978400527,0.0113139448016782,,-1,,,0
ct_w6_i1,6,calibration,width3,256,101,sampled_two_block_fisher,48,1,3.0,0.0692202750022907,0.2877332263075808,3,768,664,,0.426679869815629,47,0.3445324123550202,0.0692202750022907,0.9400587468007696,0.9400587468007696,0.0,0,1,0.0327701630076707,0.1138907849753858,,-1,,,0
ct_w6_i1,6,calibration,width3,256,101,sampled_star_fisher,48,1,3.0,0.0485283408340251,0.2877332263075808,3,768,257,,0.565097199136926,47,0.3445324123550202,0.0485283408340251,0.9550549505843636,0.9550549505843636,0.0,0,1,0.0248217432482501,0.0862665169635855,,-1,,,0
ct_w6_i1,6,calibration,width3,256,101,sampled_full_fisher,48,1,5.0,0.0594666109197437,0.2877332263075737,5,1280,1176,,0.8889720057104835,47,0.3445324123550202,0.0594666109197437,0.9525308281772952,0.9525308281772952,0.0,0,1,0.0309391355901261,0.1075271562730596,,-1,,,0
ct_w6_i1,6,calibration,width3,256,101,protected_ray_star,48,1,7.0,0.0849926834444758,0.2877332263075737,7,1792,257,,0.9782729033400532,47,0.3445324123550202,0.0849926834444758,0.9209550853878558,0.9209550853878558,0.0,0,1,0.0536759601818185,0.1865476603819169,,-1,,,0
ct_w6_i1,6,calibration,width3,64,0,sampled_adam,48,1,45.0,0.0950989506883015,0.4378763808914139,45,2880,96,,0.2898754550907308,44,0.3401897980376457,0.0950989506883015,0.9342022877436352,0.9342022877436352,0.0,0,1,0.0225038442033689,0.0513931446988677,,-1,,,0
ct_w6_i1,6,calibration,width3,64,0,sampled_star_fisher,48,1,3.0,0.0515453606853153,0.4378763808914139,3,192,257,,0.4088413111992882,44,0.3401897980376457,0.0515453606853153,0.9643497141551386,0.9643497141551386,0.0,0,1,0.0128797112971348,0.0294140352373305,,-1,,,0
ct_w6_i1,6,calibration,width3,64,0,sampled_full_fisher,48,1,5.0,0.0537486069954962,0.4378763808914139,5,320,1176,,0.5265915639597026,44,0.3401897980376457,0.0537486069954962,0.9642461710813456,0.9642461710813456,0.0,0,1,0.0278873072719973,0.0636876262090806,,-1,,,0
ct_w6_i1,6,calibration,width3,64,0,protected_ray_star,48,1,6.0,0.0998112163507212,0.4378763808914139,6,384,257,,0.9795648154426968,44,0.3401897980376457,0.0998112163507212,0.9091562565525056,0.9091562565525056,0.0,0,1,0.0755791189914572,0.1726037810890732,,-1,,,0
ct_w6_i1,6,calibration,width3,64,19,sampled_adam,48,0,,1.009817722199342,0.3058958109578249,199,12736,96,,0.2635231656841701,43,0.5073611022438902,1.009817722199342,3.250624148495132e-09,0.9842732799458316,1.0,5,1,0.0021160050606636,0.0069174045046187,3222608.887935496,48,2.923571339186956e-08,0.0942152698217736,1
ct_w6_i1,6,calibration,width3,64,19,sampled_star_fisher,48,0,,1.000120947341328,0.3058958109578249,199,12736,257,,0.5403820190618553,43,0.5073611022438902,1.000120947341328,3.7292967221190585e-15,0.9401499931367028,1.0,5,1,3.4611163594688494e-05,0.0001131469028173,749563772705.9065,48,1.1995219736777745e-12,0.8991182160335475,1
ct_w6_i1,6,calibration,width3,64,19,sampled_full_fisher,48,1,8.0,0.0647390842251915,0.3058958109578249,8,512,1176,,0.6419221270904839,43,0.5073611022438902,0.0647390842251915,0.9512451471531376,0.9512451471531376,0.0,0,1,0.0443519224338588,0.1449902903050014,,-1,,,0
ct_w6_i1,6,calibration,width3,64,19,protected_ray_star,48,1,9.0,0.0670387360967961,0.3058958109578249,9,576,257,,0.9793746713652958,43,0.5073611022438902,0.0670387360967961,0.9338190830345188,0.9338190830345188,0.0,0,1,0.0654545666534524,0.2139766688811469,,-1,,,0
ct_w6_i1,6,calibration,width3,64,42,sampled_adam,48,1,35.0,0.0949711920362084,0.2257244419533568,35,2240,96,,0.2371708252116506,43,0.6229833593105559,0.0949711920362084,0.937867188165181,0.937867188165181,0.0,0,1,0.0216559176138161,0.0959396218965561,,-1,,,0
ct_w6_i1,6,calibration,width3,64,42,sampled_star_fisher,48,1,3.0,0.0246512540668053,0.2257244419533568,3,192,257,,0.4411920571665857,43,0.6229833593105559,0.0246512540668053,0.9797495661539142,0.9797495661539142,0.0,0,1,0.0087445035617424,0.038739728343417,,-1,,,0
ct_w6_i1,6,calibration,width3,64,42,sampled_full_fisher,48,1,6.0,0.0674365421691103,0.2257244419533568,6,384,1176,,0.6576148574601237,43,0.6229833593105559,0.0674365421691103,0.9478120967668962,0.9478120967668962,0.0,0,1,0.0275901864540889,0.1222295034393755,,-1,,,0
ct_w6_i1,6,calibration,width3,64,42,protected_ray_star,48,1,6.0,0.0762311732903597,0.2257244419533568,6,384,257,,0.9780349346353228,43,0.6229833593105559,0.0762311732903597,0.939708857447466,0.939708857447466,0.0,0,1,0.0313389835028405,0.1388373506725354,,-1,,,0
ct_w6_i1,6,calibration,width3,64,50,sampled_adam,48,0,,1.0160039674915122,0.2682747126877522,199,12736,96,,0.1054092770041858,38,0.3599371202652744,1.0160039674915122,3.75742961505751e-09,0.9093236293967644,1.0,5,1,0.003850408255777,0.0143524830096775,841865320.829589,48,1.3563256322602456e-09,1.1418435135521667,1
ct_w6_i1,6,calibration,width3,64,50,sampled_star_fisher,48,0,,1.000255000630407,0.2682747126877522,199,12736,257,,0.6938657277487474,38,0.3599371202652744,1.000255000630407,1.7303093431404002e-11,0.5619913937274102,1.0,6,1,6.276687363478369e-05,0.0002339649272417,,-1,,,0
ct_w6_i1,6,calibration,width3,64,50,sampled_full_fisher,48,1,7.0,0.0720760072313435,0.2682747126877522,7,448,1176,,0.5068310173092304,38,0.3599371202652744,0.0720760072313435,0.9456869847346192,0.9456869847346192,0.0,0,1,0.0449688044817733,0.1676222258566465,,-1,,,0
ct_w6_i1,6,calibration,width3,64,50,protected_ray_star,48,1,9.0,0.0594991003121929,0.2682747126877522,9,576,257,,0.9775504198033516,38,0.3599371202652744,0.0594991003121929,0.9491145061581632,0.9491145061581632,0.0,0,1,0.0373265801518705,0.1391356635066659,,-1,,,0
ct_w6_i1,6,calibration,width3,64,101,sampled_adam,48,0,,1.0113465617856754,0.2877332263075808,199,12736,96,,0.263523166959859,40,0.406571412841363,1.0113465617856754,0.0038544328881422,0.9836755079744546,1.0,3,1,0.0034324908684016,0.0119294212644473,11986260.80535282,48,1.8488368793686797e-08,0.2216064102266762,1
ct_w6_i1,6,calibration,width3,64,101,sampled_star_fisher,48,1,4.0,0.0894168230374123,0.2877332263075808,4,256,257,,0.4681315274766841,40,0.406571412841363,0.0894168230374123,0.915353480989784,0.915353480989784,0.0,0,1,0.0390880553703171,0.1358482503808329,,-1,,,0
ct_w6_i1,6,calibration,width3,64,101,sampled_full_fisher,48,1,5.0,0.0708739151051816,0.2877332263075808,5,320,1176,,0.4888235082541661,40,0.406571412841363,0.0708739151051816,0.9464863499195746,0.9464863499195746,0.0,0,1,0.0275740525248209,0.0958320068859369,,-1,,,0
ct_w6_i1,6,calibration,width3,64,101,protected_ray_star,48,1,7.0,0.073483611125269,0.2877332263075808,7,448,257,,0.9781180089414756,40,0.406571412841363,0.073483611125269,0.935220984003122,0.935220984003122,0.0,0,1,0.040726636766611,0.1415430441914799,,-1,,,0
ct_w6_i2,6,evaluation,chain,256,0,sampled_adam,31,0,,2.0377043480926886,0.3248424138175017,199,50944,62,,-0.4445906799651542,25,1.7115562044493913,2.0377043480926886,1.6662385958769142e-17,0.9786179642102216,2.0,5,1,0.0083905634539614,0.0258296426114949,6312.383075446592,31,1.1091558249695923e-05,0.0700141645757105,1
ct_w6_i2,6,evaluation,chain,256,0,sampled_diagonal_fisher,31,0,,2.000106028606629,0.3248424138175017,199,50944,31,,-0.4638348492600161,25,1.7115562044493913,2.000106028606629,7.457988453146905e-37,0.9999409845234802,2.0,5,1,5.36738410666439e-05,0.0001652303972128,28534753.07493625,31,1.7995394359277178e-11,0.000513494134528,1
ct_w6_i2,6,evaluation,chain,256,0,sampled_two_block_fisher,31,0,,2.0001387653005622,0.3248424138175017,199,50944,256,,-0.6438388461416169,25,1.7115562044493913,2.0001387653005622,8.333936562947859e-32,0.999916820535818,2.0,5,1,5.632593130298546e-05,0.0001733946335426,315230.3818811908,31,1.624243293841483e-09,0.0005120108337856,1
ct_w6_i2,6,evaluation,chain,256,0,sampled_star_fisher,31,0,,3.000074230270007,0.3248424138175017,199,50944,90,,0.0071722180650733,25,1.7115562044493913,3.000074230270007,9.226737433185316e-34,0.9717994156679214,3.0,7,1,2.4230718461590724e-05,7.45922251248991e-05,65775762.68129894,31,4.942988226546891e-09,0.325128820525803,1
ct_w6_i2,6,evaluation,chain,256,0,sampled_full_fisher,31,0,,2.000143431636348,0.3248424138175017,199,50944,496,,-0.5194231917535488,25,1.7115562044493913,2.000143431636348,4.838425313815369e-34,0.9842100508834342,2.0,9,1,3.681328747400774e-05,0.0001133266036333,158573160.68975544,31,1.124093028897443e-09,0.1782509845015881,1
ct_w6_i2,6,evaluation,chain,256,0,protected_ray_star,31,0,,2.856329320715149,0.3248424138175017,199,50944,90,,-0.9822107241408322,25,1.7115562044493913,6.240148375668232,1.706837913508148e-05,0.0129299201865022,1.0,7,1,0.4365077807947419,1.3437524234134477,,-1,,,0
ct_w6_i2,6,evaluation,chain,256,19,sampled_adam,31,0,,1.0407391992400843,0.3264140483600244,199,50944,62,,-0.5046473337826279,27,1.857840893215912,1.0407391992400843,4.854651692246665e-19,0.9802677582466672,1.0,9,1,0.0086958262810139,0.026640478020795,10621.617666787724,31,3.972547058947829e-06,0.0421948760234658,1
ct_w6_i2,6,evaluation,chain,256,19,sampled_diagonal_fisher,31,0,,2.0000828939931043,0.3264140483600244,199,50944,31,,-0.6161967255795052,27,1.857840893215912,2.0000828939931043,6.073438635092936e-39,0.9551075786062904,2.0,9,1,2.007187716114214e-05,6.14920750561676e-05,45574291.488128655,31,1.1278829256342348e-08,0.5140246521733796,1
ct_w6_i2,6,evaluation,chain,256,19,sampled_two_block_fisher,31,0,,1.0000855351368525,0.3264140483600244,199,50944,256,,-0.7018240554409952,27,1.857840893215912,1.0000855351368525,2.5885519181060332e-34,0.9999538004893476,1.0,9,1,2.41767456804186e-05,7.406772411263504e-05,2303692.084546951,31,7.230854843533167e-11,0.0001665766306755,1
ct_w6_i2,6,evaluation,chain,256,19,sampled_star_fisher,31,0,,2.0000852258584523,0.3264140483600244,199,50944,90,,-0.0795295705557601,27,1.857840893215912,2.0000852258584523,9.228872615143312e-38,0.964817450000528,2.0,8,1,2.2137474865072345e-05,6.782022702851137e-05,350856937.1093874,31,1.1593587385542562e-09,0.4067690560201494,1
ct_w6_i2,6,evaluation,chain,256,19,sampled_full_fisher,31,0,,1.0001311331816645,0.3264140483600244,199,50944,496,,-0.685911064947414,27,1.857840893215912,1.0001311331816645,1.9861553257124608e-35,0.9999252676065348,1.0,9,1,3.338937134635476e-05,0.0001022914654381,1570252.9717414395,31,1.3219050948249242e-10,0.0002075725403508,1
ct_w6_i2,6,evaluation,chain,256,19,protected_ray_star,31,0,,3.12657114208311,0.3264140483600244,199,50944,90,,-0.9788040847242898,27,1.857840893215912,6.734342567440444,5.77431160581512e-05,0.0043320820393106,4.0,5,0,0.2814274914281346,0.8621794706511192,,-1,,,0
ct_w6_i2,6,evaluation,chain,256,42,sampled_adam,31,0,,2.0372247357759203,0.3861925801163965,199,50944,62,,-0.5046473950058842,27,1.9336775577498777,2.0372247357759203,2.260599447470264e-21,0.977350604042214,2.0,9,1,0.0083676685266699,0.0216670877626597,5159.405391870465,31,9.575597253152156e-06,0.0494043880982932,1
ct_w6_i2,6,evaluation,chain,256,42,sampled_diagonal_fisher,31,0,,2.00001360188946,0.3861925801163965,199,50944,31,,-0.5186962704603671,27,1.9336775577498777,2.00001360188946,1.491203538883777e-42,0.9995356780758308,2.0,8,1,3.7345898685056256e-06,9.670278666099796e-06,2232139.283716829,31,2.446785273249869e-09,0.0054615655272408,1
ct_w6_i2,6,evaluation,chain,256,42,sampled_two_block_fisher,31,0,,3.0000572911160006,0.3861925801163965,199,50944,256,,-0.7147915320586881,27,1.9336775577498777,3.0000572911160006,3.224854716406522e-45,0.954183640385274,3.0,10,1,1.5517073406251e-05,4.0179625930602376e-05,8975026.0409982,31,3.8241941749566676e-08,0.3432224230606971,1
ct_w6_i2,6,evaluation,chain,256,42,sampled_star_fisher,31,0,,2.000143179552694,0.3861925801163965,199,50944,90,,0.1783399658911764,27,1.9336775577498777,2.000143179552694,3.88899905139641e-34,0.9850023211713488,2.0,8,1,4.419908132766813e-05,0.0001144482923891,14191113.196105542,31,1.2430206165480053e-08,0.1763984627452564,1
ct_w6_i2,6,evaluation,chain,256,42,sampled_full_fisher,31,0,,2.0001833057799754,0.3861925801163965,199,50944,496,,-0.5280186522565994,27,1.9336775577498777,2.0001833057799754,1.438344735272615e-42,0.9498180311008518,2.0,9,1,4.611100194393714e-05,0.0001193989846465,230482840.21134347,31,4.128728357777683e-09,0.9516010383617162,1
ct_w6_i2,6,evaluation,chain,256,42,protected_ray_star,31,0,,2.65418737121224,0.3861925801163965,199,50944,90,,-0.981528014686448,27,1.9336775577498777,2.85714296063054,2.4652779940277656e-13,0.372865289602909,2.0,8,1,0.170457745661704,0.441380167403343,,-1,,,0
ct_w6_i2,6,evaluation,chain,256,50,sampled_adam,31,0,,2.032696286138074,0.3850882807350839,199,50944,62,,-0.3027884180484529,27,1.748286828622611,2.032696286138074,9.428796680347144e-20,0.980302358549268,2.0,9,1,0.0073716654457865,0.0191427935218257,2330.8470820390976,31,2.1467178538543897e-05,0.0500367104561773,1
ct_w6_i2,6,evaluation,chain,256,50,sampled_diagonal_fisher,31,0,,2.000048833921282,0.3850882807350839,199,50944,31,,-0.4033457260227012,27,1.748286828622611,2.000048833921282,1.16051679420741e-37,0.9999702291334626,2.0,9,1,1.2834714222728522e-05,3.332927763532224e-05,38659106.83000752,31,3.8018036262919486e-12,0.0001469743325355,1
ct_w6_i2,6,evaluation,chain,256,50,sampled_two_block_fisher,31,0,,2.0001084346136224,0.3850882807350839,199,50944,256,,-0.6001513482159796,27,1.748286828622611,2.0001084346136224,4.19074846573067e-38,0.9872262446239748,2.0,9,1,3.949584483531844e-05,0.0001025630921822,606374303.7921393,31,2.485968068381058e-10,0.1507427156714053,1
ct_w6_i2,6,evaluation,chain,256,50,sampled_star_fisher,31,0,,2.000068309490853,0.3850882807350839,199,50944,90,,0.1099632701593055,27,1.748286828622611,2.000068309490853,3.8532276194910594e-35,0.9999470522599953,2.0,9,1,2.2286961446201404e-05,5.7874940789313215e-05,882359.8959123078,31,2.668616032321108e-10,0.0002354679764508,1
ct_w6_i2,6,evaluation,chain,256,50,sampled_full_fisher,31,0,,2.000163846330961,0.3850882807350839,199,50944,496,,-0.4038830266403423,27,1.748286828622611,2.000163846330961,3.190864469688753e-34,0.9603275537283502,2.0,9,1,4.107177191210256e-05,0.0001066554708798,2340781555.5322366,31,1.936892479239114e-10,0.4533842190452023,1
ct_w6_i2,6,evaluation,chain,256,50,protected_ray_star,31,0,,2.98411973900064,0.3850882807350839,199,50944,90,,-0.9616525479578388,27,1.748286828622611,3.338966493472816,2.3764949814026778e-12,0.2788745182058857,2.0,5,1,0.2469797782748283,0.6413588536202031,,-1,,,0
ct_w6_i2,6,evaluation,chain,256,101,sampled_adam,31,0,,3.0305996112695066,0.3518366331559952,199,50944,62,,-0.5719336070547107,28,1.966214270695518,3.0305996112695066,6.831568234446765e-20,0.962168087934688,3.0,9,1,0.0077259187613985,0.0219588241625,3448.023976547513,31,3.062497553181811e-05,0.1055956499148897,1
ct_w6_i2,6,evaluation,chain,256,101,sampled_diagonal_fisher,31,0,,2.000121950522537,0.3518366331559952,199,50944,31,,-0.6275530209327917,28,1.966214270695518,2.000121950522537,1.297301052564393e-35,0.5573384759318053,2.0,7,1,3.397489650492242e-05,9.65644088853557e-05,,-1,,,0
ct_w6_i2,6,evaluation,chain,256,101,sampled_two_block_fisher,31,0,,2.000208436606181,0.3518366331559952,199,50944,256,,-0.7611056579853459,28,1.966214270695518,2.000208436606181,4.2034983480196635e-34,0.9999064696665476,2.0,9,1,7.589220730711074e-05,0.00021570297165,10758.149934675575,31,2.8432810112232454e-08,0.0003058844342515,1
ct_w6_i2,6,evaluation,chain,256,101,sampled_star_fisher,31,0,,2.000129934353163,0.3518366331559952,199,50944,90,,-0.0498637700200078,28,1.966214270695518,2.000129934353163,7.814554383864557e-34,0.9921615465077274,2.0,7,1,3.7373252481645694e-05,0.0001062233120707,20959839.03330309,31,4.415145445953035e-09,0.0925407378557967,1
ct_w6_i2,6,evaluation,chain,256,101,sampled_full_fisher,31,0,,2.000180701692462,0.3518366331559868,199,50944,496,,-0.6805112754087873,28,1.966214270695518,2.000180701692462,3.3507429339927926e-32,0.955839589049193,2.0,9,1,4.4776718837563583e-05,0.0001272656529137,205865427.98808157,31,2.876168266497524e-09,0.5921036111482514,1
ct_w6_i2,6,evaluation,chain,256,101,protected_ray_star,31,0,,2.6199867974348177,0.3518366331559868,199,50944,90,,-0.9812477582220576,28,1.966214270695518,3.218021311790297,1.082247651938865e-11,0.252014621997158,2.0,8,1,0.2236172885103509,0.6355713630627264,,-1,,,0
ct_w6_i2,6,evaluation,problem_tree,256,0,sampled_adam,31,1,65.0,0.0999678187139068,0.6002515749004488,65,16640,62,,0.3581964500951429,28,0.7391816099946664,0.0999678187139068,0.9433696443248144,0.9433696443248144,0.0,0,1,0.0222102865213455,0.0370016297333815,,-1,,,0
ct_w6_i2,6,evaluation,problem_tree,256,0,sampled_diagonal_fisher,31,1,2.0,0.0377856443908424,0.6002515749004488,2,512,31,,0.3798381304342195,28,0.7391816099946664,0.0377856443908424,0.9691382406367298,0.9691382406367298,0.0,0,1,0.0100277847588699,0.0167059699269144,,-1,,,0
ct_w6_i2,6,evaluation,problem_tree,256,0,sampled_two_block_fisher,31,1,3.0,0.0161764292252986,0.6002515749004488,3,768,256,,-0.1766195300417585,28,0.7391816099946664,0.0161764292252986,0.985776857061186,0.985776857061186,0.0,0,1,0.0046375735639605,0.0077260498062495,,-1,,,0
ct_w6_i2,6,evaluation,problem_tree,256,0,sampled_star_fisher,31,1,2.0,0.0516622226689076,0.6002515749004488,2,512,97,,0.5777462044278491,28,0.7391816099946664,0.0516622226689076,0.9620760138690516,0.9620760138690516,0.0,0,1,0.0125744342340568,0.0209486068173036,,-1,,,0
ct_w6_i2,6,evaluation,problem_tree,256,0,sampled_full_fisher,31,1,3.0,0.0811878912906021,0.6002515749004488,3,768,496,,0.2977178879384772,28,0.7391816099946664,0.0811878912906021,0.9341983434571628,0.9341983434571628,0.0,0,1,0.0224474955327174,0.0373968123889393,,-1,,,0
ct_w6_i2,6,evaluation,problem_tree,256,0,protected_ray_star,31,1,20.0,0.0764908896431943,0.6002515749004488,20,5120,97,,0.9795214984742188,28,0.7391816099946664,0.0764908896431943,0.9494746560659276,0.9494746560659276,0.0,0,1,0.0236506443638119,0.039401220009684,,-1,,,0
ct_w6_i2,6,evaluation,problem_tree,256,19,sampled_adam,31,1,94.0,0.0995316601436773,0.4052537406953464,94,24064,62,,0.2647537768548542,29,1.4407229712043417,0.0995316601436773,0.9406393862498486,0.9406393862498486,0.0,0,1,0.0239402113539995,0.0590746215270516,,-1,,,0
ct_w6_i2,6,evaluation,problem_tree,256,19,sampled_diagonal_fisher,31,1,3.0,0.0301855386495191,0.4052537406953464,3,768,31,,0.2793426876423955,29,1.4407229712043417,0.0301855386495191,0.9731467739299194,0.9731467739299194,0.0,0,1,0.0101067761330838,0.0249393777729042,,-1,,,0
ct_w6_i2,6,evaluation,problem_tree,256,19,sampled_two_block_fisher,31,1,4.0,0.0204199208355486,0.4052537406953464,4,1024,256,,-0.1242225144794021,29,1.4407229712043417,0.0204199208355486,0.9830309319274806,0.9830309319274806,0.0,0,1,0.0055580152255125,0.0137149017205267,,-1,,,0
ct_w6_i2,6,evaluation,problem_tree,256,19,sampled_star_fisher,31,1,3.0,0.0291931711501014,0.4052537406953464,3,768,97,,0.557989197979171,29,1.4407229712043417,0.0291931711501014,0.9778595574651964,0.9778595574651964,0.0,0,1,0.0091601725048907,0.0226035483082116,,-1,,,0
ct_w6_i2,6,evaluation,problem_tree,256,19,sampled_full_fisher,31,1,5.0,0.056501627097715,0.4052537406953464,5,1280,496,,0.2581143490895248,29,1.4407229712043417,0.056501627097715,0.9498794299792724,0.9498794299792724,0.0,0,1,0.0203525740294463,0.0502218042318988,,-1,,,0
ct_w6_i2,6,evaluation,problem_tree,256,19,protected_ray_star,31,1,17.0,0.0607029187836456,0.4052537406953464,17,4352,97,,0.9512776880842228,29,1.4407229712043417,0.0607029187836456,0.9575622297122528,0.9575622297122528,0.0,0,1,0.0176435724710427,0.0435370995978207,,-1,,,0
ct_w6_i2,6,evaluation,problem_tree,256,42,sampled_adam,31,1,98.0,0.0990184937859002,0.4951604528374755,98,25088,62,,0.1713113825479548,25,0.7243866435830869,0.0990184937859002,0.9399690015516264,0.9399690015516264,0.0,0,1,0.0247147919752496,0.0499126936200651,,-1,,,0
ct_w6_i2,6,evaluation,problem_tree,256,42,sampled_diagonal_fisher,31,1,4.0,0.0179309537818213,0.4951604528374755,4,1024,31,,0.2403113655505911,25,0.7243866435830869,0.0179309537818213,0.9861853054504884,0.9861853054504884,0.0,0,1,0.0058878612875288,0.0118908148940186,,-1,,,0
ct_w6_i2,6,evaluation,problem_tree,256,42,sampled_two_block_fisher,31,1,5.0,0.0227578979734239,0.4951604528374755,5,1280,256,,-0.3244255433676277,25,0.7243866435830869,0.0227578979734239,0.9817129642686908,0.9817129642686908,0.0,0,1,0.0079325238272894,0.0160201077889657,,-1,,,0
ct_w6_i2,6,evaluation,problem_tree,256,42,sampled_star_fisher,31,1,4.0,0.0190692802457537,0.4951604528374755,4,1024,97,,0.5012613973610572,25,0.7243866435830869,0.0190692802457537,0.9852672504335764,0.9852672504335764,0.0,0,1,0.0061391004054515,0.0123982041988044,,-1,,,0
ct_w6_i2,6,evaluation,problem_tree,256,42,sampled_full_fisher,31,1,6.0,0.0433696150800475,0.4951604528374755,6,1536,496,,0.0997124278135813,25,0.7243866435830869,0.0433696150800475,0.9618243762377264,0.9618243762377264,0.0,0,1,0.0180598281711942,0.0364726788411795,,-1,,,0
ct_w6_i2,6,evaluation,problem_tree,256,42,protected_ray_star,31,1,21.0,0.0749568921182373,0.4951604528374755,21,5376,97,,0.9674158867983828,25,0.7243866435830869,0.0749568921182373,0.947041254250035,0.947041254250035,0.0,0,1,0.0267509833559247,0.0540248786077937,,-1,,,0
ct_w6_i2,6,evaluation,problem_tree,256,50,sampled_adam,31,1,72.0,0.0989538656588777,0.6086435094427692,72,18432,62,,0.2024588620283965,28,0.6297793015286959,0.0989538656588777,0.9460080297092734,0.9460080297092734,0.0,0,1,0.0229589061104141,0.0377214342291001,,-1,,,0
ct_w6_i2,6,evaluation,problem_tree,256,50,sampled_diagonal_fisher,31,1,3.0,0.0427198614035475,0.6086435094427692,3,768,31,,0.2432860024678843,28,0.6297793015286959,0.0427198614035475,0.969639838731728,0.969639838731728,0.0,0,1,0.0125968869187145,0.0206966585912455,,-1,,,0
ct_w6_i2,6,evaluation,problem_tree,256,50,sampled_two_block_fisher,31,1,3.0,0.0608938675460883,0.6086435094427692,3,768,256,,-0.2230787322329445,28,0.6297793015286959,0.0608938675460883,0.9526719402093532,0.9526719402093532,0.0,0,1,0.0186844105830802,0.0306984471093537,,-1,,,0
ct_w6_i2,6,evaluation,problem_tree,256,50,sampled_star_fisher,31,1,3.0,0.025051526098597,0.6086435094427692,3,768,97,,0.5727530113507878,28,0.6297793015286959,0.025051526098597,0.9807549064667156,0.9807549064667156,0.0,0,1,0.0067672596865699,0.0111185933663624,,-1,,,0
ct_w6_i2,6,evaluation,problem_tree,256,50,sampled_full_fisher,31,1,4.0,0.0423554905190695,0.6086435094427692,4,1024,496,,0.127056227768162,28,0.6297793015286959,0.0423554905190695,0.9641501715545032,0.9641501715545032,0.0,0,1,0.0131035438146754,0.0215290948007842,,-1,,,0
ct_w6_i2,6,evaluation,problem_tree,256,50,protected_ray_star,31,1,18.0,0.058023069968593,0.6086435094427692,18,4608,97,,0.9784309486126344,28,0.6297793015286959,0.058023069968593,0.9630892926981937,0.9630892926981937,0.0,0,1,0.0203171972217507,0.0333811121067433,,-1,,,0
ct_w6_i2,6,evaluation,problem_tree,256,101,sampled_adam,31,1,78.0,0.0999595699597097,0.487385550043951,78,19968,62,,0.4516386974325583,27,0.8821069972182413,0.0999595699597097,0.9362257095285952,0.9362257095285952,0.0,0,1,0.0221443267760385,0.0454349267721245,,-1,,,0
ct_w6_i2,6,evaluation,problem_tree,256,101,sampled_diagonal_fisher,31,1,2.0,0.099770867219961,0.487385550043951,2,512,31,,0.3531044070956248,27,0.8821069972182413,0.099770867219961,0.9232605805352366,0.9232605805352366,0.0,0,1,0.0232703052312255,0.0477451685408545,,-1,,,0
ct_w6_i2,6,evaluation,problem_tree,256,101,sampled_two_block_fisher,31,1,3.0,0.0267995090364081,0.487385550043951,3,768,256,,-0.0363801667056892,27,0.8821069972182413,0.0267995090364081,0.9812502230459962,0.9812502230459962,0.0,0,1,0.0060176005739898,0.0123466946721075,,-1,,,0
ct_w6_i2,6,evaluation,problem_tree,256,101,sampled_star_fisher,31,1,3.0,0.0252119692595513,0.487385550043951,3,768,97,,0.558068586530414,27,0.8821069972182413,0.0252119692595513,0.9806279793640116,0.9806279793640116,0.0,0,1,0.0058058469330805,0.0119122262294336,,-1,,,0
ct_w6_i2,6,evaluation,problem_tree,256,101,sampled_full_fisher,31,1,4.0,0.0436108000337771,0.4873855500439273,4,1024,496,,0.2752849635601554,27,0.8821069972182413,0.0436108000337771,0.961059223326637,0.961059223326637,0.0,0,1,0.0115134563943015,0.0236228923759923,,-1,,,0
ct_w6_i2,6,evaluation,problem_tree,256,101,protected_ray_star,31,1,21.0,0.0838652262284576,0.4873855500439273,21,5376,97,,0.9756655714384842,27,0.8821069972182413,0.0838652262284576,0.9429287976480476,0.9429287976480476,0.0,0,1,0.0263831309633623,0.0541319515135081,,-1,,,0
ct_w6_i2,6,evaluation,width2,256,0,sampled_adam,42,1,42.0,0.0989837318951565,0.3887415315194212,42,10752,84,,0.2571722451209954,39,0.6281420000207487,0.0989837318951565,0.9402127662835176,0.9402127662835176,0.0,0,1,0.0222031493386782,0.0571154547133048,,-1,,,0
ct_w6_i2,6,evaluation,width2,256,0,sampled_diagonal_fisher,42,1,2.0,0.0319133187545261,0.3887415315194212,2,512,42,,0.2784966043995425,39,0.6281420000207487,0.0319133187545261,0.9751954920581788,0.9751954920581788,0.0,0,1,0.007988648867644,0.0205500267399263,,-1,,,0
ct_w6_i2,6,evaluation,width2,256,0,sampled_two_block_fisher,42,1,3.0,0.0248492277016989,0.3887415315194212,3,768,487,,0.0920072548058726,39,0.6281420000207487,0.0248492277016989,0.9783241069067904,0.9783241069067904,0.0,0,1,0.0076548113926673,0.0196912621163683,,-1,,,0
ct_w6_i2,6,evaluation,width2,256,0,sampled_star_fisher,42,1,3.0,0.0213261902405097,0.3887415315194212,3,768,194,,0.5418333189205149,39,0.6281420000207487,0.0213261902405097,0.9843107103528532,0.9843107103528532,0.0,0,1,0.006180908838744,0.0158997903171949,,-1,,,0
ct_w6_i2,6,evaluation,width2,256,0,sampled_full_fisher,42,1,4.0,0.0876509316402565,0.3887415315194212,4,1024,903,,0.6665139268433983,39,0.6281420000207487,0.0876509316402565,0.9300802205866544,0.9300802205866544,0.0,0,1,0.031092737062812,0.0799830595441761,,-1,,,0
ct_w6_i2,6,evaluation,width2,256,0,protected_ray_star,42,0,,0.8688292951267478,0.3887415315194212,199,50944,194,,0.97961734945395,39,0.6281420000207487,1.0030858707646375,0.0017849419101358,0.994632750893457,1.0,2,1,0.0021147947669715,0.0054401050453903,515434759296.933,42,6.299085275435705e-14,0.0324676750273505,1
ct_w6_i2,6,evaluation,width2,256,19,sampled_adam,42,0,,1.0145196465550104,0.2465190470570365,199,50944,84,,0.1800206056813245,41,1.5174702764189143,1.0145196465550104,2.7151292930003388e-14,0.9906479176924268,1.0,9,1,0.0030151533737809,0.0122309144456629,154326.04772651417,42,1.2975180273375077e-07,0.02002408290129,1
ct_w6_i2,6,evaluation,width2,256,19,sampled_diagonal_fisher,42,0,,1.0001488602744215,0.2465190470570365,199,50944,42,,0.341811423291628,41,1.5174702764189143,1.0001488602744215,2.2328606140281468e-17,0.8371974740760321,1.0,9,1,4.78109755116725e-05,0.0001939443466232,,-1,,,0
ct_w6_i2,6,evaluation,width2,256,19,sampled_two_block_fisher,42,0,,1.0002603935038632,0.2465190470570365,199,50944,487,,0.24142865972344,41,1.5174702764189143,1.0002603935038632,2.603313347893749e-07,0.3767848042448243,1.0,9,1,6.878553454852831e-05,0.0002790272612591,,-1,,,0
ct_w6_i2,6,evaluation,width2,256,19,sampled_star_fisher,42,1,6.0,0.0423221126912363,0.2465190470570365,6,1536,194,,0.5711910367366952,41,1.5174702764189143,0.0423221126912363,0.9615642904649352,0.9615642904649352,0.0,0,1,0.0201226178606954,0.081627030855915,,-1,,,0
ct_w6_i2,6,evaluation,width2,256,19,sampled_full_fisher,42,1,21.0,0.0747538200253998,0.2465190470570365,21,5376,903,,0.7705225390589134,41,1.5174702764189143,0.0747538200253998,0.9294412992938472,0.9294412992938472,0.0,0,1,0.0383655898774657,0.155629312767014,,-1,,,0
ct_w6_i2,6,evaluation,width2,256,19,protected_ray_star,42,0,,1.0000798438425953,0.2465190470570365,199,50944,194,,0.9799939798169572,41,1.5174702764189143,1.001733929249106,7.671132426082392e-06,0.9982893066857812,1.0,2,1,0.0011374592468954,0.0046140826052774,7580614925.176602,24,4.3431559683458e-12,0.032923792956012,1
ct_w6_i2,6,evaluation,width2,256,42,sampled_adam,42,1,61.0,0.096792530694497,0.2352918404626158,61,15616,84,,0.1800207200166132,41,1.2570428106065603,0.096792530694497,0.9297282785517192,0.9297282785517192,0.0,0,1,0.0237116841874013,0.1007756331064474,,-1,,,0
ct_w6_i2,6,evaluation,width2,256,42,sampled_diagonal_fisher,42,1,3.0,0.0366743073166979,0.2352918404626158,3,768,42,,0.225657163340862,41,1.2570428106065603,0.0366743073166979,0.9715601490767588,0.9715601490767588,0.0,0,1,0.0102171734125855,0.0434234072566951,,-1,,,0
ct_w6_i2,6,evaluation,width2,256,42,sampled_two_block_fisher,42,1,4.0,0.0339930044315366,0.2352918404626158,4,1024,487,,0.3210455141749566,41,1.2570428106065603,0.0339930044315366,0.9700675628413984,0.9700675628413984,0.0,0,1,0.0111060245181988,0.0472010610158127,,-1,,,0
ct_w6_i2,6,evaluation,width2,256,42,sampled_star_fisher,42,1,3.0,0.094456939543269,0.2352918404626158,3,768,194,,0.6345959127416576,41,1.2570428106065603,0.094456939543269,0.911418253953459,0.911418253953459,0.0,0,1,0.0367189661126349,0.1560571163047575,,-1,,,0
ct_w6_i2,6,evaluation,width2,256,42,sampled_full_fisher,42,1,6.0,0.0528630816615987,0.2352918404626158,6,1536,903,,0.7850968056036227,41,1.2570428106065603,0.0528630816615987,0.9529132370368176,0.9529132370368176,0.0,0,1,0.0183156593276182,0.0778423055028477,,-1,,,0
ct_w6_i2,6,evaluation,width2,256,42,protected_ray_star,42,0,,1.0001500160864865,0.2352918404626158,199,50944,194,,0.9779351345337018,41,1.2570428106065603,1.0005682410793515,5.319514657687764e-06,0.9994484175914076,1.0,2,1,0.0003526650978122,0.0014988411715377,11445302083.31851,24,8.876515721642974e-13,0.0101594403881529,1
ct_w6_i2,6,evaluation,width2,256,50,sampled_adam,42,1,58.0,0.0968533128751403,0.2794334959809503,58,14848,84,,0.1285862290122522,38,1.172890945799803,0.0968533128751403,0.9331317894253972,0.9331317894253972,0.0,0,1,0.0262776594682132,0.094039046306763,,-1,,,0
ct_w6_i2,6,evaluation,width2,256,50,sampled_diagonal_fisher,42,1,3.0,0.0276652407268365,0.2794334959809503,3,768,42,,0.1125030879126858,38,1.172890945799803,0.0276652407268365,0.9778742665638288,0.9778742665638288,0.0,0,1,0.0105259064243076,0.0376687354082461,,-1,,,0
ct_w6_i2,6,evaluation,width2,256,50,sampled_two_block_fisher,42,1,4.0,0.0264952733069918,0.2794334959809503,4,1024,487,,0.0375904036939501,38,1.172890945799803,0.0264952733069918,0.9814189155477954,0.9814189155477954,0.0,0,1,0.0077390646748148,0.0276955511279952,,-1,,,0
ct_w6_i2,6,evaluation,width2,256,50,sampled_star_fisher,42,1,3.0,0.0621880084388166,0.2794334959809503,3,768,194,,0.5132089735702184,38,1.172890945799803,0.0621880084388166,0.9460924463610962,0.9460924463610962,0.0,0,1,0.0243523752776165,0.0871490913862264,,-1,,,0
ct_w6_i2,6,evaluation,width2,256,50,sampled_full_fisher,42,1,5.0,0.0533863725485215,0.2794334959809503,5,1280,903,,0.3181766381604985,38,1.172890945799803,0.0533863725485215,0.9524074239677875,0.9524074239677875,0.0,0,1,0.0230944601157614,0.0826474293451772,,-1,,,0
ct_w6_i2,6,evaluation,width2,256,50,protected_ray_star,42,0,,0.9988464556728952,0.2794334959809503,199,50944,194,,0.9760462160722492,38,1.172890945799803,1.0003165501429407,1.454759882016608e-05,0.9997243255916471,1.0,2,1,0.0001492562679167,0.0005341387845892,875837501688.3602,33,3.678064042016507e-15,0.0032213864216095,1
ct_w6_i2,6,evaluation,width2,256,101,sampled_adam,42,1,47.0,0.0993873528153024,0.5339349522014856,47,12032,84,,0.1800205505066568,39,0.4389151002022038,0.0993873528153024,0.9300182607230472,0.9300182607230472,0.0,0,1,0.0224036016130072,0.0419594213127163,,-1,,,0
ct_w6_i2,6,evaluation,width2,256,101,sampled_diagonal_fisher,42,1,3.0,0.0050591047082484,0.5339349522014856,3,768,42,,0.1979188194259124,39,0.4389151002022038,0.0050591047082484,0.9959215609467612,0.9959215609467612,0.0,0,1,0.001317317147537,0.0024671865778885,,-1,,,0
ct_w6_i2,6,evaluation,width2,256,101,sampled_two_block_fisher,42,1,3.0,0.0389673373916448,0.5339349522014856,3,768,487,,0.1237162929223886,39,0.4389151002022038,0.0389673373916448,0.9656490314483892,0.9656490314483892,0.0,0,1,0.0116211835083525,0.0217651671995566,,-1,,,0
ct_w6_i2,6,evaluation,width2,256,101,sampled_star_fisher,42,1,3.0,0.0512907541361453,0.5339349522014856,3,768,194,,0.4640577879972049,39,0.4389151002022038,0.0512907541361453,0.9570561443328504,0.9570561443328504,0.0,0,1,0.0132640555292148,0.0248420813706339,,-1,,,0
ct_w6_i2,6,evaluation,width2,256,101,sampled_full_fisher,42,1,5.0,0.036958354429025,0.5339349522014802,5,1280,903,,0.7120089029008246,39,0.4389151002022038,0.036958354429025,0.9694218132761744,0.9694218132761744,0.0,0,1,0.0103111093776272,0.0193115459759906,,-1,,,0
ct_w6_i2,6,evaluation,width2,256,101,protected_ray_star,42,0,,1.0001953102442034,0.5339349522014802,199,50944,194,,0.9785019067661238,39,0.4389151002022038,1.0005385222342458,7.29120117797815e-06,0.9994794383520912,1.0,2,1,0.000324356920916,0.0006074839633156,6377967556.892512,24,1.4569789917438961e-12,0.0092925647404165,1
ct_w6_i2,6,evaluation,width3,1024,0,sampled_adam,47,1,35.0,0.0933417241999148,0.2462317761365469,35,35840,94,,0.2031453528274966,47,0.3465108900404925,0.0933417241999148,0.9311640504832248,0.9311640504832248,0.0,0,1,0.0219602778677669,0.0891853935845751,,-1,,,0
ct_w6_i2,6,evaluation,width3,1024,0,sampled_star_fisher,47,1,3.0,0.0163053832398354,0.2462317761365469,3,3072,249,,0.4881386052320698,47,0.3465108900404925,0.0163053832398354,0.9854777064749198,0.9854777064749198,0.0,0,1,0.0048158239358283,0.0195580928318439,,-1,,,0
ct_w6_i2,6,evaluation,width3,1024,0,sampled_full_fisher,47,1,5.0,0.0364990521859969,0.2462317761365469,5,5120,1128,,0.860284860465883,47,0.3465108900404925,0.0364990521859969,0.9685075963208007,0.9685075963208007,0.0,0,1,0.016004193136773,0.064996457353652,,-1,,,0
ct_w6_i2,6,evaluation,width3,1024,0,protected_ray_star,47,1,16.0,0.0350309976956051,0.2462317761365469,16,16384,249,,0.9799892338723192,47,0.3465108900404925,0.0350309976956051,0.9652894061283416,0.9652894061283416,0.0,0,1,0.0168134738614805,0.068283119771498,,-1,,,0
ct_w6_i2,6,evaluation,width3,1024,19,sampled_adam,47,0,,1.0105671378887011,0.2578737114380341,199,203776,94,,0.2270447406624192,46,0.6629575588584473,1.0105671378887011,2.8205234911367616e-16,0.9928217125188216,1.0,9,1,0.0023557266491578,0.0091351950379941,12836581.30109888,47,1.7629768060927407e-09,0.0226305951033611,1
ct_w6_i2,6,evaluation,width3,1024,19,sampled_star_fisher,47,0,,1.0000047163817705,0.2578737114380341,199,203776,249,,0.534007753556985,46,0.6629575588584473,1.0000047163817705,2.770312971966689e-18,0.8846646067497295,1.0,9,1,1.1948479691635195e-06,4.633461714652663e-06,,-1,,,0
ct_w6_i2,6,evaluation,width3,1024,19,sampled_full_fisher,47,0,,1.0000811010041737,0.2578737114380341,199,203776,1128,,0.7695109227598067,46,0.6629575588584473,1.0000811010041737,1.682546648231286e-05,0.4444323219268808,1.0,2,1,3.736042798995159e-05,0.0001448787772185,,-1,,,0
ct_w6_i2,6,evaluation,width3,1024,19,protected_ray_star,47,1,18.0,0.0657294621967921,0.2578737114380341,18,18432,249,,0.9800808252927474,46,0.6629575588584473,0.0657294621967921,0.9351939231809208,0.9351939231809208,0.0,0,1,0.0318650084219764,0.1235682700818205,,-1,,,0
ct_w6_i2,6,evaluation,width3,1024,42,sampled_adam,47,0,,1.0083817630339826,0.2670066700187851,199,203776,94,,0.2270448322633843,47,0.5244064924132245,1.0083817630339826,4.682383472788646e-09,0.665660325361364,1.0,5,1,0.001996657228518,0.0074779301519978,,-1,,,0
ct_w6_i2,6,evaluation,width3,1024,42,sampled_star_fisher,47,1,4.0,0.0258944876989737,0.2670066700187851,4,4096,249,,0.6366439546241233,47,0.5244064924132245,0.0258944876989737,0.9762795460161716,0.9762795460161716,0.0,0,1,0.0075836192555994,0.0284023588439415,,-1,,,0
ct_w6_i2,6,evaluation,width3,1024,42,sampled_full_fisher,47,1,6.0,0.051129394385887,0.2670066700187851,6,6144,1128,,0.9116330465107289,47,0.5244064924132245,0.051129394385887,0.9523315219352412,0.9523315219352412,0.0,0,1,0.0229391880970347,0.0859124159535822,,-1,,,0
ct_w6_i2,6,evaluation,width3,1024,42,protected_ray_star,47,1,19.0,0.051531763760245,0.2670066700187851,19,19456,249,,0.9788438626422014,47,0.5244064924132245,0.051531763760245,0.9491355435053512,0.9491355435053512,0.0,0,1,0.0237983236251081,0.0891300716324197,,-1,,,0
ct_w6_i2,6,evaluation,width3,1024,50,sampled_adam,47,1,36.0,0.0953254370975287,0.3066836316314693,36,36864,94,,0.1792459633580586,47,0.3398948484846676,0.0953254370975287,0.9377258501995678,0.9377258501995678,0.0,0,1,0.0231988233917584,0.0756441524718725,,-1,,,0
ct_w6_i2,6,evaluation,width3,1024,50,sampled_star_fisher,47,1,2.0,0.0842931835323845,0.3066836316314693,2,2048,249,,0.6606418088410867,47,0.3398948484846676,0.0842931835323845,0.9234483642792584,0.9234483642792584,0.0,0,1,0.0246200639416674,0.0802783761581789,,-1,,,0
ct_w6_i2,6,evaluation,width3,1024,50,sampled_full_fisher,47,1,4.0,0.0495917087775943,0.3066836316314693,4,4096,1128,,0.906782999766493,47,0.3398948484846676,0.0495917087775943,0.960121387963762,0.960121387963762,0.0,0,1,0.0155323548792161,0.0506461815278125,,-1,,,0
ct_w6_i2,6,evaluation,width3,1024,50,protected_ray_star,47,1,16.0,0.0688023609475738,0.3066836316314693,16,16384,249,,0.9766010905694305,47,0.3398948484846676,0.0688023609475738,0.93214019912197,0.93214019912197,0.0,0,1,0.0336416661180201,0.1096950167801785,,-1,,,0
ct_w6_i2,6,evaluation,width3,1024,101,sampled_adam,47,1,39.0,0.0981111015723037,0.5022016010045803,39,39936,94,,0.2987431484902867,47,0.2176342539619681,0.0981111015723037,0.9217727846363736,0.9217727846363736,0.0,0,1,0.0216463345535923,0.0431028784262974,,-1,,,0
ct_w6_i2,6,evaluation,width3,1024,101,sampled_star_fisher,47,1,3.0,0.0231931458421019,0.5022016010045803,3,3072,249,,0.4075014641789345,47,0.2176342539619681,0.0231931458421019,0.9778589826790182,0.9778589826790182,0.0,0,1,0.0067962644526934,0.0135329406339973,,-1,,,0
ct_w6_i2,6,evaluation,width3,1024,101,sampled_full_fisher,47,1,4.0,0.0548561004543248,0.5022016010045803,4,4096,1128,,0.8622171806525265,47,0.2176342539619681,0.0548561004543248,0.9483041490042626,0.9483041490042626,0.0,0,1,0.0153355493099755,0.0305366396269926,,-1,,,0
ct_w6_i2,6,evaluation,width3,1024,101,protected_ray_star,47,1,20.0,0.0278482396074437,0.5022016010045803,20,20480,249,,0.9789270511979652,47,0.2176342539619681,0.0278482396074437,0.9723826645410896,0.9723826645410896,0.0,0,1,0.0125008149199901,0.0248920252244996,,-1,,,0
ct_w6_i2,6,evaluation,width3,256,0,sampled_adam,47,1,39.0,0.0949933893219761,0.2462317761365469,39,9984,94,,0.179245875264457,46,0.2554017472547151,0.0949933893219761,0.9293728595182364,0.9293728595182364,0.0,0,1,0.0226756996300891,0.0920908746461481,,-1,,,0
ct_w6_i2,6,evaluation,width3,256,0,sampled_diagonal_fisher,47,1,3.0,0.0753449179058343,0.2462317761365469,3,768,47,,0.3531809308083343,46,0.2554017472547151,0.0753449179058343,0.9283365268936996,0.9283365268936996,0.0,0,1,0.036819743589832,0.1495328676401771,,-1,,,0
ct_w6_i2,6,evaluation,width3,256,0,sampled_two_block_fisher,47,1,4.0,0.0314807848370382,0.2462317761365469,4,1024,632,,0.2758830302980171,46,0.2554017472547151,0.0314807848370382,0.9777277210894918,0.9777277210894918,0.0,0,1,0.0107600176760686,0.0436987372015774,,-1,,,0
ct_w6_i2,6,evaluation,width3,256,0,sampled_star_fisher,47,1,3.0,0.0203645456963847,0.2462317761365469,3,768,249,,0.4587374597741527,46,0.2554017472547151,0.0203645456963847,0.985510557985562,0.985510557985562,0.0,0,1,0.006196625296935,0.0251658230069329,,-1,,,0
ct_w6_i2,6,evaluation,width3,256,0,sampled_full_fisher,47,1,5.0,0.0342697579375954,0.2462317761365469,5,1280,1128,,0.8024511247486135,46,0.2554017472547151,0.0342697579375954,0.9707618503698188,0.9707618503698188,0.0,0,1,0.0134243456396406,0.0545191439150252,,-1,,,0
ct_w6_i2,6,evaluation,width3,256,0,protected_ray_star,47,1,14.0,0.0348277546183464,0.2462317761365469,14,3584,249,,0.9803067835129609,46,0.2554017472547151,0.0348277546183464,0.965515474363924,0.965515474363924,0.0,0,1,0.016937275975417,0.0687859066817785,,-1,,,0
ct_w6_i2,6,evaluation,width3,256,19,sampled_adam,47,0,,1.0123340173245747,0.2578737114380341,199,50944,94,,0.27484381797618,44,0.6170047369476077,1.0123340173245747,1.4981175441106516e-15,0.9916499558588844,1.0,9,1,0.002701006142844,0.0104741430515806,6057579.218412034,47,4.664607165087816e-09,0.0282562274252918,1
ct_w6_i2,6,evaluation,width3,256,19,sampled_diagonal_fisher,47,0,,1.0000419646973508,0.2578737114380341,199,50944,47,,0.3630158312490876,44,0.6170047369476077,1.0000419646973508,1.0145883234328876e-27,0.99996955375542,1.0,9,1,1.1968956750763504e-05,4.641402446189087e-05,257411326118.3608,47,8.011038560660673e-16,0.0002062132059484,1
ct_w6_i2,6,evaluation,width3,256,19,sampled_two_block_fisher,47,0,,1.0001606430946222,0.2578737114380341,199,50944,632,,0.2084122462030075,44,0.6170047369476077,1.0001606430946222,6.970025440570173e-10,0.6592699161234472,1.0,9,1,7.232168017258422e-05,0.000280453869335,,-1,,,0
ct_w6_i2,6,evaluation,width3,256,19,sampled_star_fisher,47,0,,1.0000637746450067,0.2578737114380341,199,50944,249,,0.5072797572463468,44,0.6170047369476077,1.0000637746450067,1.813854434026504e-16,0.9999128383249342,1.0,9,1,1.7443859174606198e-05,6.764496883893447e-05,15565451723.12045,47,9.834414571911263e-14,0.0015307710524423,1
ct_w6_i2,6,evaluation,width3,256,19,sampled_full_fisher,47,0,,1.0002249101206644,0.2578737114380341,199,50944,1128,,0.6905798830566877,44,0.6170047369476077,1.0002249101206644,4.112482162080998e-06,0.4635667621139058,1.0,9,1,4.535598534905455e-05,0.0001758844866199,,-1,,,0
ct_w6_i2,6,evaluation,width3,256,19,protected_ray_star,47,1,15.0,0.0660195825155458,0.2578737114380341,15,3840,249,,0.9801302355329724,44,0.6170047369476077,0.0660195825155458,0.9349887820275352,0.9349887820275352,0.0,0,1,0.0314545582051196,0.121976598660302,,-1,,,0
ct_w6_i2,6,evaluation,width3,256,42,sampled_adam,47,0,,1.0093617650870073,0.2670066700187851,199,50944,94,,0.2031453658307943,47,0.5158822081298992,1.0093617650870073,4.697414099131137e-09,0.665570291813899,1.0,5,1,0.0022242514077335,0.0083303215143541,,-1,,,0
ct_w6_i2,6,evaluation,width3,256,42,sampled_diagonal_fisher,47,0,,1.0000706735967828,0.2670066700187851,199,50944,47,,0.2955032865119613,47,0.5158822081298992,1.0000706735967828,8.857058829718647e-13,0.9999563872000404,1.0,5,1,2.733975114576516e-05,0.0001023935137794,300288370.2640019,47,8.331323964423679e-13,0.0002501799695418,1
ct_w6_i2,6,evaluation,width3,256,42,sampled_two_block_fisher,47,1,5.0,0.0384223885909218,0.2670066700187851,5,1280,632,,0.5241502549194632,47,0.5158822081298992,0.0384223885909218,0.9662209260661948,0.9662209260661948,0.0,0,1,0.0125016453472627,0.0468214720867579,,-1,,,0
ct_w6_i2,6,evaluation,width3,256,42,sampled_star_fisher,47,1,4.0,0.0560944447325972,0.2670066700187851,4,1024,249,,0.6364862290247327,47,0.5158822081298992,0.0560944447325972,0.9523454441362073,0.9523454441362073,0.0,0,1,0.0153093781277782,0.0573370625037237,,-1,,,0
ct_w6_i2,6,evaluation,width3,256,42,sampled_full_fisher,47,1,6.0,0.0655550773686375,0.2670066700187851,6,1536,1128,,0.8950578444415251,47,0.5158822081298992,0.0655550773686375,0.9433925106367416,0.9433925106367416,0.0,0,1,0.0286686833893013,0.1073706637638842,,-1,,,0
ct_w6_i2,6,evaluation,width3,256,42,protected_ray_star,47,1,16.0,0.0561903018625802,0.2670066700187851,16,4096,249,,0.9790498357444491,47,0.5158822081298992,0.0561903018625802,0.9445284940003684,0.9445284940003684,0.0,0,1,0.0266708310626146,0.0998882577005969,,-1,,,0
ct_w6_i2,6,evaluation,width3,256,50,sampled_adam,47,1,37.0,0.0961747337732941,0.3066836316314693,37,9472,94,,0.0597487533482132,46,0.3502174821578149,0.0961747337732941,0.9346515812578748,0.9346515812578748,0.0,0,1,0.023369895621487,0.076201965840713,,-1,,,0
ct_w6_i2,6,evaluation,width3,256,50,sampled_diagonal_fisher,47,1,2.0,0.0795752933412359,0.3066836316314693,2,512,47,,0.2939860160883862,46,0.3502174821578149,0.0795752933412359,0.9239439622480424,0.9239439622480424,0.0,0,1,0.0259549059159571,0.0846308809436111,,-1,,,0
ct_w6_i2,6,evaluation,width3,256,50,sampled_two_block_fisher,47,1,3.0,0.0338061169737251,0.3066836316314693,3,768,632,,0.3886795312484986,46,0.3502174821578149,0.0338061169737251,0.9776407103858668,0.9776407103858668,0.0,0,1,0.008265692727074,0.0269518548580597,,-1,,,0
ct_w6_i2,6,evaluation,width3,256,50,sampled_star_fisher,47,1,2.0,0.0992776669030757,0.3066836316314693,2,512,249,,0.6052563337402938,46,0.3502174821578149,0.0992776669030757,0.9114623702181044,0.9114623702181044,0.0,0,1,0.0288951302269368,0.0942180385474861,,-1,,,0
ct_w6_i2,6,evaluation,width3,256,50,sampled_full_fisher,47,1,4.0,0.0631342030636545,0.3066836316314693,4,1024,1128,,0.8554262093867475,46,0.3502174821578149,0.0631342030636545,0.9487370202028794,0.9487370202028794,0.0,0,1,0.0167438006425787,0.0545963296231576,,-1,,,0
ct_w6_i2,6,evaluation,width3,256,50,protected_ray_star,47,1,12.0,0.0676351451878822,0.3066836316314693,12,3072,249,,0.9778858208982318,46,0.3502174821578149,0.0676351451878822,0.9333999984001274,0.9333999984001274,0.0,0,1,0.03367507641594,0.1098039573771782,,-1,,,0
ct_w6_i2,6,evaluation,width3,256,101,sampled_adam,47,1,40.0,0.0967298898672268,0.5022016010045803,40,10240,94,,0.2987431390469139,43,0.2029551966422418,0.0967298898672268,0.923045035183151,0.923045035183151,0.0,0,1,0.0212640452501578,0.0423416516546787,,-1,,,0
ct_w6_i2,6,evaluation,width3,256,101,sampled_diagonal_fisher,47,1,2.0,0.0363673343498085,0.5022016010045803,2,512,47,,0.2979000493759517,43,0.2029551966422418,0.0363673343498085,0.9663956423431078,0.9663956423431078,0.0,0,1,0.0102819016664167,0.020473653699728,,-1,,,0
ct_w6_i2,6,evaluation,width3,256,101,sampled_two_block_fisher,47,1,3.0,0.0187705575678851,0.5022016010045803,3,768,632,,0.3272613802199196,43,0.2029551966422418,0.0187705575678851,0.9842151406580932,0.9842151406580932,0.0,0,1,0.0046307494597057,0.0092208974452543,,-1,,,0
ct_w6_i2,6,evaluation,width3,256,101,sampled_star_fisher,47,1,3.0,0.0397967776026924,0.5022016010045803,3,768,249,,0.3814883098997934,43,0.2029551966422418,0.0397967776026924,0.9628934770454926,0.9628934770454926,0.0,0,1,0.0112987137010537,0.0224983625668503,,-1,,,0
ct_w6_i2,6,evaluation,width3,256,101,sampled_full_fisher,47,1,4.0,0.060105395102882,0.5022016010045529,4,1024,1128,,0.7221519055426515,43,0.2029551966422418,0.060105395102882,0.9467154449269868,0.9467154449269868,0.0,0,1,0.0150584822593,0.0299849347934745,,-1,,,0
ct_w6_i2,6,evaluation,width3,256,101,protected_ray_star,47,1,14.0,0.0289603183996707,0.5022016010045529,14,3584,249,,0.9788004632943854,43,0.2029551966422418,0.0289603183996707,0.971330719337544,0.971330719337544,0.0,0,1,0.0128109344858251,0.0255095452905755,,-1,,,0
ct_w6_i2,6,evaluation,width3,64,0,sampled_adam,47,1,40.0,0.0983800546611828,0.2462317761365469,40,2560,94,,0.2270447918297175,31,0.4995862480262398,0.0983800546611828,0.9280228578311174,0.9280228578311174,0.0,0,1,0.023126303950326,0.0939208753361769,,-1,,,0
ct_w6_i2,6,evaluation,width3,64,0,sampled_star_fisher,47,1,3.0,0.0305205321114243,0.2462317761365469,3,192,249,,0.3439344177923242,31,0.4995862480262398,0.0305205321114243,0.9768603559126222,0.9768603559126222,0.0,0,1,0.0090795007057375,0.0368737977209835,,-1,,,0
ct_w6_i2,6,evaluation,width3,64,0,sampled_full_fisher,47,1,6.0,0.0423073592142344,0.2462317761365469,6,384,1128,,0.4310372061432511,31,0.4995862480262398,0.0423073592142344,0.9643230963994456,0.9643230963994456,0.0,0,1,0.0137536802439876,0.0558566423058271,,-1,,,0
ct_w6_i2,6,evaluation,width3,64,0,protected_ray_star,47,1,9.0,0.0316140570206062,0.2462317761365469,9,576,249,,0.9791953395466,31,0.4995862480262398,0.0316140570206062,0.9699298415505286,0.9699298415505286,0.0,0,1,0.0128518148903219,0.0521939738727913,,-1,,,0
ct_w6_i2,6,evaluation,width3,64,19,sampled_adam,47,0,,1.0147185228460316,0.2578737114380341,199,12736,94,,0.2509442254487031,36,0.5227854623823466,1.0147185228460316,1.1184600723862791e-14,0.9900189773502608,1.0,9,1,0.0033258352920281,0.0128971474970505,5407851.997499422,47,5.290647142342032e-09,0.0286110367167789,1
ct_w6_i2,6,evaluation,width3,64,19,sampled_star_fisher,47,0,,1.000225120362531,0.2578737114380341,199,12736,249,,0.4375262550402691,36,0.5227854623823466,1.000225120362531,2.7378617521412756e-11,0.8340472248711162,1.0,9,1,7.650686558724312e-05,0.0002966834624615,,-1,,,0
ct_w6_i2,6,evaluation,width3,64,19,sampled_full_fisher,47,0,,1.0011603429083171,0.2578737114380341,199,12736,1128,,0.4246274365756886,36,0.5227854623823466,1.0011603429083171,1.7213350674832568e-06,0.5169466748787189,1.0,9,1,0.0005279745051804,0.0020474150010724,,-1,,,0
ct_w6_i2,6,evaluation,width3,64,19,protected_ray_star,47,1,13.0,0.0826096052632863,0.2578737114380341,13,832,249,,0.9796637192657702,36,0.5227854623823466,0.0826096052632863,0.9194355299460826,0.9194355299460826,0.0,0,1,0.0389242287265204,0.1509429887577889,,-1,,,0
ct_w6_i2,6,evaluation,width3,64,42,sampled_adam,47,0,,1.0140127396164471,0.2670066700187851,199,12736,94,,0.1075475389753233,40,0.5504245752713413,1.0140127396164471,3.2343388540270746e-08,0.5391093256152967,1.0,6,1,0.002943360307339,0.0110235459928096,,-1,,,0
ct_w6_i2,6,evaluation,width3,64,42,sampled_star_fisher,47,1,4.0,0.0366910885229394,0.2670066700187851,4,256,249,,0.4934935964080402,40,0.5504245752713413,0.0366910885229394,0.9704415641622444,0.9704415641622444,0.0,0,1,0.0102320509267144,0.0383213307966971,,-1,,,0
ct_w6_i2,6,evaluation,width3,64,42,sampled_full_fisher,47,1,6.0,0.0822878883892617,0.2670066700187851,6,384,1128,,0.541047701700906,40,0.5504245752713413,0.0822878883892617,0.9318026113471292,0.9318026113471292,0.0,0,1,0.0310583430634809,0.1163204764184201,,-1,,,0
ct_w6_i2,6,evaluation,width3,64,42,protected_ray_star,47,1,14.0,0.0533872598514353,0.2670066700187851,14,896,249,,0.9783180273587264,40,0.5504245752713413,0.0533872598514353,0.9474554556801852,0.9474554556801852,0.0,0,1,0.0255599036524372,0.0957275848226524,,-1,,,0
ct_w6_i2,6,evaluation,width3,64,50,sampled_adam,47,1,44.0,0.097054117263724,0.3066836316314693,44,2816,94,,0.1553465986957047,42,0.4730367035877085,0.097054117263724,0.9355451898047458,0.9355451898047458,0.0,0,1,0.02213066851271,0.0721612314129098,,-1,,,0
ct_w6_i2,6,evaluation,width3,64,50,sampled_star_fisher,47,1,3.0,0.0631042407196424,0.3066836316314693,3,192,249,,0.6596250026751965,42,0.4730367035877085,0.0631042407196424,0.948498213046461,0.948498213046461,0.0,0,1,0.0169197783317462,0.0551701381705239,,-1,,,0
ct_w6_i2,6,evaluation,width3,64,50,sampled_full_fisher,47,1,4.0,0.0802291969415893,0.3066836316314693,4,256,1128,,0.6530633116774699,42,0.4730367035877085,0.0802291969415893,0.950206572589056,0.950206572589056,0.0,0,1,0.0208003757797954,0.0678235602896162,,-1,,,0
ct_w6_i2,6,evaluation,width3,64,50,protected_ray_star,47,1,8.0,0.0717927449040622,0.3066836316314693,8,512,249,,0.9772902616234928,42,0.4730367035877085,0.0717927449040622,0.932583532846566,0.932583532846566,0.0,0,1,0.0300475845005973,0.0979758337305215,,-1,,,0
ct_w6_i2,6,evaluation,width3,64,101,sampled_adam,47,1,43.0,0.099337311024044,0.5022016010045803,43,2752,94,,0.3226426187034026,28,0.2553361888986896,0.099337311024044,0.9220219257920926,0.9220219257920926,0.0,0,1,0.02179813298158,0.043405144344375,,-1,,,0
ct_w6_i2,6,evaluation,width3,64,101,sampled_star_fisher,47,1,3.0,0.0621376234663255,0.5022016010045803,3,192,249,,0.2399479406031862,28,0.2553361888986896,0.0621376234663255,0.947384318145575,0.947384318145575,0.0,0,1,0.0181844846177417,0.0362095313542735,,-1,,,0
ct_w6_i2,6,evaluation,width3,64,101,sampled_full_fisher,47,1,4.0,0.05826701613978,0.5022016010045803,4,256,1128,,0.3760620173865526,28,0.2553361888986896,0.05826701613978,0.9501143793930892,0.9501143793930892,0.0,0,1,0.0143604436583547,0.0285949778527762,,-1,,,0
ct_w6_i2,6,evaluation,width3,64,101,protected_ray_star,47,1,13.0,0.0264990367130959,0.5022016010045803,13,832,249,,0.9790195757313566,28,0.2553361888986896,0.0264990367130959,0.9738035824937062,0.9738035824937062,0.0,0,1,0.0113863671587348,0.0226729009544335,,-1,,,0
ct_w6_i3,6,evaluation,chain,256,0,sampled_adam,31,0,,2.0316780129155987,0.3571645833329178,199,50944,62,,-0.481125249639914,25,2.308426267985052,2.0316780129155987,5.3754643841041316e-21,0.9438234815190852,2.0,9,1,0.0072824313308934,0.0203895673611774,83265.34315681057,31,3.5465023800236665e-06,0.295300737679116,1
ct_w6_i3,6,evaluation,chain,256,0,sampled_diagonal_fisher,31,0,,2.000021450181004,0.3571645833329178,199,50944,31,,-0.4938581709753735,25,2.308426267985052,2.000021450181004,5.854167690242371e-47,0.8340814583796546,2.0,9,1,7.916988993013376e-06,2.216622073536851e-05,,-1,,,0
ct_w6_i3,6,evaluation,chain,256,0,sampled_two_block_fisher,31,0,,2.0000583122950992,0.3571645833329178,199,50944,256,,-0.5905114735230598,25,2.308426267985052,2.0000583122950992,1.976077133998338e-40,0.7973884228527933,2.0,9,1,2.0432708755603662e-05,5.720810435607516e-05,,-1,,,0
ct_w6_i3,6,evaluation,chain,256,0,sampled_star_fisher,31,0,,2.00002984134426,0.3571645833329178,199,50944,90,,-0.1176588617516448,25,2.308426267985052,2.00002984134426,2.766072976798736e-38,0.9247664418320148,2.0,9,1,8.052752788375125e-06,2.254633623868873e-05,506568661.24853975,31,1.0985226017042347e-09,0.556477123696577,1
ct_w6_i3,6,evaluation,chain,256,0,sampled_full_fisher,31,0,,1.000075498256786,0.3571645833329178,199,50944,496,,-0.6296765038016862,25,2.308426267985052,1.000075498256786,1.8891984229533732e-31,0.9229070841496596,1.0,7,1,2.3350040185157355e-05,6.537613547027555e-05,1048818126.0679916,31,8.136916585616145e-10,0.8534145605297485,1
ct_w6_i3,6,evaluation,chain,256,0,protected_ray_star,31,0,,4.527337779436543,0.3571645833329178,199,50944,90,,-0.9804879296515244,25,2.308426267985052,4.733801306848226,3.3110428202401197e-09,0.0173708179037977,2.0,10,1,0.2612252659097521,0.7313862518845007,,-1,,,0
ct_w6_i3,6,evaluation,chain,256,19,sampled_adam,31,0,,3.0319090086842664,0.2893208976899918,199,50944,62,,-0.6058259604571093,26,2.3554231256624054,3.0319090086842664,1.1480702777007691e-16,0.6977411606121786,3.0,8,0,0.0082610224243381,0.0285531480452887,,-1,,,0
ct_w6_i3,6,evaluation,chain,256,19,sampled_diagonal_fisher,31,0,,1.0000599852353655,0.2893208976899918,199,50944,31,,-0.654740898382789,26,2.3554231256624054,1.0000599852353655,7.713838765431157e-33,0.9390931672988896,1.0,10,1,1.764532937070745e-05,6.098878273775602e-05,1681868333.1573317,31,4.0792044407163534e-10,0.68606847733156,1
ct_w6_i3,6,evaluation,chain,256,19,sampled_two_block_fisher,31,0,,1.0001968000795165,0.2893208976899918,199,50944,256,,-0.7372870841449356,26,2.3554231256624054,1.0001968000795165,1.1348015310944808e-35,0.8444164920543549,1.0,10,1,5.506638266626221e-05,0.0001903297795144,,-1,,,0
ct_w6_i3,6,evaluation,chain,256,19,sampled_star_fisher,31,0,,1.0000852373439546,0.2893208976899918,199,50944,90,,0.0005685810963973,26,2.3554231256624054,1.0000852373439546,3.50290588908506e-29,0.8200412001101005,1.0,10,1,3.248700256810637e-05,0.0001122870930772,,-1,,,0
ct_w6_i3,6,evaluation,chain,256,19,sampled_full_fisher,31,0,,1.0001426688537445,0.2893208976899918,199,50944,496,,-0.6592109970986111,26,2.3554231256624054,1.0001426688537445,1.1263289623733328e-31,0.5659196232722348,1.0,10,1,3.922367428859503e-05,0.0001355715214551,,-1,,,0
ct_w6_i3,6,evaluation,chain,256,19,protected_ray_star,31,0,,1.9329460100924951,0.2893208976899918,199,50944,90,,-0.97944571377966,26,2.3554231256624054,1.9837905918798369,1.3057770497623675e-11,0.3343592995707554,1.0,10,1,0.1950063103574937,0.6740139129750785,,-1,,,0
ct_w6_i3,6,evaluation,chain,256,42,sampled_adam,31,0,,1.1052517922889056,0.3247664580818638,199,50944,62,,-0.643690055982367,28,2.4312884675984616,1.1052517922889056,4.0425241887838215e-21,0.9447750512310514,1.0,7,1,0.030646388025718,0.094364387894987,3469.840918316238,31,6.315701940521929e-05,0.2191448102111225,1
ct_w6_i3,6,evaluation,chain,256,42,sampled_diagonal_fisher,31,0,,3.000039733496486,0.3247664580818638,199,50944,31,,-0.6468205907203317,28,2.4312884675984616,3.000039733496486,5.084599788834738e-44,0.9993052104047678,3.0,9,1,1.2250130165247004e-05,3.771981330091397e-05,141888541.16596493,31,5.64398490825866e-11,0.0080081678499554,1
ct_w6_i3,6,evaluation,chain,256,42,sampled_two_block_fisher,31,0,,2.0000649412214564,0.3247664580818638,199,50944,256,,-0.7871383782355058,28,2.4312884675984616,2.0000649412214564,2.401271835124631e-38,0.9996806894241498,2.0,9,1,2.323592060500361e-05,7.154655299762065e-05,51169710.00110521,31,6.596251296515523e-11,0.0033752826593711,1
ct_w6_i3,6,evaluation,chain,256,42,sampled_star_fisher,31,0,,3.000111588603636,0.3247664580818638,199,50944,90,,0.0817382582393553,28,2.4312884675984616,3.000111588603636,8.326666320272361e-40,0.9999082018288036,3.0,9,1,3.401639682290903e-05,0.000104741102341,112285.7542895553,31,3.51277382800981e-09,0.0003944344589266,1
ct_w6_i3,6,evaluation,chain,256,42,sampled_full_fisher,31,0,,1.0001209205128188,0.3247664580818638,199,50944,496,,-0.7382791736347946,28,2.4312884675984616,1.0001209205128188,8.243405097499922e-35,0.9867085291573678,1.0,9,1,2.994426910740869e-05,9.220246845768984e-05,34518958.3962082,31,4.533848807855688e-09,0.1565037383730686,1
ct_w6_i3,6,evaluation,chain,256,42,protected_ray_star,31,0,,2.525947971055686,0.3247664580818638,199,50944,90,,-0.9816696412623188,28,2.4312884675984616,3.306056896917584,2.2830098317758483e-10,0.1652785881976739,1.0,11,1,0.3379047250704796,1.040454507113244,,-1,,,0
ct_w6_i3,6,evaluation,chain,256,50,sampled_adam,31,0,,3.031617477763959,0.3179034408276132,199,50944,62,,-0.643690059499853,24,2.6095558244662738,3.031617477763959,2.5590352183299026e-18,0.9685772236664992,3.0,7,0,0.0079472903964796,0.0249990700817521,8325.405615777825,31,1.5926919635843307e-05,0.1325980661782919,1
ct_w6_i3,6,evaluation,chain,256,50,sampled_diagonal_fisher,31,0,,2.000077631686084,0.3179034408276132,199,50944,31,,-0.6519688282234959,24,2.6095558244662738,2.000077631686084,1.8134407395732736e-27,0.9999578587014228,2.0,6,1,3.43550414977555e-05,0.0001080675358791,707827.9612167635,31,3.7993785568623885e-10,0.0002689306377794,1
ct_w6_i3,6,evaluation,chain,256,50,sampled_two_block_fisher,31,0,,1.0000635767692678,0.3179034408276132,199,50944,256,,-0.8029353332519262,24,2.6095558244662738,1.0000635767692678,3.2271637284498195e-35,0.9998740023272644,1.0,9,1,2.4259488172032545e-05,7.631087008330787e-05,13788820.584770115,31,7.442649558443015e-11,0.0010262535943668,1
ct_w6_i3,6,evaluation,chain,256,50,sampled_star_fisher,31,0,,1.0000648885728154,0.3179034408276132,199,50944,90,,0.0743437554168433,24,2.6095558244662738,1.0000648885728154,3.504648952174575e-30,0.9999669987229176,1.0,9,1,2.378173437286353e-05,7.480804331954194e-05,135133.02776161706,31,8.892527365971088e-10,0.0001201674147416,1
ct_w6_i3,6,evaluation,chain,256,50,sampled_full_fisher,31,0,,1.000094988023104,0.3179034408276132,199,50944,496,,-0.6894566229686386,24,2.6095558244662738,1.000094988023104,4.070243672315015e-33,0.9998269623242942,1.0,9,1,3.525244959598247e-05,0.0001108904310824,608768.3684439473,31,2.454620303080567e-09,0.0014942951970557,1
ct_w6_i3,6,evaluation,chain,256,50,protected_ray_star,31,0,,3.664821370196906,0.3179034408276132,199,50944,90,,-0.981942687832496,24,2.6095558244662738,5.59364920842113,3.3766418918207955e-08,0.0308801486306643,8.0,7,0,0.3404654193288552,1.0709711679826597,,-1,,,0
ct_w6_i3,6,evaluation,chain,256,101,sampled_adam,31,0,,3.0359797277101457,0.3572346860430234,199,50944,62,,-0.643690070853685,27,2.220997232260748,3.0359797277101457,4.990566675720372e-17,0.9375215712297328,3.0,8,0,0.0078713214529492,0.0220340346569853,3812.1845058824656,31,0.0001201454744991,0.4580167163373969,1
ct_w6_i3,6,evaluation,chain,256,101,sampled_diagonal_fisher,31,0,,2.000122517172576,0.3572346860430234,199,50944,31,,-0.6716195893441156,27,2.220997232260748,2.000122517172576,1.223306865717402e-36,0.9999135618874604,2.0,9,1,4.913054775529386e-05,0.0001375301718304,251319.5782864624,31,1.4860531478380311e-09,0.0003734742504259,1
ct_w6_i3,6,evaluation,chain,256,101,sampled_two_block_fisher,31,0,,2.000130422333509,0.3572346860430234,199,50944,256,,-0.810725141265934,27,2.220997232260748,2.000130422333509,5.634897997245328e-35,0.9998807252745548,2.0,9,1,4.1855036535833066e-05,0.0001171639769907,822641.3517683632,31,8.049533273430911e-10,0.0006621878933159,1
ct_w6_i3,6,evaluation,chain,256,101,sampled_star_fisher,31,0,,3.000126726284755,0.3572346860430234,199,50944,90,,0.0399063252344819,27,2.220997232260748,3.000126726284755,2.468549234228485e-31,0.5241271271078218,3.0,8,0,3.670049263218076e-05,0.0001027349640615,,-1,,,0
ct_w6_i3,6,evaluation,chain,256,101,sampled_full_fisher,31,0,,2.000164771025325,0.357234686043013,199,50944,496,,-0.6324855624521958,27,2.220997232260748,2.000164771025325,1.0946402630050447e-29,0.9902143572361368,2.0,12,1,3.696396759746186e-05,0.0001034725043273,24465210.056616176,31,4.7019914979370234e-09,0.1150352096814526,1
ct_w6_i3,6,evaluation,chain,256,101,protected_ray_star,31,0,,2.9186081949951195,0.357234686043013,199,50944,90,,-0.9797475726241394,27,2.220997232260748,3.5033476507663703,9.6237114505179e-10,0.1610747104957604,2.0,8,0,0.3048354825602152,0.8533199447589793,,-1,,,0
ct_w6_i3,6,evaluation,problem_tree,256,0,sampled_adam,31,0,,1.0326441463251523,0.3328029843839572,199,50944,62,,0.1238791928903337,28,1.4105927863614245,1.0326441463251523,1.1157915471048975e-07,0.9440940015021272,1.0,8,1,0.0076183592518428,0.0228914992031846,15103657.48741186,31,1.7537393443128995e-08,0.2648787837870029,1
ct_w6_i3,6,evaluation,problem_tree,256,0,sampled_diagonal_fisher,31,0,,1.000087704847452,0.3328029843839572,199,50944,31,,0.2064629112962706,28,1.4105927863614245,1.000087704847452,1.5446734974180342e-16,0.9677978061903268,1.0,8,1,2.1595590628099098e-05,6.489001493803946e-05,325364878626.774,27,7.645432841286867e-13,0.2487555328454453,1
ct_w6_i3,6,evaluation,problem_tree,256,0,sampled_two_block_fisher,31,1,4.0,0.0994024620225353,0.3328029843839572,4,1024,256,,-0.1633397059230675,28,1.4105927863614245,0.0994024620225353,0.9269504331296192,0.9269504331296192,0.0,0,1,0.0523862794854643,0.1574092840015699,,-1,,,0
ct_w6_i3,6,evaluation,problem_tree,256,0,sampled_star_fisher,31,1,4.0,0.0280547540571802,0.3328029843839572,4,1024,100,,0.4514698455214586,28,1.4105927863614245,0.0280547540571802,0.985474969467418,0.985474969467418,0.0,0,1,0.0071651457777004,0.0215296920818292,,-1,,,0
ct_w6_i3,6,evaluation,problem_tree,256,0,sampled_full_fisher,31,1,6.0,0.0409427533646251,0.3328029843839572,6,1536,496,,0.2827164034648098,28,1.4105927863614245,0.0409427533646251,0.962999316285212,0.962999316285212,0.0,0,1,0.0299798150444472,0.0900827710422792,,-1,,,0
ct_w6_i3,6,evaluation,problem_tree,256,0,protected_ray_star,31,0,,1.2641759366496783,0.3328029843839572,199,50944,100,,0.7395198034173148,28,1.4105927863614245,2.6664245467740617,0.1370945941770038,0.1370945941770038,0.0,0,1,0.3818063725008436,1.1472444371482884,,-1,,,0
ct_w6_i3,6,evaluation,problem_tree,256,19,sampled_adam,31,1,115.0,0.0999069924389868,0.3790302277953092,115,29440,62,,-0.0176970069276487,30,1.2971253424067977,0.0999069924389868,0.9494570931449626,0.9494570931449626,0.0,0,1,0.0208176159693025,0.0549233661135461,,-1,,,0
ct_w6_i3,6,evaluation,problem_tree,256,19,sampled_diagonal_fisher,31,1,3.0,0.0507483307925333,0.3790302277953092,3,768,31,,-0.0023448354582574,30,1.2971253424067977,0.0507483307925333,0.9679778044357268,0.9679778044357268,0.0,0,1,0.0128331144945049,0.0338577600239189,,-1,,,0
ct_w6_i3,6,evaluation,problem_tree,256,19,sampled_two_block_fisher,31,1,4.0,0.0466034205325591,0.3790302277953092,4,1024,256,,-0.263688654093474,30,1.2971253424067977,0.0466034205325591,0.9712312151559584,0.9712312151559584,0.0,0,1,0.0148276262560627,0.0391199043472337,,-1,,,0
ct_w6_i3,6,evaluation,problem_tree,256,19,sampled_star_fisher,31,1,3.0,0.0964622624750308,0.3790302277953092,3,768,100,,0.3854885976833728,30,1.2971253424067977,0.0964622624750308,0.9444535002170245,0.9444535002170245,0.0,0,1,0.0205563052113029,0.0542339468038526,,-1,,,0
ct_w6_i3,6,evaluation,problem_tree,256,19,sampled_full_fisher,31,1,5.0,0.0929916044734593,0.3790302277953092,5,1280,496,,0.1964182838616165,30,1.2971253424067977,0.0929916044734593,0.9201184833397332,0.9201184833397332,0.0,0,1,0.0598747490944522,0.1579682692927249,,-1,,,0
ct_w6_i3,6,evaluation,problem_tree,256,19,protected_ray_star,31,0,,1.3427474967594843,0.3790302277953092,199,50944,100,,0.9185467699657416,30,1.2971253424067977,1.7930382438741983,0.3006214299705387,0.3006214299705387,0.0,0,1,0.333840272177197,0.8807747976171533,,-1,,,0
ct_w6_i3,6,evaluation,problem_tree,256,42,sampled_adam,31,1,119.0,0.0991081640699533,0.2996565880235954,119,30464,62,,0.1238792504084241,30,1.4517530731486468,0.0991081640699533,0.9473320752288912,0.9473320752288912,0.0,0,1,0.0230965208323872,0.0770766329040914,,-1,,,0
ct_w6_i3,6,evaluation,problem_tree,256,42,sampled_diagonal_fisher,31,1,3.0,0.0467519565011684,0.2996565880235954,3,768,31,,0.094749476081981,30,1.4517530731486468,0.0467519565011684,0.9738374750537714,0.9738374750537714,0.0,0,1,0.0107879181653189,0.036000937728322,,-1,,,0
ct_w6_i3,6,evaluation,problem_tree,256,42,sampled_two_block_fisher,31,1,4.0,0.0399143269074429,0.2996565880235954,4,1024,256,,-0.3238490346195252,30,1.4517530731486468,0.0399143269074429,0.9707360259212486,0.9707360259212486,0.0,0,1,0.0117573975052359,0.039236238998724,,-1,,,0
ct_w6_i3,6,evaluation,problem_tree,256,42,sampled_star_fisher,31,1,3.0,0.0838879518135691,0.2996565880235954,3,768,100,,0.4325793188234977,30,1.4517530731486468,0.0838879518135691,0.9519946292482468,0.9519946292482468,0.0,0,1,0.0187119190895532,0.0624445443131048,,-1,,,0
ct_w6_i3,6,evaluation,problem_tree,256,42,sampled_full_fisher,31,1,5.0,0.0550394460727954,0.2996565880235954,5,1280,496,,0.1273440517788323,30,1.4517530731486468,0.0550394460727954,0.9566038944048446,0.9566038944048446,0.0,0,1,0.0178653852981835,0.0596195311974145,,-1,,,0
ct_w6_i3,6,evaluation,problem_tree,256,42,protected_ray_star,31,0,,1.1891578703532009,0.2996565880235954,199,50944,100,,0.8400513076016893,30,1.4517530731486468,1.392829841359962,0.4045029366652261,0.4045029366652261,0.0,0,1,0.2851725117744946,0.9516644157746325,,-1,,,0
ct_w6_i3,6,evaluation,problem_tree,256,50,sampled_adam,31,1,109.0,0.0995375995375713,0.3904661540038531,109,27904,62,,0.2654551260993723,28,1.05457307602097,0.0995375995375713,0.9503482560927884,0.9503482560927884,0.0,0,1,0.0246652960286676,0.0631688451758209,,-1,,,0
ct_w6_i3,6,evaluation,problem_tree,256,50,sampled_diagonal_fisher,31,1,4.0,0.0083866873722513,0.3904661540038531,4,1024,31,,0.1372840755857351,28,1.05457307602097,0.0083866873722513,0.9956781378534362,0.9956781378534362,0.0,0,1,0.001580593842236,0.0040479663244268,,-1,,,0
ct_w6_i3,6,evaluation,problem_tree,256,50,sampled_two_block_fisher,31,1,4.0,0.0206717136692322,0.3904661540038531,4,1024,256,,-0.2170082426156009,28,1.05457307602097,0.0206717136692322,0.9899486958221914,0.9899486958221914,0.0,0,1,0.0049831910768776,0.0127621588344594,,-1,,,0
ct_w6_i3,6,evaluation,problem_tree,256,50,sampled_star_fisher,31,1,4.0,0.020469550405533,0.3904661540038531,4,1024,100,,0.1973004693612061,28,1.05457307602097,0.020469550405533,0.988586689782574,0.988586689782574,0.0,0,1,0.0045622080043181,0.0116840037415205,,-1,,,0
ct_w6_i3,6,evaluation,problem_tree,256,50,sampled_full_fisher,31,1,5.0,0.0384050444220811,0.3904661540038531,5,1280,496,,0.1362715336085365,28,1.05457307602097,0.0384050444220811,0.9796541463523096,0.9796541463523096,0.0,0,1,0.0107646322808672,0.0275686693212364,,-1,,,0
ct_w6_i3,6,evaluation,problem_tree,256,50,protected_ray_star,31,0,,1.6453424311652023,0.3904661540038531,199,50944,100,,0.8872616443108747,28,1.05457307602097,1.6589595697047166,0.3283256394320562,0.3283256394320562,0.0,0,1,0.3143590229548088,0.805086483761424,,-1,,,0
ct_w6_i3,6,evaluation,problem_tree,256,101,sampled_adam,31,1,109.0,0.0988506290322099,0.360541929938633,109,27904,62,,0.2300613775826532,29,1.7660514498267068,0.0988506290322099,0.9493156151010764,0.9493156151010764,0.0,0,1,0.0229677545938761,0.0637034216735496,,-1,,,0
ct_w6_i3,6,evaluation,problem_tree,256,101,sampled_diagonal_fisher,31,1,4.0,0.0122536023063144,0.360541929938633,4,1024,31,,0.1674671773465429,29,1.7660514498267068,0.0122536023063144,0.9913453870473452,0.9913453870473452,0.0,0,1,0.00400966153294,0.0111212072715716,,-1,,,0
ct_w6_i3,6,evaluation,problem_tree,256,101,sampled_two_block_fisher,31,1,4.0,0.0170453864596602,0.360541929938633,4,1024,256,,-0.1240137415410264,29,1.7660514498267068,0.0170453864596602,0.9890240626888784,0.9890240626888784,0.0,0,1,0.004285898393997,0.0118873785213458,,-1,,,0
ct_w6_i3,6,evaluation,problem_tree,256,101,sampled_star_fisher,31,1,4.0,0.0202178746349304,0.360541929938633,4,1024,100,,0.4820886233982505,29,1.7660514498267068,0.0202178746349304,0.9863078947456778,0.9863078947456778,0.0,0,1,0.00536966115805,0.0148933056384426,,-1,,,0
ct_w6_i3,6,evaluation,problem_tree,256,101,sampled_full_fisher,31,1,5.0,0.0376144573222116,0.3605419299386392,5,1280,496,,0.1794352616024771,29,1.7660514498267068,0.0376144573222116,0.9708394449117268,0.9708394449117268,0.0,0,1,0.0128385879984785,0.0356091398319845,,-1,,,0
ct_w6_i3,6,evaluation,problem_tree,256,101,protected_ray_star,31,0,,1.4117002730185906,0.3605419299386392,199,50944,100,,0.5952323737922167,29,1.7660514498267068,1.700916913493364,0.3174915412577216,0.3174915412577216,0.0,0,1,0.3149902245419494,0.8736576758091846,,-1,,,0
ct_w6_i3,6,evaluation,width2,256,0,sampled_adam,42,0,,1.0140262950858414,0.3601141456696082,199,50944,84,,0.2890366204238358,35,0.4764270773609672,1.0140262950858414,1.5985925165015524e-12,0.9800957486375113,1.0,8,1,0.0031249736069113,0.0086777307820015,4046419.5808283114,42,2.928103422237538e-08,0.1184833502243236,1
ct_w6_i3,6,evaluation,width2,256,0,sampled_diagonal_fisher,42,0,,1.0000181660043914,0.3601141456696082,199,50944,42,,0.297581374492897,35,0.4764270773609672,1.0000181660043914,6.5361683378376495e-22,0.976849882175012,1.0,8,1,7.083581263587514e-06,1.9670377708756944e-05,906613716864.792,40,2.991919447276134e-13,0.271251521065507,1
ct_w6_i3,6,evaluation,width2,256,0,sampled_two_block_fisher,42,0,,1.0000577326491822,0.3601141456696082,199,50944,487,,0.0426610121615113,35,0.4764270773609672,1.0000577326491822,2.207226145117249e-23,0.969395563296284,1.0,8,1,1.3715029925220522e-05,3.80852296144e-05,409479897838.6145,38,1.1568729314314613e-12,0.4737162097748132,1
ct_w6_i3,6,evaluation,width2,256,0,sampled_star_fisher,42,0,,1.0000833860983516,0.3601141456696082,199,50944,197,,0.3676222626221569,35,0.4764270773609672,1.0000833860983516,8.684253817906993e-21,0.9352407706084018,1.0,8,1,2.739453500914823e-05,7.607181039281286e-05,723561478743.7087,42,1.3357753010795197e-12,0.96651555211842,1
ct_w6_i3,6,evaluation,width2,256,0,sampled_full_fisher,42,0,,1.000111965181695,0.3601141456696082,199,50944,903,,0.4225512564901238,35,0.4764270773609672,1.000111965181695,5.2692562715991835e-17,0.8475850376398714,1.0,8,1,2.6822084772900507e-05,7.44821748754874e-05,,-1,,,0
ct_w6_i3,6,evaluation,width2,256,0,protected_ray_star,42,0,,1.0002015243770384,0.3601141456696082,199,50944,197,,0.9820539386021429,35,0.4764270773609672,1.0044903348138077,3.5158040190282115e-17,0.9977384529097092,1.0,8,1,0.002942686873755,0.0081715392442673,519062159146.4104,33,1.114407888744919e-13,0.057844696490173,1
ct_w6_i3,6,evaluation,width2,256,19,sampled_adam,42,0,,1.0199794239960678,0.2539045654900076,199,50944,84,,0.1156146694126418,42,0.974845693463502,1.0199794239960678,3.7847968640335714e-19,0.98605363425188,1.0,12,1,0.0040462971895736,0.0159362915817,377065.9296067746,42,1.1163054565384885e-07,0.04209207546948,1
ct_w6_i3,6,evaluation,width2,256,19,sampled_diagonal_fisher,42,0,,1.0000378770677063,0.2539045654900076,199,50944,42,,0.2173679951427246,42,0.974845693463502,1.0000378770677063,6.685277890262805e-40,0.9999736441105936,1.0,12,1,1.4427193152046902e-05,5.682132231141263e-05,88050744608.3532,40,1.8407798726371564e-15,0.0001620820384457,1
ct_w6_i3,6,evaluation,width2,256,19,sampled_two_block_fisher,42,0,,1.000186279935507,0.2539045654900076,199,50944,487,,0.3877921296471658,42,0.974845693463502,1.000186279935507,1.7512863195455015e-31,0.9999043630173304,1.0,12,1,5.028210143945918e-05,0.0001980354364342,852163584.524256,42,4.639052219137664e-13,0.0003953231367855,1
ct_w6_i3,6,evaluation,width2,256,19,sampled_star_fisher,42,0,,1.0000687721163306,0.2539045654900076,199,50944,197,,0.5783777542478902,42,0.974845693463502,1.0000687721163306,6.313044799052526e-31,0.9999610009752924,1.0,12,1,2.3437487120838403e-05,9.230825399144222e-05,2810735069.144395,42,8.645548238295482e-14,0.0002430034562535,1
ct_w6_i3,6,evaluation,width2,256,19,sampled_full_fisher,42,0,,1.0002047301944366,0.2539045654900076,199,50944,903,,0.7353517993513956,42,0.974845693463502,1.0002047301944366,1.277849200195855e-12,0.5669598935313577,1.0,12,1,3.988842140463209e-05,0.0001571000557932,,-1,,,0
ct_w6_i3,6,evaluation,width2,256,19,protected_ray_star,42,0,,1.0003142605812163,0.2539045654900076,199,50944,197,,0.978000100297788,42,0.974845693463502,1.0043015293803703,1.7631383266278703e-18,0.9978418259124646,1.0,8,1,0.0033161808178442,0.0130607372555289,132649960515.30496,32,5.542851790812771e-13,0.0735259071193501,1
ct_w6_i3,6,evaluation,width2,256,42,sampled_adam,42,0,,1.0188165139507053,0.2626166524048494,199,50944,84,,-3.4996079612568616e-08,42,1.0097504181533945,1.0188165139507053,4.877714035830379e-13,0.983420638305692,1.0,8,1,0.004080416949926,0.0155375407940073,630395.7754119193,42,7.433295797885983e-08,0.0468591826837449,1
ct_w6_i3,6,evaluation,width2,256,42,sampled_diagonal_fisher,42,0,,1.0000791472908173,0.2626166524048494,199,50944,42,,0.0786631713261308,42,1.0097504181533945,1.0000791472908173,4.5032118587467103e-23,0.9997658459231892,1.0,8,1,2.2731564416667347e-05,8.655797036672452e-05,460553601.5845261,42,3.7457778444124166e-12,0.0017251314769796,1
ct_w6_i3,6,evaluation,width2,256,42,sampled_two_block_fisher,42,0,,1.0001897875079049,0.2626166524048494,199,50944,487,,-0.136462454987384,42,1.0097504181533945,1.0001897875079049,8.886993182382607e-23,0.6306362905789625,1.0,8,1,4.3037696053112807e-05,0.0001638803010357,,-1,,,0
ct_w6_i3,6,evaluation,width2,256,42,sampled_star_fisher,42,0,,1.0002504980028153,0.2626166524048494,199,50944,197,,0.7087360886629045,42,1.0097504181533945,1.0002504980028153,6.3237207835563636e-21,0.6746306627892814,1.0,8,1,8.708802644002664e-05,0.0003316165431344,,-1,,,0
ct_w6_i3,6,evaluation,width2,256,42,sampled_full_fisher,42,0,,1.000615416761626,0.2626166524048494,199,50944,903,,0.7328177293771604,42,1.0097504181533945,1.0006178364853682,1.5411765795461678e-18,0.6082270281900485,1.0,12,1,0.0001766433088851,0.0006726279817655,,-1,,,0
ct_w6_i3,6,evaluation,width2,256,42,protected_ray_star,42,0,,1.0004929614733695,0.2626166524048494,199,50944,197,,0.9710497261565676,42,1.0097504181533945,1.0017337352113742,3.056535734992876e-17,0.9991184955177068,1.0,8,1,0.0008797552598004,0.0033499599196939,970565533217.2208,37,1.0067348060186216e-14,0.0097710210381179,1
ct_w6_i3,6,evaluation,width2,256,50,sampled_adam,42,0,,1.014610854388474,0.1661580424456093,199,50944,84,,0.1445182972802439,41,1.7430128962496996,1.014610854388474,9.682116345630926e-15,0.9683073417989287,1.0,10,1,0.0030561755953605,0.0183931848881823,2420113.669145537,42,7.579275206403776e-08,0.1834270752923364,1
ct_w6_i3,6,evaluation,width2,256,50,sampled_diagonal_fisher,42,0,,1.0000320834822514,0.1661580424456093,199,50944,42,,-0.0968865784836407,41,1.7430128962496996,1.0000320834822514,4.062166349492576e-28,0.9974560391223638,1.0,10,1,1.1053396467350592e-05,6.652339125245077e-05,299935457198.7991,37,9.810938886973744e-14,0.0294264844061394,1
ct_w6_i3,6,evaluation,width2,256,50,sampled_two_block_fisher,42,0,,1.0001171537746585,0.1661580424456093,199,50944,487,,0.0656708858452265,41,1.7430128962496996,1.0001171537746585,7.848968947127479e-21,0.5188528030284402,1.0,8,1,2.9589109719521745e-05,0.0001780781073489,,-1,,,0
ct_w6_i3,6,evaluation,width2,256,50,sampled_star_fisher,42,0,,1.0001150729208153,0.1661580424456093,199,50944,197,,0.3306793560225764,41,1.7430128962496996,1.0001150729208153,2.3250861788921219e-29,0.989372877091856,1.0,10,1,2.720917375415437e-05,0.0001637547804107,3539764786.684126,42,4.5268980051842726e-11,0.160241541516619,1
ct_w6_i3,6,evaluation,width2,256,50,sampled_full_fisher,42,0,,1.0001964160272454,0.1661580424456093,199,50944,903,,0.4908183949025742,41,1.7430128962496996,1.0001964160272454,5.132371283062417e-18,0.9922967439320144,1.0,10,1,5.2324768524851006e-05,0.0003149096351564,214668344.2449921,42,2.9273611405522204e-10,0.0628411769049476,1
ct_w6_i3,6,evaluation,width2,256,50,protected_ray_star,42,0,,1.0003174193211102,0.1661580424456093,199,50944,197,,0.9482193600957952,41,1.7430128962496996,1.0024404799002795,3.8688723688098775e-18,0.9987714397245976,1.0,8,1,0.0013380411554878,0.0080528220951198,58500013088.69856,32,3.133522480857896e-13,0.0183311106143918,1
ct_w6_i3,6,evaluation,width2,256,101,sampled_adam,42,0,,2.0140424983156238,0.2158206423646363,199,50944,84,,6.708177851790389e-08,39,1.4195548837566851,2.0140424983156238,4.528450139859892e-18,0.9898491927799395,2.0,12,1,0.0031017238979858,0.0143717665928609,864968.8618271119,42,5.126678397212308e-08,0.0443441717819037,1
ct_w6_i3,6,evaluation,width2,256,101,sampled_diagonal_fisher,42,0,,1.0000784931449562,0.2158206423646363,199,50944,42,,0.1768424221589268,39,1.4195548837566851,1.0000784931449562,1.093369775215797e-31,0.7238862076402791,1.0,9,1,3.215251405503776e-05,0.00014897793697,,-1,,,0
ct_w6_i3,6,evaluation,width2,256,101,sampled_two_block_fisher,42,0,,1.000060446787412,0.2158206423646363,199,50944,487,,0.2593456688005733,39,1.4195548837566851,1.000060446787412,2.908961679936181e-28,0.9745267878518398,1.0,10,1,1.9767905588120147e-05,9.159413748162976e-05,51113416314.55753,42,5.8197523242093396e-12,0.2974674233949258,1
ct_w6_i3,6,evaluation,width2,256,101,sampled_star_fisher,42,0,,1.0000772576830883,0.2158206423646363,199,50944,197,,0.2859283771040491,39,1.4195548837566851,1.0000772576830883,1.2109987194815303e-26,0.700593940296174,1.0,10,1,1.9723591146362605e-05,9.138880753138956e-05,,-1,,,0
ct_w6_i3,6,evaluation,width2,256,101,sampled_full_fisher,42,0,,1.0001309694073868,0.2158206423646354,199,50944,903,,0.5159682782371798,39,1.4195548837566851,1.0001309694073868,1.5633891888502432e-19,0.8714352770512833,1.0,10,1,3.8701706674912e-05,0.0001793234708732,,-1,,,0
ct_w6_i3,6,evaluation,width2,256,101,protected_ray_star,42,0,,1.0004787770573174,0.2158206423646354,199,50944,197,,0.9513680022650676,39,1.4195548837566851,1.0010762250313403,9.7110605325569e-17,0.9994354815886908,1.0,8,1,0.0005121712957346,0.0023731339603249,531369239765.3206,38,1.0874263397391298e-14,0.0057782490744796,1
ct_w6_i3,6,evaluation,width3,1024,0,sampled_adam,47,0,,1.009004009509514,0.2627355142649027,199,203776,94,,0.2273141803147217,47,0.5340760379095515,1.009004009509514,9.262386409160418e-12,0.9824463057138504,1.0,8,1,0.0020453279944337,0.007784741245036,143524176.04141518,47,9.04004220917443e-10,0.1297464609451374,1
ct_w6_i3,6,evaluation,width3,1024,0,sampled_star_fisher,47,0,,1.0000109377658166,0.2627355142649027,199,203776,246,,0.5342677732834348,47,0.5340760379095515,1.0000109377658166,3.8309363060635385e-18,0.7129433302469255,1.0,8,1,2.678553454346192e-06,1.0194866353870777e-05,,-1,,,0
ct_w6_i3,6,evaluation,width3,1024,0,sampled_full_fisher,47,1,9.0,0.0437669602585533,0.2627355142649027,9,9216,1128,,0.8682160670926011,47,0.5340760379095515,0.0437669602585533,0.9576301270996922,0.9576301270996922,0.0,0,1,0.0512301147931472,0.1949873999199612,,-1,,,0
ct_w6_i3,6,evaluation,width3,1024,0,protected_ray_star,47,1,16.0,0.0375428063972389,0.2627355142649027,16,16384,246,,0.9809299809275808,47,0.5340760379095515,0.0375428063972389,0.97845639544019,0.97845639544019,0.0,0,1,0.018237161855112,0.0694126254919786,,-1,,,0
ct_w6_i3,6,evaluation,width3,1024,19,sampled_adam,47,0,,1.0090891546415277,0.1910840051452636,199,203776,94,,0.2807997672629416,47,0.9622858159784546,1.0090891546415277,4.686719861160326e-18,0.9309630656357942,1.0,12,1,0.0019954492147238,0.0104427851677428,112696365.92042024,47,8.361373402981026e-09,0.9422963966196192,1
ct_w6_i3,6,evaluation,width3,1024,19,sampled_star_fisher,47,0,,1.00003087088424,0.1910840051452636,199,203776,246,,0.7146647509752403,47,0.9622858159784546,1.00003087088424,2.01981858259467e-27,0.6509929128369331,1.0,12,1,8.14462701211528e-06,4.262327977647145e-05,,-1,,,0
ct_w6_i3,6,evaluation,width3,1024,19,sampled_full_fisher,47,0,,1.0000729922018028,0.1910840051452636,199,203776,1128,,0.8722732679284504,47,0.9622858159784546,1.0000729922018028,4.637109276994144e-15,0.5785798803376918,1.0,12,1,3.2869879814955794e-05,0.0001720179550871,,-1,,,0
ct_w6_i3,6,evaluation,width3,1024,19,protected_ray_star,47,1,40.0,0.0220656893732762,0.1910840051452636,40,40960,246,,0.9789604339657793,47,0.9622858159784546,0.0220656893732762,0.9852019765209582,0.9852019765209582,0.0,0,1,0.0134444846785219,0.0703590270064796,,-1,,,0
ct_w6_i3,6,evaluation,width3,1024,42,sampled_adam,47,0,,1.0089711317258256,0.2160094965299261,199,203776,94,,0.3075426753316462,47,0.6116248171424732,1.0089711317258256,2.980080087532471e-18,0.9737790524722548,1.0,11,1,0.0020263210303976,0.0093807034549379,6182567.960319144,47,3.788076643882968e-08,0.234200412897041,1
ct_w6_i3,6,evaluation,width3,1024,42,sampled_star_fisher,47,0,,1.000026313396415,0.2160094965299261,199,203776,246,,0.842819037169916,47,0.6116248171424732,1.000026313396415,9.89397431807773e-25,0.7956902988451265,1.0,11,1,8.99136365342114e-06,4.162485352663867e-05,,-1,,,0
ct_w6_i3,6,evaluation,width3,1024,42,sampled_full_fisher,47,1,10.0,0.0572238263711533,0.2160094965299261,10,10240,1128,,0.93582867893345,47,0.6116248171424732,0.0572238263711533,0.9450974349679452,0.9450974349679452,0.0,0,1,0.079785888491745,0.3693628741951696,,-1,,,0
ct_w6_i3,6,evaluation,width3,1024,42,protected_ray_star,47,0,,1.0000619501277157,0.2160094965299261,199,203776,246,,0.9785035144830848,47,0.6116248171424732,1.0001549336897,4.9120233457853495e-06,0.5036131897741966,1.0,8,1,9.487176144116172e-05,0.0004392018080928,,-1,,,0
ct_w6_i3,6,evaluation,width3,1024,50,sampled_adam,47,1,47.0,0.0983753292965747,0.2125486978677511,47,48128,94,,0.3075429395406624,47,0.6993529935820839,0.0983753292965747,0.9466565333582336,0.9466565333582336,0.0,0,1,0.0309552782345478,0.1456385221132166,,-1,,,0
ct_w6_i3,6,evaluation,width3,1024,50,sampled_star_fisher,47,0,,1.0000275741408728,0.2125486978677511,199,203776,246,,0.6383023899658443,47,0.6993529935820839,1.0000275741408728,2.794188878653501e-24,0.5934686970809712,1.0,7,1,6.220990506934612e-06,2.926854207690956e-05,,-1,,,0
ct_w6_i3,6,evaluation,width3,1024,50,sampled_full_fisher,47,1,8.0,0.0377807583677149,0.2125486978677511,8,8192,1128,,0.8577394890018328,47,0.6993529935820839,0.0377807583677149,0.9647395893931452,0.9647395893931452,0.0,0,1,0.042260346429021,0.1988266540937158,,-1,,,0
ct_w6_i3,6,evaluation,width3,1024,50,protected_ray_star,47,1,17.0,0.0995324893078173,0.2125486978677511,17,17408,246,,0.9768134725638656,47,0.6993529935820839,0.0995324893078173,0.9428526195541022,0.9428526195541022,0.0,0,1,0.0481143425598961,0.2263685594998709,,-1,,,0
ct_w6_i3,6,evaluation,width3,1024,101,sampled_adam,47,0,,1.0093084937701011,0.1900025207561464,199,203776,94,,0.2273141923243959,47,0.763157433741473,1.0093084937701011,6.5522783539550505e-19,0.7587109358044433,1.0,12,1,0.0021319945837277,0.0112208752559868,,-1,,,0
ct_w6_i3,6,evaluation,width3,1024,101,sampled_star_fisher,47,0,,1.0000166233384409,0.1900025207561464,199,203776,246,,0.658549482002239,47,0.763157433741473,1.0000166233384409,1.2645464775935036e-29,0.931597458364752,1.0,12,1,4.574282159070854e-06,2.407484985392164e-05,782049090954.0238,47,1.303550175446931e-12,1.0194402297212304,1
ct_w6_i3,6,evaluation,width3,1024,101,sampled_full_fisher,47,0,,1.0001877832400474,0.1900025207561464,199,203776,1128,,0.9021747954388628,47,0.763157433741473,1.0001877832400474,1.0329641955374157e-16,0.6102438532356412,1.0,12,1,6.921958653176326e-05,0.0003643087799903,,-1,,,0
ct_w6_i3,6,evaluation,width3,1024,101,protected_ray_star,47,1,110.0,0.0265101288453983,0.1900025207561464,110,112640,246,,0.9778315359767604,47,0.763157433741473,0.0265101288453983,0.98241326515488,0.98241326515488,0.0,0,1,0.0160760226984147,0.084609523254942,,-1,,,0
ct_w6_i3,6,evaluation,width3,256,0,sampled_adam,47,0,,1.0092038055286192,0.2627355142649027,199,50944,94,,0.200571386269025,46,0.4490543891576563,1.0092038055286192,1.2699256569798949e-11,0.9804666530754824,1.0,8,1,0.0021042597439927,0.0080090419061928,173299160.8407999,47,8.649130537631877e-10,0.149888706417414,1
ct_w6_i3,6,evaluation,width3,256,0,sampled_diagonal_fisher,47,0,,1.0000764328239686,0.2627355142649027,199,50944,47,,0.341742183621619,46,0.4490543891576563,1.0000764328239686,5.6124696531322764e-24,0.9994549601228234,1.0,8,1,3.7859407351872656e-05,0.0001440970302693,507107245690.816,43,1.1915327987791683e-14,0.0060423491573917,1
ct_w6_i3,6,evaluation,width3,256,0,sampled_two_block_fisher,47,0,,1.000095007719258,0.2627355142649027,199,50944,632,,0.5794498682690536,46,0.4490543891576563,1.000095007719258,2.9366017109879432e-19,0.9881780517822868,1.0,8,1,3.234292700100211e-05,0.0001231007048723,850192202923.4203,46,1.6017576073797025e-13,0.1361801828767496,1
ct_w6_i3,6,evaluation,width3,256,0,sampled_star_fisher,47,0,,1.0000380717478077,0.2627355142649027,199,50944,246,,0.5916373039822852,46,0.4490543891576563,1.0000380717478077,1.6152637387710506e-16,0.7609226418309645,1.0,8,1,8.891997458926671e-06,3.3843911371499347e-05,,-1,,,0
ct_w6_i3,6,evaluation,width3,256,0,sampled_full_fisher,47,1,8.0,0.0928707207424626,0.2627355142649027,8,2048,1128,,0.8773166836614403,46,0.4490543891576563,0.0928707207424626,0.9153043079393298,0.9153043079393298,0.0,0,1,0.0953232515117292,0.3628106835059218,,-1,,,0
ct_w6_i3,6,evaluation,width3,256,0,protected_ray_star,47,1,15.0,0.0796763346996662,0.2627355142649027,15,3840,246,,0.9793316784652296,46,0.4490543891576563,0.0796763346996662,0.9477511708321216,0.9477511708321216,0.0,0,1,0.0451815457787929,0.171965887083079,,-1,,,0
ct_w6_i3,6,evaluation,width3,256,19,sampled_adam,47,0,,1.0105048767835072,0.1910840051452636,199,50944,94,,0.2432876701623541,46,0.7955470216342665,1.0105048767835072,2.799747346130305e-18,0.653814542793464,1.0,11,1,0.0023646159112688,0.0123747453873557,,-1,,,0
ct_w6_i3,6,evaluation,width3,256,19,sampled_diagonal_fisher,47,0,,1.0000064379354594,0.1910840051452636,199,50944,47,,0.3104029229254267,46,0.7955470216342665,1.0000064379354594,3.580790895186335e-38,0.6401122942689721,1.0,12,1,1.931768471730728e-06,1.010952471015134e-05,,-1,,,0
ct_w6_i3,6,evaluation,width3,256,19,sampled_two_block_fisher,47,0,,1.000026781106019,0.1910840051452636,199,50944,632,,0.3069136830853192,46,0.7955470216342665,1.000026781106019,5.5591779008443e-33,0.9473972284868644,1.0,12,1,6.546248195423271e-06,3.4258483280412504e-05,829277675410.639,47,9.612403218429517e-13,0.7971351396088975,1
ct_w6_i3,6,evaluation,width3,256,19,sampled_star_fisher,47,0,,1.0000899538874144,0.1910840051452636,199,50944,246,,0.5787038999205746,46,0.7955470216342665,1.0000899538874144,7.078344538342039e-24,0.8971783182844139,1.0,12,1,3.3102987791844566e-05,0.0001732378791551,,-1,,,0
ct_w6_i3,6,evaluation,width3,256,19,sampled_full_fisher,47,0,,1.000123457304699,0.1910840051452636,199,50944,1128,,0.7865113830240151,46,0.7955470216342665,1.000123457304699,2.052226059119749e-19,0.8478683827101903,1.0,12,1,3.778199599068144e-05,0.00019772453462,,-1,,,0
ct_w6_i3,6,evaluation,width3,256,19,protected_ray_star,47,1,28.0,0.0480187344861846,0.1910840051452636,28,7168,246,,0.9797765935137,46,0.7955470216342665,0.0480187344861846,0.9719720869180292,0.9719720869180292,0.0,0,1,0.0246347242221175,0.1289209120532618,,-1,,,0
ct_w6_i3,6,evaluation,width3,256,42,sampled_adam,47,0,,1.0093201283070137,0.2160094965299261,199,50944,94,,0.3075426276629174,47,0.6097153665545829,1.0093201283070137,9.280604220528605e-18,0.968335512354409,1.0,11,1,0.0020595140509667,0.0095343680905316,13459844.126417506,47,2.3117961588757136e-08,0.3111641595051783,1
ct_w6_i3,6,evaluation,width3,256,42,sampled_diagonal_fisher,47,0,,1.000029147421289,0.2160094965299261,199,50944,47,,0.2826340510029643,47,0.6097153665545829,1.000029147421289,3.414891669732862e-34,0.9982711983106198,1.0,11,1,1.4537568814332612e-05,6.730060042669728e-05,781605524846.6951,44,2.5291361672210383e-14,0.0197678680138955,1
ct_w6_i3,6,evaluation,width3,256,42,sampled_two_block_fisher,47,1,7.0,0.0551793169382701,0.2160094965299261,7,1792,632,,0.2884263106196575,47,0.6097153665545829,0.0551793169382701,0.9558241119761944,0.9558241119761944,0.0,0,1,0.0479902651291005,0.2221673856938597,,-1,,,0
ct_w6_i3,6,evaluation,width3,256,42,sampled_star_fisher,47,0,,1.0000723264682652,0.2160094965299261,199,50944,246,,0.6214701690500318,47,0.6097153665545829,1.0000723264682652,3.346219664588324e-17,0.9002928922736491,1.0,11,1,2.1894353674208027e-05,0.0001013582922321,878192298369.5105,47,1.634709098683734e-12,1.4355889405386193,1
ct_w6_i3,6,evaluation,width3,256,42,sampled_full_fisher,47,1,8.0,0.0976745217391172,0.2160094965299261,8,2048,1128,,0.8005243125944558,47,0.6097153665545829,0.0976745217391172,0.917493428268977,0.917493428268977,0.0,0,1,0.1037981150798142,0.4805257025606465,,-1,,,0
ct_w6_i3,6,evaluation,width3,256,42,protected_ray_star,47,1,61.0,0.0610796170853706,0.2160094965299261,61,15616,246,,0.978610023250544,47,0.6097153665545829,0.0610796170853706,0.9579961670592808,0.9579961670592808,0.0,0,1,0.038351355253111,0.1775447647867545,,-1,,,0
ct_w6_i3,6,evaluation,width3,256,50,sampled_adam,47,1,48.0,0.0993400397646233,0.2125486978677511,48,12288,94,,0.2273141950001407,45,0.6188511489421793,0.0993400397646233,0.9458126788628348,0.9458126788628348,0.0,0,1,0.0298030717578026,0.1402176162770294,,-1,,,0
ct_w6_i3,6,evaluation,width3,256,50,sampled_diagonal_fisher,47,1,3.0,0.0576218926353355,0.2125486978677511,3,768,47,,0.1649223844454584,45,0.6188511489421793,0.0576218926353355,0.9697016028556764,0.9697016028556764,0.0,0,1,0.0204700218352895,0.0963074440852424,,-1,,,0
ct_w6_i3,6,evaluation,width3,256,50,sampled_two_block_fisher,47,1,4.0,0.0350043628725984,0.2125486978677511,4,1024,632,,0.2375437704506241,45,0.6188511489421793,0.0350043628725984,0.9813514916819503,0.9813514916819503,0.0,0,1,0.0111285823738414,0.0523578007556918,,-1,,,0
ct_w6_i3,6,evaluation,width3,256,50,sampled_star_fisher,47,1,5.0,0.0048239989921334,0.2125486978677511,5,1280,246,,0.6189697241255246,45,0.6188511489421793,0.0048239989921334,0.9968457638469682,0.9968457638469682,0.0,0,1,0.0014726257867943,0.0069284159421695,,-1,,,0
ct_w6_i3,6,evaluation,width3,256,50,sampled_full_fisher,47,1,7.0,0.0654591357366864,0.2125486978677511,7,1792,1128,,0.7438866149942917,45,0.6188511489421793,0.0654591357366864,0.945387625695226,0.945387625695226,0.0,0,1,0.0539982848382891,0.2540513556657359,,-1,,,0
ct_w6_i3,6,evaluation,width3,256,50,protected_ray_star,47,1,15.0,0.0835608674709735,0.2125486978677511,15,3840,246,,0.9772822022834096,45,0.6188511489421793,0.0835608674709735,0.9571838886697,0.9571838886697,0.0,0,1,0.0395815533628105,0.1862234573059506,,-1,,,0
ct_w6_i3,6,evaluation,width3,256,101,sampled_adam,47,0,,1.0099401787093072,0.1900025207561464,199,50944,94,,0.3610283802776272,46,0.6148329001993624,1.0099401787093072,2.8021971503001534e-19,0.6969678625833327,1.0,11,1,0.0022795380831154,0.011997409687217,,-1,,,0
ct_w6_i3,6,evaluation,width3,256,101,sampled_diagonal_fisher,47,0,,2.0000424515379205,0.1900025207561464,199,50944,47,,0.3339913125478551,46,0.6148329001993624,2.0000424515379205,3.6818483878737586e-30,0.9866277219602284,2.0,9,1,1.2778581535281773e-05,6.725480001226983e-05,871623062822.5791,45,1.5466319829209097e-13,0.1348080106012882,1
ct_w6_i3,6,evaluation,width3,256,101,sampled_two_block_fisher,47,0,,1.0000525292466058,0.1900025207561464,199,50944,632,,0.2751918204135768,46,0.6148329001993624,1.0000525292466058,1.0251110084365659e-27,0.8637733603273613,1.0,12,1,1.40265596144219e-05,7.382301855049549e-05,,-1,,,0
ct_w6_i3,6,evaluation,width3,256,101,sampled_star_fisher,47,0,,1.0000545235551233,0.1900025207561464,199,50944,246,,0.6200646337572946,46,0.6148329001993624,1.0000545235551233,6.458661283775122e-26,0.9529331673885322,1.0,12,1,1.252501159308697e-05,6.59202390749429e-05,73360382244.93765,47,9.77477650623212e-12,0.7170813408560246,1
ct_w6_i3,6,evaluation,width3,256,101,sampled_full_fisher,47,0,,1.000543049954146,0.190002520756136,199,50944,1128,,0.8000220644101809,46,0.6148329001993624,1.0005723163582196,6.092172744049861e-11,0.6910298395265105,1.0,12,1,0.0002069358895598,0.0010891218113124,,-1,,,0
ct_w6_i3,6,evaluation,width3,256,101,protected_ray_star,47,1,29.0,0.0780908342084441,0.190002520756136,29,7424,246,,0.978317071845356,46,0.6148329001993624,0.0780908342084441,0.9460997462211596,0.9460997462211596,0.0,0,1,0.0483772849228225,0.2546139110697047,,-1,,,0
ct_w6_i3,6,evaluation,width3,64,0,sampled_adam,47,0,,1.0101955827668725,0.2627355142649027,199,12736,94,,0.1203428756649696,35,0.5270895005712444,1.0101955827668725,2.4121450141811983e-11,0.9766127489720964,1.0,8,1,0.002363836017311,0.0089970174908584,173206446.58024764,47,1.069722844316536e-09,0.1852828926897826,1
ct_w6_i3,6,evaluation,width3,64,0,sampled_star_fisher,47,0,,1.0001696220892722,0.2627355142649027,199,12736,246,,0.5256611288957737,35,0.5270895005712444,1.0001696220892722,3.3008225888854928e-15,0.8970015245373772,1.0,8,1,5.222645349037551e-05,0.0001987795735818,,-1,,,0
ct_w6_i3,6,evaluation,width3,64,0,sampled_full_fisher,47,1,10.0,0.0799441140651939,0.2627355142649027,10,640,1128,,0.4078059650002749,35,0.5270895005712444,0.0799441140651939,0.9323741814174143,0.9323741814174143,0.0,0,1,0.0690002205457107,0.2626223589862363,,-1,,,0
ct_w6_i3,6,evaluation,width3,64,0,protected_ray_star,47,1,13.0,0.0504585323454556,0.2627355142649027,13,832,246,,0.9776565010619624,35,0.5270895005712444,0.0504585323454556,0.9719809456291074,0.9719809456291074,0.0,0,1,0.0199256359222546,0.0758391418000866,,-1,,,0
ct_w6_i3,6,evaluation,width3,64,19,sampled_adam,47,0,,2.0111822579011545,0.1910840051452636,199,12736,94,,0.0401142973154981,38,0.9026844300437528,2.0111822579011545,2.2575966339821175e-14,0.9523346750980288,2.0,9,1,0.0025333520507478,0.0132577922930912,5261550.470043129,47,1.0711357523337729e-07,0.5635834821171763,1
ct_w6_i3,6,evaluation,width3,64,19,sampled_star_fisher,47,0,,1.0002251918740548,0.1910840051452636,199,12736,246,,0.5249612290277428,38,0.9026844300437528,1.0002251918740548,3.733794857951684e-29,0.7153580607414417,1.0,11,1,6.19463119854361e-05,0.0003241836591102,,-1,,,0
ct_w6_i3,6,evaluation,width3,64,19,sampled_full_fisher,47,1,9.0,0.0637379786424841,0.1910840051452636,9,576,1128,,0.5250779316810663,38,0.9026844300437528,0.0637379786424841,0.949845877700144,0.949845877700144,0.0,0,1,0.0344309161466781,0.1801873271418166,,-1,,,0
ct_w6_i3,6,evaluation,width3,64,19,protected_ray_star,47,1,131.0,0.0966586792292449,0.1910840051452636,131,8384,246,,0.978938160978718,38,0.9026844300437528,0.0966586792292449,0.9387772908760522,0.9387772908760522,0.0,0,1,0.0551850576275501,0.2887999839944639,,-1,,,0
ct_w6_i3,6,evaluation,width3,64,42,sampled_adam,47,0,,1.013013903638596,0.2160094965299261,199,12736,94,,0.2540570270321388,42,0.6096214255983686,1.013013903638596,1.7885790206654415e-16,0.8602650376506696,1.0,11,1,0.0028839948552667,0.0133512410407717,,-1,,,0
ct_w6_i3,6,evaluation,width3,64,42,sampled_star_fisher,47,0,,1.0003616227944807,0.2160094965299261,199,12736,246,,0.5800248837520023,42,0.6096214255983686,1.0003616227944807,2.42251715393441e-16,0.9990548132971452,1.0,7,1,8.903196700019043e-05,0.0004121669113184,84198688.61262602,47,9.999202246152117e-11,0.0084191971629843,1
ct_w6_i3,6,evaluation,width3,64,42,sampled_full_fisher,47,0,,1.0008258707796165,0.2160094965299261,199,12736,1128,,0.6184872109648316,42,0.6096214255983686,1.0008258707796165,7.724632802499837e-16,0.8034113252712907,1.0,11,1,0.0003698431229939,0.0017121614046383,,-1,,,0
ct_w6_i3,6,evaluation,width3,64,42,protected_ray_star,47,1,67.0,0.0562255731868024,0.2160094965299261,67,4288,246,,0.9790080986626416,42,0.6096214255983686,0.0562255731868024,0.963640437635316,0.963640437635316,0.0,0,1,0.0367152998125556,0.1699707670374068,,-1,,,0
ct_w6_i3,6,evaluation,width3,64,50,sampled_adam,47,1,60.0,0.0997833021305112,0.2125486978677511,60,3840,94,,0.2273144720254058,37,0.5097051866773811,0.0997833021305112,0.9448000421019132,0.9448000421019132,0.0,0,1,0.0278155660645225,0.1308667912039129,,-1,,,0
ct_w6_i3,6,evaluation,width3,64,50,sampled_star_fisher,47,1,7.0,0.0292886876918601,0.2125486978677511,7,448,246,,0.4901658047101276,37,0.5097051866773811,0.0292886876918601,0.984043185217578,0.984043185217578,0.0,0,1,0.0106069347706091,0.0499035509368719,,-1,,,0
ct_w6_i3,6,evaluation,width3,64,50,sampled_full_fisher,47,1,6.0,0.0283821216513935,0.2125486978677511,6,384,1128,,0.410193090682739,37,0.5097051866773811,0.0283821216513935,0.9846212853046972,0.9846212853046972,0.0,0,1,0.007564563944011,0.0355897919860121,,-1,,,0
ct_w6_i3,6,evaluation,width3,64,50,protected_ray_star,47,1,17.0,0.0509274837817894,0.2125486978677511,17,1088,246,,0.978227911371844,37,0.5097051866773811,0.0509274837817894,0.9741319191318952,0.9741319191318952,0.0,0,1,0.022833770032678,0.1074284164605202,,-1,,,0
ct_w6_i3,6,evaluation,width3,64,101,sampled_adam,47,0,,1.012835695038696,0.1900025207561464,199,12736,94,,0.3040344981715094,34,1.305153558132759,1.012835695038696,3.356041729586222e-17,0.5469180911622754,1.0,11,1,0.0028290948373827,0.0148897752836325,,-1,,,0
ct_w6_i3,6,evaluation,width3,64,101,sampled_star_fisher,47,0,,2.000157801545397,0.1900025207561464,199,12736,246,,0.4516890776457103,34,1.305153558132759,2.000157801545397,5.151804557877045e-19,0.9925245558041728,2.0,9,1,5.098769613902146e-05,0.0002683527351958,111025131468.69827,47,9.677889840086438e-13,0.1074488991835176,1
ct_w6_i3,6,evaluation,width3,64,101,sampled_full_fisher,47,0,,1.0019395893725918,0.1900025207561464,199,12736,1128,,0.5027384049351616,34,1.305153558132759,1.0019395893725918,7.256609372936606e-10,0.4484689075373954,1.0,10,1,0.0004177889000541,0.0021988597750781,,-1,,,0
ct_w6_i3,6,evaluation,width3,64,101,protected_ray_star,47,1,15.0,0.0982127948342732,0.1900025207561464,15,960,246,,0.9784608582510944,34,1.305153558132759,0.0982127948342732,0.9358287367373817,0.9358287367373817,0.0,0,1,0.0531269629858611,0.2796118850130703,,-1,,,0
ct_w6_i4,6,evaluation,chain,256,0,sampled_adam,31,0,,3.052660791227268,0.2717854006648209,199,50944,62,,-0.5614899052340516,19,2.252834643123188,3.052660791227268,4.731193965658275e-14,0.9610345756624944,3.0,5,0,0.0122085002891424,0.0449196323984988,4846.807280692684,31,2.4637909739019104e-05,0.1194152003041269,1
ct_w6_i4,6,evaluation,chain,256,0,sampled_diagonal_fisher,31,0,,2.000083685831008,0.2717854006648209,199,50944,31,,-0.6237617931764163,19,2.252834643123188,2.000083685831008,1.4218481923801804e-37,0.5924495807367433,2.0,9,0,2.371877029398655e-05,8.727021479434688e-05,,-1,,,0
ct_w6_i4,6,evaluation,chain,256,0,sampled_two_block_fisher,31,0,,1.0000358499509456,0.2717854006648209,199,50944,256,,-0.713611475986383,19,2.252834643123188,1.0000358499509456,1.3708437833092216e-06,0.8976208257326802,1.0,2,1,9.975167852672115e-06,3.670236822239757e-05,,-1,,,0
ct_w6_i4,6,evaluation,chain,256,0,sampled_star_fisher,31,0,,2.0000608456757867,0.2717854006648209,199,50944,90,,-0.10629813653432,19,2.252834643123188,2.0000608456757867,9.906979574765239e-39,0.5747177972126213,2.0,10,1,1.3807582869989448e-05,5.080325446552457e-05,,-1,,,0
ct_w6_i4,6,evaluation,chain,256,0,sampled_full_fisher,31,0,,1.0001688025289148,0.2717854006648209,199,50944,496,,-0.6411828097595671,19,2.252834643123188,1.0001688025289148,8.807005193969523e-35,0.9998792669430794,1.0,9,1,4.586823924350237e-05,0.0001687663838134,453196.2441872816,31,1.239923121535648e-09,0.0005619285017609,1
ct_w6_i4,6,evaluation,chain,256,0,protected_ray_star,31,0,,5.125998214131504,0.2717854006648209,199,50944,90,,-0.9826724107905944,19,2.252834643123188,6.177744383939332,9.458072971908485e-05,0.0049502210789889,2.0,8,0,0.2538070147336186,0.9338508032910342,,-1,,,0
ct_w6_i4,6,evaluation,chain,256,19,sampled_adam,31,0,,2.034946121039379,0.3542496169663806,199,50944,62,,-0.6449019945633553,25,2.234049738241078,2.034946121039379,6.27388040427352e-17,0.9583502087530646,2.0,6,0,0.0097525462385692,0.0275301532351261,16667.293895365714,31,6.7302461860974655e-06,0.1121749911718506,1
ct_w6_i4,6,evaluation,chain,256,19,sampled_diagonal_fisher,31,0,,1.0001343655470265,0.3542496169663806,199,50944,31,,-0.7291756618601846,25,2.234049738241078,1.0001343655470265,6.859228458927677e-33,0.9999361489640912,1.0,5,1,4.4289609854433815e-05,0.0001250237339244,687712.2477325874,31,3.442866305910088e-10,0.000236770132588,1
ct_w6_i4,6,evaluation,chain,256,19,sampled_two_block_fisher,31,0,,2.0002304774463475,0.3542496169663806,199,50944,256,,-0.78133775061859,25,2.234049738241078,2.0002304774463475,4.120195936950401e-41,0.9998407455278115,2.0,10,1,6.783855086858154e-05,0.0001914992920797,848230.6320268854,31,6.286159440330767e-10,0.0005332112995093,1
ct_w6_i4,6,evaluation,chain,256,19,sampled_star_fisher,31,0,,2.000025425742333,0.3542496169663806,199,50944,90,,-0.2622217520121213,25,2.234049738241078,2.000085450222416,2.587850005621336e-32,0.999862532376214,2.0,6,0,3.005624911146112e-05,8.484483164399174e-05,439088.1096959958,31,1.452261906334335e-09,0.0006376709352358,1
ct_w6_i4,6,evaluation,chain,256,19,sampled_full_fisher,31,0,,2.000236893772952,0.3542496169663806,199,50944,496,,-0.7981061916680118,25,2.234049738241078,2.000236893772952,2.6077472148003034e-27,0.9998219512734644,2.0,8,1,5.784649568128789e-05,0.0001632930366351,1374085.6554487732,31,3.3492112277510446e-10,0.000460210310512,1
ct_w6_i4,6,evaluation,chain,256,19,protected_ray_star,31,0,,4.003249410598805,0.3542496169663806,199,50944,90,,-0.9802012805375196,25,2.234049738241078,7.090478212350893,6.198756481789158e-06,0.0067381799774368,1.0,4,1,0.57456727668257,1.621927728822635,,-1,,,0
ct_w6_i4,6,evaluation,chain,256,42,sampled_adam,31,0,,3.050455137432319,0.3742203329845416,199,50944,62,,-0.5770178107226069,27,2.2982174937246684,3.050455137432319,3.4037487208676395e-16,0.9194888818987788,3.0,7,0,0.0126885214160583,0.033906552631341,10165.166378493464,31,2.8357822285574988e-05,0.2882619816646196,1
ct_w6_i4,6,evaluation,chain,256,42,sampled_diagonal_fisher,31,0,,3.0000351152621985,0.3742203329845416,199,50944,31,,-0.6797937645297101,27,2.2982174937246684,3.0000351152621985,2.0815437162325218e-33,0.9993317989671716,3.0,6,1,9.469428434020723e-06,2.530441988146029e-05,11221495.046943778,31,6.874783739520562e-10,0.0077145351681839,1
ct_w6_i4,6,evaluation,chain,256,42,sampled_two_block_fisher,31,0,,2.0000307355980667,0.3742203329845416,199,50944,256,,-0.7642233753014688,27,2.2982174937246684,2.0000307355980667,3.6384387732820516e-42,0.6606873296280632,2.0,9,1,8.024577042295607e-06,2.1443455459239003e-05,,-1,,,0
ct_w6_i4,6,evaluation,chain,256,42,sampled_star_fisher,31,0,,3.0000354629429467,0.3742203329845416,199,50944,90,,-0.0325475569741581,27,2.2982174937246684,3.0000354629429467,2.7176558789305292e-33,0.9999689157886502,3.0,6,1,1.032826641999408e-05,2.7599426085756604e-05,520895.857562839,31,2.2978894279737095e-10,0.0001196961084168,1
ct_w6_i4,6,evaluation,chain,256,42,sampled_full_fisher,31,0,,2.0000968226965004,0.3742203329845416,199,50944,496,,-0.6084982506400347,27,2.2982174937246684,2.0000968226965004,1.7596561182449986e-29,0.5350923544945312,2.0,6,1,2.5497451259941225e-05,6.813486337471266e-05,,-1,,,0
ct_w6_i4,6,evaluation,chain,256,42,protected_ray_star,31,0,,3.027858870080193,0.3742203329845416,199,50944,90,,-0.9813632668051372,27,2.2982174937246684,3.6802930130199623,3.2022761892181626e-12,0.2355298672477449,2.0,9,1,0.3171503737523454,0.8474963699138344,,-1,,,0
ct_w6_i4,6,evaluation,chain,256,50,sampled_adam,31,0,,2.036657525640157,0.299723480001657,199,50944,62,,-0.610959771223371,25,2.1801334453797883,2.036657525640157,8.3323442740324475e-22,0.9806542287322324,2.0,8,1,0.009400053622667,0.0313624198631854,11393.082742205464,31,3.5268661791703526e-06,0.0401818781999738,1
ct_w6_i4,6,evaluation,chain,256,50,sampled_diagonal_fisher,31,0,,2.000058235117395,0.299723480001657,199,50944,31,,-0.6904196682153706,25,2.1801334453797883,2.000058235117395,1.9515138249261924e-32,0.9961714267904406,2.0,5,0,1.6064235056849904e-05,5.359685219443299e-05,27937040.226685643,31,1.626118601105039e-09,0.0454289407724332,1
ct_w6_i4,6,evaluation,chain,256,50,sampled_two_block_fisher,31,0,,1.0000808128385312,0.299723480001657,199,50944,256,,-0.786879050455839,25,2.1801334453797883,1.0000808128385312,1.6282236891562709e-29,0.8232485679505622,1.0,4,1,2.9824446258818043e-05,9.95065393563866e-05,,-1,,,0
ct_w6_i4,6,evaluation,chain,256,50,sampled_star_fisher,31,0,,1.0001294618295606,0.299723480001657,199,50944,90,,-0.1309323861314344,25,2.1801334453797883,1.0001294618295606,1.166798920264351e-27,0.6324551572745628,1.0,5,1,2.8149571367422136e-05,9.391847234413037e-05,,-1,,,0
ct_w6_i4,6,evaluation,chain,256,50,sampled_full_fisher,31,0,,1.0002375063244902,0.299723480001657,199,50944,496,,-0.7455268145485398,25,2.1801334453797883,1.0002375063244902,2.498393774140936e-22,0.7937169361105716,1.0,4,1,5.636518217211987e-05,0.0001880572792355,,-1,,,0
ct_w6_i4,6,evaluation,chain,256,50,protected_ray_star,31,0,,3.4251868854396434,0.299723480001657,199,50944,90,,-0.9807889001545784,25,2.1801334453797883,4.429996752976184,1.9919400209386468e-08,0.0655916848825138,1.0,4,1,0.4903825021486033,1.6361164035126383,,-1,,,0
ct_w6_i4,6,evaluation,chain,256,101,sampled_adam,31,0,,3.034292178218344,0.3593113949270994,199,50944,62,,-0.6449020011960193,25,2.1382581672527587,3.034292178218344,1.7987261409629266e-19,0.9723341637416536,3.0,7,0,0.0080065262370006,0.0222829733485772,4497.360909419882,31,1.300053731479854e-05,0.0584681083210294,1
ct_w6_i4,6,evaluation,chain,256,101,sampled_diagonal_fisher,31,0,,4.000095379906849,0.3593113949270994,199,50944,31,,-0.7248284920117699,25,2.1382581672527587,4.000095379906849,1.1256889022522132e-34,0.9999344633191092,4.0,7,1,2.9433455769796586e-05,8.191628817051106e-05,426626.3516673087,31,5.793376069350304e-10,0.0002471606896303,1
ct_w6_i4,6,evaluation,chain,256,101,sampled_two_block_fisher,31,0,,3.000063056968047,0.3593113949270994,199,50944,256,,-0.8119930761324855,25,2.1382581672527587,3.000063056968047,8.876416492848066e-31,0.9772590431657456,3.0,8,1,1.6867423632604212e-05,4.694374815479047e-05,4787293363.3523445,31,5.560585259174914e-11,0.2662015290760294,1
ct_w6_i4,6,evaluation,chain,256,101,sampled_star_fisher,31,0,,3.0000788836046564,0.3593113949270994,199,50944,90,,-0.0889022814149987,25,2.1382581672527587,3.0000788836046564,9.500279531418833e-24,0.999930732009314,3.0,4,1,2.019826676134579e-05,5.621382190076051e-05,50971.75305545832,31,4.1350343418261756e-09,0.0002107699493474,1
ct_w6_i4,6,evaluation,chain,256,101,sampled_full_fisher,31,0,,2.000127935282448,0.3593113949270949,199,50944,496,,-0.7622222816287888,25,2.1382581672527587,2.000127935282448,2.4939134478903667e-30,0.9999019416597824,2.0,10,1,2.947868636047777e-05,8.204216948493674e-05,112960.86043080207,31,2.243865791684033e-09,0.0002534690105198,1
ct_w6_i4,6,evaluation,chain,256,101,protected_ray_star,31,0,,3.2451100075092665,0.3593113949270949,199,50944,90,,-0.9815361689870472,25,2.1382581672527587,4.403139248567605,1.0242736205448288e-08,0.1221182526103844,2.0,10,1,0.3294190208030393,0.9168064955743448,,-1,,,0
ct_w6_i4,6,evaluation,problem_tree,256,0,sampled_adam,31,1,99.0,0.099119233835232,0.4892297751156317,99,25344,62,,0.170037582671372,28,0.97891427480513,0.099119233835232,0.9443216553372168,0.9443216553372168,0.0,0,1,0.0229520643560946,0.0469146922847649,,-1,,,0
ct_w6_i4,6,evaluation,problem_tree,256,0,sampled_diagonal_fisher,31,1,3.0,0.0229528638516516,0.4892297751156317,3,768,31,,0.3128753845194924,28,0.97891427480513,0.0229528638516516,0.9839463149366424,0.9839463149366424,0.0,0,1,0.0044386046502683,0.0090726380037259,,-1,,,0
ct_w6_i4,6,evaluation,problem_tree,256,0,sampled_two_block_fisher,31,1,3.0,0.0382772408244491,0.4892297751156317,3,768,256,,-0.0007158459969359,28,0.97891427480513,0.0382772408244491,0.9668856918718848,0.9668856918718848,0.0,0,1,0.0094026136117934,0.019219217819625,,-1,,,0
ct_w6_i4,6,evaluation,problem_tree,256,0,sampled_star_fisher,31,1,3.0,0.0375144752129283,0.4892297751156317,3,768,105,,0.4739365764905803,28,0.97891427480513,0.0375144752129283,0.9706139255612654,0.9706139255612654,0.0,0,1,0.0091665558489237,0.0187367088333027,,-1,,,0
ct_w6_i4,6,evaluation,problem_tree,256,0,sampled_full_fisher,31,1,4.0,0.0578983892704183,0.4892297751156317,4,1024,496,,0.4311313009678443,28,0.97891427480513,0.0578983892704183,0.9496671146676072,0.9496671146676072,0.0,0,1,0.0161870472979962,0.033086799130675,,-1,,,0
ct_w6_i4,6,evaluation,problem_tree,256,0,protected_ray_star,31,0,,1.70251602538103,0.4892297751156317,199,50944,105,,0.9731797692751984,28,0.97891427480513,2.475776328845045,0.1409236641001627,0.1409236641001627,0.0,0,1,0.3687979925685522,0.7538339065347875,,-1,,,0
ct_w6_i4,6,evaluation,problem_tree,256,19,sampled_adam,31,0,,1.038524196395299,0.285284417992085,199,50944,62,,0.1414213240744578,25,1.3485115827861835,1.038524196395299,4.618486868564648e-05,0.8931997396868632,1.0,4,1,0.0074696894665238,0.0261833068875536,,-1,,,0
ct_w6_i4,6,evaluation,problem_tree,256,19,sampled_diagonal_fisher,31,0,,1.0001215733471869,0.285284417992085,199,50944,31,,-0.0111737441588976,25,1.3485115827861835,1.0001215733471869,2.943513148131168e-10,0.7632538965424793,1.0,4,1,3.352231150275986e-05,0.0001175048807036,,-1,,,0
ct_w6_i4,6,evaluation,problem_tree,256,19,sampled_two_block_fisher,31,0,,1.0001281251234886,0.285284417992085,199,50944,256,,-0.1190189969922974,25,1.3485115827861835,1.0001281251234886,1.4622232619858286e-14,0.9870680681646647,1.0,10,1,3.0175115735493737e-05,0.0001057720430294,75252367255.96768,31,2.0146378797722905e-12,0.1516062696164084,1
ct_w6_i4,6,evaluation,problem_tree,256,19,sampled_star_fisher,31,0,,1.0001690741691451,0.285284417992085,199,50944,105,,0.3880667456123826,25,1.3485115827861835,1.0001690741691451,4.767907296041043e-07,0.7863057938133031,1.0,4,1,4.530335321105177e-05,0.0001588006577082,,-1,,,0
ct_w6_i4,6,evaluation,problem_tree,256,19,sampled_full_fisher,31,1,9.0,0.0527021600716519,0.285284417992085,9,2304,496,,0.2084944408540822,25,1.3485115827861835,0.0527021600716519,0.949821851886789,0.949821851886789,0.0,0,1,0.0396757932087513,0.1390745189940663,,-1,,,0
ct_w6_i4,6,evaluation,problem_tree,256,19,protected_ray_star,31,0,,1.9569253424725763,0.285284417992085,199,50944,105,,0.692522700146277,25,1.3485115827861835,3.5836751730867427,0.049544001104895,0.0688155941471115,3.0,1,0,0.4043378002046828,1.4173147031672122,,-1,,,0
ct_w6_i4,6,evaluation,problem_tree,256,42,sampled_adam,31,1,114.0,0.0993154749884581,0.3642864873150579,114,29184,62,,0.1082057305997689,28,1.182812317946703,0.0993154749884581,0.9464094077224052,0.9464094077224052,0.0,0,1,0.0224435284554682,0.0616095552181643,,-1,,,0
ct_w6_i4,6,evaluation,problem_tree,256,42,sampled_diagonal_fisher,31,1,3.0,0.0719740370824677,0.3642864873150579,3,768,31,,0.197116379985043,28,1.182812317946703,0.0719740370824677,0.9390590399446096,0.9390590399446096,0.0,0,1,0.0171583763393033,0.0471013252941873,,-1,,,0
ct_w6_i4,6,evaluation,problem_tree,256,42,sampled_two_block_fisher,31,1,5.0,0.0237400260509907,0.3642864873150579,5,1280,256,,-0.3460989048952163,28,1.182812317946703,0.0237400260509907,0.980741306582542,0.980741306582542,0.0,0,1,0.006484292989717,0.0177999821994742,,-1,,,0
ct_w6_i4,6,evaluation,problem_tree,256,42,sampled_star_fisher,31,1,4.0,0.0352339831365995,0.3642864873150579,4,1024,105,,0.5303017788474261,28,1.182812317946703,0.0352339831365995,0.9687343464745576,0.9687343464745576,0.0,0,1,0.0098682744073348,0.0270893232413534,,-1,,,0
ct_w6_i4,6,evaluation,problem_tree,256,42,sampled_full_fisher,31,1,6.0,0.0707160168065677,0.3642864873150579,6,1536,496,,-0.0165046301253446,28,1.182812317946703,0.0707160168065677,0.9374642890860544,0.9374642890860544,0.0,0,1,0.0257916109674044,0.0708003504535653,,-1,,,0
ct_w6_i4,6,evaluation,problem_tree,256,42,protected_ray_star,31,0,,2.1727509932549958,0.3642864873150579,199,50944,105,,0.9074197020186012,28,1.182812317946703,3.2732583710864755,0.0680491044313968,0.0680491044313968,0.0,0,1,0.4012803292185397,1.1015515073758064,,-1,,,0
ct_w6_i4,6,evaluation,problem_tree,256,50,sampled_adam,31,1,113.0,0.0994500359396415,0.463619199705562,113,28928,62,,0.3555331290531067,29,0.8285197549843472,0.0994500359396415,0.9350277979912556,0.9350277979912556,0.0,0,1,0.019631911576222,0.0423449063125298,,-1,,,0
ct_w6_i4,6,evaluation,problem_tree,256,50,sampled_diagonal_fisher,31,1,4.0,0.0223652598804928,0.463619199705562,4,1024,31,,0.2265686988881731,29,0.8285197549843472,0.0223652598804928,0.9816980580066542,0.9816980580066542,0.0,0,1,0.0052846092813902,0.0113985988603285,,-1,,,0
ct_w6_i4,6,evaluation,problem_tree,256,50,sampled_two_block_fisher,31,1,3.0,0.077322949683662,0.463619199705562,3,768,256,,-0.2264683883821766,29,0.8285197549843472,0.077322949683662,0.9328092267458328,0.9328092267458328,0.0,0,1,0.0180258230679918,0.0388806655967652,,-1,,,0
ct_w6_i4,6,evaluation,problem_tree,256,50,sampled_star_fisher,31,1,4.0,0.0506438780933553,0.463619199705562,4,1024,105,,0.4812732160763729,29,0.8285197549843472,0.0506438780933553,0.9520655862992684,0.9520655862992684,0.0,0,1,0.0135262925159822,0.0291754364887661,,-1,,,0
ct_w6_i4,6,evaluation,problem_tree,256,50,sampled_full_fisher,31,1,4.0,0.0939792558550056,0.463619199705562,4,1024,496,,0.2622762007376829,29,0.8285197549843472,0.0939792558550056,0.91454952698894,0.91454952698894,0.0,0,1,0.0230604942730771,0.04974016237404,,-1,,,0
ct_w6_i4,6,evaluation,problem_tree,256,50,protected_ray_star,31,0,,1.7429763823418156,0.463619199705562,199,50944,105,,0.961823691738054,29,0.8285197549843472,3.8118555036200696,0.0373524139958281,0.0589784441565464,3.0,1,0,0.4052213966578686,0.874039291114818,,-1,,,0
ct_w6_i4,6,evaluation,problem_tree,256,101,sampled_adam,31,1,112.0,0.0995669954676063,0.4257075904707316,112,28672,62,,0.231869453596502,30,1.1792534417678633,0.0995669954676063,0.9438544184149288,0.9438544184149288,0.0,0,1,0.0216074068147679,0.0507564518426258,,-1,,,0
ct_w6_i4,6,evaluation,problem_tree,256,101,sampled_diagonal_fisher,31,1,3.0,0.0893284749668836,0.4257075904707316,3,768,31,,0.218188767970814,30,1.1792534417678633,0.0893284749668836,0.925372337677773,0.925372337677773,0.0,0,1,0.0307063665413167,0.0721301833198763,,-1,,,0
ct_w6_i4,6,evaluation,problem_tree,256,101,sampled_two_block_fisher,31,1,3.0,0.0646013834729721,0.4257075904707316,3,768,256,,-0.1027809526220448,30,1.1792534417678633,0.0646013834729721,0.95695894466289,0.95695894466289,0.0,0,1,0.0144363757858721,0.0339114831612678,,-1,,,0
ct_w6_i4,6,evaluation,problem_tree,256,101,sampled_star_fisher,31,1,4.0,0.0468281701653179,0.4257075904707316,4,1024,105,,0.4922819535934911,30,1.1792534417678633,0.0468281701653179,0.9555980588409364,0.9555980588409364,0.0,0,1,0.018113168582702,0.0425483805977554,,-1,,,0
ct_w6_i4,6,evaluation,problem_tree,256,101,sampled_full_fisher,31,1,4.0,0.0876727802867378,0.4257075904707216,4,1024,496,,0.5635755529392102,30,1.1792534417678633,0.0876727802867378,0.924725485305389,0.924725485305389,0.0,0,1,0.0253650684636521,0.0595833126574158,,-1,,,0
ct_w6_i4,6,evaluation,problem_tree,256,101,protected_ray_star,31,0,,2.22454071025048,0.4257075904707216,199,50944,105,,0.9466898495024416,30,1.1792534417678633,3.2271708335869267,0.0630070037676365,0.0630070037676365,0.0,0,1,0.370858956077548,0.8711588996274993,,-1,,,0
ct_w6_i4,6,evaluation,width2,256,0,sampled_adam,44,1,36.0,0.0973542767294741,0.4996725877857648,36,9216,88,,0.2974089475169958,38,0.4693605168178137,0.0973542767294741,0.9332571680825976,0.9332571680825976,0.0,0,1,0.0213844195399587,0.0427968635116068,,-1,,,0
ct_w6_i4,6,evaluation,width2,256,0,sampled_diagonal_fisher,44,1,2.0,0.0237209614384035,0.4996725877857648,2,512,44,,0.2831489848367641,38,0.4693605168178137,0.0237209614384035,0.982384960193723,0.982384960193723,0.0,0,1,0.0062933372177781,0.0125949218980898,,-1,,,0
ct_w6_i4,6,evaluation,width2,256,0,sampled_two_block_fisher,44,1,3.0,0.020219891774559,0.4996725877857648,3,768,542,,0.4853490554508202,38,0.4693605168178137,0.020219891774559,0.9827999393818156,0.9827999393818156,0.0,0,1,0.0048428308769472,0.0096920083177018,,-1,,,0
ct_w6_i4,6,evaluation,width2,256,0,sampled_star_fisher,44,1,2.0,0.0422552612035698,0.4996725877857648,2,512,217,,0.3968088893414183,38,0.4693605168178137,0.0422552612035698,0.9623975209112764,0.9623975209112764,0.0,0,1,0.0122957958717635,0.0246077054701976,,-1,,,0
ct_w6_i4,6,evaluation,width2,256,0,sampled_full_fisher,44,1,3.0,0.0684400486327874,0.4996725877857648,3,768,990,,0.6210032910609076,38,0.4693605168178137,0.0684400486327874,0.9385234885829294,0.9385234885829294,0.0,0,1,0.0210930043546533,0.0422136512393531,,-1,,,0
ct_w6_i4,6,evaluation,width2,256,0,protected_ray_star,44,1,103.0,0.0728059121365625,0.4996725877857648,103,26368,217,,0.9810677201693894,38,0.4693605168178137,0.0728059121365625,0.9410880104903232,0.9410880104903232,0.0,0,1,0.0325531714669911,0.0651490040933531,,-1,,,0
ct_w6_i4,6,evaluation,width2,256,19,sampled_adam,44,0,,1.01512363820739,0.3406506460794213,199,50944,88,,0.2974088578041771,40,1.0473414541184654,1.01512363820739,1.295234484083311e-16,0.9895266787528414,1.0,10,1,0.0031065250520029,0.0091193869371927,3663452.864027146,44,6.2779049368359106e-09,0.0229988088209416,1
ct_w6_i4,6,evaluation,width2,256,19,sampled_diagonal_fisher,44,0,,1.0000218586564884,0.3406506460794213,199,50944,44,,0.32161848035021,40,1.0473414541184654,1.0000218586564884,1.6641005326460774e-40,0.9999872604950226,1.0,10,1,7.384791749602977e-06,2.167849036717001e-05,817154672937.9872,44,8.680743451741388e-17,7.093510076166308e-05,1
ct_w6_i4,6,evaluation,width2,256,19,sampled_two_block_fisher,44,0,,1.0000842794813618,0.3406506460794213,199,50944,542,,0.4806949217337923,40,1.0473414541184654,1.0000842794813618,3.141017866958057e-28,0.6527175601100458,1.0,10,1,2.5580367826683905e-05,7.509267374387995e-05,,-1,,,0
ct_w6_i4,6,evaluation,width2,256,19,sampled_star_fisher,44,0,,1.000084579332789,0.3406506460794213,199,50944,217,,0.4255073749569544,40,1.0473414541184654,1.000084579332789,1.4925807928552e-24,0.6101300575084019,1.0,10,1,2.509601187826229e-05,7.36708183797522e-05,,-1,,,0
ct_w6_i4,6,evaluation,width2,256,19,sampled_full_fisher,44,0,,1.000282748673337,0.3406506460794213,199,50944,990,,0.7295455046559631,40,1.0473414541184654,1.000282748673337,3.5101726587009926e-16,0.7809596537615118,1.0,10,1,0.0001311998119641,0.0003851447618671,,-1,,,0
ct_w6_i4,6,evaluation,width2,256,19,protected_ray_star,44,1,174.0,0.0962458359252664,0.3406506460794213,174,44544,217,,0.9791050326800432,40,1.0473414541184654,0.0962458359252664,0.9242170683073632,0.9242170683073632,0.0,0,1,0.0392637163797123,0.1152609479289176,,-1,,,0
ct_w6_i4,6,evaluation,width2,256,42,sampled_adam,44,1,53.0,0.0965115861862706,0.2499666215116639,53,13568,88,,0.0247843467430834,43,1.0492679693559432,0.0965115861862706,0.9415312814932352,0.9415312814932352,0.0,0,1,0.0218993745535808,0.0876091952643326,,-1,,,0
ct_w6_i4,6,evaluation,width2,256,42,sampled_diagonal_fisher,44,1,4.0,0.0112341240800528,0.2499666215116639,4,1024,44,,0.1322030964450461,43,1.0492679693559432,0.0112341240800528,0.9896890660318288,0.9896890660318288,0.0,0,1,0.0036772178013497,0.0147108353071779,,-1,,,0
ct_w6_i4,6,evaluation,width2,256,42,sampled_two_block_fisher,44,1,4.0,0.0851913394566477,0.2499666215116639,4,1024,542,,0.0221568844384686,43,1.0492679693559432,0.0851913394566477,0.9275156945963902,0.9275156945963902,0.0,0,1,0.0306590179883727,0.1226524477666798,,-1,,,0
ct_w6_i4,6,evaluation,width2,256,42,sampled_star_fisher,44,1,4.0,0.0736935046622715,0.2499666215116639,4,1024,217,,0.729775217461549,43,1.0492679693559432,0.0736935046622715,0.9336654176712448,0.9336654176712448,0.0,0,1,0.0276499581427651,0.1106146011637595,,-1,,,0
ct_w6_i4,6,evaluation,width2,256,42,sampled_full_fisher,44,1,6.0,0.0676952638853229,0.2499666215116639,6,1536,990,,0.7010566972514893,43,1.0492679693559432,0.0676952638853229,0.9391931602667072,0.9391931602667072,0.0,0,1,0.0319213154581302,0.1277023118730303,,-1,,,0
ct_w6_i4,6,evaluation,width2,256,42,protected_ray_star,44,0,,0.1922884999029541,0.2499666215116639,199,50944,217,,0.9790847884780228,43,1.0492679693559432,0.611280248885592,0.6504459413759677,0.6504459413759677,0.0,0,1,0.1979157763264061,0.7917688174905824,,-1,,,0
ct_w6_i4,6,evaluation,width2,256,50,sampled_adam,44,0,,1.0164945305401414,0.2428681367134116,199,50944,88,,0.1734885376809683,41,0.8829046915007469,1.0164945305401414,6.9055266577045e-07,0.9851671711396028,1.0,4,1,0.0035569453544215,0.0146455825887889,12029075.153475886,44,3.651358961041333e-09,0.0439224713546838,1
ct_w6_i4,6,evaluation,width2,256,50,sampled_diagonal_fisher,44,0,,1.0000220032591258,0.2428681367134116,199,50944,44,,0.1945129612781417,41,0.8829046915007469,1.0000220032591258,2.802111585835116e-12,0.9886056492644838,1.0,4,1,6.174698583047e-06,2.5424078541571907e-05,297022992332.32684,41,6.053581804615925e-13,0.1798052981935549,1
ct_w6_i4,6,evaluation,width2,256,50,sampled_two_block_fisher,44,1,6.0,0.025425606767099,0.2428681367134116,6,1536,542,,0.0394081396475086,41,0.8829046915007469,0.025425606767099,0.9774971197862302,0.9774971197862302,0.0,0,1,0.017213475161069,0.0708758069049676,,-1,,,0
ct_w6_i4,6,evaluation,width2,256,50,sampled_star_fisher,44,1,9.0,0.010695306253373,0.2428681367134116,9,2304,217,,0.631085538992284,41,0.8829046915007469,0.010695306253373,0.9905254136643334,0.9905254136643334,0.0,0,1,0.0079408727134443,0.03269623105321,,-1,,,0
ct_w6_i4,6,evaluation,width2,256,50,sampled_full_fisher,44,1,7.0,0.0432985031931281,0.2428681367134116,7,1792,990,,0.5840899060984434,41,0.8829046915007469,0.0432985031931281,0.961148435293284,0.961148435293284,0.0,0,1,0.0287457093572025,0.1183593276013929,,-1,,,0
ct_w6_i4,6,evaluation,width2,256,50,protected_ray_star,44,1,24.0,0.0524231707137037,0.2428681367134116,24,6144,217,,0.9802333883196211,41,0.8829046915007469,0.0524231707137037,0.9617866872088348,0.9617866872088348,0.0,0,1,0.0183546677700718,0.0755746225851382,,-1,,,0
ct_w6_i4,6,evaluation,width2,256,101,sampled_adam,44,1,44.0,0.0982305680089385,0.2467724094378359,44,11264,88,,0.2230567103842415,41,0.8921574278688635,0.0982305680089385,0.938504997593548,0.938504997593548,0.0,0,1,0.0217932066135617,0.0883129790044524,,-1,,,0
ct_w6_i4,6,evaluation,width2,256,101,sampled_diagonal_fisher,44,1,3.0,0.0105470880216707,0.2467724094378359,3,768,44,,0.4071926674662087,41,0.8921574278688635,0.0105470880216707,0.9928418128009274,0.9928418128009274,0.0,0,1,0.0029839505055312,0.0120919129992241,,-1,,,0
ct_w6_i4,6,evaluation,width2,256,101,sampled_two_block_fisher,44,1,3.0,0.0296645030516717,0.2467724094378359,3,768,542,,0.2568216481597057,41,0.8921574278688635,0.0296645030516717,0.9780496360184624,0.9780496360184624,0.0,0,1,0.0069824606253009,0.0282951430478288,,-1,,,0
ct_w6_i4,6,evaluation,width2,256,101,sampled_star_fisher,44,1,2.0,0.091572635664276,0.2467724094378359,2,512,217,,0.7063336566554013,41,0.8921574278688635,0.091572635664276,0.923833083291842,0.923833083291842,0.0,0,1,0.0219399609708243,0.0889076741634328,,-1,,,0
ct_w6_i4,6,evaluation,width2,256,101,sampled_full_fisher,44,1,4.0,0.0852528372868803,0.2467724094378242,4,1024,990,,0.7337152811320464,41,0.8921574278688635,0.0852528372868803,0.937742450076571,0.937742450076571,0.0,0,1,0.037281567036767,0.1510767233731627,,-1,,,0
ct_w6_i4,6,evaluation,width2,256,101,protected_ray_star,44,0,,0.1194777868192176,0.2467724094378242,199,50944,217,,0.9801157208971776,41,0.8921574278688635,0.328153998426,0.794357845805638,0.794357845805638,0.0,0,1,0.1186020562649715,0.4806131144691604,,-1,,,0
ct_w6_i4,6,evaluation,width3,1024,0,sampled_adam,48,1,29.0,0.0987883295902651,0.5181870062446876,29,29696,96,,0.3043903839463842,48,0.1568541705940712,0.0987883295902651,0.91894145689188,0.91894145689188,0.0,0,1,0.0225505952070832,0.0435182567978845,,-1,,,0
ct_w6_i4,6,evaluation,width3,1024,0,sampled_star_fisher,48,1,2.0,0.0498263636595996,0.5181870062446876,2,2048,265,,0.3187546524195642,48,0.1568541705940712,0.0498263636595996,0.9518333504529752,0.9518333504529752,0.0,0,1,0.0148652972952805,0.0286871286159984,,-1,,,0
ct_w6_i4,6,evaluation,width3,1024,0,sampled_full_fisher,48,1,3.0,0.0667367089666211,0.5181870062446876,3,3072,1176,,0.8279662511783911,48,0.1568541705940712,0.0667367089666211,0.938132580776598,0.938132580776598,0.0,0,1,0.0198842013016999,0.038372635867119,,-1,,,0
ct_w6_i4,6,evaluation,width3,1024,0,protected_ray_star,48,1,5.0,0.0959816504302857,0.5181870062446876,5,5120,265,,0.980566514013264,48,0.1568541705940712,0.0959816504302857,0.9270372189447827,0.9270372189447827,0.0,0,1,0.0329890094460573,0.063662363294536,,-1,,,0
ct_w6_i4,6,evaluation,width3,1024,19,sampled_adam,48,0,,1.013285438397384,0.2902013446905189,199,203776,96,,0.210731820024661,48,0.7366529928016058,1.013285438397384,5.796673448938024e-18,0.990663218233384,1.0,10,1,0.0026490767507548,0.0091284096342829,14859419.847677125,48,1.5785139262354302e-09,0.0234558011653374,1
ct_w6_i4,6,evaluation,width3,1024,19,sampled_star_fisher,48,0,,1.0000123112969543,0.2902013446905189,199,203776,265,,0.5141370402457746,48,0.7366529928016058,1.0000123112969543,6.470768167645122e-28,0.9999894139655708,1.0,10,1,3.210932112190188e-06,1.1064497704565913e-05,49782638060.61748,47,9.967641902370131e-16,4.96215509143537e-05,1
ct_w6_i4,6,evaluation,width3,1024,19,sampled_full_fisher,48,0,,1.0000998291061318,0.2902013446905189,199,203776,1176,,0.8950602370021422,48,0.7366529928016058,1.0000998291061318,4.3595743682441597e-10,0.6920519332657267,1.0,10,1,3.726115063285762e-05,0.0001283975809023,,-1,,,0
ct_w6_i4,6,evaluation,width3,1024,19,protected_ray_star,48,1,15.0,0.0439580631800726,0.2902013446905189,15,15360,265,,0.9792525654829576,48,0.7366529928016058,0.0439580631800726,0.9772103010836308,0.9772103010836308,0.0,0,1,0.0335904037391196,0.1157486150691054,,-1,,,0
ct_w6_i4,6,evaluation,width3,1024,42,sampled_adam,48,0,,1.0135186119502606,0.3514676423248785,199,203776,96,,0.1639025518221405,48,0.5372599198952194,1.0135186119502606,3.113265736274474e-09,0.9877670720298852,1.0,5,1,0.0029569973594654,0.008413284761879,5854915.573669416,48,7.249896712404392e-09,0.0424475331689511,1
ct_w6_i4,6,evaluation,width3,1024,42,sampled_star_fisher,48,1,4.0,0.0244728338172812,0.3514676423248785,4,4096,265,,0.5904758822280557,48,0.5372599198952194,0.0244728338172812,0.9761937629379336,0.9761937629379336,0.0,0,1,0.0076238459650771,0.0216914590334607,,-1,,,0
ct_w6_i4,6,evaluation,width3,1024,42,sampled_full_fisher,48,1,5.0,0.0593052228132116,0.3514676423248785,5,5120,1176,,0.8797898847156996,48,0.5372599198952194,0.0593052228132116,0.9507147200552238,0.9507147200552238,0.0,0,1,0.032898234887014,0.0936024570267685,,-1,,,0
ct_w6_i4,6,evaluation,width3,1024,42,protected_ray_star,48,1,21.0,0.0570374953930326,0.3514676423248785,21,21504,265,,0.9788320039093716,48,0.5372599198952194,0.0570374953930326,0.970844163688064,0.970844163688064,0.0,0,1,0.0406928576515679,0.1157798122819898,,-1,,,0
ct_w6_i4,6,evaluation,width3,1024,50,sampled_adam,48,1,45.0,0.0993016627816754,0.2404508355779824,45,46080,96,,0.1873171673642904,48,0.8636799555021647,0.0993016627816754,0.9187932835601024,0.9187932835601024,0.0,0,1,0.0212292552847661,0.0882893803788887,,-1,,,0
ct_w6_i4,6,evaluation,width3,1024,50,sampled_star_fisher,48,1,3.0,0.0284784681447494,0.2404508355779824,3,3072,265,,0.6367991403538885,48,0.8636799555021647,0.0284784681447494,0.9726446501795466,0.9726446501795466,0.0,0,1,0.0076988665223056,0.0320184644141473,,-1,,,0
ct_w6_i4,6,evaluation,width3,1024,50,sampled_full_fisher,48,1,5.0,0.0457055939150912,0.2404508355779824,5,5120,1176,,0.8304329513757718,48,0.8636799555021647,0.0457055939150912,0.9596550165389176,0.9596550165389176,0.0,0,1,0.0187736470214342,0.0780768633068259,,-1,,,0
ct_w6_i4,6,evaluation,width3,1024,50,protected_ray_star,48,1,13.0,0.0395830019219136,0.2404508355779824,13,13312,265,,0.9794155259474202,48,0.8636799555021647,0.0395830019219136,0.9792701729400622,0.9792701729400622,0.0,0,1,0.0300137510108144,0.1248228185136853,,-1,,,0
ct_w6_i4,6,evaluation,width3,1024,101,sampled_adam,48,0,,1.0120177477809875,0.2992285408703557,199,203776,96,,0.3512196706895399,47,0.6452176347510613,1.0120177477809875,5.024777084545918e-06,0.656085471586794,1.0,5,1,0.0023475995782857,0.0078455068873356,,-1,,,0
ct_w6_i4,6,evaluation,width3,1024,101,sampled_star_fisher,48,1,3.0,0.0163916569195805,0.2992285408703557,3,3072,265,,0.7216586439996887,47,0.6452176347510613,0.0163916569195805,0.9862551473514696,0.9862551473514696,0.0,0,1,0.0045556493906648,0.0152246486161179,,-1,,,0
ct_w6_i4,6,evaluation,width3,1024,101,sampled_full_fisher,48,1,5.0,0.0343204329700572,0.2992285408703557,5,5120,1176,,0.8363394309902992,47,0.6452176347510613,0.0343204329700572,0.9676458996930598,0.9676458996930598,0.0,0,1,0.0229319483726163,0.0766369020345284,,-1,,,0
ct_w6_i4,6,evaluation,width3,1024,101,protected_ray_star,48,1,19.0,0.0905170168072757,0.2992285408703557,19,19456,265,,0.9796121863585374,47,0.6452176347510613,0.0905170168072757,0.9544881147859392,0.9544881147859392,0.0,0,1,0.0696858363703774,0.2328849920789127,,-1,,,0
ct_w6_i4,6,evaluation,width3,256,0,sampled_adam,48,1,30.0,0.0953678947382261,0.5181870062446876,30,7680,96,,0.3043903679777657,45,0.1644846782875032,0.0953678947382261,0.9214854425731208,0.9214854425731208,0.0,0,1,0.0214954379352928,0.0414820087656593,,-1,,,0
ct_w6_i4,6,evaluation,width3,256,0,sampled_diagonal_fisher,48,1,2.0,0.0181138753439125,0.5181870062446876,2,512,48,,0.27535081406891,45,0.1644846782875032,0.0181138753439125,0.9840875039275084,0.9840875039275084,0.0,0,1,0.0052287874035441,0.0100905413307008,,-1,,,0
ct_w6_i4,6,evaluation,width3,256,0,sampled_two_block_fisher,48,1,2.0,0.0888019502756005,0.5181870062446876,2,512,664,,0.3488207155323495,45,0.1644846782875032,0.0888019502756005,0.9267353639257478,0.9267353639257478,0.0,0,1,0.0220400034802212,0.0425329142078371,,-1,,,0
ct_w6_i4,6,evaluation,width3,256,0,sampled_star_fisher,48,1,2.0,0.0396965225580672,0.5181870062446876,2,512,265,,0.3007242315558264,45,0.1644846782875032,0.0396965225580672,0.9639988308673332,0.9639988308673332,0.0,0,1,0.0105471794809731,0.0203540022306015,,-1,,,0
ct_w6_i4,6,evaluation,width3,256,0,sampled_full_fisher,48,1,3.0,0.0711673178798797,0.5181870062446876,3,768,1176,,0.7404009824992174,45,0.1644846782875032,0.0711673178798797,0.936763888255538,0.936763888255538,0.0,0,1,0.0198112325058876,0.038231820302597,,-1,,,0
ct_w6_i4,6,evaluation,width3,256,0,protected_ray_star,48,1,14.0,0.0318686069938625,0.5181870062446876,14,3584,265,,0.9799296443151322,45,0.1644846782875032,0.0318686069938625,0.9831803525295348,0.9831803525295348,0.0,0,1,0.0237604346636989,0.0458530113209347,,-1,,,0
ct_w6_i4,6,evaluation,width3,256,19,sampled_adam,48,0,,1.0138866890594151,0.2902013446905189,199,50944,96,,0.1639025487423692,47,0.5952257867407013,1.0138866890594151,8.188381483658886e-18,0.9902746265094718,1.0,10,1,0.0028105854504543,0.0096849497835774,19069775.576903217,48,1.3563773593004158e-09,0.0258658118394515,1
ct_w6_i4,6,evaluation,width3,256,19,sampled_diagonal_fisher,48,0,,1.0000819925730848,0.2902013446905189,199,50944,48,,0.291429677097592,47,0.5952257867407013,1.0000819925730848,4.974700836804289e-36,0.9999480865983854,1.0,10,1,2.439754265205491e-05,8.407108753432318e-05,788175369927.204,44,4.162061537828471e-16,0.0003280434392237,1
ct_w6_i4,6,evaluation,width3,256,19,sampled_two_block_fisher,48,0,,1.0001232586944866,0.2902013446905189,199,50944,664,,0.4743100977820065,47,0.5952257867407013,1.0001258632599246,4.68935584831154e-20,0.9739086224133788,1.0,10,1,4.6307371833334016e-05,0.0001595698044842,120111122884.13672,46,8.957349937529563e-12,1.0758773590628277,1
ct_w6_i4,6,evaluation,width3,256,19,sampled_star_fisher,48,0,,1.0000738468308548,0.2902013446905189,199,50944,265,,0.4598871642064462,47,0.5952257867407013,1.0000738468308548,9.756535113875055e-29,0.9998959572781654,1.0,10,1,2.1920615877337932e-05,7.553588664695838e-05,416922176464.1527,47,2.698337919339076e-15,0.0011249969181666,1
ct_w6_i4,6,evaluation,width3,256,19,sampled_full_fisher,48,0,,1.0002478300348017,0.2902013446905189,199,50944,1176,,0.7505552909056633,47,0.5952257867407013,1.0002478300348017,1.1818732602747873e-11,0.660857897393328,1.0,10,1,6.442956803168612e-05,0.000222016779765,,-1,,,0
ct_w6_i4,6,evaluation,width3,256,19,protected_ray_star,48,1,17.0,0.0415576693811594,0.2902013446905189,17,4352,265,,0.9793048704616218,47,0.5952257867407013,0.0415576693811594,0.9782450425294542,0.9782450425294542,0.0,0,1,0.0287644604944527,0.0991189772918805,,-1,,,0
ct_w6_i4,6,evaluation,width3,256,42,sampled_adam,48,0,,1.0132824039005968,0.3514676423248785,199,50944,96,,0.2341464505262405,48,0.5454334226536175,1.0132824039005968,3.6450605161949957e-09,0.9881109055780172,1.0,5,1,0.0029262308977702,0.0083257476518007,4153554.328494823,48,1.0676259189324035e-08,0.0443444225679494,1
ct_w6_i4,6,evaluation,width3,256,42,sampled_diagonal_fisher,48,0,,1.0000317930164453,0.3514676423248785,199,50944,48,,0.2988718345295722,48,0.5454334226536175,1.0000317930164453,1.5166365760272773e-15,0.9999767135140368,1.0,5,1,7.626008070179757e-06,2.16976106811297e-05,71700835437.08215,48,1.1120846350616154e-15,7.973739741066045e-05,1
ct_w6_i4,6,evaluation,width3,256,42,sampled_two_block_fisher,48,0,,1.0001170655136509,0.3514676423248785,199,50944,664,,0.520955728593785,48,0.5454334226536175,1.0001170655136509,7.0073009560240865e-15,0.9860825045253584,1.0,5,1,3.0044843810562617e-05,8.548395411828757e-05,275986442105.6165,44,2.37410099523083e-12,0.65521968687316,1
ct_w6_i4,6,evaluation,width3,256,42,sampled_star_fisher,48,1,5.0,0.0309545909301007,0.3514676423248785,5,1280,265,,0.5179185135840877,48,0.5454334226536175,0.0309545909301007,0.9704403904234672,0.9704403904234672,0.0,0,1,0.0120154222448052,0.0341864251437939,,-1,,,0
ct_w6_i4,6,evaluation,width3,256,42,sampled_full_fisher,48,1,6.0,0.0457559890189394,0.3514676423248785,6,1536,1176,,0.8997990634653328,48,0.5454334226536175,0.0457559890189394,0.9598805855040986,0.9598805855040986,0.0,0,1,0.0302912790463668,0.0861851146409864,,-1,,,0
ct_w6_i4,6,evaluation,width3,256,42,protected_ray_star,48,1,18.0,0.0167729123634696,0.3514676423248785,18,4608,265,,0.9797207978466748,48,0.5454334226536175,0.0167729123634696,0.9910793715935006,0.9910793715935006,0.0,0,1,0.0121625977570391,0.0346051706967571,,-1,,,0
ct_w6_i4,6,evaluation,width3,256,50,sampled_adam,48,1,49.0,0.0965247544471825,0.2404508355779824,49,12544,96,,0.1170732407418208,47,0.9187659687520696,0.0965247544471825,0.9214840280505092,0.9214840280505092,0.0,0,1,0.0209756663564144,0.0872347409647976,,-1,,,0
ct_w6_i4,6,evaluation,width3,256,50,sampled_diagonal_fisher,48,1,4.0,0.0174046301422343,0.2404508355779824,4,1024,48,,0.2413374650891084,47,0.9187659687520696,0.0174046301422343,0.9845957930518038,0.9845957930518038,0.0,0,1,0.0063694148936969,0.0264894687447705,,-1,,,0
ct_w6_i4,6,evaluation,width3,256,50,sampled_two_block_fisher,48,1,4.0,0.0230034777184418,0.2404508355779824,4,1024,664,,0.0779308179673559,47,0.9187659687520696,0.0230034777184418,0.981523866785178,0.981523866785178,0.0,0,1,0.0058259775974475,0.0242293921892322,,-1,,,0
ct_w6_i4,6,evaluation,width3,256,50,sampled_star_fisher,48,1,4.0,0.0279564779798775,0.2404508355779824,4,1024,265,,0.6771220744682677,47,0.9187659687520696,0.0279564779798775,0.9724355485001116,0.9724355485001116,0.0,0,1,0.0108299362808047,0.0450401274537989,,-1,,,0
ct_w6_i4,6,evaluation,width3,256,50,sampled_full_fisher,48,1,5.0,0.0498232811970194,0.2404508355779824,5,1280,1176,,0.7421974147199624,47,0.9187659687520696,0.0498232811970194,0.956030567044987,0.956030567044987,0.0,0,1,0.0188870569666445,0.0785485187491442,,-1,,,0
ct_w6_i4,6,evaluation,width3,256,50,protected_ray_star,48,1,14.0,0.0553348886505613,0.2404508355779824,14,3584,265,,0.979148926197565,47,0.9187659687520696,0.0553348886505613,0.9712258845685772,0.9712258845685772,0.0,0,1,0.041828821514985,0.1739599757033042,,-1,,,0
ct_w6_i4,6,evaluation,width3,256,101,sampled_adam,48,0,,1.0125695625433355,0.2992285408703557,199,50944,96,,0.3278050234517792,47,0.5363699989258209,1.0125695625433355,3.834463811912364e-07,0.9797410597117012,1.0,4,1,0.0025024931435009,0.008363149906162,250658630.59431863,48,6.852840025862383e-10,0.17177234965646,1
ct_w6_i4,6,evaluation,width3,256,101,sampled_diagonal_fisher,48,1,2.0,0.0754962414640569,0.2992285408703557,2,512,48,,0.3017193955684154,47,0.5363699989258209,0.0754962414640569,0.9533305541398392,0.9533305541398392,0.0,0,1,0.0242339881819732,0.0809882242899848,,-1,,,0
ct_w6_i4,6,evaluation,width3,256,101,sampled_two_block_fisher,48,1,3.0,0.0582465173499038,0.2992285408703557,3,768,664,,0.2032482499138826,47,0.5363699989258209,0.0582465173499038,0.958222157484519,0.958222157484519,0.0,0,1,0.0256353930111415,0.0856716172079601,,-1,,,0
ct_w6_i4,6,evaluation,width3,256,101,sampled_star_fisher,48,1,3.0,0.020738499205013,0.2992285408703557,3,768,265,,0.6883009640720792,47,0.5363699989258209,0.020738499205013,0.982402784055366,0.982402784055366,0.0,0,1,0.005285517867051,0.017663815930383,,-1,,,0
ct_w6_i4,6,evaluation,width3,256,101,sampled_full_fisher,48,1,5.0,0.0479250698449273,0.2992285408703476,5,1280,1176,,0.866626833750184,47,0.5363699989258209,0.0479250698449273,0.9634485694660776,0.9634485694660776,0.0,0,1,0.0257970734207296,0.0862119413666066,,-1,,,0
ct_w6_i4,6,evaluation,width3,256,101,protected_ray_star,48,1,15.0,0.0087781659233066,0.2992285408703476,15,3840,265,,0.9796380866380772,47,0.5363699989258209,0.0087781659233066,0.9939624764514128,0.9939624764514128,0.0,0,1,0.004289981558961,0.0143368060629611,,-1,,,0
ct_w6_i4,6,evaluation,width3,64,0,sampled_adam,48,1,32.0,0.0960627048799445,0.5181870062446876,32,2048,96,,0.3043903528515908,26,0.4595420294380128,0.0960627048799445,0.92183804465066,0.92183804465066,0.0,0,1,0.0213092952874851,0.0411227897085148,,-1,,,0
ct_w6_i4,6,evaluation,width3,64,0,sampled_star_fisher,48,1,3.0,0.0359214781652816,0.5181870062446876,3,192,265,,0.2730496234577594,26,0.4595420294380128,0.0359214781652816,0.9664149457776048,0.9664149457776048,0.0,0,1,0.0105085659567971,0.0202794856493083,,-1,,,0
ct_w6_i4,6,evaluation,width3,64,0,sampled_full_fisher,48,1,4.0,0.0801697571246737,0.5181870062446876,4,256,1176,,0.3572059905531016,26,0.4595420294380128,0.0801697571246737,0.9350487457571875,0.9350487457571875,0.0,0,1,0.0207767634019956,0.0400951068853796,,-1,,,0
ct_w6_i4,6,evaluation,width3,64,0,protected_ray_star,48,1,12.0,0.0357153410317572,0.5181870062446876,12,768,265,,0.9791211485860906,26,0.4595420294380128,0.0357153410317572,0.9802317577603528,0.9802317577603528,0.0,0,1,0.0253304937532988,0.0488829195793029,,-1,,,0
ct_w6_i4,6,evaluation,width3,64,19,sampled_adam,48,0,,1.0152399036846909,0.2902013446905189,199,12736,96,,0.163902509907231,33,0.5703022510570138,1.0152399036846909,7.319184090715707e-17,0.9889705371737482,1.0,10,1,0.0029854366492309,0.0102874666291249,8237412.47201979,48,3.7175017478495403e-09,0.0306225952624911,1
ct_w6_i4,6,evaluation,width3,64,19,sampled_star_fisher,48,0,,1.000309001594438,0.2902013446905189,199,12736,265,,0.3362891492782754,33,0.5703022510570138,1.000309001594438,3.1154544810549254e-20,0.8616751471455711,1.0,10,1,7.843150961219426e-05,0.0002702658380023,,-1,,,0
ct_w6_i4,6,evaluation,width3,64,19,sampled_full_fisher,48,0,,1.0007001586904425,0.2902013446905189,199,12736,1176,,0.3955186466571118,33,0.5703022510570138,1.0007001586904425,6.9248759283946726e-15,0.6347984951741649,1.0,10,1,0.0002112445612909,0.0007279241297667,,-1,,,0
ct_w6_i4,6,evaluation,width3,64,19,protected_ray_star,48,1,13.0,0.0181726771400789,0.2902013446905189,13,832,265,,0.9792601418286851,33,0.5703022510570138,0.0181726771400789,0.98815471212623,0.98815471212623,0.0,0,1,0.0116571481933829,0.0401691735984701,,-1,,,0
ct_w6_i4,6,evaluation,width3,64,42,sampled_adam,48,0,,1.0166884568638146,0.3514676423248785,199,12736,96,,0.0936586247537385,40,0.3662163316929122,1.0166884568638146,4.647965849784327e-08,0.9855835947812566,1.0,5,1,0.0035283182654507,0.0100388139349377,1761782.845370644,48,2.7996476751841698e-08,0.0493237124722127,1
ct_w6_i4,6,evaluation,width3,64,42,sampled_star_fisher,48,0,,1.0002557374759269,0.3514676423248785,199,12736,265,,0.3607046005044247,40,0.3662163316929122,1.0002557374759269,2.3410955135176983e-12,0.9998226808415722,1.0,5,1,8.319420604334961e-05,0.0002367051643589,21089669101.70959,48,5.781674863460672e-14,0.0012193360972405,1
ct_w6_i4,6,evaluation,width3,64,42,sampled_full_fisher,48,1,9.0,0.0466721864434873,0.3514676423248785,9,576,1176,,0.4257601804715491,40,0.3662163316929122,0.0466721864434873,0.9588017379226028,0.9588017379226028,0.0,0,1,0.0306322290560317,0.0871551897449406,,-1,,,0
ct_w6_i4,6,evaluation,width3,64,42,protected_ray_star,48,1,16.0,0.0984495805859921,0.3514676423248785,16,1024,265,,0.979721597867844,40,0.3662163316929122,0.0984495805859921,0.9487595912052664,0.9487595912052664,0.0,0,1,0.0669291765700315,0.1904277051716916,,-1,,,0
ct_w6_i4,6,evaluation,width3,64,50,sampled_adam,48,1,53.0,0.0990499011526004,0.2404508355779824,53,3392,96,,0.2575612848770572,41,0.9054599876565664,0.0990499011526004,0.918225833662164,0.918225833662164,0.0,0,1,0.0210605319855812,0.0875876847545865,,-1,,,0
ct_w6_i4,6,evaluation,width3,64,50,sampled_star_fisher,48,1,3.0,0.0683991992904715,0.2404508355779824,3,192,265,,0.5889312758582238,41,0.9054599876565664,0.0683991992904715,0.9355310865340458,0.9355310865340458,0.0,0,1,0.0171748792333584,0.0714278209600497,,-1,,,0
ct_w6_i4,6,evaluation,width3,64,50,sampled_full_fisher,48,1,5.0,0.0572255619895347,0.2404508355779824,5,320,1176,,0.6312326731896991,41,0.9054599876565664,0.0572255619895347,0.9527764210213304,0.9527764210213304,0.0,0,1,0.013068940370127,0.0543518193177105,,-1,,,0
ct_w6_i4,6,evaluation,width3,64,50,protected_ray_star,48,1,13.0,0.0554941912502222,0.2404508355779824,13,832,265,,0.9787311437219224,41,0.9054599876565664,0.0554941912502222,0.970078306010223,0.970078306010223,0.0,0,1,0.0397592590464761,0.1653529668587137,,-1,,,0
ct_w6_i4,6,evaluation,width3,64,101,sampled_adam,48,0,,1.014459990776828,0.2992285408703557,199,12736,96,,0.2809757241001804,35,0.4852100336584283,1.014459990776828,7.519241918550921e-07,0.9792337243550844,1.0,4,1,0.0028595753979406,0.0095564928052085,120376376.42934696,48,1.3017183674212348e-09,0.1566961402016935,1
ct_w6_i4,6,evaluation,width3,64,101,sampled_star_fisher,48,0,,1.0005083235876917,0.2992285408703557,199,12736,265,,0.5244797981126847,35,0.4852100336584283,1.0005083235876917,7.946934781546966e-09,0.9860312557636584,1.0,4,1,0.0001402109277833,0.000468574713413,248439161281.488,48,8.681872024443776e-13,0.2156917004106026,1
ct_w6_i4,6,evaluation,width3,64,101,sampled_full_fisher,48,1,5.0,0.0800894873344599,0.2992285408703557,5,320,1176,,0.5050362214985282,35,0.4852100336584283,0.0800894873344599,0.9510855773831874,0.9510855773831874,0.0,0,1,0.0448545635368628,0.1499006859653025,,-1,,,0
ct_w6_i4,6,evaluation,width3,64,101,protected_ray_star,48,1,17.0,0.0134525009985679,0.2992285408703557,17,1088,265,,0.9800310275770212,35,0.4852100336584283,0.0134525009985679,0.9906230954449706,0.9906230954449706,0.0,0,1,0.0062970723203897,0.0210443572731186,,-1,,,0
ct_w6_i5,6,evaluation,chain,256,0,sampled_adam,31,0,,1.0527544190355709,0.3357496209298036,199,50944,62,,-0.5719336071244905,25,2.0032325164398745,1.0527544190355709,7.6631719802472355e-19,0.9805263617166184,1.0,7,1,0.0133641840868992,0.0398040183929004,4739.817081824652,31,9.327840281756975e-06,0.0442122567040037,1
ct_w6_i5,6,evaluation,chain,256,0,sampled_diagonal_fisher,31,0,,3.0000547332666745,0.3357496209298036,199,50944,31,,-0.6580692569690517,25,2.0032325164398745,3.0000547332666745,3.454037557358149e-42,0.7014393599052141,3.0,8,1,1.4421893057390388e-05,4.295430927800101e-05,,-1,,,0
ct_w6_i5,6,evaluation,chain,256,0,sampled_two_block_fisher,31,0,,3.0000494902081023,0.3357496209298036,199,50944,256,,-0.7595897502575916,25,2.0032325164398745,3.0000494902081023,1.944145616577695e-39,0.7621323749601292,3.0,9,1,1.2811951078622214e-05,3.815924212555062e-05,,-1,,,0
ct_w6_i5,6,evaluation,chain,256,0,sampled_star_fisher,31,0,,3.0001092047012925,0.3357496209298036,199,50944,90,,-0.1617143936351989,25,2.0032325164398745,3.0001092047012925,1.6122448556474538e-35,0.8472961292164077,3.0,9,1,4.932451851911266e-05,0.0001469086350195,,-1,,,0
ct_w6_i5,6,evaluation,chain,256,0,sampled_full_fisher,31,0,,1.000126925720128,0.3357496209298036,199,50944,496,,-0.7325710478118067,25,2.0032325164398745,1.000126925720128,5.3464137642446854e-39,0.9999207559063642,1.0,10,1,2.997684646171656e-05,8.928333672782887e-05,279756.1384723313,31,9.004830250241957e-10,0.0002519156538406,1
ct_w6_i5,6,evaluation,chain,256,0,protected_ray_star,31,0,,2.8684298935280097,0.3357496209298036,199,50944,90,,-0.9796509790527076,25,2.0032325164398745,3.3009997781982463,9.936696947943457e-11,0.1247174087452296,1.0,7,1,0.3167850268703591,0.9435156650157188,,-1,,,0
ct_w6_i5,6,evaluation,chain,256,19,sampled_adam,31,0,,2.055950807027992,0.3833283283754101,199,50944,62,,-0.6055767564787696,27,2.187230907973081,2.055950807027992,1.540566700835545e-20,0.9383719718828736,2.0,10,1,0.0145448328561525,0.0379435376399006,6032.279063706065,31,4.447235514457335e-05,0.2682696568523105,1
ct_w6_i5,6,evaluation,chain,256,19,sampled_diagonal_fisher,31,0,,2.000112059842344,0.3833283283754101,199,50944,31,,-0.63777416371293,27,2.187230907973081,2.000112059842344,1.51171247088945e-38,0.999928676344032,2.0,10,1,3.905486311373243e-05,0.000101883581835,328591.6057314184,31,8.949234397891468e-10,0.000294064330087,1
ct_w6_i5,6,evaluation,chain,256,19,sampled_two_block_fisher,31,0,,2.0000665672784024,0.3833283283754101,199,50944,256,,-0.7097699454079195,27,2.187230907973081,2.0000665672784024,2.3166895599543773e-39,0.9904804624012258,2.0,10,1,1.8993594953769813e-05,4.954915550923896e-05,79584321.84499988,31,1.3828573210778872e-09,0.1100537621063769,1
ct_w6_i5,6,evaluation,chain,256,19,sampled_star_fisher,31,0,,2.000110748455468,0.3833283283754101,199,50944,90,,-0.1530342005838522,27,2.187230907973081,2.000110748455468,5.890980906313674e-39,0.6724688132061769,2.0,10,1,2.689248315358801e-05,7.015521985437777e-05,,-1,,,0
ct_w6_i5,6,evaluation,chain,256,19,sampled_full_fisher,31,0,,2.0002105765268574,0.3833283283754101,199,50944,496,,-0.6275447392945928,27,2.187230907973081,2.0002105765268574,4.322392885269666e-34,0.8890439080179798,2.0,10,1,5.069952007002405e-05,0.0001322613444325,,-1,,,0
ct_w6_i5,6,evaluation,chain,256,19,protected_ray_star,31,0,,2.519901589201133,0.3833283283754101,199,50944,90,,-0.980345617785262,27,2.187230907973081,2.7325425386816207,5.8483807916413216e-12,0.3660639368440507,2.0,9,1,0.1577963556509154,0.4116480415618502,,-1,,,0
ct_w6_i5,6,evaluation,chain,256,42,sampled_adam,31,0,,4.02243615691491,0.3464575434556869,199,50944,62,,-0.6055767835140874,28,2.2107173337050523,4.02243615691491,1.2706685734994791e-19,0.8409971575717476,4.0,9,1,0.006044019541896,0.0174451953956923,,-1,,,0
ct_w6_i5,6,evaluation,chain,256,42,sampled_diagonal_fisher,31,0,,3.0001342382549616,0.3464575434556869,199,50944,31,,-0.7072068450408565,28,2.2107173337050523,3.0001342382549616,4.5906020353317516e-35,0.9979245949313352,3.0,9,1,6.22956827171984e-05,0.0001798075518744,214591510.31411543,31,1.1279054856576441e-10,0.0242038941658849,1
ct_w6_i5,6,evaluation,chain,256,42,sampled_two_block_fisher,31,0,,2.0001134215120064,0.3464575434556869,199,50944,256,,-0.7677745439321932,28,2.2107173337050523,2.0001134215120064,8.982785354354861e-43,0.7115236697120773,2.0,12,1,4.026873192441636e-05,0.0001162299181676,,-1,,,0
ct_w6_i5,6,evaluation,chain,256,42,sampled_star_fisher,31,0,,3.000168946772842,0.3464575434556869,199,50944,90,,-0.1771020890181619,28,2.2107173337050523,3.000168946772842,1.137557146529885e-31,0.9982449441315322,3.0,9,1,8.21243471126894e-05,0.0002370401472386,18740571.468644712,31,4.548173344163053e-10,0.0085235367608072,1
ct_w6_i5,6,evaluation,chain,256,42,sampled_full_fisher,31,0,,3.000221326491712,0.3464575434556869,199,50944,496,,-0.6513632118444688,28,2.2107173337050523,3.000221326491712,5.998904092359714e-33,0.7715986095078288,3.0,10,0,6.843775141033778e-05,0.00019753575208,,-1,,,0
ct_w6_i5,6,evaluation,chain,256,42,protected_ray_star,31,0,,3.564826647401814,0.3464575434556869,199,50944,90,,-0.9805053084994796,28,2.2107173337050523,3.858819572822252,3.7421535583188846e-11,0.4308860578762481,3.0,10,0,0.1896284714594866,0.5473353807455509,,-1,,,0
ct_w6_i5,6,evaluation,chain,256,50,sampled_adam,31,0,,2.0306340386822352,0.3305901225719191,199,50944,62,,-0.5129891615033194,24,2.3279970214872923,2.0306340386822352,5.3526108719943976e-21,0.9483096513438536,2.0,10,1,0.0074724716486282,0.0226034328869054,6811.81119355051,31,4.0288017604798686e-05,0.2744343692863277,1
ct_w6_i5,6,evaluation,chain,256,50,sampled_diagonal_fisher,31,0,,2.00003436583704,0.3305901225719191,199,50944,31,,-0.5899132490011305,24,2.3279970214872923,2.00003436583704,7.86863599523344e-35,0.9999799110567612,2.0,9,1,1.2450128525179583e-05,3.766031612898866e-05,242514.6379672132,31,4.6065019494582173e-10,0.0001117144152568,1
ct_w6_i5,6,evaluation,chain,256,50,sampled_two_block_fisher,31,0,,2.0000442713514435,0.3305901225719191,199,50944,256,,-0.6257360957553185,24,2.3279970214872923,2.0000442713514435,1.2327963129805223e-35,0.999972559010162,2.0,9,1,1.3143067515029398e-05,3.975638295778226e-05,765231.7502653218,31,1.3312450781986759e-10,0.0001018711001222,1
ct_w6_i5,6,evaluation,chain,256,50,sampled_star_fisher,31,0,,2.000052019098224,0.3305901225719191,199,50944,90,,-0.0429107968251588,24,2.3279970214872923,2.000052019098224,6.887373882576653e-27,0.9100628983684748,2.0,7,1,2.4313696119125795e-05,7.354634775525213e-05,835171420.8568202,31,7.828198695649223e-10,0.6537887827394868,1
ct_w6_i5,6,evaluation,chain,256,50,sampled_full_fisher,31,0,,2.000088117697075,0.3305901225719191,199,50944,496,,-0.503307673875989,24,2.3279970214872923,2.000088117697075,1.03349958201628e-28,0.8366407698074425,2.0,7,1,2.499236544420138e-05,7.559925036406477e-05,,-1,,,0
ct_w6_i5,6,evaluation,chain,256,50,protected_ray_star,31,0,,2.6100733240778045,0.3305901225719191,199,50944,90,,-0.9811929506415572,24,2.3279970214872923,3.932074363742364,3.446191187858961e-11,0.1872337680580638,2.0,9,1,0.3325384885410732,1.0058936000688594,,-1,,,0
ct_w6_i5,6,evaluation,chain,256,101,sampled_adam,31,0,,2.034325346118383,0.3521443304124145,199,50944,62,,-0.5046475481806635,27,2.142781973570435,2.034325346118383,1.0064249521321516e-19,0.9789136048010416,2.0,9,1,0.008478962322777,0.0240780884157552,2345.9104534715034,31,3.0279367058931236e-05,0.0710326837080474,1
ct_w6_i5,6,evaluation,chain,256,101,sampled_diagonal_fisher,31,0,,3.0000587522400046,0.3521443304124145,199,50944,31,,-0.6795555916305491,27,2.142781973570435,3.0000587522400046,3.660839142044415e-32,0.5668283678161095,3.0,10,1,1.7239465464779254e-05,4.895568088399782e-05,,-1,,,0
ct_w6_i5,6,evaluation,chain,256,101,sampled_two_block_fisher,31,0,,2.0001369872189017,0.3521443304124145,199,50944,256,,-0.6778783236852769,27,2.142781973570435,2.0001369872189017,4.695112452127276e-36,0.9998957332776328,2.0,9,1,4.019065064619119e-05,0.0001141311876273,210594.91853705927,31,2.417914670493464e-09,0.0005092005430621,1
ct_w6_i5,6,evaluation,chain,256,101,sampled_star_fisher,31,0,,1.000093215764542,0.3521443304124145,199,50944,90,,-0.1872042176649651,27,2.142781973570435,1.000093215764542,6.4197641396286e-33,0.9999394440363286,1.0,10,1,2.2057951681289095e-05,6.263895163513177e-05,103960.724105943,31,1.6043825029878727e-09,0.0001667927667535,1
ct_w6_i5,6,evaluation,chain,256,101,sampled_full_fisher,31,0,,2.000192471864173,0.3521443304123887,199,50944,496,,-0.604115550384118,27,2.142781973570435,2.000192471864173,8.570490072956135e-31,0.9998373343346298,2.0,9,1,4.412760426514688e-05,0.0001253111308464,57583.34884284556,31,1.2306572259502946e-08,0.0007086536434786,1
ct_w6_i5,6,evaluation,chain,256,101,protected_ray_star,31,0,,3.1101360017484225,0.3521443304123887,199,50944,90,,-0.9807673149024224,27,2.142781973570435,3.480799290414682,3.452303437160233e-11,0.3224812221833084,2.0,9,1,0.2877736507756877,0.817203702921135,,-1,,,0
ct_w6_i5,6,evaluation,problem_tree,256,0,sampled_adam,31,1,116.0,0.0999984899854418,0.461610983295254,116,29696,62,,0.0312653156556726,27,1.1552214493572022,0.0999984899854418,0.94364251788237,0.94364251788237,0.0,0,1,0.0210549212766522,0.0456118290911314,,-1,,,0
ct_w6_i5,6,evaluation,problem_tree,256,0,sampled_diagonal_fisher,31,1,4.0,0.0495722321231397,0.461610983295254,4,1024,31,,0.0031392238703155,27,1.1552214493572022,0.0495722321231397,0.9537065473066894,0.9537065473066894,0.0,0,1,0.0148719772621048,0.032217555041563,,-1,,,0
ct_w6_i5,6,evaluation,problem_tree,256,0,sampled_two_block_fisher,31,1,5.0,0.0407465128979644,0.461610983295254,5,1280,256,,-0.3742003462244203,27,1.1552214493572022,0.0407465128979644,0.9626305351029264,0.9626305351029264,0.0,0,1,0.0188346767094494,0.0408020549576102,,-1,,,0
ct_w6_i5,6,evaluation,problem_tree,256,0,sampled_star_fisher,31,1,5.0,0.0578105958258419,0.461610983295254,5,1280,101,,0.3143423554362209,27,1.1552214493572022,0.0578105958258419,0.9474500875515002,0.9474500875515002,0.0,0,1,0.019839524676836,0.0429788835075147,,-1,,,0
ct_w6_i5,6,evaluation,problem_tree,256,0,sampled_full_fisher,31,1,7.0,0.044113601251702,0.461610983295254,7,1792,496,,0.1055316135571416,27,1.1552214493572022,0.044113601251702,0.9577894706161728,0.9577894706161728,0.0,0,1,0.0196868004510514,0.0426480330050108,,-1,,,0
ct_w6_i5,6,evaluation,problem_tree,256,0,protected_ray_star,31,0,,1.4097666116625582,0.461610983295254,199,50944,101,,0.8822783045958017,27,1.1552214493572022,1.9854367814208371,0.2146419435026839,0.2146419435026839,0.0,0,1,0.3626142740224924,0.7855408279801661,,-1,,,0
ct_w6_i5,6,evaluation,problem_tree,256,19,sampled_adam,31,1,109.0,0.0999514955156968,0.421443152557883,109,27904,62,,-0.0312652370442666,28,0.9552982784040002,0.0999514955156968,0.937309237306986,0.937309237306986,0.0,0,1,0.020269625274707,0.0480957518272243,,-1,,,0
ct_w6_i5,6,evaluation,problem_tree,256,19,sampled_diagonal_fisher,31,1,3.0,0.0528547707119226,0.421443152557883,3,768,31,,0.0887839867372203,28,0.9552982784040002,0.0528547707119226,0.96348617314845,0.96348617314845,0.0,0,1,0.0135285484345042,0.0321005296975282,,-1,,,0
ct_w6_i5,6,evaluation,problem_tree,256,19,sampled_two_block_fisher,31,1,4.0,0.0135192115699851,0.421443152557883,4,1024,256,,-0.2538538486005007,28,0.9552982784040002,0.0135192115699851,0.9890077127592746,0.9890077127592746,0.0,0,1,0.0030448734227609,0.0072248734005536,,-1,,,0
ct_w6_i5,6,evaluation,problem_tree,256,19,sampled_star_fisher,31,1,4.0,0.0524010710088269,0.421443152557883,4,1024,101,,0.3405341883197611,28,0.9552982784040002,0.0524010710088269,0.9556876893164986,0.9556876893164986,0.0,0,1,0.0153387660819793,0.0363958127896563,,-1,,,0
ct_w6_i5,6,evaluation,problem_tree,256,19,sampled_full_fisher,31,1,5.0,0.0810306860265814,0.421443152557883,5,1280,496,,0.2681145954910902,28,0.9552982784040002,0.0810306860265814,0.9399412972477644,0.9399412972477644,0.0,0,1,0.0189219866466677,0.0448980758895326,,-1,,,0
ct_w6_i5,6,evaluation,problem_tree,256,19,protected_ray_star,31,0,,1.4482998804937353,0.421443152557883,199,50944,101,,0.9512132126410344,28,0.9552982784040002,2.319728392075545,0.1607095825649851,0.1607095825649851,0.0,0,1,0.3810315602563169,0.9041114037414196,,-1,,,0
ct_w6_i5,6,evaluation,problem_tree,256,42,sampled_adam,31,1,111.0,0.0988109616051762,0.3681698650665711,111,28416,62,,0.0312652380304129,26,1.2842983806938677,0.0988109616051762,0.9410242927188994,0.9410242927188994,0.0,0,1,0.0199223825257432,0.0541119315187324,,-1,,,0
ct_w6_i5,6,evaluation,problem_tree,256,42,sampled_diagonal_fisher,31,0,,1.0000698804775627,0.3681698650665711,199,50944,31,,-0.101243731041618,26,1.2842983806938677,1.0000698804775627,2.2777660661021496e-22,0.998245042619022,1.0,5,1,1.851023810034459e-05,5.0276353000802056e-05,459272875619.10223,28,4.4416016104614126e-14,0.0203990714399104,1
ct_w6_i5,6,evaluation,problem_tree,256,42,sampled_two_block_fisher,31,1,6.0,0.0375225951587943,0.3681698650665711,6,1536,256,,-0.4216682946610138,26,1.2842983806938677,0.0375225951587943,0.9645101384799798,0.9645101384799798,0.0,0,1,0.0159587881513477,0.0433462639547159,,-1,,,0
ct_w6_i5,6,evaluation,problem_tree,256,42,sampled_star_fisher,31,1,6.0,0.0352591483116402,0.3681698650665711,6,1536,101,,0.3553784930160743,26,1.2842983806938677,0.0352591483116402,0.9653944915506588,0.9653944915506588,0.0,0,1,0.0149933498895785,0.0407240008273559,,-1,,,0
ct_w6_i5,6,evaluation,problem_tree,256,42,sampled_full_fisher,31,1,7.0,0.0470937635915387,0.3681698650665711,7,1792,496,,-0.1626727155851154,26,1.2842983806938677,0.0470937635915387,0.9557325931632342,0.9557325931632342,0.0,0,1,0.0180745923093035,0.0490930791036777,,-1,,,0
ct_w6_i5,6,evaluation,problem_tree,256,42,protected_ray_star,31,0,,1.8825827435220592,0.3681698650665711,199,50944,101,,0.2831734880851333,26,1.2842983806938677,3.5324476685578965,0.0554875344804828,0.0554875344804828,0.0,0,1,0.4439489709947296,1.205826476087217,,-1,,,0
ct_w6_i5,6,evaluation,problem_tree,256,50,sampled_adam,31,1,93.0,0.0992948178761103,0.3677700196080269,93,23808,62,,0.0312652851859583,28,1.4285037531451112,0.0992948178761103,0.9456288594112876,0.9456288594112876,0.0,0,1,0.0217143881554501,0.0590433885246916,,-1,,,0
ct_w6_i5,6,evaluation,problem_tree,256,50,sampled_diagonal_fisher,31,1,3.0,0.0424746202334631,0.3677700196080269,3,768,31,,-0.0892516585987832,28,1.4285037531451112,0.0424746202334631,0.9661446461169244,0.9661446461169244,0.0,0,1,0.0104260444113197,0.0283493592610728,,-1,,,0
ct_w6_i5,6,evaluation,problem_tree,256,50,sampled_two_block_fisher,31,1,3.0,0.0429804460051101,0.3677700196080269,3,768,256,,-0.301795258486619,28,1.4285037531451112,0.0429804460051101,0.9698703142557548,0.9698703142557548,0.0,0,1,0.0092250834510668,0.0250838376137866,,-1,,,0
ct_w6_i5,6,evaluation,problem_tree,256,50,sampled_star_fisher,31,1,3.0,0.0576285798578304,0.3677700196080269,3,768,101,,0.3506734099581779,28,1.4285037531451112,0.0576285798578304,0.9529728103229256,0.9529728103229256,0.0,0,1,0.0148538156321792,0.0403888703271969,,-1,,,0
ct_w6_i5,6,evaluation,problem_tree,256,50,sampled_full_fisher,31,1,4.0,0.0590810216306962,0.3677700196080269,4,1024,496,,0.0960063191029989,28,1.4285037531451112,0.0590810216306962,0.948129460432404,0.948129460432404,0.0,0,1,0.0179683095844527,0.0488574615288206,,-1,,,0
ct_w6_i5,6,evaluation,problem_tree,256,50,protected_ray_star,31,0,,1.4994688277717838,0.3677700196080269,199,50944,101,,0.8587014591580208,28,1.4285037531451112,2.67129538944889,0.1305276205416765,0.1305276205416765,0.0,0,1,0.4381792051609064,1.1914489539629207,,-1,,,0
ct_w6_i5,6,evaluation,problem_tree,256,101,sampled_adam,31,1,103.0,0.0999144047560243,0.3874580326752531,103,26368,62,,0.0937958174637471,28,1.456605414452001,0.0999144047560243,0.9444285663944753,0.9444285663944753,0.0,0,1,0.0196074275563086,0.0506052937422065,,-1,,,0
ct_w6_i5,6,evaluation,problem_tree,256,101,sampled_diagonal_fisher,31,1,4.0,0.0384339632853709,0.3874580326752531,4,1024,31,,0.0106950497199622,28,1.456605414452001,0.0384339632853709,0.9732947318772244,0.9732947318772244,0.0,0,1,0.0082682517183964,0.0213397349418909,,-1,,,0
ct_w6_i5,6,evaluation,problem_tree,256,101,sampled_two_block_fisher,31,1,4.0,0.0699069617759757,0.3874580326752531,4,1024,256,,-0.2934537980152774,28,1.456605414452001,0.0699069617759757,0.9453272791358122,0.9453272791358122,0.0,0,1,0.0236890480946948,0.0611396489347008,,-1,,,0
ct_w6_i5,6,evaluation,problem_tree,256,101,sampled_star_fisher,31,1,4.0,0.0457220725454323,0.3874580326752531,4,1024,101,,0.45978883125617,28,1.456605414452001,0.0457220725454323,0.9629114069831028,0.9629114069831028,0.0,0,1,0.0108221301640212,0.0279311028585431,,-1,,,0
ct_w6_i5,6,evaluation,problem_tree,256,101,sampled_full_fisher,31,1,6.0,0.0467976388349882,0.3874580326752524,6,1536,496,,0.315377030582592,28,1.456605414452001,0.0467976388349882,0.9573877985714342,0.9573877985714342,0.0,0,1,0.0194824409157822,0.0502827126366778,,-1,,,0
ct_w6_i5,6,evaluation,problem_tree,256,101,protected_ray_star,31,0,,1.5518562979572348,0.3874580326752524,199,50944,101,,0.9101087395209222,28,1.456605414452001,3.013711683189392,0.0935605445341495,0.0935605445341495,0.0,0,1,0.4494110957108667,1.1598961895507796,,-1,,,0
ct_w6_i5,6,evaluation,width2,256,0,sampled_adam,42,0,,1.019866946827566,0.273928386285907,199,50944,84,,0.2193593031635086,39,0.8062566623832179,1.019866946827566,3.802371574692101e-14,0.9849035453740084,1.0,8,1,0.0040038013883186,0.0146162339821902,748800.2362421001,42,5.4724624957589264e-08,0.0409778120965031,1
ct_w6_i5,6,evaluation,width2,256,0,sampled_diagonal_fisher,42,0,,1.0000670407411434,0.273928386285907,199,50944,42,,0.1099647331520866,39,0.8062566623832179,1.0000670407411434,2.0752015261381558e-29,0.8547425176484001,1.0,9,1,2.206038550690399e-05,8.053340439087945e-05,,-1,,,0
ct_w6_i5,6,evaluation,width2,256,0,sampled_two_block_fisher,42,0,,1.0001411308210049,0.273928386285907,199,50944,487,,-0.0982750010985437,39,0.8062566623832179,1.0001411308210049,9.788403071911933e-18,0.8050389672881849,1.0,7,1,4.665853766054474e-05,0.0001703311522152,,-1,,,0
ct_w6_i5,6,evaluation,width2,256,0,sampled_star_fisher,42,0,,1.0001356311378675,0.273928386285907,199,50944,198,,0.4718562996628087,39,0.8062566623832179,1.0001356311378675,1.933892709822482e-26,0.8929486770815718,1.0,9,1,6.066469234292486e-05,0.0002214618687951,,-1,,,0
ct_w6_i5,6,evaluation,width2,256,0,sampled_full_fisher,42,1,9.0,0.0415950390562009,0.273928386285907,9,2304,903,,0.4741856748843128,39,0.8062566623832179,0.0415950390562009,0.9625997839307652,0.9625997839307652,0.0,0,1,0.0320979627273121,0.1171764750726146,,-1,,,0
ct_w6_i5,6,evaluation,width2,256,0,protected_ray_star,42,0,,1.0012834262865145,0.273928386285907,199,50944,198,,0.978536905326953,39,0.8062566623832179,1.0022280699800206,1.2626917081082898e-12,0.5358866218858345,1.0,9,1,0.0010754623218082,0.0039260711034371,,-1,,,0
ct_w6_i5,6,evaluation,width2,256,19,sampled_adam,42,0,,1.0159319689263206,0.3257706664793242,199,50944,84,,0.0129035406597036,38,0.9374024282275526,1.0159319689263206,4.879338751996496e-14,0.9587979207930614,1.0,9,1,0.003455166083201,0.0106061301360918,4161174.786829742,42,8.810678110464738e-08,0.3666277160813858,1
ct_w6_i5,6,evaluation,width2,256,19,sampled_diagonal_fisher,42,0,,1.0000320024003564,0.3257706664793242,199,50944,42,,0.0629004767347821,38,0.9374024282275526,1.0000320024003564,3.36509802462206e-26,0.918709146317552,1.0,9,1,1.2414859769661156e-05,3.810920087996657e-05,727249325905.5254,39,1.6427251197200757e-12,1.1946707359644984,1
ct_w6_i5,6,evaluation,width2,256,19,sampled_two_block_fisher,42,0,,1.0001195618608278,0.3257706664793242,199,50944,487,,-0.1756566533139149,38,0.9374024282275526,1.0001195618608278,1.3361377284515981e-17,0.8641906994481475,1.0,9,1,4.345259006724509e-05,0.0001333839861545,,-1,,,0
ct_w6_i5,6,evaluation,width2,256,19,sampled_star_fisher,42,1,5.0,0.0297094520787126,0.3257706664793242,5,1280,198,,0.5973216319658533,38,0.9374024282275526,0.0297094520787126,0.9741554887665184,0.9741554887665184,0.0,0,1,0.0082070503660745,0.0251927236260095,,-1,,,0
ct_w6_i5,6,evaluation,width2,256,19,sampled_full_fisher,42,1,6.0,0.0676322469138543,0.3257706664793242,6,1536,903,,0.3526485116025104,38,0.9374024282275526,0.0676322469138543,0.9437409569843376,0.9437409569843376,0.0,0,1,0.043078087853512,0.1322343976487093,,-1,,,0
ct_w6_i5,6,evaluation,width2,256,19,protected_ray_star,42,0,,1.00065991725314,0.3257706664793242,199,50944,198,,0.9782733680414752,38,0.9374024282275526,1.002149846307372,1.154227519904041e-13,0.5355863015374278,1.0,9,1,0.0011167884465354,0.0034281430510757,,-1,,,0
ct_w6_i5,6,evaluation,width2,256,42,sampled_adam,42,0,,1.0159305020867393,0.2886847423165257,199,50944,84,,0.0129035356899588,41,0.8076869744579784,1.0159305020867393,3.083705667548273e-13,0.9570551637628,1.0,9,1,0.0034025928967727,0.0117865352684347,2418916.947271144,42,1.7599347938913149e-07,0.4257136099035847,1
ct_w6_i5,6,evaluation,width2,256,42,sampled_diagonal_fisher,42,0,,1.0000402794163072,0.2886847423165257,199,50944,42,,0.1804085227826674,41,0.8076869744579784,1.0000402794163072,3.7112682720752883e-19,0.6097542978167756,1.0,7,1,8.68522653330054e-06,3.008550595229485e-05,,-1,,,0
ct_w6_i5,6,evaluation,width2,256,42,sampled_two_block_fisher,42,1,4.0,0.045492980843024,0.2886847423165257,4,1024,487,,0.0242334629753742,41,0.8076869744579784,0.045492980843024,0.9682118894708516,0.9682118894708516,0.0,0,1,0.0133546520334369,0.0462603320365105,,-1,,,0
ct_w6_i5,6,evaluation,width2,256,42,sampled_star_fisher,42,1,4.0,0.0994686522707599,0.2886847423165257,4,1024,198,,0.6581467435619014,41,0.8076869744579784,0.0994686522707599,0.921130653641126,0.921130653641126,0.0,0,1,0.0266267976353453,0.0922348629223731,,-1,,,0
ct_w6_i5,6,evaluation,width2,256,42,sampled_full_fisher,42,1,6.0,0.0979504459174371,0.2886847423165257,6,1536,903,,0.4975678235629233,41,0.8076869744579784,0.0979504459174371,0.9140873859351332,0.9140873859351332,0.0,0,1,0.0715946498230137,0.2480028880241771,,-1,,,0
ct_w6_i5,6,evaluation,width2,256,42,protected_ray_star,42,0,,1.000904399393601,0.2886847423165257,199,50944,198,,0.9800404904030996,41,0.8076869744579784,1.002654001239396,2.0335723834840837e-12,0.5389542546581862,1.0,9,1,0.001097896251498,0.003803097602901,,-1,,,0
ct_w6_i5,6,evaluation,width2,256,50,sampled_adam,42,0,,1.0206683073691265,0.2512933837135622,199,50944,84,,0.2967796963671198,40,1.6317053299486288,1.0206683073691265,6.816844205764e-14,0.9856355816191203,1.0,8,1,0.0043736819825433,0.0174046841898896,1393499.1528108832,42,2.744790613533665e-08,0.0382486339460242,1
ct_w6_i5,6,evaluation,width2,256,50,sampled_diagonal_fisher,42,0,,1.0000295078605197,0.2512933837135622,199,50944,42,,0.215408637621696,40,1.6317053299486288,1.0000295078605197,2.270085664937026e-27,0.9999743905393982,1.0,8,1,8.387527546750121e-06,3.33774308849718e-05,37443717486.70976,42,4.3241896614318826e-15,0.0001619137360416,1
ct_w6_i5,6,evaluation,width2,256,50,sampled_two_block_fisher,42,0,,1.0000716834937844,0.2512933837135622,199,50944,487,,-0.0102112679930235,40,1.6317053299486288,1.0000716834937844,6.806645766284075e-22,0.9722257315972326,1.0,8,1,2.2292487801113e-05,8.871100174496908e-05,416824123085.98016,41,1.5520114889390305e-12,0.6469158278963777,1
ct_w6_i5,6,evaluation,width2,256,50,sampled_star_fisher,42,0,,1.000063440544018,0.2512933837135622,199,50944,198,,0.677372271291345,40,1.6317053299486288,1.000063440544018,2.3357884953778252e-23,0.9999472524440198,1.0,8,1,1.5091764292237829e-05,6.005635353074093e-05,1617951425.4235637,42,2.2685810073190898e-13,0.000367045387448,1
ct_w6_i5,6,evaluation,width2,256,50,sampled_full_fisher,42,1,7.0,0.0629394936653771,0.2512933837135622,7,1792,903,,0.5598172324936929,40,1.6317053299486288,0.0629394936653771,0.9425249080635526,0.9425249080635526,0.0,0,1,0.0614438774964291,0.2445105262559007,,-1,,,0
ct_w6_i5,6,evaluation,width2,256,50,protected_ray_star,42,0,,1.0016941048753123,0.2512933837135622,199,50944,198,,0.9776930941936112,40,1.6317053299486288,1.006214613022406,4.2573559557629574e-13,0.5260368605321445,1.0,7,1,0.0021396318594649,0.0085144774917904,,-1,,,0
ct_w6_i5,6,evaluation,width2,256,101,sampled_adam,42,0,,1.0173093813559682,0.4328079188645535,199,50944,84,,0.3483943284622125,39,0.6129067623049358,1.0173093813559682,9.330324119281817e-14,0.9877443670281058,1.0,8,1,0.0033460107865267,0.0077309370755157,274248.8789373347,42,1.0008161771781901e-07,0.0274472714613467,1
ct_w6_i5,6,evaluation,width2,256,101,sampled_diagonal_fisher,42,0,,1.0000253918845488,0.4328079188645535,199,50944,42,,0.2985885615772579,39,0.6129067623049358,1.0000253918845488,1.5133685194333774e-28,0.9999820769764486,1.0,8,1,7.146300865062197e-06,1.6511483624907105e-05,8226448582.213004,42,1.1206439026791784e-14,9.218919444360776e-05,1
ct_w6_i5,6,evaluation,width2,256,101,sampled_two_block_fisher,42,0,,1.0000869612872876,0.4328079188645535,199,50944,487,,0.2051371602086674,39,0.6129067623049358,1.0000869612872876,8.5841324745189e-24,0.9511491656563438,1.0,8,1,1.9333434852108545e-05,4.466978077210022e-05,668400376532.6787,41,1.6666858616701368e-12,1.1140134575020115,1
ct_w6_i5,6,evaluation,width2,256,101,sampled_star_fisher,42,0,,1.0000662595374017,0.4328079188645535,199,50944,198,,0.5461224558910296,39,0.6129067623049358,1.0000662595374017,2.1974460277353918e-21,0.9676010520947904,1.0,8,1,1.5316698128192416e-05,3.538913559709094e-05,246667672687.35352,42,3.0464157543113185e-12,0.7514522841540615,1
ct_w6_i5,6,evaluation,width2,256,101,sampled_full_fisher,42,1,11.0,0.0750142566765816,0.4328079188645587,11,2816,903,,0.5989679356866626,39,0.6129067623049358,0.0750142566765816,0.9312299275903058,0.9312299275903058,0.0,0,1,0.0833013378152168,0.1924672220271572,,-1,,,0
ct_w6_i5,6,evaluation,width2,256,101,protected_ray_star,42,0,,1.0013192634146382,0.4328079188645587,199,50944,198,,0.978937982923216,39,0.6129067623049358,1.0067017151384243,3.971615538767567e-13,0.5197398129165416,1.0,7,1,0.0033163481099414,0.0076624016460735,,-1,,,0
ct_w6_i5,6,evaluation,width3,1024,0,sampled_adam,47,0,,1.0131872760754614,0.1818008826262425,199,203776,94,,0.1918404604441308,47,0.816014953249334,1.0131872760754614,8.298380943452592e-09,0.9906626805327696,1.0,5,1,0.0026101364960044,0.0143571167438746,5050960.55488389,47,5.116599305897761e-09,0.0258437412692358,1
ct_w6_i5,6,evaluation,width3,1024,0,sampled_star_fisher,47,0,,1.000015833442232,0.1818008826262425,199,203776,251,,0.7779838720972913,47,0.816014953249334,1.000015833442232,9.248140149242622e-12,0.9572796272775452,1.0,5,1,3.6920739400282745e-06,2.0308338918346552e-05,614093625055.8798,43,1.597941858185287e-12,0.9812859083215316,1
ct_w6_i5,6,evaluation,width3,1024,0,sampled_full_fisher,47,1,7.0,0.0791856564390727,0.1818008826262425,7,7168,1128,,0.8889183054235155,47,0.816014953249334,0.0791856564390727,0.9250399415763392,0.9250399415763392,0.0,0,1,0.0636704861796487,0.3502209959593343,,-1,,,0
ct_w6_i5,6,evaluation,width3,1024,0,protected_ray_star,47,1,15.0,0.0650177478436901,0.1818008826262425,15,15360,251,,0.977399324567642,47,0.816014953249334,0.0650177478436901,0.946925435582926,0.946925435582926,0.0,0,1,0.0402691669344281,0.2215014930219893,,-1,,,0
ct_w6_i5,6,evaluation,width3,1024,19,sampled_adam,47,1,79.0,0.0984137223029488,0.2568828473492545,79,80896,94,,0.4556209307799101,47,0.7208721516288074,0.0984137223029488,0.9183243234590416,0.9183243234590416,0.0,0,1,0.0297938159981173,0.1159821152153849,,-1,,,0
ct_w6_i5,6,evaluation,width3,1024,19,sampled_star_fisher,47,1,3.0,0.0652971089352867,0.2568828473492545,3,3072,251,,0.6648438629767183,47,0.7208721516288074,0.0652971089352867,0.9414825561067078,0.9414825561067078,0.0,0,1,0.0256036580659671,0.0996705631776057,,-1,,,0
ct_w6_i5,6,evaluation,width3,1024,19,sampled_full_fisher,47,1,5.0,0.0414335478252994,0.2568828473492545,5,5120,1128,,0.8170105980515481,47,0.7208721516288074,0.0414335478252994,0.9636441405084916,0.9636441405084916,0.0,0,1,0.0177571683476593,0.0691255509306813,,-1,,,0
ct_w6_i5,6,evaluation,width3,1024,19,protected_ray_star,47,1,7.0,0.0440382003600952,0.2568828473492545,7,7168,251,,0.9778610363069762,47,0.7208721516288074,0.0440382003600952,0.9658920704979064,0.9658920704979064,0.0,0,1,0.0183048826105077,0.0712577067694233,,-1,,,0
ct_w6_i5,6,evaluation,width3,1024,42,sampled_adam,47,1,40.0,0.0983716088914654,0.2119379743125849,40,40960,94,,0.2877604316768444,47,0.6424782384471546,0.0983716088914654,0.931170381918373,0.931170381918373,0.0,0,1,0.0192185724537405,0.0906801743107879,,-1,,,0
ct_w6_i5,6,evaluation,width3,1024,42,sampled_star_fisher,47,1,3.0,0.0257723275164742,0.2119379743125849,3,3072,251,,0.8106538114437445,47,0.6424782384471546,0.0257723275164742,0.9753206887082984,0.9753206887082984,0.0,0,1,0.0071145773497971,0.0335691485816693,,-1,,,0
ct_w6_i5,6,evaluation,width3,1024,42,sampled_full_fisher,47,1,5.0,0.0582138235458717,0.2119379743125849,5,5120,1128,,0.9263379352659796,47,0.6424782384471546,0.0582138235458717,0.950460199345636,0.950460199345636,0.0,0,1,0.0349767198735347,0.1650328120148395,,-1,,,0
ct_w6_i5,6,evaluation,width3,1024,42,protected_ray_star,47,1,6.0,0.075992232015885,0.2119379743125849,6,6144,251,,0.979284335330886,47,0.6424782384471546,0.075992232015885,0.9425538281037106,0.9425538281037106,0.0,0,1,0.0304652041991491,0.1437458496900437,,-1,,,0
ct_w6_i5,6,evaluation,width3,1024,50,sampled_adam,47,0,,2.0074060557615407,0.2343697927404116,199,203776,94,,0.2158205713824351,46,0.9608347702300986,2.0074060557615407,1.0498136116292513e-13,0.9932566498846146,2.0,7,1,0.0015833100884394,0.0067556064709804,4138987.771298661,47,4.5228989989933496e-09,0.0187202236476524,1
ct_w6_i5,6,evaluation,width3,1024,50,sampled_star_fisher,47,1,22.0,0.060754616660068,0.2343697927404116,22,22528,251,,0.7076284063648065,46,0.9608347702300986,0.060754616660068,0.9394309837061516,0.9394309837061516,0.0,0,1,0.0403636080112652,0.1722218872121122,,-1,,,0
ct_w6_i5,6,evaluation,width3,1024,50,sampled_full_fisher,47,1,6.0,0.091808179840628,0.2343697927404116,6,6144,1128,,0.7926801806913125,46,0.9608347702300986,0.091808179840628,0.9385812152674116,0.9385812152674116,0.0,0,1,0.0552110689275642,0.2355724612886275,,-1,,,0
ct_w6_i5,6,evaluation,width3,1024,50,protected_ray_star,47,1,29.0,0.058810139845427,0.2343697927404116,29,29696,251,,0.9801289767703948,46,0.9608347702300986,0.058810139845427,0.9557552212682467,0.9557552212682467,0.0,0,1,0.0303012096369839,0.1292880335929027,,-1,,,0
ct_w6_i5,6,evaluation,width3,1024,101,sampled_adam,47,0,,1.0118946698791298,0.3013688284443635,199,203776,94,,0.2877609668270914,47,0.5738618260930752,1.0118946698791298,2.9421082558578835e-14,0.9922582626974674,1.0,8,1,0.0023388590135786,0.0077607860960656,2549203.9873204688,47,6.80476796666062e-09,0.0173467416334018,1
ct_w6_i5,6,evaluation,width3,1024,101,sampled_star_fisher,47,0,,1.0000172413884627,0.3013688284443635,199,203776,251,,0.7762294345950187,47,0.5738618260930752,1.0000172413884627,1.264223502706408e-22,0.8768257558805824,1.0,8,1,3.984818035460028e-06,1.3222396145046816e-05,,-1,,,0
ct_w6_i5,6,evaluation,width3,1024,101,sampled_full_fisher,47,1,8.0,0.0696752897530519,0.3013688284443635,8,8192,1128,,0.8470693319062935,47,0.5738618260930752,0.0696752897530519,0.9319227592293392,0.9319227592293392,0.0,0,1,0.0867140324828619,0.2877339137244927,,-1,,,0
ct_w6_i5,6,evaluation,width3,1024,101,protected_ray_star,47,0,,1.000121776231202,0.3013688284443635,199,203776,251,,0.9786295562640612,47,0.5738618260930752,1.0007168038318284,1.6053147661910974e-09,0.5051422967690112,1.0,7,1,0.000332124018871,0.0011020516640205,,-1,,,0
ct_w6_i5,6,evaluation,width3,256,0,sampled_adam,47,0,,1.015034298675662,0.1818008826262425,199,50944,94,,0.0719402420349499,46,0.8308194824069453,1.015034298675662,1.6682385960045453e-08,0.9892911551317748,1.0,5,1,0.003040152467379,0.0167224296354442,5917751.861914611,47,5.645846659738321e-09,0.0334107195827508,1
ct_w6_i5,6,evaluation,width3,256,0,sampled_diagonal_fisher,47,0,,1.0000070028931225,0.1818008826262425,199,50944,47,,0.2413920706186086,46,0.8308194824069453,1.0000070028931225,9.34431296364984e-17,0.9999954285539814,1.0,5,1,1.888621414946312e-06,1.0388406192884422e-05,61056359608.48879,47,3.727525397009836e-16,2.2758913108960752e-05,1
ct_w6_i5,6,evaluation,width3,256,0,sampled_two_block_fisher,47,1,7.0,0.0348961526398596,0.1818008826262425,7,1792,632,,0.1262405170351714,46,0.8308194824069453,0.0348961526398596,0.97420235234029,0.97420235234029,0.0,0,1,0.0160161186557676,0.0880970346480359,,-1,,,0
ct_w6_i5,6,evaluation,width3,256,0,sampled_star_fisher,47,0,,1.0001002880710796,0.1818008826262425,199,50944,251,,0.7770917502850688,46,0.8308194824069453,1.0001002880710796,3.975177223317803e-13,0.9624156764067812,1.0,5,1,3.445689416867416e-05,0.0001895309509553,142666997459.59216,46,6.077068905470965e-12,0.8669971740985927,1
ct_w6_i5,6,evaluation,width3,256,0,sampled_full_fisher,47,1,7.0,0.0795768644723668,0.1818008826262425,7,1792,1128,,0.7240870759474505,46,0.8308194824069453,0.0795768644723668,0.9261660472232544,0.9261660472232544,0.0,0,1,0.058356569437567,0.3209916728376952,,-1,,,0
ct_w6_i5,6,evaluation,width3,256,0,protected_ray_star,47,1,18.0,0.0734840789564597,0.1818008826262425,18,4608,251,,0.97785196314231,46,0.8308194824069453,0.0734840789564597,0.94051194902182,0.94051194902182,0.0,0,1,0.0451216973737626,0.248192950011836,,-1,,,0
ct_w6_i5,6,evaluation,width3,256,19,sampled_adam,47,1,65.0,0.0962432791145833,0.2568828473492545,65,16640,94,,0.1678604118044443,46,0.7053225474625414,0.0962432791145833,0.9267618689833826,0.9267618689833826,0.0,0,1,0.0237573797231209,0.0924833244736684,,-1,,,0
ct_w6_i5,6,evaluation,width3,256,19,sampled_diagonal_fisher,47,1,6.0,0.0097330750410176,0.2568828473492545,6,1536,47,,0.1882210037736765,46,0.7053225474625414,0.0097330750410176,0.991068862236292,0.991068862236292,0.0,0,1,0.0039444550391093,0.0153550736447052,,-1,,,0
ct_w6_i5,6,evaluation,width3,256,19,sampled_two_block_fisher,47,1,4.0,0.051167361357038,0.2568828473492545,4,1024,632,,0.2626563750034919,46,0.7053225474625414,0.051167361357038,0.9554656330628508,0.9554656330628508,0.0,0,1,0.0203685327292206,0.0792911357819382,,-1,,,0
ct_w6_i5,6,evaluation,width3,256,19,sampled_star_fisher,47,1,4.0,0.0134743655828017,0.2568828473492545,4,1024,251,,0.6357091896448002,46,0.7053225474625414,0.0134743655828017,0.9880162690924617,0.9880162690924617,0.0,0,1,0.0047550659178577,0.0185106400327026,,-1,,,0
ct_w6_i5,6,evaluation,width3,256,19,sampled_full_fisher,47,1,5.0,0.0867641375036836,0.2568828473492545,5,1280,1128,,0.7962946208058348,46,0.7053225474625414,0.0867641375036836,0.9380087572572824,0.9380087572572824,0.0,0,1,0.0287970703297933,0.1121019586435884,,-1,,,0
ct_w6_i5,6,evaluation,width3,256,19,protected_ray_star,47,1,9.0,0.0673240275469879,0.2568828473492545,9,2304,251,,0.9772531702530752,46,0.7053225474625414,0.0673240275469879,0.9526366073238512,0.9526366073238512,0.0,0,1,0.028263124727601,0.1100234017928602,,-1,,,0
ct_w6_i5,6,evaluation,width3,256,42,sampled_adam,47,1,42.0,0.098204250058675,0.2119379743125849,42,10752,94,,0.3597001811064227,46,0.4885367553545739,0.098204250058675,0.9318506601304714,0.9318506601304714,0.0,0,1,0.0191263623640211,0.0902450937641399,,-1,,,0
ct_w6_i5,6,evaluation,width3,256,42,sampled_diagonal_fisher,47,1,3.0,0.0158758166292347,0.2119379743125849,3,768,47,,0.2992016002709216,46,0.4885367553545739,0.0158758166292347,0.9853725570249764,0.9853725570249764,0.0,0,1,0.0049270119114453,0.0232474238155101,,-1,,,0
ct_w6_i5,6,evaluation,width3,256,42,sampled_two_block_fisher,47,1,4.0,0.0151665975914347,0.2119379743125849,4,1024,632,,0.3683800889579754,46,0.4885367553545739,0.0151665975914347,0.9898080958231348,0.9898080958231348,0.0,0,1,0.0035616903059736,0.0168053427778852,,-1,,,0
ct_w6_i5,6,evaluation,width3,256,42,sampled_star_fisher,47,1,3.0,0.0211650322030774,0.2119379743125849,3,768,251,,0.7759546926840498,46,0.4885367553545739,0.0211650322030774,0.9813459166853576,0.9813459166853576,0.0,0,1,0.0053971712037045,0.0254658053669245,,-1,,,0
ct_w6_i5,6,evaluation,width3,256,42,sampled_full_fisher,47,1,5.0,0.0655041184705513,0.2119379743125849,5,1280,1128,,0.8497815234511119,46,0.4885367553545739,0.0655041184705513,0.9476284308972688,0.9476284308972688,0.0,0,1,0.03369241921109,0.1589730170837507,,-1,,,0
ct_w6_i5,6,evaluation,width3,256,42,protected_ray_star,47,1,6.0,0.0959654100524591,0.2119379743125849,6,1536,251,,0.9798773547406004,46,0.4885367553545739,0.0959654100524591,0.927171133098002,0.927171133098002,0.0,0,1,0.0422397491222947,0.1993024103363175,,-1,,,0
ct_w6_i5,6,evaluation,width3,256,50,sampled_adam,47,0,,2.0085421736979665,0.2343697927404116,199,50944,94,,0.2398010047442308,45,1.1380661406165995,2.0085421736979665,9.050678042528687e-13,0.9888372256882751,2.0,7,1,0.0017637402289456,0.0075254588414434,2845747.8669422064,47,2.6148273478677325e-08,0.0744113934761674,1
ct_w6_i5,6,evaluation,width3,256,50,sampled_diagonal_fisher,47,0,,2.000033606073096,0.2343697927404116,199,50944,47,,0.224929176520944,45,1.1380661406165995,2.000033606073096,3.9924118007550353e-22,0.9845562623791504,2.0,7,1,1.3846749815177215e-05,5.9080778513611165e-05,860679922531.0227,46,2.1977903088953358e-13,0.189159399279947,1
ct_w6_i5,6,evaluation,width3,256,50,sampled_two_block_fisher,47,0,,1.0000602995932208,0.2343697927404116,199,50944,632,,0.2352019457212399,45,1.1380661406165995,1.0000602995932208,1.7501778514287978e-25,0.769971044168001,1.0,8,1,1.772267576447814e-05,7.56184299915638e-05,,-1,,,0
ct_w6_i5,6,evaluation,width3,256,50,sampled_star_fisher,47,0,,2.000034340069451,0.2343697927404116,199,50944,251,,0.6530047132527527,45,1.1380661406165995,2.000034340069451,1.314529892338911e-12,0.6142912230937442,2.0,5,1,8.100823545328961e-06,3.4564281730203365e-05,,-1,,,0
ct_w6_i5,6,evaluation,width3,256,50,sampled_full_fisher,47,0,,1.0001242503422318,0.2343697927404116,199,50944,1128,,0.637862940490944,45,1.1380661406165995,1.0001242503422318,1.1114532377690669e-17,0.7892849855061977,1.0,8,1,3.1426459754003945e-05,0.0001340892074296,,-1,,,0
ct_w6_i5,6,evaluation,width3,256,50,protected_ray_star,47,1,37.0,0.091416632553626,0.2343697927404116,37,9472,251,,0.980174847317392,45,1.1380661406165995,0.091416632553626,0.9232026921592568,0.9232026921592568,0.0,0,1,0.057427459076881,0.2450292693670116,,-1,,,0
ct_w6_i5,6,evaluation,width3,256,101,sampled_adam,47,0,,1.0132095974150346,0.3013688284443635,199,50944,94,,0.1918404648307902,46,0.557414813344849,1.0132095974150346,5.699320529158272e-14,0.9910682947605224,1.0,8,1,0.0025660584939995,0.0085146778691256,1671377.9628334478,47,1.3729768602776412e-08,0.022947632677483,1
ct_w6_i5,6,evaluation,width3,256,101,sampled_diagonal_fisher,47,0,,1.000049173192231,0.3013688284443635,199,50944,47,,0.2664394432701733,46,0.557414813344849,1.000049173192231,2.028686024406162e-29,0.9999499861729904,1.0,8,1,1.4643886037885772e-05,4.85912432067911e-05,510479371011.298,45,6.301566319304463e-16,0.0003216819611064,1
ct_w6_i5,6,evaluation,width3,256,101,sampled_two_block_fisher,47,0,,1.0000925376180785,0.3013688284443635,199,50944,632,,0.1815612229415676,46,0.557414813344849,1.0000925376180785,4.57654967667437e-21,0.6972317427239769,1.0,8,1,2.034042045560277e-05,6.749344502747028e-05,,-1,,,0
ct_w6_i5,6,evaluation,width3,256,101,sampled_star_fisher,47,0,,1.0001205796810415,0.3013688284443635,199,50944,251,,0.7733228081600929,46,0.557414813344849,1.0001205796810415,2.2179874630034407e-22,0.9495835118774169,1.0,8,1,3.348576597075319e-05,0.000111112241248,314941467341.2943,45,4.249473590605422e-12,1.3383354480533505,1
ct_w6_i5,6,evaluation,width3,256,101,sampled_full_fisher,47,1,9.0,0.0459901830781781,0.3013688284443496,9,2304,1128,,0.727429690651005,46,0.557414813344849,0.0459901830781781,0.957616967228992,0.957616967228992,0.0,0,1,0.0477064943001208,0.1582993654200381,,-1,,,0
ct_w6_i5,6,evaluation,width3,256,101,protected_ray_star,47,0,,1.0004781476173612,0.3013688284443496,199,50944,251,,0.9788201153295972,46,0.557414813344849,1.005706874599694,4.153496328410447e-08,0.5132464167847474,1.0,7,1,0.0027417132091904,0.0090975341522313,,-1,,,0
ct_w6_i5,6,evaluation,width3,64,0,sampled_adam,47,0,,1.0188973677789477,0.1818008826262425,199,12736,94,,0.095920384940615,42,0.8626105243947355,1.0188973677789477,6.862237257010793e-08,0.9863499929642984,1.0,5,1,0.0037884398791964,0.0208384020169196,3171547.087329337,47,1.2790773512633514e-08,0.040566540478682,1
ct_w6_i5,6,evaluation,width3,64,0,sampled_star_fisher,47,1,4.0,0.0363880583675388,0.1818008826262425,4,256,251,,0.5594538251371641,42,0.8626105243947355,0.0363880583675388,0.968809077268986,0.968809077268986,0.0,0,1,0.0091638066451419,0.0504057324297016,,-1,,,0
ct_w6_i5,6,evaluation,width3,64,0,sampled_full_fisher,47,1,10.0,0.050628920979209,0.1818008826262425,10,640,1128,,0.5467851680743114,42,0.8626105243947355,0.050628920979209,0.958430418455708,0.958430418455708,0.0,0,1,0.0246459466117547,0.135565604829452,,-1,,,0
ct_w6_i5,6,evaluation,width3,64,0,protected_ray_star,47,1,14.0,0.0656351916719746,0.1818008826262425,14,896,251,,0.9773891050166084,42,0.8626105243947355,0.0656351916719746,0.9626604730050616,0.9626604730050616,0.0,0,1,0.0338650415007838,0.1862754515356544,,-1,,,0
ct_w6_i5,6,evaluation,width3,64,19,sampled_adam,47,0,,0.9673861697700588,0.2568828473492545,199,12736,94,,0.0959202912971544,37,0.5905197867908213,0.9673861697700588,0.0538840865311046,0.8761995768514453,1.0,2,1,0.0344692564205839,0.1341827871197643,,-1,,,0
ct_w6_i5,6,evaluation,width3,64,19,sampled_star_fisher,47,0,,2.000096976372383,0.2568828473492545,199,12736,251,,0.5293899982858501,37,0.5905197867908213,2.000096976372383,2.857077888127401e-10,0.4171934305768369,2.0,4,1,3.8293830467707854e-05,0.0001490711850279,,-1,,,0
ct_w6_i5,6,evaluation,width3,64,19,sampled_full_fisher,47,1,6.0,0.0574467166750558,0.2568828473492545,6,384,1128,,0.4470225506942683,37,0.5905197867908213,0.0574467166750558,0.961191703965632,0.961191703965632,0.0,0,1,0.0138104288687932,0.0537615843615153,,-1,,,0
ct_w6_i5,6,evaluation,width3,64,19,protected_ray_star,47,1,10.0,0.0477087464420549,0.2568828473492545,10,640,251,,0.977858530868052,37,0.5905197867908213,0.0477087464420549,0.968177179762414,0.968177179762414,0.0,0,1,0.0195559964923428,0.0761280743114576,,-1,,,0
ct_w6_i5,6,evaluation,width3,64,42,sampled_adam,47,1,53.0,0.0979753477552094,0.2119379743125849,53,3392,94,,0.2158204893509572,42,0.5528739255222891,0.0979753477552094,0.9298272713863152,0.9298272713863152,0.0,0,1,0.0192166866253174,0.0906712762903688,,-1,,,0
ct_w6_i5,6,evaluation,width3,64,42,sampled_star_fisher,47,1,3.0,0.0725524361282197,0.2119379743125849,3,192,251,,0.5208055022917766,42,0.5528739255222891,0.0725524361282197,0.9316619789050546,0.9316619789050546,0.0,0,1,0.0209856955709352,0.099018100172948,,-1,,,0
ct_w6_i5,6,evaluation,width3,64,42,sampled_full_fisher,47,1,7.0,0.0454396682055477,0.2119379743125849,7,448,1128,,0.5801334267936659,42,0.5528739255222891,0.0454396682055477,0.9658488580818568,0.9658488580818568,0.0,0,1,0.0184744325967344,0.0871690533829806,,-1,,,0
ct_w6_i5,6,evaluation,width3,64,42,protected_ray_star,47,1,23.0,0.0488779929877836,0.2119379743125849,23,1472,251,,0.9803680164622388,42,0.5528739255222891,0.0488779929877836,0.9662880815328329,0.9662880815328329,0.0,0,1,0.0307455413711104,0.1450685818378362,,-1,,,0
ct_w6_i5,6,evaluation,width3,64,50,sampled_adam,47,0,,2.0126568053837985,0.2343697927404116,199,12736,94,,0.2158205561231078,38,1.0481970624725117,2.0126568053837985,1.3280173437579985e-12,0.9826076715288782,2.0,7,1,0.0026857588494565,0.0114594923605675,3472301.780033966,47,3.568073295432299e-08,0.1238942725502123,1
ct_w6_i5,6,evaluation,width3,64,50,sampled_star_fisher,47,1,6.0,0.0035691714951635,0.2343697927404116,6,384,251,,0.5756008904739347,38,1.0481970624725117,0.0035691714951635,0.9971965905002256,0.9971965905002256,0.0,0,1,0.000964682974978,0.0041160721426525,,-1,,,0
ct_w6_i5,6,evaluation,width3,64,50,sampled_full_fisher,47,1,11.0,0.0859950415774175,0.2343697927404116,11,704,1128,,0.4512656978531639,38,1.0481970624725117,0.0859950415774175,0.93531387165128,0.93531387165128,0.0,0,1,0.0597510387529525,0.2549434295875016,,-1,,,0
ct_w6_i5,6,evaluation,width3,64,50,protected_ray_star,47,0,,1.0014296309709805,0.2343697927404116,199,12736,251,,0.9793425798127812,38,1.0481970624725117,1.013892164498147,5.512038199532272e-07,0.5490959475189927,1.0,7,1,0.0067970566107949,0.0290014192158432,,-1,,,0
ct_w6_i5,6,evaluation,width3,64,101,sampled_adam,47,0,,1.015810218034657,0.3013688284443635,199,12736,94,,0.1438804372021545,42,0.8696847524306789,1.015810218034657,2.620363296901096e-13,0.989172440310723,1.0,8,1,0.0031494646547542,0.0104505322299306,2687574.233609292,47,9.733297333512424e-09,0.026158959121606,1
ct_w6_i5,6,evaluation,width3,64,101,sampled_star_fisher,47,0,,1.0004946809493909,0.3013688284443635,199,12736,251,,0.6761062023688178,42,0.8696847524306789,1.0004946809493909,6.226727631464061e-20,0.9996451259845716,1.0,10,1,0.0001158704852059,0.0003844806571537,564421262.0393709,47,4.014974480444512e-12,0.0022661369633083,1
ct_w6_i5,6,evaluation,width3,64,101,sampled_full_fisher,47,1,8.0,0.0649995211982616,0.3013688284443635,8,512,1128,,0.5197585291124721,42,0.8696847524306789,0.0649995211982616,0.9442790372987228,0.9442790372987228,0.0,0,1,0.0574620896974938,0.1906703158190167,,-1,,,0
ct_w6_i5,6,evaluation,width3,64,101,protected_ray_star,47,0,,1.0015426447927958,0.3013688284443635,199,12736,251,,0.979285727967635,42,0.8696847524306789,1.0030471113710302,2.6247218924108706e-07,0.568688310186258,1.0,7,1,0.0013827513559111,0.0045882361591568,,-1,,,0
