instance_id,instance_width,split,graph,sample_budget,seed,method,parameter_dimension,success,first_success_step,minimum_gap,initial_gradient_rms,sample_batches,total_samples,stored_metric_entries,max_bag_feature_block,first_direction_cosine_exact_ng,first_direction_cosine_projected_target,first_sample_rank,final_gap,final_pstar,final_dominant_probability,final_dominant_gap,final_dominant_hamming,final_dominant_local_min,final_gradient_rms,final_gradient_ratio,final_fisher_condition,final_fisher_rank,final_trap_candidate
ct_w3_i1,3,calibration,chain,256,0,sampled_bag_fisher,31,0,,1.0000703182191142,0.35710147571548195,199,50944,91,3,0.8585931894276466,-0.6464266961133103,25,1.0000703182191142,4.375264706876778e-38,0.9999406646194897,1.0,9,1,1.5490765595046058e-05,4.3379169923644375e-05,1399227.474387073,31,1
ct_w3_i1,3,calibration,chain,256,19,sampled_bag_fisher,31,0,,2.0001505410817693,0.3738585704099483,199,50944,91,3,0.8497025395004941,-0.7842901200742874,24,2.0001505410817693,2.4255663479313674e-31,0.9998676067798955,2.0,9,1,4.3019752485874605e-05,0.00011506959018941849,325677.340257742,31,1
ct_w3_i1,3,calibration,chain,256,42,sampled_bag_fisher,31,0,,1.0000753443826866,0.37836201166146627,199,50944,91,3,0.7928409284931512,-0.6559835845370212,28,1.0000753443826866,1.5039999148929864e-38,0.9999297058689924,1.0,9,1,1.848479989207344e-05,4.885479863822174e-05,2261198.774882522,31,1
ct_w3_i1,3,calibration,chain,256,50,sampled_bag_fisher,31,0,,3.0001179770959805,0.3562232892067621,199,50944,91,3,0.638474026134888,-0.36949925438917464,25,3.0001179770959805,1.5889384957592037e-34,0.5601827960986339,3.0,9,0,4.1266051711094826e-05,0.00011584321677278892,,-1,0
ct_w3_i1,3,calibration,chain,256,101,sampled_bag_fisher,31,0,,1.0002860930563884,0.35050307786236257,199,50944,91,3,0.7188479215660809,-0.5964720928864218,23,1.0002860930563884,9.091873044432894e-39,0.8832678712113805,1.0,9,1,9.130576341873035e-05,0.0002604991772842143,,-1,0
ct_w3_i1,3,calibration,problem_tree,256,0,sampled_bag_fisher,31,1,4.0,0.05391810017994558,0.5207616003950425,4,1024,91,3,0.3374609761983145,0.0861428125992514,25,0.05391810017994558,0.951331750246744,0.951331750246744,0.0,0,1,0.017278697702767663,0.03317966933364573,,-1,0
ct_w3_i1,3,calibration,problem_tree,256,19,sampled_bag_fisher,31,1,5.0,0.0772114027206996,0.3882653006843401,5,1280,91,3,0.5828859307776405,0.34060467396282035,26,0.0772114027206996,0.9242384235764789,0.9242384235764789,0.0,0,1,0.032616004394346296,0.0840044277375771,,-1,0
ct_w3_i1,3,calibration,problem_tree,256,42,sampled_bag_fisher,31,1,6.0,0.0841849087781057,0.45951311758829305,6,1536,91,3,0.46158321376788436,0.3195606819717461,25,0.0841849087781057,0.919357157913199,0.919357157913199,0.0,0,1,0.03466119598077659,0.07543026445619722,,-1,0
ct_w3_i1,3,calibration,problem_tree,256,50,sampled_bag_fisher,31,1,4.0,0.04880796598298964,0.4679813502560596,4,1024,91,3,0.48691136039816735,0.2939300947728132,25,0.04880796598298964,0.9543747574852454,0.9543747574852454,0.0,0,1,0.016177133340518537,0.034567901758621566,,-1,0
ct_w3_i1,3,calibration,problem_tree,256,101,sampled_bag_fisher,31,1,6.0,0.04782248500061037,0.37861039352133397,6,1536,91,3,0.4796787628515484,0.3353786499074421,26,0.04782248500061037,0.9550988951050042,0.9550988951050042,0.0,0,1,0.017458799421534377,0.04611283715472171,,-1,0
ct_w3_i1,3,calibration,width2,256,0,sampled_bag_fisher,45,1,6.0,0.05385271506068001,0.24141381573396153,6,1536,301,6,0.6498184813717391,0.6054336781388538,44,0.05385271506068001,0.9543017552321066,0.9543017552321066,0.0,0,1,0.016532687672531684,0.06848277354080984,,-1,0
ct_w3_i1,3,calibration,width2,256,19,sampled_bag_fisher,45,1,5.0,0.056647667106000554,0.18917958627582424,5,1280,301,6,0.6747939961616285,0.6397101118980504,43,0.056647667106000554,0.9458505367617762,0.9458505367617762,0.0,0,1,0.022402326337174587,0.1184183070604243,,-1,0
ct_w3_i1,3,calibration,width2,256,42,sampled_bag_fisher,45,1,5.0,0.09199675649569272,0.25330075998906426,5,1280,301,6,0.6359233229549784,0.6177699182544162,43,0.09199675649569272,0.9142271921189169,0.9142271921189169,0.0,0,1,0.03858500084684636,0.1523288001524835,,-1,0
ct_w3_i1,3,calibration,width2,256,50,sampled_bag_fisher,45,1,6.0,0.029241190304253095,0.27749816898844515,6,1536,301,6,0.6700442198995491,0.6127337391518524,43,0.029241190304253095,0.9750074183077708,0.9750074183077708,0.0,0,1,0.007600026246978524,0.027387662681460735,,-1,0
ct_w3_i1,3,calibration,width2,256,101,sampled_bag_fisher,45,1,5.0,0.08973454520572233,0.18377909215031618,5,1280,301,6,0.6142019974888953,0.5720588803705173,43,0.08973454520572233,0.9154580765430098,0.9154580765430098,0.0,0,1,0.028356038308796024,0.15429414726678004,,-1,0
ct_w3_i1,3,calibration,width3,256,0,sampled_bag_fisher,49,1,8.0,0.024602042838244742,0.23023362686247503,8,2048,452,10,0.5706462807207039,0.5706462807207391,49,0.024602042838244742,0.9765948049820626,0.9765948049820626,0.0,0,1,0.007655973547579522,0.03325306408065512,,-1,0
ct_w3_i1,3,calibration,width3,256,19,sampled_bag_fisher,49,0,,1.0001247595138025,0.17665423789305154,199,50944,452,10,0.665531085702546,0.6655310857027827,48,1.0001247595138025,4.2312045735964166e-20,0.679051411725865,1.0,10,1,2.6819959308996445e-05,0.0001518217713250307,,-1,0
ct_w3_i1,3,calibration,width3,256,42,sampled_bag_fisher,49,1,5.0,0.07181638110063915,0.2592131428726767,5,1280,452,10,0.6457969428300299,0.6457969428300346,48,0.07181638110063915,0.9313532677793808,0.9313532677793808,0.0,0,1,0.029269669816627153,0.11291738332498119,,-1,0
ct_w3_i1,3,calibration,width3,256,50,sampled_bag_fisher,49,0,,1.0001490004231854,0.30856116073520456,199,50944,452,10,0.5884645609996975,0.5884645609994414,47,1.0001490004231854,3.6601948099554255e-22,0.4956060944204253,1.0,10,1,3.321946739062138e-05,0.00010765926376304067,,-1,0
ct_w3_i1,3,calibration,width3,256,101,sampled_bag_fisher,49,0,,1.0001704785974024,0.21459174296328412,199,50944,452,10,0.6179457765480545,0.6179457765481327,46,1.0001704785974024,1.1440660025769364e-19,0.8064417486615179,1.0,9,1,4.1728478796028904e-05,0.0001944551930088405,,-1,0
ct_w3_i2,3,evaluation,chain,256,0,sampled_bag_fisher,31,0,,2.0000464267014166,0.26538493611462355,199,50944,91,3,0.856896161510663,-0.4602974744196522,26,2.0000464267014166,6.214123006823258e-30,0.9623730604346793,2.0,10,1,1.2299937478965803e-05,4.6347534487237376e-05,328731799.2645581,31,1
ct_w3_i2,3,evaluation,chain,256,19,sampled_bag_fisher,31,0,,2.000132712088506,0.31214969900825407,199,50944,91,3,0.7478268174398531,-0.5031701651220285,29,2.000132712088506,3.419895467760056e-33,0.9999066346757903,2.0,9,1,3.8377914377268084e-05,0.00012294714522935763,225431.23352465304,31,1
ct_w3_i2,3,evaluation,chain,256,42,sampled_bag_fisher,31,0,,2.000182356235186,0.3304266680034132,199,50944,91,3,0.710664650215443,-0.6325448692002973,29,2.000182356235186,1.453902717872471e-28,0.6539895649618385,2.0,10,1,4.362072047784626e-05,0.00013201331702862335,,-1,0
ct_w3_i2,3,evaluation,chain,256,50,sampled_bag_fisher,31,0,,2.0000694383422406,0.3038780323074787,199,50944,91,3,0.6870954106592086,-0.46870578106064925,27,2.0000694383422406,4.3204904977045163e-29,0.9996250227935494,2.0,9,1,1.622028843484212e-05,5.337762756877943e-05,277413.93212484417,31,1
ct_w3_i2,3,evaluation,chain,256,101,sampled_bag_fisher,31,0,,2.000184010242293,0.40284462141034044,199,50944,91,3,0.8088078148124271,-0.6512822084523108,28,2.000184010242293,2.04433068969422e-31,0.46396405334198787,2.0,9,1,6.239601080613472e-05,0.00015488852895116027,,-1,0
ct_w3_i2,3,evaluation,problem_tree,256,0,sampled_bag_fisher,31,1,3.0,0.038823638534907445,0.42601785741671216,3,768,91,3,0.5582182670121253,0.30463661051404695,28,0.038823638534907445,0.9663698683843202,0.9663698683843202,0.0,0,1,0.009953896077103902,0.023364973800540555,,-1,0
ct_w3_i2,3,evaluation,problem_tree,256,19,sampled_bag_fisher,31,1,3.0,0.095863085480552,0.3906103686267413,3,768,91,3,0.5419701272580707,0.28112005528665657,29,0.095863085480552,0.9126134378218088,0.9126134378218088,0.0,0,1,0.03570102774657265,0.09139805446559399,,-1,0
ct_w3_i2,3,evaluation,problem_tree,256,42,sampled_bag_fisher,31,1,3.0,0.04206690966941551,0.38945692670544413,3,768,91,3,0.5803905715065091,0.479595174384955,30,0.04206690966941551,0.9635264288533492,0.9635264288533492,0.0,0,1,0.009799739681167959,0.02516257642165328,,-1,0
ct_w3_i2,3,evaluation,problem_tree,256,50,sampled_bag_fisher,31,1,4.0,0.06340992622683395,0.30629269245838314,4,1024,91,3,0.6356322080516635,0.4636942884632651,28,0.06340992622683395,0.9479278931115205,0.9479278931115205,0.0,0,1,0.02256848298467638,0.07368273400039677,,-1,0
ct_w3_i2,3,evaluation,problem_tree,256,101,sampled_bag_fisher,31,1,3.0,0.09787489453161058,0.3328283381032349,3,768,91,3,0.6141101261246537,0.34159615167930113,29,0.09787489453161058,0.9144416738187013,0.9144416738187013,0.0,0,1,0.022773990662173102,0.06842563584567486,,-1,0
ct_w3_i2,3,evaluation,width2,256,0,sampled_bag_fisher,43,1,6.0,0.05594572831404143,0.20004721696150124,6,1536,275,6,0.6980126711332537,0.5973782572818744,41,0.05594572831404143,0.9479137550502544,0.9479137550502544,0.0,0,1,0.030306412736592254,0.1514962977086788,,-1,0
ct_w3_i2,3,evaluation,width2,256,19,sampled_bag_fisher,43,0,,1.0001803115099275,0.22709867669111714,199,50944,275,6,0.6682643257915458,0.5927052407756094,42,1.0001803115099275,5.587527368989954e-25,0.8589197568153181,1.0,9,1,3.7155843825787706e-05,0.0001636110098357127,,-1,0
ct_w3_i2,3,evaluation,width2,256,42,sampled_bag_fisher,43,0,,1.0001617862884107,0.1944911971881277,199,50944,275,6,0.7577548234717966,0.7136659265415113,43,1.0001617862884107,2.2729360249264845e-18,0.8359174966997437,1.0,6,1,3.522043292299475e-05,0.00018109011324006957,,-1,0
ct_w3_i2,3,evaluation,width2,256,50,sampled_bag_fisher,43,0,,1.000110767926632,0.14800681132032667,199,50944,275,6,0.6621676658338792,0.5929099546261032,42,1.000110767926632,5.799880884029215e-16,0.6241152689011282,1.0,5,1,2.9521641953303274e-05,0.0001994613740404857,,-1,0
ct_w3_i2,3,evaluation,width2,256,101,sampled_bag_fisher,43,0,,1.0001251515949736,0.17658815953572538,199,50944,275,6,0.7140342900894986,0.6469607835108239,42,1.0001251515949736,2.2290008276561954e-13,0.7739426025911368,1.0,5,1,2.956499527152234e-05,0.0001674234294601223,,-1,0
ct_w3_i2,3,evaluation,width3,256,0,sampled_bag_fisher,47,1,4.0,0.04012977719302491,0.22875574077599573,4,1024,431,10,0.6044175173946249,0.6044175173946434,46,0.04012977719302491,0.9623825783785886,0.9623825783785886,0.0,0,1,0.010354471179172126,0.0452643118115734,,-1,0
ct_w3_i2,3,evaluation,width3,256,19,sampled_bag_fisher,47,1,11.0,0.02400125129673114,0.13710398574463376,11,2816,431,10,0.7393623479836865,0.7393623479836119,46,0.02400125129673114,0.9765825570672111,0.9765825570672111,0.0,0,1,0.009790586035901216,0.07140993008136833,,-1,0
ct_w3_i2,3,evaluation,width3,256,42,sampled_bag_fisher,47,1,5.0,0.0314969141088568,0.19806991025464926,5,1280,431,10,0.8137240037300293,0.8137240037300362,47,0.0314969141088568,0.9699503455148915,0.9699503455148915,0.0,0,1,0.008110167105028697,0.04094598263109138,,-1,0
ct_w3_i2,3,evaluation,width3,256,50,sampled_bag_fisher,47,1,6.0,0.027744711346906925,0.14138622169014195,6,1536,431,10,0.668549413591948,0.6685494135917179,44,0.027744711346906925,0.9739546792315138,0.9739546792315138,0.0,0,1,0.007494561527273194,0.05300772195255393,,-1,0
ct_w3_i2,3,evaluation,width3,256,101,sampled_bag_fisher,47,1,9.0,0.01712434067718327,0.16106355482014745,9,2304,431,10,0.6162649178348084,0.6162649178348245,44,0.01712434067718327,0.9835586904354063,0.9835586904354063,0.0,0,1,0.009765929054694556,0.06063400913757142,,-1,0
ct_w3_i3,3,evaluation,chain,256,0,sampled_bag_fisher,31,0,,2.000095857028409,0.31781734207875495,199,50944,91,3,0.9335053617741932,-0.7466078927814477,26,2.000095857028409,1.6400391392996863e-34,0.9585496630826762,2.0,9,1,2.3768809740907816e-05,7.478764244091476e-05,309773748.67462003,31,1
ct_w3_i3,3,evaluation,chain,256,19,sampled_bag_fisher,31,0,,2.0003156970040195,0.3789042944744363,199,50944,91,3,0.8779333296955479,-0.7689416886946627,27,2.0003156970040195,1.524952162125932e-35,0.5536801502539621,2.0,10,1,7.195832649688548e-05,0.00018991161500741535,,-1,0
ct_w3_i3,3,evaluation,chain,256,42,sampled_bag_fisher,31,0,,2.0000854356302327,0.2737777591263104,199,50944,91,3,0.8590045368651243,-0.7232611688553376,25,2.0000854356302327,2.3485119968004165e-39,0.99968771684414,2.0,11,1,2.6959136774017226e-05,9.847087966550026e-05,4901434.596925361,31,1
ct_w3_i3,3,evaluation,chain,256,50,sampled_bag_fisher,31,0,,2.000123826968961,0.3428305651023379,199,50944,91,3,0.6927139836833979,-0.6799534528088271,29,2.000123826968961,1.2669529621494612e-33,0.8106869307049824,2.0,9,1,2.8297274050970807e-05,8.25401143638515e-05,,-1,0
ct_w3_i3,3,evaluation,chain,256,101,sampled_bag_fisher,31,0,,2.0000430222999928,0.3164354799454868,199,50944,91,3,0.9043290837468873,-0.8155879572216029,25,2.0000430222999928,6.696580568456259e-32,0.49230828506933655,2.0,8,1,1.055760055414894e-05,3.336414916547198e-05,,-1,0
ct_w3_i3,3,evaluation,problem_tree,256,0,sampled_bag_fisher,31,0,,1.0000666469441164,0.26014187099576186,199,50944,91,3,0.4701440301491678,0.3244210780013388,27,1.0000666469441164,3.1154045210186414e-17,0.8123961368090785,1.0,6,1,1.4418812261516626e-05,5.5426726217985616e-05,,-1,0
ct_w3_i3,3,evaluation,problem_tree,256,19,sampled_bag_fisher,31,0,,1.0002766021070872,0.2941024762063305,199,50944,91,3,0.5076218738366473,0.44316078934246844,28,1.0002766021070872,8.905532030612208e-17,0.35296298416453104,1.0,6,1,8.399985081521457e-05,0.00028561422501007313,,-1,0
ct_w3_i3,3,evaluation,problem_tree,256,42,sampled_bag_fisher,31,0,,1.0001015359572794,0.2960172111850922,199,50944,91,3,0.5064169055245702,0.34882835640761234,26,1.0001015359572794,5.644305409902436e-17,0.7841476211402199,1.0,6,1,2.4925092614357826e-05,8.420149799591479e-05,,-1,0
ct_w3_i3,3,evaluation,problem_tree,256,50,sampled_bag_fisher,31,0,,1.0001698741329257,0.3693572472832622,199,50944,91,3,0.48572227383511274,0.2645044723984181,28,1.0001698741329257,7.338823554118705e-15,0.5742725007041785,1.0,6,1,3.4717053776586835e-05,9.399315711805196e-05,,-1,0
ct_w3_i3,3,evaluation,problem_tree,256,101,sampled_bag_fisher,31,0,,1.0001065538701877,0.27359860976421674,199,50944,91,3,0.5996075000297888,0.5094938400740848,26,1.0001065538701877,2.5960725619992517e-16,0.4385154456373036,1.0,5,1,2.014932598124504e-05,7.364557151298916e-05,,-1,0
ct_w3_i3,3,evaluation,width2,256,0,sampled_bag_fisher,42,1,7.0,0.04111582394136626,0.22374957660664213,7,1792,259,6,0.5835258825070344,0.4966493763933877,41,0.04111582394136626,0.9617013905648156,0.9617013905648156,0.0,0,1,0.02044065049153262,0.09135503539954332,,-1,0
ct_w3_i3,3,evaluation,width2,256,19,sampled_bag_fisher,42,1,5.0,0.04471883123755305,0.1593278521942175,5,1280,259,6,0.7739126364642072,0.7559004485136989,42,0.04471883123755305,0.9606320096345163,0.9606320096345163,0.0,0,1,0.013914024700525286,0.08732951903201686,,-1,0
ct_w3_i3,3,evaluation,width2,256,42,sampled_bag_fisher,42,0,,1.0001473139813157,0.19426094677965577,199,50944,259,6,0.643393238263305,0.6005715566899262,40,1.0001473139813157,6.111379482893455e-28,0.7183927924418636,1.0,9,1,6.703757827355135e-05,0.000345090350813486,,-1,0
ct_w3_i3,3,evaluation,width2,256,50,sampled_bag_fisher,42,0,,1.0000954095577104,0.26334498600714573,199,50944,259,6,0.6368513799428526,0.6013326875727824,41,1.0000954095577104,6.593735299096267e-26,0.8136549248311409,1.0,11,1,2.8616871195526264e-05,0.0001086668541877982,,-1,0
ct_w3_i3,3,evaluation,width2,256,101,sampled_bag_fisher,42,0,,1.0001454954661106,0.20311661695101849,199,50944,259,6,0.6525569690808615,0.6047512452828057,39,1.0001454954661106,5.909314521529772e-16,0.7944659730652153,1.0,11,1,3.775094465068609e-05,0.00018585847488681694,,-1,0
ct_w3_i3,3,evaluation,width3,256,0,sampled_bag_fisher,47,1,7.0,0.02282698332406241,0.25826842483566576,7,1792,425,10,0.6955341433409568,0.6955341433409504,47,0.02282698332406241,0.9782730133911921,0.9782730133911921,0.0,0,1,0.012432675097986966,0.04813857948720516,,-1,0
ct_w3_i3,3,evaluation,width3,256,19,sampled_bag_fisher,47,1,8.0,0.04881322174217573,0.1823748607149769,8,2048,425,10,0.7560000156223796,0.7560000156224341,46,0.04881322174217573,0.9526512011110163,0.9526512011110163,0.0,0,1,0.030006544516816863,0.1645322408975673,,-1,0
ct_w3_i3,3,evaluation,width3,256,42,sampled_bag_fisher,47,1,6.0,0.04892891921080711,0.16729880977912573,6,1536,425,10,0.6883693412116869,0.6883693412117762,47,0.04892891921080711,0.9543929923160452,0.9543929923160452,0.0,0,1,0.013711587492783974,0.08195866731440908,,-1,0
ct_w3_i3,3,evaluation,width3,256,50,sampled_bag_fisher,47,0,,1.000150079404932,0.2208103966119831,199,50944,425,10,0.6380922143575031,0.6380922143576415,45,1.000150079404932,5.220930132645196e-29,0.4829770542634306,1.0,9,1,2.9055007567278715e-05,0.0001315835124300571,,-1,0
ct_w3_i3,3,evaluation,width3,256,101,sampled_bag_fisher,47,1,6.0,0.04709913876924432,0.17031286065976392,6,1536,425,10,0.5892787049219738,0.58927870492207,45,0.04709913876924432,0.9549609469784144,0.9549609469784144,0.0,0,1,0.023129844004515836,0.13580797078338439,,-1,0
ct_w3_i4,3,evaluation,chain,256,0,sampled_bag_fisher,31,0,,2.0001032147519986,0.28922025089425946,199,50944,91,3,0.4912147083837333,-0.3494627364067364,29,2.0001032147519986,2.7652563951642927e-27,0.5168567000546735,2.0,6,1,2.4020907946465797e-05,8.305403190887894e-05,,-1,0
ct_w3_i4,3,evaluation,chain,256,19,sampled_bag_fisher,31,0,,1.0000486441516543,0.31633511884675863,199,50944,91,3,0.857640462427032,-0.7219087785722084,28,1.0000486441516543,1.4218572898806874e-30,0.9461464781287813,1.0,10,1,1.1776929664421009e-05,3.722928300643747e-05,608795433.4643285,31,1
ct_w3_i4,3,evaluation,chain,256,42,sampled_bag_fisher,31,0,,2.000123722282474,0.30752051364751637,199,50944,91,3,0.8930236566018311,-0.8630816232064762,26,2.000123722282474,4.751017452179598e-30,0.9985047967665357,2.0,10,1,3.047062400626642e-05,9.90848501287046e-05,28079298.29552995,31,1
ct_w3_i4,3,evaluation,chain,256,50,sampled_bag_fisher,31,0,,2.0000963785553836,0.31878614764859814,199,50944,91,3,0.7106434502610767,-0.6319406424614703,24,2.0000963785553836,1.205875370943897e-32,0.5897267321194544,2.0,8,1,2.294625800378622e-05,7.198009754514226e-05,,-1,0
ct_w3_i4,3,evaluation,chain,256,101,sampled_bag_fisher,31,0,,1.0002439808310495,0.3715828326881299,199,50944,91,3,0.8702410722001328,-0.7503419582850694,27,1.0002439808310495,5.633432110215104e-26,0.8019264872458928,1.0,9,1,6.710712307510835e-05,0.00018059801791605232,,-1,0
ct_w3_i4,3,evaluation,problem_tree,256,0,sampled_bag_fisher,31,1,4.0,0.044508116974885326,0.34181567890583037,4,1024,91,3,0.5836408958957419,0.36100402562669714,29,0.044508116974885326,0.9625578352445263,0.9625578352445263,0.0,0,1,0.012151341945694205,0.03554939897605422,,-1,0
ct_w3_i4,3,evaluation,problem_tree,256,19,sampled_bag_fisher,31,1,7.0,0.0420682761430875,0.3574199741901258,7,1792,91,3,0.3807062564342767,0.16255342895151914,29,0.0420682761430875,0.970546202566613,0.970546202566613,0.0,0,1,0.012341447352445247,0.034529260376143234,,-1,0
ct_w3_i4,3,evaluation,problem_tree,256,42,sampled_bag_fisher,31,1,7.0,0.08786384495456545,0.3351706402027204,7,1792,91,3,0.26655313645289985,0.07388010729010744,28,0.08786384495456545,0.9154749751431438,0.9154749751431438,0.0,0,1,0.03581635114036389,0.1068600493130937,,-1,0
ct_w3_i4,3,evaluation,problem_tree,256,50,sampled_bag_fisher,31,1,3.0,0.07323279749603806,0.3715714802806538,3,768,91,3,0.5112778107713639,0.3278038157225965,27,0.07323279749603806,0.937963723302235,0.937963723302235,0.0,0,1,0.016355919869045006,0.04401823266062057,,-1,0
ct_w3_i4,3,evaluation,problem_tree,256,101,sampled_bag_fisher,31,1,4.0,0.07767329266035361,0.2674613794182149,4,1024,91,3,0.5356700633562905,0.36203537245833406,28,0.07767329266035361,0.9326914720568019,0.9326914720568019,0.0,0,1,0.020193069344122686,0.07549900994321829,,-1,0
ct_w3_i4,3,evaluation,width2,256,0,sampled_bag_fisher,43,0,,1.0002368559746522,0.24945985279995456,199,50944,274,6,0.6195530862723408,0.5926268916107476,42,1.0002368559746522,1.59489498928122e-18,0.667841890799538,1.0,9,1,5.149088540176235e-05,0.00020640950767758862,,-1,0
ct_w3_i4,3,evaluation,width2,256,19,sampled_bag_fisher,43,0,,1.0002266796813934,0.2564877917419865,199,50944,274,6,0.6461354375760606,0.6234016973063399,41,1.0002266796813934,1.15194903719984e-12,0.5321244798775847,1.0,7,1,6.042055447902605e-05,0.00023556892929939532,,-1,0
ct_w3_i4,3,evaluation,width2,256,42,sampled_bag_fisher,43,0,,1.0001200342789325,0.3081280653110313,199,50944,274,6,0.7179168157177853,0.6657663097120353,43,1.0001200342789325,2.4489443317598014e-23,0.48120941859408156,1.0,8,1,3.672268272319806e-05,0.00011917993476553125,,-1,0
ct_w3_i4,3,evaluation,width2,256,50,sampled_bag_fisher,43,0,,1.0003215055898398,0.24344680861613546,199,50944,274,6,0.6434714762263242,0.6285435357586991,41,1.0003215055898398,5.828646708548135e-23,0.7682384516940981,1.0,9,1,7.809395499334363e-05,0.00032078446802102635,,-1,0
ct_w3_i4,3,evaluation,width2,256,101,sampled_bag_fisher,43,0,,1.000175983130422,0.2894385305531326,199,50944,274,6,0.6223967831850581,0.5840319519506911,41,1.000175983130422,2.72547620875698e-19,0.678464091309837,1.0,9,1,3.9644534150557277e-05,0.00013697047892965197,,-1,0
ct_w3_i4,3,evaluation,width3,256,0,sampled_bag_fisher,46,0,,1.0002519595179304,0.17889831202208228,199,50944,381,10,0.5636031055290875,0.5636031055291634,43,1.0002519595179304,2.726750689276048e-16,0.9265930441478349,1.0,9,1,7.001344055346485e-05,0.0003913588661743368,726997669177.1813,46,1
ct_w3_i4,3,evaluation,width3,256,19,sampled_bag_fisher,46,0,,1.0002238677639763,0.22545831310199252,199,50944,381,10,0.6207721212922451,0.6207721212923404,42,1.0002238677639763,1.828967155305232e-17,0.9810568533535929,1.0,8,1,7.187283451547104e-05,0.0003187854709218786,887702125890.7462,46,1
ct_w3_i4,3,evaluation,width3,256,42,sampled_bag_fisher,46,0,,1.0001474468616625,0.21354137253850985,199,50944,381,10,0.638742832445657,0.6387428324456321,46,1.0001474468616625,3.576288672018345e-15,0.9805537089486561,1.0,8,1,3.000749949405517e-05,0.00014052311801378745,719492586124.3202,44,1
ct_w3_i4,3,evaluation,width3,256,50,sampled_bag_fisher,46,1,4.0,0.06288233711436142,0.20113613984870357,4,1024,381,10,0.5879439322531153,0.5879439322530328,44,0.06288233711436142,0.9396922448627012,0.9396922448627012,0.0,0,1,0.015002735071242482,0.0745899522707738,,-1,0
ct_w3_i4,3,evaluation,width3,256,101,sampled_bag_fisher,46,1,5.0,0.0839529391785856,0.17293933297266043,5,1280,381,10,0.6720770275740288,0.6720770275740421,44,0.0839529391785856,0.9198514601510688,0.9198514601510688,0.0,0,1,0.03824613949554952,0.22115350416897794,,-1,0
ct_w3_i5,3,evaluation,chain,256,0,sampled_bag_fisher,31,0,,1.000092116420186,0.29101358603843613,199,50944,91,3,0.7717869710620898,-0.5139564468862439,25,1.000092116420186,9.697139263407718e-20,0.9999376800185537,1.0,3,1,2.211888309301571e-05,7.60063589955361e-05,309230.45181984134,31,1
ct_w3_i5,3,evaluation,chain,256,19,sampled_bag_fisher,31,0,,1.0000797739139013,0.34201730883584025,199,50944,91,3,0.7087431613456329,-0.4451607509302706,26,1.0000797739139013,7.381799003850893e-24,0.9999322171161651,1.0,6,1,1.8815418847289766e-05,5.5013060337015566e-05,55597.81433225179,31,1
ct_w3_i5,3,evaluation,chain,256,42,sampled_bag_fisher,31,0,,1.0001059160058663,0.346093038183594,199,50944,91,3,0.890748417353285,-0.7386374565581726,27,1.0001059160058663,1.8904711964135142e-33,0.9989378388637957,1.0,8,1,2.6450496099384e-05,7.642596984384486e-05,4393081.965403827,31,1
ct_w3_i5,3,evaluation,chain,256,50,sampled_bag_fisher,31,0,,1.0001504595658393,0.25767372165948643,199,50944,91,3,0.8671979531256818,-0.7922750067144856,27,1.0001504595658393,5.907523757354912e-29,0.9998925783563753,1.0,8,1,3.717902627657923e-05,0.0001442872250889091,10448437.636790141,31,1
ct_w3_i5,3,evaluation,chain,256,101,sampled_bag_fisher,31,0,,2.0001127053358303,0.35263892008005965,199,50944,91,3,0.8852700211927739,-0.7596744283490404,26,2.0001127053358303,2.087335709628838e-34,0.9998996024938994,2.0,10,1,2.9596518938224924e-05,8.392867960095166e-05,400509.5087475115,31,1
ct_w3_i5,3,evaluation,problem_tree,256,0,sampled_bag_fisher,31,1,4.0,0.04725175611706689,0.3772475281891726,4,1024,91,3,0.5429912659486732,0.3072011179133792,28,0.04725175611706689,0.9570317458683338,0.9570317458683338,0.0,0,1,0.014278047341308215,0.03784795465683852,,-1,0
ct_w3_i5,3,evaluation,problem_tree,256,19,sampled_bag_fisher,31,1,4.0,0.04035399471841927,0.34654456130844424,4,1024,91,3,0.6299411998933208,0.46287863590217665,30,0.04035399471841927,0.9618059495053339,0.9618059495053339,0.0,0,1,0.010621411798387003,0.0306494834554144,,-1,0
ct_w3_i5,3,evaluation,problem_tree,256,42,sampled_bag_fisher,31,1,4.0,0.09368251179510345,0.3598818802016043,4,1024,91,3,0.45739286184535927,0.2152780521982648,29,0.09368251179510345,0.9132516494743259,0.9132516494743259,0.0,0,1,0.03275989421030223,0.09102957390338819,,-1,0
ct_w3_i5,3,evaluation,problem_tree,256,50,sampled_bag_fisher,31,1,3.0,0.09487913841129725,0.4340120635040076,3,768,91,3,0.48714663747277165,0.12082026093118818,26,0.09487913841129725,0.9108358278432439,0.9108358278432439,0.0,0,1,0.030622626978130913,0.07055708712540924,,-1,0
ct_w3_i5,3,evaluation,problem_tree,256,101,sampled_bag_fisher,31,1,4.0,0.05915503419445223,0.3431778840329977,4,1024,91,3,0.5577631348889502,0.3068905774903344,30,0.05915503419445223,0.9453332376702162,0.9453332376702162,0.0,0,1,0.015086988202640076,0.04396258880478851,,-1,0
ct_w3_i5,3,evaluation,width2,256,0,sampled_bag_fisher,41,0,,1.0003067792738918,0.32092684154956036,199,50944,244,6,0.7162244853930385,0.6650197135606835,40,1.0003067792738918,1.0414093345868319e-11,0.49401991079843954,1.0,5,1,6.411568799159923e-05,0.00019978287787342312,,-1,0
ct_w3_i5,3,evaluation,width2,256,19,sampled_bag_fisher,41,0,,1.000274055267285,0.2747188268333042,199,50944,244,6,0.6183934569202104,0.5964433126970382,39,1.000274055267285,1.090444910753466e-19,0.593927847088844,1.0,8,1,5.630169747810488e-05,0.00020494298889922103,,-1,0
ct_w3_i5,3,evaluation,width2,256,42,sampled_bag_fisher,41,1,6.0,0.04446009037167187,0.1898498021627784,6,1536,244,6,0.7983269799700599,0.7702857036785472,41,0.04446009037167187,0.9582352224929322,0.9582352224929322,0.0,0,1,0.01510445052991317,0.07956000142134739,,-1,0
ct_w3_i5,3,evaluation,width2,256,50,sampled_bag_fisher,41,0,,1.0002039461764713,0.2957425485072305,199,50944,244,6,0.654624135900048,0.5710549053072842,40,1.0002039461764713,2.7317731465076503e-12,0.5436975544259688,1.0,6,1,5.7749272219839984e-05,0.00019526873123712227,,-1,0
ct_w3_i5,3,evaluation,width2,256,101,sampled_bag_fisher,41,0,,1.000125177161932,0.3149743834186991,199,50944,244,6,0.6252243477740043,0.590569875188786,38,1.000125177161932,1.327798391753124e-14,0.9979242018237652,1.0,8,1,2.729096513520364e-05,8.664503074500964e-05,479845770462.6825,40,1
ct_w3_i5,3,evaluation,width3,256,0,sampled_bag_fisher,47,1,4.0,0.054874386108904716,0.23454642286000676,4,1024,411,10,0.6862097129807435,0.6862097129807284,47,0.054874386108904716,0.9472422030444281,0.9472422030444281,0.0,0,1,0.013377342238086273,0.057034944617640915,,-1,0
ct_w3_i5,3,evaluation,width3,256,19,sampled_bag_fisher,47,1,7.0,0.034043767319250406,0.1313050103033635,7,1792,411,10,0.7360485399794969,0.7360485399795773,46,0.034043767319250406,0.9685285144650828,0.9685285144650828,0.0,0,1,0.010831612052781155,0.08249199347196345,,-1,0
ct_w3_i5,3,evaluation,width3,256,42,sampled_bag_fisher,47,1,6.0,0.04850634974893531,0.17354356283614716,6,1536,411,10,0.6976593099653369,0.6976593099653255,46,0.04850634974893531,0.9555441991808198,0.9555441991808198,0.0,0,1,0.025871144150963463,0.14907579243022662,,-1,0
ct_w3_i5,3,evaluation,width3,256,50,sampled_bag_fisher,47,1,6.0,0.0765756511708382,0.17659664682032797,6,1536,411,10,0.6828550177768462,0.6828550177767093,45,0.0765756511708382,0.9263329939790521,0.9263329939790521,0.0,0,1,0.030889323640735766,0.17491455357112765,,-1,0
ct_w3_i5,3,evaluation,width3,256,101,sampled_bag_fisher,47,0,,1.0001177207940106,0.2689191207919012,199,50944,411,10,0.5998969160000829,0.5998969160001476,39,1.0001177207940106,2.010302548437813e-20,0.9992005787011697,1.0,8,1,2.600997965540279e-05,9.672045475535449e-05,37169911721.02851,45,1
ct_w4_i1,4,calibration,chain,256,0,sampled_bag_fisher,31,0,,2.000232647723191,0.28664526047519734,199,50944,91,3,0.8300604483153823,-0.7375357096787697,26,2.000232647723191,2.418536484969631e-15,0.9634656038423307,2.0,5,1,5.621316005824215e-05,0.00019610706266363028,4462391.311746043,31,1
ct_w4_i1,4,calibration,chain,256,19,sampled_bag_fisher,31,0,,3.000082481632255,0.3555620592653763,199,50944,91,3,0.9264713800100894,-0.8922913254684661,30,3.000082481632255,2.7593907061998686e-23,0.6249658848241066,3.0,6,1,3.390314738892505e-05,9.535085790360211e-05,,-1,0
ct_w4_i1,4,calibration,chain,256,42,sampled_bag_fisher,31,0,,2.0001184916065817,0.28988585564345576,199,50944,91,3,0.7837254259321293,-0.6643281662801087,26,2.0001184916065817,8.78919245103029e-22,0.7590850508611623,2.0,6,1,3.586512050183059e-05,0.00012372152626150476,,-1,0
ct_w4_i1,4,calibration,chain,256,50,sampled_bag_fisher,31,0,,2.000101758478797,0.3423364488561899,199,50944,91,3,0.7631997471144039,-0.44977063371555326,27,2.000101758478797,1.2380255640204151e-26,0.7522917444881725,2.0,7,1,2.7712829824521633e-05,8.095202809141527e-05,,-1,0
ct_w4_i1,4,calibration,chain,256,101,sampled_bag_fisher,31,0,,2.0000428137734403,0.36643473281249034,199,50944,91,3,0.7031871329876842,-0.6616236459166361,26,2.0000428137734403,6.5350177589135115e-24,0.764854405208759,2.0,6,1,1.306727613640307e-05,3.56605828167762e-05,,-1,0
ct_w4_i1,4,calibration,problem_tree,256,0,sampled_bag_fisher,31,1,4.0,0.02613304381573478,0.3164325108784996,4,1024,91,3,0.6249136875881282,0.3164688575227884,28,0.02613304381573478,0.9844217087050285,0.9844217087050285,0.0,0,1,0.006800480403807077,0.0214910926343414,,-1,0
ct_w4_i1,4,calibration,problem_tree,256,19,sampled_bag_fisher,31,0,,1.0001620208647442,0.2915394797950104,199,50944,91,3,0.6301842622369772,0.29097921220570905,27,1.0001620208647442,2.2531849338552123e-12,0.9873833232913679,1.0,6,1,4.433356668867469e-05,0.00015206711187056677,431461262.1715661,31,1
ct_w4_i1,4,calibration,problem_tree,256,42,sampled_bag_fisher,31,0,,1.0001525654831056,0.3603257544076837,199,50944,91,3,0.6625646622219254,0.4484514358658734,28,1.0001525654831056,1.0703842404496485e-14,0.9478715590243669,1.0,6,1,3.4085581886511505e-05,9.459657398773118e-05,85474665148.07597,31,1
ct_w4_i1,4,calibration,problem_tree,256,50,sampled_bag_fisher,31,1,5.0,0.020998541964294404,0.35547431950646263,5,1280,91,3,0.588053325324232,0.4009279049368921,28,0.020998541964294404,0.9810576266988533,0.9810576266988533,0.0,0,1,0.007907107730626483,0.022243822680650012,,-1,0
ct_w4_i1,4,calibration,problem_tree,256,101,sampled_bag_fisher,31,1,5.0,0.05000120483687098,0.3064804717459342,5,1280,91,3,0.5986636352498617,0.41557290483992654,29,0.05000120483687098,0.97017968104495,0.97017968104495,0.0,0,1,0.017625183359066526,0.057508340608655256,,-1,0
ct_w4_i1,4,calibration,width2,256,0,sampled_bag_fisher,43,0,,1.0001344887856227,0.3439553541592388,199,50944,274,6,0.6671795781515446,0.6187995174542885,41,1.0001344887856227,1.0029091969822951e-16,0.7157947813427907,1.0,7,1,2.914677443015309e-05,8.473999336745081e-05,,-1,0
ct_w4_i1,4,calibration,width2,256,19,sampled_bag_fisher,43,0,,1.0002620995168634,0.35658948568338916,199,50944,274,6,0.6243287214598584,0.5743843614240383,40,1.0002620995168634,9.986208574532173e-17,0.7574739234340561,1.0,6,1,0.00010213943921806228,0.0002864342425080656,,-1,0
ct_w4_i1,4,calibration,width2,256,42,sampled_bag_fisher,43,0,,1.000150470548066,0.2530665647060488,199,50944,274,6,0.6216181909110714,0.5728187669123096,40,1.000150470548066,1.4502159035974604e-16,0.6403200179480077,1.0,6,1,3.584790104085168e-05,0.00014165403905684284,,-1,0
ct_w4_i1,4,calibration,width2,256,50,sampled_bag_fisher,43,0,,1.0001805319833572,0.29460785809712253,199,50944,274,6,0.690127620573898,0.6896035906082537,42,1.0001805319833572,1.0740633180066684e-11,0.9185365916567836,1.0,7,1,4.671236296669624e-05,0.00015855776308348405,243392280401.6436,37,1
ct_w4_i1,4,calibration,width2,256,101,sampled_bag_fisher,43,0,,1.0000862002037962,0.2860034504773674,199,50944,274,6,0.6300155260356498,0.6101803281580181,38,1.0000862002037962,5.071004613164717e-10,0.4915231022311228,1.0,7,1,1.534915373362272e-05,5.366772221804841e-05,,-1,0
ct_w4_i1,4,calibration,width3,256,0,sampled_bag_fisher,48,1,5.0,0.033314695102710346,0.16605206752472038,5,1280,409,9,0.6630611655596965,0.6666183551670525,47,0.033314695102710346,0.9710579373859988,0.9710579373859988,0.0,0,1,0.009724852488744795,0.05856507921707777,,-1,0
ct_w4_i1,4,calibration,width3,256,19,sampled_bag_fisher,48,0,,1.0003271883733973,0.15549057656716447,199,50944,409,9,0.7701787388458943,0.7701611288945448,47,1.0003271883733973,1.3122976340115214e-06,0.424783363871229,1.0,8,1,9.556282714909839e-05,0.0006145891877108053,,-1,0
ct_w4_i1,4,calibration,width3,256,42,sampled_bag_fisher,48,1,4.0,0.026770233261352416,0.19980731818149575,4,1024,409,9,0.6269836762197122,0.6231715353798015,47,0.026770233261352416,0.9753537948619699,0.9753537948619699,0.0,0,1,0.007713817346983783,0.03860628037646203,,-1,0
ct_w4_i1,4,calibration,width3,256,50,sampled_bag_fisher,48,1,6.0,0.05988620931042554,0.1932736409352558,6,1536,409,9,0.6222091009536781,0.628481349674694,47,0.05988620931042554,0.9442809029962426,0.9442809029962426,0.0,0,1,0.02624465612160815,0.1357901470402773,,-1,0
ct_w4_i1,4,calibration,width3,256,101,sampled_bag_fisher,48,1,5.0,0.030372713035541565,0.18752823334675775,5,1280,409,9,0.6989099019694345,0.7050108355456814,44,0.030372713035541565,0.9715787708227046,0.9715787708227046,0.0,0,1,0.008878195987780606,0.047343249756765786,,-1,0
ct_w4_i2,4,evaluation,chain,256,0,sampled_bag_fisher,31,0,,2.000126857842057,0.329221709957411,199,50944,91,3,0.7788756962401749,-0.5921537124424247,26,2.000126857842057,2.015146990048559e-31,0.5319678016475622,2.0,7,1,3.217268509180138e-05,9.772346148121071e-05,,-1,0
ct_w4_i2,4,evaluation,chain,256,19,sampled_bag_fisher,31,0,,1.000046829921617,0.350831283393707,199,50944,91,3,0.8712289606524951,-0.7105345226246396,28,1.000046829921617,1.883807218800327e-43,0.9999707187131944,1.0,10,1,1.2112181733924107e-05,3.4524235172983914e-05,386813.2722877543,31,1
ct_w4_i2,4,evaluation,chain,256,42,sampled_bag_fisher,31,0,,2.0000623224273877,0.27017157799115404,199,50944,91,3,0.8785078603276151,-0.6753144185926403,26,2.0000623224273877,5.032498969162256e-40,0.629367348842459,2.0,9,1,1.8487601497022452e-05,6.842911321200401e-05,,-1,0
ct_w4_i2,4,evaluation,chain,256,50,sampled_bag_fisher,31,0,,2.00013966676579,0.34262426930873113,199,50944,91,3,0.842673391086716,-0.6102401700711105,27,2.00013966676579,3.99716028713852e-31,0.9661873374917528,2.0,6,1,3.6739960782968994e-05,0.00010723105183732163,37452209.23832032,31,1
ct_w4_i2,4,evaluation,chain,256,101,sampled_bag_fisher,31,0,,2.000186164229218,0.3977753786355293,199,50944,91,3,0.9014870591166319,-0.7236137417840753,28,2.000186164229218,2.2135804619663812e-39,0.759457211341964,2.0,9,1,9.374214740838296e-05,0.000235666037777256,,-1,0
ct_w4_i2,4,evaluation,problem_tree,256,0,sampled_bag_fisher,31,1,3.0,0.0939729895614434,0.33496887784165974,3,768,91,3,0.5270450993490234,0.27618576848260284,27,0.0939729895614434,0.9176742978226919,0.9176742978226919,0.0,0,1,0.021187797039959433,0.06325303167410953,,-1,0
ct_w4_i2,4,evaluation,problem_tree,256,19,sampled_bag_fisher,31,1,7.0,0.07398938988809611,0.4062092141867477,7,1792,91,3,0.47171210976011346,0.3680545750374918,30,0.07398938988809611,0.9374522599113624,0.9374522599113624,0.0,0,1,0.028033823546332395,0.0690132635283953,,-1,0
ct_w4_i2,4,evaluation,problem_tree,256,42,sampled_bag_fisher,31,1,6.0,0.04119623395069638,0.26323666312142435,6,1536,91,3,0.5676805774108077,0.309700652354873,28,0.04119623395069638,0.9654604890113557,0.9654604890113557,0.0,0,1,0.01193829087743901,0.04535193060068605,,-1,0
ct_w4_i2,4,evaluation,problem_tree,256,50,sampled_bag_fisher,31,1,4.0,0.054346918463147986,0.6032880006949689,4,1024,91,3,0.3377952158859557,0.3310689576739655,26,0.054346918463147986,0.9524129550492337,0.9524129550492337,0.0,0,1,0.012821469357159264,0.021252651042933612,,-1,0
ct_w4_i2,4,evaluation,problem_tree,256,101,sampled_bag_fisher,31,1,4.0,0.0515374395699677,0.4211105954410302,4,1024,91,3,0.594832747801442,0.4714721584520682,29,0.0515374395699677,0.9528368188240356,0.9528368188240356,0.0,0,1,0.014332062957504508,0.03403396426654737,,-1,0
ct_w4_i2,4,evaluation,width2,256,0,sampled_bag_fisher,44,1,5.0,0.02978334897663082,0.3684377466724789,5,1280,286,6,0.6136519150782547,0.5998907827616373,44,0.02978334897663082,0.9725677986934093,0.9725677986934093,0.0,0,1,0.011415845055432722,0.03098446117026328,,-1,0
ct_w4_i2,4,evaluation,width2,256,19,sampled_bag_fisher,44,0,,1.0001061761666978,0.3375007086979223,199,50944,286,6,0.5485922782586881,0.5365754325937042,42,1.0001061761666978,4.0000496681456236e-07,0.9663156417873746,1.0,4,1,2.69061176842034e-05,7.972166277222705e-05,572049964784.7351,41,1
ct_w4_i2,4,evaluation,width2,256,42,sampled_bag_fisher,44,1,7.0,0.03720799777893724,0.27848210434488174,7,1792,286,6,0.6555987478341428,0.6250108376024268,44,0.03720799777893724,0.9650573630645415,0.9650573630645415,0.0,0,1,0.018168365332594773,0.06524069248663264,,-1,0
ct_w4_i2,4,evaluation,width2,256,50,sampled_bag_fisher,44,0,,1.0001066602327064,0.20160785002275428,199,50944,286,6,0.4749593413236528,0.4234289640180913,41,1.0001066602327064,1.898823199228893e-17,0.7605462093880166,1.0,9,1,2.7846321768269883e-05,0.00013812121782523365,,-1,0
ct_w4_i2,4,evaluation,width2,256,101,sampled_bag_fisher,44,1,6.0,0.029984055268442944,0.3839746936306716,6,1536,286,6,0.6302708681428572,0.6071097267782206,42,0.029984055268442944,0.9729191264669462,0.9729191264669462,0.0,0,1,0.013071105824322766,0.034041581492595153,,-1,0
ct_w4_i2,4,evaluation,width3,256,0,sampled_bag_fisher,48,1,4.0,0.04738736684195288,0.26237654213688705,4,1024,408,10,0.6896007698523866,0.6755209604434949,47,0.04738736684195288,0.9585687809147839,0.9585687809147839,0.0,0,1,0.01214591936451306,0.046291940832790965,,-1,0
ct_w4_i2,4,evaluation,width3,256,19,sampled_bag_fisher,48,0,,1.0001560204206807,0.1933204301780594,199,50944,408,10,0.7039369683252671,0.6975624772799197,47,1.0001560204206807,9.344907963674903e-20,0.9985133648131661,1.0,10,1,3.363068808001013e-05,0.00017396344529667303,354237338153.2596,47,1
ct_w4_i2,4,evaluation,width3,256,42,sampled_bag_fisher,48,1,6.0,0.050098721068003726,0.22820741294149258,6,1536,408,10,0.6770384270572551,0.6707098002793668,48,0.050098721068003726,0.9575643947013898,0.9575643947013898,0.0,0,1,0.014803900437712007,0.064870374922954,,-1,0
ct_w4_i2,4,evaluation,width3,256,50,sampled_bag_fisher,48,0,,1.0002191549472759,0.28714560169731795,199,50944,408,10,0.6025037307882178,0.5823922440977637,44,1.0002191549472759,1.6262803408566936e-23,0.8623072373499882,1.0,9,1,4.5300534913250484e-05,0.00015776154900328952,,-1,0
ct_w4_i2,4,evaluation,width3,256,101,sampled_bag_fisher,48,1,5.0,0.04578789298493291,0.27276991814323565,5,1280,408,10,0.5454682707227763,0.5541849293295847,46,0.04578789298493291,0.9566462525495616,0.9566462525495616,0.0,0,1,0.011907771073336836,0.0436550010880741,,-1,0
ct_w4_i3,4,evaluation,chain,256,0,sampled_bag_fisher,31,0,,1.0000850156963175,0.3730614001308975,199,50944,91,3,0.8561451021856233,-0.41442429755715077,27,1.0000850156963175,4.007038625349581e-36,0.6098293361985675,1.0,9,1,2.0735930595210606e-05,5.558315759265073e-05,,-1,0
ct_w4_i3,4,evaluation,chain,256,19,sampled_bag_fisher,31,0,,1.0000655851670395,0.3843739543452525,199,50944,91,3,0.857263478914467,-0.4250610680700459,29,1.0000655851670395,5.244446133683086e-38,0.9993137179518969,1.0,9,1,1.8411227201009333e-05,4.789925798268837e-05,3206679.754753459,31,1
ct_w4_i3,4,evaluation,chain,256,42,sampled_bag_fisher,31,0,,1.0001457921694783,0.3370703236123026,199,50944,91,3,0.7048979720091457,-0.4182391411267222,30,1.0001457921694783,1.412741754553778e-47,0.9999219348891742,1.0,11,1,4.888240317390406e-05,0.00014502137907022771,10421670.993755316,31,1
ct_w4_i3,4,evaluation,chain,256,50,sampled_bag_fisher,31,0,,1.0001796455922118,0.2866110679433885,199,50944,91,3,0.865135473823507,-0.5764182591179982,27,1.0001796455922118,3.907926550037419e-34,0.9626949955370362,1.0,11,1,4.3440586860856376e-05,0.00015156632705278772,22934498.76021647,31,1
ct_w4_i3,4,evaluation,chain,256,101,sampled_bag_fisher,31,0,,1.0000802106233504,0.3266561998100926,199,50944,91,3,0.8497680633883169,-0.5592349776976144,27,1.0000802106233504,1.7636968116023894e-36,0.8731707946991726,1.0,9,1,2.0780490178863903e-05,6.361578378412843e-05,,-1,0
ct_w4_i3,4,evaluation,problem_tree,256,0,sampled_bag_fisher,31,1,4.0,0.08813795561943749,0.43384734676419967,4,1024,91,3,0.5151047683055489,0.3010045073398884,29,0.08813795561943749,0.9154096874601272,0.9154096874601272,0.0,0,1,0.02290730158625831,0.05280037265897734,,-1,0
ct_w4_i3,4,evaluation,problem_tree,256,19,sampled_bag_fisher,31,1,5.0,0.03591564606206532,0.31459115724020037,5,1280,91,3,0.5260093209662063,0.36319511591219583,30,0.03591564606206532,0.9651306587268516,0.9651306587268516,0.0,0,1,0.008934159591565165,0.028399271199932838,,-1,0
ct_w4_i3,4,evaluation,problem_tree,256,42,sampled_bag_fisher,31,1,6.0,0.05466482762911973,0.21934448129640446,6,1536,91,3,0.6972888974709017,0.5730389177923597,31,0.05466482762911973,0.9470530330800095,0.9470530330800095,0.0,0,1,0.015613296151792683,0.07118162289524,,-1,0
ct_w4_i3,4,evaluation,problem_tree,256,50,sampled_bag_fisher,31,1,5.0,0.07605713990770369,0.28042912329065073,5,1280,91,3,0.5269443162470658,0.06196753786946132,28,0.07605713990770369,0.9297108149252056,0.9297108149252056,0.0,0,1,0.025482255394406135,0.09086879099926813,,-1,0
ct_w4_i3,4,evaluation,problem_tree,256,101,sampled_bag_fisher,31,1,4.0,0.051323001911946164,0.27606610969870876,4,1024,91,3,0.6439984719531908,0.30837493711826686,30,0.051323001911946164,0.9506190135383382,0.9506190135383382,0.0,0,1,0.012499027670490227,0.04527548739731702,,-1,0
ct_w4_i3,4,evaluation,width2,256,0,sampled_bag_fisher,41,1,5.0,0.03766950148136239,0.34171445151339497,5,1280,245,6,0.6751752577829269,0.6222229639523865,40,0.03766950148136239,0.9637599180431684,0.9637599180431684,0.0,0,1,0.009802013864646027,0.028684809264678684,,-1,0
ct_w4_i3,4,evaluation,width2,256,19,sampled_bag_fisher,41,1,4.0,0.0917315202948199,0.3116954983723422,4,1024,245,6,0.6158597303077592,0.5875977541002165,40,0.0917315202948199,0.9108736392069597,0.9108736392069597,0.0,0,1,0.02759206382618528,0.08852249702119414,,-1,0
ct_w4_i3,4,evaluation,width2,256,42,sampled_bag_fisher,41,1,10.0,0.07009276042994017,0.16497825325030763,10,2560,245,6,0.760880210481606,0.6589060666057784,41,0.07009276042994017,0.932244265287105,0.932244265287105,0.0,0,1,0.026011922850799757,0.1576687977859364,,-1,0
ct_w4_i3,4,evaluation,width2,256,50,sampled_bag_fisher,41,1,5.0,0.0454960571248062,0.25511005351959487,5,1280,245,6,0.592033692462902,0.4726719368926956,40,0.0454960571248062,0.9559337897042621,0.9559337897042621,0.0,0,1,0.012056345986093533,0.04725939185759095,,-1,0
ct_w4_i3,4,evaluation,width2,256,101,sampled_bag_fisher,41,1,4.0,0.09154959762318349,0.3203355464022067,4,1024,245,6,0.6273048551806425,0.5502114887931072,41,0.09154959762318349,0.9124819657031332,0.9124819657031332,0.0,0,1,0.028673764290012973,0.0895116530527361,,-1,0
ct_w4_i3,4,evaluation,width3,256,0,sampled_bag_fisher,45,1,4.0,0.08877870739832971,0.3488714703686332,4,1024,364,9,0.597691346480395,0.5848487248029759,44,0.08877870739832971,0.9134595507621532,0.9134595507621532,0.0,0,1,0.03887376393778448,0.11142717946156137,,-1,0
ct_w4_i3,4,evaluation,width3,256,19,sampled_bag_fisher,45,1,5.0,0.042082441378619606,0.2825928281762947,5,1280,364,9,0.6518661236545127,0.6338647950857091,44,0.042082441378619606,0.959097950004471,0.959097950004471,0.0,0,1,0.014099747559347621,0.049894215824017776,,-1,0
ct_w4_i3,4,evaluation,width3,256,42,sampled_bag_fisher,45,0,,1.0000991995905473,0.24346470837291068,199,50944,364,9,0.74487488725281,0.7295753434114621,45,1.0000991995905473,2.9970579574916386e-13,0.928393192956277,1.0,6,1,2.297436064643932e-05,9.436423373218386e-05,683592493103.9194,44,1
ct_w4_i3,4,evaluation,width3,256,50,sampled_bag_fisher,45,1,4.0,0.06786473931861714,0.21293425569469654,4,1024,364,9,0.6355992304685135,0.5800835853135093,43,0.06786473931861714,0.9345204872632498,0.9345204872632498,0.0,0,1,0.017122668654094206,0.0804129359000111,,-1,0
ct_w4_i3,4,evaluation,width3,256,101,sampled_bag_fisher,45,1,4.0,0.06031270783202558,0.20414344313339314,4,1024,364,9,0.712657594751006,0.6856194071005824,45,0.06031270783202558,0.9412420316511378,0.9412420316511378,0.0,0,1,0.020495257742707433,0.10039635575909851,,-1,0
ct_w4_i4,4,evaluation,chain,256,0,sampled_bag_fisher,31,0,,1.000068388372771,0.33000388144303444,199,50944,91,3,0.8681712645381513,-0.7204349931493692,25,1.000068388372771,3.840076899464916e-19,0.9999583473551622,1.0,3,1,1.760980073348532e-05,5.33624048798503e-05,1167145.0006606274,31,1
ct_w4_i4,4,evaluation,chain,256,19,sampled_bag_fisher,31,0,,2.000173228148766,0.3142879913781091,199,50944,91,3,0.894467653150841,-0.8415513729032211,28,2.000173228148766,4.3483894061436876e-24,0.890796174966605,2.0,6,1,4.028571520362309e-05,0.00012818089239418864,,-1,0
ct_w4_i4,4,evaluation,chain,256,42,sampled_bag_fisher,31,0,,1.0001093915607964,0.33496352333218704,199,50944,91,3,0.8751073004333771,-0.8226624267351291,27,1.0001093915607964,3.2357519683772026e-36,0.9999268358461129,1.0,9,1,2.8662273547738536e-05,8.556834267387927e-05,243760.57954318597,31,1
ct_w4_i4,4,evaluation,chain,256,50,sampled_bag_fisher,31,0,,1.000108109828668,0.34483758656000013,199,50944,91,3,0.7629567033786698,-0.6827300028380291,24,1.000108109828668,2.6382755748053596e-36,0.9999499712527758,1.0,9,1,3.161080998225694e-05,9.166869046265294e-05,466198.73812482035,31,1
ct_w4_i4,4,evaluation,chain,256,101,sampled_bag_fisher,31,0,,1.0001247164416718,0.4384487631391983,199,50944,91,3,0.8080984709832932,-0.7475310990264031,25,1.0001247164416718,4.805528802372838e-38,0.9999299747132275,1.0,9,1,3.038798528952082e-05,6.930795076703928e-05,1400937.8550393733,31,1
ct_w4_i4,4,evaluation,problem_tree,256,0,sampled_bag_fisher,31,1,3.0,0.0599933440732805,0.481984707302426,3,768,91,3,0.623514987763717,0.47449576568761787,27,0.0599933440732805,0.9452461649011673,0.9452461649011673,0.0,0,1,0.013071463787354479,0.027120079930570622,,-1,0
ct_w4_i4,4,evaluation,problem_tree,256,19,sampled_bag_fisher,31,1,4.0,0.06528784736716098,0.46602749117993614,4,1024,91,3,0.46240856206858627,0.2399400882214159,27,0.06528784736716098,0.9379532584090906,0.9379532584090906,0.0,0,1,0.015959969294942252,0.03424684079158757,,-1,0
ct_w4_i4,4,evaluation,problem_tree,256,42,sampled_bag_fisher,31,1,4.0,0.03941343230583172,0.35774222208185374,4,1024,91,3,0.6032408162682735,0.2733358312647594,29,0.03941343230583172,0.9620659176387257,0.9620659176387257,0.0,0,1,0.01049743509647515,0.029343573244964272,,-1,0
ct_w4_i4,4,evaluation,problem_tree,256,50,sampled_bag_fisher,31,1,5.0,0.041226065250077326,0.4937541916763604,5,1280,91,3,0.496225075506254,0.3184307663478028,26,0.041226065250077326,0.9607114288713964,0.9607114288713964,0.0,0,1,0.01039977142354442,0.021062649388830155,,-1,0
ct_w4_i4,4,evaluation,problem_tree,256,101,sampled_bag_fisher,31,1,4.0,0.06216863209316692,0.41314482233208244,4,1024,91,3,0.4429196625229847,0.17406040746748538,23,0.06216863209316692,0.9432977297773275,0.9432977297773275,0.0,0,1,0.014666935267207902,0.035500711795000396,,-1,0
ct_w4_i4,4,evaluation,width2,256,0,sampled_bag_fisher,44,1,4.0,0.08317596548381267,0.2583592830422386,4,1024,289,6,0.5938127445343694,0.4708959946330044,42,0.08317596548381267,0.9202589885837401,0.9202589885837401,0.0,0,1,0.022011454981958625,0.08519707410072051,,-1,0
ct_w4_i4,4,evaluation,width2,256,19,sampled_bag_fisher,44,1,5.0,0.050406039700670036,0.41235750410487776,5,1280,289,6,0.5534126481119844,0.46792916603155443,37,0.050406039700670036,0.9553076835163481,0.9553076835163481,0.0,0,1,0.012776979197463584,0.030985198693544148,,-1,0
ct_w4_i4,4,evaluation,width2,256,42,sampled_bag_fisher,44,1,5.0,0.055371142174033494,0.28957391773103075,5,1280,289,6,0.45448227883151543,0.2810180377957839,41,0.055371142174033494,0.9481733033386278,0.9481733033386278,0.0,0,1,0.020714668305267244,0.07153499343994081,,-1,0
ct_w4_i4,4,evaluation,width2,256,50,sampled_bag_fisher,44,1,6.0,0.06949912033842232,0.2540806012243977,6,1536,289,6,0.550607021261982,0.41025284124699213,41,0.06949912033842232,0.9318339518324088,0.9318339518324088,0.0,0,1,0.027811126658118905,0.10945789062249899,,-1,0
ct_w4_i4,4,evaluation,width2,256,101,sampled_bag_fisher,44,1,5.0,0.03619664450805615,0.3645920760473136,5,1280,289,6,0.5431559376608666,0.4708302558049867,40,0.03619664450805615,0.9648185188934552,0.9648185188934552,0.0,0,1,0.01082710745974478,0.029696496909986964,,-1,0
ct_w4_i4,4,evaluation,width3,256,0,sampled_bag_fisher,50,0,,1.0001304078409134,0.22151276948237367,199,50944,465,10,0.6752602842246281,0.6668708221550619,50,1.0001304078409134,1.4558199808224662e-18,0.7256956003737466,1.0,10,1,2.9196742781932776e-05,0.00013180613853620767,,-1,0
ct_w4_i4,4,evaluation,width3,256,19,sampled_bag_fisher,50,1,4.0,0.06081615362823989,0.28802877158954204,4,1024,465,10,0.6311366752367235,0.6235321441777272,47,0.06081615362823989,0.9416953696634903,0.9416953696634903,0.0,0,1,0.013022953499282309,0.045214071592267126,,-1,0
ct_w4_i4,4,evaluation,width3,256,42,sampled_bag_fisher,50,1,5.0,0.0710993951961374,0.23175391083235752,5,1280,465,10,0.693395346450131,0.6923345607093039,48,0.0710993951961374,0.9314773358082076,0.9314773358082076,0.0,0,1,0.02063246167958446,0.08902745850321052,,-1,0
ct_w4_i4,4,evaluation,width3,256,50,sampled_bag_fisher,50,0,,1.000128370568996,0.2535885536851205,199,50944,465,10,0.5381976176756639,0.5229282231944993,44,1.000128370568996,3.7306617355658486e-23,0.9998785799519405,1.0,10,1,3.730210863279843e-05,0.00014709697299317482,399010490992.7192,47,1
ct_w4_i4,4,evaluation,width3,256,101,sampled_bag_fisher,50,1,5.0,0.0654198859445998,0.22882500981821374,5,1280,465,10,0.5870987761028656,0.5791464853730994,45,0.0654198859445998,0.9363153782053073,0.9363153782053073,0.0,0,1,0.02115189840717068,0.0924370042591693,,-1,0
ct_w4_i5,4,evaluation,chain,256,0,sampled_bag_fisher,31,0,,2.0000619870451697,0.2890093658912795,199,50944,91,3,0.8347945832269444,-0.7298053594213916,24,2.0000619870451697,8.131676154271347e-42,0.3492596721447432,2.0,10,1,1.6044117530672055e-05,5.551417851526508e-05,,-1,0
ct_w4_i5,4,evaluation,chain,256,19,sampled_bag_fisher,31,0,,1.0000646389489969,0.3672605058678817,199,50944,91,3,0.9312381380766365,-0.8653268898621432,26,1.0000646389489969,3.2603717408250285e-37,0.9999599415795087,1.0,7,1,1.4644477699108034e-05,3.987490477502157e-05,385279.1609952919,31,1
ct_w4_i5,4,evaluation,chain,256,42,sampled_bag_fisher,31,0,,2.0001169569711994,0.31846439403012494,199,50944,91,3,0.9127423232158601,-0.82585012613431,27,2.0001169569711994,5.193037296123419e-37,0.9997461767300438,2.0,9,1,3.0208971692158393e-05,9.485823928341827e-05,248117.0698088692,31,1
ct_w4_i5,4,evaluation,chain,256,50,sampled_bag_fisher,31,0,,1.0001899698343344,0.24633642871755962,199,50944,91,3,0.8726144876930165,-0.8819694614460161,28,1.0001899698343344,4.498352623197191e-34,0.9999042620070165,1.0,7,1,5.1358643237180986e-05,0.00020848984254808264,24954.301073606664,31,1
ct_w4_i5,4,evaluation,chain,256,101,sampled_bag_fisher,31,0,,2.000059500554208,0.2704368987970447,199,50944,91,3,0.8430884045035082,-0.7763447459857475,25,2.000059500554208,7.420587910787688e-37,0.40070808842380995,2.0,10,1,1.4462565013631988e-05,5.3478519676731456e-05,,-1,0
ct_w4_i5,4,evaluation,problem_tree,256,0,sampled_bag_fisher,31,1,4.0,0.07503870447907168,0.44714486877393894,4,1024,91,3,0.5604463543856238,0.2844951220229995,30,0.07503870447907168,0.9288460737796184,0.9288460737796184,0.0,0,1,0.02295721692701421,0.05134178770733158,,-1,0
ct_w4_i5,4,evaluation,problem_tree,256,19,sampled_bag_fisher,31,1,6.0,0.059445859510926624,0.29428227216598285,6,1536,91,3,0.6214947320693816,0.38036717758699534,28,0.059445859510926624,0.9437927191829026,0.9437927191829026,0.0,0,1,0.023984560997529377,0.08150188871724309,,-1,0
ct_w4_i5,4,evaluation,problem_tree,256,42,sampled_bag_fisher,31,1,5.0,0.08326831753907449,0.32934210290716026,5,1280,91,3,0.5286233147751922,0.3018060211942909,30,0.08326831753907449,0.9232451836070013,0.9232451836070013,0.0,0,1,0.022939962843770027,0.06965390286050574,,-1,0
ct_w4_i5,4,evaluation,problem_tree,256,50,sampled_bag_fisher,31,1,4.0,0.09063071249082455,0.37297576534506177,4,1024,91,3,0.4279953898574672,0.2970659960706357,28,0.09063071249082455,0.914083991997372,0.914083991997372,0.0,0,1,0.026141104403768028,0.07008794359489647,,-1,0
ct_w4_i5,4,evaluation,problem_tree,256,101,sampled_bag_fisher,31,1,4.0,0.07790683725716185,0.2491508985477244,4,1024,91,3,0.661076107342663,0.4507977717442669,30,0.07790683725716185,0.931046616643622,0.931046616643622,0.0,0,1,0.019834635991175863,0.07960892819086733,,-1,0
ct_w4_i5,4,evaluation,width2,256,0,sampled_bag_fisher,44,1,4.0,0.051773217259485804,0.4933923235068355,4,1024,286,6,0.6341307464362717,0.6085393858491462,41,0.051773217259485804,0.9519203387325995,0.9519203387325995,0.0,0,1,0.01331908851304791,0.02699492448196427,,-1,0
ct_w4_i5,4,evaluation,width2,256,19,sampled_bag_fisher,44,1,5.0,0.09931909940821626,0.25964070041468706,5,1280,286,6,0.6544364136801434,0.598778137949293,41,0.09931909940821626,0.9050197892549227,0.9050197892549227,0.0,0,1,0.027659195160305707,0.1065287341935591,,-1,0
ct_w4_i5,4,evaluation,width2,256,42,sampled_bag_fisher,44,1,5.0,0.07846712032104364,0.18788887335901233,5,1280,286,6,0.6733330577506944,0.6317531494310442,44,0.07846712032104364,0.9246440100360412,0.9246440100360412,0.0,0,1,0.025697748853958036,0.13677099870014953,,-1,0
ct_w4_i5,4,evaluation,width2,256,50,sampled_bag_fisher,44,1,4.0,0.06430136209345072,0.3425284893661752,4,1024,286,6,0.6743257370579496,0.6509831363924997,42,0.06430136209345072,0.9397446056117005,0.9397446056117005,0.0,0,1,0.015519198011547762,0.04530775831308206,,-1,0
ct_w4_i5,4,evaluation,width2,256,101,sampled_bag_fisher,44,1,4.0,0.09773445965523564,0.25433791473092016,4,1024,286,6,0.6355689608449422,0.612980022059473,38,0.09773445965523564,0.9064957648396377,0.9064957648396377,0.0,0,1,0.022651617794544048,0.08906111311995539,,-1,0
ct_w4_i5,4,evaluation,width3,256,0,sampled_bag_fisher,48,1,4.0,0.05366154695847669,0.33287401287581925,4,1024,427,10,0.7241460478728422,0.7162977689026755,48,0.05366154695847669,0.9487006607427546,0.9487006607427546,0.0,0,1,0.015307579815429297,0.045986106524752615,,-1,0
ct_w4_i5,4,evaluation,width3,256,19,sampled_bag_fisher,48,0,,1.0001539309990921,0.26311316118293804,199,50944,427,10,0.6553109181036898,0.643887518126377,46,1.0001539309990921,1.939700148107647e-16,0.6778616121712663,1.0,7,1,3.126239313008852e-05,0.00011881729134922414,,-1,0
ct_w4_i5,4,evaluation,width3,256,42,sampled_bag_fisher,48,1,11.0,0.041331237896475415,0.1941826522889841,11,2816,427,10,0.5485231651397845,0.5375185572485129,43,0.041331237896475415,0.9594831158687642,0.9594831158687642,0.0,0,1,0.023305215289938952,0.12001697893824188,,-1,0
ct_w4_i5,4,evaluation,width3,256,50,sampled_bag_fisher,48,1,4.0,0.08601673223803985,0.26373648052012366,4,1024,427,10,0.6469355654022692,0.6514951865828329,48,0.08601673223803985,0.9195253510325916,0.9195253510325916,0.0,0,1,0.0189914481900656,0.07200918186445773,,-1,0
ct_w4_i5,4,evaluation,width3,256,101,sampled_bag_fisher,48,1,5.0,0.04485022439866526,0.21243363065592513,5,1280,427,10,0.5743407225903188,0.5611243315127872,43,0.04485022439866526,0.9568239805132907,0.9568239805132907,0.0,0,1,0.011882313626418601,0.05593423974221938,,-1,0
ct_w5_i1,5,calibration,chain,256,0,sampled_bag_fisher,31,0,,3.0000974057986873,0.3272143240075046,199,50944,91,3,0.755818803961525,-0.7020658253200297,28,3.0000974057986873,1.5337559923980484e-27,0.8077257582145457,3.0,7,1,2.3062643467138172e-05,7.048176615461747e-05,,-1,0
ct_w5_i1,5,calibration,chain,256,19,sampled_bag_fisher,31,0,,3.000138654279983,0.30990863923292133,199,50944,91,3,0.8655782425224618,-0.7742120626307821,27,3.000138654279983,2.4090831896385655e-30,0.922674515082511,3.0,9,1,3.869612445297052e-05,0.00012486300655815944,1068060606.0854585,31,1
ct_w5_i1,5,calibration,chain,256,42,sampled_bag_fisher,31,0,,2.0001160684325185,0.3404220962394659,199,50944,91,3,0.9213915490742882,-0.8579873336532089,27,2.0001160684325185,9.264905063925825e-36,0.3412148508382482,2.0,8,0,2.9646300417006745e-05,8.708688638164194e-05,,-1,0
ct_w5_i1,5,calibration,chain,256,50,sampled_bag_fisher,31,0,,1.000093466771732,0.32157221953913534,199,50944,91,3,0.8371963521328412,-0.7798245412823375,24,1.000093466771732,2.2439118642511404e-35,0.9999362820928825,1.0,7,1,2.1501788488105333e-05,6.686457094745575e-05,418437.13279333414,31,1
ct_w5_i1,5,calibration,chain,256,101,sampled_bag_fisher,31,0,,2.0001247716811026,0.325683970115986,199,50944,91,3,0.8990035793493998,-0.8286516620230248,25,2.0001247716811026,7.41712339873817e-34,0.638500340882336,2.0,11,1,3.60256986384241e-05,0.00011061551056870945,,-1,0
ct_w5_i1,5,calibration,problem_tree,256,0,sampled_bag_fisher,31,0,,1.0001195670716214,0.2278283533190047,199,50944,91,3,0.6017503975704844,0.18477515393892033,30,1.0001195670716214,2.821080118867411e-18,0.9660603781202655,1.0,10,1,3.439752073623433e-05,0.0001509799822328128,166375730611.97662,31,1
ct_w5_i1,5,calibration,problem_tree,256,19,sampled_bag_fisher,31,0,,1.000186711455422,0.2301241100170596,199,50944,91,3,0.539215569163546,-0.017235043207064857,28,1.000186711455422,6.519810990725494e-14,0.9923393037503874,1.0,7,1,5.0731770113417047e-05,0.0002204539546493246,205178592.5163631,31,1
ct_w5_i1,5,calibration,problem_tree,256,42,sampled_bag_fisher,31,1,6.0,0.05733035373863338,0.35615911285408497,6,1536,91,3,0.5723804530162356,0.28884388939744154,29,0.05733035373863338,0.96205465614304,0.96205465614304,0.0,0,1,0.015788450426736912,0.044329766828696285,,-1,0
ct_w5_i1,5,calibration,problem_tree,256,50,sampled_bag_fisher,31,0,,1.0002076588437259,0.32793483840528737,199,50944,91,3,0.5981780755545268,0.10476388383207398,29,1.0002076588437259,1.283315011991892e-17,0.9337649253335796,1.0,9,1,5.2787878774145616e-05,0.00016097063377239063,23494200058.51915,31,1
ct_w5_i1,5,calibration,problem_tree,256,101,sampled_bag_fisher,31,0,,1.000106480173013,0.24618125722308434,199,50944,91,3,0.6610311730448473,0.4347876433319024,29,1.000106480173013,3.8863539217868877e-22,0.5748656780488666,1.0,10,1,3.885357074416848e-05,0.00015782505614942157,,-1,0
ct_w5_i1,5,calibration,width2,256,0,sampled_bag_fisher,43,0,,1.0001068985763624,0.24063177256610682,199,50944,271,6,0.6647618286748903,0.5554445130773092,41,1.0001068985763624,7.32249203390085e-18,0.8858796526324413,1.0,7,1,3.384425424231546e-05,0.00014064748757572197,,-1,0
ct_w5_i1,5,calibration,width2,256,19,sampled_bag_fisher,43,0,,1.0001457877377682,0.2968585463038514,199,50944,271,6,0.6875920087718239,0.6484847324999768,42,1.0001457877377682,2.412331598227198e-20,0.6323039347840553,1.0,7,1,3.684372867901995e-05,0.00012411207000019572,,-1,0
ct_w5_i1,5,calibration,width2,256,42,sampled_bag_fisher,43,0,,1.0000989391979171,0.24591661364606526,199,50944,271,6,0.638978773786781,0.5515915712909625,43,1.0000989391979171,7.979903954268162e-24,0.8540210265409153,1.0,9,1,2.7062632267565092e-05,0.0001100480031272507,,-1,0
ct_w5_i1,5,calibration,width2,256,50,sampled_bag_fisher,43,0,,1.000447618752423,0.31105517109467085,199,50944,271,6,0.6029741299395737,0.5594746169522423,36,1.000447618752423,4.668874190930011e-21,0.6749804950418222,1.0,9,1,0.00015508048414603518,0.0004985626299034773,,-1,0
ct_w5_i1,5,calibration,width2,256,101,sampled_bag_fisher,43,0,,1.0001578983879735,0.250906363180407,199,50944,271,6,0.707025297863512,0.6522900918677248,43,1.0001578983879735,2.717104044901629e-21,0.9155523333561093,1.0,9,1,5.466837746209505e-05,0.00021788358321860225,270571733985.10938,42,1
ct_w5_i1,5,calibration,width3,256,0,sampled_bag_fisher,48,0,,1.0002660132057883,0.22765699847096482,199,50944,436,9,0.7266421661323412,0.7069245009019293,47,1.0002660132057883,2.8639758404750236e-19,0.3564739719426257,1.0,8,1,7.988849872680153e-05,0.0003509160678712473,,-1,0
ct_w5_i1,5,calibration,width3,256,19,sampled_bag_fisher,48,0,,1.00031108817271,0.25610761854549813,199,50944,436,9,0.7157173733466599,0.678758262645346,47,1.00031108817271,2.840910925821447e-19,0.4311425772976126,1.0,8,1,7.5194888789652e-05,0.0002936066065379209,,-1,0
ct_w5_i1,5,calibration,width3,256,42,sampled_bag_fisher,48,0,,1.0002680185670307,0.19713560706848063,199,50944,436,9,0.6718992114046274,0.6574617291631417,48,1.0002680185670307,8.775624091739749e-25,0.4755769390672479,1.0,10,1,7.827393200899875e-05,0.000397056286142199,,-1,0
ct_w5_i1,5,calibration,width3,256,50,sampled_bag_fisher,48,0,,1.000464401625642,0.40115107776546893,199,50944,436,9,0.5115217260049829,0.49898150532567054,45,1.000464401625642,6.6024651985909015e-24,0.5134151983110355,1.0,9,1,0.0001502213079606743,0.0003744756434345179,,-1,0
ct_w5_i1,5,calibration,width3,256,101,sampled_bag_fisher,48,0,,1.0002100006869625,0.36279045123445797,199,50944,436,9,0.6243020994693015,0.6392218222294292,45,1.0002100006869625,1.390911306608273e-23,0.4315208574132982,1.0,9,1,6.319866331934123e-05,0.00017420156209816637,,-1,0
ct_w5_i2,5,evaluation,chain,256,0,sampled_bag_fisher,31,0,,2.0001609592707226,0.38646033459276985,199,50944,91,3,0.82241243916394,-0.7934881289508388,28,2.0001609592707226,5.081586660740246e-35,0.46273058892069235,2.0,10,1,3.972740468698994e-05,0.00010279814286465503,,-1,0
ct_w5_i2,5,evaluation,chain,256,19,sampled_bag_fisher,31,0,,1.0001118945796392,0.4036343291719843,199,50944,91,3,0.7956165220281635,-0.6948341803991324,28,1.0001118945796392,7.039085285363049e-40,0.9999119456185451,1.0,10,1,2.7801024496766507e-05,6.887675920380099e-05,104114.30511760591,31,1
ct_w5_i2,5,evaluation,chain,256,42,sampled_bag_fisher,31,0,,1.0001079420138002,0.3818159461819391,199,50944,91,3,0.7458404002393305,-0.6295559180905402,24,1.0001079420138002,1.2302062417575413e-37,0.9999129447176455,1.0,9,1,2.8939169068258676e-05,7.579350563443695e-05,214693.82969744893,31,1
ct_w5_i2,5,evaluation,chain,256,50,sampled_bag_fisher,31,0,,1.0000978367196396,0.35025440383947676,199,50944,91,3,0.8186066824361561,-0.6725348316349742,27,1.0000978367196396,2.4470353202047158e-32,0.565740827935584,1.0,7,1,2.7348014131179672e-05,7.808042905782677e-05,,-1,0
ct_w5_i2,5,evaluation,chain,256,101,sampled_bag_fisher,31,0,,1.0001034569277483,0.3609828748828221,199,50944,91,3,0.7984777724746717,-0.7011456300459384,22,1.0001034569277483,1.266515087556287e-29,0.945986652952539,1.0,7,1,3.202842749811521e-05,8.872561477746524e-05,274953578.6318525,31,1
ct_w5_i2,5,evaluation,problem_tree,256,0,sampled_bag_fisher,31,1,4.0,0.04873081671186519,0.37494898258130327,4,1024,91,3,0.5942535354116096,0.15840434812570459,27,0.04873081671186519,0.9636113870469096,0.9636113870469096,0.0,0,1,0.013739858270682975,0.03664460742390106,,-1,0
ct_w5_i2,5,evaluation,problem_tree,256,19,sampled_bag_fisher,31,1,4.0,0.09164561051877129,0.27218938174250323,4,1024,91,3,0.5249022997095282,0.29953380876872326,28,0.09164561051877129,0.9151621152197172,0.9151621152197172,0.0,0,1,0.03355945347362892,0.1232944990682144,,-1,0
ct_w5_i2,5,evaluation,problem_tree,256,42,sampled_bag_fisher,31,1,4.0,0.056537955912542515,0.2900348519061719,4,1024,91,3,0.5225938399187996,0.2994666651241273,26,0.056537955912542515,0.9664120061437292,0.9664120061437292,0.0,0,1,0.018299343550875907,0.06309360213301489,,-1,0
ct_w5_i2,5,evaluation,problem_tree,256,50,sampled_bag_fisher,31,1,8.0,0.05553921160406183,0.36372202673819676,8,2048,91,3,0.5019810504372947,0.13617185211279592,30,0.05553921160406183,0.9469201483712815,0.9469201483712815,0.0,0,1,0.02409202661825955,0.06623746940572486,,-1,0
ct_w5_i2,5,evaluation,problem_tree,256,101,sampled_bag_fisher,31,1,4.0,0.06787321884118747,0.28293718936315737,4,1024,91,3,0.5615018326514777,0.07505589143764518,28,0.06787321884118747,0.9389796382492743,0.9389796382492743,0.0,0,1,0.02200121603373832,0.07776007135456195,,-1,0
ct_w5_i2,5,evaluation,width2,256,0,sampled_bag_fisher,44,1,3.0,0.0775225584339676,0.23425956132461181,3,768,286,6,0.5907061082823246,0.544537773426728,41,0.0775225584339676,0.9406961656410847,0.9406961656410847,0.0,0,1,0.020039038962102105,0.08554203230293832,,-1,0
ct_w5_i2,5,evaluation,width2,256,19,sampled_bag_fisher,44,0,,2.000200673138469,0.2734540551416398,199,50944,286,6,0.5907377281995028,0.5830803479007766,44,2.000200673138469,3.867367432226375e-13,0.5167898242902622,2.0,4,1,5.864724356582562e-05,0.00021446836301421227,,-1,0
ct_w5_i2,5,evaluation,width2,256,42,sampled_bag_fisher,44,0,,1.0001772549737282,0.2501253297869889,199,50944,286,6,0.48310680250744154,0.38226835589203084,41,1.0001772549737282,1.1080018108734717e-19,0.8674884685290687,1.0,9,1,4.5944295609226834e-05,0.00018368509758029622,,-1,0
ct_w5_i2,5,evaluation,width2,256,50,sampled_bag_fisher,44,0,,1.0000921291587375,0.3380212748900649,199,50944,286,6,0.618835675518977,0.5145227956803597,44,1.0000921291587375,1.741614653611934e-14,0.8860658085906086,1.0,7,1,2.0875492827374686e-05,6.175792584109995e-05,,-1,0
ct_w5_i2,5,evaluation,width2,256,101,sampled_bag_fisher,44,0,,1.0001794772447425,0.23924317671152506,199,50944,286,6,0.6359043786553791,0.5659169306629076,41,1.0001794772447425,1.2110037001783377e-12,0.7928135057408188,1.0,5,1,5.110329991366279e-05,0.00021360400165260383,,-1,0
ct_w5_i2,5,evaluation,width3,256,0,sampled_bag_fisher,48,1,4.0,0.05697370384127076,0.2106452935366698,4,1024,418,9,0.6926048121015103,0.690147771229809,47,0.05697370384127076,0.9485488538538914,0.9485488538538914,0.0,0,1,0.014741504833629392,0.06998259769361115,,-1,0
ct_w5_i2,5,evaluation,width3,256,19,sampled_bag_fisher,48,0,,1.0001035341445252,0.20683236540195996,199,50944,418,9,0.6030806762532848,0.5928572852516397,46,1.0001035341445252,2.1697558003611903e-21,0.5880898714428076,1.0,7,1,2.4060609903309995e-05,0.00011632903707575157,,-1,0
ct_w5_i2,5,evaluation,width3,256,42,sampled_bag_fisher,48,0,,1.0001765846315251,0.2134648285820362,199,50944,418,9,0.5602301169478785,0.5330436326849387,44,1.0001765846315251,2.732567455695357e-18,0.8349058004307528,1.0,9,1,4.92319398866477e-05,0.00023063256000380167,,-1,0
ct_w5_i2,5,evaluation,width3,256,50,sampled_bag_fisher,48,0,,1.0001672708857807,0.40010313293607686,199,50944,418,9,0.7009844234598757,0.6706507007673098,46,1.0001672708857807,7.702884649923438e-16,0.874493828436161,1.0,7,1,4.118073780223576e-05,0.00010292530703281213,,-1,0
ct_w5_i2,5,evaluation,width3,256,101,sampled_bag_fisher,48,0,,1.0001224256631094,0.15479157221583575,199,50944,418,9,0.7939717000656861,0.7816832318204524,48,1.0001224256631094,1.0702411066788477e-14,0.9940180786587903,1.0,5,1,3.5166122454076056e-05,0.00022718370225635856,323839110321.8299,47,1
ct_w5_i3,5,evaluation,chain,256,0,sampled_bag_fisher,31,0,,2.0000325570106163,0.3824453867830119,199,50944,91,3,0.8476804289572389,-0.6733397848897126,26,2.0000325570106163,3.034003804855269e-39,0.9999146006618719,2.0,9,0,3.0442072932731703e-05,7.959848382222383e-05,490343.2082797523,31,1
ct_w5_i3,5,evaluation,chain,256,19,sampled_bag_fisher,31,0,,1.000169306729111,0.3988108336601134,199,50944,91,3,0.8315058608713435,-0.749784872631974,25,1.000169306729111,2.992190804890668e-35,0.7854899106943147,1.0,11,1,5.1230279804806084e-05,0.00012845759312663782,,-1,0
ct_w5_i3,5,evaluation,chain,256,42,sampled_bag_fisher,31,0,,2.0000941725144745,0.33992849451749046,199,50944,91,3,0.887454193602124,-0.704951700497527,25,2.0000941725144745,1.0591813366638005e-35,0.866240175683806,2.0,11,0,4.0958772661131646e-05,0.00012049231918398115,,-1,0
ct_w5_i3,5,evaluation,chain,256,50,sampled_bag_fisher,31,0,,1.0000719977769599,0.30171321084543173,199,50944,91,3,0.7985730103945419,-0.6414085474808234,25,1.0000719977769599,2.0569342539475233e-29,0.9999470963470677,1.0,7,1,1.9478029033775633e-05,6.45580913715915e-05,2849503.8239533254,31,1
ct_w5_i3,5,evaluation,chain,256,101,sampled_bag_fisher,31,0,,1.0001132099625902,0.3278637575036962,199,50944,91,3,0.8067089839960068,-0.6935229517680755,24,1.0001132099625902,1.1105018496893501e-29,0.9999386795834099,1.0,8,1,3.75364481844511e-05,0.000114487946061034,101757.9690316325,31,1
ct_w5_i3,5,evaluation,problem_tree,256,0,sampled_bag_fisher,31,1,5.0,0.04942103256732189,0.4827351531560164,5,1280,91,3,0.5481313530334698,0.2671122615443118,29,0.04942103256732189,0.9563886119044811,0.9563886119044811,0.0,0,1,0.01898790329865775,0.039333997481888386,,-1,0
ct_w5_i3,5,evaluation,problem_tree,256,19,sampled_bag_fisher,31,1,6.0,0.08006459065092386,0.40907340611210813,6,1536,91,3,0.5386468697106479,0.36017767314382276,28,0.08006459065092386,0.9381772474737524,0.9381772474737524,0.0,0,1,0.02881304504511427,0.07043490144949179,,-1,0
ct_w5_i3,5,evaluation,problem_tree,256,42,sampled_bag_fisher,31,1,6.0,0.025538326170808645,0.40448392861383536,6,1536,91,3,0.4728053376224238,0.18184376366432928,31,0.025538326170808645,0.9776940695469176,0.9776940695469176,0.0,0,1,0.00936433122767553,0.023151306059963992,,-1,0
ct_w5_i3,5,evaluation,problem_tree,256,50,sampled_bag_fisher,31,0,,1.0001194348375382,0.4860807392751189,199,50944,91,3,0.5257695141134683,0.1705311474050819,29,1.0001194348375382,5.433351794109187e-13,0.9999257369877292,1.0,5,1,2.387059807467171e-05,4.910829857251572e-05,62561820.160546415,31,1
ct_w5_i3,5,evaluation,problem_tree,256,101,sampled_bag_fisher,31,1,5.0,0.08879683238260938,0.4127473088254257,5,1280,91,3,0.5927616894868153,0.4609497190419825,29,0.08879683238260938,0.9182941760966474,0.9182941760966474,0.0,0,1,0.03322104402175863,0.08048760903201842,,-1,0
ct_w5_i3,5,evaluation,width2,256,0,sampled_bag_fisher,43,1,4.0,0.06908148003254233,0.33144718721320915,4,1024,271,6,0.611300828784333,0.5095874736655763,41,0.06908148003254233,0.9334955278554016,0.9334955278554016,0.0,0,1,0.027682787046280632,0.08352095933906116,,-1,0
ct_w5_i3,5,evaluation,width2,256,19,sampled_bag_fisher,43,0,,1.0001114003669969,0.23162637123006116,199,50944,271,6,0.6926144989299762,0.6774028364239998,42,1.0001114003669969,5.442767996232825e-13,0.9999144710730485,1.0,4,1,2.8497428128152686e-05,0.00012303188094177684,9875443.209668614,43,1
ct_w5_i3,5,evaluation,width2,256,42,sampled_bag_fisher,43,0,,1.0000867086649219,0.29855755263755834,199,50944,271,6,0.630124832583003,0.5792157669555454,40,1.0000867086649219,1.5903618215936604e-26,0.42934788658741463,1.0,11,1,2.1352147822364817e-05,7.151769444026026e-05,,-1,0
ct_w5_i3,5,evaluation,width2,256,50,sampled_bag_fisher,43,1,4.0,0.05946429596388825,0.3800483968702766,4,1024,271,6,0.7010451587294839,0.6275805517411502,41,0.05946429596388825,0.9493410000905705,0.9493410000905705,0.0,0,1,0.01884065905409626,0.04957436792063938,,-1,0
ct_w5_i3,5,evaluation,width2,256,101,sampled_bag_fisher,43,1,5.0,0.05961985303743589,0.30610302744797896,5,1280,271,6,0.7144691506182521,0.6292785468035248,41,0.05961985303743589,0.9453354674284731,0.9453354674284731,0.0,0,1,0.020852784183237563,0.06812341699815894,,-1,0
ct_w5_i3,5,evaluation,width3,256,0,sampled_bag_fisher,47,0,,1.0001382986190794,0.21042677681719024,199,50944,419,9,0.7714540946628644,0.7449854198420726,47,1.0001382986190794,1.056000758235961e-17,0.7813644697340891,1.0,5,1,3.876384277582003e-05,0.00018421535206755742,,-1,0
ct_w5_i3,5,evaluation,width3,256,19,sampled_bag_fisher,47,0,,1.0002810075431938,0.20945778036999646,199,50944,419,9,0.7499296750627761,0.7461829986878858,46,1.0002810075431938,6.4250829870334416e-27,0.6246540797557348,1.0,8,1,0.000125917289588181,0.0006011583306466562,,-1,0
ct_w5_i3,5,evaluation,width3,256,42,sampled_bag_fisher,47,0,,1.000082135116049,0.2591204139190271,199,50944,419,9,0.6472842826015272,0.6171778082818085,44,1.000082135116049,4.876935831616383e-25,0.6956147522129393,1.0,12,1,2.2879118358090038e-05,8.829531418253895e-05,,-1,0
ct_w5_i3,5,evaluation,width3,256,50,sampled_bag_fisher,47,0,,1.0001045537821867,0.3382847713984073,199,50944,419,9,0.6888240056817361,0.6584128320889162,46,1.0001045537821867,1.1824432599747202e-19,0.6990656584187722,1.0,5,1,2.4988190268790536e-05,7.386732239081863e-05,,-1,0
ct_w5_i3,5,evaluation,width3,256,101,sampled_bag_fisher,47,1,4.0,0.04019815875464339,0.3349267904823439,4,1024,419,9,0.7078862663890776,0.6737906168932811,46,0.04019815875464339,0.9687466747227441,0.9687466747227441,0.0,0,1,0.011387000722783034,0.03399847682051375,,-1,0
ct_w5_i4,5,evaluation,chain,256,0,sampled_bag_fisher,31,0,,1.000180474275835,0.33741756356039015,199,50944,91,3,0.8372666326732187,-0.7348488029120032,25,1.000180474275835,2.1105896851007444e-32,0.970791021900664,1.0,6,1,6.990236930640479e-05,0.00020716873350872216,1121644954.257809,31,1
ct_w5_i4,5,evaluation,chain,256,19,sampled_bag_fisher,31,0,,1.0000960308388702,0.34103645745744837,199,50944,91,3,0.8647279661929964,-0.6924936425630712,27,1.0000960308388702,2.4221651664115515e-33,0.99994454708774,1.0,6,1,2.455083489143376e-05,7.198888668522193e-05,64610.897417061846,31,1
ct_w5_i4,5,evaluation,chain,256,42,sampled_bag_fisher,31,0,,1.0000603134702484,0.2997510198956186,199,50944,91,3,0.7835075199260294,-0.7367447060946365,26,1.0000603134702484,4.7169613321549394e-37,0.7533075826889095,1.0,8,1,1.4228729958686834e-05,4.746849556555859e-05,,-1,0
ct_w5_i4,5,evaluation,chain,256,50,sampled_bag_fisher,31,0,,2.000128534606837,0.338442502763577,199,50944,91,3,0.7878628425169889,-0.6708495297121136,27,2.000128534606837,3.5925319008283713e-35,0.9997872960286288,2.0,10,1,3.390659107980898e-05,0.0001001841990971649,5356186.008220654,31,1
ct_w5_i4,5,evaluation,chain,256,101,sampled_bag_fisher,31,0,,1.0000959437166355,0.38790290038667763,199,50944,91,3,0.7291259775141821,-0.5728691483357298,23,1.0000959437166355,2.936766611828144e-35,0.6009269320071204,1.0,9,1,2.785138109295649e-05,7.179987843657029e-05,,-1,0
ct_w5_i4,5,evaluation,problem_tree,256,0,sampled_bag_fisher,31,1,3.0,0.02961230315409935,0.30378857541892057,3,768,91,3,0.6592064274886283,0.05847492742854092,26,0.02961230315409935,0.9764542685183505,0.9764542685183505,0.0,0,1,0.00728212565608939,0.023971031978564143,,-1,0
ct_w5_i4,5,evaluation,problem_tree,256,19,sampled_bag_fisher,31,1,4.0,0.04563641967814114,0.29611920570790096,4,1024,91,3,0.6847905724093455,0.4426152041054717,26,0.04563641967814114,0.9638864106410805,0.9638864106410805,0.0,0,1,0.012125893824352073,0.04094936630457311,,-1,0
ct_w5_i4,5,evaluation,problem_tree,256,42,sampled_bag_fisher,31,1,5.0,0.05078348085913831,0.4436822744188027,5,1280,91,3,0.5413237277344968,0.12072189311529306,28,0.05078348085913831,0.96514162189367,0.96514162189367,0.0,0,1,0.019170058999249586,0.04320672721118106,,-1,0
ct_w5_i4,5,evaluation,problem_tree,256,50,sampled_bag_fisher,31,1,3.0,0.044984920881425694,0.37222666806876353,3,768,91,3,0.5820316770118995,0.15707752758881183,27,0.044984920881425694,0.9639699816645407,0.9639699816645407,0.0,0,1,0.013258007730223436,0.03561810280550401,,-1,0
ct_w5_i4,5,evaluation,problem_tree,256,101,sampled_bag_fisher,31,1,5.0,0.03640014560621019,0.4215252868979511,5,1280,91,3,0.6186818902734644,0.025402129189542745,28,0.03640014560621019,0.9684696393530664,0.9684696393530664,0.0,0,1,0.010590954013101754,0.025125311202660455,,-1,0
ct_w5_i4,5,evaluation,width2,256,0,sampled_bag_fisher,42,0,,1.000082929172967,0.32626255171014445,199,50944,253,6,0.6533794372738795,0.5786271954781431,38,1.000082929172967,2.4877771054613564e-14,0.9987694358028939,1.0,6,1,2.057664871679531e-05,6.30677612522195e-05,93781853100.39153,41,1
ct_w5_i4,5,evaluation,width2,256,19,sampled_bag_fisher,42,0,,1.0001481780914219,0.3053647200322589,199,50944,253,6,0.6207380075719351,0.5557701807459107,38,1.0001481780914219,2.2012636316422637e-13,0.9109138815109893,1.0,6,1,5.5959386808360045e-05,0.0001832542633033982,658735627311.636,42,1
ct_w5_i4,5,evaluation,width2,256,42,sampled_bag_fisher,42,0,,1.0002591317148166,0.2684051950055966,199,50944,253,6,0.5763778057219581,0.47639673415809447,41,1.0002591317148166,7.476563883639335e-17,0.5962116663424853,1.0,8,1,8.588414292806239e-05,0.00031997943603987095,,-1,0
ct_w5_i4,5,evaluation,width2,256,50,sampled_bag_fisher,42,0,,1.000106209123345,0.40901301946140406,199,50944,253,6,0.6387314567699947,0.5882883430537852,41,1.000106209123345,3.0445720469587617e-18,0.841593356169124,1.0,8,1,2.7552583105915037e-05,6.736358451913534e-05,,-1,0
ct_w5_i4,5,evaluation,width2,256,101,sampled_bag_fisher,42,0,,1.0000806374577191,0.3452548524297551,199,50944,253,6,0.6289496111190115,0.6353976299458605,41,1.0000806374577191,1.6116144500701945e-13,0.7797320845666529,1.0,9,1,2.263283553743386e-05,6.555399693343541e-05,,-1,0
ct_w5_i4,5,evaluation,width3,256,0,sampled_bag_fisher,48,1,4.0,0.05348988013106215,0.2612066076802507,4,1024,439,10,0.5492800553436779,0.5314330544241697,44,0.05348988013106215,0.9499933630866237,0.9499933630866237,0.0,0,1,0.013962149645005688,0.0534525132001909,,-1,0
ct_w5_i4,5,evaluation,width3,256,19,sampled_bag_fisher,48,0,,1.0001510068738408,0.23175850541696338,199,50944,439,10,0.7597802169705261,0.7499536369954152,48,1.0001510068738408,3.7078877852225575e-14,0.9727962616945975,1.0,6,1,4.706913823414049e-05,0.0002030956238238465,718703042972.0566,43,1
ct_w5_i4,5,evaluation,width3,256,42,sampled_bag_fisher,48,1,13.0,0.05363692530333353,0.17997390068888205,13,3328,439,10,0.7468687390598676,0.7443802476579842,48,0.05363692530333353,0.9473301943276201,0.9473301943276201,0.0,0,1,0.030265446686916008,0.16816575387358743,,-1,0
ct_w5_i4,5,evaluation,width3,256,50,sampled_bag_fisher,48,0,,1.0001851789472944,0.21182371661140223,199,50944,439,10,0.6187020277552733,0.619038355448949,48,1.0001851789472944,1.2031221204658666e-16,0.7851205775846897,1.0,9,1,5.4412935090658226e-05,0.0002568783890733095,,-1,0
ct_w5_i4,5,evaluation,width3,256,101,sampled_bag_fisher,48,0,,1.00010705571907,0.30413134576060497,199,50944,439,10,0.49975321471440737,0.5266828177428277,42,1.00010705571907,9.64594850252048e-15,0.9531690877160683,1.0,6,1,2.6896499393660222e-05,8.843711695154115e-05,829361218555.6099,40,1
ct_w5_i5,5,evaluation,chain,256,0,sampled_bag_fisher,31,0,,1.0000446698757983,0.3602525385031582,199,50944,91,3,0.7930141522335021,-0.6405448166117407,28,1.0000446698757983,1.3665911808785471e-40,0.9999614820179161,1.0,9,1,1.2027202836033824e-05,3.338547699346298e-05,292670.28003327723,31,1
ct_w5_i5,5,evaluation,chain,256,19,sampled_bag_fisher,31,0,,1.0000443794538487,0.3352478989959929,199,50944,91,3,0.7713050518840698,-0.6584749084415875,26,1.0000443794538487,6.380455125423765e-36,0.9830619529465239,1.0,10,1,1.1073223807228376e-05,3.302995735511151e-05,386096262.26566195,31,1
ct_w5_i5,5,evaluation,chain,256,42,sampled_bag_fisher,31,0,,2.000043620371301,0.31198063522941216,199,50944,91,3,0.9137927932841743,-0.7815163999258574,27,2.000043620371301,5.661514319303172e-35,0.7195176876603872,2.0,10,1,1.570967921498426e-05,5.035466128669264e-05,,-1,0
ct_w5_i5,5,evaluation,chain,256,50,sampled_bag_fisher,31,0,,2.0000181061122344,0.2901893095703368,199,50944,91,3,0.8168068209965198,-0.6972112790345876,27,2.0000181061122344,4.5232855707172175e-29,0.842182552858125,2.0,6,1,4.692318901286502e-06,1.6169854458918883e-05,,-1,0
ct_w5_i5,5,evaluation,chain,256,101,sampled_bag_fisher,31,0,,1.0001972003142559,0.3305809319981202,199,50944,91,3,0.7835470950742204,-0.6806323418933049,26,1.0001972003142559,1.5954803201839724e-37,0.9998540299167105,1.0,12,1,5.371149726784559e-05,0.00016247609002491108,2232067.3420425886,31,1
ct_w5_i5,5,evaluation,problem_tree,256,0,sampled_bag_fisher,31,1,5.0,0.04685839018114102,0.3175527575161361,5,1280,91,3,0.6004632255970509,0.4335218694742865,31,0.04685839018114102,0.9581609036867311,0.9581609036867311,0.0,0,1,0.017876614484927382,0.05629494331825791,,-1,0
ct_w5_i5,5,evaluation,problem_tree,256,19,sampled_bag_fisher,31,1,5.0,0.05747274598138574,0.3853179386490582,5,1280,91,3,0.5245831878245956,0.3045483360884392,28,0.05747274598138574,0.9484735940904133,0.9484735940904133,0.0,0,1,0.019965834895378672,0.051816520573580806,,-1,0
ct_w5_i5,5,evaluation,problem_tree,256,42,sampled_bag_fisher,31,0,,1.0002228270432116,0.3567284678144566,199,50944,91,3,0.7065647232842894,0.45697304792847576,29,1.0002228270432116,3.6162064419826996e-19,0.5600597622825441,1.0,7,1,8.688444761754727e-05,0.00024355905249125797,,-1,0
ct_w5_i5,5,evaluation,problem_tree,256,50,sampled_bag_fisher,31,1,3.0,0.08494470028294998,0.4141397554180411,3,768,91,3,0.6002748046834883,0.35872212381722857,29,0.08494470028294998,0.9221934778378359,0.9221934778378359,0.0,0,1,0.02876170405333348,0.06944927087306754,,-1,0
ct_w5_i5,5,evaluation,problem_tree,256,101,sampled_bag_fisher,31,1,4.0,0.08371192410417194,0.35659906473426856,4,1024,91,3,0.6235965393869083,0.29765544958747775,30,0.08371192410417194,0.9202194579404596,0.9202194579404596,0.0,0,1,0.03455588105570328,0.09690401482531572,,-1,0
ct_w5_i5,5,evaluation,width2,256,0,sampled_bag_fisher,42,1,4.0,0.04056852096967489,0.232445397751541,4,1024,266,6,0.6443801281198661,0.6239489953331251,40,0.04056852096967489,0.9618012383164325,0.9618012383164325,0.0,0,1,0.013517919251104998,0.058155245842097476,,-1,0
ct_w5_i5,5,evaluation,width2,256,19,sampled_bag_fisher,42,1,4.0,0.051652856395479674,0.19131718964998062,4,1024,266,6,0.7295182968621526,0.7084333411610757,42,0.051652856395479674,0.9539418449328912,0.9539418449328912,0.0,0,1,0.014445568735791331,0.07550585894670439,,-1,0
ct_w5_i5,5,evaluation,width2,256,42,sampled_bag_fisher,42,0,,1.0003312504862265,0.24877627691841572,199,50944,266,6,0.6675024015285356,0.6140516198398631,39,1.0003312504862265,9.127301321049511e-09,0.7068365000732234,1.0,6,1,0.00011565926248003514,0.000464912747761575,,-1,0
ct_w5_i5,5,evaluation,width2,256,50,sampled_bag_fisher,42,1,3.0,0.05573760161020225,0.29203516338120145,3,768,266,6,0.6950407499537381,0.6227210983641258,40,0.05573760161020225,0.952820208529462,0.952820208529462,0.0,0,1,0.016595939650886612,0.056828566323102264,,-1,0
ct_w5_i5,5,evaluation,width2,256,101,sampled_bag_fisher,42,0,,1.000189056978094,0.24869950425870047,199,50944,266,6,0.6558947077136243,0.6038289201372286,39,1.000189056978094,4.909510458272274e-18,0.7845821505779538,1.0,8,1,5.6525143834673344e-05,0.00022728289709767637,,-1,0
ct_w5_i5,5,evaluation,width3,256,0,sampled_bag_fisher,46,1,4.0,0.0440546574936036,0.23189063489857858,4,1024,400,9,0.6814927835558205,0.650702197461688,45,0.0440546574936036,0.9617097773233323,0.9617097773233323,0.0,0,1,0.015588174726336845,0.06722209688698556,,-1,0
ct_w5_i5,5,evaluation,width3,256,19,sampled_bag_fisher,46,0,,1.0003073748756215,0.17718802385374122,199,50944,400,9,0.6822719494239189,0.6537949634649115,43,1.0003073748756215,1.0733668183081386e-18,0.6230054137728265,1.0,9,1,7.967741275405529e-05,0.0004496771904845247,,-1,0
ct_w5_i5,5,evaluation,width3,256,42,sampled_bag_fisher,46,0,,1.0003963512425038,0.2934184246111206,199,50944,400,9,0.6137016836713944,0.6004401376486513,45,1.0003963512425038,1.0010426488458284e-16,0.8198402386046012,1.0,8,1,0.00010711594454698749,0.00036506209413724654,,-1,0
ct_w5_i5,5,evaluation,width3,256,50,sampled_bag_fisher,46,0,,1.0002586588765663,0.1942516871492727,199,50944,400,9,0.6951449678388113,0.672356164946481,45,1.0002586588765663,3.5863702689976117e-11,0.9997924947075624,1.0,9,1,6.185458326072282e-05,0.00031842494738895454,7423513.204593502,46,1
ct_w5_i5,5,evaluation,width3,256,101,sampled_bag_fisher,46,0,,1.0001976526761585,0.3359218777728264,199,50944,400,9,0.6562245847043717,0.6402895877724388,46,1.0001976526761585,7.911831695746561e-22,0.9998608987093321,1.0,9,1,5.254930186175831e-05,0.00015643310346489484,15769294111.387018,46,1
ct_w6_i1,6,calibration,chain,256,0,sampled_bag_fisher,31,0,,1.0001031950071528,0.29621911753583,199,50944,91,3,0.8133488693688542,-0.6531875950043958,24,1.0001031950071528,5.409189399317747e-35,0.7332304769620632,1.0,7,1,2.8488454786930597e-05,9.617358603968124e-05,,-1,0
ct_w6_i1,6,calibration,chain,256,19,sampled_bag_fisher,31,0,,1.0000830566321426,0.35823455824270495,199,50944,91,3,0.8718562001360323,-0.7800099691901416,27,1.0000830566321426,6.058703321156823e-29,0.9968897939869087,1.0,7,1,2.377014779533295e-05,6.635358663311485e-05,34673537.19130619,31,1
ct_w6_i1,6,calibration,chain,256,42,sampled_bag_fisher,31,0,,1.0001245855421885,0.3243582426436643,199,50944,91,3,0.8860036176857545,-0.7357474112395563,29,1.0001245855421885,3.8455585110141054e-27,0.941868127033298,1.0,6,1,2.872833625947942e-05,8.856977404159879e-05,49259421.59957931,31,1
ct_w6_i1,6,calibration,chain,256,50,sampled_bag_fisher,31,0,,3.0001149147233157,0.2646687896412005,199,50944,91,3,0.8468648836199122,-0.6793073448879207,29,3.0001149147233157,1.2471927506119603e-30,0.6255618488648463,3.0,8,1,3.0475140546891496e-05,0.00011514444369585574,,-1,0
ct_w6_i1,6,calibration,chain,256,101,sampled_bag_fisher,31,0,,1.0000996283795178,0.3817846841866565,199,50944,91,3,0.8802776280599812,-0.8097450808038904,26,1.0000996283795178,2.764630444728331e-34,0.9999268211828046,1.0,9,1,2.2328684897123164e-05,5.8485020017740036e-05,106258.37719849363,31,1
ct_w6_i1,6,calibration,problem_tree,256,0,sampled_bag_fisher,31,1,4.0,0.024855413756657896,0.5131726336004605,4,1024,91,3,0.6354660794408161,-0.10516157410128138,30,0.024855413756657896,0.9854553677857852,0.9854553677857852,0.0,0,1,0.0063914507861583605,0.012454777140619185,,-1,0
ct_w6_i1,6,calibration,problem_tree,256,19,sampled_bag_fisher,31,1,4.0,0.06352055435504766,0.29626453789740426,4,1024,91,3,0.5985744425482598,-0.09540703676521325,28,0.06352055435504766,0.9628914168309548,0.9628914168309548,0.0,0,1,0.016439220236433176,0.05548831579068718,,-1,0
ct_w6_i1,6,calibration,problem_tree,256,42,sampled_bag_fisher,31,0,,1.000113168667088,0.3099155325227218,199,50944,91,3,0.7048309711664928,-0.06987783521646398,27,1.000113168667088,3.5601758777265265e-13,0.8165643680771146,1.0,5,1,2.9386145656684044e-05,9.481985435670142e-05,,-1,0
ct_w6_i1,6,calibration,problem_tree,256,50,sampled_bag_fisher,31,1,3.0,0.07358302126315053,0.509750719982613,3,768,91,3,0.6228498686798936,0.043398531985476614,30,0.07358302126315053,0.959000023717329,0.959000023717329,0.0,0,1,0.020464535498833872,0.040146163009896076,,-1,0
ct_w6_i1,6,calibration,problem_tree,256,101,sampled_bag_fisher,31,1,3.0,0.05100995964957633,0.4115350888542966,3,768,91,3,0.6491502327869874,0.12436485374614949,29,0.05100995964957633,0.9753899128984616,0.9753899128984616,0.0,0,1,0.014922759711859109,0.0362612086211256,,-1,0
ct_w6_i1,6,calibration,width2,256,0,sampled_bag_fisher,42,0,,1.00016491898106,0.16496692634560198,199,50944,255,6,0.7204844141409716,0.5906611315268333,41,1.00016491898106,8.03167229613703e-15,0.9920798231908143,1.0,5,1,4.203976637397757e-05,0.00025483754413842453,16075763666.052443,42,1
ct_w6_i1,6,calibration,width2,256,19,sampled_bag_fisher,42,0,,1.0003534490493013,0.25233905246024185,199,50944,255,6,0.7942783776813034,0.738081233306883,41,1.0003534490493013,1.0029624804539311e-22,0.8174021300179498,1.0,8,1,9.130208819957682e-05,0.0003618230603206463,,-1,0
ct_w6_i1,6,calibration,width2,256,42,sampled_bag_fisher,42,0,,1.0000642905375035,0.25535428881863226,199,50944,255,6,0.6118894921202467,0.5455256861158686,41,1.0000642905375035,3.0865118998216466e-18,0.8777492440518438,1.0,7,1,1.5025274302033813e-05,5.884089267326014e-05,,-1,0
ct_w6_i1,6,calibration,width2,256,50,sampled_bag_fisher,42,0,,1.0001184074363252,0.231784833930939,199,50944,255,6,0.5853562270286219,0.48150511092998166,38,1.0001184074363252,1.3033846355508585e-19,0.9999259435074442,1.0,7,1,3.207943878646317e-05,0.0001384018024061977,82545961.06257905,42,1
ct_w6_i1,6,calibration,width2,256,101,sampled_bag_fisher,42,0,,1.000186828538471,0.35844302653337945,199,50944,255,6,0.5838026723113136,0.5369650300266079,41,1.000186828538471,3.384532632664332e-17,0.9998438798964316,1.0,7,1,6.80489732615996e-05,0.0001898459956655417,15124760.624596499,42,1
ct_w6_i1,6,calibration,width3,256,0,sampled_bag_fisher,48,1,2.0,0.09327559982137146,0.43787638089141395,2,512,443,10,0.631508958513526,0.6224830669495047,48,0.09327559982137146,0.9198266170804831,0.9198266170804831,0.0,0,1,0.031546162385610164,0.0720435350301141,,-1,0
ct_w6_i1,6,calibration,width3,256,19,sampled_bag_fisher,48,0,,1.0000578907678346,0.3058958109578249,199,50944,443,10,0.7044160768371222,0.6869191613863667,48,1.0000578907678346,1.640255694212544e-13,0.96259043937592,1.0,5,1,1.586654020937444e-05,5.186909935017718e-05,316471290827.53955,46,1
ct_w6_i1,6,calibration,width3,256,42,sampled_bag_fisher,48,1,4.0,0.03286693793733697,0.2257244419533568,4,1024,443,10,0.7218183304564111,0.7152838075121756,48,0.03286693793733697,0.9756101331685776,0.9756101331685776,0.0,0,1,0.010527674250124177,0.04663949618845261,,-1,0
ct_w6_i1,6,calibration,width3,256,50,sampled_bag_fisher,48,1,6.0,0.07797064462748438,0.26827471268775227,6,1536,443,10,0.6739515145487376,0.6216491102351273,46,0.07797064462748438,0.9483710491911007,0.9483710491911007,0.0,0,1,0.03175934722537927,0.11838367808576988,,-1,0
ct_w6_i1,6,calibration,width3,256,101,sampled_bag_fisher,48,1,4.0,0.03964798928920743,0.28773322630757375,4,1024,443,10,0.6433159100251723,0.6520267093733875,47,0.03964798928920743,0.9704354611140747,0.9704354611140747,0.0,0,1,0.012411738050190493,0.04313626969491145,,-1,0
ct_w6_i2,6,evaluation,chain,256,0,sampled_bag_fisher,31,0,,3.000090684428235,0.32484241381750173,199,50944,91,3,0.7471796725470052,-0.537230765393906,25,3.000090684428235,3.376268883833113e-36,0.6759826024038453,3.0,7,1,2.168800520606451e-05,6.676469661455277e-05,,-1,0
ct_w6_i2,6,evaluation,chain,256,19,sampled_bag_fisher,31,0,,2.0000671254502507,0.3264140483600244,199,50944,91,3,0.8307523083241284,-0.6835787860916807,27,2.0000671254502507,1.402896117753007e-38,0.9999508504870915,2.0,11,1,1.9470152284064626e-05,5.964863455444681e-05,128888.41369044526,31,1
ct_w6_i2,6,evaluation,chain,256,42,sampled_bag_fisher,31,0,,2.0000570857488533,0.3861925801163965,199,50944,91,3,0.8323336001653809,-0.5674079669294728,27,2.0000570857488533,3.436354155880181e-37,0.9981090662570561,2.0,8,1,1.2770363638563154e-05,3.3067345920302846e-05,2418031.7095806245,31,1
ct_w6_i2,6,evaluation,chain,256,50,sampled_bag_fisher,31,0,,2.0000937016745493,0.3850882807350839,199,50944,91,3,0.7830706333384067,-0.43284384036499574,27,2.0000937016745493,1.3207842874997323e-34,0.9995656596680337,2.0,9,1,2.3182890307826546e-05,6.020149526122529e-05,4177030.8195502004,31,1
ct_w6_i2,6,evaluation,chain,256,101,sampled_bag_fisher,31,0,,2.0002097627155955,0.3518366331559868,199,50944,91,3,0.8996728913665817,-0.6732606673645382,28,2.0002097627155955,1.306210366393951e-36,0.9998811659208188,2.0,9,1,5.962088798910472e-05,0.00016945616905864318,348169.3899797151,31,1
ct_w6_i2,6,evaluation,problem_tree,256,0,sampled_bag_fisher,31,1,3.0,0.030969767394159575,0.6002515749004488,3,768,91,3,0.5361415257031552,0.3918296791814199,28,0.030969767394159575,0.9741857043429121,0.9741857043429121,0.0,0,1,0.00867511174529215,0.01445245978193545,,-1,0
ct_w6_i2,6,evaluation,problem_tree,256,19,sampled_bag_fisher,31,1,4.0,0.03239914221811091,0.4052537406953464,4,1024,91,3,0.5885761942826812,0.31167296829962593,29,0.03239914221811091,0.9711126677363484,0.9711126677363484,0.0,0,1,0.010911519964694187,0.02692515544945218,,-1,0
ct_w6_i2,6,evaluation,problem_tree,256,42,sampled_bag_fisher,31,1,4.0,0.08722353736752986,0.49516045283747556,4,1024,91,3,0.4743362158951165,0.2045188673962144,25,0.08722353736752986,0.9201361887138522,0.9201361887138522,0.0,0,1,0.037726239272080284,0.07618992804432023,,-1,0
ct_w6_i2,6,evaluation,problem_tree,256,50,sampled_bag_fisher,31,1,3.0,0.049470142762071845,0.6086435094427692,3,768,91,3,0.5290113847086025,0.28458121033401745,28,0.049470142762071845,0.9603667377746933,0.9603667377746933,0.0,0,1,0.014101510259004236,0.023168751560194205,,-1,0
ct_w6_i2,6,evaluation,problem_tree,256,101,sampled_bag_fisher,31,1,3.0,0.0739616530916507,0.48738555004392736,3,768,91,3,0.49547647041769705,0.3683329029974372,27,0.0739616530916507,0.9366046568003423,0.9366046568003423,0.0,0,1,0.019727036676500564,0.040475218591775226,,-1,0
ct_w6_i2,6,evaluation,width2,256,0,sampled_bag_fisher,42,1,3.0,0.058091180001904164,0.3887415315194212,3,768,259,6,0.6112609279754393,0.5556951778617877,39,0.058091180001904164,0.952654499972396,0.952654499972396,0.0,0,1,0.016034283927332017,0.04124664494853686,,-1,0
ct_w6_i2,6,evaluation,width2,256,19,sampled_bag_fisher,42,0,,1.0001120871830356,0.2465190470570365,199,50944,259,6,0.6482079042648743,0.5869252802640078,41,1.0001120871830356,1.0859347796569114e-15,0.9990212115516808,1.0,9,1,2.5219023360225277e-05,0.00010230050643669093,1934528018.7216482,42,1
ct_w6_i2,6,evaluation,width2,256,42,sampled_bag_fisher,42,1,4.0,0.09508093966186237,0.23529184046261586,4,1024,259,6,0.7012739036865105,0.6326805196364836,41,0.09508093966186237,0.912406266072193,0.912406266072193,0.0,0,1,0.02922338088118862,0.12420057076238371,,-1,0
ct_w6_i2,6,evaluation,width2,256,50,sampled_bag_fisher,42,1,4.0,0.09090575762576592,0.27943349598095035,4,1024,259,6,0.4462911983674516,0.27638113220667665,38,0.09090575762576592,0.9273960710930617,0.9273960710930617,0.0,0,1,0.030864860536854544,0.11045512073813325,,-1,0
ct_w6_i2,6,evaluation,width2,256,101,sampled_bag_fisher,42,1,4.0,0.03504751452778798,0.5339349522014802,4,1024,259,6,0.620683048206665,0.5409458914283478,39,0.03504751452778798,0.9685753339403557,0.9685753339403557,0.0,0,1,0.009465572447122737,0.01772795058292214,,-1,0
ct_w6_i2,6,evaluation,width3,256,0,sampled_bag_fisher,47,1,4.0,0.038481008375264025,0.24623177613654695,4,1024,420,10,0.7126126714469587,0.706400495332818,46,0.038481008375264025,0.963813532107548,0.963813532107548,0.0,0,1,0.015709584468887147,0.06379998843112536,,-1,0
ct_w6_i2,6,evaluation,width3,256,19,sampled_bag_fisher,47,0,,1.0001170644222928,0.2578737114380341,199,50944,420,10,0.630914336709428,0.6236677980183666,44,1.0001170644222928,5.185538302846927e-18,0.9999184845287269,1.0,9,1,3.0129457199422922e-05,0.00011683803297127825,1123877999.5035636,47,1
ct_w6_i2,6,evaluation,width3,256,42,sampled_bag_fisher,47,1,5.0,0.0820294681956284,0.2670066700187851,5,1280,420,10,0.6542994595987983,0.6490406282542589,47,0.0820294681956284,0.9241880055418004,0.9241880055418004,0.0,0,1,0.02782913828171607,0.10422637861353115,,-1,0
ct_w6_i2,6,evaluation,width3,256,50,sampled_bag_fisher,47,1,3.0,0.06683632629070857,0.30668363163146933,3,768,420,10,0.7258757423075595,0.6974246577756027,46,0.06683632629070857,0.9391427575479968,0.9391427575479968,0.0,0,1,0.018821050166443257,0.06136959467422714,,-1,0
ct_w6_i2,6,evaluation,width3,256,101,sampled_bag_fisher,47,1,4.0,0.05081147490004412,0.5022016010045529,4,1024,420,10,0.6966316181137653,0.6644794968316182,43,0.05081147490004412,0.9529179190546285,0.9529179190546285,0.0,0,1,0.01348684192089695,0.026855433941109,,-1,0
ct_w6_i3,6,evaluation,chain,256,0,sampled_bag_fisher,31,0,,2.0000740754026847,0.3571645833329178,199,50944,91,3,0.7392360479836598,-0.5836661575066153,25,2.0000740754026847,2.8701752489390592e-36,0.9087223947584592,2.0,8,1,1.997363353928896e-05,5.592277194144771e-05,5825225221.392051,31,1
ct_w6_i3,6,evaluation,chain,256,19,sampled_bag_fisher,31,0,,1.0001564204807387,0.28932089768999186,199,50944,91,3,0.8615861897650176,-0.7539982971956163,26,1.0001564204807387,2.058830885230553e-31,0.8892417769243929,1.0,10,1,4.405602531738417e-05,0.00015227391339214742,,-1,0
ct_w6_i3,6,evaluation,chain,256,42,sampled_bag_fisher,31,0,,1.000038629469163,0.3247664580818638,199,50944,91,3,0.8376510137531445,-0.7769803589155134,28,1.000038629469163,2.874068172281006e-42,0.9577337197348069,1.0,7,1,1.1955980219508841e-05,3.681408569752946e-05,11971821922.497713,31,1
ct_w6_i3,6,evaluation,chain,256,50,sampled_bag_fisher,31,0,,2.0000802915215967,0.31790344082761324,199,50944,91,3,0.7647391315842428,-0.744838818906257,24,2.0000802915215967,7.230526459105537e-26,0.8448955567170143,2.0,7,1,2.336164626578638e-05,7.348661028948882e-05,,-1,0
ct_w6_i3,6,evaluation,chain,256,101,sampled_bag_fisher,31,0,,1.0001388139117129,0.357234686043013,199,50944,91,3,0.8362493557382713,-0.7069852346464838,27,1.0001388139117129,2.794145536642645e-32,0.875955602998156,1.0,9,1,4.177359977976182e-05,0.00011693601268811856,,-1,0
ct_w6_i3,6,evaluation,problem_tree,256,0,sampled_bag_fisher,31,1,5.0,0.017144987849192717,0.3328029843839572,5,1280,91,3,0.6075416923939942,0.12176122065398673,28,0.017144987849192717,0.990606454950147,0.990606454950147,0.0,0,1,0.003236457117794034,0.009724844035833855,,-1,0
ct_w6_i3,6,evaluation,problem_tree,256,19,sampled_bag_fisher,31,1,4.0,0.034250493929258496,0.3790302277953092,4,1024,91,3,0.7600266836267107,0.15034208425959208,30,0.034250493929258496,0.9787285458551682,0.9787285458551682,0.0,0,1,0.008024204840099263,0.02117035595491513,,-1,0
ct_w6_i3,6,evaluation,problem_tree,256,42,sampled_bag_fisher,31,1,4.0,0.02615658781875574,0.2996565880235954,4,1024,91,3,0.6436228953796462,0.07289620935580246,30,0.02615658781875574,0.9857925803279701,0.9857925803279701,0.0,0,1,0.004843466654873437,0.016163391189957937,,-1,0
ct_w6_i3,6,evaluation,problem_tree,256,50,sampled_bag_fisher,31,1,4.0,0.03784540560221039,0.3904661540038531,4,1024,91,3,0.4902293788058184,0.002687397517891802,28,0.03784540560221039,0.9805376395660308,0.9805376395660308,0.0,0,1,0.009200170881075158,0.02356201885038254,,-1,0
ct_w6_i3,6,evaluation,problem_tree,256,101,sampled_bag_fisher,31,1,4.0,0.039966994815683776,0.3605419299386392,4,1024,91,3,0.6762375722603687,0.19184030449290385,29,0.039966994815683776,0.9745937437984434,0.9745937437984434,0.0,0,1,0.01174009575954708,0.03256235900646877,,-1,0
ct_w6_i3,6,evaluation,width2,256,0,sampled_bag_fisher,42,0,,1.000135896095589,0.36011414566960825,199,50944,256,6,0.5519263560379515,0.4060304401884455,35,1.000135896095589,6.656816871934889e-19,0.9987042742396877,1.0,8,1,3.5895568529715806e-05,9.967830745157313e-05,1358962617.6728427,42,1
ct_w6_i3,6,evaluation,width2,256,19,sampled_bag_fisher,42,0,,1.0001791010208727,0.25390456549000767,199,50944,256,6,0.7706234257662259,0.6286996534608917,42,1.0001791010208727,1.668720039614989e-29,0.999880109474814,1.0,12,1,4.566909197435973e-05,0.00017986715554414487,25861973366.038418,42,1
ct_w6_i3,6,evaluation,width2,256,42,sampled_bag_fisher,42,0,,1.0001297733076875,0.2626166524048494,199,50944,256,6,0.6042137676934449,0.49098112454843695,42,1.0001297733076875,3.307920027357979e-20,0.9375878366077216,1.0,8,1,2.912804520710681e-05,0.00011091469234861415,193714317621.38226,42,1
ct_w6_i3,6,evaluation,width2,256,50,sampled_bag_fisher,42,0,,1.0000845846030995,0.16615804244560936,199,50944,256,6,0.5155411483210113,0.2810541319782448,41,1.0000845846030995,1.467398929993665e-24,0.9136472054831126,1.0,10,1,2.593264074372045e-05,0.00015607213687660837,522391822316.91614,40,1
ct_w6_i3,6,evaluation,width2,256,101,sampled_bag_fisher,42,0,,1.0001286468170996,0.21582064236463547,199,50944,256,6,0.56485013246006,0.3510237888776062,39,1.0001286468170996,7.068422678534227e-25,0.8194019591082969,1.0,10,1,3.369018355470131e-05,0.00015610269335488648,,-1,0
ct_w6_i3,6,evaluation,width3,256,0,sampled_bag_fisher,47,0,,1.0000958408617056,0.26273551426490277,199,50944,432,9,0.801668423542242,0.7867985477066255,46,1.0000958408617056,7.7865067974249e-16,0.8105215393505649,1.0,8,1,2.723477960276238e-05,0.00010365853919277523,,-1,0
ct_w6_i3,6,evaluation,width3,256,19,sampled_bag_fisher,47,0,,1.0000726611966435,0.1910840051452636,199,50944,432,9,0.6532826027973532,0.6214152944430738,46,1.0000726611966435,8.556590838519908e-25,0.8460163686452248,1.0,12,1,1.686282971750127e-05,8.82482534562849e-05,,-1,0
ct_w6_i3,6,evaluation,width3,256,42,sampled_bag_fisher,47,0,,1.000064310261326,0.21600949652992615,199,50944,432,9,0.6486965167307622,0.5828837777398206,47,1.000064310261326,5.800695945668799e-23,0.6702193450543059,1.0,11,1,1.780156465519622e-05,8.241102794631057e-05,,-1,0
ct_w6_i3,6,evaluation,width3,256,50,sampled_bag_fisher,47,1,4.0,0.04483803784484408,0.21254869786775119,4,1024,432,9,0.6317560557935071,0.5500666868726045,45,0.04483803784484408,0.974518807919994,0.974518807919994,0.0,0,1,0.014898309019237794,0.0700936263957147,,-1,0
ct_w6_i3,6,evaluation,width3,256,101,sampled_bag_fisher,47,0,,1.0001113454546111,0.19000252075613602,199,50944,432,9,0.5943355785320987,0.5873796019500183,46,1.0001113454546111,1.2655328732348644e-24,0.8928766750286873,1.0,12,1,2.8585947703515397e-05,0.00015045036028866595,,-1,0
ct_w6_i4,6,evaluation,chain,256,0,sampled_bag_fisher,31,0,,2.00013605318674,0.27178540066482093,199,50944,91,3,0.736843777630442,-0.6724200387340685,19,2.00013605318674,7.608022785696217e-41,0.9997772622880033,2.0,10,1,3.63282864746721e-05,0.00013366533443595052,1751481.136838039,31,1
ct_w6_i4,6,evaluation,chain,256,19,sampled_bag_fisher,31,0,,1.0002952135046677,0.3542496169663806,199,50944,91,3,0.8358637210974198,-0.7737163039913927,25,1.0002952135046677,1.268718203665374e-31,0.999854409529342,1.0,5,1,7.990080861289141e-05,0.0002255494566151479,660041.1675948628,31,1
ct_w6_i4,6,evaluation,chain,256,42,sampled_bag_fisher,31,0,,1.0000639989744968,0.37422033298454166,199,50944,91,3,0.7571813318800266,-0.715390676091767,27,1.0000639989744968,2.928837084756815e-36,0.9999449469177071,1.0,9,1,2.2561978022779387e-05,6.029062569326339e-05,1047428.3651379935,31,1
ct_w6_i4,6,evaluation,chain,256,50,sampled_bag_fisher,31,0,,1.0002460881037543,0.29972348000165705,199,50944,91,3,0.8308602399925644,-0.774965843158295,25,1.0002460881037543,1.5187783438591018e-24,0.8854472631426495,1.0,4,1,6.553682775439274e-05,0.0002186576365456267,,-1,0
ct_w6_i4,6,evaluation,chain,256,101,sampled_bag_fisher,31,0,,2.0000769814009214,0.35931139492709496,199,50944,91,3,0.8538081158837197,-0.8139943112292491,25,2.0000769814009214,3.3450215942837503e-13,0.9999347248733437,2.0,2,1,2.1790056869995007e-05,6.0643934975722816e-05,279219.99885955744,31,1
ct_w6_i4,6,evaluation,problem_tree,256,0,sampled_bag_fisher,31,1,4.0,0.03989536299086893,0.4892297751156317,4,1024,91,3,0.6280017636843037,0.42147055367283187,28,0.03989536299086893,0.9633162871157116,0.9633162871157116,0.0,0,1,0.01073093556318132,0.021934346822298407,,-1,0
ct_w6_i4,6,evaluation,problem_tree,256,19,sampled_bag_fisher,31,1,5.0,0.06201865019425945,0.285284417992085,5,1280,91,3,0.41711949054781483,0.1779640143035254,25,0.06201865019425945,0.9503200230130587,0.9503200230130587,0.0,0,1,0.028157882159573627,0.09870108699857154,,-1,0
ct_w6_i4,6,evaluation,problem_tree,256,42,sampled_bag_fisher,31,1,4.0,0.09650001233613814,0.36428648731505797,4,1024,91,3,0.4345631968185859,0.15433405598040653,28,0.09650001233613814,0.9209385221327108,0.9209385221327108,0.0,0,1,0.02348210673695674,0.06446054837232525,,-1,0
ct_w6_i4,6,evaluation,problem_tree,256,50,sampled_bag_fisher,31,1,4.0,0.07852376831228192,0.463619199705562,4,1024,91,3,0.5057212504667085,0.28792602131401285,29,0.07852376831228192,0.9267023571922817,0.9267023571922817,0.0,0,1,0.021979120885016874,0.04740770205154468,,-1,0
ct_w6_i4,6,evaluation,problem_tree,256,101,sampled_bag_fisher,31,1,5.0,0.051558949932470455,0.42570759047072165,5,1280,91,3,0.5693219746137834,0.33093695816719965,30,0.051558949932470455,0.9547339231634828,0.9547339231634828,0.0,0,1,0.016663441315196682,0.03914292741825735,,-1,0
ct_w6_i4,6,evaluation,width2,256,0,sampled_bag_fisher,44,1,3.0,0.049623769924176386,0.49967258778576484,3,768,283,6,0.6458959493272594,0.5592341147988951,38,0.049623769924176386,0.9549464636122708,0.9549464636122708,0.0,0,1,0.012186193666895504,0.024388357426003822,,-1,0
ct_w6_i4,6,evaluation,width2,256,19,sampled_bag_fisher,44,0,,1.0001774375279808,0.3406506460794213,199,50944,283,6,0.6749898534046043,0.6206949176317956,40,1.0001774375279808,8.316882727932812e-25,0.7904481374733224,1.0,10,1,4.452004919309925e-05,0.00013069122194683754,,-1,0
ct_w6_i4,6,evaluation,width2,256,42,sampled_bag_fisher,44,1,5.0,0.062328453593744726,0.24996662151166393,5,1280,283,6,0.6077909347413889,0.5262514901405808,43,0.062328453593744726,0.9421718140648755,0.9421718140648755,0.0,0,1,0.026955473141058953,0.10783629021365622,,-1,0
ct_w6_i4,6,evaluation,width2,256,50,sampled_bag_fisher,44,1,6.0,0.024999656498556178,0.24286813671341162,6,1536,283,6,0.6077502744396187,0.5213919835582894,41,0.024999656498556178,0.9774804993895885,0.9774804993895885,0.0,0,1,0.009986850255988368,0.041120463108641606,,-1,0
ct_w6_i4,6,evaluation,width2,256,101,sampled_bag_fisher,44,1,3.0,0.06464478950467445,0.24677240943782427,3,768,283,6,0.6979995930650674,0.6592602504567553,41,0.06464478950467445,0.9453366375814374,0.9453366375814374,0.0,0,1,0.01558984598369593,0.06317499601844218,,-1,0
ct_w6_i4,6,evaluation,width3,256,0,sampled_bag_fisher,48,1,3.0,0.053925543589501856,0.5181870062446876,3,768,435,9,0.5119547070442618,0.509717330140326,45,0.053925543589501856,0.9533108249751242,0.9533108249751242,0.0,0,1,0.013043219321170998,0.02517087299370065,,-1,0
ct_w6_i4,6,evaluation,width3,256,19,sampled_bag_fisher,48,0,,1.0001705118748685,0.29020134469051895,199,50944,435,9,0.6432790525777032,0.6168592833800818,47,1.0001705118748685,1.7374554783263524e-22,0.9780801725382494,1.0,10,1,3.611674866951161e-05,0.00012445410515939475,289911046199.3159,44,1
ct_w6_i4,6,evaluation,width3,256,42,sampled_bag_fisher,48,1,6.0,0.03272280681902906,0.3514676423248785,6,1536,435,9,0.7202469877785082,0.7146672316902171,48,0.03272280681902906,0.9696507901338612,0.9696507901338612,0.0,0,1,0.00929231527427825,0.026438608154115407,,-1,0
ct_w6_i4,6,evaluation,width3,256,50,sampled_bag_fisher,48,1,5.0,0.03922391920369961,0.24045083557798247,5,1280,435,9,0.592243081203994,0.5444786793484815,47,0.03922391920369961,0.9624099053955787,0.9624099053955787,0.0,0,1,0.011636111339472056,0.04839289209164864,,-1,0
ct_w6_i4,6,evaluation,width3,256,101,sampled_bag_fisher,48,1,3.0,0.05510384294285586,0.29922854087034767,3,768,435,9,0.7053490148050728,0.6924652990258698,47,0.05510384294285586,0.9524323742341574,0.9524323742341574,0.0,0,1,0.014471881772979723,0.04836397534435134,,-1,0
ct_w6_i5,6,evaluation,chain,256,0,sampled_bag_fisher,31,0,,3.000061135602163,0.33574962092980365,199,50944,91,3,0.8885850303249743,-0.7680658188198978,25,3.000061135602163,1.8586366274639615e-38,0.7008826010539609,3.0,10,1,1.946975522989986e-05,5.798891202313664e-05,,-1,0
ct_w6_i5,6,evaluation,chain,256,19,sampled_bag_fisher,31,0,,2.0001764089287004,0.3833283283754101,199,50944,91,3,0.8377855841367327,-0.723566855759537,27,2.0001764089287004,8.404432751254934e-36,0.8559350072815485,2.0,10,1,4.823292472668733e-05,0.00012582666387090164,,-1,0
ct_w6_i5,6,evaluation,chain,256,42,sampled_bag_fisher,31,0,,2.000111859556686,0.34645754345568697,199,50944,91,3,0.9301579463841202,-0.7790584254404663,28,2.000111859556686,1.3220403962288445e-35,0.9984259540984293,2.0,11,1,3.801205512971878e-05,0.00010971634431905693,12734291.848744456,31,1
ct_w6_i5,6,evaluation,chain,256,50,sampled_bag_fisher,31,0,,2.0000889555992316,0.33059012257191916,199,50944,91,3,0.713302137522005,-0.6370446880427076,24,2.0000889555992316,2.0578656088001226e-27,0.960146746937146,2.0,7,1,3.346370755444063e-05,0.00010122416028071339,405159817.4581339,31,1
ct_w6_i5,6,evaluation,chain,256,101,sampled_bag_fisher,31,0,,2.0001575245356893,0.35214433041238874,199,50944,91,3,0.8729659192863558,-0.7079081621898433,27,2.0001575245356893,5.1413830854662694e-30,0.999898766041869,2.0,9,1,5.158519961659027e-05,0.00014648879780679682,813706.4625351512,31,1
ct_w6_i5,6,evaluation,problem_tree,256,0,sampled_bag_fisher,31,1,6.0,0.031239030876914597,0.461610983295254,6,1536,91,3,0.5613273758030672,-0.012044330102128338,27,0.031239030876914597,0.9708451186932162,0.9708451186932162,0.0,0,1,0.009483966902171126,0.020545366651523157,,-1,0
ct_w6_i5,6,evaluation,problem_tree,256,19,sampled_bag_fisher,31,1,4.0,0.09400391054250434,0.42144315255788306,4,1024,91,3,0.4306530498536827,0.10370453015118788,28,0.09400391054250434,0.9180420620260714,0.9180420620260714,0.0,0,1,0.02477323101365022,0.058781904186348696,,-1,0
ct_w6_i5,6,evaluation,problem_tree,256,42,sampled_bag_fisher,31,1,6.0,0.05361395210790043,0.3681698650665711,6,1536,91,3,0.4020148539715945,-0.07251260362168112,26,0.05361395210790043,0.9479888502535982,0.9479888502535982,0.0,0,1,0.01888954453055435,0.05130660144370809,,-1,0
ct_w6_i5,6,evaluation,problem_tree,256,50,sampled_bag_fisher,31,1,3.0,0.07665703615890429,0.3677700196080269,3,768,91,3,0.49009447099421927,-0.0015001792038548652,28,0.07665703615890429,0.9330590429184276,0.9330590429184276,0.0,0,1,0.018903651980540483,0.05140074223746729,,-1,0
ct_w6_i5,6,evaluation,problem_tree,256,101,sampled_bag_fisher,31,1,5.0,0.057634739641615695,0.3874580326752524,5,1280,91,3,0.5136805313050137,0.17946432890561362,28,0.057634739641615695,0.9524935367164165,0.9524935367164165,0.0,0,1,0.01438320673516512,0.03712197327760757,,-1,0
ct_w6_i5,6,evaluation,width2,256,0,sampled_bag_fisher,42,0,,1.0002197540842896,0.27392838628590704,199,50944,253,6,0.37978604770896734,0.20611846166535466,39,1.0002197540842896,1.1630293263567089e-20,0.6896808579298117,1.0,7,1,6.056588281736047e-05,0.0002211011558113809,,-1,0
ct_w6_i5,6,evaluation,width2,256,19,sampled_bag_fisher,42,0,,1.0001398549421587,0.3257706664793242,199,50944,253,6,0.4302734000189084,0.22947366407579395,38,1.0001398549421587,8.672816823216179e-18,0.563091562646301,1.0,8,1,4.030931797136669e-05,0.00012373525955236678,,-1,0
ct_w6_i5,6,evaluation,width2,256,42,sampled_bag_fisher,42,0,,1.0001535166219444,0.28868474231652574,199,50944,253,6,0.5825919927754136,0.44460462404119794,41,1.0001535166219444,3.8922799701764344e-17,0.814033316748516,1.0,7,1,3.222160282701155e-05,0.00011161519160469682,,-1,0
ct_w6_i5,6,evaluation,width2,256,50,sampled_bag_fisher,42,0,,1.0001155544584854,0.2512933837135622,199,50944,253,6,0.5930141366727749,0.42586872079862476,40,1.0001155544584854,1.1169564617232885e-22,0.9965689295872355,1.0,8,1,2.4409745222914803e-05,9.71364421227196e-05,518102754181.98895,41,1
ct_w6_i5,6,evaluation,width2,256,101,sampled_bag_fisher,42,0,,1.000130915638664,0.43280791886455877,199,50944,253,6,0.4842847400624715,0.42373042206026545,39,1.000130915638664,6.312487802806539e-21,0.984186626240615,1.0,8,1,2.9488243207916073e-05,6.813240221037639e-05,130672134607.00652,42,1
ct_w6_i5,6,evaluation,width3,256,0,sampled_bag_fisher,47,0,,1.0001208999292057,0.18180088262624253,199,50944,393,9,0.5689665410477762,0.5240542942014323,46,1.0001208999292057,5.074483933611757e-13,0.9288220473510812,1.0,5,1,2.6862194829711637e-05,0.00014775612990249664,811650734506.1802,43,1
ct_w6_i5,6,evaluation,width3,256,19,sampled_bag_fisher,47,1,4.0,0.07984544435064755,0.2568828473492545,4,1024,393,9,0.646254755043111,0.5948511936614032,46,0.07984544435064755,0.9261771198228229,0.9261771198228229,0.0,0,1,0.04002780950479196,0.15582126217392275,,-1,0
ct_w6_i5,6,evaluation,width3,256,42,sampled_bag_fisher,47,1,4.0,0.0534476310607328,0.2119379743125849,4,1024,393,9,0.6704643055390925,0.6384670250363029,46,0.0534476310607328,0.9535225707493744,0.9535225707493744,0.0,0,1,0.013339199090877165,0.06293916479169198,,-1,0
ct_w6_i5,6,evaluation,width3,256,50,sampled_bag_fisher,47,0,,1.0000912484495412,0.23436979274041167,199,50944,393,9,0.5894123155383019,0.5193016592994254,45,1.0000912484495412,4.6001563723693415e-21,0.670423415459595,1.0,8,1,2.0034489714378815e-05,8.548238866503178e-05,,-1,0
ct_w6_i5,6,evaluation,width3,256,101,sampled_bag_fisher,47,0,,1.0001385304008181,0.30136882844434965,199,50944,393,9,0.6053482117659443,0.5755765021887532,46,1.0001385304008181,2.857103038874823e-20,0.7338321015842424,1.0,8,1,3.161144307222073e-05,0.00010489287573435305,,-1,0
