instance_id,width,optimizer,step,success_at_step,alpha,line_trials,projection_displacement,energy,gap,pstar,dominant_index,dominant_probability,dominant_gap,dominant_hamming,dominant_local_min,entropy,effective_support,gradient_rms,gradient_ratio,fisher_condition,fisher_rank,fisher_min_kept,fisher_max,theta_norm,theta_target_cosine,beta_projection,transverse_norm,transverse_ratio,update_norm,update_target_cosine,gradient_update_dot,update_fisher_target_cosine,replay_checkpoint,replay_budget
ct_w5_i1,5,adam,0,False,,0,0.0,-10.993772532330214,1.0062274676697864,1.3050483350482454e-12,9994,0.9691288465953103,1.0,8,True,0.18337423404911674,1.2012638778171987,0.0014052858773519318,1.0,45569088.13024984,51,6.744384006524485e-09,0.3073354291775618,8.309225914671824,0.8586598805473616,1.2712368154556908,4.258858944658905,0.596913660167173,0.14282609756112363,0.27444363727427296,-0.0010891814074566442,0.3055500902361743,199,1000
ct_w5_i1,5,adam,25,False,,0,0.0,-10.999596426507166,1.000403573492834,6.750973158699496e-20,9994,0.9982895271184875,1.0,8,True,0.014909802862485904,1.0150215084521514,0.0001118348709096294,0.07958158031187706,9434214811.26211,51,1.7295237565961499e-12,0.01631669864090908,10.052375748276571,0.7723443001906486,1.3833254999063662,6.385310553588307,0.8224364782133262,0.042134885185707883,0.27227787278729565,-2.3179210769824502e-05,0.4917016753643942,199,1000
ct_w5_i1,5,adam,50,False,,0,0.0,-10.999836777024179,1.0001632229758215,1.1230255008387028e-21,9994,0.9991386642650595,1.0,8,True,0.008016700294531817,1.0080489200775697,4.491397453410819e-05,0.03196073856427164,31394918316.1958,51,2.770645064024937e-13,0.008698417546823399,10.553471997251158,0.75124463011597,1.412607363969959,6.965543403596477,0.878573824131964,0.013854050678172311,0.2568179283362621,-3.5733170276044027e-06,0.565915989694996,199,1000
ct_w5_i1,5,adam,75,False,,0,0.0,-10.999893377293343,1.0001066227066566,2.239554272582116e-22,9994,0.9993372266191483,1.0,8,True,0.00630236407436343,1.006322265758078,2.8905799501177354e-05,0.02056933750422822,49959435276.41092,51,1.3881997150573145e-13,0.006935367381513798,10.766606173967814,0.7426800148702744,1.4247061140427009,7.209819824136818,0.9016621655844036,0.008533098609529924,0.25487489691097964,-1.4547135835832146e-06,0.5539242705290373,199,1000
ct_w5_i1,5,adam,100,False,,0,0.0,-10.999921273937632,1.0000787260623678,7.104995245954275e-23,9994,0.9994474192797798,1.0,8,True,0.005331707820688221,1.0053459466693768,2.114218433510112e-05,0.01504475685398665,69050482258.10577,51,8.569745467297052e-14,0.005917450573460774,10.920855184977212,0.7366867488051765,1.4334555463454006,7.385055291991342,0.9179398942467296,0.006912735344841083,0.2589043824397357,-8.545274968592128e-07,0.5178001980617604,199,1000
ct_w5_i1,5,adam,125,False,,0,0.0,-10.999938732921787,1.0000612670782125,2.676550200867772e-23,9994,0.9995254079862176,1.0,8,True,0.004635918398934438,1.004646680893557,1.635525645728495e-05,0.011638383848348482,90630664449.80568,51,5.704612278124514e-14,0.005170128011949444,11.052163990803452,0.7317254317144376,1.4409210734857725,7.533149565031061,0.9314962701330869,0.005971689080594428,0.2621314309950163,-5.662616587338386e-07,0.48834716203820655,199,1000
ct_w5_i1,5,adam,150,False,,0,0.0,-10.99995065420348,1.0000493457965192,1.1321590747805013e-23,9994,0.9995842966842615,1.0,8,True,0.004104693479690961,1.004113129272137,1.3119645420009429e-05,0.009335926327482633,115022068039.98163,51,3.991157500185506e-14,0.004590711895446202,11.16795459896632,0.7274506045269243,1.4475109974997697,7.663004316602296,0.9432393738736686,0.005269138217873754,0.2643713751611194,-3.985136298624435e-07,0.4659166052735536,199,1000
ct_w5_i1,5,adam,175,False,,0,0.0,-10.999959218206623,1.000040781793377,5.248041666704459e-24,9994,0.9996302827138843,1.0,8,True,0.003685709598900514,1.0036925101789451,1.0811416825532822e-05,0.007693393209007018,142246957312.3123,51,2.9028096965258256e-14,0.004129158469874753,11.271541338213709,0.7237011465968719,1.4534071486098779,7.778642904819977,0.953589072923745,0.00471218485806912,0.2659982887518394,-2.9253177914969056e-07,0.4481326447460404,199,1000
ct_w5_i1,5,adam,200,False,,0,0.0,-10.999965606174968,1.0000343938250325,2.621271922175147e-24,9994,0.9996671266179239,1.0,8,True,0.0033469826041239224,1.003352590004612,9.098323658679386e-06,0.006474357855089192,172287541110.80826,51,2.1786117581682286e-14,0.0037534766284989893,11.365202011245689,0.7203689611719598,1.4587365829361303,7.882802520483653,0.96282752075515,0.004260034628971741,0.2672398594539399,-2.2192152028846996e-07,0.43346672708143263,199,1000
ct_w5_i1,5,adam,225,False,,0,0.0,-10.999970515545373,1.0000294844546271,1.3927422570453453e-24,9994,0.9996972784931554,1.0,8,True,0.003067500454281889,1.0030722100481295,7.78670625530122e-06,0.005541012245831573,205130551104.26254,51,1.677952804704778e-14,0.0034419938355603414,11.450654173528832,0.7173750341463725,1.4635962230302828,7.977524241492169,0.9711617647082682,0.0038865320947792667,0.26822402557694786,-1.7290219549371133e-07,0.4210094447803848,199,1000
ct_w5_i1,5,adam,250,False,,0,0.0,-10.999974381789169,1.000025618210831,7.793705049245147e-25,9994,0.9997223970866115,1.0,8,True,0.002832924190252749,1.0028369407119249,6.756784208194628e-06,0.004808120765382528,240776767338.4853,51,1.3205655310267696e-14,0.003179614996192558,11.529222984150321,0.7146599575752692,1.4680613708519805,8.064369205197915,0.9787480604532194,0.0035733510297912088,0.2690270898329558,-1.3770988789824336e-07,0.41019163483183374,199,1000
ct_w5_i1,5,adam,275,False,,0,0.0,-10.999977489003893,1.0000225109961072,4.557531628000129e-25,9994,0.9997436408328217,1.0,8,True,0.002633165418852257,1.0026366352437863,5.9309713854177265e-06,0.004220473201220685,279216804812.01385,51,1.0585203188401718e-14,0.0029555666125514694,11.601946652102122,0.7121781637216297,1.4721912792794856,8.144552197048448,0.9857066653589818,0.003307290825823626,0.2696974491076782,-1.1172694378478566e-07,0.400636587303317,199,1000
ct_w5_i1,5,adam,300,False,,0,0.0,-10.999980029388857,1.0000199706111434,2.7676997133718294e-25,9994,0.999761841005554,1.0,8,True,0.0024609350577209374,1.0024639656439154,5.257070850155029e-06,0.0037409262662350643,320462266090.31085,51,8.618744065241792e-15,0.0027619822539998026,11.669650557167584,0.7098940690078942,1.4760331873625643,8.219033645462064,0.9921317750906932,0.003078654214156025,0.27026737626247327,-9.20833779891569e-08,0.39208306874109145,199,1000
ct_w5_i1,5,adam,325,False,,0,0.0,-10.999982137024976,1.0000178629750245,1.7367061191115556e-25,9994,0.9997776085016459,1.0,8,True,0.0023108422037725024,1.0023135142574529,4.698831214228424e-06,0.003343683509495396,364532343908.2218,51,7.11321540284982e-15,0.0025929970835249106,11.733000068066044,0.7077794303158537,1.479625247254701,8.288584204757855,0.9980983641497091,0.002880186551259583,0.2707592734268005,-7.692791931403651e-08,0.3843429061266157,199,1000
ct_w5_i1,5,adam,350,False,,0,0.0,-10.99998390793931,1.0000160920606902,1.1214159917560473e-25,9994,0.9997914017772439,1.0,8,True,0.002178817126139921,1.00218119247301,4.23038377322439e-06,0.0030103367872706204,411405312113.6148,51,5.940991647709006e-15,0.0024441555230901024,11.792538515174861,0.7058114994690027,1.4829986521236778,8.3538306819424,1.0036669777525165,0.002706367321932468,0.27118921238618593,-6.502778172168465e-08,0.37727624523770664,199,1000
ct_w5_i1,5,adam,375,False,,0,0.0,-10.999985412486781,1.0000145875132187,7.426180036398105e-26,9994,0.9998035713128491,1.0,8,True,0.002061731323118486,1.002063858152542,3.83283253932303e-06,0.0027274397338607546,461125743117.7001,51,5.0138493265380075e-15,0.002312014996580019,11.84871482115535,0.7039717113883639,1.486179196040386,8.41528917665068,1.0088871482864916,0.002552929226533057,0.271569034824436,-5.5539077110079144e-08,0.37077638561670195,199,1000
ct_w5_i1,5,adam,400,False,,0,0.0,-10.999986703247332,1.0000132967526678,5.0291127373165435e-26,9994,0.9998143894740844,1.0,8,True,0.0019571409226898685,1.001959057373036,3.4920912036636854e-06,0.0024849685462178354,513708659929.49646,51,4.2706600392125155e-15,0.002193875045758312,11.901903885064934,0.7022447349541064,1.4891884309095778,8.473389365097267,1.0137998737743037,0.002416526145522278,0.2719076812305465,-4.7870031483799317e-08,0.36476010959495,199,1000
ct_w5_i1,5,adam,425,False,,0,0.0,-10.999987820210059,1.000012179789941,3.4746158339527897e-26,9994,0.9998240710367323,1.0,8,True,0.0018631093676594814,1.0018648460342832,3.197469547544995e-06,0.0022753160755946593,569160985454.2899,51,3.667834568745496e-15,0.002087588337630497,11.95242183264758,0.700617774611115,1.4920445353448013,8.528492566614782,1.018439446008273,0.0022944999721445365,0.2722120332094903,-4.1596749074967254e-08,0.3591612589989629,199,1000
ct_w5_i1,5,adam,450,False,,0,0.0,-10.999988794263857,1.0000112057361434,2.4441596818152586e-26,9994,0.9998327875921894,1.0,8,True,0.001778082344693224,1.0017796640704462,2.9407253468238326e-06,0.002092617163680052,627512205665.6193,51,3.173526035146624e-15,0.0019914263220521256,12.000537579733773,0.6990800484276455,1.4947629753689367,8.58090537751046,1.0228348198417676,0.002184713934106294,0.27248748077211227,-3.64098028096705e-08,0.35392639978808443,199,1000
ct_w5_i1,5,adam,475,False,,0,0.0,-10.999989649601327,1.0000103503986733,1.7474460231658963e-26,9994,0.9998406778524783,1.0,8,True,0.0017007978907878003,1.001702245067856,2.7154135120676802e-06,0.001932285491393754,688761168965.9183,51,2.7643574238473676e-15,0.0019039820506887273,12.046481715371812,0.6976223922818415,1.4973570130647347,8.630890101530772,1.0270106537578467,0.002085431833679285,0.272738312758732,-3.2079482389767624e-08,0.34901171991381136,199,1000
ct_w5_i1,5,adam,500,False,,0,0.0,-10.999990405407889,1.000009594592111,1.2678763236528698e-26,9994,0.9998478551484022,1.0,8,True,0.0016302206924574507,1.0016315502245892,2.5164300517137104e-06,0.0017906890635345865,752980432324.5085,51,2.4225048762516455e-15,0.0018240987690281941,12.090453407479483,0.6962369557059888,1.49983810263406,8.6786728290606,1.0309881110380394,0.0019952289686594625,0.2729679828653808,-2.8432651550742402e-08,0.34438086858661954,199,1000
ct_w5_i1,5,adam,525,False,,0,0.0,-10.999991077070181,1.000008922929819,9.323565351376388e-27,9994,0.9998544129709908,1.0,8,True,0.0015654933243024573,1.0015667193486708,2.3396866535593043e-06,0.0016649186413003184,820129183707.6921,51,2.134805971092786e-15,0.0017508166784466338,12.13262583175677,0.69491696528791,1.5022162021533947,8.724449768095885,1.0347854841317856,0.001912925728151686,0.27317930815112823,-2.533701660705528e-08,0.3400033561282739,199,1000
ct_w5_i1,5,adam,550,False,,0,0.0,-10.99999167705489,1.00000832294511,6.941024252553954e-27,9994,0.9998604291255385,1.0,8,True,0.0015058995485519623,1.0015070339846546,2.181874464702882e-06,0.001552619648333992,890292984043.9524,51,1.8907626360067667e-15,0.0016833327093292738,12.173150485185213,0.6936565385262626,1.5045000215431765,8.768392259589401,1.0384186867472678,0.001837537384236715,0.27337461666513113,-2.2690226073182855e-08,0.33585332091294046,199,1000
ct_w5_i1,5,adam,575,False,,0,0.0,-10.999992215557345,1.000007784442655,5.225957354700668e-27,9994,0.9998659688858862,1.0,8,True,0.0014508363406010457,1.0014518893128133,2.0402901250085832e-06,0.0014518683763144547,963483472654.5775,51,1.6824053544755892e-15,0.0016209697533427962,12.212160643502825,0.6924505359415785,1.506697221484376,8.810650786974481,1.041901645447437,0.0017682355233575606,0.27355584137386335,-2.041219025573864e-08,0.3319086865584108,199,1000
ct_w5_i1,5,adam,600,False,,0,0.0,-10.999992700986608,1.000007299013392,3.975794742272275e-27,9994,0.9998710874182667,1.0,8,True,0.0013997923138480111,1.0014007724803988,1.912705894600487e-06,0.001361079567813432,148508045788.6466,50,1.0525711627469618e-14,0.001563152864330348,12.249774160934392,0.6912944423192705,1.5088145745347423,8.8513582151865,1.045246614628771,0.001704318510991453,0.2737246157588064,-1.843958695542482e-08,0.32815041225696856,199,1000
ct_w5_i1,5,adam,625,False,,0,0.0,-10.999993140333105,1.000006859666895,3.053908703860053e-27,9994,0.9998758316643617,1.0,8,True,0.0013523308996591366,1.0013532457114198,1.7972712790052728e-06,0.0012789364128471736,160250478045.05157,50,9.418946349392996e-15,0.001509390655170921,12.286095753122765,0.6901842706513718,1.5108580966456198,8.89063242557092,1.0484644316676186,0.0016451880865446628,0.27388230607722264,-1.672186832945823e-08,0.32456198142015436,199,1000
ct_w5_i1,5,adam,650,False,,0,0.0,-10.999993539449857,1.0000064605501429,2.3667769518480783e-27,9994,0.999880241819057,1.0,8,True,0.0013080771031251162,1.0013089330091354,1.692438025566317e-06,0.0012043371764010637,172477098173.36642,50,8.460605100209664e-15,0.001459260616474947,12.321218874587418,0.689116483657611,1.5128331552116805,8.928578479074696,1.0515647256977938,0.0015903311606447897,0.2740300910618755,-1.521833008826894e-08,0.3211289776950906,199,1000
ct_w5_i1,5,adam,675,False,,0,0.0,-10.999993903270513,1.0000060967294875,1.84950213769662e-27,9994,0.9998843525008544,1.0,8,True,0.0012667069798992486,1.0012675095920414,1.5969019064208816e-06,0.001136353771255443,185194098366.37012,50,7.626579024764731e-15,0.0014123974261111747,12.355227274705605,0.6880879293130753,1.514744558867729,8.965290404282424,1.0545560893537178,0.0015393052140174695,0.2741689815503063,-1.3895924976396201e-08,0.31783871761499927,199,1000
ct_w5_i1,5,adam,700,False,,0,0.0,-10.99999423597949,1.0000057640205107,1.456475520989708e-27,9994,0.9998881936870023,1.0,8,True,0.0012279392024052507,1.0012286934284307,1.509557407183257e-06,0.0010741995144986517,198403750366.85434,50,6.897468221979578e-15,0.0013684835632769468,12.388196293010626,0.6870957873932693,1.5165966320017095,9.000852684712486,1.0574462213735272,0.001491726576654321,0.27429984370157984,-1.2727619616100584e-08,0.31468001756775427,199,1000
ct_w5_i1,5,adam,725,False,,0,0.0,-10.999994541146298,1.0000054588537015,1.1552633928231143e-27,9994,0.999891791466782,1.0,8,True,0.0011915282457555275,1.001192238397563,1.429461995328221e-06,0.0010172037009450673,212116807372.86234,50,6.257126574427293e-15,0.0013272417122954122,12.420193947019106,0.6861375249540135,1.5183932775138715,9.035341504768459,1.0602420455132409,0.0014472610492169953,0.27442343831994515,-1.169114457732633e-08,0.31164292037372243,199,1000
ct_w5_i1,5,adam,750,False,,0,0.0,-10.999994821832294,1.0000051781677062,9.225457465261568e-28,9994,0.9998951686523871,1.0,8,True,0.0011572588464103938,1.0011579287288133,1.3558077206775495e-06,0.0009647913940702108,226334827577.7053,50,5.6925776280041775e-15,0.0012884285759070281,12.45128184945094,0.6852108589722659,1.5201380296560936,9.06882579910183,1.0629498104650066,0.0014056161238522036,0.2745404139930405,-1.076803381167675e-08,0.30871858662161156,199,1000
ct_w5_i1,5,adam,775,False,,0,0.0,-10.999995080676184,1.0000049193238159,7.413817866132049e-28,9994,0.9998983452786215,1.0,8,True,0.0011249414564295946,1.0011255744404042,1.2878984831281725e-06,0.0009164672497492399,241065282619.3003,50,5.192907826465706e-15,0.0012518297928029317,12.481515987462247,0.6843137248223877,1.521834098974833,9.101368142427575,1.0655751742742336,0.0013665347541781691,0.2746513711367325,-9.942881314135686e-09,0.30589907279182726,199,1000
ct_w5_i1,5,adam,800,False,,0,0.0,-10.999995319963118,1.0000046800368825,5.993455426577635e-28,9994,0.9999013390136112,1.0,8,True,0.0010944084975309776,1.001095007581038,1.22513172560476e-06,0.0008718024889806425,256314508918.1964,50,4.749070776611185e-15,0.0012172557439248536,12.510947386418454,0.6834442495550569,1.5234844105819882,9.133025506545504,1.0681232759774888,0.0013297901530933758,0.2747568159714285,-9.202760407086335e-09,0.30317723479639497,199,1000
ct_w5_i1,5,adam,825,False,,0,0.0,-10.999995541680828,1.0000044583191716,4.872396721900787e-28,9994,0.9999041654987219,1.0,8,True,0.0010655112528487026,1.0010660791116324,1.166983517550733e-06,0.0008304242833136224,272089063719.5751,50,4.353493863582135e-15,0.0011845380692509788,12.539622678331064,0.6826007290821369,1.5250916368238505,9.163849908338095,1.070598796848723,0.0012951814211710465,0.27485718493191424,-8.536765742224677e-09,0.300546637911227,199,1000
ct_w5_i1,5,adam,850,False,,0,0.0,-10.9999957475655,1.0000042524345005,3.9819828615787155e-28,9994,0.9999068386315991,1.0,8,True,0.0010381172722360576,1.001038656302481,1.1129963979683833e-06,0.0007920071039678219,288394270585.80554,50,3.9998254960255714e-15,0.0011535267563968026,12.567584592009414,0.6817816086623587,1.5266582255638828,9.193888967152786,1.0730060128372285,0.0012625300429148448,0.2749528953185426,-7.935650914252135e-09,0.2980014413096327,199,1000
ct_w5_i1,5,adam,875,False,,0,0.0,-10.999995939139524,1.0000040608604763,3.27054601045149e-28,9994,0.9999093708030831,1.0,8,True,0.0010121081951499726,1.0010126205494874,1.0627693744936608e-06,0.0007562656051851199,305233611868.9886,50,3.682712690899261e-15,0.0011240876961189435,12.594872377378776,0.6809854661070349,1.5281864246907853,9.223186386562345,1.075348839746952,0.0012316767944392105,0.27504430675997354,-7.391538413510863e-09,0.29553636293367247,199,1000
ct_w5_i1,5,adam,900,False,,0,0.0,-10.999996117742807,1.000003882257193,2.698908660789328e-28,9994,0.9999117730961475,1.0,8,True,0.0009873779185573864,1.000987865536609,1.015949635534158e-06,0.0007229487265954566,322621325187.9511,50,3.3974834816455918e-15,0.0010961006231526749,12.621522171501452,0.6802109972876624,1.529678303152104,9.251782370169128,1.077630872260164,0.0012024792120944115,0.27513173581722167,-6.897686753852915e-09,0.2931465777512729,199,1000
ct_w5_i1,5,adam,925,False,,0,0.0,-10.999996284558721,1.000003715441279,2.237150376509848e-28,9994,0.9999140554547493,1.0,8,True,0.0009638310378157476,1.000964295672215,9.722256682649033e-07,0.0006918347959896452,340569202785.6606,50,3.1402057298985156e-15,0.0010694573620145008,12.647567320718599,0.6794570035099686,1.5311357695482575,9.279713986498713,1.079855417984026,0.0011748095276390594,0.27521548180766325,-6.4483020981340844e-09,0.2908276645251052,199,1000
ct_w5_i1,5,adam,950,False,,0,0.0,-10.999996440635885,1.0000035593641154,1.8622648561547983e-28,9994,0.9999162268264897,1.0,8,True,0.0009413815271267405,1.0009418247657913,9.313215303321571e-07,0.0006627274530696236,359063258393.2768,50,2.9077337124627576e-15,0.001044060341336857,12.673038659197344,0.6787223805729291,1.5325605881264968,9.307015484822912,1.0820255269701728,0.001148552710720813,0.2752957922265946,-6.038384849326895e-09,0.28857559642482883,199,1000
ct_w5_i1,5,adam,975,False,,0,0.0,-10.99999658690634,1.0000034130936601,1.556447911058237e-28,9994,0.9999182952848306,1.0,8,True,0.0009199516061212278,1.0009203748913906,8.929920032606951e-07,0.0006354522006180094,378133103939.93317,50,2.6969903096016142e-15,0.0010198213170655797,12.697964756099383,0.6780061091347577,1.533954392982012,9.333718574879706,1.0841440177518438,0.0011236050056132037,0.27537289915788216,-5.6636045373430935e-09,0.28638667628841563,199,1000
ct_w5_i1,5,adam,999,False,,0,0.0,-10.99999671887204,1.0000032811279596,1.314945728871537e-28,9994,0.9999201909700777,1.0,8,True,0.0009002726044627276,1.0009006779714817,8.584147443281476e-07,0.000610847058354925,396962152113.898,50,2.513002694344503e-15,0.0009975669578150181,12.721405481168375,0.6773348777933647,1.535264676629715,9.358817882410795,1.0861316306606599,0.0,,0.0,,199,1000
ct_w5_i1,5,armijo_gd,0,False,1.0,1,0.0,-10.993772532330214,1.0062274676697864,1.3050483350482454e-12,9994,0.9691288465953103,1.0,8,True,0.18337423404911674,1.2012638778171987,0.0014052858773519318,1.0,45569088.13024984,51,6.744384006524485e-09,0.3073354291775618,8.309225914671824,0.8586598805473616,1.2712368154556908,4.258858944658905,0.596913660167173,0.010035748514750868,0.1841647055754717,-0.00010071624825132423,0.5883540940708458,199,1000
ct_w5_i1,5,armijo_gd,25,False,1.0,1,0.0,-10.995542368917334,1.0044576310826656,4.178950820529711e-13,9994,0.9740995805807815,1.0,8,True,0.15613346591838553,1.1689822119631998,0.0009839606204048933,0.7001853759884302,69926979.4934204,51,3.809330779017889e-09,0.2663749952680391,8.436217332528745,0.8504536985676419,1.2783305169754324,4.437871358747583,0.6185520854667728,0.007026884347126166,0.19489107843780534,-4.937710362788672e-05,0.5325792464558017,199,1000
ct_w5_i1,5,armijo_gd,50,False,1.0,1,0.0,-10.996504472528173,1.0034955274718271,1.7528118913228783e-13,9994,0.9773107633177726,1.0,8,True,0.1384506615338893,1.1484930152885633,0.0007638105460522088,0.5435268071515135,96078037.76599373,51,2.475658442859447e-09,0.2378564053687512,8.534472045989926,0.8442583279741317,1.283798123822312,4.57393462871938,0.634801493378191,0.005454698347598081,0.2009191093295579,-2.9753734063289244e-05,0.49675710899193654,199,1000
ct_w5_i1,5,armijo_gd,75,False,1.0,1,0.0,-10.997116634075713,1.002883365924287,8.649390270024606e-14,9994,0.979610051389154,1.0,8,True,0.1257174555948289,1.1339617284738606,0.0006263874067892666,0.44573664112358946,123750950.77710935,51,1.750011523700529e-09,0.2165655899288383,8.61511288561084,0.8392700465114902,1.2882715589739242,4.684164421483635,0.6478424997106522,0.004473300834126104,0.20489819212826488,-2.0010420352593292e-05,0.47154597486818256,199,1000
ct_w5_i1,5,armijo_gd,100,False,1.0,1,0.0,-10.997542653830882,1.002457346169118,4.76355396888628e-14,9994,0.9813600628928778,1.0,8,True,0.11596949066411674,1.1229616107976443,0.0005318097064458759,0.378435245822009,152743396.63069698,51,1.3087863907057408e-09,0.1999084787804253,8.683720823410642,0.8350923354393212,1.29206711591829,4.776999919380078,0.658741286392953,0.0037978809561876057,0.2077766607725504,-1.4423899757372482e-05,0.4525515898605964,199,1000
ct_w5_i1,5,armijo_gd,125,False,1.0,1,0.0,-10.997857094706623,1.0021429052933772,2.8407673573787958e-14,9994,0.9827482511524008,1.0,8,True,0.1081929561941215,1.1142627285399855,0.0004625077697271984,0.3291200581896765,182902458.00000194,51,1.0192830779831493e-09,0.18642938036092566,8.743539745567864,0.8314981534834042,1.2953684070678342,4.857276913703498,0.6681043288204699,0.003302966135151765,0.2099854499969264,-1.0909585289959387e-05,0.4375268647768334,199,1000
ct_w5_i1,5,armijo_gd,150,False,1.0,1,0.0,-10.998099108850186,1.0019008911498144,1.7997089735022394e-14,9994,0.983883120982021,1.0,8,True,0.1018009858823132,1.1071631087117695,0.0004094402695269035,0.2913572790601422,214109067.47408313,51,8.184620612363228e-10,0.175240148694225,8.796636397549902,0.828344731160382,1.2982922911116055,4.92804032107747,0.676311071819829,0.002923988380589676,0.21175142142142775,-8.549708049823434e-06,0.4252105874314836,199,1000
ct_w5_i1,5,armijo_gd,175,False,1.0,1,0.0,-10.998291335260946,1.0017086647390538,1.1957331815274879e-14,9994,0.984832531025954,1.0,8,True,0.09642614326786929,1.1012282450207138,0.0003674496707096745,0.2614768116805407,246267945.79565617,51,6.731055026507317e-10,0.1657643094415483,8.8444143248896,0.8255362250500511,1.300918044208071,4.991337534299654,0.6836152229369611,0.0026241155244647782,0.21320663783252192,-6.885982285737058e-06,0.4148387989897469,199,1000
ct_w5_i1,5,armijo_gd,200,False,1.0,1,0.0,-10.998447815450415,1.0015521845495847,8.255985220126896e-15,9994,0.9856414106226199,1.0,8,True,0.09182472032026173,1.0961726684467321,0.0003333679460438717,0.23722429109730883,279301105.1293371,51,5.642991030959326e-10,0.1576093631181877,8.887872882756033,0.823005090697904,1.3033020525147303,5.048613950107801,0.6901949969508705,0.0023807233270426442,0.21443382052880297,-5.667843559924997e-06,0.40591981480048267,199,1000
ct_w5_i1,5,armijo_gd,225,False,1.0,1,0.0,-10.998577737896845,1.001422262103155,5.8842791303817e-15,9994,0.9863408488029812,1.0,8,True,0.08782772275712522,1.0918000135291546,0.00030513697947408746,0.2171351640202036,313143468.78577614,51,4.806029963877038e-10,0.1504976893976834,8.927750201899011,0.8207018991688437,1.3054859186026664,5.100929222397388,0.6961804589178042,0.0021791138998159443,0.21548775839185838,-4.748537388371054e-06,0.39812142103230813,199,1000
ct_w5_i1,5,armijo_gd,250,False,1.0,1,0.0,-10.998687375919484,1.0013126240805157,4.307261770620521e-15,9994,0.9869531299213594,1.0,8,True,0.08431373276347578,1.0879701721596178,0.0002813594905114182,0.20021512707549693,347739855.8773697,51,4.147546250113728e-10,0.1442267135259273,8.964607686444264,0.8185893711815722,1.3075012506268,5.149084003932179,0.7016694808475853,0.0020093086641785746,0.2164063699416439,-4.037321307943087e-06,0.3912100922707012,199,1000
ct_w5_i1,5,armijo_gd,275,False,1.0,1,0.0,-10.998781162853968,1.0012188371460322,3.2253791847863856e-15,9994,0.9874946958949483,1.0,8,True,0.0811929451499205,1.0845801408576543,0.00026105243817488733,0.18576464930168143,383042864.8102622,51,3.6195619205891923e-10,0.1386447367420619,8.998882703289134,0.8166386871613919,1.3093726473033322,5.193698386324819,0.7067375783390007,0.001864287303322565,0.21721684632887292,-3.4755671493297215e-06,0.3850162157952348,199,1000
ct_w5_i1,5,armijo_gd,300,False,1.0,1,0.0,-10.998862322738367,1.0011376772616334,2.463063764024722e-15,9994,0.9879779749331112,1.0,8,True,0.07839730715008819,1.081552281773009,0.00024350353673789065,0.17327686890068206,419011271.3646866,51,3.1893089124809843e-10,0.13363563821933833,9.03092288931894,0.8148271026183057,1.311119640525169,5.235262630665535,0.7114442492061894,0.0017389630797107006,0.21793926552479478,-3.0239925925969244e-06,0.3794131743742099,199,1000
ct_w5_i1,5,armijo_gd,325,False,1.0,1,0.0,-10.998933257559786,1.001066742440214,1.9133436222900413e-15,9994,0.9884125563909428,1.0,8,True,0.07587417839147363,1.0788268258908753,0.0002281837260431469,0.16237530720306376,455608993.42920613,51,2.8337641263583014e-10,0.12910884212258994,9.061009302370524,0.8131363501536203,1.312758005562186,5.274171192790914,0.7158372104488427,0.0016295577480953628,0.218588821580252,-2.65545845437763e-06,0.37430421978644884,199,1000
ct_w5_i1,5,armijo_gd,350,False,1.0,1,0.0,-10.998995794293277,1.0010042057067228,1.5088246001856256e-15,9994,0.9888059712812569,1.0,8,True,0.07358211426114154,1.0763569172961756,0.00021469162992110118,0.1527743453350987,492803910.683987,51,2.53635437025784e-10,0.12499253525434846,9.089372520755848,0.8115515353883581,1.3143006716775096,5.310746253640347,0.7199553191118113,0.0015332049092887528,0.21917725548479194,-2.3507172938671328e-06,0.369613933366323,199,1000
ct_w5_i1,5,armijo_gd,375,False,1.0,1,0.0,-10.999051347705015,1.0009486522949853,1.2057915938236456e-15,9994,0.9891642258777841,1.0,8,True,0.07148797948365203,1.0741052393241246,0.00020271711547385955,0.14425329304230403,530567532.9784123,51,2.2848921766930211e-10,0.12122896053096907,9.116204130439632,0.8100603539722788,1.3157583714801406,5.3452544229496075,0.7238306396172801,0.0014476897713972244,0.21971380449686242,-2.0958056742081477e-06,0.36528249525558787,199,1000
ct_w5_i1,5,armijo_gd,400,False,1.0,1,0.0,-10.99910103068933,1.0008989693106702,9.751528008869267e-16,9994,0.9894921756743991,1.0,8,True,0.06956492242523225,1.0720416584899533,0.00019201668864422312,0.1366388802014094,568874206.5480235,51,2.070248116809289e-10,0.11777107548074241,9.141665105333034,0.8086525236173983,1.317140114364564,5.377918867992738,0.7274899407126522,0.0013712734390385162,0.22020585072682985,-1.880390844612519e-06,0.36126173300203995,199,1000
ct_w5_i1,5,armijo_gd,425,False,1.0,1,0.0,-10.99914573089491,1.0008542691050906,7.971031473948488e-16,9994,0.9897937932081969,1.0,8,True,0.06779092216786205,1.0701415422135798,0.00018239646218842857,0.1297931368470945,607700685.0401869,51,1.8854698449948229e-10,0.1145801316425969,9.165892040847968,0.807319363892429,1.318453538456153,5.408928296146313,0.7309558012113914,0.0013025712803380848,0.2206593753591433,-1.6966919403615973e-06,0.3575123307530343,199,1000
ct_w5_i1,5,armijo_gd,450,False,1.0,1,0.0,-10.99918616509415,1.0008138349058502,6.578834830913139e-16,9994,0.9900723635759298,1.0,8,True,0.06614772620458809,1.0683845339011064,0.00017370010419553617,0.12360481735065193,647026022.1646246,51,1.725183928307682e-10,0.11162388946352603,9.18900187068886,0.8060534798769566,1.3197051767569399,5.438443724303194,0.7342474412352791,0.0012404668621428573,0.22107928373616156,-1.5387580360745465e-06,0.35400181844903866,199,1000
ct_w5_i1,5,armijo_gd,475,False,1.0,1,0.0,-10.999222918500974,1.0007770814990256,5.477591297423957e-16,9994,0.9903306296154701,1.0,8,True,0.06462006037406148,1.0667536453982978,0.0001658001444822123,0.1179832140593627,686831012.7671998,51,1.5851829436964825e-10,0.10887528066403461,9.211095490637367,0.8048485202909016,1.3209006614917311,5.466603659994688,0.7373813569312234,0.0011840498652617827,0.2214696428493107,-1.4019740834264461e-06,0.3507030935138257,199,1000
ct_w5_i1,5,armijo_gd,500,False,1.0,1,0.0,-10.999256473691679,1.0007435263083213,4.59728398119806e-16,9994,0.9905709013672984,1.0,8,True,0.06319503222590193,1.065234574043239,0.00015859159335999536,0.11285361641777787,727097952.0339668,51,1.4621330056964423e-10,0.10631139140431514,9.232260580773865,0.80369898998666,1.3220448831561071,5.493528122192037,0.74037181194274,0.0011325705133489784,0.22183385726009475,-1.2827159677075686e-06,0.34759331699878554,199,1000
ct_w5_i1,5,armijo_gd,525,False,1.0,1,0.0,-10.999287232205091,1.0007127677949086,3.88679438951675e-16,9994,0.9907951397463994,1.0,8,True,0.06186167422089431,1.0638151814862298,0.00015198718501802658,0.10815392616371095,767810762.0874416,51,1.3533631506296395e-10,0.10391267920660045,9.252573830540712,0.8026001027610575,1.3231421158345817,5.519321800792882,0.743231222779519,0.001085405603861937,0.222174802403684,-1.178105324894896e-06,0.34465307686039937,199,1000
ct_w5_i1,5,armijo_gd,550,False,1.0,1,0.0,-10.999315530899915,1.0006844691000847,3.3082889547204647e-16,9994,0.9910050213014913,1.0,8,True,0.06061058961340894,1.062485090888889,0.00014591378138712803,0.10383209832157604,808954377.1278478,51,1.2567131795468616e-10,0.10166236273886885,9.272102712575904,0.8015476645052803,1.3241961170450174,5.544076567477107,0.7459704644495293,0.0010420328265142228,0.22249492586228722,-1.0858324115332201e-06,0.3418657444492911,199,1000
ct_w5_i1,5,armijo_gd,575,False,1.0,1,0.0,-10.999341654497425,1.0006583455025755,2.8334144103031133e-16,9994,0.9912019889079271,1.0,8,True,0.059433674806446755,1.0612353720038272,0.00014030961917686888,0.09984418219676632,850515061.2381809,51,1.1704194985313968e-10,0.0995459411467792,9.290906911162727,0.8005379794813827,1.3252102080934838,5.567873491682737,0.7485991153756754,0.0010020111031877124,0.22279632648017514,-1.0040262509114563e-06,0.3392169733932014,199,1000
ct_w5_i1,5,armijo_gd,600,False,1.0,1,0.0,-10.999365845310374,1.0006341546896262,2.4406766931865765e-16,9994,0.991387291863047,1.0,8,True,0.05832389939913758,1.0600582923544422,0.00013512217725142512,0.0961528038024863,892479775.1545097,51,1.0930310622904381e-10,0.0975508116709865,9.309039483208155,0.7995677744396368,1.3261873393450003,5.590784474490207,0.7511256555226122,0.0009649653579499335,0.22308081572953997,-9.311581420434432e-07,0.3366943060760443,199,1000
ct_w5_i1,5,armijo_gd,625,False,1.0,1,0.0,-10.99938831086881,1.0006116891311905,2.1136079229823293e-16,9994,0.9915620179023246,1.0,8,True,0.057275130277089054,1.0589471187339905,0.00013030650727938656,0.09272597795185367,934836633.8106999,51,1.023344178208218e-10,0.09566596267859476,9.326547809852768,0.798634136648749,1.327130143692311,5.612873584281145,0.7535576280704799,0.0009305745955091369,0.22334996669120388,-8.659690778069937e-07,0.33428686019509984,199,1000
ct_w5_i1,5,armijo_gd,650,False,1.0,1,0.0,-10.99940922995508,1.0005907700449193,1.8394666700089068e-16,9994,0.9917271189893846,1.0,8,True,0.056281989690120236,1.057895957432797,0.0001258239140913733,0.08953616920172226,977574354.9358066,51,9.603538051531476e-11,0.09388172515827356,9.343474382555371,0.7977344628856456,1.3280409806985038,5.634198157271999,0.7559017723992256,0.0008985624770826666,0.22360515311046653,-8.074145252209376e-07,0.33198507703733643,199,1000
ct_w5_i1,5,armijo_gd,675,False,1.0,1,0.0,-10.999428757422985,1.0005712425770152,1.6083045056054044e-16,9994,0.9918834322598202,1.0,8,True,0.05533973982066113,1.0568996245759719,0.00012164090311017438,0.08655954284504015,1020682365.8303796,51,9.032150751319773e-11,0.09218956997393707,9.359857457154362,0.7968664171371383,1.3289219733054705,5.6548097109915005,0.7581641342864258,0.0008686898035446257,0.22384758083084744,-7.546219747824002e-07,0.3297805176590748,199,1000
ct_w5_i1,5,armijo_gd,700,False,1.0,1,0.0,-10.999447028077554,1.0005529719224455,1.4122876175960745e-16,9994,0.9920316971576149,1.0,8,True,0.05444418819271321,1.0559535400935853,0.00011772833365088927,0.08377536240009197,1064151006.3746634,51,8.512132273690199e-11,0.09058194125441676,9.375731601707919,0.7960278952871088,1.3297750385637326,5.6747547076387805,0.760350157848261,0.0008407484687794384,0.2240783132864787,-7.068579877549703e-07,0.3276656967019593,199,1000
ct_w5_i1,5,armijo_gd,725,False,1.0,1,0.0,-10.99946415982296,1.0005358401770401,1.245198328442593e-16,9994,0.9921725695545013,1.0,8,True,0.05359160961768001,1.0550536404011805,0.00011406073277596678,0.08116550135044306,1107970667.2164364,51,8.03740759496531e-11,0.08905211855684167,9.391128158214826,0.7952169954488503,1.3306019135171876,5.694075196022966,0.762464762737455,0.0008145565596267183,0.22429829276082605,-6.635023888309155e-07,0.3256339460331714,199,1000
ct_w5_i1,5,armijo_gd,750,False,1.0,1,0.0,-10.9994802562344,1.0005197437656008,1.1020650214258603e-16,9994,0.9923066334597062,1.0,8,True,0.05277868136518808,1.0541963060118917,0.00011061573492072284,0.07871404438302831,1152132842.6656313,51,7.602777984485764e-11,0.08759410211421263,9.406075634021825,0.7944319928928406,1.331404177134727,5.7128093545861836,0.7645124093478632,0.00078995435400701,0.22450835732966945,-6.240278814146325e-07,0.3236793004005557,199,1000
ct_w5_i1,5,armijo_gd,775,False,1.0,1,0.0,-10.999495408673827,1.0005045913261732,9.788847439326938e-17,9994,0.9924344107904651,1.0,8,True,0.05200242899138758,1.0533783011570788,0.00010737362156041862,0.07640695981571341,1196629389.4388993,51,7.203777334990507e-11,0.08620251674023471,9.420600035411194,0.793671318741412,1.3321832689918816,5.7309919532712374,0.7664971541943382,0.000766801033487175,0.22470925572041303,-5.879838249569996e-07,0.32179640385566044,199,1000
ct_w5_i1,5,armijo_gd,800,False,1.0,1,0.0,-10.999509698041024,1.0004903019589761,8.724133980490943e-17,9994,0.9925563695709176,1.0,8,True,0.051260180815832786,1.05259672313319,0.0001043169402637372,0.07423182851613662,1241451883.6741095,51,6.836554201721234e-11,0.08487253091566974,9.434725153340892,0.7929335417714853,1.3329405052644028,5.748654748372518,0.7684226971910922,0.0007449719627780591,0.2249016587617393,-5.549832253253939e-07,0.31998042977384855,199,1000
ct_w5_i1,5,armijo_gd,825,False,1.0,1,0.0,-10.999523196231733,1.000476803768267,7.800057034607819e-17,9994,0.9926729308495498,1.0,8,True,0.05054952945923874,1.0518489595750125,0.00010143018771263056,0.0721776183389545,1286593676.5085573,51,6.497761478690419e-11,0.08359978829943986,9.448472809386791,0.7922173527959967,1.3336770924878183,5.765826821747126,0.7702924222122275,0.0007243564260434176,0.22508616986601254,-5.246922319503931e-07,0.3182270147623813,199,1000
ct_w5_i1,5,armijo_gd,850,False,1.0,1,0.0,-10.99953596735776,1.00046403264224,6.994921507195894e-17,9994,0.9927844745643696,1.0,8,True,0.04986829918678363,1.0511326522345237,9.869954491769583e-05,0.07023449570537317,1332046998.0493135,51,6.184492709379751e-11,0.08238034947987163,9.461863068352779,0.7915215511982742,1.3343941394458716,5.782534873526693,0.7721094320465264,0.000704855735959475,0.22526333347831587,-4.968216085149731e-07,0.3165322009069205,199,1000
ct_w5_i1,5,armijo_gd,875,False,1.0,1,0.0,-10.999548068774352,1.0004519312256477,6.290836832260046e-17,9994,0.9928913445398717,1.0,8,True,0.04921451804761357,1.050445666125477,9.611265395603356e-05,0.0683936667300355,1377805682.619588,51,5.894201426785087e-11,0.08121064220328976,9.474914422848316,0.7908450332725923,1.3350926674864214,5.798803475791774,0.7738765786517736,0.0006863816393043195,0.22543364228579904,-4.711197547740849e-07,0.31489238871248654,199,1000
ct_w5_i1,5,armijo_gd,900,False,1.0,1,0.0,-10.999559551948279,1.0004404480517213,5.67297334817334e-17,9994,0.992993852763351,1.0,8,True,0.04858639400022876,1.049786063120054,9.365842981829263e-05,0.06664724333156971,1423863294.9609756,51,5.624656450178912e-11,0.08008741866175251,9.487643954173022,0.790186782087547,1.3357736195089873,5.814655293309093,0.775596489447906,0.0006688549732770404,0.22559754346434174,-4.473669752774304e-07,0.3133042943635897,199,1000
ct_w5_i1,5,armijo_gd,925,False,1.0,1,0.0,-10.999570463195699,1.000429536804301,5.1289782639297545e-17,9994,0.993092283059989,1.0,8,True,0.047982294367490054,1.049152079258858,9.132690031377812e-05,0.06498812930922719,1470213408.7769027,51,5.3738945799876904e-11,0.07900771868851424,9.5000674730606,0.7895458586402587,1.3364378678232687,5.830111276323624,0.777271590253948,0.0006522045221915141,0.22575544375825637,-4.2537073876706116e-07,0.31176491504318793,199,1000
ct_w5_i1,5,armijo_gd,950,False,1.0,1,0.0,-10.999580844311525,1.0004191556884745,4.648514049363919e-17,9994,0.9931868942638669,1.0,8,True,0.04740072808652226,1.0485421051733261,8.910906975852215e-05,0.06340992334345233,1516850708.4385376,51,5.14017875901478e-11,0.07796883792112291,9.512199643249861,0.788921394108842,1.3370862210457646,5.845190829559273,0.7789041253706137,0.000636366044014518,0.22590771441611557,-4.0496174197468755e-07,0.31027149733748377,199,1000
ct_w5_i1,5,armijo_gd,975,False,1.0,1,0.0,-10.999590733108585,1.000409266891415,4.2228913866712053e-17,9994,0.9932779229645987,1.0,8,True,0.0468403303144725,1.0479546691279857,8.699680212778586e-05,0.061906835847321956,1563769317.3321946,51,4.9219727810977543e-11,0.07696830015824878,9.524054090344743,0.7883125830433655,1.3377194301725805,5.859911960873044,0.7804961752248012,0.0006212814359076871,0.2260546950001767,-3.859906226035175e-07,0.3088215116941094,199,1000
ct_w5_i1,5,armijo_gd,999,False,,0,0.0,-10.99959979504401,1.0004002049559908,3.859069365766443e-17,9994,0.9933621414503948,1.0,8,True,0.046321100631122755,1.0474106811965318,8.506148492324317e-05,0.06052966609436782,1609070962.7753582,51,4.7258168169235327e-11,0.07604174615507127,9.535184859463946,0.7877421562974214,1.338313712427649,5.873722595482898,0.7819882493122576,0.0,,0.0,,199,1000
ct_w5_i1,5,damped_natural,0,False,1.0,1,0.0,-10.993772532330214,1.0062274676697864,1.3050483350482454e-12,9994,0.9691288465953103,1.0,8,True,0.18337423404911674,1.2012638778171987,0.0014052858773519318,1.0,45569088.13024984,51,6.744384006524485e-09,0.3073354291775618,8.309225914671824,0.8586598805473616,1.2712368154556908,4.258858944658905,0.596913660167173,4.989394270543637,0.9729808830036679,-0.010372896446878686,0.9999988664754978,199,500
ct_w5_i1,5,damped_natural,25,False,1.0,1,0.0,-10.999999998795815,1.0000000012041852,6.879977085624444e-36,9994,0.9735383263657148,1.0,8,True,0.14564448323842827,1.1567848585311191,4.6245628544059813e-10,3.2908342202373334e-07,688091539911.1837,40,4.438251382514915e-13,0.3053923228307628,28.334852754913275,0.79614950188939,4.019391511129886,17.145418480477876,0.7600330918269804,0.07984153523471411,0.3847355763559403,-8.250591243243563e-11,0.4481808731522999,199,500
ct_w5_i1,5,damped_natural,50,False,1.0,1,0.0,-10.999999999594184,1.0000000004058158,5.238819803867186e-38,9994,0.9735383348747956,1.0,8,True,0.14564434757771247,1.1567847016008677,1.4842899940203834e-10,1.0562192490095495e-07,943149503789.028,36,3.2380048163633184e-13,0.30539226358195465,29.31352983798639,0.785502546010119,4.10261192480708,18.14092490715638,0.7878503108081377,0.031036741706144615,0.3704008232344708,-1.1807872787612276e-11,0.31234811921796274,199,500
ct_w5_i1,5,damped_natural,75,False,1.0,1,0.0,-10.999999999769335,1.0000000002306653,4.382245605104444e-39,9994,0.9735383384234294,1.0,8,True,0.14564429575851986,1.15678464165722,8.18893336691156e-11,5.827236649059962e-08,269341779731.07693,33,1.1338465178462083e-12,0.30539223905858204,29.785567415444586,0.7804922414668858,4.142086758596801,18.620908160293663,0.800988701347756,0.01933673399562487,0.35347524741334946,-3.967491760092395e-12,0.4216855097320632,199,500
ct_w5_i1,5,damped_natural,100,False,1.0,1,0.0,-10.99999999983851,1.0000000001614904,8.79968830860377e-40,9994,0.9735383406040493,1.0,8,True,0.14564426505052153,1.1567846061346798,5.692304766946794e-11,4.050638278435673e-08,398256054832.50745,33,7.668238069614568e-13,0.3053922241121141,30.094540223930057,0.777286381872692,4.167863572520456,18.933888094544674,0.8094146010828174,0.013645699624723538,0.35804464551368775,-1.9034180016275223e-12,0.5632187725461826,199,500
ct_w5_i1,5,damped_natural,125,False,1.0,1,0.0,-10.999999999875216,1.0000000001247837,2.7209902354458152e-40,9994,0.9735383421929592,1.0,8,True,0.14564424281127478,1.1567845804086616,4.394736330085865e-11,3.1272898994524464e-08,527013803506.8718,33,5.79476687768033e-13,0.305392213264195,30.324869570496464,0.7749514929320145,4.187146767222109,19.165945734152483,0.8155616452129663,0.010528141402270395,0.3627055142398772,-1.1217307971153968e-12,0.6623441063342237,199,500
ct_w5_i1,5,damped_natural,150,False,1.0,1,0.0,-10.999999999898108,1.0000000001018918,1.0767614069893775e-40,9994,0.9735383434501031,1.0,8,True,0.14564422523088888,1.1567845600719426,3.591013923012312e-11,2.555361852621108e-08,656005841020.1548,33,4.655327523072084e-13,0.3053922046997176,30.509045995282115,0.7731170511736495,4.202605287052667,19.35077039244702,0.8203975984421701,0.008581277623026832,0.3659288431161692,-7.423082300179926e-13,0.7248783396267579,199,500
ct_w5_i1,5,damped_natural,175,False,1.0,1,0.0,-10.999999999913816,1.0000000000861835,4.997273779107819e-41,9994,0.9735383444930268,1.0,8,True,0.14564421064632582,1.1567845432007453,3.0407067282149615e-11,2.1637638129152452e-08,785566600339.1615,33,3.88754050226084e-13,0.30539219760418446,30.662753671705804,0.771606460056921,4.215525611698968,19.504583896373543,0.8243842397988993,0.007248473071123286,0.36814395226481017,-5.285841918229099e-13,0.7644566557758925,199,500
ct_w5_i1,5,damped_natural,200,False,1.0,1,0.0,-10.999999999925286,1.0000000000747136,2.593630995910367e-41,9994,0.9735383453853125,1.0,8,True,0.1456441981659994,1.1567845287636966,2.6388056996122185e-11,1.877771450023169e-08,915850173952.9329,33,3.334521302989235e-13,0.30539219153924513,30.79477713149831,0.770322597862132,4.226631902816414,19.636424202451625,0.8277757545859576,0.006275812991046297,0.36976719210475845,-3.9577996901956307e-13,0.7899354421236233,199,500
ct_w5_i1,5,damped_natural,225,False,1.0,1,0.0,-10.999999999934035,1.000000000065965,1.4622211243567648e-41,9994,0.9735383461657288,1.0,8,True,0.14564418724886574,1.1567845161349255,2.3319833012615936e-11,1.6594369436458692e-08,989279983997.4412,32,3.08701470946744e-13,0.30539218623818143,30.910580733771475,0.7692062434975339,4.236377845924193,19.75187934895638,0.8307272544138583,0.005535585656031791,0.3709657553264865,-3.0768507793357207e-13,0.8070087806969025,199,500
ct_w5_i1,5,damped_natural,250,False,1.0,1,0.0,-10.999999999940933,1.0000000000590674,8.789650920826153e-42,9994,0.9735383468594548,1.0,8,True,0.14564417754294093,1.156784504907262,2.090567177125238e-11,1.4876454754278357e-08,644907395287.8484,31,4.735442386919418e-13,0.3053921815283873,31.01373289738967,0.7682189753607901,4.2450596345822635,19.854593731529732,0.8333394322075992,0.004955864081401513,0.3720281747690767,-2.464804382749472e-13,0.8182799877053196,199,500
ct_w5_i1,5,damped_natural,275,False,1.0,1,0.0,-10.999999999946523,1.0000000000534772,5.5574893698045367e-42,9994,0.9735383474841524,1.0,8,True,0.14564416880158157,1.156784494795393,1.8943974079465042e-11,1.348051267345144e-08,733613730658.8336,31,4.1628470750517606e-13,0.30539217728909357,31.106828134981182,0.7673337904999569,4.252896132360915,19.947187846179425,0.8356831095035256,0.004484953258221319,0.37292750506268624,-2.017826092653357e-13,0.8258843825290614,199,500
ct_w5_i1,5,damped_natural,300,False,1.0,1,0.0,-10.999999999951138,1.0000000000488622,3.6639151281571884e-42,9994,0.9735383480523145,1.0,8,True,0.14564416085038132,1.1567844855975677,1.731879717473063e-11,1.2324038442174856e-08,824461824933.3416,31,3.704139648425383e-13,0.30539217343487374,31.19161165323602,0.7665320075130336,4.260031714401411,20.031443432352937,0.8378072915796554,0.0040937996949788336,0.3734401768848342,-1.6806803938561956e-13,0.8308357929530434,199,500
ct_w5_i1,5,damped_natural,325,False,1.0,1,0.0,-10.999999999955014,1.0000000000449862,2.5006233506347663e-42,9994,0.9735383485734982,1.0,8,True,0.1456441535562106,1.1567844771597844,1.595896197116811e-11,1.1356381095382942e-08,917309861696.4408,31,3.3292149430900614e-13,0.3053921699003668,31.269470609023205,0.7657992173798213,4.266582719005113,20.10876319115636,0.8397498072406573,0.003769874000446256,0.3741030800138581,-1.424876299005349e-13,0.8339272553643262,199,500
ct_w5_i1,5,damped_natural,350,False,1.0,1,0.0,-10.99999999995832,1.0000000000416804,1.757371358803505e-42,9994,0.9735383490548333,1.0,8,True,0.14564414681904803,1.1567844693663394,1.4793056246103543e-11,1.0526723768105479e-08,782564158770.581,30,3.9024553222158787e-13,0.3053921666369646,31.341459666821272,0.765124612409645,4.272638156679692,20.180208975197814,0.8415390390332631,0.0034889396938511826,0.37446681001571713,-1.22017423973647e-13,0.8356311837584597,199,500
ct_w5_i1,5,damped_natural,375,False,1.0,1,0.0,-10.999999999961164,1.0000000000388365,1.2661558598168594e-42,9994,0.9735383495022075,1.0,8,True,0.14564414055721583,1.156784462122749,1.3796412424823842e-11,9.817513039283713e-09,879513770376.1613,30,3.472284049331266e-13,0.30539216360443466,31.408440046017375,0.764499436441441,4.278270693545604,20.24664668817668,0.8431980000093142,0.003254274545235532,0.3750548645773549,-1.0613765576343095e-13,0.8363198103217312,199,500
ct_w5_i1,5,damped_natural,400,False,1.0,1,0.0,-10.999999999963654,1.000000000036346,9.321849680225106e-43,9994,0.9735383499200257,1.0,8,True,0.14564413470822982,1.156784455356733,1.2918357701533465e-11,9.192690191889165e-09,979517921692.9039,30,3.1177802264730354e-13,0.3053921607730099,31.471063008406027,0.763917139837665,4.283535691253456,20.30872840195645,0.8447439009246327,0.0030439617921864852,0.3754152967372759,-9.28489308807685e-14,0.8362865567316827,199,500
ct_w5_i1,5,damped_natural,425,False,1.0,1,0.0,-10.999999999965834,1.0000000000341664,6.994309185396938e-43,9994,0.9735383503119692,1.0,8,True,0.1456441292210327,1.1567844490092287,1.214875553136461e-11,8.64504207091106e-09,821875101575.8503,29,3.7157976623440495e-13,0.3053921581174323,31.529860060495427,0.7633722217163508,4.288477330904304,20.366992516753694,0.846191207124919,0.0028595555080688164,0.37563059623295314,-8.192981754571888e-14,0.835600437726531,199,500
ct_w5_i1,5,damped_natural,450,False,1.0,1,0.0,-10.999999999967768,1.000000000032232,5.337748421040838e-43,9994,0.9735383506811126,1.0,8,True,0.1456441240533639,1.1567844430313499,1.1465254536935271e-11,8.158663458953967e-09,871756808094.6268,29,3.503180620800041e-13,0.3053921556167597,31.585254207607893,0.7628602848126902,4.29313065129351,20.421868266721415,0.8475514829706569,0.0026974015295344912,0.37594238318098566,-7.289363708994982e-14,0.8344608154245826,199,500
ct_w5_i1,5,damped_natural,475,False,1.0,1,0.0,-10.999999999969486,1.0000000000305143,4.133829578114181e-43,9994,0.9735383510299621,1.0,8,True,0.14564411916911046,1.1567844373813214,1.086348597806619e-11,7.730445564952904e-09,921754737038.2406,29,3.313160659583997e-13,0.3053921532540291,31.63766103734903,0.7623774651988569,4.2975322311682715,20.473761810165545,0.8488348992970018,0.0025553282964596523,0.37637974762467263,-6.54110353972489e-14,0.8329797143389565,199,500
ct_w5_i1,5,damped_natural,499,False,,0,0.0,-10.999999999970989,1.0000000000290115,3.275874011682918e-43,9994,0.9735383513477852,1.0,8,True,0.145644114719663,1.1567844322342697,1.032641635257758e-11,7.348267366093718e-09,969735267127.7626,29,3.1492321817495794e-13,0.3053921511016275,31.685410072872802,0.7619386128701048,4.301540717309535,20.521032049873767,0.8500018747397836,0.0,,0.0,,199,500
ct_w5_i1,5,diagonal_fisher,0,False,1.0,1,0.0,-10.993772532330214,1.0062274676697864,1.3050483350482454e-12,9994,0.9691288465953103,1.0,8,True,0.18337423404911674,1.2012638778171987,0.0014052858773519318,1.0,45569088.13024984,51,6.744384006524485e-09,0.3073354291775618,8.309225914671824,0.8586598805473616,1.2712368154556908,4.258858944658905,0.596913660167173,6.568572172204129,0.3084836760385561,-0.0345198242625712,0.8682630294240737,199,1000
ct_w5_i1,5,diagonal_fisher,25,False,1.0,1,0.0,-10.99999067978841,1.0000093202115892,9.196656946199288e-43,9994,0.9792755049329965,1.0,8,True,0.11524948238272455,1.1221533601466827,7.29381304064528e-06,0.005190269935957422,551198946840.2784,26,4.4208516551312804e-13,0.24367687764454635,16.832733650443483,0.5895816625310784,1.7682486778277702,13.595946655809708,1.3699692936367631,0.02690305647201096,0.1483635206070429,-6.686985465746406e-08,0.030346291981203224,199,1000
ct_w5_i1,5,diagonal_fisher,50,False,1.0,1,0.0,-10.999992147310994,1.0000078526890057,9.253251406822698e-44,9994,0.9809488119066943,1.0,8,True,0.10756098923052183,1.1135587737682866,6.15500377630875e-06,0.004379894422554796,560381614702.4705,25,4.004374112928408e-13,0.22439776312755938,17.183732278463072,0.581639706318115,1.7808045941038348,13.978047340128807,1.3985402268923912,0.013122629056518998,0.1539293952047476,-5.136582830248594e-08,0.028847035153390727,199,1000
ct_w5_i1,5,diagonal_fisher,75,False,1.0,1,0.0,-10.999993290364026,1.000006709635974,2.404903880723913e-44,9994,0.982371570124318,1.0,8,True,0.10090665674693781,1.1061733831222182,5.264013936777989e-06,0.0037458669596091725,653526864636.2927,25,3.182029289663335e-13,0.2079541624854529,17.38943618078777,0.5771485246758945,1.7882070963460703,14.200895224382288,1.4149550133918476,0.008687167050835092,0.15710427773707733,-4.051508252142488e-08,0.027680215279975696,199,1000
ct_w5_i1,5,diagonal_fisher,100,False,1.0,1,0.0,-10.99999420006469,1.0000057999353107,9.172789377116611e-45,9994,0.9835962220800176,1.0,8,True,0.09508579203379669,1.0997532011427773,4.5535906732242124e-06,0.003240330488345068,716341517974.5402,25,2.7048936675187246e-13,0.19376276357500843,17.536142699225113,0.5740177369547286,1.7935112538997668,14.359345329952724,1.426511433958738,0.006496471030617928,0.15925650892720966,-3.2543733414706736e-08,0.026662894398449207,199,1000
ct_w5_i1,5,diagonal_fisher,125,False,1.0,1,0.0,-10.99999493622327,1.0000050637767295,4.3183301786620334e-45,9994,0.9846614946061425,1.0,8,True,0.08994724292342557,1.094116559791425,3.977981862261481e-06,0.0028307278443283307,761022076964.5304,25,2.3835094185332825e-13,0.18139032881567188,17.650450686980133,0.5716195465515487,1.797660158799501,14.482526540202283,1.4354281629993788,0.0051910005977801885,0.16081601405129123,-2.654072712700997e-08,0.025755398073360792,199,1000
ct_w5_i1,5,diagonal_fisher,150,False,1.0,1,0.0,-10.999995540444814,1.0000044595551856,2.3237894537924675e-45,9994,0.9855966266323466,1.0,8,True,0.08537479099816407,1.089125184529212,3.5050852139829713e-06,0.0024942150707355165,794880358479.3625,25,2.1450794057034742e-13,0.17050814869722755,17.74419021379639,0.5696794956804069,1.8010737466208422,14.58336336923798,1.4426830338051697,0.004324532763982976,0.161983586749833,-2.1930643650503124e-08,0.024936810282994055,199,1000
ct_w5_i1,5,diagonal_fisher,175,False,1.0,1,0.0,-10.999996042522318,1.0000039574776824,1.3719835686558474e-45,9994,0.9864241114162512,1.0,8,True,0.08127752165895341,1.0846718747389454,3.111823746043482e-06,0.0022143706104179217,826687954236.982,25,1.9458644215098382e-13,0.16086226778404966,17.82368301430285,0.5680528620596863,1.8039767055295879,14.668749764053045,1.4487948642302462,0.0037075918438260187,0.16288025822548044,-1.8330684845080178e-08,0.024192677070502634,199,1000
ct_w5_i1,5,diagonal_fisher,200,False,1.0,1,0.0,-10.99999646427199,1.0000035357280108,8.672126563081295e-46,9994,0.987161537489566,1.0,8,True,0.07758323873365093,1.0806721824988073,2.7812598352079797e-06,0.001979141667920894,882302736472.6302,25,1.7256362881312238e-13,0.1522533619174651,17.892712603608214,0.5666539845669314,1.8065037038372234,14.742805428683699,1.4540722980616598,0.0032459150794536076,0.163577922509956,-1.547821396585225e-08,0.02351202011651812,199,1000
ct_w5_i1,5,diagonal_fisher,225,False,1.0,1,0.0,-10.999996821973868,1.000003178026132,5.776137988416038e-46,9994,0.9878228572596621,1.0,8,True,0.07423384627379911,1.0770586421996764,2.500733195650695e-06,0.0017795191967366689,973187062821.6898,25,1.4850463542311187e-13,0.1445227899628241,17.95372663996479,0.5654279736494772,1.8087419957041353,14.808192011225824,1.4587139558129396,0.0028874704051705547,0.16413408916666564,-1.3188651256090745e-08,0.022886143442473344,199,1000
ct_w5_i1,5,diagonal_fisher,250,False,1.0,1,0.0,-10.999997127979213,1.0000028720207865,4.010186857765158e-46,9994,0.9884192809575604,1.0,8,True,0.07118204070085676,1.0737766791368264,2.2606264836383236e-06,0.0016086595048533212,831946178018.6968,24,1.6532645688823163e-13,0.13754271393353715,18.008400997483196,0.5643375644411648,1.8107514233884991,14.86672976451426,1.4628551840300497,0.0026009743607353893,0.1645713751100206,-1.1329598219242787e-08,0.022307991184372364,199,1000
ct_w5_i1,5,diagonal_fisher,275,False,1.0,1,0.0,-10.999997391797045,1.000002608202955,2.8795728982183634e-46,9994,0.9889599190752253,1.0,8,True,0.06838889723053466,1.0707816515349855,2.0535276686720308e-06,0.0014612881989119692,838216103843.5369,24,1.5653357833273029e-13,0.13120896615074826,18.057934212376075,0.5633563057540566,1.8125748486742457,14.919719138912727,1.4665923705042743,0.0023667573346890783,0.1649236610296419,-9.80437385611513e-09,0.02177174651040211,199,1000
ct_w5_i1,5,diagonal_fisher,300,False,1.0,1,0.0,-10.999997620845104,1.0000023791548962,2.1262973491993788e-46,9994,0.9894522521970086,1.0,8,True,0.06582207956727569,1.0680366747129466,1.873649654436217e-06,0.0013332871870646364,841562317489.628,24,1.4905112641985974e-13,0.12543581137433668,18.10321351273813,0.5624647548607772,1.8142440631839623,14.968121845530234,1.4699965731226847,0.002171659053222862,0.1652067848968243,-8.54124365711168e-09,0.02127255301210146,199,1000
ct_w5_i1,5,diagonal_fisher,325,False,1.0,1,0.0,-10.999997820978777,1.000002179021223,1.607476870139955e-46,9994,0.9899024800341047,1.0,8,True,0.06345449213538525,1.065510995568,1.7164206714501638e-06,0.0012214032028020681,842894316312.932,24,1.425469823804652e-13,0.12015204125605378,18.144914058598737,0.5616482088316883,1.8157832972522434,15.01266909122614,1.4731216703421366,0.002006605468422749,0.1654373430209442,-7.486214970458104e-09,0.020806315268842857,199,1000
ct_w5_i1,5,diagonal_fisher,350,False,1.0,1,0.0,-10.99999799687022,1.0000020031297794,1.2399413024583266e-46,9994,0.9903157844207297,1.0,8,True,0.06126325180628663,1.063178761079739,1.5781902881730108e-06,0.0011230386027552583,842763988404.9465,24,1.3680938351339703e-13,0.11529802170097242,18.183562114173878,0.5608952760279797,1.8172114719808912,15.053930345335154,1.4760095093653516,0.0018651295639406556,0.16562274796611418,-6.5981178343315855e-09,0.020369549419088695,199,1000
ct_w5_i1,5,diagonal_fisher,375,False,1.0,1,0.0,-10.999998152284226,1.0000018477157742,9.732186091218716e-47,9994,0.9906965300454946,1.0,8,True,0.05922889380594086,1.0610180734126469,1.45601520051579e-06,0.0010360989347302418,841581967109.219,24,1.3168465671706156e-13,0.11082343243804689,18.219575238403465,0.5601969646653092,1.818543618686752,15.09235712989379,1.4786931947349837,0.0017425359957991915,0.1657789609347609,-5.845186453680058e-09,0.01995926933286373,199,1000
ct_w5_i1,5,diagonal_fisher,400,False,1.0,1,0.0,-10.999998290281866,1.0000017097181342,7.755594608480477e-47,9994,0.991048419469752,1.0,8,True,0.05733475162378483,1.0590102564694488,1.3475009399679915e-06,0.0009588802973720706,839557569334.2993,24,1.2707349731701407e-13,0.10668551653428093,18.253290909051103,0.5595460465426425,1.819791910158194,15.128314090727875,1.4811993940478194,0.001635176226707101,0.16589778207713055,-5.202643595513268e-09,0.019572897019330095,199,1000
ct_w5_i1,5,diagonal_fisher,425,False,1.0,1,0.0,-10.99999841337264,1.0000015866273593,6.263687894116445e-47,9994,0.9913746141359971,1.0,8,True,0.05556646785578878,1.057139280518513,1.2506834910858543e-06,0.0008899850992899719,836933132691.6282,24,1.2288641287174397e-13,0.10284771048998549,18.28498553815338,0.5589366286257211,1.820966328503126,15.16209970584221,1.4835498910494862,0.0015404666010226864,0.166002195746405,-4.650971215367647e-09,0.019208194999248616,199,1000
ct_w5_i1,5,diagonal_fisher,450,False,1.0,1,0.0,-10.99999852362969,1.0000014763703096,5.119217000867434e-47,9994,0.9916778297674144,1.0,8,True,0.05391160470239234,1.0553913064030658,1.1639396109884969e-06,0.0008282582425020745,833866898200.2954,24,1.190580438470369e-13,0.09927856172852342,18.314888305362846,0.5583638460574916,1.8220751603187189,15.193961304005827,1.4857627010906271,0.0014562269454686501,0.16608530168818977,-4.1746510459423025e-09,0.018863208192208707,199,1000
ct_w5_i1,5,diagonal_fisher,475,False,1.0,1,0.0,-10.99999862277777,1.0000013772222296,4.2285184633859227e-47,9994,0.9919604122665,1.0,8,True,0.05235933113281522,1.0537543212256875,1.0859182580220108e-06,0.0007727383271425701,830432059166.6344,24,1.1554330598630131e-13,0.09595086551312472,18.343191355590537,0.5578236374996832,1.8231253635527764,15.224106122662306,1.4878528892166651,0.0013807833207432067,0.1661478340032245,-3.7612404774044816e-09,0.018536220677776747,199,1000
ct_w5_i1,5,diagonal_fisher,500,False,1.0,1,0.0,-10.99999871226123,1.0000012877387707,3.526302421954944e-47,9994,0.9922243986120572,1.0,8,True,0.0509001696014201,1.0522178447129402,1.015487590281559e-06,0.0007226199356639845,826714980861.0967,24,1.1230106291278887e-13,0.09284097107662706,18.370057628871518,0.5573125739183828,1.8241228492956703,15.252709790538871,1.489833195800825,0.0013128640404682335,0.1661966774264198,-3.4006841081407976e-09,0.018225719449827982,199,1000
ct_w5_i1,5,diagonal_fisher,525,False,1.0,1,0.0,-10.999998793297019,1.000001206702981,2.9661900952408534e-47,9994,0.9924715661038649,1.0,8,True,0.04952578945161309,1.0507726907168586,9.516936179460953e-07,0.000677224209880648,822875656175.3735,24,1.0928530794187071e-13,0.08992821948299462,18.395626630149366,0.5568277327657901,1.825072690243249,15.279922574695885,1.4917144964400018,0.0012513863459024748,0.16624122785849013,-3.0847955684026723e-09,0.017930363723709736,199,1000
ct_w5_i1,5,diagonal_fisher,550,False,1.0,1,0.0,-10.99999886691636,1.0000011330836394,2.5146953644018817e-47,9994,0.9927034724756251,1.0,8,True,0.04822883723435369,1.0494107721083825,8.937276825324498e-07,0.0006359757092390034,818899961883.134,24,1.0647757845981618e-13,0.08719448494215189,18.42001777827575,0.5563666146727507,1.8259792161867314,15.305873116771172,1.4935061040051936,0.0011954721642358282,0.16627801867268915,-2.8068644856804412e-09,0.017648960885121568,199,1000
ct_w5_i1,5,diagonal_fisher,575,False,1.0,1,0.0,-10.999998933997736,1.0000010660022642,2.147235321284579e-47,9994,0.9929214887948692,1.0,8,True,0.047002796429926726,1.0481249400835069,8.409006715163803e-07,0.0005983840619681898,814863903775.2965,24,1.0385022285085642e-13,0.08462379800018337,18.443335503020624,0.5559270501140625,1.8268462414011464,15.330673762126503,1.4952161147682297,0.0011443650372484951,0.16629971068846452,-2.5613549604566105e-09,0.017380445700697578,199,1000
ct_w5_i1,5,diagonal_fisher,600,False,1.0,1,0.0,-10.99999899529327,1.0000010047067303,1.8455339151368069e-47,9994,0.9931268266166557,1.0,8,True,0.04584187078884083,1.0469088509965856,7.92622424114902e-07,0.0005640293102557112,810808110004.28,24,1.0138284639895917e-13,0.08220203407559432,18.46567048732425,0.5555071560072716,1.827677066753065,15.35442208439909,1.4968515644886602,0.0010974988033429966,0.16631757537080633,-2.3436727695429494e-09,0.017123864027613813,199,1000
ct_w5_i1,5,diagonal_fisher,625,False,1.0,1,0.0,-10.999999051449942,1.000000948550058,1.5958179020648282e-47,9994,0.9933205605313692,1.0,8,True,0.04474088674899121,1.0457568553412437,7.483851419733694e-07,0.0005325501053092473,806762477123.9901,24,9.905846730522655e-14,0.07991665446327036,18.487102592611937,0.5551052812493802,1.8284746077915923,15.377203953989573,1.498418630251065,0.0010543185028472422,0.1663255416472422,-2.149983249806474e-09,0.016878357307511124,199,1000
ct_w5_i1,5,diagonal_fisher,650,False,1.0,1,0.0,-10.999999103026722,1.0000008969732779,1.3875955933062194e-47,9994,0.993503646991505,1.0,8,True,0.04369521138279529,1.0446639046939565,7.077499832060957e-07,0.0005036341676896044,802738250490.8591,24,9.686406465152982e-14,0.07775648979380252,18.507701787327463,0.5547199796933947,1.8292414115605875,15.399094615689158,1.499922727642191,0.0010144695259364633,0.16633498297878765,-1.977069183635499e-09,0.016643152014208146,199,1000
ct_w5_i1,5,diagonal_fisher,675,False,1.0,1,0.0,-10.999999150508591,1.0000008494914088,1.2127728198523923e-47,9994,0.9936769401165803,1.0,8,True,0.04270068304483869,1.0436254732974148,6.703361078798764e-07,0.00047701049208793923,798812014341.8029,24,9.478019441874941e-14,0.07571155802334892,18.52753106661548,0.5543499601036175,1.8299797916474048,15.42016171226841,1.5013686994511304,0.0009775707893803789,0.16634710590065926,-1.8222173832821686e-09,0.016417547703085678,199,1000
ct_w5_i1,5,diagonal_fisher,700,False,1.0,1,0.0,-10.99999919431799,1.00000080568201,1.0650605654717905e-47,9994,0.9938412050249334,1.0,8,True,0.041753552490016305,1.0426374916715129,6.358117162321482e-07,0.00045244297013092313,794961561389.5845,24,9.280060107004514e-14,0.07377291072453503,18.54664565423186,0.5539940853687917,1.8306917556899625,15.44046461206964,1.502760813446827,0.0009432184441987189,0.16633762515636044,-1.6831289143914951e-09,0.01620090819823063,199,1000
ct_w5_i1,5,diagonal_fisher,725,False,1.0,1,0.0,-10.999999234824205,1.0000007651757947,9.395127171367901e-48,9994,0.9939971291351329,1.0,8,True,0.04085043264138199,1.041696290130723,6.038866738766349e-07,0.0004297251424845857,791182366789.807,24,9.09177272657879e-14,0.07193250264129625,18.565095770007442,0.5536513318064055,1.831379152014466,15.460057199082467,1.5041029170171019,0.0009112713952799956,0.1663421406145171,-1.5578477139855174e-09,0.015992656652440485,199,1000
ct_w5_i1,5,diagonal_fisher,750,False,1.0,1,0.0,-10.999999272351268,1.0000007276487324,8.322156448951961e-48,9994,0.9941453317867163,1.0,8,True,0.039988255567902635,1.0407985505327046,5.74306369650662e-07,0.0004086758281047152,787535894302.3385,24,8.911731012530654e-14,0.07018308052735213,18.582926071258044,0.5533207872679085,1.8320436142970435,15.47898741915035,1.5053984409922685,0.0008814162475569835,0.16633834319044213,-1.444701601443911e-09,0.015792265261571715,199,1000
ct_w5_i1,5,diagonal_fisher,775,False,1.0,1,0.0,-10.99999930718442,1.0000006928155791,7.400442431673222e-48,9994,0.9942863724663602,1.0,8,True,0.03916423547976521,1.0399412648781703,5.468466215202591e-07,0.00038913549928411463,784004520867.6473,24,8.739501645655812e-14,0.06851808800324401,18.600176874927648,0.5530016304927365,1.8326866191520925,15.497298541745618,1.5066504774179696,0.0008534274835493911,0.16631824300977063,-1.3422557409508087e-09,0.015599252021154678,199,1000
ct_w5_i1,5,diagonal_fisher,800,False,1.0,1,0.0,-10.999999339575524,1.000000660424476,6.60483885686776e-48,9994,0.9944207578690075,1.0,8,True,0.03837583678276137,1.0391216996545087,5.213094386857212e-07,0.00037096326597123227,780606870229.2224,24,8.574301144857022e-14,0.06693158381089678,18.616884851593003,0.5526931177907359,1.8333095147530518,15.515029893803778,1.507861829243068,0.0008272688683451478,0.16633307479617,-1.2492745594704952e-09,0.015413176879568669,199,1000
ct_w5_i1,5,diagonal_fisher,825,False,1.0,1,0.0,-10.999999369747721,1.0000006302522788,5.914951644744573e-48,9994,0.9945489479825792,1.0,8,True,0.03762074639671221,1.0383373650082064,4.975193872071871e-07,0.00035403428955302254,777341987333.3954,24,8.41562303020708e-14,0.06541817130949862,18.633083881661435,0.552394568657104,1.8339135610411894,15.532217743640205,1.509035064685269,0.0008026019273531833,0.16631413843346643,-1.1646892289822704e-09,0.015233632772588762,199,1000
ct_w5_i1,5,diagonal_fisher,850,False,1.0,1,0.0,-10.999999397899199,1.0000006021008012,5.3142343603668165e-48,9994,0.9946713613481037,1.0,8,True,0.036896849698707906,1.037585988010738,4.7532062064055297e-07,0.00033823766985848413,774229379761.4249,24,8.262788670429514e-14,0.06397293747406371,18.648803159801666,0.5521053838989033,1.8344998064569251,15.548893490743255,1.510172444126531,0.0007793952008925832,0.1663062293297201,-1.0875730791893658e-09,0.015060247919121961,199,1000
ct_w5_i1,5,diagonal_fisher,875,False,1.0,1,0.0,-10.9999994242065,1.0000005757935,4.7890444681766907e-48,9994,0.9947883796279595,1.0,8,True,0.03620220951660298,1.036865489363704,4.545742870820865e-07,0.00032347460001424714,771286601986.9689,24,8.115193458877176e-14,0.06259139987364254,18.66407090552572,0.5518249994468735,1.8350693026258431,15.565087323402372,1.5112761000634656,0.0007575141510239974,0.166297276408561,-1.0171193515975355e-09,0.014892678475324654,199,1000
ct_w5_i1,5,diagonal_fisher,900,False,1.0,1,0.0,-10.999999448827314,1.0000005511726862,4.328150485167043e-48,9994,0.9949003515797281,1.0,8,True,0.03553504776722004,1.0361739630755396,4.351563564309007e-07,0.0003096568203267602,768467950929.5865,24,7.972936339145276e-14,0.061269460514350095,18.67891243524247,0.5515529056800228,1.8356229808779003,15.580826368769827,1.5123479598727247,0.0007368292270179362,0.16628845363162595,-9.526236281143628e-10,0.014730606831105225,199,1000
ct_w5_i1,5,diagonal_fisher,925,False,1.0,1,0.0,-10.999999471902806,1.0000005280971944,3.922238818489718e-48,9994,0.9950075965280875,1.0,8,True,0.034893729333056754,1.0355096586501245,4.169557644862301e-07,0.0002967052976238016,765818238381.6781,24,7.835196718307414e-14,0.060003365481880885,18.69335091445337,0.5512886369921122,1.8361616936337757,15.596135444657467,1.5133897856691685,0.0007172469464065848,0.16627837966584294,-8.934690594726405e-10,0.01457373933159519,199,1000
ct_w5_i1,5,diagonal_fisher,950,False,1.0,1,0.0,-10.999999493559685,1.0000005064403155,3.5635385999546605e-48,9994,0.9951104074068615,1.0,8,True,0.034276747866285276,1.0348709654332742,3.9987281844720385e-07,0.00028454909060974073,763343783310.6615,24,7.701598001045243e-14,0.05878966955655704,18.707407856805645,0.5510317626471495,1.8366862347031785,15.611037585353102,1.5144032093492064,0.0006986720313072413,0.1662611100128817,-8.391138698032583e-10,0.014421803746742685,199,1000
ct_w5_i1,5,diagonal_fisher,975,False,1.0,1,0.0,-10.999999513911918,1.0000004860880818,3.24555116985085e-48,9994,0.9952090534295926,1.0,8,True,0.03368271327041696,1.0342563988325304,3.838178313951448e-07,0.0002731243781645318,761025934146.8906,24,7.572042231551467e-14,0.05762520512666161,18.721102689571904,0.5507818920439339,1.837197315635136,15.625553611034789,1.5153897109524161,0.0006810681836302677,0.16625253558658967,-7.890810069181388e-10,0.014274547945353154,199,1000
ct_w5_i1,5,diagonal_fisher,999,False,,0,0.0,-10.999999532318135,1.0000004676818648,2.973481658598516e-48,9994,0.9953000655643364,1.0,8,True,0.03313283482016452,1.0336878398602662,3.692970015203681e-07,0.00026279137040518586,758961094387.3324,24,7.451096823956269e-14,0.056550925998958265,18.733926463720564,0.5505482605517477,1.837675939075114,15.639144342029658,1.5163127333546218,0.0,,0.0,,199,1000
ct_w5_i1,5,exact_natural,0,False,1.0,1,0.0,-10.993772532330214,1.0062274676697864,1.3050483350482454e-12,9994,0.9691288465953103,1.0,8,True,0.18337423404911674,1.2012638778171987,0.0014052858773519318,1.0,45569088.13024984,51,6.744384006524485e-09,0.3073354291775618,8.309225914671824,0.8586598805473616,1.2712368154556908,4.258858944658905,0.596913660167173,5.612486080160912,1.0,-0.010373168910819075,1.0000000000000004,199,1000
ct_w5_i1,5,exact_natural,25,False,1.0,1,0.0,-11.08625515639368,0.9137448436063202,0.08625515639371906,9994,0.8895655242943613,1.0,8,True,0.42687040432484946,1.532454049437476,0.11440514719333587,81.4105862992921,414944463165.8959,15,2.0488838944433432e-11,8.50173027669043,147.5084445706203,0.9995831178652629,26.27123681545569,4.258858944658904,0.028884008232398672,5.612486080160912,1.0,-0.0788152043892616,1.0000000000000038,199,1000
ct_w5_i1,5,exact_natural,30,True,,0,0.0,-11.93337694662229,0.06662305337770924,0.9333769466222914,64512,0.9333769466222914,0.0,0,True,0.2545183100461608,1.2898401681600808,0.0902645374426497,64.23215297142302,127673958332.79729,14,5.2356474138904157e-11,6.684558297662628,175.56104584022137,0.9997057177244895,31.27123681545569,4.258858944658904,0.024265705412645333,0.0,,0.0,,199,1000
ct_w5_i1,5,projected_adam,0,False,,0,0.0,-10.993772532330214,1.0062274676697864,1.3050483350482454e-12,9994,0.9691288465953103,1.0,8,True,0.18337423404911674,1.2012638778171987,0.0014052858773519318,1.0,45569088.13024984,51,6.744384006524485e-09,0.3073354291775618,8.309225914671824,0.8586598805473616,1.2712368154556908,4.258858944658905,0.596913660167173,0.03919771371236494,0.9999999999999998,-7.24464166946554e-05,1.0000000000000018,199,1000
ct_w5_i1,5,projected_adam,25,False,,0,0.0,-10.995256522473387,1.0047434775266133,1.5462494041747006e-12,9994,0.9700191850768327,1.0,8,True,0.17612855378618003,1.1925913609314773,0.0011087377138534963,0.7889766286862288,137176887.04840285,51,2.2364424503374547e-09,0.3067882134001943,9.134997544062148,0.8846722535409219,1.4399107183468596,4.258858944658903,0.5269900493025745,0.03540933895319199,0.9999999999999997,-4.681785107351499e-05,0.9999999999999982,199,1000
ct_w5_i1,5,projected_adam,50,False,,0,0.0,-10.996193872295752,1.003806127704248,1.7872978987792828e-12,9994,0.9706146179186806,1.0,8,True,0.17123557002930268,1.1867702836059186,0.0009190548397443813,0.6539984885326066,338646764.9158151,51,9.049221842533855e-10,0.30644897019796213,9.85850307009348,0.9018743041046974,1.5841697367024326,4.258858944658904,0.47900083108042113,0.029196205945458242,1.0000000000000004,-2.9492389046171304e-05,0.9999999999999952,199,1000
ct_w5_i1,5,projected_adam,75,False,,0,0.0,-10.996801750293844,1.0031982497061556,2.014069912033934e-12,9994,0.9710181054098335,1.0,8,True,0.16789510950845202,1.1828125383523656,0.0007935649815140152,0.5647000331415694,695394072.1722082,51,4.4037543541425656e-10,0.3062344673173291,10.465019881268894,0.9134453646777559,1.7032067011436696,4.258858944658903,0.4455235057162383,0.024340324364217986,0.9999999999999996,-1.9905136124675534e-05,1.0000000000000044,199,1000
ct_w5_i1,5,projected_adam,100,False,,0,0.0,-10.997226249403372,1.0027737505966279,2.2281303506393697e-12,9994,0.9713095462730571,1.0,8,True,0.16546785594277316,1.179945033889176,0.0007040314378115304,0.5009880545716299,1255333213.861251,51,2.438306604145764e-10,0.3060887265761415,10.983714033499567,0.9217674953742026,1.803911926009642,4.258858944658903,0.4206517011789306,0.020934152273814073,1.0000000000000002,-1.4419068372152133e-05,0.999999999999996,199,1000
ct_w5_i1,5,projected_adam,125,False,,0,0.0,-10.997541736903363,1.0024582630966368,2.432883021610131e-12,9994,0.9715320517144456,1.0,8,True,0.16360535252110606,1.1777494275230613,0.0006360871563566138,0.45263897304314527,2071940378.205959,51,1.4767962472761202e-10,0.30598337751144256,11.438936504499058,0.9281074339898785,1.8915970311786308,4.258858944658903,0.401152363820378,0.018457713966484737,1.0,-1.1001648633494079e-05,1.0000000000000016,199,1000
ct_w5_i1,5,projected_adam,150,False,,0,0.0,-10.997786961277544,1.0022130387224557,2.6307377021727834e-12,9994,0.9717088806668601,1.0,8,True,0.1621185827210281,1.1759996862956832,0.0005822261928486173,0.41431156623145077,3202842562.1692348,51,9.55100665157752e-11,0.30590370615233947,11.846386916003857,0.9331423908414098,1.9696023565577023,4.258858944658907,0.3852648824908567,0.016569677503340742,1.0,-8.71507059936348e-06,1.0000000000000058,199,1000
ct_w5_i1,5,projected_adam,175,False,,0,0.0,-10.997983946421114,1.0020160535788865,2.8233007669159727e-12,9994,0.9718536119355645,1.0,8,True,0.16089676705355768,1.1745637088825172,0.0005381606670065742,0.38295458289288725,4708869284.252812,51,6.495007221832836e-11,0.3058414000788883,12.216406703957926,0.9372649085380643,2.040095805764679,4.258858944658909,0.3719524437571665,0.015076523061030888,0.9999999999999997,-7.101391019232526e-06,0.999999999999994,199,1000
ct_w5_i1,5,projected_adam,200,False,,0,0.0,-10.998146215034598,1.0018537849654017,3.0117004388348393e-12,9994,0.9719747755290957,1.0,8,True,0.15987009119992518,1.1733584315045147,0.0005012390951772625,0.35668122995854673,6653646391.7250595,51,4.595846808621069e-11,0.30579139535102706,12.55619592888716,0.9407201030155353,2.104569304761166,4.258858944658909,0.3605576774004273,0.013862942472878611,1.0000000000000004,-5.915606468514891e-06,0.9999999999999966,199,1000
ct_w5_i1,5,projected_adam,225,False,,0,0.0,-10.998282576760813,1.001717423239187,3.1967719451764306e-12,9994,0.9720780409690145,1.0,8,True,0.15899202250315608,1.172328594395752,0.0004697195165772498,0.3342519299079357,9103365319.743174,51,3.3586526790075004e-11,0.3057504231913938,12.8710024163615,0.9436700686390537,2.164099751914762,4.258858944658909,0.35063939163688146,0.012855502767372984,1.0000000000000004,-5.016115792639063e-06,0.9999999999999997,199,1000
ct_w5_i1,5,projected_adam,250,False,,0,0.0,-10.998399039682102,1.001600960317898,3.3791584573008256e-12,9994,0.9721673441517006,1.0,8,True,0.15823017635961514,1.1714358005061218,0.00044240299515928554,0.3148135210701279,12126610776.183228,51,2.521036441413628e-11,0.3057162767759712,13.164785845909899,0.9462268528817193,2.219493055647807,4.258858944658909,0.3418882607098045,0.012004868394774375,1.0,-4.3160102020296066e-06,1.0000000000000084,199,1000
ct_w5_i1,5,projected_adam,275,False,,0,0.0,-10.998499853610147,1.0015001463898532,3.5593700183190314e-12,9994,0.9722455137518093,1.0,8,True,0.15756122578425197,1.1706524299006937,0.0004184333447213412,0.29775674221520065,15794167724.460453,51,1.9354448874822663e-11,0.30568741174344405,13.4406154383992,0.9484706902895423,2.2713695180174556,4.25885894465891,0.3340797762907579,0.011276504648879406,0.9999999999999998,-3.7593552908440003e-06,1.000000000000004,199,1000
ct_w5_i1,5,projected_adam,300,False,,0,0.0,-10.998588115967804,1.001411884032196,3.737820452060375e-12,9994,0.9723146411752094,1.0,8,True,0.15696788801214726,1.1699580436192036,0.00039718049307307403,0.2826332346138041,20178830307.150257,51,1.5147692421372835e-11,0.30566271491578845,13.700922401891624,0.9504607199427317,2.3202175264206737,4.258858944658909,0.3270463272568773,0.010645442039777462,0.9999999999999999,-3.308735999780871e-06,0.9999999999999857,199,1000
ct_w5_i1,5,projected_adam,325,False,,0,0.0,-10.998666141546941,1.0013338584530587,3.9148517911048465e-12,9994,0.9723763098538606,1.0,8,True,0.1564370528849976,1.1693371536020547,0.0003781690179224372,0.2691046882468105,25355412567.605923,51,1.2054284777519526e-11,0.30564136374141937,13.9476675631447,0.9522415993382418,2.3664289011450412,4.25885894465891,0.32065980097088465,0.010093144402236662,1.0000000000000002,-2.938308638146244e-06,0.9999999999999989,199,1000
ct_w5_i1,5,projected_adam,350,False,,0,0.0,-10.99873569753668,1.0012643024633192,4.090751140334139e-12,9994,0.9724317430805647,1.0,8,True,0.15595857384596973,1.1687777841184581,0.000361032504404806,0.25691036266949624,31400341894.170544,51,9.733102219911972e-12,0.3056227373961462,14.182456707555152,0.9538477519681802,2.410323028810019,4.258858944658912,0.31482030059163846,0.009605544580270606,1.0000000000000002,-2.629729846063402e-06,1.0000000000000115,199,1000
ct_w5_i1,5,projected_adam,375,False,,0,0.0,-10.998798158103165,1.001201841896835,4.265762710155242e-12,9994,0.9724819025241143,1.0,8,True,0.15552446086151703,1.1682705126209707,0.0003454833646667425,0.24584561065806657,38391909725.69335,51,7.960176006401076e-12,0.30560635863838037,14.406622273582629,0.9553061879091748,2.4521638376035044,4.258858944658911,0.30944858121491203,0.009171764344093185,0.9999999999999999,-2.36967155362674e-06,0.9999999999999901,199,1000
ct_w5_i1,5,projected_adam,400,False,,0,0.0,-10.99885460906553,1.0011453909344699,4.440096636886626e-12,9994,0.9725275557537832,1.0,8,True,0.1551283263353243,1.1678078119868875,0.00033129228344371984,0.23574725170368513,46409706470.91104,51,6.5846538991424565e-12,0.30559185467174127,14.62128263934987,0.9566384310012173,2.492172039904993,4.25885894465891,0.30448083370755014,0.008783253613167069,1.0000000000000002,-2.1482505059224017e-06,0.999999999999983,199,1000
ct_w5_i1,5,projected_adam,425,False,,0,0.0,-10.998905920589873,1.0010940794101266,4.613935593518057e-12,9994,0.9725693236632296,1.0,8,True,0.15476499537474078,1.1673835883242436,0.00031827385810790347,0.22648335348509074,55534948117.91419,51,5.502461791965687e-12,0.3055789301376196,14.827386049605748,0.9578618684863367,2.5305341524938645,4.258858944658909,0.29986499874150896,0.008433195729110495,1.0,-1.9580055190565673e-06,0.9999999999999987,199,1000
ct_w5_i1,5,projected_adam,450,False,,0,0.0,-10.99895279880101,1.0010472011989897,4.7874398385631625e-12,9994,0.9726077144947516,1.0,8,True,0.15443022578167753,1.1669928492028692,0.00030627634057077933,0.21794593221694863,65850056350.44671,51,4.640350593484993e-12,0.3055673480668156,15.025743753785106,0.9589907168126011,2.5674092669948707,4.258858944658909,0.29555810606740873,0.008116087188454253,0.9999999999999999,-1.793213834017966e-06,1.0000000000000069,199,1000
ct_w5_i1,5,projected_adam,475,False,,0,0.0,-10.99899582314825,1.0010041768517492,4.960751136105893e-12,9994,0.972643148714056,1.0,8,True,0.15412050306832467,1.1666314609791102,0.00029517416448638273,0.21004563501527382,77438745468.5265,51,3.945788562737676e-12,0.30555691618246594,15.217055404964833,0.9600367260803583,2.6029342154104755,4.258858944658909,0.2915243174262299,0.007827434494083624,0.9999999999999999,-1.6494234556159256e-06,0.9999999999999931,199,1000
ct_w5_i1,5,projected_adam,500,False,,0,0.0,-10.999035473931821,1.000964526068179,5.133995842280958e-12,9994,0.9726759775032501,1.0,8,True,0.15383288787097335,1.1662959682899352,0.00028486240564930547,0.20270779792229146,90385867099.84378,51,3.3804784606665975e-12,0.3055474768796956,15.401928801780707,0.9610097026550513,2.637227568444889,4.2588589446589085,0.28773346279721146,0.007563531619202235,1.0000000000000002,-1.523126615878193e-06,0.9999999999999896,199,1000
ct_w5_i1,5,projected_adam,525,False,,0,0.0,-10.99907215289973,1.0009278471002698,5.307287366945256e-12,9994,0.9727064967177365,1.0,8,True,0.15356490065311826,1.1659834577544823,0.00027525261106441394,0.19586947787669345,104777289965.1678,51,2.9160794279194656e-12,0.30553889978057847,15.580895428372546,0.9619179028380315,2.6703927708216417,4.25885894465891,0.2841599291101438,0.007321294034408475,0.9999999999999997,-1.411527545926198e-06,0.9999999999999934,199,1000
ct_w5_i1,5,projected_adam,550,False,,0,0.0,-10.999106198877625,1.0008938011223751,5.480728158329911e-12,9994,0.9727349575633661,1.0,8,True,0.15331443340138798,1.1656914536525145,0.00026626961416275865,0.18947718642452108,120699993923.86519,51,2.5313263587846563e-12,0.3055310761246278,15.754422825276391,0.9627683335075591,2.7025206285108387,4.258858944658909,0.28078180512207507,0.0070981331602994,1.0,-1.3123745657106535e-06,0.9999999999999908,199,1000
ct_w5_i1,5,projected_adam,575,False,,0,0.0,-10.999137899781742,1.0008621002182583,5.654411319578984e-12,9994,0.9727615748657384,1.0,8,True,0.1530796811602828,1.1654178370886399,0.0002578490719617812,0.1834851371648752,138241708513.37308,51,2.210070446710939e-12,0.3055239144882339,15.922924539597979,0.963566984596097,2.7336913028266676,4.25885894465891,0.2775802153184931,0.0068918601139869775,1.0000000000000002,-1.2238368333826917e-06,0.9999999999999953,199,1000
ct_w5_i1,5,projected_adam,600,False,,0,0.0,-10.999167501959972,1.0008324980400278,5.828421938148404e-12,9994,0.9727865335469862,1.0,8,True,0.1528590883514273,1.165160782647689,0.00024993553835428537,0.17785387470430897,157490393086.8845,51,1.9399109462600096e-12,0.30551733748003895,16.086768204061794,0.9643190109151555,2.7639759247148965,4.25885894465891,0.274538795243374,0.006700611203989315,0.9999999999999997,-1.1444126573102358e-06,1.0000000000000004,199,1000
ct_w5_i1,5,projected_adam,625,False,,0,0.0,-10.999195217532955,1.0008047824670445,6.002838186351731e-12,9994,0.9728099937506626,1.0,8,True,0.1526513062544355,1.1649187082471721,0.00024248094081231753,0.17254919068085958,178537067908.2463,51,1.711192430468187e-12,0.30551127916257576,16.24628215156206,0.9650288758423361,2.7934379127920876,4.25885894465891,0.27164327403807104,0.006522789397473497,1.0,-1.0728603849043299e-06,1.0000000000000098,199,1000
ct_w5_i1,5,projected_adam,650,False,,0,0.0,-10.99922123022031,1.0007787697796893,6.1777322422464874e-12,9994,0.9728320949357772,1.0,8,True,0.15245515900693268,1.1646902350569113,0.00023544336429844514,0.1675412583965519,201468025120.23715,51,1.5163978643180508e-12,0.305505683020703,16.401760876252002,0.9657004659723011,2.8221340587286945,4.25885894465891,0.2688811391173771,0.00635701817151175,1.0000000000000002,-1.0081457581189396e-06,0.9999999999999937,199,1000
ct_w5_i1,5,projected_adam,675,False,,0,0.0,-10.999245700005936,1.000754299994064,6.35317106240381e-12,9994,0.9728529591754532,1.0,8,True,0.15226961618400153,1.1644741551895126,0.00022878607194611506,0.1628039359345381,226376402281.53107,51,1.3495244966677973e-12,0.30550050034645,16.55346957227732,0.9663371833955342,2.8501154271797366,4.258858944658908,0.26624136454844866,0.006202104503599824,1.0000000000000004,-9.494013413978699e-07,1.000000000000032,199,1000
ct_w5_i1,5,projected_adam,700,False,,0,0.0,-10.999268766905649,1.000731233094351,6.529217036786072e-12,9994,0.9728726938365285,1.0,8,True,0.15209377050304587,1.164269405441445,0.00022247670946271963,0.1583142000131293,253354816357.1645,51,1.2058017816145403e-12,0.3054956889440936,16.701647933502347,0.9669420205874273,2.8774281074916406,4.2588589446589085,0.2637141892363066,0.006057009205111422,1.0000000000000002,-8.958949756916108e-07,1.0000000000000053,199,1000
ct_w5_i1,5,projected_adam,725,False,,0,0.0,-10.999290554032925,1.0007094459670753,6.705928545960281e-12,9994,0.9728913937724532,1.0,8,True,0.15192681956181986,1.1640750457930804,0.00021648665435133335,0.1540516828926458,282492560179.94574,51,1.0814133012539727e-12,0.3054912120838817,16.846513353542207,0.9675176216418392,2.9041138454474944,4.258858944658909,0.2612909344592143,0.005920822803755504,1.0,-8.470050191760918e-07,0.9999999999999878,199,1000
ct_w5_i1,5,projected_adam,750,False,,0,0.0,-10.999311170111941,1.000688829888059,6.883360438987927e-12,9994,0.9729091431305282,1.0,8,True,0.15176805077495298,1.1638902416811885,0.00021079047943289644,0.14999829061834888,313877329412.4992,51,9.732688825355943e-13,0.30548703765055973,16.988263637446668,0.968066332696421,2.9302105775399,4.25885894465891,0.25896385272419403,0.005792745814053867,1.0,-8.022007370245884e-07,0.9999999999999994,199,1000
ct_w5_i1,5,projected_adam,775,False,,0,0.0,-10.999330711551261,1.000669288448739,7.06156444329792e-12,9994,0.9729260168507826,1.0,8,True,0.15161682887013747,1.163714249289133,0.00020536550770585272,0.14613788625901217,347612646617.8548,51,8.788032898629261e-13,0.3054831374457295,17.12707931037786,0.9685902437241545,2.9557528850113775,4.25885894465891,0.25672600179158667,0.005672072555038773,1.0,-7.610266653929521e-07,0.9999999999999967,199,1000
ct_w5_i1,5,projected_adam,800,False,,0,0.0,-10.999349264165685,1.0006507358343146,7.2405895209500996e-12,9994,0.9729420819169631,1.0,8,True,0.1514725854433933,1.1635464032636984,0.0002001914409504521,0.14245602562212137,383777967264.5769,51,7.959797400301904e-13,0.30547948661257285,17.26312559564392,0.9690912233919223,2.9807723821688894,4.258858944658911,0.25457113900819955,0.005558177712346522,1.0,-7.230900393093455e-07,1.0000000000000102,199,1000
ct_w5_i1,5,projected_adam,825,False,,0,0.0,-10.999366904614412,1.000633095385588,7.420482176210724e-12,9994,0.9729573984062612,1.0,8,True,0.15133481018777664,1.163386106403291,0.00019525004780508422,0.13893973528931075,422481319656.07214,51,7.230522367413621e-13,0.30547606315876535,17.396554114800402,0.9695709482935155,3.0052980496020933,4.258858944658911,0.25249363222173166,0.0054505051546972745,1.0000000000000002,-6.88050618702484e-07,0.9999999999999889,199,1000
ct_w5_i1,5,projected_adam,850,False,,0,0.0,-10.999383701609236,1.0006162983907636,7.601286725796284e-12,9994,0.9729720203751823,1.0,8,True,0.15120304348517158,1.1632328209513747,0.00019052490042509301,0.1355773252230436,463789604575.5414,51,6.586453093058487e-13,0.3054728475584947,17.527504358211047,0.9700309276078756,3.0293565219424265,4.258858944658911,0.2504883842349342,0.005348558640585567,0.9999999999999999,-6.556124067797282e-07,0.9999999999999925,199,1000
ct_w5_i1,5,projected_adam,875,False,,0,0.0,-10.999399716934297,1.0006002830657028,7.783045534500466e-12,9994,0.9729859966106619,1.0,8,True,0.15107687012018192,1.1630860612108687,0.00018600115109149854,0.13235822980160603,507822465718.8685,51,6.015287684966867e-13,0.30546982241882187,17.656104960324395,0.97047252399664,3.0529723370475335,4.258858944658911,0.24855076845758656,0.005251893839506874,1.0000000000000002,-6.255168461088245e-07,0.999999999999981,199,1000
ct_w5_i1,5,projected_adam,900,False,,0,0.0,-10.999415006311303,1.0005849936886975,7.965799222195863e-12,9994,0.9729993712700278,1.0,8,True,0.15095591392020133,1.1629453872485198,0.00018166534181541122,0.129272872333802,554654018215.3802,51,5.507342634628075e-13,0.305466972198534,17.78247481066134,0.9708969714019945,3.0761681527784495,4.258858944658911,0.24667657383018546,0.005160111765871826,0.9999999999999998,-5.975372327818498e-07,1.0000000000000209,199,1000
ct_w5_i1,5,projected_adam,925,False,,0,0.0,-10.999429620137025,1.0005703798629746,8.149586847606405e-12,9994,0.9730121844287738,1.0,8,True,0.15083983316401497,1.1628103995034558,0.00017750524122310313,0.12631254898653602,604388492713.4803,51,5.054104878779818e-13,0.30546428297015815,17.906724026194983,0.9713053902761065,3.098964936467369,4.258858944658912,0.24486195746310233,0.005072853068383664,1.0000000000000002,-5.714740703595918e-07,0.9999999999999662,199,1000
ct_w5_i1,5,projected_adam,950,False,,0,0.0,-10.999443604114756,1.0005563958852441,8.334446069740206e-12,9994,0.9730244725512776,1.0,8,True,0.15072831663357822,1.162680734152197,0.00017350970424420307,0.12346932893907557,657103209961.7802,51,4.648611322950958e-13,0.3054617422175752,18.028954803877383,0.9716988006633257,3.1213821308290335,4.25885894465891,0.24310340376408107,0.004989793212029631,1.0000000000000002,-5.471512064069792e-07,1.0000000000000036,199,1000
ct_w5_i1,5,projected_adam,975,False,,0,0.0,-10.99945699979694,1.0005430002030593,8.520413293183023e-12,9994,0.9730362688970956,1.0,8,True,0.15062108020345089,1.1625560591058615,0.00016966855100531065,0.12073596820387018,712921629987.9104,51,4.2846131442023464e-13,0.30545933866323627,18.149262172671165,0.9720781334901827,3.143437800121608,4.25885894465891,0.24139768899628375,0.004910638363064478,1.0000000000000002,-5.244125986987079e-07,1.0000000000000135,199,1000
ct_w5_i1,5,projected_adam,999,False,,0,0.0,-10.999469341367615,1.0005306586323854,8.700016991667152e-12,9994,0.9730471589748182,1.0,8,True,0.15052191840877277,1.1624407836761803,0.0001661176297412341,0.11820913624654077,769460097379.3607,51,3.969759470336477e-13,0.3054571508617745,18.26302993260639,0.9724298399936562,3.164286738801963,4.258858944658911,0.23980716132578309,0.0,,0.0,,199,1000
ct_w5_i1,5,ray_projected,0,False,0.02,0,4.258858944658905,-8.987888960195775,3.012111039804225,0.018906887733850467,64512,0.018906887733850467,0.0,0,True,7.797335438982492,2434.1075010427344,0.13589268179664848,1.0,126.26688471100982,51,0.04590014759433717,5.7956686445125065,7.134798931333151,1.0000000000000002,1.2712368154556912,2.175583928816829e-15,3.0492575190346904e-16,0.11224972160321822,1.0000000000000004,-0.045920807546065444,1.0,199,1000
ct_w5_i1,5,ray_projected,25,False,0.02,0,4.258858944658905,-9.941447671585873,2.0585523284141267,0.06614258131125361,64512,0.06614258131125361,0.0,0,True,6.362126214829201,579.4771403635098,0.15722821383047358,1.1570028036222868,384.8347528351958,51,0.022452190520903526,8.640383189720634,9.941041971413602,1.0000000000000002,1.7712368154556903,8.495926837474684e-15,8.546314221291406e-16,0.11224972160321822,1.0000000000000004,-0.031114268785478714,0.9999999999999989,199,1000
ct_w5_i1,5,ray_projected,50,False,0.02,0,4.258858944658905,-10.578642581390962,1.4213574186090376,0.1561510008371234,64512,0.1561510008371234,0.0,0,True,5.085171082879946,161.60758516375117,0.20721544951849336,1.524846274125145,1274.5606470643902,51,0.009430520919628708,12.019770845476234,12.747285011494052,0.9999999999999996,2.271236815455688,1.8588197236063618e-14,1.458208333719918e-15,0.11224972160321822,1.0000000000000004,-0.020587571535222362,0.9999999999999993,199,1000
ct_w5_i1,5,ray_projected,75,False,0.02,0,4.258858944658905,-11.004721862839906,0.9952781371600938,0.2837861230698354,64512,0.2837861230698354,0.0,0,True,4.017685827632432,55.57235290253826,0.26425712472792096,1.9446015873272604,4396.138801563841,51,0.003424197215977735,15.053246245366601,15.553528051574505,0.9999999999999999,2.771236815455688,2.429943183611352e-14,1.5623099630860704e-15,0.11224972160321822,1.0000000000000004,-0.014068778870558163,1.0000000000000024,199,1000
ct_w5_i1,5,ray_projected,100,False,0.02,0,4.258858944658905,-11.30351547857302,0.6964845214269797,0.4314211464671388,64512,0.4314211464671388,0.0,0,True,3.119036335879113,22.62456665153204,0.2896146319230772,2.1312010926126264,14971.425400694323,51,0.0010967735904200931,16.420263990426093,18.35977109165497,1.0,3.27123681545569,1.2824878117884043e-14,6.985314824384335e-16,0.11224972160321822,1.0000000000000004,-0.010131751727595475,0.9999999999999984,199,1000
ct_w5_i1,5,ray_projected,125,False,0.02,0,4.258858944658905,-11.521374980752686,0.47862501924731404,0.5771244589102403,64512,0.5771244589102403,0.0,0,True,2.3547056290998905,10.535027199758893,0.2720582761720678,2.00200829489243,49011.44755773965,51,0.00031676670419395094,15.525194710639855,21.166014131735437,1.0000000000000002,3.7712368154556923,2.8780270159990897e-15,1.359739721464088e-16,0.11224972160321822,1.0000000000000004,-0.007429904975544049,0.9999999999999996,199,1000
ct_w5_i1,5,ray_projected,150,False,0.02,0,4.258858944658905,-11.67992817169129,0.32007182830870917,0.7031362982058666,64512,0.7031362982058666,0.0,0,True,1.7193071018215078,5.58066029495392,0.22456385241222082,1.6525087991733138,153154.2106554722,51,8.439566339116631e-05,12.925551209419009,23.972257171815887,1.0,4.271236815455691,2.4709883460693682e-14,1.0307699973177753e-15,0.11224972160321822,1.0000000000000004,-0.005333744733485279,1.000000000000005,199,1000
ct_w5_i1,5,ray_projected,175,False,0.02,0,4.258858944658905,-11.791742274810924,0.20825772518907648,0.8010420690459079,64512,0.8010420690459079,0.0,0,True,1.2154887381616546,3.371941658235053,0.16772717674641988,1.23426202595228,458940.5837799051,51,2.1186407509273955e-05,9.723302230505155,26.778500211896322,1.0,4.771236815455687,6.584511777721018e-14,2.458879969235863e-15,0.11224972160321822,1.0000000000000004,-0.003682593969903563,1.0000000000000018,199,1000
ct_w5_i1,5,ray_projected,200,False,0.02,0,4.258858944658905,-11.867525443895246,0.13247455610475356,0.8711460659572452,64512,0.8711460659572452,0.0,0,True,0.8362503742928229,2.3076977309883824,0.1165448712673724,0.8576243380182282,1331142.7316673426,51,5.101332684552566e-06,6.790601924859201,29.58474325197675,1.0000000000000002,5.271236815455683,1.0772985490388227e-13,3.641399013888151e-15,0.11224972160321822,1.0000000000000004,-0.0024463677996845222,1.0000000000000007,199,1000
ct_w5_i1,5,ray_projected,216,True,,0,4.258858944658905,-11.901723188090832,0.0982768119091677,0.9036809595336212,64512,0.9036809595336212,0.0,0,True,0.6507678306032771,1.9170122046955893,0.08985193007448833,0.6611977104767414,2598381.4454584955,51,2.0195076675236432e-06,5.247451252254599,31.38073879762821,1.0,5.591236815455677,1.1186817867662874e-13,3.5648675895764396e-15,0.0,,0.0,,199,1000
ct_w5_i1,5,target_direction,0,False,0.02,0,0.0,-10.993772532330214,1.0062274676697864,1.3050483350482454e-12,9994,0.9691288465953103,1.0,8,True,0.18337423404911674,1.2012638778171987,0.0014052858773519318,1.0,45569088.13024984,51,6.744384006524485e-09,0.3073354291775618,8.309225914671824,0.8586598805473616,1.2712368154556908,4.258858944658905,0.596913660167173,0.11224972160321822,1.0000000000000004,-0.0002074633782163815,1.000000000000001,199,1000
ct_w5_i1,5,target_direction,25,False,0.02,0,0.0,-10.997096401551936,1.0029035984480643,2.156302568131341e-12,9994,0.9712194764966193,1.0,8,True,0.16621940573140795,1.1808321546459488,0.0007316237789209138,0.5206227364211176,1038252836.3234427,51,2.9485387469505187e-10,0.30613287170309456,10.814906147901054,0.9191981729164564,1.77123681545569,4.258858944658904,0.42841172554201584,0.11224972160321822,1.0000000000000004,-8.168921103175464e-05,1.0000000000000029,199,1000
ct_w5_i1,5,target_direction,50,False,0.02,0,0.0,-10.998499605288222,1.001500394711778,3.558897003598407e-12,9994,0.972245320187717,1.0,8,True,0.15756288479550584,1.1706543720278604,0.0004184927767793205,0.29779903400716773,15783581816.708057,51,1.936743418283832e-11,0.305687482004537,13.439909027771062,0.9484651261518339,2.271236815455689,4.258858944658905,0.33409929571816666,0.11224972160321822,1.0000000000000004,-3.7428928918465946e-05,1.0000000000000053,199,1000
ct_w5_i1,5,target_direction,75,False,0.02,0,0.0,-10.999174429741002,1.000825570258998,5.870930824207417e-12,9994,0.9727923892408725,1.0,8,True,0.15280726578662573,1.1651004025920644,0.00024807635142839166,0.17653087918015475,162456848426.4433,51,1.880596705983889e-12,0.30551581401529326,16.12606940210838,0.9644959142704035,2.771236815455688,4.258858944658903,0.2738194788048602,0.11224972160321822,1.0000000000000004,-1.8993843515069384e-05,1.000000000000009,199,1000
ct_w5_i1,5,target_direction,100,False,0.02,0,0.0,-10.99952805880335,1.0004719411966505,9.68258201869358e-12,9994,0.9730992649153531,1.0,8,True,0.15004512498985886,1.1618866716696228,0.00014906077730077112,0.10607149741065902,328444817274.6989,50,9.29979972577988e-13,0.30544710216250676,18.84725640639693,0.9741349454673669,3.2712368154556875,4.258858944658896,0.23196688691803297,0.11224972160321822,1.0000000000000004,-1.0301512658070778e-05,1.000000000000021,199,1000
ct_w5_i1,5,target_direction,125,False,0.02,0,0.0,-10.999723873335212,1.0002761266647884,1.5966790897218702e-11,9994,0.9732767677415127,1.0,8,True,0.148383319128302,1.1599574450322236,9.004259730962485e-05,0.06407422059865694,773936136985.2229,50,3.9462989316366036e-13,0.30541833505397453,21.590230052857798,0.9803514867565649,3.7712368154556875,4.2588589446588765,0.2012121374460072,0.11224972160321822,1.0000000000000004,-5.829253022398006e-06,1.0000000000000222,199,1000
ct_w5_i1,5,target_direction,150,False,0.02,0,0.0,-10.999836143358866,1.0001638566411337,2.6327617009765674e-11,9994,0.9733813697796184,1.0,8,True,0.14736164464265716,1.1587729512927496,5.451074430817499e-05,0.03878979016774366,139216466578.7771,48,2.1937463678891127e-12,0.30540561790754833,24.347628086164317,0.9845828549286173,4.271236815455684,4.2588589446588525,0.17765781979287235,0.11224972160321822,1.0000000000000004,-3.387679513142672e-06,0.999999999999973,199,1000
ct_w5_i1,5,target_direction,175,False,0.02,0,0.0,-10.999901926920307,1.000098073079693,4.3409682318094e-11,9994,0.9734437134022812,1.0,8,True,0.1467253961043865,1.1580359181892825,3.303166278647144e-05,0.023505297618670352,404411612536.33746,48,7.551703084788521e-13,0.30539964219149596,27.11505030622349,0.9875880704433009,4.771236815455682,4.2588589446588285,0.1590402341788671,0.11224972160321822,1.0000000000000004,-2.001631388086622e-06,1.0000000000001779,199,1000
ct_w5_i1,5,target_direction,200,False,0.02,0,0.0,-10.999940993238233,1.0000590067617665,7.157321735978194e-11,9994,0.9734811271227067,1.0,8,True,0.14632627723669261,1.1575738164277662,2.0024944439435088e-05,0.014249730081376286,200219943853.30853,47,1.5253058747012332e-12,0.3053966565918026,29.889712491020774,0.9897968493629484,5.271236815455678,4.258858944658811,0.14395456835253256,0.11224972160321822,1.0000000000000004,-1.1948052302201975e-06,1.0000000000001155,199,1000
ct_w5_i1,5,target_direction,225,False,0.02,0,0.0,-10.999964385286304,1.0000356147136955,1.180070189611749e-10,9994,0.9735036738397468,1.0,8,True,0.14607495553359842,1.157282929559387,1.214247719775026e-05,0.008640574415101281,340193855457.3884,47,8.977089854797966e-13,0.3053950808491127,32.66977000963941,0.9914666152378786,5.77123681545567,4.2588589446587966,0.1314828423641779,0.11224972160321822,1.0000000000000004,-7.176704301237182e-07,1.0000000000000653,199,1000
ct_w5_i1,5,target_direction,250,False,0.02,0,0.0,-10.999978462714605,1.0000215372853951,1.9456340466198305e-10,9994,0.9735172956821266,1.0,8,True,0.14591643499301207,1.1570994909835572,7.3636331251996184e-06,0.005239953837062231,947186093083.0804,47,3.224226095810884e-13,0.3053942118907625,35.45395368882833,0.9927589357468,6.271236815455661,4.258858944658792,0.12099983508560301,0.11224972160321822,1.0000000000000004,-4.3272413503103734e-07,0.9999999999989283,199,1000
ct_w5_i1,5,target_direction,275,False,0.02,0,0.0,-10.999986960674232,1.0000130393257685,3.2078353969685335e-10,9994,0.9735255380875857,1.0,8,True,0.14581640911692062,1.1569837568815455,4.465818164478156e-06,0.003177871660457712,775431051224.125,45,3.938373589444745e-13,0.3053937172576469,38.241362316952475,0.9937792502588467,6.7712368154556515,4.258858944658792,0.1120649950864013,0.11224972160321822,1.0000000000000004,-2.615231053582079e-07,1.0000000000004627,199,1000
ct_w5_i1,5,target_direction,300,False,0.02,0,0.0,-10.999992100215438,1.0000078997845616,5.288853571432887e-10,9994,0.9735305300401622,1.0,8,True,0.14575331628360436,1.1569107618009804,2.7084201845782975e-06,0.0019273090466702357,385770634514.3127,44,7.916450933990327e-13,0.3053934299906872,41.031338651612145,0.9945986836745553,7.271236815455641,4.258858944658793,0.10435894741317776,0.11224972160321822,1.0000000000000004,-1.5828283501662098e-07,1.000000000000431,199,1000
ct_w5_i1,5,target_direction,325,False,0.02,0,0.0,-10.99999521226263,1.0000047877373692,8.719872474825519e-10,9994,0.9735335549587455,1.0,8,True,0.14571355236320693,1.1568647594081651,1.6425335486302568e-06,0.0011688252014069804,745077907166.5365,44,4.0988097869262697e-13,0.30539326179167425,43.823392283461224,0.9952665957545972,7.771236815455629,4.258858944658793,0.09764451122422882,0.11224972160321822,1.0000000000000004,-9.588741798793875e-08,0.9999999999982242,199,1000
ct_w5_i1,5,target_direction,350,False,0.02,0,0.0,-10.999997098165966,1.0000029018340335,1.4376666301535218e-09,9994,0.9735353883449834,1.0,8,True,0.14568852015214037,1.1568358008877815,9.959736244274358e-07,0.0007087338174238336,697483053752.439,41,4.378502998410222e-13,0.3053931642195372,46.61714996561861,0.9958180954154585,8.27123681545562,4.258858944658793,0.09174185643372829,0.11224972160321822,1.0000000000000004,-5.813015004463294e-08,1.0000000000060512,199,1000
ct_w5_i1,5,target_direction,375,False,0.02,0,0.0,-10.9999982418761,1.0000017581239007,2.370314258492435e-09,9994,0.9735364994187462,1.0,8,True,0.14567278574230633,1.1568175989023788,6.036670277452547e-07,0.00042956884252105506,778787271902.6979,39,3.9213931886233727e-13,0.3053931103425818,49.412322659472515,0.9962786989755532,8.771236815455609,4.258858944658793,0.08651215745489842,0.11224972160321822,1.0000000000000004,-3.527051694263151e-08,0.9999999999806868,199,1000
ct_w5_i1,5,target_direction,400,False,0.02,0,0.0,-10.999998936272096,1.000001063727904,3.907990237076801e-09,9994,0.9735371722413776,1.0,8,True,0.1456629176775034,1.1568061834076722,3.6547965522708755e-07,0.00026007495066824676,754357697623.9355,37,4.0483856216373634e-13,0.30539308566322065,52.20868309285982,0.996667306855252,9.271236815455598,4.258858944658792,0.08184653628822317,0.11224972160321822,1.0000000000000004,-2.1435743242648183e-08,0.9999999999857982,199,1000
ct_w5_i1,5,target_direction,425,False,0.02,0,0.0,-10.999999358947337,1.0000006410526634,6.443189319768291e-09,9994,0.9735375787204548,1.0,8,True,0.1456567534242026,1.1567990525833158,2.2068967790550455e-07,0.00015704255017588587,247183856830.2928,35,1.2354895967882847e-12,0.3053930836078315,55.00605012157764,0.9969981573206518,9.771236815455588,4.258858944658792,0.07765840034217991,0.11224972160321822,1.0000000000000004,-1.3080573388890573e-08,1.000000000020906,199,1000
ct_w5_i1,5,target_direction,450,False,0.02,0,0.0,-10.9999996179183,1.0000003820816996,1.062302594459913e-08,9994,0.9735378226724556,1.0,8,True,0.1456529356456358,1.1567946361891173,1.3270941620695426e-07,9.443588549898966e-05,663285591143.3041,35,4.604247516134748e-13,0.3053931035509526,57.80427760697607,0.9972821396495335,10.271236815455577,4.258858944658792,0.07387801820624658,0.11224972160321822,1.0000000000000004,-8.06720986901155e-09,1.0000000000041556,199,1000
ct_w5_i1,5,target_direction,475,False,0.02,0,0.0,-10.999999779334816,1.000000220665184,1.7514411419594363e-08,9994,0.97353796638937,1.0,8,True,0.14565061985947125,1.1567919573032053,8.078982973487172e-08,5.7489960610085296e-05,799194152404.5706,33,3.821263576908106e-13,0.3053931505461531,60.60324635983786,0.9975276956932785,10.77123681545557,4.258858944658795,0.07044860617715454,0.11224972160321822,1.0000000000000004,-5.1141220147599126e-09,0.9999999999516486,199,1000
ct_w5_i1,5,target_direction,500,False,0.02,0,0.0,-10.999999884416042,1.0000001155839584,2.8876385029344484e-08,9994,0.9735380465635936,1.0,8,True,0.14564929166631901,1.1567904208610693,5.839052760983469e-08,4.1550640016295915e-05,572327823961.9285,32,5.335984444401377e-13,0.305393236575894,63.40285820874363,0.9977414507823827,11.271236815455566,4.2588589446587966,0.06732345641184434,0.11224972160321822,1.0000000000000004,-3.4668244808244707e-09,0.9999999999897887,199,1000
ct_w5_i1,5,target_direction,525,False,0.02,0,0.0,-10.999999959990557,1.0000000400094429,4.7609112033073985e-08,9994,0.9735380836628353,1.0,8,True,0.14564865487354245,1.1567896842255199,6.98064309043424e-08,4.967418518136895e-05,884163218222.8456,32,3.454038545162998e-13,0.30539338359570717,66.20303156748112,0.9979286629144876,11.77123681545557,4.258858944658784,0.06446379699511025,0.11224972160321822,1.0000000000000004,-2.7045857642349354e-09,0.999999999994302,199,1000
ct_w5_i1,5,target_direction,550,False,0.02,0,0.0,-11.000000025351206,0.9999999746487944,7.849415596987212e-08,9994,0.9735380871578817,1.0,8,True,0.1456485667646407,1.1567895823020558,1.1183469199974485e-07,7.958145299978533e-05,955632000403.6201,29,3.1957241804942654e-13,0.30539362913439544,69.00369807779693,0.9980935476161567,12.271236815455572,4.258858944658769,0.061837175165356126,0.11224972160321822,1.0000000000000004,-2.632754672049485e-09,0.9999999999494037,199,1000
ct_w5_i1,5,target_direction,575,False,0.02,0,0.0,-11.000000097182294,0.9999999028177058,1.2941498068934054e-07,9994,0.9735380579412712,1.0,8,True,0.14564900670828776,1.1567900912243954,1.8601999237897688e-07,0.00013237163724259864,857939723598.6984,26,3.559621118767396e-13,0.3053940358751389,71.8048000352247,0.9982395162721751,12.771236815455572,4.258858944658756,0.05941622032523734,0.11224972160321822,1.0000000000000004,-3.232958309951077e-09,0.999999999996145,199,1000
ct_w5_i1,5,target_direction,600,False,0.02,0,0.0,-11.000000193819162,0.9999998061808384,2.133692162025762e-07,9994,0.9735379885555677,1.0,8,True,0.14565007135777,1.1567913228010227,3.084842436037205e-07,0.0002195170737679487,320088597580.0262,25,9.540943038089582e-13,0.30539470766530086,74.60628839304,0.99836935327575,13.271236815455575,4.258858944658743,0.057177686677188554,0.11224972160321822,1.0000000000000004,-4.6583850377146504e-09,1.0000000000564602,199,1000
ct_w5_i1,5,target_direction,625,False,0.02,0,0.0,-11.000000339928635,0.9999996600713654,3.5178631927859283e-07,9994,0.973537861290018,1.0,8,True,0.14565199532547768,1.1567935484323133,5.098637997487527e-07,0.0003628185609532496,484750051707.3701,25,6.300067735447263e-13,0.3053958160517995,77.40812119843957,0.9984853492982331,13.771236815455575,4.258858944658729,0.05510170441635696,0.11224972160321822,1.0000000000000004,-7.272878317365896e-09,0.9999999999776629,199,1000
ct_w5_i1,5,target_direction,650,False,0.02,0,0.0,-11.00000057280541,0.9999994271945898,5.799974576800391e-07,9994,0.9735376436599271,1.0,8,True,0.1456552015862449,1.1567972574200294,8.414252645463924e-07,0.0005987573618344067,731185915154.3903,25,4.17674407858045e-13,0.3053976441462527,80.21026235563104,0.9985894026663944,14.27123681545558,4.258858944658716,0.05317118833254116,0.11224972160321822,1.0000000000000004,-1.1743784167350648e-08,1.0000000000060347,199,1000
ct_w5_i1,5,target_direction,675,False,0.02,0,0.0,-11.000000951891602,0.999999048108398,9.562537883382473e-07,9994,0.9735372801149771,1.0,8,True,0.14566039205314263,1.156803261753484,1.3877699173135745e-06,0.0009875356606647442,926570258523.5011,24,3.2960334771268046e-13,0.30540065910034975,83.01268063883984,0.9986830972750944,14.77123681545558,4.258858944658702,0.051371366523547096,0.11224972160321822,1.0000000000000004,-1.9212301047843975e-08,0.9999999999905382,199,1000
ct_w5_i1,5,target_direction,700,False,0.02,0,0.0,-11.000001573949186,0.9999984260508139,1.5765949856984013e-06,9994,0.9735366778600854,1.0,8,True,0.14566869700567706,1.1568128689895585,2.2883452085791324e-06,0.0016283841213086156,546841470912.6883,22,5.584902538766313e-13,0.3054056319202978,85.81534889827617,0.9987677630394975,15.271236815455582,4.25885894465869,0.04968940169174119,0.11224972160321822,1.0000000000000004,-3.15847666776392e-08,0.9999999999867885,199,1000
ct_w5_i1,5,target_direction,725,False,0.02,0,0.0,-11.000002597758275,0.9999974022417248,2.5993630323537356e-06,9994,0.9735356831698021,1.0,8,True,0.1456819139199959,1.1568281585871711,3.773019466759121e-06,0.0026848768123030296,853563799956.6555,22,3.578102021695545e-13,0.3054138358271041,88.61824341646431,0.9988445232172193,15.771236815455586,4.258858944658676,0.04811408447746122,0.11224972160321822,1.0000000000000004,-5.2019221286059284e-08,0.9999999999964605,199,1000
ct_w5_i1,5,target_direction,750,False,0.02,0,0.0,-11.000004284644564,0.9999957153554355,4.285617897744593e-06,9994,0.973534042150964,1.0,8,True,0.14570288397877645,1.1568524175960113,6.220748024653231e-06,0.004426677962761126,61564229436.00332,21,4.961117491334239e-12,0.3054273754954703,91.42134338274938,0.9989143317596241,16.271236815455584,4.258858944658663,0.04663558333390454,0.11224972160321822,1.0000000000000004,-8.573145720447421e-08,0.9999999999967011,199,1000
ct_w5_i1,5,target_direction,775,False,0.02,0,0.0,-11.000007065179389,0.9999929348206109,7.065769744758716e-06,9994,0.973531335939741,1.0,8,True,0.14573608134726376,1.156890822689474,1.0256290240365051e-05,0.007298365696018821,69140025578.34998,21,4.4178423901254655e-12,0.30544973585439344,94.22463046143204,0.9989780030217816,16.771236815455588,4.258858944658649,0.04524523914381676,0.11224972160321822,1.0000000000000004,-1.413262034866138e-07,0.9999999999996634,199,1000
ct_w5_i1,5,target_direction,800,False,0.02,0,0.0,-11.000011649073413,0.9999883509265874,1.1649431477083163e-05,9994,0.9735268737960195,1.0,8,True,0.14578853090133326,1.1569515026885369,1.6909649916716192e-05,0.012032889669808753,105309473145.28113,21,2.900847322913924e-12,0.30548670325096455,97.0280884346398,0.9990362355659967,17.271236815455588,4.258858944658634,0.043935395511097486,0.11224972160321822,1.0000000000000004,-2.3299307631674552e-07,0.9999999999999718,199,1000
ct_w5_i1,5,target_direction,825,False,0.02,0,0.0,-11.000019206303145,0.9999807936968548,1.920652032236891e-05,9994,0.9735195168183932,1.0,8,True,0.1458712313292032,1.1570471870293475,2.7878903019705252e-05,0.01983859901320521,169508495344.7074,21,1.802552305604956e-12,0.30554792910322925,99.83170290527521,0.9990896313631572,17.77123681545559,4.25885894465862,0.04269925770123801,0.11224972160321822,1.0000000000000004,-3.841273718840912e-07,1.000000000000614,199,1000
ct_w5_i1,5,target_direction,850,False,0.02,0,0.0,-11.000031665672326,0.999968334327674,3.166580404860015e-05,9994,0.9735073873127434,1.0,8,True,0.14600135222071708,1.1571977528365134,4.596341013114506e-05,0.03270751586698985,271960322235.19534,21,1.123875827605639e-12,0.3056496322279764,102.6354610485771,0.9991387113809801,18.27123681545559,4.2588589446586065,0.04153077474268088,0.11224972160321822,1.0000000000000004,-6.332986612811447e-07,0.9999999999998107,199,1000
ct_w5_i1,5,target_direction,875,False,0.02,0,0.0,-11.000052206932349,0.9999477930676512,5.220701224035827e-05,9994,0.9734873897120385,1.0,8,True,0.1462056096800155,1.1574341432508444,7.57777477931793e-05,0.05392336820175839,428534158162.4428,21,7.136406665544352e-13,0.30581940227238946,105.43935140326329,0.9991839283154765,18.77123681545559,4.258858944658592,0.04042454037062046,0.11224972160321822,1.0000000000000004,-1.0440873315964444e-06,1.0000000000000113,199,1000
ct_w5_i1,5,target_direction,900,False,0.02,0,0.0,-11.000086071848044,0.9999139281519565,8.607189649737347e-05,9994,0.9734544209836613,1.0,8,True,0.1465254238395312,1.1578043662766904,0.0001249279279800076,0.0888985863968242,648595907567.4829,21,4.719504221606196e-13,0.30610511238812377,108.24336369509076,0.9992256770484531,19.27123681545559,4.258858944658579,0.03937570939112141,0.11224972160321822,1.0000000000000004,-1.7212907330765852e-06,0.9999999999998846,199,1000
ct_w5_i1,5,target_direction,925,False,0.02,0,0.0,-11.000141900613922,0.9998580993860777,0.00014190064330799821,9994,0.9734000695836924,1.0,8,True,0.14702474746448624,1.15838262970813,0.0002059483359582245,0.1465526262501875,905320953381.384,21,3.3865618017165704e-13,0.3065925359015023,111.04748868711326,0.9992643032834904,19.771236815455598,4.2588589446585665,0.03837992673577569,0.11224972160321822,1.0000000000000004,-2.8376107371386166e-06,0.9999999999999957,199,1000
ct_w5_i1,5,target_direction,950,False,0.02,0,0.0,-11.00023393305666,0.9997660669433408,0.00023393307448342631,9994,0.9733104725061541,1.0,8,True,0.1478018557559262,1.1592831683170268,0.0003394888987237405,0.24157995479429473,309308158585.65155,20,9.939712675143575e-13,0.307443422441912,113.85171805204084,0.9993001107140567,20.271236815455598,4.258858944658553,0.037433267015769905,0.11224972160321822,1.0000000000000004,-4.677567352846521e-06,0.9999999999999055,199,1000
ct_w5_i1,5,target_direction,975,False,0.02,0,0.0,-11.000385631902532,0.9996143680974683,0.0003856319133422232,9994,0.9731627878961355,1.0,8,True,0.14900693003446697,1.1606810327407766,0.0005595527243557342,0.39817714912935326,504075672900.9237,20,6.129802705792605e-13,0.308988442367231,116.65604426298816,0.9993333670020355,20.7712368154556,4.258858944658539,0.03653218280618828,0.11224972160321822,1.0000000000000004,-7.709664244046624e-06,0.999999999999969,199,1000
ct_w5_i1,5,target_direction,999,False,,0,0.0,-11.000623061831382,0.9993769381686182,0.0006230618380691203,9994,0.9729316407949667,1.0,8,True,0.15077708575861878,1.1627374384570015,0.000903849314878669,0.643178252514605,789628336697.2838,20,3.949037777902554e-13,0.31182721321199314,119.34828220124342,0.9993631128417286,21.251236815455606,4.258858944658526,0.035707033291397704,0.0,,0.0,,199,1000
ct_w5_i1,5,adam,0,False,,0,0.0,-10.999357436549007,1.0006425634509934,1.866034771207062e-16,9994,0.9952163047717868,1.0,8,True,0.03590945662760455,1.036561988423746,0.00014030551637781414,1.0,489673913.09180486,51,1.1393713379643412e-10,0.05579204215256442,9.362845254631363,0.7966242233897934,1.3289421520446212,5.659604499655599,0.7587954700079441,0.1428071558558303,0.27445866421540016,-0.0001158400324847203,0.24667045811988825,999,1000
ct_w5_i1,5,adam,25,False,,0,0.0,-10.9999609406158,1.0000390593842,8.73580436939993e-24,9994,0.999744873238286,1.0,8,True,0.00265771001285507,1.002661244854946,1.039985301342604e-05,0.0741229089341103,58595951419.82171,51,4.9959286509184936e-14,0.0029274119252611546,11.229637854476719,0.7209090249185394,1.4424173459379033,7.7824726563622635,0.9613275534279873,0.042472082414978574,0.2772896337515473,-2.2520586525052305e-06,0.3909350788561733,999,1000
ct_w5_i1,5,adam,50,False,,0,0.0,-10.999984174228125,1.0000158257718752,1.4012726877018004e-25,9994,0.999869376872541,1.0,8,True,0.0014370512289298496,1.0014380842818378,4.189488134618316e-06,0.029859753506318875,186567508327.05527,51,8.435152945664373e-15,0.0015737254674302228,11.763968923070848,0.7025615038107035,1.4725937096913175,8.371511181236633,1.0128978369963044,0.01395760372044605,0.2639273180121604,-3.438070286191404e-07,0.4610228890359171,999,1000
ct_w5_i1,5,adam,75,False,,0,0.0,-10.99998962512574,1.0000103748742593,2.7596040054740286e-26,9994,0.9998981680198205,1.0,8,True,0.0011401628004889285,1.001140813033195,2.703806374726061e-06,0.019270848677433762,293804757284.749,51,4.29965253554689e-15,0.00126325836961511,11.991518294810652,0.6950991497546338,1.4851340478961232,8.62086898739555,1.0342609163572698,0.008594764856111818,0.2624054240794115,-1.4040010488393668e-07,0.4534701472480435,999,1000
ct_w5_i1,5,adam,100,False,,0,0.0,-10.999992322837697,1.0000076771623032,8.68986065024134e-27,9994,0.9999142796714335,1.0,8,True,0.0009713334676097475,1.0009718053647398,1.980889962900955e-06,0.014118403994657075,404358071427.31116,51,2.682043705003322e-15,0.0010845060200389035,12.155695474443323,0.6898987380771937,1.494203967456195,8.79957949745351,1.0492929550978358,0.006961742328556171,0.26636498365437633,-8.282049034893729e-08,0.42139398787303883,999,1000
ct_w5_i1,5,adam,125,False,,0,0.0,-10.999994017340144,1.0000059826598555,3.255405535857822e-27,9994,0.9999258074486957,1.0,8,True,0.0008492915650858545,1.0008496523152872,1.533984795181249e-06,0.010933175222067113,529691163674.9756,51,1.798857036991495e-15,0.0009528386772089437,12.294972867811088,0.685612884948028,1.5019354521082413,8.95032622856697,1.0617745700546755,0.006012602056319872,0.2694845083776781,-5.5039737156822844e-08,0.3952835332405715,999,1000
ct_w5_i1,5,adam,150,False,,0,0.0,-10.999995177153975,1.0000048228460248,1.370957419170881e-27,9994,0.9999345891627305,1.0,8,True,0.0007554812149458572,1.0007557666627578,1.231381770301105e-06,0.008776431619304583,671763211847.7325,51,1.2657715033540784e-15,0.0008502987305584686,12.417442759727274,0.6819326724599056,1.508753840154905,9.082303284980348,1.0725618236570307,0.00530378341453739,0.2716306875629887,-3.8808548289803715e-08,0.3755551570719069,999,1000
ct_w5_i1,5,adam,175,False,,0,0.0,-10.999996011684592,1.0000039883154077,6.332371610448165e-28,9994,0.9999414961601278,1.0,8,True,0.00068109312686482,1.000681325123456,1.015249464687223e-06,0.007235991077880096,830748602835.6185,51,9.247734756349323e-16,0.0007682542728231589,12.526751725042756,0.6787132391955868,1.5148495904436907,9.199688929976816,1.0820525479423742,0.004741889349193523,0.27317858497642117,-2.8525217953694743e-08,0.35999441441731017,999,1000
ct_w5_i1,5,adam,200,False,,0,0.0,-10.99999663487732,1.00000336512268,3.153614678046319e-28,9994,0.9999470636948793,1.0,8,True,0.000620685204177873,1.0006208778690986,8.547028043986509e-07,0.006091726301745047,147365601892.908,50,4.758192298320057e-15,0.0007011938719641345,12.62539557320232,0.675858066800608,1.5203557430387125,9.305318019284815,1.090512691568483,0.004285817805099736,0.27435306813930926,-2.1660563207190166e-08,0.34720416001408044,999,1000
ct_w5_i1,5,adam,225,False,,0,0.0,-10.999997114223275,1.0000028857767251,1.6714977779374947e-28,9994,0.9999516440998246,1.0,8,True,0.000570651167328114,1.0005708140196814,7.317006258729865e-07,0.005215052442433311,176796342230.60608,50,3.650391148471746e-15,0.0006453758027607859,12.715246093891183,0.6732970984755886,1.5253736364143544,9.401297474932624,1.0981363860660065,0.003909167657649103,0.27527954787720194,-1.6888151559420535e-08,0.3363659814449697,999,1000
ct_w5_i1,5,adam,250,False,,0,0.0,-10.999997491959823,1.0000025080401773,9.334322375879929e-29,9994,0.9999554778147559,1.0,8,True,0.0005285140518768805,1.0005286537400364,6.350663946828206e-07,0.004526310946839156,208964815050.4876,50,2.8626185786000884e-15,0.0005981865618372572,12.797741104544023,0.6709779491707444,1.5299818935317329,9.489234566132552,1.1050695548161797,0.0035934261076400794,0.2760323609885769,-1.3458208759453766e-08,0.326972848111754,999,1000
ct_w5_i1,5,adam,275,False,,0,0.0,-10.99999779568922,1.0000022043107801,5.448840016198867e-29,9994,0.9999587338414447,1.0,8,True,0.0004925222913230588,1.0004926436003418,5.575517887388381e-07,0.003973840823460318,243886720760.6352,50,2.2869442747569074e-15,0.0005577553397327713,12.874003114872005,0.6688606105787905,1.5342423056414358,9.570377393316612,1.111424159579551,0.003325255043367174,0.2766584123050183,-1.0923711894140446e-08,0.3186912027731066,999,1000
ct_w5_i1,5,adam,300,False,,0,0.0,-10.999998044109558,1.0000019558904416,3.303966059757066e-29,9994,0.9999615341128553,1.0,8,True,0.0004614050420092279,1.0004615115056892,4.942757221590225e-07,0.003522853091734745,281567079317.5546,50,1.8564389942028084e-15,0.0005227121055289035,12.94492194482904,0.6669139490128069,1.5382040847112382,9.645711081185915,1.1172876856021465,0.0030948565171280353,0.2771888487282112,-9.006309373767318e-09,0.31129042839228205,999,1000
ct_w5_i1,5,adam,325,False,,0,0.0,-10.999998250278361,1.0000017497216387,2.0704886042746372e-29,9994,0.9999639686600584,1.0,8,True,0.0004342190514709359,1.0004343133382099,4.418455852340692e-07,0.003149167592557581,322030593556.8004,50,1.5279060785588335e-15,0.0004920325013773445,13.011213154895708,0.665113324749577,1.5419069405032724,9.716025002397226,1.1227296280043508,0.0028949010771874427,0.2776452217571244,-7.52618997821522e-09,0.3046048487061316,999,1000
ct_w5_i1,5,adam,350,False,,0,0.0,-10.99999842355499,1.00000157644501,1.3354144738783237e-29,9994,0.9999661053315839,1.0,8,True,0.0004102500089841009,1.0004103341730282,3.978389223875179e-07,0.0028355187497847113,365292228205.8236,50,1.2727787038998455e-15,0.0004649361687604947,13.073459831811125,0.663438940616198,1.5453833144752354,9.781960433943562,1.1278060139626063,0.002719812633794355,0.2780429289112002,-6.363476712496912e-09,0.29851132294995636,999,1000
ct_w5_i1,5,adam,375,False,,0,0.0,-10.999998570801337,1.0000014291986634,8.834439112031215e-30,9994,0.9999679961925649,1.0,8,True,0.0003889472743460961,1.0003890229241448,3.604852831735979e-07,0.0025692880257315366,411364297926.172,50,1.0716014461003285e-15,0.00044081857653173223,13.132142856859238,0.6618746740648873,1.5486600142994116,9.844044852418579,1.1325626147364083,0.00256528140024997,0.27839330156979436,-5.43603049187309e-09,0.2929160064882212,999,1000
ct_w5_i1,5,adam,400,False,,0,0.0,-10.999998697148518,1.0000013028514818,5.977522156485618e-30,9994,0.9999696818436723,1.0,8,True,0.00036987962011775813,1.0003699480340191,3.28464292489847e-07,0.0023410647062896634,460291532638.6939,50,9.107365425324702e-16,0.00041920431899233575,13.187663160373988,0.6604072356212223,1.551759424906533,9.902717014977164,1.1370372689007537,0.002427928919405059,0.27870485676659196,-4.686207144170179e-09,0.28774562281772365,999,1000
ct_w5_i1,5,adam,425,False,,0,0.0,-10.99999880650081,1.0000011934991893,4.126649952077817e-30,9994,0.9999711944031636,1.0,8,True,0.00035270454007025725,1.00035276674763,3.0077351666211365e-07,0.002143704142410138,512068810297.23364,50,7.805873811650081e-16,0.00039971445160619896,13.240358327751641,0.6590255516960268,1.5547004174216925,9.958345591885728,1.1412615920325373,0.0023050719342857695,0.2789841511052271,-4.072687807344781e-09,0.2829418769552334,999,1000
ct_w5_i1,5,adam,450,False,,0,0.0,-10.999998901875228,1.0000010981247716,2.9008151613074158e-30,9994,0.9999725596069958,1.0,8,True,0.00033714654666814524,1.0003372033869529,2.76639821245669e-07,0.0019716959702477726,566745384360.0874,50,6.741003061831096e-16,0.0003820432371249991,13.290515149266882,0.6577203049135698,1.5574990390325587,10.011243197045571,1.1452622539408521,0.0021945537014121104,0.27923627300169007,-3.5652942005274942e-09,0.2784577516053746,999,1000
ct_w5_i1,5,adam,475,False,,0,0.0,-10.99999898563554,1.0000010143644609,2.0726574515968634e-30,9994,0.9999737983171808,1.0,8,True,0.0003229815226814594,1.0003230336868294,2.5545849658203296e-07,0.0018207302405283574,624348545073.2201,50,5.861169708497724e-16,0.00036594127799277837,13.338379244267298,0.6564835862311298,1.560169043757595,10.061677113844727,1.1490619480956565,0.002094622371932108,0.2794653047055712,-3.1416128300751653e-09,0.274254549989873,999,1000
ct_w5_i1,5,adam,500,False,,0,0.0,-10.99999905965686,1.0000009403431402,1.5030153115487464e-30,9994,0.9999749276228496,1.0,8,True,0.0003100252565793039,1.000310073319376,2.367505145568474e-07,0.0016873927744888273,684860273268.9454,50,5.128098495854955e-16,0.00035120309372212925,13.384162533000836,0.6553086282286587,1.5627223059836484,10.10987759731984,1.1526801368340571,0.0020038403527393106,0.2796745072847725,-2.784742332562972e-09,0.270300334236829,999,1000
ct_w5_i1,5,adam,525,False,,0,0.0,-10.999999125443386,1.0000008745566138,1.1047328737980264e-30,9994,0.9999759616553231,1.0,8,True,0.00029812492688213,1.0002981693705346,2.2013211572441616e-07,0.0015689484020831033,748390658264.7346,50,4.5117861073840055e-16,0.0003376578574854801,13.428049087930704,0.6541895984032187,1.565169145135811,10.156044359985529,1.1561336302438983,0.00192101784937991,0.2798665426933834,-2.4817644700220292e-09,0.26656817135066846,999,1000
ct_w5_i1,5,adam,550,False,,0,0.0,-10.9999991842142,1.0000008157857998,8.220734379445487e-31,9994,0.9999769122023212,1.0,8,True,0.00028715266277553063,1.000287193895048,2.052926164750034e-07,0.0014631827869275805,814912161775.5007,50,3.9901522866315356e-16,0.0003251623625712362,13.470199789830538,0.6531214362212528,1.5675185839693178,10.200351723280999,1.159437043740116,0.0018451615508076977,0.28004360586893656,-2.2226808203644855e-09,0.2630353127180847,999,1000
ct_w5_i1,5,adam,575,False,,0,0.0,-10.999999236966405,1.0000007630335954,6.187073322438061e-31,9994,0.9999777891743581,1.0,8,True,0.00027700063993450384,1.0002770390081543,1.91978185675313e-07,0.0013682867974937982,884465998736.4017,50,3.54559301322239e-16,0.00031359564655525493,13.510756045343891,0.6520997244519748,1.5697785559681974,10.242952718884439,1.162603159998303,0.0017754361468678176,0.2802075369802694,-1.999666479312155e-09,0.2596823124648972,999,1000
ct_w5_i1,5,adam,600,False,,0,0.0,-10.999999284522586,1.0000007154774142,4.7053735900338725e-31,9994,0.9999786009647614,1.0,8,True,0.0002675772828561027,1.0002676130848505,1.7997958546146922e-07,0.0012827691320191638,957119757869.5493,50,3.1642311772961463e-16,0.0003028548178256967,13.54984279803276,0.651120585561703,1.5719560727482766,10.283982408090719,1.1656432211393732,0.0017111342231479775,0.2803598623622173,-1.806532556272459e-09,0.256492345235281,999,1000
ct_w5_i1,5,adam,625,False,,0,0.0,-10.999999327566691,1.000000672433309,3.6132124909704277e-31,9994,0.9999793547299698,1.0,8,True,0.0002588042996636302,1.0002588377923858,1.691229933519675e-07,0.0012053909049203294,214074417974.58945,49,1.3679905820285324e-15,0.00029285178764247794,13.587570980643436,0.6501805980734512,1.5740573607457276,10.323560579766687,1.1685671650489466,0.00165165268305687,0.28050182200911405,-1.638337672303566e-09,0.253450770346374,999,1000
ct_w5_i1,5,adam,650,False,,0,0.0,-10.999999366671426,1.0000006333285736,2.799477826333568e-31,9994,0.9999800566091559,1.0,8,True,0.0002506143530589428,1.0002506457594595,1.592629610311092e-07,0.001135115461905621,230492365763.82336,49,1.2300220642107216e-15,0.0002835106955216307,13.624039521905281,0.6492767287326259,1.5760879735942361,10.361793953192803,1.1713838173028768,0.001596474248736004,0.28063454931831333,-1.4911019393097814e-09,0.25054497589766467,999,1000
ct_w5_i1,5,adam,675,False,,0,0.0,-10.999999402319613,1.000000597680387,2.187108626948393e-31,9994,0.9999807118992314,1.0,8,True,0.00024294919897236905,1.0002429787135192,1.5027696093360056e-07,0.0010710695118282831,247614185515.33478,49,1.1096531029540415e-15,0.00027476584929252894,13.659337015968692,0.6484062765011129,1.5780528855662046,10.39877800811384,1.174101049988127,0.001545152856727929,0.2807589851160599,-1.3615937019650263e-09,0.24776378356596246,999,1000
ct_w5_i1,5,adam,700,False,,0,0.0,-10.999999434920808,1.0000005650791923,1.7219750647648124e-31,9994,0.9999813251951806,1.0,8,True,0.00023575818994151133,1.0002357859830877,1.4206111062476662e-07,0.001012512653046549,265446159677.3228,49,1.0041963452435457e-15,0.00026656006340690223,13.693543115068127,0.6475668260431349,1.5799565692740667,10.434598510688993,1.1767259138883,0.001497302090911906,0.28087595903639917,-1.2471689548307038e-09,0.24509721272684437,999,1000
ct_w5_i1,5,adam,725,False,,0,0.0,-10.999999464824409,1.000000535175591,1.3656018462275147e-31,9994,0.9999819005027242,1.0,8,True,0.00022899707113999352,1.000229023292971,1.3452683961693986e-07,0.0009588136168123747,283994266489.48413,49,9.114385437826787e-16,0.0002588433206918054,13.726729685065651,0.646756209311684,1.5818030602767563,10.46933277814703,1.1792647477419318,0.0014525851032766636,0.280986161516455,-1.1456491681129395e-09,0.2425365910114213,999,1000
ct_w5_i1,5,adam,750,False,,0,0.0,-10.99999949233012,1.0000005076698795,1.090336954802478e-31,9994,0.9999824413296969,1.0,8,True,0.0002226270017152431,1.0002226517849453,1.2759821624379693e-07,0.0009094312150935032,303269838609.5382,49,8.295308413183162e-16,0.0002515716843682402,13.758961787108285,0.6459724733429977,1.5835960124101212,10.503050749553056,1.1817232699909053,0.0014107070217230324,0.2810902461115502,-1.055227681620547e-09,0.2400742757495824,999,1000
ct_w5_i1,5,adam,775,False,,0,0.0,-10.999999517696267,1.000000482303733,8.761005637311872e-32,9994,0.9999829507616651,1.0,8,True,0.0002166137424919817,1.0002166372049428,1.2120981949129376e-07,0.0008638991724666081,323281871681.0066,49,7.569443614820247e-16,0.0002447063899382934,13.790298509921113,0.6452138528557368,1.5853387441028322,10.535815895591371,1.1841066570328582,0.0013714091759544657,0.281188694803974,-9.743971695155067e-10,0.23770303992458053,999,1000
ct_w5_i1,5,adam,800,False,,0,0.0,-10.999999541146607,1.0000004588533926,7.081696033025008e-32,9994,0.9999834315240758,1.0,8,True,0.0002109269869104325,1.0002109492335713,1.1530500254576297e-07,0.0008218137498975459,344030879319.07635,49,6.924177801370297e-16,0.00023821309775670521,13.820793680416559,0.6444787471074859,1.5870342782089448,10.567685993159591,1.1864196093944395,0.001334462913775445,0.28128203963832277,-9.018924950848149e-10,0.23541668732443097,999,1000
ct_w5_i1,5,adam,825,False,,0,0.0,-10.999999562875757,1.0000004371242426,5.756502272744914e-32,9994,0.9999838860328463,1.0,8,True,0.00020553981605832806,1.0002055609408136,1.0983452805987868e-07,0.0007828240178676702,365535587147.0686,49,6.348527833281173e-16,0.0002320612849057941,13.850496461369426,0.6437657005855806,1.588685375885325,10.598713775006956,1.1886664069043646,0.0012996659085809346,0.2813706762814262,-8.366465160669893e-10,0.23320960087685616,999,1000
ct_w5_i1,5,adam,850,False,,0,0.0,-10.999999583053771,1.0000004169462287,4.7041261162549694e-32,9994,0.9999843164375651,1.0,8,True,0.00020042823141594327,1.0002004483184959,1.0475536863281925e-07,0.0007466233070318804,387808426907.0013,49,5.833388519657484e-16,0.00022622372253457298,13.879451880447549,0.6430733858035073,1.590294565790774,10.628947507311036,1.1908509581109685,0.001266838208719903,0.28145498673980707,-7.777538426272469e-10,0.2310767376888479,999,1000
ct_w5_i1,5,adam,875,False,,0,0.0,-10.999999601829694,1.0000003981703056,3.8634058127526406e-32,9994,0.9999847246573604,1.0,8,True,0.00019557076650487582,1.000195589891714,1.0002985774249335e-07,0.0007129431566548912,410840583338.9335,49,5.3713300948773e-16,0.00022067603894853586,13.907701281960598,0.642400588951109,1.5918641697961116,10.658431479031405,1.1929768414387862,0.0012358197954454276,0.28153530031195073,-7.244439421073307e-10,0.22901326598138783,999,1000
ct_w5_i1,5,adam,900,False,,0,0.0,-10.99999961933478,1.0000003806652202,3.1879773892993217e-32,9994,0.9999851124112202,1.0,8,True,0.00019094815783958271,1.0001909663895996,9.56248116320478e-08,0.0006815470560298548,434665637549.23816,49,4.955449243189854e-16,0.00021539635046340078,13.935282714617086,0.6417461973284219,1.5933963243870721,10.687206424943025,1.1950473413254254,0.0012064670374907303,0.2816118456277489,-6.760565895996144e-10,0.22701492225498354,999,1000
ct_w5_i1,5,adam,925,False,,0,0.0,-10.999999635684928,1.0000003643150723,2.642440689233753e-32,9994,0.9999854812433853,1.0,8,True,0.00018654306904274147,1.000186560469283,9.151093498457993e-08,0.0006522262085416488,459283568337.2399,49,4.580284746936937e-16,0.00021036495225738286,13.962231275831416,0.6411091885340147,1.5948930002719721,10.715309897844026,1.1970654793293072,0.001178651308446735,0.2816850079135676,-6.320244941217539e-10,0.22507800573985723,999,1000
ct_w5_i1,5,adam,950,False,,0,0.0,-10.999999650982842,1.0000003490171583,2.1995822753185236e-32,9994,0.9999858325448647,1.0,8,True,0.00018233985675027522,1.0001823564816723,8.766229428059777e-08,0.0006247957781256518,484695775598.05316,49,4.241094416302039e-16,0.00020556405474940893,13.988579403114041,0.6404886212963858,1.5963560190315271,10.742776583501751,1.1990340404710127,0.00115225679790308,0.28175496406091616,-5.918583112160637e-10,0.22319888007333563,999,1000
ct_w5_i1,5,adam,975,False,,0,0.0,-10.999999665319812,1.0000003346801876,1.838346434580226e-32,9994,0.9999861675724206,1.0,8,True,0.00017832436317940254,1.0001783402639137,8.40558332313387e-08,0.0005990914356139318,510946425209.3245,49,3.933436858192673e-16,0.0002009775501480143,14.014357141738913,0.6398836268109805,1.5977870674777974,10.769638593598698,1.2009555983437947,0.0011271791546568805,0.2818219469406316,-5.551340877155786e-10,0.22137424405732162,999,1000
ct_w5_i1,5,adam,999,False,,0,0.0,-10.999999678254909,1.000000321745091,1.5531003629601125e-32,9994,0.9999864749460078,1.0,8,True,0.00017463416087015415,1.000174649410303,8.080235871612121e-08,0.0005759029352668995,536919515792.2293,49,3.664657678509623e-16,0.0001967626226289662,14.038593050315477,0.6393167366585717,1.599132250488909,10.79488491202772,1.202758286359435,0.0,,0.0,,999,1000
ct_w5_i1,5,armijo_gd,0,False,1.0,1,0.0,-10.999357436549007,1.0006425634509934,1.866034771207062e-16,9994,0.9952163047717868,1.0,8,True,0.03590945662760455,1.036561988423746,0.00014030551637781414,1.0,489673913.09180486,51,1.1393713379643412e-10,0.05579204215256442,9.362845254631363,0.7966242233897934,1.3289421520446212,5.659604499655599,0.7587954700079441,0.0010019818033419063,0.20768120425460992,-1.0039675342282987e-06,0.5386225764807543,999,1000
ct_w5_i1,5,armijo_gd,25,False,1.0,1,0.0,-10.999381565543686,1.0006184344563138,1.6188415558587952e-16,9994,0.9952990055080744,1.0,8,True,0.035332901181425166,1.0359645252159015,0.00013477841772764295,0.96060669036499,514196881.8576659,51,1.0686504485708588e-10,0.05494967284509315,9.38017384183622,0.7956978343717251,1.3298534562718052,5.6815129609628965,0.7612107949324444,0.000962510423914213,0.20870704180940722,-9.264263161435179e-07,0.5319508649268136,999,1000
ct_w5_i1,5,armijo_gd,50,False,1.0,1,0.0,-10.999403869079302,1.000596130920698,1.4115010467226351e-16,9994,0.9953774464196886,1.0,8,True,0.03478605731150631,1.0353981692340957,0.0001296946814055873,0.9243733586094076,538985953.6397858,51,1.0045654868180113e-10,0.05414466869062214,9.396907982484647,0.7948066174247581,1.3307337499171488,5.702633756999842,0.7635351450092261,0.0009262052848206689,0.20965081218388346,-8.578562296297365e-07,0.5256136493394319,999,1000
ct_w5_i1,5,armijo_gd,75,False,1.0,1,0.0,-10.999424554005735,1.000575445994265,1.2364954833125654e-16,9994,0.9954519985724288,1.0,8,True,0.03426630602670938,1.0348601595330882,0.00012500074321185488,0.8909182364238151,564034310.8152016,51,9.462957990089895e-11,0.0533743298821356,9.413089389939026,0.793947974111642,1.3315851735813327,5.723023765124638,0.7657752425743751,0.0008926838611621251,0.2105224308068644,-7.968844759793203e-07,0.5195881472817222,999,1000
ct_w5_i1,5,armijo_gd,100,False,1.0,1,0.0,-10.999443796164998,1.0005562038350018,1.0879218169269446e-16,9994,0.9955229869738549,1.0,8,True,0.033771357335410354,1.0343480835875631,0.00012065160552123288,0.8599206120758838,589335433.9765567,51,8.931454129694513e-11,0.05263622395565225,9.428755364154881,0.7931195897747979,1.3324096451551544,5.742733726044696,0.7679370745955768,0.0008616248056186699,0.211330256586069,-7.423973056574108e-07,0.5138528784573464,999,1000
ct_w5_i1,5,armijo_gd,125,False,1.0,1,0.0,-10.999461746125899,1.000538253874101,9.61104619952323e-17,9994,0.9955906980205377,1.0,8,True,0.03329919662489146,1.0338598203399245,0.00011660915185929896,0.8311088178834986,614883144.9030018,51,8.445206683449328e-11,0.05192815244875173,9.443939412610789,0.7923193927966721,1.3332088907013933,5.761809118873897,0.7700259984327151,0.0008327559121162678,0.2120813866431334,-6.934824091645973e-07,0.5083877751576001,999,1000
ct_w5_i1,5,armijo_gd,150,False,1.0,1,0.0,-10.99947853366785,1.0005214663321507,8.523110024713741e-17,9994,0.9956553854662515,1.0,8,True,0.032848041720736194,1.0333934946122483,0.00011284085068216778,0.8042509916595894,640671671.6331152,51,7.999124170671547e-11,0.051248122540249956,9.458671762928754,0.7915455210555504,1.3339844700098051,5.780290882184435,0.7720468288891549,0.0008058448589625918,0.21278188717589316,-6.493859367164395e-07,0.5031742056011915,999,1000
ct_w5_i1,5,armijo_gd,175,False,1.0,1,0.0,-10.999494271325919,1.0005057286740815,7.58538338640539e-17,9994,0.9957172752569088,1.0,8,True,0.03241630813334653,1.0329474402268926,0.0001093187460152847,0.7791478826884584,666695459.9203699,51,7.588820660991093e-11,0.05059432280832662,9.472979789566688,0.7907962940793071,1.3347377979176631,5.798216013055311,0.7740039104525616,0.0007806920005662096,0.21343697498014402,-6.094799997480706e-07,0.4981949422044852,999,1000
ct_w5_i1,5,armijo_gd,200,False,1.0,1,0.0,-10.999509057221609,1.0004909427783915,6.773545951736028e-17,9994,0.9957765694858842,1.0,8,True,0.0320025806595153,1.0325201698846813,0.00010601866304819255,0.7556271897585688,692949230.0900651,51,7.210499736934607e-11,0.049965102412734524,9.486888371674697,0.7900701897550336,1.335470162231379,5.815618068528225,0.775901177697695,0.0007571246942484676,0.2140511620765887,-5.732378026408356e-07,0.49343409810861144,999,1000
ct_w5_i1,5,armijo_gd,225,False,1.0,1,0.0,-10.9995229773444,1.0004770226556001,6.067770903902463e-17,9994,0.9958334496583735,1.0,8,True,0.03160558997495225,1.0321103503482651,0.00010291957613311379,0.7335390566966188,719427917.815989,51,6.860861515084483e-11,0.04935895314221082,9.500420195278137,0.7893658247155905,1.33618273889338,5.832527588256685,0.7777422061381397,0.000734992786850599,0.21462837154397216,-5.4021439672241e-07,0.4888770481606766,999,1000
ct_w5_i1,5,armijo_gd,250,False,1.0,1,0.0,-10.999536107406158,1.0004638925938423,5.4517962327722904e-17,9994,0.9958880794073073,1.0,8,True,0.031224193186303803,1.0317167818327664,0.00010000310153658068,0.712752457054452,746126762.4015359,51,6.537025117785779e-11,0.04877449386871022,9.51359601006401,0.7886819377177047,1.3368766048976264,5.8489724529992255,0.7795302553097073,0.0007141649922557946,0.2151720312004432,-5.100316361637191e-07,0.48451033970508284,999,1000
ct_w5_i1,5,armijo_gd,275,False,1.0,1,0.0,-10.999548514359867,1.0004514856401325,4.912207489192359e-17,9994,0.9959406067696075,1.0,8,True,0.03085735755489596,1.0313383807654093,9.725308685229154e-05,0.6931522677298646,773041290.4219233,51,6.236465973008711e-11,0.04821045703447069,9.526434848869725,0.7880173754727424,1.3375527493518815,5.864978190483582,0.7812683054867466,0.0006945259592105016,0.21568515020318282,-4.823663080172673e-07,0.4803216025549713,999,1000
ct_w5_i1,5,armijo_gd,300,False,1.0,1,0.0,-10.999560257652979,1.0004397423470213,4.437879589135823e-17,9994,0.9959911661068658,1.0,8,True,0.03050414678349951,1.0309741652665736,9.465527559521681e-05,0.6746368784269996,800167066.1135433,51,5.956965599095843e-11,0.04766567686367826,9.53895421631072,0.7873710805025657,1.3382120830036415,5.880568237791166,0.7829590891428965,0.0006759738760472396,0.21617038113487527,-4.5694068109832877e-07,0.47629946186839056,999,1000
ct_w5_i1,5,armijo_gd,325,False,1.0,1,0.0,-10.999571390268036,1.000428609731964,4.0195392594726457e-17,9994,0.9960398797360556,1.0,8,True,0.030163709390839413,1.0306232428467963,9.2197031745551e-05,0.6571162283974865,827499987.0185772,51,5.6965655325351956e-11,0.04713907904223349,9.551170251698354,0.7867420806785801,1.3388554464835454,5.895764167578279,0.7846051180448117,0.0006584185035349455,0.216630072419786,-4.33514925797197e-07,0.4724334530932501,999,1000
ct_w5_i1,5,armijo_gd,350,False,1.0,1,0.0,-10.999581959592561,1.000418040407439,3.6494197203873195e-17,9994,0.9960868593219797,1.0,8,True,0.029835268799777104,1.0302847999219928,8.986711144095775e-05,0.6405101792217773,855036021.0702544,51,5.453533009780114e-11,0.04662967165457678,9.563097870407164,0.7861294801681594,1.3394836174711506,5.910585884036169,0.7862087066954236,0.0006417795444354841,0.21706631016880812,-4.1188098365581746e-07,0.468713943171061,999,1000
ct_w5_i1,5,armijo_gd,375,False,1.0,1,0.0,-10.999592008150014,1.0004079918499862,3.3209864151572196e-17,9994,0.9961322070725736,1.0,8,True,0.029518114841559178,1.0299580928305678,8.765547304230272e-05,0.6247471610899774,882771438.3153259,51,5.2263287184790604e-11,0.04613653719920454,9.574750887077993,0.7855324515647846,1.3400973169509998,5.925051793383234,0.7877719927076718,0.0006259852871016721,0.21748095511750948,-3.918575796677628e-07,0.46513205778611827,999,1000
ct_w5_i1,5,armijo_gd,400,False,1.0,1,0.0,-10.99960157421777,1.0003984257822296,3.0287178514860456e-17,9994,0.9961760167700596,1.0,8,True,0.029211596437706027,1.029642440099075,8.55531176186686e-05,0.609763035890132,910702452.6004714,51,5.013583240425932e-11,0.04565882553372515,9.586142123441387,0.7849502290185686,1.340697214697436,5.939178952822289,0.7892969545847512,0.00061097146631243,0.21787567172002495,-3.732861326479609e-07,0.4616796140964067,999,1000
ct_w5_i1,5,armijo_gd,425,False,1.0,1,0.0,-10.99961069235172,1.0003893076482804,2.7679294779244947e-17,9994,0.9962183746645717,1.0,8,True,0.028915115267160858,1.029337215752063,8.355195487888182e-05,0.5955001416615255,938825805.0641538,51,4.814071724456785e-11,0.0451957476234972,9.597283503031326,0.7843821022167553,1.341283934099676,5.952983201179832,0.7907854272973485,0.0005966803058323761,0.21825195406324194,-3.560273873682178e-07,0.458349058607005,999,1000
ct_w5_i1,5,armijo_gd,450,False,1.0,1,0.0,-10.9996193938342,1.0003806061658,2.5346313769636036e-17,9994,0.9962593602518518,1.0,8,True,0.02862812026291935,1.02904184350067,8.164468927787548e-05,0.5819064808401615,967137845.67641,51,4.6267003393970675e-11,0.044746569988347945,9.608186134686381,0.7838274110902882,1.341858056422816,5.966479273893013,0.7922391159794077,0.0005830597050485675,0.21861114745742358,-3.399586196513226e-07,0.455133411952763,999,1000
ct_w5_i1,5,armijo_gd,475,False,1.0,1,0.0,-10.999627707057867,1.0003722929421333,2.325412689228669e-17,9994,0.9962990469528682,1.0,8,True,0.028350102809385783,1.0287557916733032,7.982472317008207e-05,0.5689350300035985,995635519.3583192,51,4.4504850312862826e-11,0.044310609755211436,9.618860386424258,0.7832855411421874,1.342420124583269,5.9796809045807615,0.7936596080129918,0.0005700625473473872,0.21895446615418418,-3.249713078881921e-07,0.45202621760233574,999,1000
ct_w5_i1,5,armijo_gd,500,False,1.0,1,0.0,-10.99963565785611,1.0003643421438895,2.1373472882888752e-17,9994,0.9963375027098647,1.0,8,True,0.028080592535958175,1.0284785687774864,7.808607415424019e-05,0.5565431507623001,1024315741.4255782,51,4.2845412275341065e-11,0.043887230241500555,9.629315950997123,0.7827559193115841,1.3429706465032967,5.992600915044227,0.7950483837256972,0.0005576461098383958,0.21928300965515207,-3.1096918381789627e-07,0.44902149560189836,999,1000
ct_w5_i1,5,armijo_gd,525,False,1.0,1,0.0,-10.999643269788747,1.0003567302112533,1.967916439560742e-17,9994,0.9963747905110671,1.0,8,True,0.027819153619035825,1.0282097195997375,7.642330365982368e-05,0.5446920807734409,1053175332.0018517,51,4.1280720958866545e-11,0.04347583700113007,9.63956190425749,0.7822380103004398,1.3435100981022143,6.005251295273142,0.7964068258898881,0.0005457715533594277,0.21959777580148224,-2.978665884563627e-07,0.44611370148570095,999,1000
ct_w5_i1,5,armijo_gd,550,False,1.0,1,0.0,-10.999650564389771,1.0003494356102287,1.8149451037303797e-17,9994,0.9964109688539778,1.0,8,True,0.02756538152091007,1.0279488217675767,7.483145573329908e-05,0.5333464974519835,1082211689.4692204,51,3.980355664073402e-11,0.043075874279052566,9.649606757251513,0.7817313133024848,1.3440389259695917,6.0176432747519195,0.7977362281805088,0.000534403485323028,0.21989967235673785,-2.855870851253998e-07,0.4432976881490364,999,1000
ct_w5_i1,5,armijo_gd,575,False,1.0,1,0.0,-10.999657561382977,1.0003424386170234,1.6765492545060392e-17,9994,0.9964460921558862,1.0,8,True,0.027318900103766437,1.027695482708204,7.330600394803014e-05,0.5224741395814547,1111421743.1950114,51,3.840740212641725e-11,0.04268682182293445,9.659458502862428,0.7812353590809732,1.3445575497614655,6.029787386216345,0.7990378027299507,0.0005235095805773369,0.2201895272346339,-2.7406228095625914e-07,0.44056867156171475,999,1000
ct_w5_i1,5,armijo_gd,600,False,1.0,1,0.0,-10.999664278870574,1.0003357211294261,1.5510921298708896e-17,9994,0.9964802111185935,1.0,8,True,0.0270793590686415,1.0274493369506648,7.184280503913816e-05,0.5120454768555225,1140803060.9027772,51,3.7086324065409135e-11,0.04230819201145107,9.669124657672254,0.7807497073522063,1.3450663643540255,6.041693522790943,0.8003126868915151,0.0005130602502927628,0.22046809716034474,-2.6323082043047243e-07,0.4379222004134812,999,1000
ct_w5_i1,5,armijo_gd,625,False,1.0,1,0.0,-10.999670733498162,1.0003292665018382,1.4371477608994137e-17,9994,0.9965133730533369,1.0,8,True,0.026846431676344616,1.027210043725947,7.04380588039631e-05,0.5020334240764117,1170352990.02466,51,3.583493836528474e-11,0.0419395272631604,9.678612299618662,0.7802739444366339,1.3455657417826248,6.053370989322423,0.8015619493104442,0.0005030283555939951,0.2207360750839646,-2.530375265315988e-07,0.4353541277815706,999,1000
ct_w5_i1,5,armijo_gd,650,False,1.0,1,0.0,-10.999676940599977,1.0003230594000225,1.3334704545472143e-17,9994,0.9965456221711968,1.0,8,True,0.026619812712878298,1.0269772848253622,6.90882727315715e-05,0.4924130890586716,1200068974.1842067,51,3.464833987542956e-11,0.0415803976914925,9.687928101962731,0.7798076811450331,1.3460560329932725,6.064828548618274,0.8027865953867253,0.0004933889549641664,0.22099409695777902,-2.434326608806323e-07,0.43286058596251925,999,1000
ct_w5_i1,5,armijo_gd,675,False,1.0,1,0.0,-10.999682914326884,1.0003170856731156,1.2389691675537976e-17,9994,0.9965769998431173,1.0,8,True,0.026399216669515106,1.0267507626855683,6.779023115776731e-05,0.48316155278757567,1229948568.323128,51,3.3522051281888056e-11,0.04123039898141269,9.697078363991311,0.7793505508717888,1.3465375694271404,6.076074463188197,0.8039875722021396,0.0004841190839675708,0.22124274773190192,-2.3437128746159985e-07,0.430437964235474,999,1000
ct_w5_i1,5,armijo_gd,700,False,1.0,1,0.0,-10.99968866775948,1.0003113322405195,1.1526859140010314e-17,9994,0.996607544833398,1.0,8,True,0.026184376110271287,1.0265301986714053,6.654096794569113e-05,0.4742576747054611,1259989532.7299533,51,3.245197630604934e-11,0.04088915046202263,9.70606903882957,0.7789022078714167,1.3470106644576305,6.0871165330067765,0.8051657729733407,0.00047519756015011706,0.22148256585970347,-2.2581272117262413e-07,0.42808288678823697,999,1000
ct_w5_i1,5,armijo_gd,725,False,1.0,1,0.0,-10.999694213008329,1.000305786991671,1.0737775119731918e-17,9994,0.9966372935098008,1.0,8,True,0.02597504020429077,1.0263153315327382,6.533774255990349e-05,0.4656819221844583,1290189498.2473896,51,3.143436945434497e-11,0.0405562933540244,9.714905758676853,0.7784623256976873,1.347475614695264,6.097962129738405,0.8063220410844028,0.00046660481217410886,0.2217140487338063,-2.177200507440354e-07,0.4257921947931547,999,1000
ct_w5_i1,5,armijo_gd,750,False,1.0,1,0.0,-10.999699561303236,1.0003004386967635,1.001500104122213e-17,9994,0.9966662800330737,1.0,8,True,0.025770973403246987,1.0261059160142745,6.4178018595752e-05,0.4574162174987737,1320546412.229579,51,3.046578961638689e-11,0.04023148917366087,9.723593857772943,0.7780305957864837,1.3479327011768694,6.108618227840696,0.8074571737477051,0.00045832272648725495,0.22193765573025853,-2.1005972161471112e-07,0.42356293019876656,999,1000
ct_w5_i1,5,armijo_gd,775,False,1.0,1,0.0,-10.999704723072474,1.0002952769275257,9.351959909275796e-18,9994,0.9966945365281782,1.0,8,True,0.025571954247444902,1.0259017216010797,6.305944508872526e-05,0.4494438046107826,1351058344.6525726,51,2.954307520142093e-11,0.03991441827757823,9.732138393309043,0.7776067261674573,1.3483821904486026,6.119091432857684,0.8085719253318081,0.0004503345138447593,0.22215381241138107,-2.0280117435979573e-07,0.4213923178061324,999,1000
ct_w5_i1,5,armijo_gd,800,False,1.0,1,0.0,-10.999709708013752,1.0002902919862482,8.742823982648767e-18,9994,0.9967220932394153,1.0,8,True,0.02537777428516857,1.0257025313834802,6.197983953060204e-05,0.44174912812196904,1381722796.5220106,51,2.866333148171972e-11,0.03960477853255916,9.74054416452677,0.7771904402901373,1.3488243355566676,6.129388007225121,0.8096670103934291,0.00044262458802036533,0.22236291334537825,-1.9591652592019816e-07,0.4192777533134439,999,1000
ct_w5_i1,5,armijo_gd,825,False,1.0,1,0.0,-10.999714525157627,1.0002854748423733,8.182418682192606e-18,9994,0.9967489786711236,1.0,8,True,0.025188237093261037,1.0255081410286324,6.093717293551317e-05,0.4343177268342165,1412538017.5462015,51,2.7823877029175613e-11,0.03930228409924101,9.748815730176085,0.7767814759526144,1.3492593769531687,6.139513893835816,0.8107431064442879,0.0004351784591567057,0.22256532477690252,-1.8938029131400458e-07,0.4172167897593195,999,1000
ct_w5_i1,5,armijo_gd,850,False,1.0,1,0.0,-10.999719182924359,1.000280817075641,7.666140161695251e-18,9994,0.9967752197156208,1.0,8,True,0.025003157387292863,1.0253183578464724,5.9929556514038216e-05,0.4271361387720504,1443501965.239099,51,2.702224538416051e-11,0.03900666431720887,9.756957424513793,0.7763795843219606,1.3496875433273066,6.149474737607148,0.8118008564808519,0.0004279826385993179,0.2227613877697612,-1.8316913894243434e-07,0.4152071253972483,999,1000
ct_w5_i1,5,armijo_gd,875,False,1.0,1,0.0,-10.999723689175129,1.0002763108248711,7.189884414431647e-18,9994,0.9968008417696812,1.0,8,True,0.02482236021198024,1.0251329999401753,5.895522943133462e-05,0.4201918139311088,1474613072.474566,51,2.6256150447277274e-11,0.03871766268241399,9.764973371972888,0.7759845290374616,1.3501090523678387,6.15927590523786,0.812840871300052,0.0004210245514721992,0.22295141956263292,-1.7726167294236652e-07,0.41324659304086986,999,1000
ct_w5_i1,5,armijo_gd,900,False,1.0,1,0.0,-10.999728051257888,1.0002719487421121,6.74998614611619e-18,9994,0.9968258688407517,1.0,8,True,0.0246456802034763,1.0249518954322723,5.801254831721613e-05,0.4134730395132873,1505869001.5232687,51,2.552349232836269e-11,0.03843503590789833,9.772867500641665,0.7755960853881214,1.3505241114641935,6.168922503342409,0.8138637316230822,0.0004142924617647829,0.2231357162216203,-1.716382438751241e-07,0.4113331510793087,999,1000
ct_w5_i1,5,armijo_gd,925,False,1.0,1,0.0,-10.99973227604909,1.0002677239509108,6.343165939865477e-18,9994,0.996850323644062,1.0,8,True,0.024472960915387112,1.0247748817578455,5.709997725528344e-05,0.40696886857623504,1537268445.2301795,51,2.4822309452618536e-11,0.038158553059249284,9.780643554674281,0.775214039556942,1.3509329183526877,6.178419395127762,0.8148699900466677,0.00040777540084003123,0.22331455398557415,-1.6628077753024815e-07,0.4094648739881882,999,1000
ct_w5_i1,5,armijo_gd,950,False,1.0,1,0.0,-10.999736369991007,1.0002636300089929,5.966484481298004e-18,9994,0.9968742276914235,1.0,8,True,0.02430405420282871,1.0246018050187784,5.621607929828011e-05,0.40066905956072085,1568809512.42723,51,2.4150793616774726e-11,0.037887994758663016,9.78830510571673,0.774838187926118,1.3513356617116234,6.187771215734475,0.8158601728369396,0.0004014631068419568,0.22348819153085833,-1.611726261551964e-07,0.40763994364332706,999,1000
ct_w5_i1,5,armijo_gd,975,False,1.0,1,0.0,-10.99974033912584,1.0002596608741605,5.617302808316521e-18,9994,0.9968976013726752,1.0,8,True,0.024138819657877307,1.0244325193920716,5.535950839599323e-05,0.39456401875833136,1600490540.4798262,51,2.350726324149069e-11,0.03762315245057499,9.795855563465055,0.774468336436432,1.3517325217118112,6.196982386394854,0.8168347815833207,0.00039534596704930263,0.22365687056845868,-1.5629843366214828e-07,0.40585664221305184,999,1000
ct_w5_i1,5,armijo_gd,999,False,,0,0.0,-10.999744037345904,1.000255962654096,5.305755020372357e-18,9994,0.9969195591022995,1.0,8,True,0.023983525573570127,1.0242734434341354,5.456173723868083e-05,0.3888780615849572,1631034474.2622654,51,2.291435145272094e-11,0.03737409717474948,9.803002511462275,0.7741187520481425,1.3521081321381936,6.205696706125533,0.8177561982355014,0.0,,0.0,,999,1000
ct_w5_i1,5,damped_natural,0,False,1.0,1,0.0,-10.999357436549007,1.0006425634509934,1.866034771207062e-16,9994,0.9952163047717868,1.0,8,True,0.03590945662760455,1.036561988423746,0.00014030551637781414,1.0,489673913.09180486,51,1.1393713379643412e-10,0.05579204215256442,9.362845254631363,0.7966242233897934,1.3289421520446212,5.659604499655599,0.7587954700079441,3.862914931065275,0.8164110313959888,-0.0011677408711840435,0.9999881145653675,999,500
ct_w5_i1,5,damped_natural,25,False,1.0,1,0.0,-10.99999999929128,1.0000000007087202,6.365765321344642e-38,9994,0.9956537875038841,1.0,8,True,0.031189661136207504,1.0316811551523055,2.2319278056028418e-10,1.5907626893248555e-06,788436423004.6025,35,7.057442503160626e-14,0.05564344722752612,23.24729999982618,0.7151364497610282,2.962143932467197,16.249511130103976,0.9774146978478387,0.05994219207475462,0.3388612842277616,-3.85712123060995e-11,0.6914037085324584,999,500
ct_w5_i1,5,damped_natural,50,False,1.0,1,0.0,-10.999999999697668,1.0000000003023324,1.6692602334404867e-39,9994,0.9956537921860507,1.0,8,True,0.031189568765547078,1.0316810598552404,9.953040963064878e-11,7.093834383719717e-07,329945495718.5048,34,1.6864423812825322e-13,0.055643406749296076,24.040545305623002,0.7055974319348209,3.0223588598145743,17.035440899796907,1.0042736600962416,0.025351546212894035,0.36382028171809455,-6.722726391382555e-12,0.5398580045601925,999,500
ct_w5_i1,5,damped_natural,75,False,1.0,1,0.0,-10.999999999805988,1.000000000194012,2.3384725085767266e-40,9994,0.9956537947085659,1.0,8,True,0.031189519171339223,1.0316810086898367,6.479755608494556e-11,4.6183184922294117e-07,499556301242.39325,34,1.1138561298821302e-13,0.05564338483600838,24.467409723388702,0.7009065555851165,3.0555742372226042,17.451456103089313,1.0176151233101307,0.01624339347982795,0.37078426442816836,-2.748293526198837e-12,0.4492275482947654,999,500
ct_w5_i1,5,damped_natural,100,False,1.0,1,0.0,-10.999999999856877,1.0000000001431228,5.994478023531081e-41,9994,0.9956537964578897,1.0,8,True,0.031189484796289763,1.0316809732257517,4.814961107648038e-11,3.4317689225292677e-07,662110337069.4303,34,8.403942146072931e-14,0.0556433696704834,24.76314588727557,0.6977914139200515,3.0787623051521438,17.737866508920458,1.026525978554795,0.011974738147309585,0.374374356838283,-1.4914372441812947e-12,0.390933739291757,999,500
ct_w5_i1,5,damped_natural,125,False,1.0,1,0.0,-10.999999999886532,1.0000000001134683,2.109962745317382e-41,9994,0.9956537978009038,1.0,8,True,0.031189458405808522,1.0316809459991947,3.833662733450377e-11,2.732367787398398e-07,906963597324.3007,34,6.135125843955764e-14,0.05564335805471406,24.99016140969747,0.6954646422845798,3.0966265959862973,17.956938342077912,1.033208986938467,0.009485959120711974,0.3765979313978404,-9.353419445578762e-13,0.349718865116529,999,500
ct_w5_i1,5,damped_natural,150,False,1.0,1,0.0,-10.999999999905963,1.0000000000940368,9.037636998931417e-42,9994,0.9956537988920493,1.0,8,True,0.03118943696147053,1.0316809238754798,3.186722311026219e-11,2.2712737127491306e-07,974914549989.2065,33,5.707510328854947e-14,0.055643348638143686,25.174641083900706,0.6936112274387668,3.1111727411240455,18.13454121868409,1.0385494283347518,0.007860417674092488,0.37829793717626153,-6.420578379067757e-13,0.3188522255748262,999,500
ct_w5_i1,5,damped_natural,175,False,1.0,1,0.0,-10.999999999919698,1.000000000080302,4.4243125006724116e-42,9994,0.9956537998114149,1.0,8,True,0.031189418888685327,1.0316809052301323,2.7265814228358095e-11,1.9433173357871986e-07,250326975995.77542,32,2.2228263852916194e-13,0.05564334071936715,25.33015355599316,0.6920732669605653,3.123450441342808,18.283995334586166,1.0429925477205402,0.006708005184663906,0.37951686251716443,-4.675533715596101e-13,0.29450764833525,999,500
ct_w5_i1,5,damped_natural,200,False,1.0,1,0.0,-10.999999999929924,1.0000000000700755,2.3869349976824443e-42,9994,0.995653800605973,1.0,8,True,0.031189403265405473,1.031680889111893,2.3833243362859586e-11,1.6986675918487425e-07,302034554011.9005,32,1.8422837105384104e-13,0.0556433338875858,25.46461025820303,0.6907606251681887,3.1340746062244644,18.41303970083909,1.0467931741968193,0.00585354069497342,0.3805859592423409,-3.560197380131843e-13,0.2748320502832891,999,500
ct_w5_i1,5,damped_natural,225,False,1.0,1,0.0,-10.999999999937836,1.0000000000621636,1.3860580587119817e-42,9994,0.9956538013057077,1.0,8,True,0.03118938950296235,1.0316808749134436,2.1162130315722005e-11,1.5082892577606646e-07,356466219321.6808,32,1.5609705735043802e-13,0.05564332788095022,25.583097677040268,0.6896165212041853,3.143442419221388,18.52663310209737,1.0501122253839617,0.005189082120180621,0.38136241121575254,-2.797969389630146e-13,0.2583959436358832,999,500
ct_w5_i1,5,damped_natural,250,False,1.0,1,0.0,-10.99999999994413,1.00000000005587,8.526903836989735e-43,9994,0.9956538019309616,1.0,8,True,0.031189377202023565,1.0316808622228004,1.90401571445234e-11,1.3570497893505583e-07,413448739504.53467,32,1.3458336476885117e-13,0.05564332252196052,25.689049418999527,0.6886032165593597,3.1518228834107433,18.628114616553766,1.0530568565281782,0.004663480212878963,0.3821359624911071,-2.260004254760691e-13,0.24453702225651572,999,500
ct_w5_i1,5,damped_natural,275,False,1.0,1,0.0,-10.999999999949276,1.0000000000507239,5.496614669498285e-43,9994,0.9956538024960612,1.0,8,True,0.03118936608147306,1.0316808507499413,1.7298396695668045e-11,1.2329092356630505e-07,472780233687.8335,32,1.176938326103793e-13,0.05564331768515188,25.784860054827618,0.6876945433573014,3.159403392307071,18.71981221846042,1.0557014812892127,0.0042315907724786855,0.3826628371218596,-1.8610003689645316e-13,0.2324980805448478,999,500
ct_w5_i1,5,damped_natural,300,False,1.0,1,0.0,-10.999999999953543,1.000000000046457,3.682924239216665e-43,9994,0.9956538030116405,1.0,8,True,0.031189355932985056,1.0316808402799404,1.5856810161942458e-11,1.1301629879785554e-07,534301494443.1283,32,1.0414216291004001e-13,0.0556433132773741,25.872297202444287,0.6868714054731725,3.1663225330891223,18.8034415320666,1.0581004900943929,0.003877241662069189,0.38332074880832206,-1.5624970556239698e-13,0.22212397456909863,999,500
ct_w5_i1,5,damped_natural,325,False,1.0,1,0.0,-10.99999999995715,1.0000000000428493,2.5482884694733956e-43,9994,0.9956538034857214,1.0,8,True,0.03118934659906462,1.0316808306503138,1.4628376258920368e-11,1.0426087752336931e-07,597965788480.5587,32,9.305433571794197e-14,0.055643309229113785,25.952752271035017,0.6861191299636,3.172690239946727,18.880347047767337,1.0602957570394267,0.0035730508691451134,0.38369552883842023,-1.327123511991038e-13,0.21283125474765824,999,500
ct_w5_i1,5,damped_natural,350,False,1.0,1,0.0,-10.999999999960236,1.0000000000397637,1.8123898803298528e-43,9994,0.9956538039244517,1.0,8,True,0.031189337959089854,1.0316808217366173,1.3582602080622387e-11,9.680732754688853e-08,663594375656.5226,32,8.385138200031656e-14,0.055643305486436645,26.02723824115066,0.6854269107848774,3.1785859686947235,18.95151061286544,1.0623181318978843,0.0033156604049668584,0.38417507198602796,-1.1429403392958863e-13,0.20461553967362683,999,500
ct_w5_i1,5,damped_natural,375,False,1.0,1,0.0,-10.999999999962906,1.0000000000370939,1.319679281035764e-43,9994,0.9956538043328139,1.0,8,True,0.03118932991527574,1.0316808134379687,1.267473407903885e-11,9.033667674839224e-08,731151922890.9225,32,7.610361166301724e-14,0.05564330200635909,26.09660605881765,0.6847859296305986,3.1840771424556653,19.017752481357935,1.0641928402171938,0.0030926090650133637,0.3845414904923599,-9.944521726096866e-14,0.19724216542557987,999,500
ct_w5_i1,5,damped_natural,400,False,1.0,1,0.0,-10.99999999996524,1.0000000000347598,9.810425179205939e-44,9994,0.9956538047146735,1.0,8,True,0.031189322391942515,1.0316808056762903,1.1878873684188882e-11,8.466433815903216e-08,800463380505.416,32,6.951385923433757e-14,0.05564329875469548,26.161484235359662,0.6841894716094136,3.1892127338684726,19.07968303583957,1.0659390909238728,0.002895620343850467,0.38480636402798224,-8.719291349296148e-14,0.19050200236008766,999,500
ct_w5_i1,5,damped_natural,425,False,1.0,1,0.0,-10.999999999967297,1.0000000000327027,7.424587179756866e-44,9994,0.9956538050733249,1.0,8,True,0.03118931532412823,1.031680798384562,1.1178322840503973e-11,7.967129966866754e-08,871570435829.2975,32,6.384256901791939e-14,0.055643295703410006,26.222462258317837,0.6836315940149221,3.1940397564667093,19.13786803600054,1.0675739332929004,0.0027237152396968347,0.38515146617570317,-7.715711156443063e-14,0.18441572994620262,999,500
ct_w5_i1,5,damped_natural,450,False,1.0,1,0.0,-10.99999999996912,1.0000000000308802,5.709817315963942e-44,9994,0.9956538054113399,1.0,8,True,0.031189308661193738,1.0316807915105404,1.0560334732786987e-11,7.526671085654365e-08,944262132888.5038,32,5.892780287589646e-14,0.055643292830027294,26.279951976986567,0.6831079450252747,3.1985903811537844,19.192706752327055,1.0691098329878714,0.002574012672515575,0.38556858473764355,-6.891241484966874e-14,0.17900587849634816,999,500
ct_w5_i1,5,damped_natural,475,False,1.0,1,0.0,-10.999999999970752,1.0000000000292477,4.454263840649734e-44,9994,0.9956538057310431,1.0,8,True,0.031189302358532844,1.0316807850082061,1.0001449811065267e-11,7.128336838968898e-08,640466144859.6012,31,8.687936210285108e-14,0.055643290113874366,26.33433680036998,0.6826145907463963,3.2028948100387864,19.244569027230995,1.0705580885072,0.0024352308326479276,0.38580515847784247,-6.169256295693679e-14,0.17376963842386584,999,500
ct_w5_i1,5,damped_natural,499,False,,0,0.0,-10.999999999972163,1.0000000000278373,3.551863869365128e-44,9994,0.9956538060224609,1.0,8,True,0.03118929661211359,1.0316807790797358,9.523866543238706e-12,6.78794874863856e-08,676538728698.8287,31,8.224701008150124e-14,0.0556432876398186,26.38393667902452,0.6821664371521133,3.2068206184060775,19.291853529554743,1.0718746793439533,0.0,,0.0,,999,500
ct_w5_i1,5,diagonal_fisher,0,False,1.0,1,0.0,-10.999357436549007,1.0006425634509934,1.866034771207062e-16,9994,0.9952163047717868,1.0,8,True,0.03590945662760455,1.036561988423746,0.00014030551637781414,1.0,489673913.09180486,51,1.1393713379643412e-10,0.05579204215256442,9.362845254631363,0.7966242233897934,1.3289421520446212,5.659604499655599,0.7587954700079441,7.063807164827851,0.3046923434370706,-0.004469791801988823,0.9094318600819994,999,1000
ct_w5_i1,5,diagonal_fisher,25,False,1.0,1,0.0,-10.999999515390234,1.0000004846097656,1.1295933925173746e-43,9994,0.9960699504943676,1.0,8,True,0.02831350026826768,1.0287181372862653,3.7149425293329327e-07,0.0026477522945921456,717100644963.8431,27,7.104650987602672e-14,0.05094749805452881,17.03580416997797,0.5880091136265267,1.7848076532987387,13.779483495425929,1.3755812342365534,0.024704832420726484,0.13984824373047006,-1.5638743512944591e-09,0.02581723317937567,999,1000
ct_w5_i1,5,diagonal_fisher,50,False,1.0,1,0.0,-10.999999546095786,1.0000004539042138,1.4384502183088892e-44,9994,0.9961611962782541,1.0,8,True,0.027741364560494412,1.0281297392445055,3.529457194244992e-07,0.0025155512665238932,691398221212.2269,26,7.220627315636832e-14,0.04992328882067723,17.351110686632815,0.5809262898975721,1.7959450077600416,14.123043589343261,1.401135021010066,0.0125527515544194,0.14587107826300275,-1.0357031774479803e-09,0.01838053617087912,999,1000
ct_w5_i1,5,diagonal_fisher,75,False,1.0,1,0.0,-10.999999569938367,1.0000004300616325,4.165158840515226e-45,9994,0.9962479833844781,1.0,8,True,0.027195111253983224,1.0275682733401854,3.36040468109268e-07,0.0023950624094093314,217807007722.0296,25,2.247420578792721e-13,0.04895039513597544,17.541172722398958,0.5767970532284076,1.802712130051317,14.329164428753593,1.4162476699989455,0.008442032511512083,0.1489889851074351,-8.873892809429947e-10,0.016776379779368963,999,1000
ct_w5_i1,5,diagonal_fisher,100,False,1.0,1,0.0,-10.999999590994591,1.000000409005409,1.7033404556081817e-45,9994,0.9963306716670884,1.0,8,True,0.02667268473085586,1.0270315846222853,3.2038210265172236e-07,0.002283460486250581,251761366245.1974,25,1.9075475022890197e-13,0.04802467653538974,17.678556647763116,0.5738732620653895,1.8076215828705857,14.477750096686066,1.427047013086057,0.006364298632986298,0.1511220352623432,-8.010333866828007e-10,0.01608355859082605,999,1000
ct_w5_i1,5,diagonal_fisher,125,False,1.0,1,0.0,-10.999999610191878,1.0000003898081218,8.444268029970138e-46,9994,0.9964095542301428,1.0,8,True,0.026172455705041394,1.026517962088389,3.058061785420847e-07,0.0021795734511151437,281947113078.217,25,1.6720413521328333e-13,0.04714272321812508,17.7865280574874,0.5716100097322933,1.8114891210122321,14.594298750542894,1.4354637348420853,0.00510858235382638,0.15276226160352285,-7.361845177837265e-10,0.015668035975692236,999,1000
ct_w5_i1,5,diagonal_fisher,150,False,1.0,1,0.0,-10.999999627914798,1.0000003720852018,4.735536692267142e-46,9994,0.9964848893962072,1.0,8,True,0.02569299394578757,1.0260259039513369,2.9220005504140945e-07,0.0020825984792684437,309823696451.70715,25,1.4944474419380916e-13,0.04630152306140575,17.875632771780147,0.5697646512432408,1.8146866694186183,14.690336421754361,1.4423638057756225,0.004267146428177818,0.1540985001600414,-6.823066359909613e-10,0.015368068226032011,999,1000
ct_w5_i1,5,diagonal_fisher,175,False,1.0,1,0.0,-10.999999644382584,1.0000003556174164,2.894006083330279e-46,9994,0.9965569098474855,1.0,8,True,0.025233009888003224,1.0255540569220207,2.7947315351114643e-07,0.0019918899892615925,336889151058.754,25,1.3505439859396194e-13,0.04549836168907042,17.95157224352215,0.5682077081362148,1.817415950124007,14.772082549112458,1.4482119067420107,0.0036638935649681535,0.155227778257071,-6.354651342003947e-10,0.015126644832490897,999,1000
ct_w5_i1,5,diagonal_fisher,200,False,1.0,1,0.0,-10.99999965974575,1.0000003402542497,1.8843927652215087e-46,9994,0.9966258271013947,1.0,8,True,0.024791328259039822,1.0251011885547507,2.675481854737567e-07,0.0019068971226569881,365282633564.49023,25,1.2245523854831334e-13,0.04473077203069578,18.017787836359343,0.5668618432203818,1.8197989763886604,14.843285573295567,1.4532868695391892,0.00321019855591014,0.15620003667114662,-5.937916729849481e-10,0.014919288697138225,999,1000
ct_w5_i1,5,diagonal_fisher,225,False,1.0,1,0.0,-10.999999674119405,1.0000003258805954,1.2883263338686057e-46,9994,0.9966918344154728,1.0,8,True,0.024366871870828356,1.0246661701364101,2.563574781477501e-07,0.0018271375550012708,397973148397.0211,25,1.1055143078353486e-13,0.043996500968718724,18.076519415192784,0.565677155219346,1.8219152676741004,14.906382325247334,1.4577693131883689,0.0028566707127911962,0.15705897251734663,-5.562283116051871e-10,0.014733969575553426,999,1000
ct_w5_i1,5,diagonal_fisher,250,False,1.0,1,0.0,-10.999999687597366,1.0000003124026335,9.155715329800066e-47,9994,0.9967551089717266,1.0,8,True,0.023958649811625158,1.0242479641686995,2.458409786389028e-07,0.0017521832710903767,436788432106.8209,25,9.91177439826777e-14,0.043293483988159076,18.12930796044478,0.5646195668626398,1.8238195804758708,14.963047633007125,1.4617830023694256,0.002573362963121147,0.15781642961660247,-5.220899623062199e-10,0.014564125803534443,999,1000
ct_w5_i1,5,diagonal_fisher,275,False,1.0,1,0.0,-10.99999970025895,1.0000002997410498,6.71477235359737e-47,9994,0.9968158136452483,1.0,8,True,0.023565748043170902,1.0238456143793897,2.3594501467005149e-07,0.0016816517323146416,480661640311.5549,25,8.866907810702571e-14,0.04261982452783636,18.177261150829768,0.5636647510688989,1.825551321706454,15.014484262127134,1.4654165613266714,0.0023413797933691314,0.15850115000359427,-4.908905912562692e-10,0.014405905717307797,999,1000
ct_w5_i1,5,diagonal_fisher,300,False,1.0,1,0.0,-10.999999712172896,1.0000002878271044,5.054928857762772e-47,9994,0.9968740984899179,1.0,8,True,0.02318732156970266,1.02345823739564,2.2662131982071478e-07,0.001615198929245731,527718022525.8346,25,7.953826623321388e-14,0.04197377657172499,18.221201104906445,0.5627947529638458,1.8271397430791256,15.061584279954,1.4687355779533031,0.0021478393094527177,0.15911185597413932,-4.6225854180167524e-10,0.014256867818737059,999,1000
ct_w5_i1,5,diagonal_fisher,325,False,1.0,1,0.0,-10.999999723399611,1.0000002766003888,3.8901636094940224e-47,9994,0.9969301020175327,1.0,8,True,0.022822587717087953,1.0230850155971742,2.178263647490681e-07,0.0015525146150526692,576801422997.6685,25,7.169491610870562e-14,0.041353729633199866,18.26175536763124,0.5619959378854116,1.8286071784736833,15.105028182446256,1.4717899826294325,0.0019839557771373375,0.15966150256267223,-4.3589790561473916e-10,0.014115398239812128,999,1000
ct_w5_i1,5,diagonal_fisher,350,False,1.0,1,0.0,-10.999999733992762,1.0000002660072376,3.050726829789389e-47,9994,0.9969839523120391,1.0,8,True,0.022470820283679794,1.022725190898095,2.0952075827105103e-07,0.0014933180368108575,627313242065.8108,25,6.49726371435646e-14,0.040758195652095035,18.299414203632416,0.5612577074632742,1.829971088954067,15.145347250038878,1.4746186755528983,0.0018434929018152119,0.16016877214281972,-4.115645291188318e-10,0.013980373461479458,999,1000
ct_w5_i1,5,diagonal_fisher,375,False,1.0,1,0.0,-10.999999744000425,1.0000002559995753,2.431733518765551e-47,9994,0.9970357680097955,1.0,8,True,0.022131344389367865,1.0223780592740226,2.016687497932799e-07,0.0014373543891904228,678903636777.2662,25,5.919219648111748e-14,0.040185797459865155,18.33456859166606,0.5605716518434495,1.8312454150394257,15.182964884510056,1.477252590913026,0.0017217416874006403,0.1606339171359335,-3.8905152944985433e-10,0.013850967421904257,999,1000
ct_w5_i1,5,diagonal_fisher,400,False,1.0,1,0.0,-10.999999753465877,1.000000246534123,1.9661388437382742e-47,9994,0.9970856591643579,1.0,8,True,0.02180353192661788,1.022042965931438,1.9423782393597153e-07,0.001384391925210757,731424353942.6085,25,5.4189142572559717e-14,0.03963525859683839,18.367534215282245,0.5599310030984147,1.8324414013179307,15.21822283440965,1.4797166707028455,0.001615138302754025,0.1610512474192281,-3.6818117839535093e-10,0.013726555241495807,999,1000
ct_w5_i1,5,diagonal_fisher,425,False,1.0,1,0.0,-10.99999976242822,1.0000002375717791,1.6097746522757753e-47,9994,0.9971337280167013,1.0,8,True,0.021486797497601344,1.0217193009968135,1.8719836459745856e-07,0.0013342195619263574,784747651579.9711,25,4.9831807922175044e-14,0.039105394240911064,18.398570544022814,0.5593302218422621,1.833568297005691,15.251401837869755,1.482031367561998,0.0015211523288212359,0.16144260031703536,-3.4879968020171755e-10,0.013606661544072285,999,1000
ct_w5_i1,5,diagonal_fisher,450,False,1.0,1,0.0,-10.999999770922996,1.0000002290770045,1.3327817386460234e-47,9994,0.997180069681837,1.0,8,True,0.021180594783669338,1.021406495667336,1.805233069060619e-07,0.0012866443997821828,838794629181.8264,25,4.6012577780360513e-14,0.03859510311697744,18.427893472254713,0.5587647176651696,1.8346338050771631,15.282735359375712,1.4842136600275149,0.0014375137428802648,0.16178843483763714,-3.3077098355589416e-10,0.01349088702535098,999,1000
ct_w5_i1,5,diagonal_fisher,475,False,1.0,1,0.0,-10.999999778982504,1.0000002210174959,1.114514125007771e-47,9994,0.9972247727616619,1.0,8,True,0.02088441329767498,1.0211040187698845,1.7418792348973776e-07,0.0012414901992925582,893507185483.4943,25,4.264471612046958e-14,0.03810336027654337,18.45568390672689,0.5582306539036508,1.835644373695419,15.312418981487184,1.4862777606670499,0.001362734166153953,0.16211011000694073,-3.1397596660271626e-10,0.013378921862350427,999,1000
ct_w5_i1,5,diagonal_fisher,500,False,1.0,1,0.0,-10.999999786636247,1.0000002133637533,9.403925733389426e-48,9994,0.9972679198970286,1.0,8,True,0.020597775447142894,1.020811373652362,1.6816953977704018e-07,0.0011985953519047241,948860763015.0063,25,3.9657252212343844e-14,0.03762921059328313,18.482096080501012,0.5577247750593155,1.8366055134744408,15.340619330618383,1.4882357493855183,0.0012954274273467418,0.16240291137716462,-2.983080613939676e-10,0.01327049409688174,999,1000
ct_w5_i1,5,diagonal_fisher,525,False,1.0,1,0.0,-10.999999793911217,1.0000002060887834,7.99944233186024e-48,9994,0.9973095882614211,1.0,8,True,0.020320233904048038,1.0205280954010698,1.6244735507361943e-07,0.0011578116047567355,521974380975.47314,24,7.121376891100561e-14,0.03717176294425255,18.507261282191305,0.5572443131579392,1.8375219028308993,15.367478249560783,1.4900979105654228,0.0012345846621604956,0.16268023003766635,-2.836724908712249e-10,0.013165378140478074,999,1000
ct_w5_i1,5,diagonal_fisher,550,False,1.0,1,0.0,-10.99999980083215,1.0000001991678502,6.855123862213549e-48,9994,0.9973498500084027,1.0,8,True,0.020051369210421246,1.0202537483101382,1.5700224929041226e-07,0.001119002683170612,533383669959.05133,24,6.88625974327635e-14,0.036730184941600144,18.531293501454726,0.5567868782479388,1.8383976211617568,15.393118777948219,1.4918731378326129,0.0011792583444366865,0.16292856914363055,-2.699839759361008e-10,0.013063370838667817,999,1000
ct_w5_i1,5,diagonal_fisher,575,False,1.0,1,0.0,-10.999999807421768,1.0000001925782325,5.914245915408692e-48,9994,0.9973887726731268,1.0,8,True,0.019790787626945774,1.0199879236088718,1.5181662511337002e-07,0.0010820431657480865,544690395590.7398,24,6.665015299357628e-14,0.03630369820025439,18.55429085771514,0.5563504119105228,1.839236162720516,15.417646865573769,1.4935690993829107,0.0011287543496125696,0.16315560389805148,-2.5716608139854767e-10,0.012964298780194651,999,1000
ct_w5_i1,5,diagonal_fisher,600,False,1.0,1,0.0,-10.999999813700954,1.0000001862990455,5.134138153266133e-48,9994,0.9974264195383776,1.0,8,True,0.019538119162137397,1.019730237382053,1.4687427106104024e-07,0.001046817508340426,555936812958.8837,24,6.456052772905167e-14,0.03589157402863262,18.576339937443873,0.5559331082921403,1.8400406263134128,15.441155915838383,1.4951925327498816,0.0010825295970770927,0.16337652787985837,-2.451499715113375e-10,0.01286800947852653,999,1000
ct_w5_i1,5,diagonal_fisher,625,False,1.0,1,0.0,-10.999999819688993,1.000000180311007,4.4823408031670325e-48,9994,0.9974628499639727,1.0,8,True,0.019293015796739185,1.0194803286970533,1.4216020631433488e-07,0.0010132189381030924,567176695177.5468,24,6.257861060163272e-14,0.03549312954983663,18.597516896846056,0.5555333837844189,1.840813739959705,15.463728047722022,1.4967493534392546,0.0010399272994502595,0.16355895524890987,-2.338729054349807e-10,0.012774354404616337,999,1000
ct_w5_i1,5,diagonal_fisher,650,False,1.0,1,0.0,-10.999999825403638,1.0000001745963623,3.933910622921412e-48,9994,0.9974981196861622,1.0,8,True,0.019055149864850657,1.0192378578975403,1.3766060831824315e-07,0.000981148937491176,578433723763.7101,24,6.069446287966385e-14,0.035107724175322236,18.617888104667305,0.5551498542902659,1.8415578623942352,15.485434886392847,1.4982447357226882,0.0010006598140211691,0.16373362542660844,-2.2327871181571154e-10,0.012683214671096954,999,1000
ct_w5_i1,5,diagonal_fisher,675,False,1.0,1,0.0,-10.999999830861324,1.0000001691386764,3.469419916905606e-48,9994,0.9975322810918746,1.0,8,True,0.01882421256410157,1.0190025050347395,1.333626736734362e-07,0.0009505162527916416,589762547113.6842,24,5.889617194470192e-14,0.03473475638135291,18.637513569287698,0.5547812788646,1.842275146013248,15.506341092160065,1.4996833260861009,0.0009643304947968214,0.16389898078116197,-2.1331598636908167e-10,0.012594472699628328,999,1000
ct_w5_i1,5,diagonal_fisher,700,False,1.0,1,0.0,-10.999999836077249,1.000000163922751,3.073630745309268e-48,9994,0.9975653834660017,1.0,8,True,0.01859991261190712,1.0187739684529047,1.2925454745331284e-07,0.0009212363903444588,601194320851.7625,24,5.717562459506665e-14,0.03437366079770642,18.656446575128815,0.5544265567577558,1.8429674992952747,15.52650407856473,1.5010692498854137,0.0009306089425083768,0.16404897657146136,-2.0393800880717407e-10,0.012508021157928614,999,1000
ct_w5_i1,5,diagonal_fisher,725,False,1.0,1,0.0,-10.999999841065495,1.0000001589345047,2.734486695644454e-48,9994,0.9975974732175916,1.0,8,True,0.01838197501204721,1.0185519634919131,1.2532523174762647e-07,0.0008932309647052734,612743689519.708,24,5.552714149578503e-14,0.0340239055486102,18.674734376385906,0.5540847109162461,1.8436366078400688,15.545974780079773,1.5024061715108414,0.0008992181566706344,0.16418339155055223,-1.9510221602007543e-10,0.012423761570969107,999,1000
ct_w5_i1,5,diagonal_fisher,750,False,1.0,1,0.0,-10.999999845839145,1.0000001541608547,2.4423430952323702e-48,9994,0.9976285940882786,1.0,8,True,0.01817013991270127,1.0183362212872302,1.2156451090270055e-07,0.0008664271658097327,624448233417.9348,24,5.3943606531113557e-14,0.03368498980254603,18.69242033552707,0.5537548519056527,1.8442840315002145,15.564799868657337,1.5036974319810152,0.0008699167245186302,0.1643020589217731,-1.867697333015186e-10,0.012341602577834777,999,1000
ct_w5_i1,5,diagonal_fisher,775,False,1.0,1,0.0,-10.999999850410324,1.0000001495896758,2.189454294411258e-48,9994,0.9976587873401394,1.0,8,True,0.017964161578000227,1.018126487689234,1.1796290086756224e-07,0.0008407573979480051,636321450091.037,24,5.2420740428799145e-14,0.03335644156449932,18.709542909607773,0.5534361873144698,1.8449111403395995,15.583020783543732,1.5049460093383866,0.0008425189844744697,0.16440519028530728,-1.7890509537114702e-10,0.012261460484548226,999,1000
ct_w5_i1,5,diagonal_fisher,800,False,1.0,1,0.0,-10.999999854790323,1.0000001452096772,1.969532961063132e-48,9994,0.9976880919299791,1.0,8,True,0.017763807428401408,1.0179225222559518,1.1451156811272197e-07,0.0008161587018743131,648397951772.3638,24,5.0952991971801e-14,0.03303781563118946,18.726137552551364,0.553127992861241,1.8455192103014146,15.600675666006914,1.506154629330204,0.000816860070852191,0.16450660426142935,-1.7147579144104298e-10,0.012183257091655145,999,1000
ct_w5_i1,5,diagonal_fisher,825,False,1.0,1,0.0,-10.99999985898965,1.00000014101035,1.7774600017215562e-48,9994,0.9977165446673387,1.0,8,True,0.017568857170961287,1.0177240973403066,1.1120228309610982e-07,0.000792572423144538,660672307635.9662,24,4.953846461451019e-14,0.0327286917336111,18.742235803718557,0.5528296200883477,1.8461093624091265,15.617798497739333,1.5073257332190413,0.0007927735635939369,0.16459646737330685,-1.6445196133157692e-10,0.012106917782984877,999,1000
ct_w5_i1,5,diagonal_fisher,850,False,1.0,1,0.0,-10.999999863018104,1.000000136981896,1.60902841160895e-48,9994,0.9977441803615497,1.0,8,True,0.017379101985153578,1.0175309972365671,1.0802737612473852e-07,0.0007699438975288956,673157501051.3439,24,4.817397527587141e-14,0.03242867281241482,18.757866720615294,0.5525404762187885,1.8466826398543492,15.634420538660033,1.5084615549942602,0.0007700988426469612,0.164672116018157,-1.5780618224891025e-10,0.012032371740599943,999,1000
ct_w5_i1,5,diagonal_fisher,875,False,1.0,1,0.0,-10.999999866884826,1.000000133115174,1.4607609856017656e-48,9994,0.9977710319556304,1.0,8,True,0.017194343781249063,1.0173430174030436,1.0497968467922756e-07,0.0007482220755778317,685869812792.5771,24,4.685639001750808e-14,0.03213738344944425,18.773057088004645,0.5522600164201226,1.8472400051600844,15.650570592619644,1.5095641503133959,0.0007487289812559585,0.16474075495856952,-1.5151327933357794e-10,0.011959554470277172,999,1000
ct_w5_i1,5,diagonal_fisher,900,False,1.0,1,0.0,-10.999999870598336,1.0000001294016645,1.3297722197632359e-48,9994,0.997797130649672,1.0,8,True,0.017014394515265128,1.0171599637444877,1.0205252323766306e-07,0.0007273593075475124,698824200889.3667,24,4.5582949729170084e-14,0.03185446841866746,18.78783128965218,0.5519877449446815,1.847782333507169,15.666274882044092,1.510635390756747,0.0007285460314838235,0.1647935320110631,-1.4555005540197167e-10,0.011888403615571946,999,1000
ct_w5_i1,5,diagonal_fisher,925,False,1.0,1,0.0,-10.999999874166612,1.0000001258333882,1.2136531955116315e-48,9994,0.9978225060147823,1.0,8,True,0.016839075554229862,1.0169816519476134,9.923963940781551e-08,0.0007073110307408255,712001689786.6637,24,4.435325337962557e-14,0.031579591353829456,18.802211782663125,0.5517232061833185,1.848310431403556,15.681557550792183,1.5116769978815334,0.0007094842608208593,0.164845214810334,-1.3989518544515504e-10,0.011818862710509886,999,1000
ct_w5_i1,5,diagonal_fisher,950,False,1.0,1,0.0,-10.999999877597125,1.0000001224028754,1.1103809873840913e-48,9994,0.9978471860982435,1.0,8,True,0.01666821708910647,1.0168079068668345,9.653517283704431e-08,0.0006880354766457989,725425638364.2911,24,4.316422229945479e-14,0.031312433516080165,18.816219456089087,0.551465978611776,1.848825053269194,15.696441035325066,1.5126905661114154,0.0006914048126528306,0.16488029681737823,-1.3452884734621643e-10,0.011750873486865744,999,1000
ct_w5_i1,5,diagonal_fisher,975,False,1.0,1,0.0,-10.999999880896844,1.0000001191031558,1.0182591039891423e-48,9994,0.9978711975197939,1.0,8,True,0.016501657597079646,1.0166385619617702,9.39336492567359e-08,0.0006694936284885032,739093061983.4109,24,4.201459094000975e-14,0.031052692665832278,18.829872570409208,0.5512156858038798,1.8493268356044097,15.710945040127937,1.5136775184721436,0.000674304463313037,0.16492485138829505,-1.294329424396891e-10,0.011684387987852936,999,1000
ct_w5_i1,5,diagonal_fisher,999,False,,0,0.0,-10.99999988394762,1.0000001160523802,9.389654434755618e-49,9994,0.9978936428888437,1.0,8,True,0.016345662168771296,1.016479983362952,9.152825456824905e-08,0.0006523496504712054,752421922184.9672,24,4.0947840669196615e-14,0.03081005298564069,18.84266309449045,0.5509815897865271,1.8497970987068562,15.724530178716533,1.5146012381542002,0.0,,0.0,,999,1000
ct_w5_i1,5,exact_natural,0,False,1.0,1,0.0,-10.999357436549007,1.0006425634509934,1.866034771207062e-16,9994,0.9952163047717868,1.0,8,True,0.03590945662760455,1.036561988423746,0.00014030551637781414,1.0,489673913.09180486,51,1.1393713379643412e-10,0.05579204215256442,9.362845254631363,0.7966242233897934,1.3289421520446212,5.659604499655599,0.7587954700079441,5.612486080160912,1.0,-0.0011679178735581885,0.9999999999999981,999,1000
ct_w5_i1,5,exact_natural,25,False,1.0,1,0.0,-11.00001344208971,0.9999865579102902,1.3442089712136585e-05,9994,0.995640358373412,1.0,8,True,0.03135457914926994,1.0318513119891053,1.955186885299912e-05,0.13935210359334643,124744860554.30766,14,4.47418181887586e-13,0.055813118709028775,147.87916269959214,0.9992673655713081,26.32894215204462,5.659604499655598,0.03829987847786578,5.612486080160912,1.0,-1.3441908954803239e-05,0.9999999999997585,999,1000
ct_w5_i1,5,exact_natural,39,True,,0,0.0,-11.941744400918623,0.05825559908137734,0.9417444009186225,64512,0.9417444009186225,0.0,0,True,0.22395755429878283,1.2510179179686425,0.07979910920039941,568.752471467456,727170457004.4241,12,8.141188032614558e-12,5.920031422235277,226.4163725061326,0.9996875400423366,40.32894215204461,5.659604499655597,0.025004258258803418,0.0,,0.0,,999,1000
ct_w5_i1,5,projected_adam,0,False,,0,0.0,-10.999357436549007,1.0006425634509934,1.866034771207062e-16,9994,0.9952163047717868,1.0,8,True,0.03590945662760455,1.036561988423746,0.00014030551637781414,1.0,489673913.09180486,51,1.1393713379643412e-10,0.05579204215256442,9.362845254631363,0.7966242233897934,1.3289421520446212,5.659604499655599,0.7587954700079441,0.039194661236591634,1.0000000000000002,-8.156126314162949e-06,1.0000000000000027,999,1000
ct_w5_i1,5,projected_adam,25,False,,0,0.0,-10.999521816070514,1.000478183929486,2.2084726961930584e-16,9994,0.9953093818592273,1.0,8,True,0.03494321356089848,1.035560901313847,0.00010759642994376207,0.7668724132986107,1697980351.1157954,51,3.283264606013893e-11,0.05574918788525534,10.131851654739727,0.8294403622459163,1.4973340845218217,5.6596044996555985,0.6734604490060087,0.03523698636634493,0.9999999999999999,-5.0867182983612545e-06,0.9999999999999969,999,1000
ct_w5_i1,5,projected_adam,50,False,,0,0.0,-10.999622144445643,1.0003778555543565,2.5480308234726993e-16,9994,0.9953699393507717,1.0,8,True,0.034308590594344865,1.0349039190726672,8.775785157583834e-05,0.6254768439718673,4754050272.30579,51,1.1721197802952498e-11,0.05572316360687635,10.80665476084687,0.8518936907373903,1.640292889328411,5.6596044996555985,0.6147653821062021,0.028790304677408996,1.0000000000000002,-3.1050170451522616e-06,0.9999999999999937,999,1000
ct_w5_i1,5,projected_adam,75,False,,0,0.0,-10.999685429193347,1.000314570806653,2.86420797375618e-16,9994,0.9954100968210626,1.0,8,True,0.03388497302445249,1.034465608433996,7.513620596047402e-05,0.5355185448172084,10831897246.166056,51,5.142862560376199e-12,0.05570695880514946,11.370924140501002,0.8673343281134934,1.7572235741114177,5.659604499655601,0.5738571344764634,0.02381342499208375,0.9999999999999998,-2.048077355368055e-06,0.9999999999999986,999,1000
ct_w5_i1,5,projected_adam,100,False,,0,0.0,-10.999728757625771,1.0002712423742288,3.159982746114567e-16,9994,0.9954386777272703,1.0,8,True,0.03358200671374624,1.0341522476763296,6.636381729827027e-05,0.4729950682734814,21350490902.29675,51,2.6086542620353558e-12,0.0556960490888235,11.852353918385807,0.8786269111497121,1.8554695663255778,5.6596044996555985,0.543471746007137,0.020363475450150874,0.9999999999999998,-1.4596225795293058e-06,1.000000000000006,999,1000
ct_w5_i1,5,projected_adam,125,False,,0,0.0,-10.99976050499933,1.0002394950006703,3.440794731879274e-16,9994,0.9954602801852968,1.0,8,True,0.03335212431547141,1.0339145416007207,5.98242316727637e-05,0.42638545666065786,38052323325.59188,51,1.4634639361055598e-12,0.0556882028720321,12.27419578133827,0.8873493290410808,1.940583769033974,5.6596044996555985,0.519635019608583,0.01787712486692239,1.0000000000000002,-1.1003515177771772e-06,0.9999999999999989,999,1000
ct_w5_i1,5,projected_adam,150,False,,0,0.0,-10.999784919612962,1.0002150803870382,3.7104175996601887e-16,9994,0.9954773256476116,1.0,8,True,0.03317013920641302,1.0337264016699625,5.470527264112018e-05,0.3899010819632354,63008181903.60672,51,8.837310233282851e-13,0.05568228507172911,12.651335109427611,0.8943577999865342,2.016008605412109,5.6596044996555985,0.5001939387396278,0.015993255120400684,0.9999999999999999,-8.635991860511434e-07,0.9999999999999859,999,1000
ct_w5_i1,5,projected_adam,175,False,,0,0.0,-10.999804368479547,1.0001956315204534,3.971343707751507e-16,9994,0.9954912031946385,1.0,8,True,0.033021548077746286,1.0335728105086304,5.055607780970034e-05,0.3603285110584186,98622411261.49649,51,5.645538606119438e-13,0.055677663020536686,12.993515478062811,0.9001541555460459,2.0839547369344698,5.6596044996555985,0.48388540643518596,0.014510222019418035,1.0000000000000004,-6.9851822491211e-07,0.9999999999999994,999,1000
ct_w5_i1,5,projected_adam,200,False,,0,0.0,-10.999820282662906,1.0001797173370939,4.225313396681731e-16,9994,0.9955027740040567,1.0,8,True,0.032897332463663366,1.033444432600709,4.7103945624331104e-05,0.33572411720070783,147648841866.3951,51,3.770700412047491e-13,0.05567395488639509,13.30749375179975,0.9050549983465117,2.145932045712269,5.659604499655597,0.4699101664886897,0.013309190317646024,1.0,-5.783980040786028e-07,1.0000000000000109,999,1000
ct_w5_i1,5,projected_adam,225,False,,0,0.0,-10.999833582903817,1.0001664170961835,4.473609404722173e-16,9994,0.9955126046009437,1.0,8,True,0.03279154480914217,1.033335112720555,4.4172846324800886e-05,0.3148332828614694,213207215311.68222,51,2.6111178160468126e-13,0.055670915841006224,13.59818289526609,0.9092717216346738,2.203024291853082,5.659604499655597,0.4577322586061234,0.01231508677369995,0.9999999999999998,-4.880251377445441e-07,1.0000000000000018,999,1000
ct_w5_i1,5,projected_adam,250,False,,0,0.0,-10.999844890658789,1.000155109341211,4.717215863994742e-16,9994,0.9955210850243743,1.0,8,True,0.032700081676128624,1.0332406049757459,4.164335159025993e-05,0.2968048061497659,298794913140.6748,51,1.8630966913720987e-13,0.05566838140712048,13.869284329059546,0.9129517494408949,2.2560389835915773,5.659604499655596,0.446976001836953,0.011477781716197757,1.0,-4.181747444479e-07,1.000000000000013,999,1000
ct_w5_i1,5,projected_adam,275,False,,0,0.0,-10.999854641658896,1.0001453583411042,4.956910623395479e-16,9994,0.995528493671151,1.0,8,True,0.03262000876021452,1.033157873699976,3.9431184604595806e-05,0.2810380206179183,408348817419.20337,51,1.3632030884017886e-13,0.05566623690510761,14.123664257240929,0.9162015049289001,2.305595463895325,5.659604499655596,0.43736869744286067,0.01076235491929691,1.0,-3.6297042479144115e-07,0.9999999999999917,999,1000
ct_w5_i1,5,projected_adam,300,False,,0,0.0,-10.999863151075782,1.0001368489242175,5.193322848323741e-16,9994,0.9955350351894592,1.0,8,True,0.03254916554037552,1.0330846840621264,3.747494348890526e-05,0.2670952964386153,546231332863.9306,51,1.0190627405383258e-13,0.05566439990362196,14.363591560279849,0.9191000106803957,2.3521799373591596,5.659604499655595,0.4287066941002023,0.010143658659820242,1.0000000000000002,-3.1851612969503517e-07,1.0000000000000036,999,1000
ct_w5_i1,5,projected_adam,325,False,,0,0.0,-10.999870652886274,1.0001293471137256,5.426971017876351e-16,9994,0.9955408637577843,1.0,8,True,0.032485921923221174,1.0330193501158789,3.572869024270257e-05,0.25464921953954034,717265902146.1068,51,7.760414855092957e-14,0.05566280962066298,14.590895307605694,0.9217073425753213,2.396181504539677,5.659604499655595,0.42083426608694485,0.009603086811286847,1.0,-2.8214155405553623e-07,1.0000000000000155,999,1000
ct_w5_i1,5,projected_adam,350,False,,0,0.0,-10.999877324671335,1.0001226753286652,5.658289081750023e-16,9994,0.9955460979805764,1.0,8,True,0.03242902225214323,1.032960573326846,3.415727786880323e-05,0.24344928660413212,926598185113.6599,51,6.007072013287241e-14,0.055661420253590166,14.807072912025967,0.9240700967354875,2.437916656319433,5.659604499655593,0.4136299254776243,0.009126559312743282,1.0,-2.519643256860086e-07,1.000000000000022,999,1000
ct_w5_i1,5,projected_adam,375,False,,0,0.0,-10.999883303798372,1.0001166962016281,5.887645074300513e-16,9994,0.9955508307497508,1.0,8,True,0.03237748187465419,1.0329073355209255,3.273329500432393e-05,0.23330012852937185,328395154656.8066,50,1.6949152825537295e-13,0.0556601966344417,15.01336661470468,0.9262250435692956,2.477646438354813,5.659604499655593,0.4069972491892962,0.008703214741376048,0.9999999999999996,-2.2662508071700177e-07,0.9999999999999897,999,1000
ct_w5_i1,5,projected_adam,400,False,,0,0.0,-10.999888698303009,1.0001113016969914,6.115354729121545e-16,9994,0.9955551359655251,1.0,8,True,0.03233051655231727,1.032858825834114,3.1435005274973715e-05,0.2240468235783806,423837576678.90906,50,1.3132179489952348e-13,0.05565911131533875,15.210818928996769,0.9282016397917143,2.5155887909239785,5.659604499655595,0.40085855387504793,0.008324534570634104,1.0,-2.0512132827958323e-07,1.0000000000000049,999,1000
ct_w5_i1,5,projected_adam,425,False,,0,0.0,-10.999893594398708,1.0001064056012918,6.341691661403956e-16,9994,0.9955590732328616,1.0,8,True,0.032287493070760696,1.0328143896073778,3.024492004204197e-05,0.21556472491501025,540514660479.17426,50,1.0297249386998265e-13,0.05565814256282753,15.400313683447067,0.9300237977825292,2.5519276153841357,5.659604499655595,0.3951504262091991,0.00798374013028619,1.0000000000000002,-1.867000042831783e-07,0.999999999999996,999,1000
ct_w5_i1,5,projected_adam,450,False,,0,0.0,-10.999898061778032,1.0001019382219685,6.566895129185229e-16,9994,0.9955626912158645,1.0,8,True,0.03224789392258033,1.0327734918470846,2.9148786879362626e-05,0.20775225117215554,681905309835.4333,50,8.162023692114814e-14,0.05565727294655699,15.582606962383073,0.9317111585897563,2.5868195625626362,5.659604499655594,0.38982049597425267,0.007675367909467034,0.9999999999999996,-1.707861164117221e-07,1.0000000000000244,999,1000
ct_w5_i1,5,projected_adam,475,False,,0,0.0,-10.999902157431121,1.000097842568879,6.791176050256281e-16,9994,0.9955660300803687,1.0,8,True,0.03221129156302459,1.032735690592208,2.8134857500308263e-05,0.20052566874524613,851870915638.6643,50,6.53344154667915e-14,0.05565648832641258,15.75835080908271,0.9332800251756485,2.620399200955481,5.659604499655595,0.3848250619624572,0.0073949636970532555,0.9999999999999997,-1.5693419147525962e-07,0.9999999999999939,999,1000
ct_w5_i1,5,projected_adam,500,False,,0,0.0,-10.99990592844528,1.0000940715547202,7.014721731192241e-16,9994,0.9955691233033144,1.0,8,True,0.03217732932085807,1.0327006171681796,2.7193348581006452e-05,0.19381524891566138,63065205684.59784,49,8.825116244139502e-13,0.05565577711271433,15.928111641035944,0.934744058073288,2.652783009193575,5.659604499655597,0.3801273158714217,0.007138858877091124,1.0000000000000002,-1.4479456566034056e-07,1.0000000000000133,999,1000
ct_w5_i1,5,projected_adam,525,False,,0,0.0,-10.999909414090663,1.0000905859093372,7.237699634056009e-16,9994,0.9955719990338623,1.0,8,True,0.03214570702518365,1.0326679613202494,2.6316038018354808e-05,0.18756239025906213,73781872029.66145,49,7.543198374654343e-13,0.0556551297173097,16.09238474135265,0.9361148017734456,2.6840725013934392,5.659604499655598,0.375695993439282,0.006904003954205548,1.0,-1.3408952492390823e-07,1.0000000000000073,999,1000
ct_w5_i1,5,projected_adam,550,False,,0,0.0,-10.99991264739686,1.0000873526031402,7.460260413167431e-16,9994,0.9955746811316336,1.0,8,True,0.032116170032432785,1.0326374598646249,2.5495958107510287e-05,0.1817174318282317,87999635053.33105,49,6.324405562216721e-13,0.05565453814043285,16.251605794810445,0.9374020884511185,2.7143567030998925,5.659604499655598,0.37150433608171074,0.006687842514332693,1.0000000000000002,-1.2459611963285984e-07,1.000000000000009,999,1000
ct_w5_i1,5,projected_adam,575,False,,0,0.0,-10.999915656359935,1.000084343640065,7.682540381718125e-16,9994,0.9955771899685764,1.0,8,True,0.0320885007446559,1.0326088879168631,2.472715951073483e-05,0.17623797088739998,104321702370.34587,49,5.334843507268047e-13,0.05565399565575893,16.406160161695805,0.9386143513857741,2.743714132910551,5.659604499655598,0.36752928185136907,0.006488215307816869,1.0000000000000002,-1.1613361747452253e-07,0.9999999999999964,999,1000
ct_w5_i1,5,projected_adam,600,False,,0,0.0,-10.999918464878062,1.0000815351219376,7.904663541829383e-16,9994,0.9955795430555072,1.0,8,True,0.032062511977240866,1.0325820520333617,2.4004527189646883e-05,0.17108755100553272,122975574607.5316,49,4.525573207935513e-13,0.05565349656743198,16.556390409388,0.9397588710503981,2.7722144050912325,5.659604499655597,0.3637508278660289,0.006303285491646801,1.0,-1.0855418685244553e-07,0.9999999999999971,999,1000
ct_w5_i1,5,projected_adam,625,False,,0,0.0,-10.999921093484204,1.000078906515796,8.126743260922157e-16,9994,0.9955817555367079,1.0,8,True,0.0320380417195186,1.0325567847935782,2.3323635619598923e-05,0.16623463012525558,144208075469.78998,49,3.859217719903635e-13,0.055653036020621424,16.702602475951835,0.940841970269108,2.7999195361292846,5.659604499655597,0.3601515228784434,0.006131480544955817,1.0000000000000004,-1.0173591718916665e-07,1.0000000000000004,999,1000
ct_w5_i1,5,projected_adam,650,False,,0,0.0,-10.999923559926033,1.0000764400739666,8.348883673792318e-16,9994,0.995583840584218,1.0,8,True,0.03201494895501398,1.032532940478226,2.268063346761738e-05,0.1616517586275301,168282550181.193,49,3.3070933256243597e-13,0.05565260985232697,16.845070759279135,0.9418691704807747,2.8268850196020994,5.659604499655597,0.35671605950779145,0.00597144614285129,0.9999999999999998,-9.557750615774864e-08,1.000000000000037,999,1000
ct_w5_i1,5,projected_adam,675,False,,0,0.0,-10.999925879629025,1.000074120370975,8.571180861933271e-16,9994,0.9955858097149368,1.0,8,True,0.031993110297726154,1.03251039159142,2.207215107613081e-05,0.15731491994010421,195485097310.44083,49,2.8468776003125603e-13,0.05565221447280151,16.984042348569407,0.9428453179355524,2.853160716883007,5.659604499655596,0.353430943762505,0.005822009509509841,1.0,-8.999418657371544e-08,0.9999999999999923,999,1000
ct_w5_i1,5,projected_adam,700,False,,0,0.0,-10.999928066069257,1.0000719339307427,8.7937238475885685e-16,9994,0.9955876730477049,1.0,8,True,0.031972417263357734,1.0324890260394608,2.149522557327318e-05,0.1532029967759138,226114760568.80753,49,2.461221312157145e-13,0.05565184677052591,17.119740563812936,0.943774686409125,2.878791599881331,5.659604499655593,0.3502842251296113,0.005682149742932374,0.9999999999999998,-8.491456345990828e-08,1.0000000000000002,999,1000
ct_w5_i1,5,projected_adam,725,False,,0,0.0,-10.99993013107632,1.0000698689236796,9.016595442989804e-16,9994,0.9955894395133752,1.0,8,True,0.03195277403817514,1.0324687448242187,2.0947239660021467e-05,0.14929733485043326,260504193151.86438,49,2.1362997409793923e-13,0.055651504035437345,17.252367939083058,0.9446610614552082,2.9038183751687354,5.6596044996555905,0.3472652744045914,0.005550974200278262,0.9999999999999998,-8.027814367560998e-08,0.9999999999999769,999,1000
ct_w5_i1,5,projected_adam,750,False,,0,0.0,-10.999932085080715,1.0000679149192848,9.23987297662724e-16,9994,0.9955911170276437,1.0,8,True,0.03193409564222021,1.0324494601442957,2.0425871428178043e-05,0.14558138521920505,298990239870.77625,49,1.861304366340397e-13,0.055651183896463854,17.382108749589445,0.9455078099778976,2.9282780111858693,5.659604499655589,0.3443645996118018,0.0054276984746491385,1.0,-7.603337584420688e-08,1.000000000000043,999,1000
ct_w5_i1,5,projected_adam,775,False,,0,0.0,-10.999933937317849,1.0000660626821514,9.463628914622572e-16,9994,0.9955927126341836,1.0,8,True,0.031916306407404754,1.0324310938217762,1.9929052693830302e-05,0.14204040730775994,341945310928.01154,49,1.6274790877910403e-13,0.05565088427035439,17.509131162332558,0.946317938042989,2.952204185776394,5.659604499655588,0.34157369254216047,0.0053116307697354806,1.0000000000000002,-7.213610178116286e-08,0.9999999999999745,999,1000
ct_w5_i1,5,projected_adam,800,False,,0,0.0,-10.999935695996847,1.0000643040031534,9.68793140308486e-16,9994,0.9955942326239547,1.0,8,True,0.031899338708090454,1.0324135759900326,1.9454934383019238e-05,0.1386612222047711,389769838659.55316,49,1.4277811621047928e-13,0.05565060331947344,17.633589080510696,0.9470941392371623,2.975627668975758,5.659604499655587,0.3388848999448795,0.005202158403949481,1.0000000000000002,-6.854830566273369e-08,0.9999999999999908,999,1000
ct_w5_i1,5,projected_adam,825,False,,0,0.0,-10.999937368441316,1.0000626315586842,9.91284473216049e-16,9994,0.9955956826351576,1.0,8,True,0.03188313189706055,1.0323968439938882,1.9001857497567954e-05,0.13543200572670164,442861821200.56024,49,1.2566072926752932e-13,0.05565033941680858,17.755623726337653,0.9478388353080546,2.9985766508052407,5.659604499655586,0.33629131494880055,0.005098736769556678,1.0,-6.523710939796164e-08,1.0000000000000093,999,1000
ct_w5_i1,5,projected_adam,850,False,,0,0.0,-10.999938961207471,1.0000610387925288,1.0138429747574933e-15,9994,0.9955970677375229,1.0,8,True,0.031867631407828556,1.0323808414617486,1.856832868070262e-05,0.13234211426656878,501677234701.6928,49,1.1092807739197611e-13,0.055650091116781944,17.875365012728434,0.948554210544096,3.0210770246311323,5.6596044996555905,0.33378668489830665,0.005000880168460701,1.0,-6.21739540305197e-08,1.0000000000000235,999,1000
ct_w5_i1,5,projected_adam,875,False,,0,0.0,-10.999940480183657,1.0000595198163431,1.0364744211437569e-15,9994,0.9955983925036977,1.0,8,True,0.03185278799389776,1.0323655175193147,1.8152999430283062e-05,0.1293819366403295,566704852712.2854,49,9.819901288017908e-14,0.055649857130753703,17.99293273373764,0.9492422409823946,3.0431526325547558,5.6596044996555905,0.331365332808663,0.004908154162166103,1.0,-5.933393157868738e-08,0.9999999999999983,999,1000
ct_w5_i1,5,projected_adam,900,False,,0,0.0,-10.999941930674465,1.0000580693255348,1.0591843114884048e-15,9994,0.9955996610699767,1.0,8,True,0.031838557081297576,1.0323508261203997,1.7754648550498946e-05,0.12654276901479267,638403507071.8063,49,8.717000406475467e-14,0.055649636306402996,18.108437599347244,0.9499047193255163,3.0648254783267816,5.6596044996555905,0.3290220901663188,0.004820168525481265,1.0000000000000002,-5.6695229415210524e-08,0.9999999999999685,999,1000
ct_w5_i1,5,projected_adam,925,False,,0,0.0,-10.999943317472558,1.0000566825274415,1.0819778951849532e-15,9994,0.9956008771882139,1.0,8,True,0.0318248982148443,1.0323367254746323,1.7372167024963727e-05,0.12381670709356875,717323018664.6309,49,7.757931386875309e-14,0.055649427610264826,18.221982139588984,0.9505432763003911,3.086115913031455,5.6596044996555905,0.32675223915472795,0.004736572109664607,1.0000000000000002,-5.423867906151435e-08,1.0000000000000069,999,1000
ct_w5_i1,5,projected_adam,950,False,,0,0.0,-10.999944644919854,1.0000553550801463,1.1048601968435016e-15,9994,0.995602044270442,1.0,8,True,0.03181177458200252,1.0323231775553774,1.700454512455452e-05,0.12119655423073138,804026574791.1857,49,6.921317262096364e-14,0.05564923011286446,18.333661501710402,0.9511593990688295,3.1070427984381284,5.65960449965559,0.3245514626901738,0.004657048081652948,0.9999999999999999,-5.194737938112837e-08,0.9999999999999921,999,1000
ct_w5_i1,5,projected_adam,975,False,,0,0.0,-10.999945916960241,1.0000540830397586,1.1278360380605002e-15,9994,0.9956031654273106,1.0,8,True,0.03179915260246181,1.0323101476755825,1.665086118069244e-05,0.11867574141457893,899056533170.3324,49,6.189715654454172e-14,0.05564904297603703,18.443564150261093,0.9517544471304551,3.1276236502387116,5.659604499655592,0.32241580114573615,0.004581309393581159,1.0000000000000002,-4.980637149855779e-08,1.0000000000000095,999,1000
ct_w5_i1,5,projected_adam,999,False,,0,0.0,-10.999947089328638,1.0000529106713625,1.1499851542316022e-15,9994,0.9956042011721918,1.0,8,True,0.03178747893258763,1.0322980968980493,1.632365403175052e-05,0.11634363675191678,998737433914.7922,49,5.5719221567308957e-14,0.055648872367863894,18.547475700599524,0.9523070234162757,3.147070856667004,5.659604499655593,0.3204234447844737,0.0,,0.0,,999,1000
ct_w5_i1,5,ray_projected,0,False,0.02,0,5.659604499655599,-9.117532234471241,2.8824677655287587,0.022411481860823763,64512,0.022411481860823763,0.0,0,True,7.62881478389565,2056.611046235076,0.13755230185473505,1.0,143.1861843121566,51,0.042541536299925686,6.09136025756346,7.458669329689523,1.0,1.3289421520446212,0.0,0.0,0.11224972160321822,1.0000000000000004,-0.043959931955691395,0.9999999999999999,999,1000
ct_w5_i1,5,ray_projected,25,False,0.02,0,5.659604499655599,-10.029135814753346,1.9708641852466542,0.07429563712289605,64512,0.07429563712289605,0.0,0,True,6.20429963308088,494.87224239324604,0.16137758786293446,1.1732089226202889,440.05500392570156,51,0.020476241268381407,9.010672431741192,10.264912369769974,0.9999999999999998,1.8289421520446199,9.969778034532539e-15,9.712482362629222e-16,0.11224972160321822,1.0000000000000004,-0.02967838429904248,0.9999999999999991,999,1000
ct_w5_i1,5,ray_projected,50,False,0.02,0,5.659604499655599,-10.636677602877832,1.3633223971221682,0.16921260277103778,64512,0.16921260277103778,0.0,0,True,4.951698347605657,141.4149318001877,0.21431954141184123,1.5580949102413264,1469.1142726172166,51,0.008449407869610044,12.413145696408346,13.071155409850421,1.0000000000000004,2.3289421520446196,1.9790640197887293e-14,1.5140696883592295e-15,0.11224972160321822,1.0000000000000004,-0.019650048871857614,0.9999999999999994,999,1000
ct_w5_i1,5,ray_projected,75,False,0.02,0,5.659604499655599,-11.044505758420554,0.9554942415794461,0.30021478171655486,64512,0.30021478171655486,0.0,0,True,3.9062950574726973,49.71442127307491,0.269296390074803,1.9577745079046298,5070.980019914093,51,0.0030206588945977633,15.317700901481047,15.877398449930878,1.0000000000000002,2.8289421520446196,2.260933140504636e-14,1.423994710238237e-15,0.11224972160321822,1.0000000000000004,-0.013513946296757876,1.0000000000000018,999,1000
ct_w5_i1,5,ray_projected,100,False,0.02,0,5.659604499655599,-11.332230175655322,0.6677698243446777,0.44873933823130463,64512,0.44873933823130463,0.0,0,True,3.0242802144019274,20.579186776705942,0.2896935008500847,2.1060607270390976,17206.785752833614,51,0.0009549320355356861,16.431310943979845,18.683641490011343,1.0000000000000002,3.3289421520446214,1.2258792862456023e-14,6.56124389295835e-16,0.11224972160321822,1.0000000000000004,-0.009775076932079253,1.000000000000001,999,1000
ct_w5_i1,5,ray_projected,125,False,0.02,0,5.659604499655599,-11.542425094350884,0.45757490564911585,0.5929239252538219,64512,0.5929239252538219,0.0,0,True,2.274717020107958,9.725166596545476,0.2677162349427107,1.9462868402263305,56031.490036118106,51,0.0002729289002599718,15.292612955485282,21.48988453009181,1.0000000000000002,3.8289421520446236,4.741575244451873e-15,2.2064219274014005e-16,0.11224972160321822,1.0000000000000004,-0.007162768164071975,1.0000000000000022,999,1000
ct_w5_i1,5,ray_projected,150,False,0.02,0,5.659604499655599,-11.695009531964942,0.3049904680350579,0.7159300888558243,64512,0.7159300888558243,0.0,0,True,1.654458851100244,5.23024881283079,0.21811586325177923,1.5856940255505503,174179.83732476982,51,7.214408960538315e-05,12.566045791409255,24.296127570172256,1.0000000000000002,4.328942152044622,2.8532515735351556e-14,1.1743647481658845e-15,0.11224972160321822,1.0000000000000004,-0.005121270105005431,1.000000000000001,999,1000
ct_w5_i1,5,ray_projected,175,False,0.02,0,5.659604499655599,-11.802130643216,0.19786935678400042,0.8104819338402638,64512,0.8104819338402638,0.0,0,True,1.1656259057685536,3.2079301169330057,0.16134173260026788,1.1729482562251567,519721.2641714565,51,1.800883466777849e-05,9.35957431979259,27.102370610252688,1.0000000000000004,4.828942152044617,7.002541957642103e-14,2.5837378059442062e-15,0.11224972160321822,1.0000000000000004,-0.003519306328524774,1.000000000000004,999,1000
ct_w5_i1,5,ray_projected,200,False,0.02,0,5.659604499655599,-11.874412761745832,0.12558723825416784,0.8776551939698402,64512,0.8776551939698402,0.0,0,True,0.7997486077464564,2.224981515062148,0.11135308163338847,0.8095326659890083,1502727.5322320398,51,4.31955891600846e-06,6.491120110184298,29.90861365033312,1.0000000000000004,5.328942152044614,1.1133804500099227e-13,3.722608018635198e-15,0.11224972160321822,1.0000000000000004,-0.0023285705734189034,1.0000000000000027,999,1000
ct_w5_i1,5,ray_projected,213,True,,0,5.659604499655599,-11.901510500207134,0.09848949979286559,0.9034769710303792,64512,0.9034769710303792,0.0,0,True,0.6519567748224763,1.9192927807447016,0.09002506740631712,0.6544788141850941,2586022.206443396,51,2.0330400947760006e-06,5.257486831680524,31.367860031174928,1.0000000000000002,5.588942152044608,1.1133804500099227e-13,3.5494306876637104e-15,0.0,,0.0,,999,1000
ct_w5_i1,5,target_direction,0,False,0.02,0,0.0,-10.999357436549007,1.0006425634509934,1.866034771207062e-16,9994,0.9952163047717868,1.0,8,True,0.03590945662760455,1.036561988423746,0.00014030551637781414,1.0,489673913.09180486,51,1.1393713379643412e-10,0.05579204215256442,9.362845254631363,0.7966242233897934,1.3289421520446212,5.659604499655599,0.7587954700079441,0.11224972160321822,1.0000000000000004,-2.335835747116377e-05,0.9999999999999984,999,1000
ct_w5_i1,5,target_direction,25,False,0.02,0,0.0,-10.999717823169235,1.0002821768307655,3.0772360692798063e-16,9994,0.9954313720129162,1.0,8,True,0.03365957251403041,1.034232465634081,6.859183290190814e-05,0.4888748117159151,17797608699.762424,51,3.1295655634221887e-12,0.055698783298039636,11.721755374156999,0.8757146043502211,1.8289421520446203,5.659604499655597,0.5513543901575871,0.11224972160321822,1.0000000000000004,-8.44581901105812e-06,0.9999999999999968,999,1000
ct_w5_i1,5,target_direction,50,False,0.02,0,0.0,-10.999858982295368,1.0001410177046317,5.07401653177103e-16,9994,0.9955318213925769,1.0,8,True,0.032583987627793055,1.0331206588536597,3.8436447905961706e-05,0.27394823024962317,472618168238.1834,51,1.177806935490511e-13,0.055665295638975355,14.24381363403017,0.9176724538589771,2.3289421520446187,5.659604499655594,0.43298425595877443,0.11224972160321822,1.0000000000000004,-3.6520800232331397e-06,1.0000000000000016,999,1000
ct_w5_i1,5,target_direction,75,False,0.02,0,0.0,-10.999923744469909,1.0000762555300913,8.366077424708499e-16,9994,0.9955839969480932,1.0,8,True,0.03201321587231512,1.0325311510148014,2.263235950955414e-05,0.1613076954765614,170271264719.1496,49,3.2684656624092876e-13,0.055652578202954245,16.855945675944408,0.9419464653703737,2.828942152044618,5.659604499655586,0.3564566649569865,0.11224972160321822,1.0000000000000004,-1.7917321431504264e-06,1.0000000000000024,999,1000
ct_w5_i1,5,target_direction,100,False,0.02,0,0.0,-10.99995679747738,1.0000432025226207,1.379372983011297e-15,9994,0.9956128704074697,1.0,8,True,0.031689214444296815,1.0321966636375193,1.3566347270756956e-05,0.09669147458340518,404334795532.0759,48,1.3762736424166468e-13,0.055647532180272026,19.52202813285019,0.957054326674794,3.328942152044617,5.659604499655574,0.30291763533791416,0.11224972160321822,1.0000000000000004,-9.540400271568215e-07,1.0000000000000364,999,1000
ct_w5_i1,5,target_direction,125,False,0.02,0,0.0,-10.999974842171845,1.000025157828155,2.2742394581889652e-15,9994,0.9956294541091846,1.0,8,True,0.0314974881221992,1.031998783337556,8.187131132849494e-06,0.05835216849780318,456693863912.41125,47,1.2184405956451785e-13,0.05564543435729365,22.222651961662876,0.9670261032375781,3.8289421520446156,5.6596044996555515,0.26336132666187867,0.11224972160321822,1.0000000000000004,-5.345483144125752e-07,1.0000000000000913,999,1000
ct_w5_i1,5,target_direction,150,False,0.02,0,0.0,-10.999985109566662,1.000014890433338,3.7496236354187926e-15,9994,0.9956391900577716,1.0,8,True,0.031381156654497304,1.031878736387178,4.954324057932372e-06,0.03531097127066186,522995759681.346,46,1.0639572547514535e-13,0.05564451327172158,24.94660173247257,0.9739253398408312,4.328942152044613,5.659604499655528,0.23294265653279217,0.11224972160321822,1.0000000000000004,-3.089872304329333e-07,0.9999999999999281,999,1000
ct_w5_i1,5,target_direction,175,False,0.02,0,0.0,-10.999991100570348,1.0000088994296519,6.1821201996171645e-15,9994,0.9956449806597959,1.0,8,True,0.031309516297108944,1.0318048148736352,3.001559327082424e-06,0.021393024341251395,481012635552.3256,45,1.1568112615810868e-13,0.055644083376972936,27.686993621337944,0.978884561499132,4.828942152044611,5.659604499655505,0.20882322734951134,0.11224972160321822,1.0000000000000004,-1.8202013791324134e-07,1.000000000000265,999,1000
ct_w5_i1,5,target_direction,200,False,0.02,0,0.0,-10.999994650040495,1.0000053499595047,1.0192628603711578e-14,9994,0.995648451595162,1.0,8,True,0.03126501751927701,1.0317589018419566,1.8194683417246919e-06,0.012967903106712031,949256741982.9161,44,5.861835630256938e-14,0.055643869924170745,30.439387207652715,0.9825629355249903,5.328942152044607,5.659604499655485,0.18922991770273692,0.11224972160321822,1.0000000000000004,-1.0846450775758855e-07,1.0000000000002387,999,1000
ct_w5_i1,5,target_direction,225,False,0.02,0,0.0,-10.99999677250656,1.0000032274934405,1.680483886311855e-14,9994,0.9956505418492013,1.0,8,True,0.03123724515915306,1.0317302478600698,1.1032091421609964e-06,0.007862906396283658,716428632574.8624,41,7.766824958015895e-14,0.055643757841196406,33.20079775196395,0.9853635727315709,5.8289421520446,5.659604499655468,0.17299799150010986,0.11224972160321822,1.0000000000000004,-6.508498618273962e-08,1.0000000000010882,999,1000
ct_w5_i1,5,target_direction,250,False,0.02,0,0.0,-10.999998048797416,1.0000019512025844,2.7706530412059638e-14,9994,0.9956518041871657,1.0,8,True,0.03121986928425748,1.0317123208001067,6.690085655187881e-07,0.004768227100332138,129121058006.26988,40,4.3094207180852194e-13,0.05564369625133028,35.96914857424644,0.987543523783231,6.32894215204459,5.659604499655462,0.1593307792437756,0.11224972160321822,1.0000000000000004,-3.9220038310361364e-08,0.999999999998794,999,1000
ct_w5_i1,5,target_direction,275,False,0.02,0,0.0,-10.999998818871276,1.0000011811287237,4.568038106361239e-14,9994,0.995652567832998,1.0,8,True,0.031208986410221483,1.0317010928659742,4.057313952846434e-07,0.0028917707996034274,331909348222.2953,40,1.6764716493880453e-13,0.05564366124615425,38.74295196478471,0.9892726502980936,6.82894215204458,5.659604499655459,0.14766493293139543,0.11224972160321822,1.0000000000000004,-2.3694478397118242e-08,1.00000000000075,999,1000
ct_w5_i1,5,target_direction,300,False,0.02,0,0.0,-10.999999284466554,1.0000007155334458,7.531425089369745e-14,9994,0.9956530302736792,1.0,8,True,0.03120216864225198,1.0316940589912869,2.460732043661498e-07,0.0017538384143323692,888465883345.752,40,6.262889990758698e-14,0.05564364087936695,41.52111516728584,0.9906666919934638,7.3289421520445694,5.659604499655458,0.1375908369794852,0.11224972160321822,1.0000000000000004,-1.4337080340709464e-08,1.0000000000000064,999,1000
ct_w5_i1,5,target_direction,325,False,0.02,0,0.0,-10.99999956632207,1.0000004336779291,1.2417224238209835e-13,9994,0.9956533104885896,1.0,8,True,0.031197898610027256,1.0316896536338145,1.4924538087657204e-07,0.0010637171276622129,765515127407.3982,39,7.268782399270772e-14,0.05564362884474419,44.30281799755421,0.9918066352610089,7.828942152044559,5.659604499655458,0.12880351716619792,0.11224972160321822,1.0000000000000004,-8.683266532472088e-09,1.0000000000044873,999,1000
ct_w5_i1,5,target_direction,350,False,0.02,0,0.0,-10.99999973707695,1.0000002629230504,2.0472545217234227e-13,9994,0.9956534803484337,1.0,8,True,0.031195225661795046,1.031686895984464,9.051984735118269e-08,0.0006451624261688414,821657390932.0364,36,6.772119654384683e-14,0.05564362166301282,47.08743314636944,0.9927504806963495,8.328942152044545,5.659604499655457,0.12107123167214051,0.11224972160321822,1.0000000000000004,-5.262036264497283e-09,0.9999999999969557,999,1000
ct_w5_i1,5,target_direction,375,False,0.02,0,0.0,-10.99999984057189,1.0000001594281098,3.3753524256430245e-13,9994,0.9956535833371416,1.0,8,True,0.031193553585924603,1.0316851709271417,5.490226726978152e-08,0.00039130512247245443,457250655817.98364,33,1.216917168803361e-13,0.055643617351150074,49.8744728102785,0.9935406258707117,8.828942152044537,5.659604499655458,0.1142147346203334,0.11224972160321822,1.0000000000000004,-3.189886808030452e-09,1.000000000002639,999,1000
ct_w5_i1,5,target_direction,400,False,0.02,0,0.0,-10.999999903317976,1.0000000966820242,5.56501568933194e-13,9994,0.9956536457894241,1.0,8,True,0.031192508393843525,1.0316840926185344,3.329953889277568e-08,0.00023733592058566545,743373695020.3837,33,7.485281645846449e-14,0.05564361475341134,52.66355206300279,0.9942086304459367,9.328942152044526,5.659604499655457,0.10809320804428425,0.11224972160321822,1.0000000000000004,-1.9341428014740815e-09,0.9999999999737134,999,1000
ct_w5_i1,5,target_direction,425,False,0.02,0,0.0,-10.999999941365722,1.0000000586342779,9.175160087799115e-13,9994,0.9956536836634956,1.0,8,True,0.031191855566222178,1.031683419106882,2.0196934865490203e-08,0.00014394968485133524,897362993756.3005,31,6.200792051109569e-14,0.05564361318643954,55.454363161810825,0.9947783702806355,9.828942152044515,5.659604499655457,0.10259448771547464,0.11224972160321822,1.0000000000000004,-1.1728986315517884e-09,0.9999999999730717,999,1000
ct_w5_i1,5,target_direction,450,False,0.02,0,0.0,-10.999999964439588,1.0000000355604115,1.5127281947817015e-12,9994,0.9956537066330955,1.0,8,True,0.031191448129758523,1.031682998761524,1.2249761569749633e-08,8.730776868931884e-05,687345341112.2554,30,8.095437462740034e-14,0.0556436122427998,58.24665716993033,0.9952681727641611,10.328942152044506,5.659604499655457,0.09762812784022035,0.11224972160321822,1.0000000000000004,-7.113336764064115e-10,1.0000000000475957,999,1000
ct_w5_i1,5,target_direction,475,False,0.02,0,0.0,-10.99999997843388,1.0000000215661196,2.4940671864195156e-12,9994,0.9956537205635781,1.0,8,True,0.03119119404595062,1.0316827366276122,7.429408583744744e-09,5.295164991046298e-05,663099096581.218,29,8.391447366730789e-14,0.05564361167888027,61.040230580010046,0.9956922920130865,10.8289421520445,5.659604499655458,0.09312038708080618,0.11224972160321822,1.0000000000000004,-4.3144396499883444e-10,1.000000000012964,999,1000
ct_w5_i1,5,target_direction,500,False,0.02,0,0.0,-10.999999986922367,1.0000000130776332,4.11202165569438e-12,9994,0.9956537290115791,1.0,8,True,0.03119103572686113,1.0316825732925536,4.505452175150406e-09,3.211172512289639e-05,695900811875.6686,27,7.995911256340861e-14,0.05564361134973402,63.834915422910946,0.9960619468209905,11.328942152044498,5.659604499655459,0.08901054232076384,0.11224972160321822,1.0000000000000004,-2.617265693061199e-10,0.9999999998061868,999,1000
ct_w5_i1,5,target_direction,525,False,0.02,0,0.0,-10.99999999207241,1.0000000079275893,6.779577604200656e-12,9994,0.9956537341337826,1.0,8,True,0.03119093717375888,1.0316824716170405,2.7315274342096296e-09,1.946842508211996e-05,863128561507.504,25,6.446735011732846e-14,0.05564361117097033,66.630571848361,0.9963860631793675,11.8289421520445,5.6596044996554475,0.08524813731545303,0.11224972160321822,1.0000000000000004,-1.5882481108064896e-10,0.9999999994878744,999,1000
ct_w5_i1,5,target_direction,550,False,0.02,0,0.0,-10.99999999519877,1.0000000048012296,1.117763383725466e-11,9994,0.9956537372377539,1.0,8,True,0.031190875908191234,1.0316824084104301,1.6548836022825235e-09,1.1794857714833246e-05,986764607413.9454,21,5.638995427962382e-14,0.05564361109682334,69.42708248680049,0.996671813547897,12.328942152044501,5.659604499655433,0.08179090082816359,0.11224972160321822,1.0000000000000004,-9.647292742442913e-11,1.0000000002764589,999,1000
ct_w5_i1,5,target_direction,575,False,0.02,0,0.0,-10.999999997099573,1.0000000029004266,1.8428802698340548e-11,9994,0.9956537391158321,1.0,8,True,0.03119083791523797,1.0316823692137695,1.0008376137852392e-09,7.133273442294226e-06,123309576719.74466,19,4.512513349614592e-13,0.055643611108317254,72.22434811348873,0.9969250139634294,12.828942152044501,5.65960449965542,0.07860315160228007,0.11224972160321822,1.0000000000000004,-5.874593256294247e-11,0.9999999997623233,999,1000
ct_w5_i1,5,target_direction,600,False,0.02,0,0.0,-10.99999999826001,1.0000000017399895,3.0383959036822036e-11,9994,0.9956537402474153,1.0,8,True,0.031190814479564503,1.0316823450355985,6.031180890384928e-10,4.298605675734222e-06,124393277060.6213,19,4.473200845191207e-13,0.05564361120836752,75.02228427745857,0.9971504201998419,13.328942152044505,5.659604499655408,0.0756545623329423,0.11224972160321822,1.0000000000000004,-3.601527964747219e-11,1.0000000000516804,999,1000
ct_w5_i1,5,target_direction,625,False,0.02,0,0.0,-10.999999998976316,1.0000000010236842,5.0094679585992024e-11,9994,0.9956537409213487,1.0,8,True,0.031190800211217482,1.031682330315197,3.632794171391274e-10,2.589202666564371e-06,124817889335.34587,19,4.457983684774933e-13,0.0556436114225015,77.82081865411857,0.9973519512389838,13.828942152044505,5.659604499655394,0.0729191917781612,0.11224972160321822,1.0000000000000004,-2.247531938337488e-11,0.9999999966080295,999,1000
ct_w5_i1,5,target_direction,650,False,0.02,0,0.0,-10.999999999431312,1.0000000005686882,8.259216381455305e-11,9994,0.9956537413096559,1.0,8,True,0.031190791820825996,1.0316823216589783,2.3365665293955853e-10,1.6653418837101801e-06,125018309899.18228,19,4.4508369894184397e-13,0.055643611805385795,80.61988894675193,0.9975328597251907,14.328942152044508,5.659604499655382,0.0703747195134113,0.11224972160321822,1.0000000000000004,-1.467546084654714e-11,0.9999999974300878,999,1000
ct_w5_i1,5,target_direction,675,False,0.02,0,0.0,-10.999999999741151,1.000000000258849,1.3617145730179839e-10,9994,0.9956537415114547,1.0,8,True,0.03119078736992233,1.0316823170670597,2.1811171122530712e-10,1.5545483659956516e-06,125191010270.9142,19,4.444697133949762e-13,0.05564361245474076,83.41944120872554,0.9976958632894293,14.828942152044512,5.6596044996553685,0.06800183550078759,0.11224972160321822,1.0000000000000004,-1.062325338807568e-11,0.9999999955821022,999,1000
ct_w5_i1,5,target_direction,700,False,0.02,0,0.0,-10.999999999984915,1.0000000000150848,2.2450877813076543e-10,9994,0.9956537415782541,1.0,8,True,0.031190785828013542,1.0316823154762997,3.2136285048023557e-10,2.290450573695698e-06,125717043087.43846,19,4.426099450781674e-13,0.05564361353632074,86.21942849129435,0.9978432466718166,15.328942152044512,5.659604499655356,0.06578374912449703,0.11224972160321822,1.0000000000000004,-9.28153554013989e-12,0.9999999959138548,999,1000
ct_w5_i1,5,target_direction,725,False,0.02,0,0.0,-11.000000000224832,0.9999999997751683,3.701523979440524e-10,9994,0.9956537415271061,1.0,8,True,0.031190786836478152,1.0316823165167148,5.312306258625215e-10,3.786241906783093e-06,153834204665.65073,19,3.617115936415788e-13,0.05564361532619732,89.01980974566743,0.9979769418272203,15.828942152044517,5.659604499655342,0.0637057912770105,0.11224972160321822,1.0000000000000004,-1.030853624683913e-11,1.0000000045391062,999,1000
ct_w5_i1,5,target_direction,750,False,0.02,0,0.0,-11.000000000522137,0.999999999477863,6.102781317793694e-10,9994,0.9956537413449548,1.0,8,True,0.031190790625958417,1.0316823204262546,8.824496850655644e-10,6.289486741842049e-06,251893964397.69058,19,2.209009589185331e-13,0.05564361828124068,91.82054892530445,0.9980985912712865,16.328942152044515,5.659604499655329,0.06175508955108643,0.11224972160321822,1.0000000000000004,-1.39670852661311e-11,0.9999999981757908,999,1000
ct_w5_i1,5,target_direction,775,False,0.02,0,0.0,-11.00000000095272,0.9999999990472794,1.0061785365443592e-09,9994,0.995653740985305,1.0,8,True,0.031190798068396676,1.0316823281044867,1.460167051234153e-09,1.0407053756191746e-05,414793924641.4541,19,1.3414763295735709e-13,0.05564362315574342,94.62161424713507,0.9982095985542002,16.82894215204452,5.659604499655316,0.05992030133346845,0.11224972160321822,1.0000000000000004,-2.11918660397714e-11,1.0000000025268005,999,1000
ct_w5_i1,5,target_direction,800,False,0.02,0,0.0,-11.000000001626479,0.9999999983735215,1.658907954274688e-09,9994,0.9956537403563558,1.0,8,True,0.03119081087525731,1.0316823413170986,2.4108714164701905e-09,1.7183012319901987e-05,683505952318.2511,19,8.140913916727613e-14,0.05564363119393811,97.4229775798453,0.9983111687646082,17.328942152044522,5.659604499655303,0.05819139310561093,0.11224972160321822,1.0000000000000004,-3.382689683917309e-11,0.9999999999556969,999,1000
ct_w5_i1,5,target_direction,825,False,0.02,0,0.0,-11.000000002715408,0.9999999972845917,2.7350768274376494e-09,9994,0.9956537392975674,1.0,8,True,0.03119083198634171,1.0316823630970318,3.977018073793446e-09,2.8345414895050506e-05,125142169119.95029,18,4.4464343904957003e-13,0.0556436444476176,100.22461393446444,0.9984043412506933,17.828942152044522,5.659604499655289,0.056559456880529206,0.11224972160321822,1.0000000000000004,-5.5094169226776984e-11,0.9999999974851363,999,1000
ct_w5_i1,5,target_direction,850,False,0.02,0,0.0,-11.00000000449745,0.9999999955025505,4.509379334429368e-09,9994,0.9956537375386811,1.0,8,True,0.031190866236158767,1.0316823984319645,6.558323743969958e-09,4.6743163870404994e-05,168365135631.69943,18,3.304939950371849e-13,0.05564366629989783,103.02650103784875,0.9984900162205149,18.328942152044522,5.659604499655276,0.05501655668445257,0.11224972160321822,1.0000000000000004,-9.042549820037497e-11,0.9999999992634774,999,1000
ct_w5_i1,5,target_direction,875,False,0.02,0,0.0,-11.000000007427474,0.9999999925725263,7.43470960461499e-09,9994,0.9956537346307383,1.0,8,True,0.03119092144649237,1.0316824553914954,1.0813651236277496e-08,7.70721744621825e-05,277169915817.28876,18,2.0075664476344771e-13,0.05564370232884614,105.82861897375045,0.9985689764950721,18.828942152044526,5.659604499655263,0.05355559949843021,0.11224972160321822,1.0000000000000004,-1.488389322901186e-10,0.9999999999479859,999,1000
ct_w5_i1,5,target_direction,900,False,0.02,0,0.0,-11.000000012253375,0.9999999877466248,1.2257763807523006e-08,9994,0.9956537298314808,1.0,8,True,0.03119101018795186,1.0316825469445063,1.782918978962172e-08,0.00012707404705037648,456821939538.5137,18,1.2180623765081e-13,0.055643761731532154,108.63094987930768,0.9986419053972541,19.32894215204453,5.659604499655248,0.0521702262307894,0.11224972160321822,1.0000000000000004,-2.452426706156528e-10,0.9999999999218437,999,1000
ct_w5_i1,5,target_direction,925,False,0.02,0,0.0,-11.000000020206972,0.9999999797930279,2.0209635760011244e-08,9994,0.9956537219158884,1.0,8,True,0.03119115260018345,1.0316826938687307,2.9395659722137193e-08,0.00020951178885212664,753053535010.0417,18,7.389097465902292e-14,0.055643859672314624,111.43347768722856,0.9987094015411927,19.82894215204453,5.659604499655235,0.05085471918480675,0.11224972160321822,1.0000000000000004,-4.042458456865462e-10,0.9999999999803179,999,1000
ct_w5_i1,5,target_direction,950,False,0.02,0,0.0,-11.000000033318441,0.9999999666815587,3.3320055913825556e-08,9994,0.9956537088634927,1.0,8,True,0.03119138089139034,1.031682929392845,4.8465432240014193e-08,0.0003454278455417723,152872276891.23077,17,3.639902687845779e-13,0.055644021155349506,114.23618790584473,0.9987719911205895,20.32894215204453,5.659604499655222,0.049603923181639,0.11224972160321822,1.0000000000000004,-6.664321361427026e-10,0.9999999999158515,999,1000
ct_w5_i1,5,target_direction,975,False,0.02,0,0.0,-11.000000054934503,0.9999999450654968,5.493548373862887e-08,9994,0.9956536873426434,1.0,8,True,0.03119174650210754,1.0316833065872495,7.990609495943618e-08,0.0005695149914438528,251984051664.77158,17,2.208246396721673e-13,0.05564428741200597,117.03906743070398,0.9988301381676832,20.82894215204454,5.659604499655209,0.04841317804394664,0.11224972160321822,1.0000000000000004,-1.0987282905716716e-09,1.0000000000026235,999,1000
ct_w5_i1,5,target_direction,999,False,,0,0.0,-11.000000088779219,0.9999999112207814,8.87798260374167e-08,9994,0.9956536536457691,1.0,8,True,0.031192302445277726,1.031683880144697,1.2913424827476676e-07,0.0009203789815864016,407200535923.60675,17,1.3665184456909998e-13,0.05564470434348692,119.72998002057255,0.9988821612661634,21.308942152044537,5.659604499655196,0.047322634679790636,0.0,,0.0,,999,1000
ct_w6_i1,6,adam,0,False,,0,0.0,-10.99352170728252,1.00647829271748,9.002764747682835e-10,57619,0.9602423298155419,1.0,7,True,0.2157770953276441,1.2408257623122418,0.0014731038788385446,1.0,85639067.87613422,52,6.016753193410913e-09,0.5152691351244645,8.208860836484618,0.8547465942839202,1.260199855040109,4.260772502590869,0.607250769895426,0.1442191497842798,0.27396889951350567,-0.0011091792976248645,0.28077399818964566,199,1000
ct_w6_i1,6,adam,25,False,,0,0.0,-10.999557677585328,1.0004423224146723,3.3274689043932644e-15,57619,0.9976436989464825,1.0,7,True,0.019298665024263924,1.0194860879896548,0.00012358485658484238,0.08389418992113559,20138230322.9275,52,1.47987842383031e-12,0.029802132549025702,9.962960858132362,0.7664536506088446,1.37149261767738,6.399205970276888,0.8380149526211172,0.041829076384388826,0.26193467739700654,-2.5411135195780966e-05,0.4726297914368881,199,1000
ct_w6_i1,6,adam,50,False,,0,0.0,-10.999821984628365,1.0001780153716346,2.0901839760221866e-16,57619,0.9987540615351733,1.0,7,True,0.010872278804458128,1.0109315968066994,4.932031140382266e-05,0.033480538685913185,72756857247.94879,52,2.270538506174387e-13,0.016519724596970077,10.45894368182345,0.744932334805903,1.3993417876154555,6.97757997761282,0.8955713110166298,0.013814160127891606,0.23875030452578136,-3.933732569033448e-06,0.5557235110162986,199,1000
ct_w6_i1,6,adam,75,False,,0,0.0,-10.999884157797247,1.000115842202753,7.391198494019773e-17,57619,0.9990146541428933,1.0,7,True,0.008769804984903266,1.0088083723850567,3.163277009929196e-05,0.021473550204913268,121351926149.5856,52,1.1044551003817966e-13,0.013402775377706493,10.669309667649731,0.7361001033128829,1.4105625591960547,7.221764330731555,0.9195389139822979,0.008527244886958234,0.2331413809634088,-1.5927300367494703e-06,0.5420231563862573,199,1000
ct_w6_i1,6,adam,100,False,,0,0.0,-10.99991463708043,1.0000853629195703,3.4975809494195034e-17,57619,0.9991623380904284,1.0,7,True,0.007557771797941923,1.0075864038412476,2.3098717037848505e-05,0.015680304267517427,173821585875.2186,52,6.653210783613646e-14,0.011564716495698298,10.821710469827773,0.7298728291811537,1.4186075276321173,7.39753679623767,0.9365781617979674,0.0069124891248461716,0.23577197899129812,-9.315627001896762e-07,0.4992672146552705,199,1000
ct_w6_i1,6,adam,125,False,,0,0.0,-10.999933645635306,1.0000663543646944,1.8318689768617346e-17,57619,0.9992693182710878,1.0,7,True,0.00667060503935874,1.006692903078051,1.7852445756054285e-05,0.012118932013219518,234995337149.29968,52,4.33581097518093e-14,0.010188953619282765,10.951596401242279,0.7246975964353866,1.4254546478465984,7.546384179897766,0.9508339054407249,0.005973679799039134,0.23823192447886093,-6.157178548209866e-07,0.46463807251943257,199,1000
ct_w6_i1,6,adam,150,False,,0,0.0,-10.99994659766622,1.00005340233378,1.0292831861192944e-17,57619,0.9993516689683195,1.0,7,True,0.005981119069679149,1.0059990416769409,1.4312437160451406e-05,0.009715836992932174,305819251001.00604,52,2.9777078451392826e-14,0.009106403829003152,11.06622343072735,0.7202278251036376,1.4314905434633953,7.6770554616988465,0.9632196811714262,0.005272243132887779,0.23993915252520873,-4.326133326038418e-07,0.438528124604169,199,1000
ct_w6_i1,6,adam,175,False,,0,0.0,-10.999955889375222,1.0000441106247777,6.124273640575071e-18,57619,0.999417004462414,1.0,7,True,0.00542915283693488,1.0054439173947856,1.1789799672551657e-05,0.008003372906632503,386443446774.79736,52,2.1307383608555497e-14,0.008234098763443005,11.16882549478044,0.7163009990822146,1.4368856760345583,7.793510704879128,0.9741595085432906,0.004715820053383596,0.2411638505687699,-3.172095916407647e-07,0.41804834848038486,199,1000
ct_w6_i1,6,adam,200,False,,0,0.0,-10.999962813489761,1.000037186510239,3.8221625019680995e-18,57619,0.9994700551673786,1.0,7,True,0.004977208579121261,1.004989615457074,9.918966541769694e-06,0.006733378877252169,476929378288.8845,52,1.576236018104583e-14,0.007517532641511657,11.261632566322291,0.7128070704326818,1.4417584500306093,7.898460469203869,0.9839410881120796,0.004263878492390244,0.24208947180924656,-2.4044897200741354e-07,0.40134090532857114,199,1000
ct_w6_i1,6,adam,225,False,,0,0.0,-10.999968131142106,1.000031868857894,2.4830753591077047e-18,57619,0.9995139718705017,1.0,7,True,0.004600170245706405,1.004610767271995,8.487338570980192e-06,0.005761534330947494,577327905177.3417,52,1.1984399247194265e-14,0.006918928112191575,11.3463310767633,0.7096650394398548,1.4461988630201483,7.993935401921937,0.9927771477059409,0.003890406504392258,0.2428187221175476,-1.8722346394162712e-07,0.3872968449092774,199,1000
ct_w6_i1,6,adam,250,False,,0,0.0,-10.999972316652334,1.0000276833476658,1.6689688191882892e-18,57619,0.9995509270179518,1.0,7,True,0.004280614689807048,1.0042897896076264,7.363625808589375e-06,0.0049987145607105175,687682182127.826,52,9.323356283669006e-15,0.006411505993908681,11.424224840945872,0.7068137064905992,1.450276659967451,8.081493618920204,1.0008291123475663,0.0035771580240897415,0.2434117867503431,-1.4904576715324676e-07,0.3752205244789457,199,1000
ct_w6_i1,6,adam,275,False,,0,0.0,-10.999975679022747,1.0000243209772535,1.1549337453514039e-18,57619,0.9995824611272924,1.0,7,True,0.00400611183911595,1.0040141470315265,6.462882969520127e-06,0.004387255415154924,808119218398.727,52,7.394807105960566e-15,0.005975885738678206,11.496336841740646,0.7042059603806401,1.4540466152885685,8.162350301008093,1.008221728001447,0.0033109779309664507,0.24390617985989077,-1.2087838788019122e-07,0.36465135587950964,199,1000
ct_w6_i1,6,adam,300,False,,0,0.0,-10.99997842707476,1.00002157292524,8.195879339387162e-19,57619,0.9996096941371925,1.0,7,True,0.003767572152008613,1.003774678373567,5.728010874343999e-06,0.0038883957585260026,938673504763.7457,52,5.963473614875624e-15,0.005597754678641426,11.563481241453887,0.7018049108160541,1.457552330260032,8.237467800399346,1.0150530183452222,0.003082195190952852,0.24432654531723463,-9.95952401256061e-08,0.3552703230936861,199,1000
ct_w6_i1,6,adam,325,False,,0,0.0,-10.99998070636097,1.0000192936390295,5.945088737741698e-19,57619,0.9996334584515907,1.0,7,True,0.003558201869133877,1.003564539784369,5.119379694188398e-06,0.0034752333272143215,538087275489.31854,51,9.78714879835877e-15,0.005266340231717428,11.626314918104573,0.6995812138420845,1.460828974231904,8.307619305452215,1.0214012049314296,0.0028835704000781757,0.2446897688354116,-8.31822753184247e-08,0.34684817082467106,199,1000
ct_w6_i1,6,adam,350,False,,0,0.0,-10.999982621052773,1.000017378947227,4.396291452334989e-19,57619,0.9996543850312624,1.0,7,True,0.0033728238640128383,1.0033785182346582,4.608724760379054e-06,0.003128580968785963,612541316992.5474,51,8.119275960644815e-15,0.004973391989959305,11.685374626283574,0.6975111930920187,1.463905270797662,8.373434316852766,1.027329588519236,0.002709591917345241,0.2450078439890106,-7.029959551136284e-08,0.33921504745113723,199,1000
ct_w6_i1,6,adam,375,False,,0,0.0,-10.999984247429202,1.000015752570798,3.306853738022964e-19,57619,0.9996729605556681,1.0,7,True,0.003207424627753755,1.0032125739179734,4.175408709784399e-06,0.0028344292413895905,692016581682.3434,51,6.809794480298382e-15,0.004712490698215376,11.741104094595855,0.6955754980414467,1.4668049500578884,8.435431568876098,1.0328900475788487,0.002555997533596002,0.2452895240752313,-6.003070483437747e-08,0.3322418391150659,199,1000
ct_w6_i1,6,adam,400,False,,0,0.0,-10.999985642470776,1.0000143575292242,2.525416800449433e-19,57619,0.9996895662899132,1.0,7,True,0.003058844843083989,1.0030635278826507,3.804052453764488e-06,0.0025823382236721546,776447063979.1259,51,5.768030164388728e-15,0.004478570086082663,11.793874049161694,0.6937581296279826,1.4695478235461037,8.494043213401254,1.0381255868829835,0.002419443979621876,0.24554136756124975,-5.173332853263459e-08,0.32582825156307327,199,1000
ct_w6_i1,6,adam,425,False,,0,0.0,-10.999986849496281,1.0000131505037189,1.9550309146948223e-19,57619,0.9997045050926823,1.0,7,True,0.0029245634195960725,1.0029288441272435,3.4829880652705963e-06,0.002364387274586994,866059286059.6313,51,4.92758392457765e-15,0.0042675798157186355,11.843997213101085,0.6920457211726679,1.4721505902130871,8.549632846838476,1.0430722236454049,0.002297274585645103,0.24576839654462054,-4.494764548056722e-08,0.3198949011624198,199,1000
ct_w6_i1,6,adam,450,False,,0,0.0,-10.999987901955176,1.0000120980448237,1.5321096183685133e-19,57619,0.9997180205567868,1.0,7,True,0.0028025437860368816,1.0028064745830925,3.20322171794866e-06,0.0021744710362681355,960795067041.7307,51,4.2425735670060015e-15,0.004076243754741006,11.891739691095788,0.6904269996221546,1.4746274483206978,8.602509135666045,1.0477604043373103,0.0021873532655307466,0.24597452616943177,-3.9338160967576306e-08,0.31437792688956473,199,1000
ct_w6_i1,6,adam,475,False,,0,0.0,-10.999988826037882,1.0000111739621182,1.2140506673088677e-19,57619,0.99973031082118,1.0,7,True,0.002691122516280231,1.0026947468369134,2.957722035635818e-06,0.0020078163380900247,294306670095.7686,50,1.3257884259082857e-14,0.003901883768805782,11.937329723960202,0.6888923761720344,1.4769905661934448,8.652936254658664,1.0522160838452195,0.002087943948222704,0.24616285730948406,-3.4655910622742845e-08,0.30922522383503637,199,1000
ct_w6_i1,6,adam,500,False,,0,0.0,-10.99998964250881,1.00001035749119,9.717560481699498e-20,57619,0.9997415387006102,1.0,7,True,0.0025889273252416778,1.0025922814915291,2.740921761874212e-06,0.001860643910621746,324581225194.74866,50,1.1529592808444721e-14,0.0037422893597615506,11.980964497237682,0.6874336311287338,1.4792504481231732,8.701141979511593,1.05646155807546,0.0019976218091846444,0.24633588826780167,-3.071331211536143e-08,0.30439375100641636,199,1000
ct_w6_i1,6,adam,525,False,,0,0.0,-10.999990368017238,1.0000096319827616,7.850007079920243e-20,57619,0.999751839226311,1.0,7,True,0.0024948157911812833,1.0024979304337118,2.5483621406695354e-06,0.0017299269775046472,356485505289.16425,50,1.008630037007802e-14,0.003595619883925547,12.02281549789525,0.6860436684138322,1.4814162222638119,8.74732403454064,1.0605161139311203,0.0019152069011580165,0.24649563260545954,-2.7367075384599373e-08,0.29984755415846415,199,1000
ct_w6_i1,6,adam,550,False,,0,0.0,-10.999991016050185,1.0000089839498152,6.395008817718459e-20,57619,0.9997613253367749,1.0,7,True,0.0024078289414139124,1.0024107300895417,2.3764350368524894e-06,0.0016132161967601145,390054095678.6291,50,8.871411159921471e-15,0.0034603302573764675,12.06303277107527,0.6847163221675551,1.4834958692467046,8.791655124025441,1.0643965423831194,0.0018397140511806807,0.24664376620609899,-2.450637186253417e-08,0.2955562995847044,199,1000
ct_w6_i1,6,adam,575,False,,0,0.0,-10.999991597635477,1.0000084023645233,5.250204104763804e-20,57619,0.9997700922255643,1.0,7,True,0.002327155666661083,1.0023298655951436,2.2221928885755874e-06,0.00150851064917951,425303699224.54346,50,7.8417231259872e-15,0.003335113853777007,12.101748337004983,0.6834462028841447,1.4854964057748987,8.83428696010767,1.06811754743604,0.001770314458353899,0.2467816757275134,-2.2044499105114624e-08,0.2914941730525425,199,1000
ct_w6_i1,6,adam,600,False,,0,0.0,-10.99999212186739,1.0000078781326103,4.341247025895762e-20,57619,0.9997782207015122,1.0,7,True,0.0022521051252926945,1.002254643018884,2.083206962996919e-06,0.0014141616167893094,462253757027.183,50,6.963400706338453e-15,0.0032188581381906896,12.139078956013241,0.6822285737951366,1.487424032998772,8.875353515669742,1.0716920753004793,0.001706306007099649,0.2469105381079301,-1.991292049673439e-08,0.28763902106878203,199,1000
ct_w6_i1,6,adam,625,False,,0,0.0,-10.999992596304828,1.0000074036951716,3.613467885663181e-20,57619,0.999785779813216,1.0,7,True,0.002182085119538612,1.0021844675998828,1.957460038170382e-06,0.0013287997311593012,500931665659.8148,50,6.209649050965876e-15,0.0031106098422632247,12.175128384124406,0.6810592507147775,1.4892842574309806,8.914973672845457,1.0751315815519256,0.0016470899584554168,0.2470313127955633,-1.8056937051043784e-08,0.2839717159570637,199,1000
ct_w6_i1,6,adam,650,False,,0,0.0,-10.999993027276057,1.0000069727239431,3.026203506634324e-20,57619,0.9997928289190494,1.0,7,True,0.002116584986178128,1.002118826533376,1.8432644517161637e-06,0.0012512793416642612,541368751265.23486,50,5.559144982750285e-15,0.0030095473774139174,12.209989230416886,0.6799345202348164,1.4910819906243278,8.953253398692894,1.0784462497070213,0.0015921528419098037,0.24714486483388695,-1.6432508523772204e-08,0.28047559772498515,199,1000
ct_w6_i1,6,adam,675,False,,0,0.0,-10.99999342011465,1.0000065798853495,2.5488864307673834e-20,57619,0.9997994193344978,1.0,7,True,0.0020551619395527193,1.0020572752323234,1.7391986549666897e-06,0.001180635445979509,583599927894.4569,50,4.99478949808965e-15,0.0029149587909331103,12.243744494947304,0.6788510723936739,1.4928216316044667,8.990287543798555,1.0816451714167807,0.0015410516853339668,0.24725190110287673,-1.5003884789183243e-08,0.27713611283223877,199,1000
ct_w6_i1,6,adam,700,False,,0,0.0,-10.999993779343734,1.0000062206562657,2.158310851525629e-20,57619,0.9998055956539296,1.0,7,True,0.0019974300816034767,1.0019994262739325,1.6440577989413762e-06,0.0011160501459256348,627587175838.6644,50,4.503317027434467e-15,0.0028262240151537667,12.276468849634664,0.6778059448823095,1.494507135394533,9.026161338351422,1.084736496014816,0.0014934024945426146,0.24735306586921468,-1.3741826479228794e-08,0.27394042623915693,199,1000
ct_w6_i1,6,adam,725,False,,0,0.0,-10.999994108821403,1.0000058911785974,1.8366971235957435e-20,57619,0.9998113968204677,1.0,7,True,0.001943051480583769,1.0019449404283547,1.5568146665823454e-06,0.001056826126756113,673420985007.4178,50,4.072935813024118e-15,0.0027428004470786897,12.308229715499616,0.6767964764833828,1.4961420707402378,9.060951647509341,1.087727555509312,0.0014488706536284958,0.24744886958488052,-1.2622248728438887e-08,0.27087720418522987,199,1000
ct_w6_i1,6,adam,750,False,,0,0.0,-10.999994411856179,1.0000055881438215,1.5703056201720505e-20,57619,0.9998168569965469,1.0,7,True,0.0018917288926061158,1.0018935193405436,1.4765888124233223e-06,0.001002365707968623,721127167028.1709,50,3.694509514507313e-15,0.002664211179755282,12.339088169636515,0.6758202680230615,1.4977296685963428,9.094728027382608,1.0906249695516093,0.0014071633836294786,0.24753981944442852,-1.1625183664865403e-08,0.2679363786437704,199,1000
ct_w6_i1,6,adam,775,False,,0,0.0,-10.999994691299616,1.0000053087003842,1.3484331060630847e-20,57619,0.9998220062787198,1.0,7,True,0.0018431997689319593,1.0018448995057838,1.40262168815813e-06,0.0009521539575769866,770637134017.2037,50,3.360901254820486e-15,0.002590035310729683,12.369099716107684,0.6748751493994847,1.499272863372817,9.127553620920844,1.09343473419716,0.0013680233216886893,0.24762631307103478,-1.0733973546148747e-08,0.265108954325416,199,1000
ct_w6_i1,6,adam,800,False,,0,0.0,-10.999994949621,1.0000050503790003,1.1626786459244609e-20,57619,0.9998268712875102,1.0,7,True,0.0017972312983730843,1.0017988472864994,1.3342566992245546e-06,0.000905745153747431,822112031265.8925,50,3.065153927105034e-15,0.002519899921154947,12.398314943134954,0.6739591516027992,1.5007743280522592,9.159485920792799,1.0961622973315537,0.0013312233940739016,0.24770872921536993,-9.934642686499633e-09,0.26238687949797235,199,1000
ct_w6_i1,6,adam,825,False,,0,0.0,-10.99999518896805,1.0000048110319497,1.0064015138523164e-20,57619,0.9998314756573365,1.0,7,True,0.0017536162792334158,1.001755154763433,1.2709229701208363e-06,0.0008627517640662816,875552666479.3451,50,2.8021996736124912e-15,0.0024534733962389673,12.42678008552874,0.673070482847071,1.5022365041594243,9.190577421837581,1.0988126230984063,0.0012965624374536302,0.24778736465430093,-9.215402134100027e-09,0.2597629150504678,199,1000
ct_w6_i1,6,adam,850,False,,0,0.0,-10.999995411216576,1.0000045887834244,8.743172551529142e-21,57619,0.9998358404458034,1.0,7,True,0.001712169662045882,1.0017136362614245,1.2121220705901912e-06,0.0008228354347596165,930928113110.3319,50,2.5678243037573958e-15,0.0023904598338957243,12.454537510854651,0.6722075081246554,1.503661627799431,9.220876183469558,1.1013902471576873,0.0012638617471046703,0.24786255525679676,-8.566257249008375e-09,0.2572305070937451,199,1000
ct_w6_i1,6,adam,875,False,,0,0.0,-10.999995618011315,1.0000043819886848,7.621941486965261e-21,57619,0.9998399844774117,1.0,7,True,0.00167272563939782,1.0016741254253072,1.1574171020449492e-06,0.0007856995821350387,988317447639.4841,50,2.3581434722564324e-15,0.0023305943376681878,12.481626140204371,0.6713687316122794,1.5050517522168176,9.250426315659983,1.1038993242945927,0.0012329618730442856,0.24793453974307722,-7.978693647658256e-09,0.25478373838431484,199,1000
ct_w6_i1,6,adam,900,False,,0,0.0,-10.999995810799781,1.0000041892002187,6.6662330809380545e-21,57619,0.9998439246327403,1.0,7,True,0.0016351351927102035,1.0016364727551919,1.1064236621209417e-06,0.0007510832589710451,232440162212.07263,49,9.781610138231625e-15,0.002273639047225813,12.508081808220902,0.6705527814492236,1.5064087667017916,9.279268396639376,1.1063436696633642,0.0012037201564090141,0.24800353721087873,-7.445425089732077e-09,0.25241723517713227,199,1000
ct_w6_i1,6,adam,925,False,,0,0.0,-10.9999959908603,1.0000040091396993,5.8484318634149915e-21,57619,0.9998476760950025,1.0,7,True,0.001599263994612029,1.0016005434992719,1.0588023758927737e-06,0.0007187560844165157,244553830364.78064,49,9.075219733625516e-15,0.0022193797472601644,12.53393758409783,0.6697583965345735,1.5077344139475877,9.307439841814826,1.1087267946006445,0.0011760086706387289,0.24806979011927327,-6.960190328540546e-09,0.2501260853495384,199,1000
ct_w6_i1,6,adam,950,False,,0,0.0,-10.999996159325548,1.0000038406744522,5.146047047814566e-21,57619,0.9998512525586638,1.0,7,True,0.0015649906314108481,1.0015662158683272,1.0142526140468697e-06,0.0006885139796431383,257002386384.7803,49,8.434252398762746e-15,0.0021676229938535833,12.559224046996981,0.6689844150399203,1.5090303046095483,9.334975222009838,1.111051937817345,0.0011497121752163848,0.24813344258473113,-6.517586661791861e-09,0.24790585008108085,199,1000
ct_w6_i1,6,adam,975,False,,0,0.0,-10.999996317202289,1.0000036827977112,4.540668638460754e-21,57619,0.9998546664088179,1.0,7,True,0.001532205070727881,1.0015333794966612,9.725072337902585e-07,0.0006601755977704865,269786193069.1753,49,7.85137895428045e-15,0.002118193638418765,12.583969530934212,0.6682297643392361,1.5102979303948343,9.361906545158314,1.113322092780742,0.0011247268349791634,0.2481947037475279,-6.112934831690759e-09,0.24575239370205323,199,1000
ct_w6_i1,6,adam,999,False,,0,0.0,-10.999996459636344,1.0000035403636556,4.036687685026959e-21,57619,0.9998578011517697,1.0,7,True,0.0015020377768367493,1.001503166400586,9.34848749567899e-07,0.0006346115593049501,282374296368.0367,49,7.340552555356034e-15,0.002072783362771254,12.607240676367534,0.6675225643305759,1.5114895453556965,9.3872199001914,1.1154522838388974,0.0,,0.0,,199,1000
ct_w6_i1,6,armijo_gd,0,False,1.0,1,0.0,-10.99352170728252,1.00647829271748,9.002764747682835e-10,57619,0.9602423298155419,1.0,7,True,0.2157770953276441,1.2408257623122418,0.0014731038788385446,1.0,85639067.87613422,52,6.016753193410913e-09,0.5152691351244645,8.208860836484618,0.8547465942839202,1.260199855040109,4.260772502590869,0.607250769895426,0.010622703138474528,0.17127674714804664,-0.00011284182196815657,0.5661556662541569,199,1000
ct_w6_i1,6,armijo_gd,25,False,1.0,1,0.0,-10.995453139438446,1.004546860561554,4.603482810186133e-10,57619,0.9669432460390587,1.0,7,True,0.1830904922459019,1.2009230773903201,0.0010047730496241932,0.6820788839524321,125932873.54502507,52,3.490922278710132e-09,0.4396218738803138,8.337905890534742,0.8461860433388071,1.2671907673292317,4.443166548136147,0.6297522759853893,0.0072455215012487036,0.1837355071302491,-5.249758182505727e-05,0.4924205346343121,199,1000
ct_w6_i1,6,armijo_gd,50,False,1.0,1,0.0,-10.996463941794385,1.003536058205615,2.706247537997277e-10,57619,0.9712484162349451,1.0,7,True,0.1619444164679089,1.175794884671935,0.0007708016171608562,0.523250008525256,167402224.5208517,52,2.316032942938711e-09,0.38770906671151506,8.43691422704815,0.8397830411712702,1.2725354425901654,4.580587477876053,0.6465028555506811,0.005558329507768061,0.19079948869924857,-3.089502691692513e-05,0.45011648919198877,199,1000
ct_w6_i1,6,armijo_gd,75,False,1.0,1,0.0,-10.997095553324998,1.002904446675002,1.7415886693127196e-10,57619,0.9743164667919743,1.0,7,True,0.1467256702338981,1.1580362356411469,0.0006281323861326824,0.42640060565717036,210047837.66656786,52,1.663634098356966e-09,0.349442745028251,8.517884327067287,0.8346494995775336,1.2768945357149397,4.69149273619812,0.6598955092007645,0.004529527051961864,0.19543301268391866,-2.051661531445433e-05,0.422614635825419,199,1000
ct_w6_i1,6,armijo_gd,100,False,1.0,1,0.0,-10.997530698277371,1.0024693017226287,1.1944882113231963e-10,57619,0.9766410103091672,1.0,7,True,0.13507818552229375,1.1446262740559374,0.0005312808138320113,0.36065400510037,253796867.1892657,52,1.260199073367854e-09,0.3198345768555769,8.586651091592676,0.8303600648586195,1.2805879869724117,4.784715624259192,0.6710669657607952,0.003831120431883109,0.19875525779847125,-1.4677483763592221e-05,0.4030700250589139,199,1000
ct_w6_i1,6,armijo_gd,125,False,1.0,1,0.0,-10.997849890733375,1.0021501092666245,8.589780647118746e-11,57619,0.9784769895616356,1.0,7,True,0.12579016742933827,1.134044183909108,0.0004609278107567559,0.31289566023013277,298570099.5929765,52,9.917500846794827e-10,0.296106921554096,8.646552042506036,0.8266749154226886,1.2837985253390596,4.865240380517722,0.6806542854884216,0.003323797711941691,0.20128304789511375,-1.104763122990882e-05,0.3882813817370517,199,1000
ct_w6_i1,6,armijo_gd,150,False,1.0,1,0.0,-10.998094564508916,1.001905435491084,6.407531512311452e-11,57619,0.9799718427132083,1.0,7,True,0.11816023697823007,1.125424431530112,0.0004073709499836568,0.27653918765378904,344295090.5326014,52,8.033183576858085e-10,0.2765785666859361,8.699693812134223,0.823444617999585,1.2866413844074742,4.93617714539471,0.6890525967844272,0.002937593696601102,0.20328911787877066,-8.629456726310527e-06,0.37657046867953414,199,1000
ct_w6_i1,6,armijo_gd,175,False,1.0,1,0.0,-10.998288359215525,1.0017116407844746,4.921337510262418e-11,57619,0.981217657738157,1.0,7,True,0.11174892282283093,1.1182320628458016,0.00036516859692833464,0.24789059493635202,390908146.8540173,52,6.655443174547108e-10,0.2601666957854428,8.747498621173488,0.8205694437869433,1.2891942996048298,4.999605176540526,0.6965246418033607,0.002633268200828705,0.2049317397962888,-6.9341014174956445e-06,0.36697517793225265,199,1000
ct_w6_i1,6,armijo_gd,200,False,1.0,1,0.0,-10.998445800196397,1.0015541998036035,3.871069514220843e-11,57619,0.9822753063484587,1.0,7,True,0.10626447112213064,1.1121159601724244,0.0003310189052713633,0.2247084608400815,438353790.5395465,52,5.615086656076933e-10,0.24613945198993503,8.790975142592693,0.8179793910401032,1.2915123602917071,5.056986699340689,0.7032543020148283,0.0023870112722077148,0.2063095239396396,-5.697822813646692e-06,0.3589040536469409,199,1000
ct_w6_i1,6,armijo_gd,225,False,1.0,1,0.0,-10.998576327919587,1.0014236720804135,3.1059677503006115e-11,57619,0.9831868302136707,1.0,7,True,0.10150440564787629,1.1068347947055568,0.0003027963214125284,0.20554987720979012,486583501.50071114,52,4.808686242690706e-10,0.23398273895867422,8.830866352250352,0.8156233782217809,1.2936361127155296,5.1093908027800445,0.7093754335442954,0.0021834953257494918,0.2074873867618139,-4.767651837569879e-06,0.35197277281984224,199,1000
ct_w6_i1,6,armijo_gd,250,False,1.0,1,0.0,-10.998686354829731,1.0013136451702689,2.5342511013294668e-11,57619,0.9839823039451612,1.0,7,True,0.09732315812957695,1.1022165062988907,0.0002790678302940555,0.18944205789077415,535554646.07762396,52,4.169954343349933e-10,0.22332384225126242,8.86773623097963,0.8134629602104104,1.2955963102488828,5.157623686270909,0.7149885752107356,0.0020123867429153995,0.20850998069055351,-4.049700403061651e-06,0.34592015128284076,199,1000
ct_w6_i1,6,armijo_gd,275,False,1.0,1,0.0,-10.998780394763058,1.0012196052369422,2.097711531082212e-11,57619,0.9846838711627752,1.0,7,True,0.09361300948284743,1.0981346959634337,0.00025883074720982037,0.17570434164757825,585229560.675323,52,3.6547253883419173e-10,0.21388533334082893,8.90202352026677,0.8114684630930316,1.2974168577667995,5.202308830513718,0.7201711948997341,0.0018664550614633305,0.20940913751477844,-3.4836544964620843e-06,0.34056201417461024,199,1000
ct_w6_i1,6,armijo_gd,300,False,1.0,1,0.0,-10.998861720158354,1.001138279841646,1.7581352771943033e-11,57619,0.9853082346885502,1.0,7,True,0.09029230605373048,1.0944941642214017,0.00024136171258545684,0.16384568396884291,635574759.4293697,52,3.2326023508846117e-10,0.2054560461494302,8.934076574066909,0.8096164966936179,1.2991167200567448,5.2439386351320225,0.7249842664880963,0.0017404840613213335,0.21020823270255393,-3.029284767713603e-06,0.3357644192473532,199,1000
ct_w6_i1,6,armijo_gd,325,False,1.0,1,0.0,-10.998932763043346,1.0010672369566542,1.4896812099021636e-11,57619,0.9858682550312512,1.0,7,True,0.08729787524755742,1.0912216792390617,0.0002261253343996492,0.1535026400025066,686560038.752041,52,2.882080634087771e-10,0.19787213918258068,8.964176800075018,0.8078882930460917,1.3007112050077745,5.282908942920283,0.729476652941939,0.0016306129757187524,0.21092486609608865,-2.6588986765823647e-06,0.33142737588614796,199,1000
ct_w6_i1,6,armijo_gd,350,False,1.0,1,0.0,-10.998995369540086,1.0010046304599136,1.2744208844817929e-11,57619,0.9863740112675415,1.0,7,True,0.08457997674397216,1.0882598762331863,0.00021271660894664186,0.14440027753803508,738158351.5345722,52,2.587579691521495e-10,0.19100435595578436,8.992554919333006,0.8062685613599472,1.3022128533607065,5.319542856113429,0.7336881208405485,0.0015339212813998782,0.21157257461361959,-2.3529144975314445e-06,0.3274745470155212,199,1000
ct_w6_i1,6,armijo_gd,375,False,1.0,1,0.0,-10.999050966893588,1.0009490331064121,1.0996332510948587e-11,57619,0.9868335254951223,1.0,7,True,0.08209884370161648,1.085563105602402,0.00020082335386190336,0.13632667508841312,790345255.6499995,52,2.337576201033632e-10,0.18474922602072807,9.01940254399378,0.8047446776470631,1.3036320720200283,5.354107609623221,0.7376514700349123,0.0014481577993194835,0.21216196337460366,-2.0971610117298495e-06,0.32384651191829333,199,1000
ct_w6_i1,6,armijo_gd,400,False,1.0,1,0.0,-10.999100676284877,1.0008993237151227,9.561114911211576e-12,57619,0.9872532699171351,1.0,7,True,0.0798222537243581,1.0830945345447587,0.00019020096211149918,0.1291157839197745,843098312.906956,52,2.1233922933192688e-10,0.17902284601371077,9.044880609878213,0.8033060978759209,1.304977595133306,5.386826803337357,0.7413940734212376,0.0013715586430711876,0.21270147496987246,-1.8811731113832772e-06,0.3204962266819185,199,1000
ct_w6_i1,6,armijo_gd,425,False,1.0,1,0.0,-10.99914539095252,1.0008546090474795,8.370737087471118e-12,57619,0.9876385295352861,1.0,7,True,0.07772378565628076,1.0808240783224243,0.00018065499453045786,0.12263561119185543,896396949.4449406,52,1.9383867171094795e-10,0.17375639400615303,9.069125640561468,0.8019439243974806,1.3062568264560936,5.417889449567236,0.744939012933004,0.0013027216918964648,0.21319792571283602,-1.6970838065375878e-06,0.317385886073049,199,1000
ct_w6_i1,6,armijo_gd,450,False,1.0,1,0.0,-10.999185831488601,1.0008141685113987,7.374447777659427e-12,57619,0.9879936665681046,1.0,7,True,0.07578154444871983,1.0787268945370336,0.00017202890455052686,0.11677988702749292,950222592.6127286,52,1.7774028574611195e-10,0.1688928351333977,9.09225448207905,0.8006505799106374,1.3074760980135114,5.447456784014972,0.7483059326723557,0.0012405180724376502,0.21365688795717466,-1.538885088044423e-06,0.3144847043386213,199,1000
ct_w6_i1,6,armijo_gd,475,False,1.0,1,0.0,-10.999222585744791,1.000777414255209,6.533724310543242e-12,57619,0.988322316527404,1.0,7,True,0.07397721245473762,1.0767822679919765,0.00016419520840421666,0.11146207050494965,1004557598.7003877,52,1.636386633917714e-10,0.1643844627513789,9.114367937204204,0.7994195584247801,1.3086408685545152,5.475667474048382,0.7515116898045116,0.0011840284861737978,0.21408296795465415,-1.4019234560710153e-06,0.3117673142952435,199,1000
ct_w6_i1,6,armijo_gd,500,False,1.0,1,0.0,-10.999256138133568,1.0007438618664324,5.818947264782264e-12,57619,0.9886275358486223,1.0,7,True,0.07229533278658667,1.0749727718923117,0.0001570490206222965,0.10661096130309586,1059386115.0138195,52,1.512111911632287e-10,0.16019103635302484,9.135553593703817,0.7982452323547241,1.3097558779209002,5.502641657534673,0.7545708582086734,0.0011324965932301828,0.21448001161252536,-1.2825485336779704e-06,0.3092125906293319,199,1000
ct_w6_i1,6,armijo_gd,525,False,1.0,1,0.0,-10.999286891479494,1.0007131085205057,5.20707445695686e-12,57619,0.9889119145826175,1.0,7,True,0.07072276051546376,1.0732836280175333,0.00015050324553884836,0.10216743550869697,1114693361.2793791,52,1.4019851393848751e-10,0.15627835274846655,9.155888052762586,0.7971227012019891,1.3108252686202886,5.528484114498628,0.7574961231712289,0.0010852943378281293,0.21485125885366763,-1.1778637997217977e-06,0.3068027717981313,199,1000
ct_w6_i1,6,armijo_gd,550,False,1.0,1,0.0,-10.99931518354443,1.0006848164555695,4.6799875056782e-12,57619,0.9891776634953379,1.0,7,True,0.06924823716694871,1.0717022124520588,0.0001444849491431394,0.09808198268886321,1170465238.5773926,52,1.3039014870848568e-10,0.1526171365162194,9.175438704551526,0.7960476714977688,1.3118526826476855,5.553286786301819,0.7602985942613655,0.0010418957853367916,0.21519946144251795,-1.0855468275025698e-06,0.304522794461864,199,1000
ct_w6_i1,6,armijo_gd,575,False,1.0,1,0.0,-10.999341299684506,1.000658700315494,4.223299077909251e-12,57619,0.9894266821550943,1.0,7,True,0.06786205707313421,1.0702176693384289,0.00013893258613776664,0.09431282351065885,1226688884.3544347,52,1.2161369588662685e-10,0.1491821689293858,9.194265157437851,0.7950163605579413,1.312841339383759,5.577130797375332,0.7629880559486412,0.0010018571263050702,0.2155269739278964,-1.0037177015282533e-06,0.30235978246125633,199,1000
ct_w6_i1,6,armijo_gd,600,False,1.0,1,0.0,-10.999365482657645,1.0006345173423554,3.825480784698557e-12,57619,0.9896606127129651,1.0,7,True,0.06655580304103159,1.0688206058511855,0.00013379385517507984,0.09082445379247008,1283351884.2730935,52,1.1372687336010502e-10,0.14595159721917825,9.212420399142617,0.7940254185938682,1.3137940988533214,5.600088093137725,0.7655731702725818,0.0009648012103515067,0.2158358246549891,-9.308413754957323e-07,0.30030264978094384,199,1000
ct_w6_i1,6,armijo_gd,625,False,1.0,1,0.0,-10.999387940303937,1.0006120596960635,3.477217570607304e-12,57619,0.9898808827890343,1.0,7,True,0.06532213494856914,1.0675028489776133,0.000129024022167685,0.08758650630219833,1340443607.987113,52,1.0661125982793588e-10,0.14290638177580994,9.22995174818376,0.7930718651296781,1.3147135135346064,5.622222778493811,0.7680616421735857,0.0009304054553843814,0.21612777187388907,-8.656543114090181e-07,0.29834178858290483,199,1000
ct_w6_i1,6,armijo_gd,650,False,1.0,1,0.0,-10.999408851619132,1.0005911483808685,3.1709242729303513e-12,57619,0.9900887399732725,1.0,7,True,0.06415461918991011,1.0662572498488134,0.00012458459656339586,0.08457285216139913,1397952510.7741885,52,1.0016781605984841e-10,0.14002984995963216,9.24690163962167,0.7921530366821918,1.3156018711260011,5.643592220405427,0.7704603554526225,0.0008983923020846368,0.21640434836076616,-8.071087284449335e-07,0.29646882111399514,199,1000
ct_w6_i1,6,armijo_gd,675,False,1.0,1,0.0,-10.999428371601049,1.0005716283989514,2.9003797591177894e-12,57619,0.9902852798068477,1.0,7,True,0.06304758996542599,1.0650775250278204,0.0001204422764096895,0.08176088471415276,1455868459.2934847,52,9.431300763426897e-11,0.13730733311583782,9.263308278674527,0.7912665433902399,1.3164612301048193,5.664247962820671,0.7727754854094331,0.0008685216066574847,0.21666689750835336,-7.543297812308986e-07,0.29467640154066765,199,1000
ct_w6_i1,6,armijo_gd,700,False,1.0,1,0.0,-10.999446635148894,1.0005533648511058,2.6604473079345665e-12,57619,0.9904714686475906,1.0,7,True,0.06199603562488431,1.063958126790551,0.00011656810086623377,0.07913094421972525,1514182626.128002,52,8.897597078589727e-11,0.1347258691068783,9.279206188081348,0.7904102328162494,1.3172934494920672,5.684236491087541,0.775012592803105,0.0008405845295133282,0.21691660242781027,-7.065823512571433e-07,0.29295805500805866,199,1000
ct_w6_i1,6,armijo_gd,725,False,1.0,1,0.0,-10.999463760224982,1.000536239775018,2.4468589372176835e-12,57619,0.9906481624862593,1.0,7,True,0.06099550489100779,1.0628941363514668,0.00011293676378326811,0.07666585188297248,1572885534.0782425,52,8.409636556887097e-11,0.13227395687183274,9.294626669345172,0.7895821595420074,1.3181002139228541,5.703599874662914,0.7771767027333661,0.0008143985854110751,0.2171545098734526,-6.632450559195603e-07,0.29130804729629645,199,1000
ct_w6_i1,6,armijo_gd,750,False,1.0,1,0.0,-10.999479850437016,1.000520149562984,2.256047624960899e-12,57619,0.9908161225323878,1.0,7,True,0.060042028982845996,1.0618811753932056,0.0001095260536764207,0.0743505296875435,1631968835.6322205,52,7.962244730449233e-11,0.12994135261770018,9.309598193678214,0.7887805594793146,1.318883054886441,5.722376310701036,0.7792723712587353,0.000789803605059112,0.21738154980035454,-6.237897345643698e-07,0.28972127699333455,199,1000
ct_w6_i1,6,armijo_gd,775,False,1.0,1,0.0,-10.99949499716101,1.00050500283899,2.085015739770934e-12,57619,0.9909760282032476,1.0,7,True,0.05913205655210891,1.060915332310815,0.00010631639392667348,0.07217168826579812,1691424089.0496738,52,7.550968464966041e-11,0.12771889957298,9.324146735148377,0.7880038280450136,1.3196433688180933,5.740600586327668,0.7813037419692338,0.000766658419450099,0.21759855180839816,-5.87765132113724e-07,0.28819318684064016,199,1000
ct_w6_i1,6,armijo_gd,800,False,1.0,1,0.0,-10.9995092812979,1.0004907187020997,1.9312310885559807e-12,57619,0.9911284880109,1.0,7,True,0.05826239901496741,1.0599931003669063,0.00010329046253817872,0.07011756877567735,1751243704.278375,52,7.171953547744437e-11,0.125598384978644,9.338296056027271,0.7872505015225348,1.3203824325885565,5.75830447380753,0.7832745942800678,0.0007448381178955913,0.21780625850574217,-5.547838218702469e-07,0.2867196898810916,199,1000
ct_w6_i1,6,armijo_gd,825,False,1.0,1,0.0,-10.999522774735341,1.0004772252646585,1.7925442033905618e-12,57619,0.9912740487366739,1.0,7,True,0.05743018437352826,1.0591113255528037,0.0001004328761621374,0.06817772840386707,1811420510.5151894,52,6.821851613623104e-11,0.12357241932608032,9.35206795235913,0.7865192410675499,1.3211014168284434,5.775517069978495,0.7851883848588636,0.0007242317694898228,0.21800533713061074,-5.245116559383598e-07,0.285297107375913,199,1000
ct_w6_i1,6,armijo_gd,850,False,1.0,1,0.0,-10.999535541571037,1.0004644584289633,1.6671220896132173e-12,57619,0.9914132032014897,1.0,7,True,0.056632818014025886,1.0582671624092124,9.772992579940185e-05,0.0663428609504824,1871947302.0957036,52,6.497743485748856e-11,0.12163433387857503,9.365482466242131,0.785808818920127,1.321801397441712,5.792265089137759,0.7870482833254887,0.0007047405172340688,0.21819638909972272,-4.966591966313427e-07,0.2839221169478207,199,1000
ct_w6_i1,6,armijo_gd,875,False,1.0,1,0.0,-10.999547639141875,1.0004523608581248,1.5533948257641609e-12,57619,0.991546396878577,1.0,7,True,0.055867949269504204,1.0574580364103718,9.516935463635896e-05,0.06460464601545572,1932817509.8890395,52,6.197072030147254e-11,0.1197780932991223,9.378558070108975,0.7851181064678003,1.3224833655962422,5.8085731168475885,0.7888572031495206,0.0006862759759884174,0.2183799580936245,-4.7097471521885494e-07,0.28259170809175815,199,1000
ct_w6_i1,6,armijo_gd,900,False,1.0,1,0.0,-10.999559118893846,1.0004408811061545,1.4500122669774407e-12,57619,0.9916740335462771,1.0,7,True,0.05513344277303497,1.0566816117922546,9.274017040950947e-05,0.06295562162434166,1994024824.5273757,52,5.917590361949892e-11,0.11799822083112023,9.39131182733886,0.784446063869163,1.323148236427762,5.824463830765537,0.7906178285004148,0.0006687588794135092,0.21855653708532474,-4.4723843879441253e-07,0.28130314488714514,199,1000
ct_w6_i1,6,armijo_gd,925,False,1.0,1,0.0,-10.999570027120821,1.0004299728791786,1.3558087431727793e-12,57619,0.9917964801409093,1.0,7,True,0.054427353811614815,1.055935763918895,9.043248625385546e-05,0.061389076190034975,2055562958.6349542,52,5.657318034054667e-11,0.11628973396020294,9.403759532762725,0.7837917309996215,1.3237968566510803,5.839958193512015,0.7923326376698935,0.0006521179323119364,0.21872657432591713,-4.2525779764279534e-07,0.28005393384697386,199,1000
ct_w6_i1,6,armijo_gd,950,False,1.0,1,0.0,-10.999580405594793,1.0004195944052068,1.2697741226906314e-12,57619,0.9919140709397912,1.0,7,True,0.053747907037072586,1.0552185554500586,8.823738484909255e-05,0.05989895628994102,2117425710.8940244,52,5.414503483151107e-11,0.11464808886949404,9.41591583602314,0.783154219521777,1.3244300112397853,5.855075621733694,0.7940039235796934,0.000636288830972505,0.21889047839326028,-4.0486347642035704e-07,0.27884179609041193,199,1000
ct_w6_i1,6,armijo_gd,975,False,1.0,1,0.0,-10.999590292105701,1.000409707894299,1.1910299739415505e-12,57619,0.9920271111805861,1.0,7,True,0.05309347800776828,1.0545282157089328,8.614680225990648e-05,0.05847978781226762,2179608626.667899,52,5.187588768191746e-11,0.1130691323075623,9.427794350240767,0.7825327059173672,1.3250484293082507,5.869834134799008,0.7956338117981303,0.0006212134255306998,0.21904862255845242,-3.859061200595863e-07,0.2776646439243786,199,1000
ct_w6_i1,6,armijo_gd,999,False,,0,0.0,-10.999599352160079,1.0004006478399212,1.1215820768623696e-12,57619,0.9921316081664681,1.0,7,True,0.052487378961165364,1.0538892608173114,8.423138211065925e-05,0.057179526386876886,2239599017.311369,52,4.983426763483782e-11,0.11160877682341455,9.438948151491859,0.7819503931830307,1.325628876747532,5.883680202192922,0.797161391306259,0.0,,0.0,,199,1000
ct_w6_i1,6,damped_natural,0,False,1.0,1,0.0,-10.99352170728252,1.00647829271748,9.002764747682835e-10,57619,0.9602423298155419,1.0,7,True,0.2157770953276441,1.2408257623122418,0.0014731038788385446,1.0,85639067.87613422,52,6.016753193410913e-09,0.5152691351244645,8.208860836484618,0.8547465942839202,1.260199855040109,4.260772502590869,0.607250769895426,4.749947659289957,0.9655778842811269,-0.010129857829840345,0.9999985322270315,199,500
ct_w6_i1,6,damped_natural,25,True,,0,0.0,-11.956695480988792,0.04330451901120824,0.9566954929789612,64512,0.9566954929789612,0.0,0,True,0.18590932534979954,1.2043130547616416,0.05248524114502933,35.62901564444379,790798018258.3912,40,4.373512502814777e-12,3.4585650200542224,31.494210006127915,0.8097333007383146,4.580278359597338,18.480741828098285,0.7246806759592328,0.0,,0.0,,199,500
ct_w6_i1,6,diagonal_fisher,0,False,1.0,1,0.0,-10.99352170728252,1.00647829271748,9.002764747682835e-10,57619,0.9602423298155419,1.0,7,True,0.2157770953276441,1.2408257623122418,0.0014731038788385446,1.0,85639067.87613422,52,6.016753193410913e-09,0.5152691351244645,8.208860836484618,0.8547465942839202,1.260199855040109,4.260772502590869,0.607250769895426,6.406353678896287,0.29295799795694943,-0.03511087230210607,0.8906839208690919,199,1000
ct_w6_i1,6,diagonal_fisher,25,False,1.0,1,0.0,-10.999982714102396,1.000017285897604,1.7375513482762708e-29,57619,0.9728521433863143,1.0,7,True,0.1381734166884577,1.1481746456552695,1.3364329838436772e-05,0.009072225000842274,923434052100.9894,22,4.673297588255801e-13,0.4315482128596835,16.517544666264435,0.5809480596127755,1.7234629373855603,13.444300740806462,1.4010557713264866,0.02730535242538693,0.16439921412747038,-2.773867196920129e-07,0.0451287771278139,199,1000
ct_w6_i1,6,diagonal_fisher,50,False,1.0,1,0.0,-10.99998817245754,1.00001182754246,3.902986101262645e-30,57619,0.9756442671591665,1.0,7,True,0.12528922799799125,1.1334762387254436,9.159742102670762e-06,0.006217987905844547,854360273616.9847,21,4.727830662033006e-13,0.4039270698029289,16.889891537735274,0.5728450108741096,1.7377334008939038,13.844031118370486,1.430864705140585,0.013410539957927983,0.17031757311262927,-1.6978359700023293e-07,0.04258496839052097,199,1000
ct_w6_i1,6,diagonal_fisher,75,False,1.0,1,0.0,-10.999991615550952,1.000008384449048,1.5426484885161696e-30,57619,0.9775937893359917,1.0,7,True,0.11593524241672039,1.1229231519891583,6.499960511053074e-06,0.004412425087209674,286093533943.2334,20,1.3445101756628124e-12,0.3846556675780115,17.10783164917963,0.5682989565709209,1.7461879206536695,14.076702875863077,1.447868492077377,0.009038587827844745,0.17151842938395936,-1.1058603424846756e-07,0.04076866424505239,199,1000
ct_w6_i1,6,diagonal_fisher,100,False,1.0,1,0.0,-10.999993906574492,1.0000060934255082,7.727391213406526e-31,57619,0.9789954507481443,1.0,7,True,0.10897396079329444,1.1151333127765561,4.727132974557702e-06,0.0032089610532318787,302060451620.8807,20,1.2275990948256585e-12,0.37080913699242274,17.263481556517682,0.5651385205606491,1.7522757413565317,14.242303780150253,1.4598120670270096,0.0069310771633856565,0.1704708398133334,-7.528256954337833e-08,0.039423298680527165,199,1000
ct_w6_i1,6,diagonal_fisher,125,False,1.0,1,0.0,-10.999995491056866,1.0000045089431335,4.417531843573462e-31,57619,0.9800245356389402,1.0,7,True,0.10370099811182353,1.1092687318798198,3.499576227256701e-06,0.002375647961782512,314661899541.7266,20,1.1461467718818834e-12,0.36064872039397144,17.38515487688895,0.5627173162888192,1.7570656834722602,14.371427757752697,1.4690313784321885,0.0057108183828706634,0.16801228404697532,-5.2948560445192264e-08,0.03841055350100812,199,1000
ct_w6_i1,6,diagonal_fisher,150,False,1.0,1,0.0,-10.999996618814379,1.0000033811856213,2.7480198250458264e-31,57619,0.9807917385306247,1.0,7,True,0.09965516930968374,1.1047898869244432,2.625101454520226e-06,0.0017820205976173,325361646607.6372,20,1.0851839216213205e-12,0.353077227610846,17.485415661953798,0.5607543932290466,1.761034234015752,14.477612789982341,1.4765505221565267,0.004927830832888965,0.16462081928247732,-3.816433399679049e-08,0.03764018147513861,199,1000
ct_w6_i1,6,diagonal_fisher,175,False,1.0,1,0.0,-10.99999743908031,1.0000025609196896,1.812689727187512e-31,57619,0.9813702542959122,1.0,7,True,0.09652127500831531,1.1013330117635332,1.988648503446469e-06,0.0013499716700321237,334861406217.9261,20,1.037353955537272e-12,0.3473698042969388,17.570963464164233,0.5591022744177264,1.7644363152487295,14.568062885345137,1.4829106110857957,0.004391311039157584,0.16062321976327898,-2.8025340703081627e-08,0.03704981519399434,199,1000
ct_w6_i1,6,diagonal_fisher,200,False,1.0,1,0.0,-10.999998045630964,1.0000019543690364,1.2482231839117763e-31,57619,0.9818102451643164,1.0,7,True,0.09407653787170082,1.0986438305598512,1.5177929792287704e-06,0.0010303366931770355,343530234865.50415,20,9.985441825233728e-13,0.34303011754583707,17.645799443439152,0.5576739857233786,1.7674245290611106,14.647073583291101,1.4884324798484425,0.004006516918839397,0.15625917296829797,-2.0875712048952154e-08,0.03659488844563866,199,1000
ct_w6_i1,6,diagonal_fisher,225,False,1.0,1,0.0,-10.999998499871737,1.0000015001282634,8.881651840272488e-32,57619,0.9821470680413132,1.0,7,True,0.09215928802282451,1.0965394737752128,1.1650469429811897e-06,0.0007908790138410065,351575285787.1897,20,9.662470937393747e-13,0.3397085981224621,17.71250622869549,0.556413970419071,1.7700975247040749,14.717413979558644,1.4933220039916282,0.0037211124980400974,0.1517102726850916,-1.5721928902427536e-08,0.036242811834903625,199,1000
ct_w6_i1,6,diagonal_fisher,250,False,1.0,1,0.0,-10.999998843393021,1.000001156606979,6.48454304664623e-32,57619,0.9824062025449091,1.0,7,True,0.09064973066449729,1.0948854332924673,8.982112932747339e-07,0.000609740634165542,359116820240.47375,20,9.388407411121411e-13,0.3371535016604019,17.772847754368943,0.5552846062644881,1.772522708282714,14.78097351351604,1.497719154592282,0.0035038897868307417,0.14711510538423878,-1.1941620946223475e-08,0.035969348315511844,199,1000
ct_w6_i1,6,diagonal_fisher,275,False,1.0,1,0.0,-10.999999105157753,1.0000008948422465,4.8335149167199176e-32,57619,0.9826063344780835,1.0,7,True,0.08945762906354962,1.0935809962797893,6.948430916951643e-07,0.00047168641782615293,366235581434.61096,20,9.15204119768795e-13,0.335180312934876,17.828083343194837,0.554259237075631,1.774748216409316,14.839099956224151,1.501723458460691,0.0033350843676193,0.1425751210105983,-9.130321014752071e-09,0.03575624003502941,199,1000
ct_w6_i1,6,diagonal_fisher,300,False,1.0,1,0.0,-10.999999305800513,1.0000006941994872,3.664614603759833e-32,57619,0.982761358105286,1.0,7,True,0.08851412698032843,1.092549686929394,5.389413486345428e-07,0.0003658542729922524,372983361371.64087,20,8.945490077026621e-13,0.3336518958046048,17.87914260107961,0.5533183076879231,1.7768095562708064,14.892787582344239,1.5054081639235994,0.0032015721356604063,0.1381562774006712,-7.016769654420087e-09,0.035589593875182804,199,1000
ct_w6_i1,6,diagonal_fisher,325,False,1.0,1,0.0,-10.999999460298996,1.0000005397010039,2.818054314191666e-32,57619,0.9828817182472489,1.0,7,True,0.08776614750271146,1.0917327877352965,4.188848489540582e-07,0.0002843552684718502,379409168612.67267,20,8.762708631314291e-13,0.3324651996602046,17.92673073224471,0.5524470593875194,1.7787336230634958,14.942790314733479,1.5088287154420474,0.003094377325109046,0.1339059435498391,-5.4140817377189315e-09,0.035458750548814,199,1000
ct_w6_i1,6,diagonal_fisher,350,False,1.0,1,0.0,-10.999999579691035,1.0000004203089645,2.193180149967871e-32,57619,0.982975334568729,1.0,7,True,0.08717245184301627,1.0910848230836043,3.2610527813868065e-07,0.00022137290032512533,385555102123.75,20,8.599085059943758e-13,0.33154211184574284,17.9713963671903,0.5516340700225775,1.7805413225108502,14.989694391495494,1.512028142473619,0.003007125867316416,0.12985143791406437,-4.1905178798564906e-09,0.03535547015460018,199,1000
ct_w6_i1,6,diagonal_fisher,375,False,1.0,1,0.0,-10.999999672211406,1.0000003277885945,1.7244593006377827e-32,57619,0.9830482529527289,1.0,7,True,0.08670080126591795,1.0905703336362935,2.542078049607047e-07,0.00017256610929646898,391478794540.8864,20,8.450598615962924e-13,0.3308230159326049,18.01357371363765,0.5508703352943853,1.7822491658820658,15.033963654630485,1.5150404525582142,0.0029352582961521515,0.1260171913723112,-3.2513986869842884e-09,0.03527333804410114,199,1000
ct_w6_i1,6,diagonal_fisher,400,False,1.0,1,0.0,-10.999999744064741,1.0000002559352588,1.3679969683622783e-32,57619,0.9831051135530908,1.0,7,True,0.08632587275030336,1.090161524361846,1.9837269881128857e-07,0.00013466307547007052,397284124173.7893,20,8.312996818666351e-13,0.3302621660363358,18.05361204140558,0.5501486367776758,1.7838704022387755,15.075971138540128,1.5178929737755722,0.002875259528273313,0.12239509839307533,-2.5275664636936333e-09,0.035207313994944534,199,1000
ct_w6_i1,6,diagonal_fisher,425,False,1.0,1,0.0,-10.99999979996312,1.0000002000368795,1.0936650903157211e-32,57619,0.9831494926292387,1.0,7,True,0.08602770266627142,1.0898365192643253,1.549387572766947e-07,0.00010517843276528112,403226240295.382,20,8.179634099145455e-13,0.3298243104790326,18.091796612786002,0.5494631006352648,1.7854158357145724,15.116021426929235,1.5206079947981652,0.002824620567949714,0.11899927096229101,-1.967824756797747e-09,0.035153405299729185,199,1000
ct_w6_i1,6,diagonal_fisher,450,False,1.0,1,0.0,-10.99999984350784,1.0000001564921597,8.803482441113025e-33,57619,0.9831841555842947,1.0,7,True,0.08579050862754385,1.089578047193997,1.2110732861938437e-07,8.22123479267941e-05,410393918113.9535,20,8.02843753759349e-13,0.3294821937386133,18.128362240510647,0.5488089001793255,1.78689432506984,15.15436525642699,1.5232038687000997,0.0027812911273949925,0.11582261829597518,-1.533851006611979e-09,0.03510839826845632,199,1000
ct_w6_i1,6,diagonal_fisher,475,False,1.0,1,0.0,-10.999999877465093,1.0000001225349067,7.12962920025822e-33,57619,0.9832112463604225,1.0,7,True,0.08560178748628704,1.0893724401832474,9.472843296608509e-08,6.43053312986813e-05,430174732937.5228,20,7.653045663906405e-13,0.32921468746296045,18.163505573804986,0.5481820108198316,1.7883132906013772,15.191212510660812,1.525695931171343,0.002743668343413441,0.11285092499735926,-1.196700772243506e-09,0.03506966177681473,199,1000
ct_w6_i1,6,diagonal_fisher,500,False,1.0,1,0.0,-10.999999903968112,1.0000000960318882,5.805667285434926e-33,57619,0.9832324304780494,1.0,7,True,0.08545161843078326,1.0892088624352787,7.414387697824382e-08,5.033173698293558e-05,504996301751.4188,20,6.515005719460609e-13,0.32900537942169494,18.197391004395676,0.5475790695357116,1.789678906077067,15.226738691337923,1.5280970191100645,0.0027104776873140674,0.11008541416184676,-9.343528401751561e-10,0.03503499009202116,199,1000
ct_w6_i1,6,diagonal_fisher,525,False,1.0,1,0.0,-10.999999924667165,1.000000075332835,4.750996667297662e-33,57619,0.9832490038607986,1.0,7,True,0.08533212055660708,1.0890787120681846,5.8070773872583135e-08,3.942069171548751e-05,611649513830.5372,20,5.376306084325857e-13,0.32884150026820697,18.230158384177543,0.5469972281005702,1.790996431269754,15.26109301428793,1.5304180244215417,0.002680628222521663,0.10751614007361882,-7.299549571593417e-10,0.03500247190396533,199,1000
ct_w6_i1,6,diagonal_fisher,550,False,1.0,1,0.0,-10.999999940842118,1.0000000591578821,3.905542651797835e-33,57619,0.9832619761119028,1.0,7,True,0.08523702824278555,1.0889751539773875,4.551414100260549e-08,3.089676271743355e-05,742911851235.795,20,4.4246582136507616e-13,0.32871310245889535,18.261925270866083,0.546434088023828,1.792270259776734,15.294400981804168,1.5326681300830898,0.0026531757813169363,0.1051361483545922,-5.705496729090351e-10,0.03497038857402188,199,1000
ct_w6_i1,6,diagonal_fisher,575,False,1.0,1,0.0,-10.999999953487489,1.0000000465125112,3.223971708698677e-33,57619,0.9832721345448557,1.0,7,True,0.08516135719549649,1.0888927532047301,3.5700793543740075e-08,2.4235082166702354e-05,902388773999.0541,20,3.641583744265987e-13,0.3286124290403069,18.29279216136162,0.545887605685196,1.7935041541856775,15.326769828481583,1.5348551703740898,0.0026272441668433403,0.10293296881743645,-4.461371597496798e-10,0.0349371245690055,199,1000
ct_w6_i1,6,diagonal_fisher,600,False,1.0,1,0.0,-10.999999963377286,1.0000000366227138,2.671747881490422e-33,57619,0.9832800935965526,1.0,7,True,0.08510114089163875,1.0888271860819594,2.8028983319834443e-08,1.902716008183594e-05,429316075307.1589,19,7.652483694716465e-13,0.32853342661676993,18.32284343791666,0.5453560608802908,1.7947012607317794,15.358289637097167,1.536985741995183,0.0026020438575415604,0.10090715802354236,-3.489774331527908e-10,0.03490110777368042,199,1000
ct_w6_i1,6,diagonal_fisher,625,False,1.0,1,0.0,-10.999999971114622,1.0000000288853776,2.2222912451376162e-33,57619,0.9832863330756301,1.0,7,True,0.08505322199892262,1.0887750119389166,2.2029814844111084e-08,1.4954692035350753e-05,433064392331.14417,19,7.58481588938007e-13,0.32847136840779867,18.352150767688013,0.5448379973725846,1.7958642679814385,15.389036852921103,1.5390654300264923,0.002576783266560489,0.09905757040773007,-2.7306532950836515e-10,0.0348607469189168,199,1000
ct_w6_i1,6,diagonal_fisher,650,False,1.0,1,0.0,-10.999999977169919,1.000000022830081,1.854999325023079e-33,57619,0.9832912278352178,1.0,7,True,0.08501508698557902,1.0887334922809895,1.7337567796345348e-08,1.1769412901156024e-05,436671783311.1147,19,7.521039242829695e-13,0.32842256185193186,18.38077258576105,0.5443322174698249,1.7969953554805869,15.419073879882738,1.5410988196065,0.0025506341866024587,0.0973728627214653,-2.137332125924382e-10,0.03481438322035382,199,1000
ct_w6_i1,6,diagonal_fisher,675,False,1.0,1,0.0,-10.99999998191037,1.0000000180896294,1.553758298185227e-33,57619,0.9832950708393275,1.0,7,True,0.08498473474505837,1.0887004472816664,1.3666775473835374e-08,9.277536818795712e-06,440201254911.6726,19,7.459863361723019e-13,0.32838412133000816,18.40875692522756,0.543837738167641,1.7980963410608493,15.448451946013387,1.5430896633563402,0.002522778034039345,0.09586043601031084,-1.6734789771204717e-10,0.03476029042460275,199,1000
ct_w6_i1,6,diagonal_fisher,700,False,1.0,1,0.0,-10.999999985622804,1.0000000143771963,1.305889475849592e-33,57619,0.983298091115626,1.0,7,True,0.08496057215417724,1.0886741417759724,1.0794472353242033e-08,7.327706150467024e-06,443743119769.5263,19,7.39963678675165e-13,0.32835379129145303,18.43614060273011,0.5433537954987233,1.7991686282049906,15.477210342610384,1.5450408563925582,0.0024923313635967182,0.09452154814359694,-1.310780035696197e-10,0.03469665373538479,199,1000
ct_w6_i1,6,diagonal_fisher,725,False,1.0,1,0.0,-10.99999998853135,1.00000001146865,1.1013470519861466e-33,57619,0.9833004677469304,1.0,7,True,0.08494133095741017,1.0886531945841205,8.54642733954643e-09,5.801646076911278e-06,447471078373.77563,19,7.337453173687653e-13,0.32832980841470966,18.4629502362303,0.5428798282278674,1.8002132632871921,15.505377448896482,1.546954495081911,0.0024583827729744,0.09335684558543844,-1.0271497104151486e-10,0.03462161252571295,199,1000
ct_w6_i1,6,diagonal_fisher,750,False,1.0,1,0.0,-10.999999990811244,1.0000000091887564,9.321237883241234e-34,57619,0.9833023407837934,1.0,7,True,0.08492600160099023,1.0886365063591932,6.786433918185985e-09,4.606894337646227e-06,451868498614.59467,19,7.265626949147992e-13,0.3283107941005241,18.48920256879131,0.5424154701251166,1.8012309519672143,15.532971075030458,1.5488319020151857,0.002420039617111326,0.09238095163629287,-8.053518446809284e-11,0.03453335545928155,199,1000
ct_w6_i1,6,diagonal_fisher,775,False,1.0,1,0.0,-10.999999992599543,1.0000000074004571,7.918020103819849e-34,57619,0.9833038197610664,1.0,7,True,0.08491378054868651,1.0886232021568052,5.407971928168957e-09,3.671140919425739e-06,459180755570.73535,19,7.149595591406109e-13,0.32829567056870557,18.514904415481574,0.541960547655586,1.8022220559105866,15.559998425812616,1.5506736296111938,0.0023764170285136914,0.09159784362218458,-6.319217659429923e-11,0.0344301999812545,199,1000
ct_w6_i1,6,diagonal_fisher,800,False,1.0,1,0.0,-10.999999994003478,1.0000000059965224,6.752045780148081e-34,57619,0.9833049903493166,1.0,7,True,0.08490402832222332,1.0886125857085718,4.327710047647645e-09,2.9378172916493767e-06,488200102829.9688,19,6.724365550366645e-13,0.3282835953155296,18.54005449018473,0.541515054711628,1.803186695297911,15.586457920192695,1.5524795572104229,0.00232673705538601,0.09101072726969472,-4.9633522120755475e-11,0.03431077875062571,199,1000
ct_w6_i1,6,diagonal_fisher,825,False,1.0,1,0.0,-10.999999995106938,1.000000004893062,5.781407751798501e-34,57619,0.9833059195483604,1.0,7,True,0.08489623611674492,1.0886041030486668,3.480462198693752e-09,2.3626726184699824e-06,565057247247.9917,19,5.809569057224175e-13,0.3282739099172203,18.564642396524633,0.5410791591825663,1.804124679825864,15.612338250235927,1.5542488599227215,0.0022704536125734546,0.0906376135843368,-3.9036610740912663e-11,0.034174305828413284,199,1000
ct_w6_i1,6,diagonal_fisher,850,False,1.0,1,0.0,-10.999999995975589,1.000000004024411,4.971944575505312e-34,57619,0.9833066597479909,1.0,7,True,0.0848899992137959,1.0885973135516989,2.8152114193390673e-09,1.9110746090484095e-06,664047927197.1418,19,4.943409752907107e-13,0.32826609997040995,18.588651662683287,0.5406531568063044,1.8050356565546513,15.637621471059273,1.5559801919098237,0.002207282285000299,0.09048471555454067,-3.0757277573304643e-11,0.03402074647527477,199,1000
ct_w6_i1,6,diagonal_fisher,875,False,1.0,1,0.0,-10.99999999666081,1.0000000033391903,4.29568503669646e-34,57619,0.9833072519008766,1.0,7,True,0.08488499584361267,1.0885918669099846,2.2920516712619823e-09,1.5559334980973166e-06,779009641710.1552,19,4.213808741021293e-13,0.32825976375781174,18.612061769758338,0.5402374352806075,1.805919191355235,15.662285127797933,1.557671829544378,0.0021373283170784273,0.09056146732363207,-2.4291151984252242e-11,0.033851084860158386,199,1000
ct_w6_i1,6,diagonal_fisher,900,False,1.0,1,0.0,-10.99999999720278,1.0000000027972202,3.7296556005182954e-34,57619,0.9833077280034667,1.0,7,True,0.08488097037795678,1.088587484829631,1.8797735985498865e-09,1.2760631653702365e-06,909673546150.1311,19,3.608487782302234e-13,0.3282545877166296,18.63484936028734,0.5398324423599121,1.806774782052692,15.68630364922512,1.559321799589195,0.002061105276646171,0.09086086865625279,-1.924262854197289e-11,0.03366742350881105,199,1000
ct_w6_i1,6,diagonal_fisher,925,False,1.0,1,0.0,-10.999999997632901,1.0000000023670985,3.2549066938331956e-34,57619,0.9833081130388102,1.0,7,True,0.08487771994920665,1.0885839464593239,1.5539932399401951e-09,1.0549108330129624e-06,474991703037.8943,18,6.910653914588664e-13,0.328250327199596,18.65699158146671,0.5394386284961568,1.807601991520918,15.709651845876712,1.5609281123551568,0.0019795773588952943,0.0913939145047679,-1.530145723891478e-11,0.03347314797105543,199,1000
ct_w6_i1,6,diagonal_fisher,950,False,1.0,1,0.0,-10.999999997975703,1.0000000020242972,2.85576482687494e-34,57619,0.9833084264993885,1.0,7,True,0.08487508378677096,1.0885810767789985,1.295678272296628e-09,8.795566225229099e-07,496105953291.26587,18,6.616465478797632e-13,0.3282467913777651,18.678468866648544,0.5390563964256481,1.8084005467656696,15.732307857989097,1.5624889682022833,0.0018940369141646324,0.0921439957970203,-1.222402269063978e-11,0.03327264058591694,199,1000
ct_w6_i1,6,diagonal_fisher,975,False,1.0,1,0.0,-10.999999998250281,1.0000000017497186,2.519241064417404e-34,57619,0.9833086835821983,1.0,7,True,0.08487293469792832,1.088578737324066,1.0900001834467747e-09,7.399343651896263e-07,544506713244.7034,18,6.028278869901277e-13,0.32824383139724395,18.699267788154057,0.5386860461407393,1.8091704271420719,15.754256223169905,1.5640029843067007,0.0018060422910436908,0.0931071334113147,-9.819302625359813e-12,0.0330712645264552,199,1000
ct_w6_i1,6,diagonal_fisher,999,False,,0,0.0,-10.999999998463537,1.0000000015364634,2.2450930913083603e-34,57619,0.983308888357626,1.0,7,True,0.08487123637483647,1.0885768885672291,9.313345077039703e-10,6.322259557406587e-07,609726743538.9641,18,5.383418506239988e-13,0.32824142349171026,18.718590333628676,0.5383418565214543,1.8098827491593412,15.77465313537433,1.5654115395389536,0.0,,0.0,,199,1000
ct_w6_i1,6,exact_natural,0,False,1.0,1,0.0,-10.99352170728252,1.00647829271748,9.002764747682835e-10,57619,0.9602423298155419,1.0,7,True,0.2157770953276441,1.2408257623122418,0.0014731038788385446,1.0,85639067.87613422,52,6.016753193410913e-09,0.5152691351244645,8.208860836484618,0.8547465942839202,1.260199855040109,4.260772502590869,0.607250769895426,5.5677643628300215,1.0000000000000002,-0.010130113192349022,1.0000000000000004,199,1000
ct_w6_i1,6,exact_natural,24,True,,0,0.0,-11.959945875799162,0.04005412420083765,0.9599458757991691,64512,0.9599458757991691,0.0,0,True,0.17514730535614584,1.1914217064855355,0.04871070709027427,33.066715653942744,669147996776.4235,16,4.7968991423487205e-12,3.2098354518411902,140.70736576502475,0.9995414226269,25.26019985504011,4.260772502590869,0.03029498327751831,0.0,,0.0,,199,1000
ct_w6_i1,6,projected_adam,0,False,,0,0.0,-10.99352170728252,1.00647829271748,9.002764747682835e-10,57619,0.9602423298155419,1.0,7,True,0.2157770953276441,1.2408257623122418,0.0014731038788385446,1.0,85639067.87613422,52,6.016753193410913e-09,0.5152691351244645,8.208860836484618,0.8547465942839202,1.260199855040109,4.260772502590869,0.607250769895426,0.03951156175517257,1.0000000000000002,-7.188820627152788e-05,1.0,199,1000
ct_w6_i1,6,projected_adam,25,False,,0,0.0,-10.99500613726473,1.0049938627352706,1.0698798914310545e-09,57619,0.9611815560337984,1.0,7,True,0.20828600990340265,1.2315653590710032,0.001177798620868315,0.79953534695526,254524061.00837177,52,2.022249251365749e-09,0.5147110918287501,9.039232373324154,0.8819385386093834,1.4318219791593416,4.260772502590868,0.5344640209004977,0.03584200013989383,0.9999999999999997,-4.731766606388498e-05,1.000000000000005,199,1000
ct_w6_i1,6,projected_adam,50,False,,0,0.0,-10.995961984329828,1.0040380156701723,1.2410838328616602e-09,57619,0.9618202776729374,1.0,7,True,0.20314473350022416,1.225249790105754,0.0009836011822352466,0.6677065998975972,629359972.9017437,52,8.172588680341332e-10,0.5143500190396717,9.772565969710161,0.8999499498921167,1.5795963481270194,4.260772502590866,0.48446385249155677,0.029812067783264964,1.0,-3.038394848735789e-05,1.0000000000000047,199,1000
ct_w6_i1,6,projected_adam,75,False,,0,0.0,-10.996592777210626,1.0034072227893738,1.404181421229681e-09,57619,0.9622595527051601,1.0,7,True,0.19958228540359138,1.2208926669436828,0.0008520829151415026,0.5784269034803707,1307090457.5230906,52,3.933260910799338e-10,0.5141127803454395,10.393238324057176,0.9121052093982087,1.7026091982583895,4.260772502590868,0.44946152821093494,0.02505954540258974,1.0,-2.0815583209768866e-05,1.0000000000000004,199,1000
ct_w6_i1,6,projected_adam,100,False,,0,0.0,-10.997039024370155,1.0029609756298452,1.5599131872736127e-09,57619,0.9625802083928765,1.0,7,True,0.1969653626567139,1.2177018620180189,0.0007566599424659822,0.5136500917114982,2398075113.457904,52,2.1431622513165844e-10,0.5139464058984715,10.92828947707084,0.9208636959472796,1.8074516776284848,4.26077250259087,0.42339020271860717,0.02169122093731978,1.0000000000000002,-1.5240857487647953e-05,1.000000000000001,199,1000
ct_w6_i1,6,projected_adam,125,False,,0,0.0,-10.997373760242011,1.0026262397579888,1.7103414402216934e-09,57619,0.9628267654309344,1.0,7,True,0.19494198039061025,1.2152404766665035,0.0006833947143219856,0.46391481560743836,4031335885.077414,52,1.2745723363413686e-10,0.5138229197619919,11.400738633863446,0.9275384423412886,1.899258421313453,4.260772502590869,0.40292428013349996,0.01921922116375992,1.0,-1.1718849747846325e-05,0.99999999999999,199,1000
ct_w6_i1,6,projected_adam,150,False,,0,0.0,-10.99763570282522,1.0023642971747808,1.8569348990238547e-09,57619,0.9630236505312305,1.0,7,True,0.19331809345681153,1.2132686649679552,0.0006248348800801379,0.4241621307607874,6351975879.383799,52,8.087678298258685e-11,0.5137273747075497,11.825597994635295,0.9328361744494215,1.9812881571527658,4.260772502590869,0.3862423188835555,0.01731930579617507,0.9999999999999999,-9.336134879581625e-06,0.9999999999999949,199,1000
ct_w6_i1,6,projected_adam,175,False,,0,0.0,-10.99784716617549,1.0021528338245105,2.0006648900127875e-09,57619,0.9631853165102362,1.0,7,True,0.1919784864105118,1.211644449863203,0.0005766431738750154,0.39144773302047403,9518807134.29882,52,5.396171143981344e-11,0.5136511238322705,12.212848679143415,0.9371688118887866,2.0556726435514543,4.260772502590869,0.37226614587482393,0.01580609799748593,1.0000000000000002,-7.639676473228998e-06,1.0000000000000007,199,1000
ct_w6_i1,6,projected_adam,200,False,,0,0.0,-10.998022006117097,1.0019779938829032,2.142207187354518e-09,57619,0.9633209401761216,1.0,7,True,0.19084978259350702,1.2102776336582308,0.0005360961995213966,0.3639228755164753,13702359476.553438,52,3.7481777765540975e-11,0.5135887927637304,12.569495505898685,0.9407945853986359,2.1238889691681058,4.2607725025908705,0.3603094810059446,0.014568422480183701,1.0000000000000004,-6.384024325448875e-06,0.9999999999999961,199,1000
ct_w6_i1,6,projected_adam,225,False,,0,0.0,-10.998169334178947,1.0018306658210534,2.282058139653962e-09,57619,0.9634366747317684,1.0,7,True,0.1898826472321621,1.2091076971963284,0.0005013816056452095,0.34035726390220306,19082877256.503773,52,2.6910871149807588e-11,0.5135368510173668,12.900680589649044,0.9438847456480892,2.187009870306157,4.260772502590869,0.3499103239475015,0.013535096858663461,0.9999999999999997,-5.425823043910393e-06,1.000000000000007,199,1000
ct_w6_i1,6,projected_adam,250,False,,0,0.0,-10.998295413922772,1.0017045860772278,2.420597742181586e-09,57619,0.9635368233700349,1.0,7,True,0.18904249125970768,1.20809228475533,0.0004712382684519731,0.31989479847376184,25847499006.60339,52,1.9866250015112905e-11,0.5134928775305654,13.210309455146676,0.9465579166181315,2.245842708291027,4.260772502590869,0.3407439574330354,0.012658065984784835,1.0000000000000002,-4.676293167699332e-06,1.0000000000000082,199,1000
ct_w6_i1,6,projected_adam,275,False,,0,0.0,-10.998404706303088,1.0015952936969121,2.558126143283827e-09,57619,0.9636244980931976,1.0,7,True,0.18830424124909573,1.2072007397453377,0.0004447570594328065,0.3019183275679589,34187687491.784252,52,1.501871555388503e-11,0.5134551538842208,13.501427972151843,0.9488991748224571,2.3010122244447517,4.260772502590872,0.3325742141069557,0.01190353732869266,1.0000000000000004,-4.0778466138339215e-06,1.0000000000000087,199,1000
ct_w6_i1,6,projected_adam,300,False,,0,0.0,-10.998500482016903,1.0014995179830972,2.6948862867516702e-09,57619,0.9637020121098435,1.0,7,True,0.18764921803686885,1.206410254160454,0.0004212634561593616,0.2859699592207326,44295786754.93075,52,1.1590773365501091e-11,0.5134224253229673,13.77646275360302,0.9509713012545024,2.3530127817440483,4.260772502590872,0.32522446887347717,0.011246970013327364,1.0,-3.5916945604255087e-06,1.000000000000006,199,1000
ct_w6_i1,6,projected_adam,325,False,,0,0.0,-10.998585198076308,1.0014148019236924,2.831078755232209e-09,57619,0.9637711248494922,1.0,7,True,0.18706318403864017,1.205703463857506,0.00040024486152964326,0.2717017226546255,56361755882.70481,52,9.108902757291862e-12,0.5133937535657807,14.037381499586653,0.9528217438070639,2.402242883734895,4.260772502590869,0.3185595167651925,0.010670067927361871,1.0,-3.1908788750515326e-06,0.9999999999999951,199,1000
ct_w6_i1,6,projected_adam,350,False,,0,0.0,-10.99866073881295,1.0013392611870504,2.966871927463652e-09,57619,0.9638332009766368,1.0,7,True,0.18653507371656433,1.205066887518943,0.00038130374492639557,0.25884375868118076,70568917549.4348,52,7.2747101753910984e-12,0.5133684225632088,14.285803802036478,0.9544870986256638,2.4490288262864754,4.260772502590868,0.3124737953189345,0.01015888829303885,1.0000000000000002,-2.856159440505893e-06,1.0000000000000002,199,1000
ct_w6_i1,6,projected_adam,375,False,,0,0.0,-10.998728575371214,1.0012714246287864,3.102409169987826e-09,57619,0.9638893169836098,1.0,7,True,0.1860561411441099,1.2044898799194201,0.00036412639205103784,0.24718310587718362,87091613728.54474,52,5.8943204078670794e-12,0.513345876154238,14.523079962546172,0.9559960915023222,2.493641392846728,4.26077250259087,0.30688347345790445,0.009702605656905009,1.0000000000000002,-2.573487264971233e-06,0.9999999999999942,199,1000
ct_w6_i1,6,projected_adam,400,False,,0,0.0,-10.998789874318703,1.0012101256812969,3.2378140724161807e-09,57619,0.9639403346416817,1.0,7,True,0.18561937167807505,1.2039639103898,0.00034846145588068384,0.23654914014307335,106090191031.41815,52,4.838578106680301e-12,0.5133256756581507,14.75034843071917,0.9573716181543364,2.536307937119681,4.260772502590869,0.30172098623965327,0.00929267825523816,1.0000000000000002,-2.3323979326184984e-06,0.9999999999999932,199,1000
ct_w6_i1,6,projected_adam,425,False,,0,0.0,-10.99884557345925,1.0011544265407508,3.3731943477449925e-09,57619,0.963986952836561,1.0,7,True,0.1852190661388795,1.2034820534189214,0.0003341048651735932,0.22680333001160458,127709833170.91133,52,4.0193261362522516e-12,0.5133074703202587,14.968578536504385,0.9586321750045567,2.57722131614818,4.260772502590869,0.29693116667952135,0.008922270511287541,1.0000000000000002,-2.1249596423644706e-06,0.9999999999999832,199,1000
ct_w6_i1,6,projected_adam,450,False,,0,0.0,-10.998896435910815,1.0011035640891848,3.5086447956991636e-09,57619,0.9640297449207773,1.0,7,True,0.1848505407384455,1.203038621426265,0.000320888973929432,0.2178318708809823,152072781839.3984,52,3.3752981307057453e-12,0.5132909762737441,15.178602856422836,0.9597928842361709,2.616546618154036,4.260772502590869,0.2924684494003385,0.008585843680508744,1.0000000000000004,-1.9450664524139167e-06,1.0000000000000038,199,1000
ct_w6_i1,6,projected_adam,475,False,,0,0.0,-10.998943089424538,1.0010569105754623,3.6442495932286705e-09,57619,0.9640691861304768,1.0,7,True,0.1845099065183884,1.202628895091124,0.0003086746096825499,0.2095402870881866,179284343910.87964,52,2.8629156907012152e-12,0.5132759612795302,15.381142117793814,0.9608662421932179,2.6544263126559993,4.26077250259087,0.2882948110281125,0.008278859773705006,0.9999999999999997,-1.7879525491890834e-06,1.0000000000000173,199,1000
ct_w6_i1,6,projected_adam,500,False,,0,0.0,-10.998986055464325,1.001013944535675,3.78008409128011e-09,57619,0.9641056740424147,1.0,7,True,0.18419390455618426,1.2022489220397485,0.0002973451468545019,0.20184940867098997,209423749683.3676,52,2.450831074538019e-12,0.513262233470269,15.576824630146893,0.9618626750709511,2.6909842499600005,4.260772502590867,0.284378227857181,0.00799756355905029,0.9999999999999997,-1.6498516207898346e-06,0.9999999999999987,199,1000
ct_w6_i1,6,projected_adam,525,False,,0,0.0,-10.999025771044055,1.0009742289559451,3.916216242498386e-09,57619,0.964139544064097,1.0,7,True,0.18389978101918322,1.2018953643318133,0.00028680202197264236,0.19469232692454033,242535520481.79068,52,2.116183361110682e-12,0.5132496329218844,15.766201636131802,0.9627909577942879,2.7263288071899714,4.260772502590865,0.2806915035989225,0.0077388195154895765,1.0000000000000002,-1.5277536375076076e-06,1.0000000000000107,199,1000
ct_w6_i1,6,projected_adam,550,False,,0,0.0,-10.999062605354124,1.0009373946458755,4.052707749492856e-09,57619,0.964171081319948,1.0,7,True,0.1836251911670629,1.2015653813685172,0.00027696129345997983,0.18801205905339646,278663013263.72186,52,1.8417873949067033e-12,0.5132380252558424,15.949759576396804,0.9636585341038101,2.7605553919107164,4.260772502590864,0.27721136639302774,0.007499988157401138,1.0,-1.4192283399254552e-06,0.9999999999999943,199,1000
ct_w6_i1,6,projected_adam,575,False,,0,0.0,-10.999096872579718,1.0009031274202815,4.189614997736208e-09,57619,0.9642005298824325,1.0,7,True,0.18336812470528677,1.2012565389055565,0.00026775096984457447,0.18175973445652746,317808615177.4298,52,1.6148942231663159e-12,0.5132272967225181,16.127929988379698,0.9644717641892628,2.7937484553866994,4.260772502590866,0.2739177647578462,0.007278830981803486,0.9999999999999998,-1.3222952253857311e-06,0.9999999999999757,199,1000
ct_w6_i1,6,projected_adam,600,False,,0,0.0,-10.999128841896242,1.0008711581037577,4.326989821112676e-09,57619,0.964228100020436,1.0,7,True,0.18312684710101498,1.2009667375684256,0.0002591089114351821,0.17589317030342363,359934399422.6125,52,1.4258635773718053e-12,0.5132173503798985,16.301097570266073,0.9652361184437928,2.8259831271127234,4.26077250259087,0.27079331254785866,0.007073436613118793,1.0,-1.2353265039042114e-06,0.9999999999999832,199,1000
ct_w6_i1,6,projected_adam,625,False,,0,0.0,-10.999158745345252,1.0008412546547483,4.464880135080253e-09,57619,0.9642539739481603,1.0,7,True,0.1828998529842376,1.200694156122915,0.0002509811653459564,0.17037574128434188,405020422088.53345,52,1.2671166072228561e-12,0.5132081030927916,16.469606805391592,0.9659563306305187,2.857326553341633,4.26077250259087,0.26782284695469794,0.006882162730764105,1.0000000000000004,-1.156973749875364e-06,1.0000000000000013,199,1000
ct_w6_i1,6,projected_adam,650,False,,0,0.0,-10.999186784100143,1.000813215899857,4.6033304647933024e-09,57619,0.9642783104271293,1.0,7,True,0.18268582880220588,1.2004372060360273,0.00024332063187730015,0.1651754742979457,452983251089.0253,52,1.1329325795599306e-12,0.5131994831537332,16.633767446973952,0.9666365201188576,2.8878390020867526,4.260772502590868,0.2649930732434306,0.006703590031564565,0.9999999999999997,-1.0861118488256488e-06,0.9999999999999881,199,1000
ct_w6_i1,6,projected_adam,675,False,,0,0.0,-10.999213133494854,1.0007868665051465,4.742382388483772e-09,57619,0.9643012484815687,1.0,7,True,0.18248362263484236,1.2001944947691188,0.000236085987058069,0.16026431703119867,503739911226.4069,52,1.0187626926975659e-12,0.5131914283802471,16.793859091524503,0.9672802902914722,2.91757478200947,4.260772502590868,0.2622922767615032,0.006536485365690551,0.9999999999999997,-1.0217957073310477e-06,1.0000000000000102,199,1000
ct_w6_i1,6,projected_adam,700,False,,0,0.0,-10.999237947093098,1.000762052906902,4.8820749127890405e-09,57619,0.964322910421821,1.0,7,True,0.1822922196044925,1.1999647958890427,0.00022924080512625402,0.1556175422652453,557215222117.4219,52,9.209796577890796e-13,0.5131838845805692,16.950135018455132,0.9678908084135136,2.9465830118916614,4.260772502590867,0.2597100876190577,0.00637977200897016,1.0000000000000007,-9.63226501157917e-07,0.999999999999989,199,1000
ct_w6_i1,6,projected_adam,725,False,,0,0.0,-10.999261360006168,1.0007386399938323,5.022444792055355e-09,57619,0.9643434043226805,1.0,7,True,0.18211072169708797,1.1997470245527486,0.00022275283852592667,0.15121325910943506,613235253487.1198,52,8.368351320133732e-13,0.5131768043071483,17.10282543303812,0.9684708709425619,2.9749082689796102,4.260772502590868,0.25723728700303516,0.006232505440886907,1.0000000000000002,-9.097251149594452e-07,1.0000000000000069,199,1000
ct_w6_i1,6,projected_adam,750,False,,0,0.0,-10.99928349161719,1.0007165083828102,5.16352680134446e-09,57619,0.9643628260687642,1.0,7,True,0.1819383310906802,1.1995402172619793,0.00021659342302893125,0.1470320091748739,671714350082.5101,52,7.63970794689305e-13,0.5131701458367453,17.25214022097996,0.9690229573068916,3.0025911384492883,4.260772502590869,0.25486564667290457,0.006093853535231492,1.0000000000000007,-8.607110761379881e-07,0.9999999999999771,199,1000
ct_w6_i1,6,projected_adam,775,False,,0,0.0,-10.999304447832765,1.000695552167235,5.305353971082623e-09,57619,0.9643812610533407,1.0,7,True,0.18177433629407508,1.1993435150375413,0.0002107369832319186,0.1430564308866475,732536946718.2112,52,7.005296792598767e-13,0.5131638723305179,17.398271300723327,0.9695492744778682,3.029668681634254,4.260772502590867,0.252587795105839,0.005963080219155251,0.9999999999999998,-8.156857155528256e-07,1.000000000000002,199,1000
ct_w6_i1,6,projected_adam,800,False,,0,0.0,-10.999324322955715,1.0006756770442848,5.447957790862045e-09,57619,0.9643987855978836,1.0,7,True,0.18161810055209027,1.1991561493505645,0.00020516061870281722,0.13927097854400752,795587977610.0789,52,6.450046576613438e-13,0.5131579511378698,17.54139464343809,0.97005179414217,3.056174837286743,4.260772502590868,0.25039710518479436,0.0058395319251031514,0.9999999999999996,-7.74218603973404e-07,0.9999999999999736,199,1000
ct_w6_i1,6,projected_adam,825,False,,0,0.0,-10.999343201251246,1.0006567987487536,5.5913683855151305e-09,57619,0.9644154681446446,1.0,7,True,0.1814690520948822,1.1989774302957827,0.0001998437560505177,0.13566168613179044,860658755531.5021,52,5.962320721404628e-13,0.5131523532163795,17.681672013957215,0.9705322838733823,3.082140766762521,4.260772502590869,0.24828759946582077,0.005722626246383512,1.0,-7.359365554036195e-07,1.0000000000000042,199,1000
ct_w6_i1,6,projected_adam,850,False,,0,0.0,-10.999361158264467,1.0006388417355332,5.7356146694537375e-09,57619,0.964431370264023,1.0,7,True,0.18132667589327156,1.198806736595089,0.00019476785453475019,0.13221596747699363,927707750826.1808,52,5.531343811545972e-13,0.5131470526455628,17.819252479447318,0.9709923334179104,3.107595152605717,4.260772502590869,0.24625386983035505,0.005611842490519492,1.0,-7.005146601705247e-07,1.000000000000035,199,1000
ct_w6_i1,6,projected_adam,875,False,,0,0.0,-10.999378261933607,1.0006217380663927,5.880724481521228e-09,57619,0.9644465475095387,1.0,7,True,0.18119050665431574,1.1986435071077814,0.00018991615603149392,0.12892244651560594,996402403144.5905,52,5.149947697817111e-13,0.513142026217392,17.954273721222016,0.9714333769695752,3.132564457734626,4.260772502590865,0.2442910090184131,0.005506713617972537,1.0000000000000002,-6.676689164731441e-07,1.000000000000002,199,1000
ct_w6_i1,6,projected_adam,900,False,,0,0.0,-10.999394573536032,1.0006054264639683,6.026724703987622e-09,57619,0.9644610501469598,1.0,7,True,0.18106012284214487,1.198487233585881,0.00018527347135199995,0.1257708122376795,165166231523.67236,51,3.106792764816004e-12,0.5131372530896703,18.08686318054573,0.9718567121373578,3.15707315145586,4.260772502590864,0.24239455200533355,0.005406819485798238,1.0000000000000002,-6.371501527757296e-07,0.99999999999999,199,1000
ct_w6_i1,6,projected_adam,925,False,,0,0.0,-10.999410148494949,1.000589851505051,6.1736413669987595e-09,57619,0.9644749237787128,1.0,7,True,0.1809351415525343,1.1983374544658345,0.0001808259972269754,0.1227516944491016,175800667388.56354,51,2.918832573924174e-12,0.5131327144913485,18.217139062267893,0.9722635161671179,3.181143907136046,4.2607725025908625,0.24056042559991053,0.0053117810623472045,1.0000000000000002,-6.087389855258902e-07,1.0000000000000189,199,1000
ct_w6_i1,6,projected_adam,950,False,,0,0.0,-10.999425037071004,1.0005749629289955,6.321499742036914e-09,57619,0.9644882098810071,1.0,7,True,0.18081521409975748,1.1981937495246093,0.00017656115847263155,0.11985655662779165,186564989010.31238,51,2.7504002556582403e-12,0.5131283934708399,18.34521121833797,0.972654859878114,3.204797775949209,4.260772502590862,0.23878490491293247,0.005221255499068994,0.9999999999999998,-5.822416106032413e-07,1.0000000000000218,199,1000
ct_w6_i1,6,projected_adam,975,False,,0,0.0,-10.999439284957186,1.0005607150428144,6.4703244245632815e-09,57619,0.9645009462675567,1.0,7,True,0.18070002220296488,1.1980557352630914,0.00017246747168794948,0.11707760339612296,197434386055.0721,51,2.598961026662874e-12,0.5131242746802445,18.47118192699677,0.9730317196808371,3.22805433989807,4.260772502590862,0.23706457562897573,0.005134931861022579,1.0000000000000004,-5.574862749906485e-07,0.9999999999999669,199,1000
ct_w6_i1,6,projected_adam,999,False,,0,0.0,-10.999452398852899,1.000547601147101,6.614127498457902e-09,57619,0.9645126881278142,1.0,7,True,0.18059362267000942,1.1979282694736753,0.00016868878796103389,0.1145124864473475,207939832818.4122,51,2.4676392733507494e-12,0.513120497956703,18.590225374949977,0.9733807077227468,3.2500238072209893,4.2607725025908625,0.23546206969159436,0.0,,0.0,,199,1000
ct_w6_i1,6,ray_projected,0,False,0.02,0,4.260772502590869,-8.944810487936191,3.0551895120638086,0.019885258884628478,64512,0.019885258884628478,0.0,0,True,7.767925961538856,2363.564078439323,0.15964199482808702,1.0,154.85146922241472,52,0.040738462961578556,6.3084108434633634,7.016495842935879,0.9999999999999998,1.2601998550401088,1.4304223057953898e-15,2.0386562435371806e-16,0.11135528725660043,1.0000000000000004,-0.049062741933202945,0.9999999999999999,199,1000
ct_w6_i1,6,ray_projected,25,False,0.02,0,4.260772502590869,-9.960814495484177,2.0391855045158227,0.06986512416153895,64512,0.06986512416153895,0.0,0,True,6.250562722736325,518.3044042940393,0.17650447731425847,1.1056268590500267,417.88539681080044,52,0.022236078967594334,9.292132682889452,9.800378024350884,0.9999999999999999,1.7601998550401077,8.611209269944328e-15,8.786609300731217e-16,0.11135528725660043,1.0000000000000004,-0.03274252903764193,1.0000000000000009,199,1000
ct_w6_i1,6,ray_projected,50,False,0.02,0,4.260772502590869,-10.61700190493195,1.38299809506805,0.16230591992004087,64512,0.16230591992004087,0.0,0,True,4.944124423950768,140.34791176793803,0.213479566519695,1.3372394071471219,1049.6395017481657,52,0.011616805848546668,12.193458302773703,12.584260205765888,1.0000000000000004,2.2601998550401077,1.877557501171774e-14,1.4919887784198148e-15,0.11135528725660043,1.0000000000000004,-0.02063581459287479,0.9999999999999988,199,1000
ct_w6_i1,6,ray_projected,75,False,0.02,0,4.260772502590869,-11.035478211847597,0.9645217881524033,0.28975427979532026,64512,0.28975427979532026,0.0,0,True,3.9009949260643566,49.45162534909501,0.25389883454943546,1.5904263462934698,2567.3138285507325,52,0.005609288777354148,14.400804646435734,15.368142387180898,1.0,2.760199855040107,2.6347629809804342e-14,1.7144316564753993e-15,0.11135528725660043,1.0000000000000004,-0.01356112875272842,1.0000000000000007,199,1000
ct_w6_i1,6,ray_projected,100,False,0.02,0,4.260772502590869,-11.321342200753973,0.678657799246027,0.4351946361056743,64512,0.4351946361056743,0.0,0,True,3.044521967364936,20.9999901224741,0.2688587024660254,1.6841351973554959,6125.169339503114,52,0.00246545993898655,15.101359626053636,18.152024568595916,1.0000000000000004,3.260199855040109,1.5020460009374193e-14,8.274812516153422e-16,0.11135528725660043,1.0000000000000004,-0.009657004157795723,0.999999999999998,199,1000
ct_w6_i1,6,ray_projected,125,False,0.02,0,4.260772502590869,-11.529543742411064,0.4704562575889355,0.5785114839093322,64512,0.5785114839093322,0.0,0,True,2.3163064329511047,10.138159095878136,0.24942667455133083,1.562412664787419,14056.454400857354,52,0.0009936247414884382,13.966840870295908,20.93590675001094,1.0000000000000002,3.760199855040111,6.785997004293221e-15,3.241319846005559e-16,0.11135528725660043,1.0000000000000004,-0.00713556635907468,1.000000000000005,199,1000
ct_w6_i1,6,ray_projected,150,False,0.02,0,4.260772502590869,-11.682757355059113,0.3172426449408867,0.7030019584155468,64512,0.7030019584155468,0.0,0,True,1.7039126713676442,5.495407103978427,0.20539662477269421,1.2866077312168316,30459.99901575872,52,0.00037758998309692093,11.501390513492563,23.719788931425942,1.0000000000000002,4.260199855040109,2.2886756892726236e-14,9.648802929440896e-16,0.11135528725660043,1.0000000000000004,-0.005190636073921649,1.0000000000000049,199,1000
ct_w6_i1,6,ray_projected,175,False,0.02,0,4.260772502590869,-11.792216082373404,0.2077839176265961,0.8003010062222177,64512,0.8003010062222177,0.0,0,True,1.2118603388694758,3.3597290769681596,0.153614930816412,0.9622463749706626,61778.43499459288,52,0.000139350372399597,8.608847922760813,26.503671112840934,1.0000000000000002,4.7601998550401055,6.383772737474092e-14,2.4086371696565376e-15,0.11135528725660043,1.0000000000000004,-0.0036274447614509722,1.0000000000000018,199,1000
ct_w6_i1,6,ray_projected,200,False,0.02,0,4.260772502590869,-11.86720138550847,0.13279861449153074,0.8703439752528691,64512,0.8703439752528691,0.0,0,True,0.8374140243170842,2.310384646520505,0.10696571542993129,0.6700349462879049,117870.09405103396,52,5.089862153924561e-05,5.999425307898862,29.287553294255922,1.0000000000000002,5.260199855040102,1.0485020541305592e-13,3.580026107323204e-15,0.11135528725660043,1.0000000000000004,-0.0024317632611409734,0.9999999999999944,199,1000
ct_w6_i1,6,ray_projected,216,True,,0,4.260772502590869,-11.90126758365292,0.09873241634707952,0.9029659304202875,64512,0.9029659304202875,0.0,0,True,0.6530170709887955,1.9213288787648788,0.08256969765792657,0.5172179021368597,173603.29605585692,52,2.6687576226529342e-05,4.633051196667422,31.069237890361492,1.0,5.580199855040094,1.0871209524044962e-13,3.499026774460246e-15,0.0,,0.0,,199,1000
ct_w6_i1,6,target_direction,0,False,0.02,0,0.0,-10.99352170728252,1.00647829271748,9.002764747682835e-10,57619,0.9602423298155419,1.0,7,True,0.2157770953276441,1.2408257623122418,0.0014731038788385446,1.0,85639067.87613422,52,6.016753193410913e-09,0.5152691351244645,8.208860836484618,0.8547465942839202,1.260199855040109,4.260772502590869,0.607250769895426,0.11135528725660043,1.0000000000000004,-0.00020260226384698045,1.0000000000000016,199,1000
ct_w6_i1,6,target_direction,25,False,0.02,0,0.0,-10.996847113493818,1.0031528865061823,1.4877039507840905e-09,57619,0.9624412323063704,1.0,7,True,0.1981014478284232,1.219086061182212,0.0007979814627379995,0.5417007410008049,1827537326.4865053,52,2.8126251921485223e-10,0.5140177524067704,10.686514480363288,0.9170790010493415,1.7601998550401081,4.260772502590868,0.43475593410827384,0.11135528725660043,1.0000000000000004,-8.430842405980244e-05,1.0000000000000002,199,1000
ct_w6_i1,6,target_direction,50,False,0.02,0,0.0,-10.998324655489832,1.0016753445101685,2.455660872960035e-09,57619,0.9635602013588649,1.0,7,True,0.1888459011987123,1.2078548091628174,0.0004641861377507584,0.31510753886327536,27811639708.228447,52,1.846287210579657e-11,0.5134827469855152,13.285999670527522,0.9471820350621936,2.2601998550401072,4.260772502590869,0.33857949795401215,0.11135528725660043,1.0000000000000004,-4.033396292442149e-05,1.0000000000000002,199,1000
ct_w6_i1,6,target_direction,75,False,0.02,0,0.0,-10.99906223068113,1.0009377693188704,4.051265768106805e-09,57619,0.9641707599184319,1.0,7,True,0.18362799320077802,1.2015687481999437,0.0002770617000319436,0.1880802189254911,278268282237.2217,52,1.844400442663921e-12,0.5132381429376606,15.947851979232208,0.9636496756549896,2.7601998550401072,4.260772502590867,0.27724707353993056,0.11135528725660043,1.0000000000000004,-2.1081084916136917e-05,0.9999999999999764,199,1000
ct_w6_i1,6,target_direction,100,False,0.02,0,0.0,-10.999458361993698,1.0005416380063021,6.681813824243761e-09,57619,0.9645180334872729,1.0,7,True,0.18054511947262142,1.1978701675314407,0.0001669670893496057,0.11334373070909934,212876306054.1811,51,2.4104081599387433e-12,0.5131187851706154,18.645379541799194,0.9735400949014056,3.2601998550401077,4.260772502590857,0.23472712294375406,0.11135528725660043,1.0000000000000004,-1.1651772505487658e-05,0.9999999999999841,199,1000
ct_w6_i1,6,target_direction,125,False,0.02,0,0.0,-10.99968113260605,1.0003188673939505,1.1018761992719047e-08,57619,0.9647205787396065,1.0,7,True,0.178669731227258,1.1956258010868066,0.0001009942426974815,0.06855880576263874,463557758940.5582,51,1.1067811685026404e-12,0.5130569981086963,21.365073689645605,0.9799126861966933,3.760199855040107,4.2607725025908385,0.20351506879866174,0.11135528725660043,1.0000000000000004,-6.671420822534914e-06,1.0000000000000335,199,1000
ct_w6_i1,6,target_direction,150,False,0.02,0,0.0,-10.999810086256256,1.0001899137437444,1.8169126117866288e-08,57619,0.9648405307905555,1.0,7,True,0.17750851790938238,1.1942382302721621,6.118025946413885e-05,0.04153153103661357,714521745585.828,51,7.179955325890852e-13,0.5130234212683794,24.099430891003003,0.9842468495918378,4.260199855040105,4.260772502590815,0.17962944421254085,0.11135528725660043,1.0000000000000004,-3.905420633749657e-06,0.9999999999999943,199,1000
ct_w6_i1,6,target_direction,175,False,0.02,0,0.0,-10.999886094647268,1.0001139053527321,2.995805079845985e-08,57619,0.9649122306852795,1.0,7,True,0.17678209007125778,1.193371017398262,3.708493457928936e-05,0.025174690741109607,555742174507.1859,50,9.230980241980765e-13,0.513004503251126,26.843970734160628,0.9873230519922059,4.760199855040104,4.260772502590795,0.16076159730666398,0.11135528725660043,1.0000000000000004,-2.318108947942932e-06,1.0000000000000882,199,1000
ct_w6_i1,6,target_direction,200,False,0.02,0,0.0,-10.999931405931859,1.000068594068141,4.9394681531710785e-08,57619,0.9649553252989784,1.0,7,True,0.1763251716913136,1.1928258688000115,2.2485087056152122e-05,0.015263748456001817,661077455903.8813,50,7.759961890324148e-13,0.5129935864366562,29.5958605261397,0.9895827583181278,5.2601998550401,4.260772502590781,0.14548065725334708,0.11135528725660043,1.0000000000000004,-1.3880566726776067e-06,0.9999999999999714,199,1000
ct_w6_i1,6,target_direction,225,False,0.02,0,0.0,-10.999958616241296,1.0000413837587043,8.144025461837925e-08,57619,0.9649813043248205,1.0,7,True,0.17603715574935488,1.192482365403418,1.363386452854094e-05,0.009255195593735343,809886982983.6227,50,6.334059233403662e-13,0.512987212258085,32.353224812821274,0.9912902241189038,5.760199855040091,4.260772502590771,0.13285256613546212,0.11135528725660043,1.0000000000000004,-8.361399248535405e-07,0.9999999999997012,199,1000
ct_w6_i1,6,target_direction,250,False,0.02,0,0.0,-10.999975046434379,1.000024953565621,1.3427446099040662e-07,57619,0.9649969779786278,1.0,7,True,0.17585572304393307,1.192266029727472,8.266638266241436e-06,0.005611714411314423,662614014604.4539,49,7.741814922685398e-13,0.5129835066245241,35.11477397471316,0.9926111921490891,6.2601998550400815,4.2607725025907675,0.1222416775686617,0.11135528725660043,1.0000000000000004,-5.063542868377624e-07,0.9999999999998954,199,1000
ct_w6_i1,6,target_direction,275,False,0.02,0,0.0,-10.99998502764059,1.0000149723594092,2.2138332435468568e-07,57619,0.9650064125989317,1.0,7,True,0.17574192150380136,1.1921303557371434,5.0148222197380554e-06,0.003404255661652284,994578872327.3958,48,5.15777528644859e-13,0.512981432811415,37.87959274862167,0.99365376202125,6.760199855040069,4.2607725025907675,0.11320040066931669,0.11135528725660043,1.0000000000000004,-3.0900517019816223e-07,0.9999999999990096,199,1000
ct_w6_i1,6,target_direction,300,False,0.02,0,0.0,-10.999991157911909,1.000008842088091,3.6500152450141616e-07,57619,0.9650120404715526,1.0,7,True,0.1756713674076215,1.1920462490244372,3.0625990561527057e-06,0.0020790109239053694,708663230886.1749,45,7.238705293449271e-13,0.5129804280688618,40.64701394085017,0.9944908149646539,7.260199855040059,4.260772502590768,0.10540444443329584,0.11135528725660043,1.0000000000000004,-1.9170021332115538e-07,1.000000000000967,199,1000
ct_w6_i1,6,target_direction,325,False,0.02,0,0.0,-10.99999502048803,1.0000049795119708,6.017878142853995e-07,57619,0.9650153069684915,1.0,7,True,0.17562892345288045,1.1919956549411084,1.9740418738722494e-06,0.001340056123827917,825786100130.4902,45,6.212022987502914e-13,0.5129802236770988,43.41653991065969,0.9951729062297399,7.760199855040049,4.260772502590768,0.0986130958596611,0.11135528725660043,1.0000000000000004,-1.237568463885452e-07,0.9999999999978678,199,1000
ct_w6_i1,6,target_direction,350,False,0.02,0,0.0,-10.999997608087103,1.000002391912897,9.92182161054685e-07,57619,0.9650170491213385,1.0,7,True,0.1756054547625652,1.1919676806924862,1.6564105104772539e-06,0.001124435645219559,870591252418.1124,44,5.89232618192649e-13,0.5129807630379417,46.187792037725096,0.9957359803036572,8.260199855040039,4.260772502590768,0.09264392455689358,0.11135528725660043,1.0000000000000004,-8.75605866212936e-08,1.0000000000022153,199,1000
ct_w6_i1,6,target_direction,375,False,0.02,0,0.0,-10.999999583693613,1.0000004163063867,1.6358329583873033e-06,57619,0.9650177128141167,1.0,7,True,0.1755958865558939,1.1919562757539344,2.1603214572814476e-06,0.0014665099239197805,987640259953.8696,41,5.19401854317801e-13,0.5129821824189549,48.96047721199597,0.9962061511976059,8.760199855040028,4.260772502590768,0.08735614995757375,0.11135528725660043,1.0000000000000004,-7.377237380978842e-08,1.0000000000026845,199,1000
ct_w6_i1,6,target_direction,400,False,0.02,0,0.0,-11.000001452501087,0.9999985474989135,2.6970319093101375e-06,57619,0.965017467896766,1.0,7,True,0.1755981252142263,1.1919589441397698,3.4286199261705973e-06,0.0023274800748429646,554930591602.9429,39,9.24412623798334e-13,0.5129848442096381,51.734365022996194,0.9966027556858477,9.260199855040016,4.260772502590768,0.08263939700812059,0.11135528725660043,1.0000000000000004,-7.883596927271693e-08,0.9999999999922012,199,1000
ct_w6_i1,6,target_direction,425,False,0.02,0,0.0,-11.000003691859886,0.9999963081401138,4.446648274056955e-06,57619,0.9650162520190801,1.0,7,True,0.1756126061329322,1.1919762049253164,5.630979910661188e-06,0.0038225273801470697,871539094108.2958,39,5.886017425819514e-13,0.5129894295204382,54.509271870378576,0.9969403564262482,9.760199855040005,4.2607725025907675,0.07840590803066663,0.11135528725660043,1.0000000000000004,-1.0403021020621846e-07,0.9999999999952666,199,1000
ct_w6_i1,6,target_direction,450,False,0.02,0,0.0,-11.000006873484384,0.9999931265156157,7.33126462196881e-06,57619,0.9650137548954447,1.0,7,True,0.17564236748705384,1.1920116802791503,9.28414425580932e-06,0.006302436908338956,954201093445.4077,37,5.376194990702408e-13,0.5129971138703961,57.285049666951316,0.9972300877895999,10.260199855039996,4.260772502590768,0.07458503177394583,0.11135528725660043,1.0000000000000004,-1.5578059626264454e-07,1.0000000000012303,199,1000
ct_w6_i1,6,target_direction,475,False,0.02,0,0.0,-11.000011809507816,0.9999881904921839,1.2087156614629341e-05,57619,0.9650093391793606,1.0,7,True,0.1756936566520823,1.192072819130803,1.531001339695253e-05,0.010393030401239301,842225272285.9445,33,6.091124188405948e-13,0.5130098728107702,60.06157765869386,0.9974805795190173,10.760199855039987,4.260772502590769,0.07111924894561811,0.11135528725660043,1.0000000000000004,-2.4729355553532156e-07,1.0000000000011502,199,1000
ct_w6_i1,6,target_direction,500,False,0.02,0,0.0,-11.000019759799743,0.9999802402002569,1.9928198128983166e-05,57619,0.9650018778328736,1.0,7,True,0.17577717985190575,1.1921723890252196,2.5244158827069543e-05,0.01713671329612754,629169356758.6401,32,8.154100260773872e-13,0.5130310016016557,62.838756403652305,0.9976986028894668,11.26019985503999,4.260772502590773,0.06796125664258697,0.11135528725660043,1.0000000000000004,-4.0192420875939644e-07,1.0000000000000593,199,1000
ct_w6_i1,6,target_direction,525,False,0.02,0,0.0,-11.000032753485137,0.9999672465148635,3.285562156654937e-05,57619,0.964989466537137,1.0,7,True,0.17591022536155498,1.192331012760161,4.1621238490777e-05,0.02825410963115031,818981137506.9966,31,6.264686390000409e-13,0.5130659985807136,65.6165032736719,0.997889530619395,11.760199855039989,4.2607725025907675,0.06507179653645352,0.11135528725660043,1.0000000000000004,-6.59133737155316e-07,1.000000000000181,199,1000
ct_w6_i1,6,target_direction,550,False,0.02,0,0.0,-11.000054106662589,0.9999458933374115,5.416860975837489e-05,57619,0.9649689378331687,1.0,7,True,0.17612004595626934,1.1925812146101873,6.8619980541184e-05,0.04658190201446405,392757600847.9608,27,1.3064650655144014e-12,0.5131240847231102,68.39474904822764,0.9980576693969813,12.260199855039993,4.260772502590762,0.0624180144894298,0.11135528725660043,1.0000000000000004,-1.0845525991420856e-06,1.0000000000000655,199,1000
ct_w6_i1,6,target_direction,575,False,0.02,0,0.0,-11.000089268231655,0.9999107317683453,8.930580305430559e-05,57619,0.9649350532171795,1.0,7,True,0.17644909960371544,1.1929737023799551,0.00011312793586335356,0.07679562689940661,412160162641.7015,27,1.245197680476752e-12,0.5132208785063676,71.1734353033228,0.9982065037707076,12.760199855039996,4.260772502590758,0.05997220583445101,0.11135528725660043,1.0000000000000004,-1.7867081176170524e-06,0.9999999999998669,199,1000
ct_w6_i1,6,target_direction,600,False,0.02,0,0.0,-11.000147209062618,0.999852790937382,0.00014723184945465725,57619,0.9648791676175837,1.0,7,True,0.17696304486073597,1.1935869831389128,0.00018649522959455567,0.1266001890793989,424102532408.6349,27,1.210516896523757e-12,0.5133832813391668,73.952512387224,0.9983388773908686,13.260199855039996,4.260772502590753,0.05771084452428727,0.11135528725660043,1.0000000000000004,-2.9446593169701896e-06,1.000000000000062,199,1000
ct_w6_i1,6,target_direction,625,False,0.02,0,0.0,-11.000242707281638,0.9997572927183622,0.0002427211012138071,57619,0.9647870271120118,1.0,7,True,0.17776279810293877,1.1945419400125576,0.0003074201702760921,0.20868872500592064,490765462981.9087,27,1.0466484418922142e-12,0.5136589071645259,76.73193783483356,0.998457129327584,13.76019985504,4.260772502590748,0.0556138239456526,0.11135528725660043,1.0000000000000004,-4.853520280079245e-06,0.9999999999999277,199,1000
ct_w6_i1,6,target_direction,650,False,0.02,0,0.0,-11.000400108062253,0.9995998919377467,0.00040011644292318956,57619,0.9646351425078825,1.0,7,True,0.1790025094261617,1.1960237454973948,0.000506690745155024,0.3439613135460072,768066649836.4072,27,6.693895340139565e-13,0.5141357768256534,79.51167511375297,0.9985631977459417,14.260199855040003,4.2607725025907435,0.053663857447602464,0.11135528725660043,1.0000000000000004,-7.999294742173653e-06,1.0000000000000562,199,1000
ct_w6_i1,6,target_direction,675,False,0.02,0,0.0,-11.000659504225665,0.9993404957743355,0.0006595093074740044,57619,0.9643848260593858,1.0,7,True,0.18091600834000188,1.1983145266399748,0.0008349583931527759,0.5668021143295687,417310210328.6901,26,1.2340655573762343e-12,0.5149881573080686,82.29169262386846,0.9986586995696837,14.760199855040005,4.260772502590739,0.05184600071210303,0.11135528725660043,1.0000000000000004,-1.3181588869386484e-05,0.9999999999999953,199,1000
ct_w6_i1,6,target_direction,700,False,0.02,0,0.0,-11.001086878935556,0.9989131210644437,0.0010868820165107528,57619,0.963972404235186,1.0,7,True,0.18385505327634558,1.2018416074672602,0.0013754365388393818,0.933699624716101,421670236445.6122,26,1.225128167186944e-12,0.5166000839338982,85.07196289264452,0.9987449922811392,15.260199855040005,4.260772502590735,0.05014726802168609,0.11135528725660043,1.0000000000000004,-2.1714075832566273e-05,0.9999999999999966,199,1000
ct_w6_i1,6,target_direction,725,False,0.02,0,0.0,-11.001790701039114,0.9982092989608855,0.0017907029064911611,57619,0.9632932032761771,1.0,7,True,0.1883433811830309,1.207247990427226,0.0022645170384651137,1.5372419223079852,428108193965.5965,26,1.2145843029151538e-12,0.5199734923399695,87.85246192289507,0.9988232222903991,15.760199855040009,4.260772502590731,0.04855632157167484,0.11135528725660043,1.0000000000000004,-3.574996327330383e-05,1.0000000000000107,199,1000
ct_w6_i1,6,target_direction,750,False,0.02,0,0.0,-11.00294894315085,0.9970510568491502,0.0029489442821540013,57619,0.9621754764214842,1.0,7,True,0.1951505372670777,1.2154939498553434,0.0037248982195502503,2.5286052620315633,441157083836.3763,26,1.1981225722379262e-12,0.5285602600470216,90.63316866037495,0.9988943631071227,16.26019985504001,4.260772502590726,0.047063218104172674,0.11135528725660043,1.0000000000000004,-5.880498295438133e-05,0.9999999999999978,199,1000
ct_w6_i1,6,target_direction,775,False,0.02,0,0.0,-11.004852703051052,0.9951472969489483,0.004852703735916348,57619,0.9603383084836634,1.0,7,True,0.20538746773864153,1.2280007834810622,0.006117888980195829,4.153060125684703,509378660388.5814,26,1.1019099378630158e-12,0.561289408017528,93.41406455628731,0.9989592456987241,16.760199855040014,4.26077250259072,0.045659200893422576,0.11135528725660043,1.0000000000000004,-9.658311387804375e-05,0.9999999999999986,199,1000
ct_w6_i1,6,target_direction,800,False,0.02,0,0.0,-11.007975647701807,0.9920243522981931,0.007975648115889375,57619,0.9573246009886637,1.0,7,True,0.22061907755083662,1.2468483875510137,0.010023485456174427,6.804330366760933,644691358782.8041,25,1.122847910139157e-12,0.723890344894045,96.19513320554454,0.9990185828099316,17.260199855040014,4.260772502590716,0.0443365278862473,0.11135528725660043,1.0000000000000004,-0.0001582407514724872,0.9999999999999942,199,1000
ct_w6_i1,6,target_direction,825,False,0.02,0,0.0,-11.01308193487492,0.9869180651250797,0.013081935124782373,57619,0.9523969255653083,1.0,7,True,0.242971805019107,1.2750326740897728,0.016356242327432803,11.103251143652363,742014833308.9758,24,1.5031573395692376e-12,1.1153650427576314,98.9763600459155,0.9990729885778564,17.760199855040018,4.260772502590711,0.043088328872493864,0.11135528725660043,1.0000000000000004,-0.0002582159670910045,0.9999999999999993,199,1000
ct_w6_i1,6,target_direction,850,False,0.02,0,0.0,-11.021386963454773,0.9786130365452266,0.021386963605045016,57619,0.9443823965177641,1.0,7,True,0.2751767442423581,1.3167633846487434,0.026514935431939068,17.999365701789156,901301290575.03,23,1.9709955642918027e-12,1.7764608458138613,101.75773210643474,0.9991229944541644,18.260199855040018,4.260772502590705,0.04190848612119444,0.11135528725660043,1.0000000000000004,-0.00041859123098999965,1.0000000000000027,199,1000
ct_w6_i1,6,target_direction,875,False,0.02,0,0.0,-11.034778616992316,0.9652213830076839,0.03477861708221306,57619,0.9314591661103531,1.0,7,True,0.3204164896218626,1.3777014432151389,0.04252748402003695,28.86930421605254,211558366226.48712,21,1.3365599979890573e-11,2.8276044953824186,104.53923779591655,0.9991690622077678,18.76019985504002,4.2607725025907,0.04079153410455753,0.11135528725660043,1.0000000000000004,-0.0006713812994443921,0.9999999999999916,199,1000
ct_w6_i1,6,target_direction,900,False,0.02,0,0.0,-11.05607510011029,0.9439248998897103,0.05607510016361223,57619,0.9109076069645162,1.0,7,True,0.3817271564054157,1.464812365933715,0.0670560468900026,45.520243245080806,554649398482.5002,21,8.0073463873263e-12,4.441269857171553,107.3208667243115,0.9992115946039362,19.260199855040025,4.2607725025906955,0.039732574841113415,0.11135528725660043,1.0000000000000004,-0.0010586136672906395,0.9999999999999944,199,1000
ct_w6_i1,6,target_direction,925,False,0.02,0,0.0,-11.08920711336933,0.91079288663067,0.08920711340053337,57619,0.8789345094454765,1.0,7,True,0.46058204538292646,1.584996256319508,0.10293179899258903,69.87409406167926,573141496898.9073,20,1.1869604614855044e-11,6.802962956556199,110.1026095511077,0.9992509442223657,19.760199855040025,4.260772502590691,0.03872720609149065,0.11135528725660043,1.0000000000000004,-0.0016249840871200426,0.9999999999999863,199,1000
ct_w6_i1,6,target_direction,950,False,0.02,0,0.0,-11.139031817334722,0.8609681826652782,0.13903181735261735,57619,0.8308526102996736,1.0,7,True,0.5543382383567491,1.7407886163841995,0.1516462755917625,102.94336860434217,203306349660.80573,19,4.923827321587308e-11,10.010453591120578,112.88445785611906,0.9992874207757128,20.260199855040028,4.260772502590685,0.0377714601865,0.11135528725660043,1.0000000000000004,-0.002394039422782761,1.0000000000000009,199,1000
ct_w6_i1,6,target_direction,975,False,0.02,0,0.0,-11.210260693450074,0.7897393065499259,0.21026069346002896,57619,0.7621152297205032,1.0,7,True,0.652934382523814,1.921170013597418,0.21036442283405946,142.8035224507856,366088230798.71545,19,3.7905312110526914e-11,13.87668864841592,115.66640402889752,0.9993212972130004,20.76019985504003,4.260772502590681,0.0368617516950056,0.11135528725660043,1.0000000000000004,-0.003321022685196911,0.9999999999999992,199,1000
ct_w6_i1,6,target_direction,999,False,,0,0.0,-11.300828707525175,0.6991712924748246,0.3008287075306277,57619,0.6747151696315729,1.0,7,True,0.73429884530278,2.084020259520374,0.26646079088481434,180.8839109804686,665254931901.012,19,2.6410776871808804e-11,17.56989956930799,118.33715802173954,0.9993515966519483,21.240199855040036,4.260772502590677,0.03602872559664687,0.0,,0.0,,199,1000
ct_w6_i1,6,adam,0,False,,0,0.0,-10.999339344488108,1.0006606555118918,3.0804439498919063e-12,57619,0.9953090194936322,1.0,7,True,0.03527162859401891,1.035901050933617,0.0001453771831149449,1.0,638019691.6401001,52,8.318603506469446e-11,0.053074328440738915,9.280960383535072,0.7910242909836719,1.318566057867759,5.6779499577716335,0.7734082877179328,0.14419571886350407,0.27392804913829216,-0.00011533154961865213,0.2553501049796375,999,1000
ct_w6_i1,6,adam,25,False,,0,0.0,-10.9999570146549,1.0000429853451003,9.650733470523606e-18,57619,0.9997337073496427,1.0,7,True,0.0027685809798101155,1.0027724170394614,1.1627977724239824e-05,0.07998488810342383,90813216906.72408,52,3.181403129795059e-14,0.0028891345249380954,11.16557419707268,0.7139808242755034,1.4318145218134153,7.8177470910221984,0.9806499417771356,0.0423559056292598,0.2686140443792243,-2.4798529272520154e-06,0.42707661336007374,999,1000
ct_w6_i1,6,adam,50,False,,0,0.0,-10.99998269388685,1.0000173061131505,5.6265017809984125e-19,57619,0.9998599146556616,1.0,7,True,0.0015345576254488244,1.0015357356615127,4.645630295255525e-06,0.03195570443528528,309525534718.63605,52,5.1005036651129066e-15,0.0015787361242784353,11.698793106897881,0.6952836877604631,1.4609059370422508,8.408336892308558,1.0337297212601284,0.013962793148456642,0.24867012274272607,-3.8046846037393746e-07,0.5050332720344651,999,1000
ct_w6_i1,6,adam,75,False,,0,0.0,-10.999988709318194,1.0000112906818064,1.926651918278776e-19,57619,0.9998892909705781,1.0,7,True,0.0012330225090263864,1.0012337829938132,2.984597977560015e-06,0.020530030322572647,506076299111.93536,52,2.518109344393389e-15,0.0012743554577697882,11.925252266314367,0.6876097278286895,1.4727490121297035,8.6586928794499,1.0559485268449287,0.008604207506524396,0.2443266937370104,-1.54300259553022e-07,0.494830745674908,999,1000
ct_w6_i1,6,adam,100,False,,0,0.0,-10.999991666230986,1.0000083337690135,8.918985306170372e-20,57619,0.9999058806527859,1.0,7,True,0.001060248763255621,1.0010608110256707,2.181785666830937e-06,0.01500775857725811,716706913180.2916,52,1.530645866030068e-15,0.0010970244738145842,12.088679211357377,0.6822330072593155,1.4812580839835543,8.838454289226059,1.0716790471767073,0.006969781582486646,0.24732448448343547,-9.052233909712602e-08,0.4566008350526477,999,1000
ct_w6_i1,6,adam,125,False,,0,0.0,-10.999993515303158,1.0000064846968417,4.5893972568706097e-20,57619,0.9999178795426729,1.0,7,True,0.0009341405386712859,1.000934576983834,1.6874497874083724e-06,0.01160739086596665,961521240034.7736,52,1.0039697653251788e-15,0.0009653382537128865,12.227402220190582,0.6777899571192014,1.4884987737321766,8.99026576208143,1.0847838278368238,0.0060200383328590625,0.24991807248711842,-5.99610862406744e-08,0.425457117544906,999,1000
ct_w6_i1,6,adam,150,False,,0,0.0,-10.99999477752634,1.0000052224736606,2.5407059708815085e-20,57619,0.9999271081632896,1.0,7,True,0.0008363488378827932,1.0008366986750938,1.3535018227055328e-06,0.009310276851597571,938206071948.2701,51,9.190122401430786e-16,0.0008622228638970181,12.349431557781575,0.6739686201086696,1.4948781600186054,9.123265735909072,1.0961340808859512,0.0053106829031412135,0.2516794559311268,-4.21909349102663e-08,0.401926392199213,999,1000
ct_w6_i1,6,adam,175,False,,0,0.0,-10.999995684157499,1.0000043158425012,1.4927220257607788e-20,57619,0.9999344265139793,1.0,7,True,0.0007582096115141007,1.0007584971250822,1.1153333444649228e-06,0.007671997218319094,305686770390.2067,50,2.5496672435548995e-15,0.0007793995452519978,12.4583708881464,0.6706220979394344,1.5005769421013442,9.241609126795012,1.1061358813810944,0.00474822231465282,0.25291964346533785,-3.096737311534839e-08,0.3834128550541517,999,1000
ct_w6_i1,6,adam,200,False,,0,0.0,-10.999996360362925,1.0000036396370753,9.214647553297459e-21,57619,0.9999403675470584,1.0,7,True,0.0006943326208306873,1.000694573725524,9.38597590401525e-07,0.0064562923169271145,377397526683.5937,50,1.885310629098986e-15,0.0007115115684522474,12.556692377412286,0.6676518962547061,1.505720955512044,9.348126014825253,1.115062515488522,0.004291589764183919,0.253838760644354,-2.349086615559612e-08,0.3682562047934021,999,1000
ct_w6_i1,6,adam,225,False,,0,0.0,-10.999996880015772,1.0000031199842283,5.9291620335554606e-21,57619,0.9999452855086783,1.0,7,True,0.0006411155461419438,1.0006413211046403,8.032917911316117e-07,0.005525569927273083,457218357971.6089,50,1.432325431209342e-15,0.000654885481738512,12.646253975268976,0.6649861896065172,1.5104059180291722,9.444926280986126,1.1231145330326846,0.003914412101779917,0.2545482045089352,-1.8301005794509018e-08,0.3554722820274469,999,1000
ct_w6_i1,6,adam,250,False,,0,0.0,-10.999997289232622,1.0000027107673777,3.951487291545425e-21,57619,0.9999494242447652,1.0,7,True,0.0005960649376059204,1.0005962426196124,6.970501374868948e-07,0.004794769870700827,545247984086.5026,50,1.113138309548522e-15,0.0006069364192907889,12.72848493080508,0.6625710949869866,1.5147060199656561,9.533622842299032,1.130443259240035,0.0035981888684382887,0.2551132446428136,-1.457532622709099e-08,0.34444601726590984,999,1000
ct_w6_i1,6,adam,275,False,,0,0.0,-10.999997618095977,1.0000023819040234,2.7137353703020576e-21,57619,0.9999529564498867,1.0,7,True,0.0005574054682519659,1.0005575608475483,6.118652752502658e-07,0.004208812291860713,641568431228.8478,50,8.819069041774867e-16,0.0005658036290030399,12.804502173848409,0.6603653627354198,1.5186795222745342,9.615470019059515,1.1371651303469625,0.0033295845996438775,0.25557450728562825,-1.182476066450582e-08,0.3347704636217629,999,1000
ct_w6_i1,6,adam,300,False,,0,0.0,-10.999997886955825,1.0000021130441752,1.912612636679892e-21,57619,0.9999560075510954,1.0,7,True,0.0005238412073960113,1.0005239784361624,5.423512336904283e-07,0.003730648937265549,746309036505.6135,50,7.103202260949872e-16,0.0005301184035473995,12.875191719710227,0.6583368360818072,1.5223727924420214,9.691458885281179,1.1433713271890915,0.003098799078382367,0.2559585864746096,-9.745381081966169e-09,0.32616345387081985,999,1000
ct_w6_i1,6,adam,325,False,,0,0.0,-10.999998110007697,1.000001889992303,1.3787395241922566e-21,57619,0.9999586707074043,1.0,7,True,0.0004944050345878027,1.0004945272729011,4.847679005270745e-07,0.0033345528516932725,859455843703.5519,50,5.804297291611544e-16,0.0004988537225868241,12.941266433093201,0.6564600302712343,1.525823221099529,9.762384203096188,1.149134407611781,0.0028984991376790085,0.2562836401135532,-8.14115789467312e-09,0.3184217367773631,999,1000
ct_w6_i1,6,adam,350,False,,0,0.0,-10.999998297417799,1.0000017025822014,1.0137557151301286e-21,57619,0.9999610164971737,1.0,7,True,0.0004683609583277062,1.0004684706564468,4.364466033873149e-07,0.0030021671491751983,981236277270.5027,50,4.802359194244363e-16,0.00047122490578761095,13.00330742105683,0.6547144465341,1.529061337100606,9.82889200955117,1.1545129519208042,0.0027231040237488827,0.2565625652814129,-6.881560800740629e-09,0.3113943693137565,999,1000
ct_w6_i1,6,adam,375,False,,0,0.0,-10.999998456634136,1.0000015433658636,7.585471004149545e-22,57619,0.9999630993402278,1.0,7,True,0.0004451390856959479,1.000445238174801,3.9543811227166303e-07,0.0027200837421578273,230533286785.02438,49,1.937345364700287e-15,0.00044662259456208894,13.06179407215457,0.653083375936618,1.532112354714613,9.891513943367233,1.159554874571486,0.0025682997670918558,0.25680469130863126,-5.877241501329321e-09,0.30496616464414417,999,1000
ct_w6_i1,6,adam,400,False,,0,0.0,-10.99999859322282,1.00000140677718,5.76491004784776e-22,57619,0.9999649618587794,1.0,7,True,0.0004242912852588989,1.000424381309538,3.6028939628012744e-07,0.002478307727253586,256271042920.14072,49,1.6567092323674441e-15,0.0004245666027942307,13.117126157349261,0.6515530353827995,1.5349973178419412,9.95069238237097,1.164299826415263,0.002430703505950676,0.2570169285242357,-5.06554697018976e-09,0.2990474986911391,999,1000
ct_w6_i1,6,adam,425,False,,0,0.0,-10.999998711416948,1.0000012885830518,4.442775399847929e-22,57619,0.999966637904667,1.0,7,True,0.0004054602904253238,1.0004055425005596,3.298977759593084e-07,0.0022692541490398066,283307624408.4139,49,1.428389076348379e-15,0.0004046735159511878,13.169640334155533,0.6501119329096695,1.537733958448482,10.006799138339966,1.1687809661017081,0.0023076282879526573,0.25720459918542515,-4.4015999309506825e-09,0.2935671083298931,999,1000
ct_w6_i1,6,adam,450,False,,0,0.0,-10.999998814486164,1.0000011855138364,3.4670738206579385e-22,57619,0.9999681547031387,1.0,7,True,0.000388357738962714,1.0003884331595925,3.0341311302724323e-07,0.002087075196575687,311654327409.3361,49,1.2405844942304237e-15,0.0003866335261438341,13.21962264004214,0.6487503939417955,1.540337348459558,10.060149560830228,1.1730262868159491,0.002196914257211857,0.2573717704730409,-3.852643280538369e-09,0.2884675645005784,999,1000
ct_w6_i1,6,adam,475,False,,0,0.0,-10.99999890499129,1.0000010950087095,2.736520427116494e-22,57619,0.9999695343988446,1.0,7,True,0.0003727482804842086,1.000372817759757,2.8017060836299103e-07,0.0019271979437204356,341299636141.7555,49,1.0846586084736565e-15,0.0003701935884100818,13.267318075926097,0.6474602025275563,1.5428204012697124,10.111013323104675,1.1770596241781823,0.002096806638590014,0.2575216831270838,-3.39435886497653e-09,0.2837018511424218,999,1000
ct_w6_i1,6,adam,500,False,,0,0.0,-10.999998984963037,1.000001015036963,2.182283173805926e-22,57619,0.9999707951885988,1.0,7,True,0.00035843789325713056,1.0003585021397947,2.596438207942356e-07,0.0017860011814160952,372256878669.8032,49,9.540320479774108e-16,0.0003551449923310309,13.312938037453542,0.6462343260000256,1.5451942609404825,10.159622766802507,1.1809014320303297,0.0020058655780768506,0.25765690046861245,-3.008418782744482e-09,0.2792310592887414,999,1000
ct_w6_i1,6,adam,525,False,,0,0.0,-10.999999056029974,1.0000009439700257,1.7567434257000554e-22,57619,0.999971952164995,1.0,7,True,0.00034526515481082446,1.0003453247656846,2.414110742735784e-07,0.0016605843441243643,404514934853.9172,49,8.437613017117986e-16,0.00034131404799420454,13.356666156997896,0.645066700942973,1.5474686089466472,10.206179445000934,1.1845693871661955,0.0019228991402418575,0.2577795163444712,-2.680819101075672e-09,0.27502254607920934,999,1000
ct_w6_i1,6,adam,550,False,,0,0.0,-10.999999119511628,1.000000880488372,1.4264187217384888e-22,57619,0.9999730179522739,1.0,7,True,0.00033309464256568033,1.0003331501247463,2.251310606611859e-07,0.0015485996896994645,438094762478.1835,49,7.499633776801126e-16,0.0003285550278121051,13.398662931681354,0.6439520650155255,1.5496519071287769,10.250859296932548,1.188078865705256,0.001846912102082861,0.2578911325259827,-2.4007249587562816e-09,0.2710488187423659,999,1000
ct_w6_i1,6,adam,575,False,,0,0.0,-10.999999176487039,1.000000823512961,1.1674137270512867e-22,57619,0.9999740031921456,1.0,7,True,0.00032181187677051256,1.0003218636637676,2.1052497249007232e-07,0.0014481293967817306,473014278364.56146,49,6.696304127704021e-16,0.0003167447464675552,13.439069435927928,0.6428858234752333,1.5517515932850778,10.293816788662312,1.191443322073217,0.001777067893809197,0.25799330272867865,-2.1596595052388812e-09,0.26728628165056006,999,1000
ct_w6_i1,6,adam,600,False,,0,0.0,-10.99999922784622,1.0000007721537791,9.624407507746858e-23,57619,0.9999749169193439,1.0,7,True,0.0003113194002283781,1.000311367865142,1.9736299767724663e-07,0.001357592666527307,509254557196.2701,49,6.00443035493942e-16,0.00030577835216205173,13.478010321669103,0.6418639420748512,1.553774239108576,10.335188254762388,1.1946745938233194,0.0017126573867382502,0.25808704204650934,-1.950919325417689e-09,0.26371485838563224,999,1000
ct_w6_i1,6,adam,625,False,,0,0.0,-10.999999274328985,1.0000007256710148,7.988342937068889e-23,57619,0.9999757668546634,1.0,7,True,0.00030153371124099133,1.0003015791771002,1.854542834895329e-07,0.00127567668815608,546818512132.3452,49,5.40519431009786e-16,0.000295566031043393,13.51559625835423,0.6408828604459785,1.55572567842729,10.375094613389283,1.1977831486833292,0.001653076394196359,0.2581733439598108,-1.769154493177397e-09,0.2603169955672179,999,1000
ct_w6_i1,6,adam,650,False,,0,0.0,-10.999999316554769,1.000000683445231,6.672067134821832e-23,57619,0.9999765596363844,1.0,7,True,0.0002923828348940265,1.0002924255829213,1.7463914649379197e-07,0.0012012830538593571,585727492917.83,49,4.883335621829415e-16,0.00028603039308504753,13.551925943854364,0.6399394214649818,1.5576111133838222,10.413643598235565,1.2007782864344552,0.0015978068541144502,0.25825314158245977,-1.610056914355911e-09,0.25707743532029537,999,1000
ct_w6_i1,6,adam,675,False,,0,0.0,-10.999999355045716,1.0000006449542838,5.605245345290327e-23,57619,0.9999773010042101,1.0,7,True,0.0002838043880436639,1.0002838446643192,1.6478303767369496e-07,0.0011334862468989134,625955362198.7421,49,4.4269033468782594e-16,0.0002771043887914004,13.587087767068418,0.6390308132154383,1.5594352022121187,10.450931601688499,1.2036683051144235,0.0015464017148717818,0.2583269994475677,-1.47012833491226e-09,0.2539828373529805,999,1000
ct_w6_i1,6,adam,700,False,,0,0.0,-10.999999390244634,1.0000006097553662,4.7346505584407556e-23,57619,0.9999779959468472,1.0,7,True,0.0002757440230511675,1.000275782043929,1.5577194915981984e-07,0.0010715020460718113,667593558175.9725,49,4.02534787834408e-16,0.0002687296312999826,13.621161191452524,0.6381545209751902,1.561202132275404,10.48704520687658,1.2064606387670795,0.0014984737473570683,0.2583956586753339,-1.3465079633645366e-09,0.2510214342400594,999,1000
ct_w6_i1,6,adam,725,False,,0,0.0,-10.999999422529305,1.0000005774706953,4.019624789772459e-23,57619,0.9999786488215804,1.0,7,True,0.00026815416377883164,1.0002681901203205,1.4750863463814025e-07,0.0010146615271910318,710599085791.8456,49,3.6709171097965703e-16,0.0002608550342239087,13.65421791505849,0.6373082871618365,1.5629156812155935,10.52206247119007,1.2091619725850065,0.001453685387962414,0.258459523038635,-1.2368383575105323e-09,0.24818277027966115,999,1000
ct_w6_i1,6,adam,750,False,,0,0.0,-10.999999452223664,1.0000005477763363,3.428839360697557e-23,57619,0.9999792634512372,1.0,7,True,0.00026099297855634277,1.000261027040187,1.399097808326271e-07,0.0009623916066801562,754960520920.6753,49,3.3569398204179237e-16,0.00025343570355220737,13.686322840882676,0.6364900777195875,1.5645792675502141,10.556054001708212,1.211778339717071,0.0014117414000855161,0.2585191138953749,-1.13916555750457e-09,0.24545762492093395,999,1000
ct_w6_i1,6,adam,775,False,,0,0.0,-10.999999479606974,1.0000005203930264,2.9379563295544196e-23,57619,0.9999798432044746,1.0,7,True,0.00025422352749892435,1.0002542558450385,1.3290356309608174e-07,0.0009141982273174142,800651932249.068,49,3.0778919957175277e-16,0.0002464320173625179,13.717534920774348,0.6356980539702356,1.56619599647939,10.589083880186875,1.2143152024158839,0.0013723823632934304,0.25857483209933296,-1.051858741648329e-09,0.242837664054603,999,1000
ct_w6_i1,6,adam,800,False,,0,0.0,-10.999999504921025,1.0000004950789751,2.52792358312045e-23,57619,0.9999803910611693,1.0,7,True,0.0002478130671222448,1.0002478437753168,1.2642784806727115e-07,0.000869653994927862,847805159746.2184,49,2.828584761259044e-16,0.00023980887553749428,13.747907849472544,0.6349305485509786,1.5677686955589993,10.62121043344736,1.2167775215776127,0.001335379366676595,0.2586271038995683,-9.735501423795784e-10,0.2403155121021051,999,1000
ct_w6_i1,6,adam,825,False,,0,0.0,-10.999999528376188,1.000000471623812,2.183719225840697e-23,57619,0.9999809096673664,1.0,7,True,0.00024173246444070452,1.0002417616840873,1.2042857096498655e-07,0.000828387016343326,896403099786.8809,49,2.6052460999086366e-16,0.00023353506796657838,13.777490670005111,0.6341860449146243,1.569299946526028,10.652486900950102,1.219169816080583,0.001300529437830433,0.2586759715326685,-9.030852744178763e-10,0.2378845213959131,999,1000
ct_w6_i1,6,adam,850,False,,0,0.0,-10.999999550156156,1.000000449843844,1.893418565920304e-23,57619,0.9999814013810604,1.0,7,True,0.00023595570780873072,1.0002359835475463,1.1485856169259693e-07,0.0007900728245764818,946359330146.168,49,2.4048238141334413e-16,0.00022758274538628762,13.806328300678654,0.6334631598948606,1.5707921136677494,10.68296201205151,1.2214962132926248,0.001267652607834373,0.25872187630712357,-8.394858935489382e-10,0.23553858826313775,999,1000
ct_w6_i1,6,adam,875,False,,0,0.0,-10.999999570422032,1.0000004295779679,1.6474949674600908e-23,57619,0.999981868310474,1.0,7,True,0.00023045949735163334,1.0002304860551816,1.0967644684307197e-07,0.0007544268260883446,997728676410.9171,49,2.2243219363897857e-16,0.00022192697815059492,13.83446198254323,0.6327606286703688,1.5722473673330664,10.71268047874926,1.2237604927052825,0.001236588134723326,0.2587649730501047,-7.819181967685132e-10,0.23327225432704868,999,1000
ct_w6_i1,6,adam,900,False,,0,0.0,-10.999999589315598,1.000000410684402,1.438291582653803e-23,57619,0.9999823123466165,1.0,7,True,0.00022522289568178695,1.0002252482602623,1.0484583846931202e-07,0.0007211987206163839,244340401986.94672,48,8.862446717125224e-16,0.00021654537934502735,13.861929668123524,0.6320772916781005,1.5736677041422622,10.74168342435819,1.2259661239978308,0.0012071924145811285,0.2588056006383497,-7.29668843984649e-10,0.23108050864330434,999,1000
ct_w6_i1,6,adam,925,False,,0,0.0,-10.99999960696208,1.0000003930379204,1.2596191605110509e-23,57619,0.9999827351905398,1.0,7,True,0.00022022703530902144,1.0002202512870628,1.0033459346960036e-07,0.00069016740673995,257159046964.81058,48,8.221285266119248e-16,0.0002114177883861065,13.888766370296334,0.63141208361328,1.5750549666274707,10.770008760620422,1.2281162989658077,0.001179336531517273,0.25884396633723444,-6.821245824686947e-10,0.22895882427289074,999,1000
ct_w6_i1,6,adam,950,False,,0,0.0,-10.999999623472414,1.000000376527586,1.1064476851962093e-23,57619,0.9999831383768071,1.0,7,True,0.000215454866008802,1.0002154780780754,9.611425778661449e-08,0.0006611371587150656,270345442757.62866,48,7.639337150454852e-16,0.00020652599843145182,13.915004445540033,0.6307640232557081,1.5764108564444737,10.797691507058484,1.230213961283697,0.0011529043584441441,0.2588801009216399,-6.387564722961173e-10,0.22690309027766314,999,1000
ct_w6_i1,6,adam,975,False,,0,0.0,-10.999999638945237,1.000000361054763,9.746682698814726e-24,57619,0.9999835232932859,1.0,7,True,0.00021089094165915545,1.000210913180717,9.215953247839429e-08,0.0006339339537589391,283900666106.81647,48,7.110005424929451e-16,0.000201853527616055,13.940673855875591,0.6301322050356689,1.577736948627071,10.824764076179136,1.2322618310755447,0.0011277911571182203,0.2589141468757025,-5.991061763602869e-10,0.22490956509342155,999,1000
ct_w6_i1,6,adam,999,False,,0,0.0,-10.999999652904743,1.0000003470952574,8.651490560574463e-24,57619,0.9999838767943904,1.0,7,True,0.00020669245409209638,1.0002067138164492,8.859193277528539e-08,0.000609393653646726,297268283463.9723,48,6.645861649155242e-16,0.00019756038845834226,13.96480732207563,0.6295401623196409,1.5789833217427047,10.850207615622233,1.2341832804834363,0.0,,0.0,,999,1000
ct_w6_i1,6,armijo_gd,0,False,1.0,1,0.0,-10.999339344488108,1.0006606555118918,3.0804439498919063e-12,57619,0.9953090194936322,1.0,7,True,0.03527162859401891,1.035901050933617,0.0001453771831149449,1.0,638019691.6401001,52,8.318603506469446e-11,0.053074328440738915,9.280960383535072,0.7910242909836719,1.318566057867759,5.6779499577716335,0.7734082877179328,0.001048329776006903,0.1920333252525134,-1.0989953192626834e-06,0.5779924540382103,999,1000
ct_w6_i1,6,armijo_gd,25,False,1.0,1,0.0,-10.999365668280271,1.0006343317197288,2.828972339516629e-12,57619,0.9953920125747362,1.0,7,True,0.03469174659614997,1.035300524696612,0.0001391715786133835,0.9573137656914509,668694144.0105588,52,7.81858388550335e-11,0.052282412586914115,9.298488625496825,0.7900650187405248,1.3194542928586908,5.70018790560923,0.775914691351843,0.0010035805255556435,0.19343916212289128,-1.0071738712745416e-06,0.5697840466855869,999,1000
ct_w6_i1,6,armijo_gd,50,False,1.0,1,0.0,-10.99938984211678,1.0006101578832194,2.604942814203521e-12,57619,0.9954705459983956,1.0,7,True,0.03414318670123541,1.0347327560913604,0.0001335084756195796,0.9183592140041598,699589510.4109004,52,7.364941666539822e-11,0.05152435934699435,9.315389806073622,0.7891439030087656,1.320311455471958,5.721590226164007,0.7783223696080819,0.0009627433091108562,0.19473966823703806,-9.268746792377216e-07,0.5619945511952931,999,1000
ct_w6_i1,6,armijo_gd,75,False,1.0,1,0.0,-10.999412129847114,1.000587870152886,2.4046382837451335e-12,57619,0.9955450350919733,1.0,7,True,0.03362298521128768,1.0341946265499737,0.00012831722809751318,0.8826503949801877,730703099.0427086,52,6.951909604086412e-11,0.05079781891970711,9.33171081342568,0.78825794258348,1.3211398125397829,5.742221188076836,0.7806390822530982,0.0009253086908619845,0.19594630025416282,-8.561961733847196e-07,0.5545982499407349,999,1000
ct_w6_i1,6,armijo_gd,100,False,1.0,1,0.0,-10.99943275269793,1.0005672473020706,2.224938828227608e-12,57619,0.99561583919995,1.0,7,True,0.033128582992311355,1.0336834448068606,0.0001235391750047832,0.8497837993401267,762032447.2266924,52,6.574610441519951e-11,0.05010066484313613,9.347493199591781,0.7874044874947709,1.3219413776419768,5.7621376183525514,0.7828716800665405,0.00089085366001653,0.1970689160323124,-7.936202435648472e-07,0.5475702502176828,999,1000
ct_w6_i1,6,armijo_gd,125,False,1.0,1,0.0,-10.999451897694689,1.000548102305311,2.063211349912392e-12,57619,0.9956832715456846,1.0,7,True,0.032657753807407285,1.0331968710286497,0.00011912517641729156,0.8194214103261531,793574511.0104655,52,6.228900570478683e-11,0.049430967243504306,9.362773988419908,0.786581184992719,1.3227179490202088,5.781390040964663,0.7850262447948246,0.0008590238635424768,0.19811604398083663,-7.379219981354437e-07,0.5408867719747127,999,1000
ct_w6_i1,6,armijo_gd,150,False,1.0,1,0.0,-10.999469724139463,1.0005302758605374,1.9172221658286093e-12,57619,0.9957476069725205,1.0,7,True,0.03220854804948444,1.032732857271744,0.00011503373691589572,0.791277795119626,825326484.8368409,52,5.911232805820391e-11,0.04878696992679959,9.37758633255415,0.785785935707924,1.3234711404457586,5.800023601428681,0.7871082027116667,0.0008295200737169936,0.1990950994356543,-6.881035526994465e-07,0.5345253133484267,999,1000
ct_w6_i1,6,armijo_gd,175,False,1.0,1,0.0,-10.999486368652967,1.000513631347033,1.7850672638675245e-12,57619,0.9958090880953092,1.0,7,True,0.03177924803659205,1.032289600194745,0.00011122955871783829,0.7651101523262615,857285648.0018362,52,5.618555586998925e-11,0.04816707067234711,9.391960052653443,0.785016857742146,1.3242024065878828,5.8180788245460135,0.7891224176149539,0.000802087754608797,0.20001256039466794,-6.433447660933819e-07,0.5284647283821874,999,1000
ct_w6_i1,6,armijo_gd,200,False,1.0,1,0.0,-10.999501949141997,1.0004980508580026,1.6651162711635296e-12,57619,0.9958679302435336,1.0,7,True,0.031368332107820564,1.0318655030950141,0.00010768241334142022,0.7407105505427171,889449150.6830454,52,5.348232012169175e-11,0.04756980420879747,9.405922083721286,0.784272257006497,1.324913064043144,5.835592240689703,0.7910732676269001,0.0007765089255363963,0.2008741105711477,-6.029661114376886e-07,0.5226852464360063,999,1000
ct_w6_i1,6,armijo_gd,225,False,1.0,1,0.0,-10.9995165679524,1.0004834320476004,1.55596714943748e-12,57619,0.995924325473873,1.0,7,True,0.030974445501363246,1.0314591451284136,0.00010436625283941262,0.7178998148347234,921813810.6491135,52,5.097973897304488e-11,0.04699382744863963,9.419496847418328,0.7835506025310444,1.3256043089047709,5.85259690745314,0.7929647091088352,0.0007525957520810828,0.20168475739491876,-5.664003660504907e-07,0.5171684512409088,999,1000
ct_w6_i1,6,armijo_gd,250,False,1.0,1,0.0,-10.999530314397681,1.0004696856023187,1.4564093422381248e-12,57619,0.9959784458577041,1.0,7,True,0.03059637651910967,1.031069256126292,0.00010125850287005987,0.696522664013913,954377232.4002534,52,4.8657810619536836e-11,0.04643790663372922,9.432706564859206,0.7828505057660204,1.3262772315474027,5.869122847256279,0.7948003302324906,0.0007301854483494367,0.2024489294037745,-5.331707889812679e-07,0.5118972332508336,999,1000
ct_w6_i1,6,armijo_gd,275,False,1.0,1,0.0,-10.999543266804324,1.0004567331956764,1.3653936267998624e-12,57619,0.9960304461975307,1.0,7,True,0.030233036855248176,1.0306946958197818,9.833949554494112e-05,0.6764438093919275,987136387.1995387,52,4.6499051903351406e-11,0.04590090610407814,9.445571521140456,0.7821707031155297,1.3269328291514126,5.885197416867735,0.7965833961766517,0.0007091361871810955,0.20317055727351643,-5.028741319697416e-07,0.5068557266414084,999,1000
ct_w6_i1,6,armijo_gd,300,False,1.0,1,0.0,-10.999555494179008,1.000444505820992,1.2820073183062452e-12,57619,0.9960804662890947,1.0,7,True,0.029883445236835633,1.0303344365684572,9.55920106463364e-05,0.6575447989713419,1020088471.5354055,52,4.448808090523711e-11,0.04538177845216679,9.45811029041647,0.7815100411090597,1.3275720163775642,5.900845621345246,0.7983168874912993,0.0006893237918201308,0.2038531417014522,-4.7516728996928304e-07,0.5020292376023688,999,1000
ct_w6_i1,6,armijo_gd,325,False,1.0,1,0.0,-10.999567057577549,1.0004329424224512,1.2054537727632972e-12,57619,0.9961286328187255,1.0,7,True,0.02954671372207208,1.0299875489002013,9.300090176755834e-05,0.6397214457926704,1053230851.8079554,52,4.261131905404036e-11,0.04487955586394749,9.470339928490183,0.7808674637413607,1.3281956345167318,5.916090382264882,0.8000035328462727,0.0006706390399746423,0.20449981044722862,-4.4975672193810984e-07,0.49740416768567797,999,1000
ct_w6_i1,6,armijo_gd,350,False,1.0,1,0.0,-10.999578011236537,1.0004219887634633,1.1350353618109631e-12,57619,0.9961750609653279,1.0,7,True,0.02922203614928146,1.0296531893252847,9.055278948088416e-05,0.6228817173413457,1086561000.7827017,52,4.085674200416565e-11,0.04439334248076688,9.482276138479786,0.78024200160653,1.3288044593742039,5.930952768109626,0.8016458371343312,0.000652985451219248,0.20511336667682223,-4.263899995040048e-07,0.4929679372829016,999,1000
ct_w6_i1,6,armijo_gd,375,False,1.0,1,0.0,-10.999588403514927,1.0004115964850726,1.0701392669209489e-12,57619,0.9962198557613405,1.0,7,True,0.028908678339404026,1.0293305900040925,8.823580769216984e-05,0.6069439908077234,1120076222.280275,52,3.9213677397958166e-11,0.043922307641622395,9.493933414022635,0.779632762526353,1.3293992080967822,5.945452193126829,0.8032461057059359,0.0006362774579321965,0.20569632966023793,-4.0484900347265805e-07,0.48870891048389464,999,1000
ct_w6_i1,6,armijo_gd,400,False,1.0,1,0.0,-10.999598277681741,1.0004017223182586,1.0102255746747697e-12,57619,0.996263113255474,1.0,7,True,0.028605969739044952,1.0290190499371934,8.603939301873901e-05,0.5918356042895021,1153774042.2967541,52,3.7672610316363754e-11,0.04346567988858141,9.50532516363345,0.7790389234300865,1.3299805451116542,5.95960658976438,0.8048064653648972,0.0006204388864777238,0.20625096990657316,-3.849444118537178e-07,0.484616322335626,999,1000
ct_w6_i1,6,armijo_gd,425,False,1.0,1,0.0,-10.999607672579058,1.0003923274209416,9.548172592523976e-13,57619,0.9963049215114491,1.0,7,True,0.028313296254125445,1.0287179274132383,8.39541085575739e-05,0.5774916445532872,1187651915.7309563,52,3.622504293104065e-11,0.043022741634486564,9.51646381916503,0.7784597232880717,1.3305490873149437,5.973432558846173,0.806328882636849,0.0006054016863804055,0.20677933905187548,-3.6651120187223893e-07,0.4806802107695819,999,1000
ct_w6_i1,6,armijo_gd,450,False,1.0,1,0.0,-10.999616623182833,1.000383376817167,9.034917199088776e-13,57619,0.9963453614700453,1.0,7,True,0.02803009407458569,1.0284266335035452,8.197149570549208e-05,0.5638539277561868,1221707511.9955003,52,3.486335640078156e-11,0.04259282440821124,9.527360930781912,0.7778944569377068,1.3311054086227638,5.986945500886205,0.8078151797287492,0.0005911048617852557,0.20728329533907838,-3.494049576261663e-07,0.47689135184734066,999,1000
ct_w6_i1,6,armijo_gd,475,False,1.0,1,0.0,-10.999625161079452,1.000374838920548,8.55873605235605e-13,57619,0.9963845076966429,1.0,7,True,0.027755844328200708,1.0281446264320828,8.008394900725906e-05,0.5508701385687144,1255938575.0774584,52,3.3580706446454556e-11,0.04217530460445455,9.538027250444145,0.7773424696683051,1.331650043978378,6.000159731353739,0.8092670485250845,0.0005774935689746319,0.20776452597754386,-3.33498822207058e-07,0.4732412004777542,999,1000
ct_w6_i1,6,armijo_gd,500,False,1.0,1,0.0,-10.999633314872792,1.000366685127208,8.11628706792645e-13,57619,0.9964224290322393,1.0,7,True,0.027490068432381963,1.0278714066821817,7.828460995203315e-05,0.5384930996367987,1290342431.3515098,52,3.237094174486671e-11,0.04176959967620939,9.548472805549256,0.7768031524546423,1.332183492892644,6.013088582210372,0.8106860629061088,0.0005645183505235081,0.20822456627581923,-3.1868096807778236e-07,0.46972183455378885,999,1000
ct_w6_i1,6,armijo_gd,525,False,1.0,1,0.0,-10.999641110533318,1.000358889466682,7.704587449489766e-13,57619,0.9964591891627336,1.0,7,True,0.027232324036141644,1.0276065127259866,7.656727629417246e-05,0.5266801478305799,1324917212.1765635,52,3.122849060720148e-11,0.04137516471577538,9.558706964122848,0.7762759377468628,1.332706222583447,6.02574449166896,0.812073689627133,0.0005521344814025144,0.20866481637631593,-3.0485248555362353e-07,0.46632590410108554,999,1000
ct_w6_i1,6,armijo_gd,550,False,1.0,1,0.0,-10.999648571698657,1.000351428301343,7.320969019973083e-13,57619,0.9964948471186087,1.0,7,True,0.02698220146385548,1.027349517283246,7.492632441539901e-05,0.5153926002002478,1359660289.868579,52,3.0148331670650524e-11,0.04099148937837075,9.568738492703542,0.7757602957400831,1.333218670767557,6.038139083787893,0.8134312979573287,0.000540301409123541,0.20908655567089213,-2.919256127008841e-07,0.46304658482374045,999,1000
ct_w6_i1,6,armijo_gd,575,False,1.0,1,0.0,-10.999655719933566,1.0003442800664342,6.963039834554098e-13,57619,0.9965294577150963,1.0,7,True,0.026739320587546,1.0271000240320085,7.335664250801497e-05,0.5045952943662027,1394570097.0206366,52,2.9125889903441656e-11,0.04061809510845501,9.57857560789676,0.7752557310590207,1.3337212481509626,6.050283239266124,0.8147601682453873,0.0005289822719170585,0.20949095543545646,-2.7982224400253285e-07,0.4598775339987052,999,1000
ct_w6_i1,6,armijo_gd,600,False,1.0,1,0.0,-10.99966257495537,1.0003374250446306,6.628651092678297e-13,57619,0.9965630719412337,1.0,7,True,0.026503328066536165,1.0268576647066268,7.185357305480743e-05,0.4942561928579618,1429644471.9449074,52,2.8157023248681802e-11,0.040254532633902176,9.588226022428628,0.774761779802622,1.3342143406569675,6.0621871586022165,0.8160614995544581,0.0005181434839488118,0.20987909035419341,-2.6847266995861256e-07,0.45681285253901566,999,1000
ct_w6_i1,6,armijo_gd,625,False,1.0,1,0.0,-10.999669154830485,1.0003308451695148,6.315868535198469e-13,57619,0.9965957373048195,1.0,7,True,0.02627389490365371,1.0266220965293924,7.041286264333211e-05,0.48434603790375413,1464880825.1231575,52,2.7237969815625392e-11,0.03990037969819298,9.59769698639728,0.7742780069024798,1.334698311425018,6.073860418593333,0.8173364164859174,0.0005077543734254736,0.2102519477492429,-2.578145037326953e-07,0.4538470482472573,999,1000
ct_w6_i1,6,armijo_gd,650,False,1.0,1,0.0,-10.999675476145903,1.000324523854097,6.022947650010839e-13,57619,0.9966274981392181,1.0,7,True,0.026050714274851318,1.026392999930259,6.903061870879284e-05,0.47483805387955985,1500278019.0682385,52,2.6365272636827005e-11,0.03955523900377285,9.606995324312981,0.7738040037556261,1.3351735026078573,6.0853120230043505,0.8185859752939266,0.0004977868706631126,0.2106104366524521,-2.4779176860457446e-07,0.4509750032717887,999,1000
ct_w6_i1,6,armijo_gd,675,False,1.0,1,0.0,-10.999681554159622,1.000318445840378,5.748312121996905e-13,57619,0.9966583958769853,1.0,7,True,0.025833499596295342,1.0261700765167023,6.770327150381655e-05,0.4657076857121783,1535833448.2978582,52,2.5535800374531583e-11,0.03921873634426258,9.616127468445,0.7733393860978264,1.3356402369919638,6.096550448126549,0.8198111693784101,0.00048821523384734114,0.21095539525769613,-2.3835411456061398e-07,0.4481919438118905,999,1000
ct_w6_i1,6,armijo_gd,700,False,1.0,1,0.0,-10.999687402932906,1.0003125970670936,5.49053505425577e-13,57619,0.9966884692945731,1.0,7,True,0.02562198279807187,1.0259530472611604,6.642754091686061e-05,0.4569323706343833,1571545396.162851,52,2.474667228823782e-11,0.038890518904930955,9.625099488912932,0.7728837920882876,1.3360988194616907,6.107583683839081,0.8210129342316758,0.00047901580975744616,0.2112875974929617,-2.2945614599758187e-07,0.445493413051612,999,1000
ct_w6_i1,6,armijo_gd,725,False,1.0,1,0.0,-10.99969303544682,1.0003069645531806,5.248322564106134e-13,57619,0.9967177547317289,1.0,7,True,0.02541591277846546,1.0257416508785726,6.520040734945996e-05,0.44849133785945056,1607412263.8009863,52,2.3995246634915814e-11,0.03857025371389303,9.633917120900469,0.7724368805810453,1.3365495383253285,6.118419270698277,0.8221921519026566,0.00047016682375923405,0.21160775950484337,-2.2105684216384664e-07,0.4428752466233424,999,1000
ct_w6_i1,6,armijo_gd,750,False,1.0,1,0.0,-10.99969846370534,1.0003015362946606,5.020499418969693e-13,57619,0.9967462862887094,1.0,7,True,0.025215054016347004,1.0255356423703235,6.401908605031889e-05,0.4403654320341393,1643432172.6507561,52,2.3279102639553226e-11,0.03825762622828091,9.642585789322348,0.7719983295611494,1.3369926665185254,6.12906433351678,0.8233496550353459,0.00046164819472553224,0.21191654446892258,-2.1311905569334295e-07,0.4403335488112764,999,1000
ct_w6_i1,6,armijo_gd,775,False,1.0,1,0.0,-10.99970369882671,1.0002963011732895,4.805996430085148e-13,57619,0.9967740960039024,1.0,7,True,0.025019185322883875,1.0253347917147724,6.288100441267298e-05,0.43253695707499756,1679603610.236954,52,2.259600944591937e-11,0.03795233904231449,9.651110631223608,0.7715678347273626,1.337428462698532,6.139525611820222,0.8244862305286883,0.00045344137132513965,0.2122145676431776,-2.056090772292232e-07,0.4378646730730412,999,1000
ct_w6_i1,6,armijo_gd,800,False,1.0,1,0.0,-10.999708751124677,1.0002912488753228,4.603839363835826e-13,57619,0.9968012140142529,1.0,7,True,0.024828098715513086,1.025138882686396,6.178378196284565e-05,0.4249895385164759,1715923515.4483786,52,2.1943933027835312e-11,0.03765411070388695,9.659496516166797,0.771145108204684,1.3378571722413997,6.149809487536027,0.8256026228611,0.00044552918771825425,0.21250240059439718,-1.9849625710888742e-07,0.43546520172248354,999,1000
ct_w6_i1,6,armijo_gd,825,False,1.0,1,0.0,-10.999713630180791,1.000286369819209,4.4131391674433476e-13,57619,0.9968276687003723,1.0,7,True,0.024641598400508405,1.024947711789122,6.072521249454298e-05,0.41770800061884245,1752392463.1495812,52,2.1320951451138112e-11,0.037362674630152554,9.667748064816426,0.7707298773728724,1.3382790281520514,6.15992201020615,0.8266995371153296,0.00043789573472504246,0.21278057487579832,-1.9175267449038474e-07,0.43313192955208885,999,1000
ct_w6_i1,6,armijo_gd,850,False,1.0,1,0.0,-10.999718344909047,1.0002816550909532,4.233083335172882e-13,57619,0.9968534868181221,1.0,7,True,0.024459499851459357,1.024761087290495,5.9703248263246055e-05,0.41067825764680477,1789007164.092948,52,2.0725337972892063e-11,0.037077778111751516,9.67586966591723,0.7703218837983431,1.3386942518968368,6.169868919993896,0.8277776417363085,0.00043052624584978007,0.21304958563369208,-1.8535284836550526e-07,0.4308618476282981,999,1000
ct_w6_i1,6,armijo_gd,875,False,1.0,1,0.0,-10.99972290361369,1.0002770963863092,4.062928266823749e-13,57619,0.9968786936181308,1.0,7,True,0.024281628973123026,1.0245788283455737,5.871598584133417e-05,0.40388721657173254,1825766731.2138999,52,2.0155467162620224e-11,0.03679918139758622,9.683865491824442,0.7699208822587894,1.339103054165753,6.1796556687076665,0.8288375710495018,0.0004234069952806959,0.21330989459087862,-1.7927348365262724e-07,0.4286521288090118,999,1000
ct_w6_i1,6,armijo_gd,900,False,1.0,1,0.0,-10.999727314041047,1.0002726859589526,3.9019924912716235e-13,57619,0.9969033129545591,1.0,7,True,0.02410782134124276,1.024400764200646,5.77616534542135e-05,0.39732268996121134,1862669242.549331,52,1.960984592324732e-11,0.03652665685236417,9.691739512740646,0.7695266398508426,1.3395056355722141,6.189287439051197,0.829879927564803,0.00041652520656949686,0.21356193278206528,-1.7349324770776204e-07,0.42650011407084504,999,1000
ct_w6_i1,6,armijo_gd,925,False,1.0,1,0.0,-10.999731583426167,1.0002684165738334,3.749650645832947e-13,57619,0.996927367384272,1.0,7,True,0.023937921510140913,1.0242267334681425,5.6838599682782734e-05,0.39097331826716125,1899713314.1287107,52,1.908708430396104e-11,0.03625998818013192,9.699495509784041,0.7691389351723286,1.3399021872958945,6.198769162276555,0.8309052840877846,0.0004098689711636887,0.21380610308099787,-1.679925735227807e-07,0.4244033013514623,999,1000
ct_w6_i1,6,armijo_gd,950,False,1.0,1,0.0,-10.999735718534737,1.0002642814652631,3.6053281175311436e-13,57619,0.9969508782573894,1.0,7,True,0.02377178238105366,1.0240565834653341,5.594528332378768e-05,0.38482850007867886,1936897815.5581763,52,1.8585889982896276e-11,0.03599896970807639,9.707137087001604,0.7687575575718907,1.3402928916743544,6.208105534394936,0.8319141856569695,0.00040342717528855384,0.21404278251348577,-1.6275348576130155e-07,0.4223593330730436,999,1000
ct_w6_i1,6,armijo_gd,975,False,1.0,1,0.0,-10.99973972570098,1.0002602742990199,3.468496264961094e-13,57619,0.9969738658001244,1.0,7,True,0.023609264624798135,1.0238901696100802,5.5080264214555014e-05,0.3788783290085136,1974220562.659476,52,1.810507214882128e-11,0.03574340572463636,9.714667682433754,0.7683823064591675,1.3406779227486263,6.217301031091394,0.8329071513247556,0.0003971894337833647,0.21427232426553194,-1.5775944630914985e-07,0.42036598672798214,999,1000
ct_w6_i1,6,armijo_gd,999,False,,0,0.0,-10.999743457726932,1.0002565422730676,3.343732553067228e-13,57619,0.9969954593034259,1.0,7,True,0.023456531891149383,1.023733800007202,5.4275216399486205e-05,0.3733406799922145,2010180030.9965036,52,1.7661613517919144e-11,0.03550302280889897,9.721795690514558,0.7680276516580289,1.3410423695247515,6.226000136960334,0.8338458652978926,0.0,,0.0,,999,1000
ct_w6_i1,6,damped_natural,0,False,1.0,1,0.0,-10.999339344488108,1.0006606555118918,3.0804439498919063e-12,57619,0.9953090194936322,1.0,7,True,0.03527162859401891,1.035901050933617,0.0001453771831149449,1.0,638019691.6401001,52,8.318603506469446e-11,0.053074328440738915,9.280960383535072,0.7910242909836719,1.318566057867759,5.6779499577716335,0.7734082877179328,3.4312653598393736,0.7377304673943963,-0.0011207293831671252,0.9999896546918792,999,500
ct_w6_i1,6,damped_natural,25,False,1.0,1,0.0,-10.999999999589285,1.000000000410715,6.061855266924101e-27,57619,0.9957867348757268,1.0,7,True,0.03023711237653153,1.0306988964465111,1.0208401429360921e-10,7.022010752051426e-07,504575886419.1282,30,1.0484140074808519e-13,0.05290044271588813,21.53710439662532,0.6922518205770609,2.6777533596885195,15.542381126330676,1.0424761661897712,0.0481258310935432,0.2310088215735606,-2.4637265513142485e-11,0.7992550492165503,999,500
ct_w6_i1,6,damped_natural,50,False,1.0,1,0.0,-10.999999999835337,1.000000000164663,3.370058050547755e-28,57619,0.9957867371121346,1.0,7,True,0.030237081239700116,1.0306988643538137,4.266261895129322e-11,2.934615875557398e-07,734139220571.0858,28,7.205775332839766e-14,0.052900422864613425,22.12240626347308,0.6820834178459652,2.710123038952927,16.177548807281838,1.0721186816327475,0.019340046625653477,0.2486249911684028,-3.840384621144656e-12,0.7369181796133475,999,500
ct_w6_i1,6,damped_natural,75,False,1.0,1,0.0,-10.999999999896243,1.000000000103757,7.166800282695855e-29,57619,0.9957867382834388,1.0,7,True,0.030237065578847772,1.0306988482121913,2.7213899169671427e-11,1.871951195267988e-07,838509306344.5109,27,6.30886403150803e-14,0.052900412028816325,22.42868950049987,0.6770664087626806,2.7274344357558244,16.505764328503112,1.086927241417645,0.012204110063639589,0.25322293997860307,-1.5193980125600353e-12,0.6658844926233249,999,500
ct_w6_i1,6,damped_natural,100,False,1.0,1,0.0,-10.999999999924144,1.0000000000758558,2.4647372432818115e-29,57619,0.9957867390880468,1.0,7,True,0.03023705497132833,1.030698837279033,2.0008757706033802e-11,1.3763341177283332e-07,380535644951.8992,26,1.3901563546332361e-13,0.05290040449943396,22.63885771929186,0.6737174953481875,2.7393750033690005,16.72986674043671,1.0968825973400624,0.008924897046005182,0.25544415676844495,-8.104280399268372e-13,0.608401226886191,999,500
ct_w6_i1,6,damped_natural,125,False,1.0,1,0.0,-10.999999999940188,1.0000000000598117,1.0895266298697811e-29,57619,0.9957867397026694,1.0,7,True,0.030237046929263815,1.0306988289900867,1.5832104916842256e-11,1.0890364345775181e-07,477526684714.82886,26,1.1077998446834143e-13,0.05290039871592732,22.799350704672126,0.6712057678744836,2.7485099403507727,16.900499368249925,1.1043872350159512,0.007038778989811926,0.25685228714634695,-5.033696022450983e-13,0.5621398084831948,999,500
ct_w6_i1,6,damped_natural,150,False,1.0,1,0.0,-10.999999999950608,1.0000000000493916,5.621879500436216e-30,57619,0.9957867402004799,1.0,7,True,0.030237040446137845,1.0306988223079363,1.310080046886517e-11,9.011593283181723e-08,573267267913.9712,26,9.227876241549084e-14,0.05290039401641088,22.92936465741132,0.669198095159335,2.755915328312158,17.038445216361144,1.110409694997922,0.005810870543221784,0.25787288206792497,-3.4276634709733773e-13,0.5242226826311542,999,500
ct_w6_i1,6,damped_natural,175,False,1.0,1,0.0,-10.999999999957936,1.0000000000420641,3.2214572454253984e-30,57619,0.9957867406190872,1.0,7,True,0.03023703501189451,1.0306988167068682,1.1175077837546307e-11,7.686954443676726e-08,668062342505.6156,26,7.918481059370795e-14,0.05290039005609602,23.03875056003066,0.6675269992478118,2.7621477895912916,17.1543217472871,1.1154389168082357,0.004949050323866369,0.2586394335473902,-2.484906584948725e-13,0.4925183115341848,999,500
ct_w6_i1,6,damped_natural,200,False,1.0,1,0.0,-10.999999999963357,1.0000000000366427,1.9920644235902835e-30,57619,0.9957867409803106,1.0,7,True,0.03023703033347353,1.0306988118848253,9.74729752202115e-12,6.704833119729859e-08,762002998266.8597,26,6.942280641122975e-14,0.05290038663345684,23.133185789547262,0.6660970027825123,2.767528349816203,17.25423648254489,1.1197545112391283,0.004310977894558952,0.2593053969705779,-1.8847011388594247e-13,0.46560682182216395,999,500
ct_w6_i1,6,damped_natural,225,False,1.0,1,0.0,-10.999999999967542,1.0000000000324576,1.304640819536434e-30,57619,0.9957867412981186,1.0,7,True,0.030237026224574186,1.0306988076497876,8.638740486674602e-12,5.942294589546585e-08,855318054797.4835,26,6.184878633398895e-14,0.05290038361877261,23.216334560143164,0.664847617451129,2.7722661579043395,17.342114670661868,1.1235341651184514,0.003816008202865487,0.25972220700448034,-1.476331505552873e-13,0.44231476427214245,999,500
ct_w6_i1,6,damped_natural,250,False,1.0,1,0.0,-10.999999999970864,1.0000000000291358,8.939778433995301e-31,57619,0.9957867415818226,1.0,7,True,0.030237022561454767,1.0306988038742149,7.761390910517662e-12,5.338795775387248e-08,948042109970.0142,26,5.579961097605509e-14,0.05290038092524523,23.2906094190707,0.6637389499757411,2.7764976447838645,17.42054456081968,1.1268953075450823,0.003426031301577629,0.2602002870625204,-1.1897353555269344e-13,0.42211972500455086,999,500
ct_w6_i1,6,damped_natural,275,False,1.0,1,0.0,-10.999999999973571,1.0000000000264286,6.352943662842431e-31,57619,0.995786741838053,1.0,7,True,0.030237019256451825,1.0306988004677522,7.04448302600012e-12,4.845659322226846e-08,914674200216.8342,25,5.783521441664384e-14,0.05290037849091283,23.35774317579971,0.6627427660492088,2.7803215639550087,17.49137897073378,1.129921244949297,0.0031072752799462798,0.2606218001111708,-9.7848541565379e-14,0.4042267782272058,999,500
ct_w6_i1,6,damped_natural,300,False,1.0,1,0.0,-10.999999999975813,1.0000000000241869,4.65248390440898e-31,57619,0.99578674207167,1.0,7,True,0.030237016245589304,1.0306987973644597,6.452485523112137e-12,4.4384444552143864e-08,341942811708.2433,24,1.5470533217530937e-13,0.052900376270283045,23.41898691137577,0.6618387784400225,2.7838092059358583,17.555954642472145,1.1326719263684417,0.0028444499476829935,0.2610249028545662,-8.198515606490276e-14,0.3882900957228246,999,500
ct_w6_i1,6,damped_natural,325,False,1.0,1,0.0,-10.999999999977707,1.0000000000222933,3.493654901698742e-31,57619,0.9957867422863854,1.0,7,True,0.03023701348007224,1.0306987945140447,5.9478688429725234e-12,4.0913358723354416e-08,364974481199.25653,24,1.4494266573048644e-13,0.052900374228621545,23.475311961984776,0.6610114260590555,2.787016192848622,17.615306828928418,1.1351934414382654,0.0026202023229497905,0.2612520323274259,-6.956074924483941e-14,0.3739842608581829,999,500
ct_w6_i1,6,damped_natural,350,False,1.0,1,0.0,-10.999999999979323,1.0000000000206768,2.679801457981072e-31,57619,0.9957867424850606,1.0,7,True,0.030237010922593868,1.0306987918780548,5.520640785655629e-12,3.797460280469627e-08,387724677064.8951,24,1.364379815578655e-13,0.05290037233890951,23.52746456261406,0.6602488361754323,2.7899853663578784,17.67022976833737,1.1375210037634471,0.002431540877247292,0.2617354186230714,-5.989908783812263e-14,0.3611413383812001,999,500
ct_w6_i1,6,damped_natural,375,False,1.0,1,0.0,-10.999999999980721,1.0000000000192788,2.0937296110377133e-31,57619,0.9957867426698793,1.0,7,True,0.030237008544528307,1.0306987894269855,5.1467009946976746e-12,3.540239867372e-08,410195229179.8283,24,1.289638855289564e-13,0.05290037058047141,23.576009478926974,0.6595418845956584,2.792748526999994,17.721327505680126,1.1396816964369236,0.002264716451670904,0.2617217401171367,-5.1959044439691715e-14,0.34926047118549103,999,500
ct_w6_i1,6,damped_natural,400,False,1.0,1,0.0,-10.999999999981947,1.0000000000180531,1.6621058342353591e-31,57619,0.9957867428427127,1.0,7,True,0.03023700632148648,1.030698787135699,4.8202196922414256e-12,3.315664527926806e-08,432444282386.36346,24,1.2232875098719657e-13,0.05290036893587837,23.621427736121706,0.6588830269306414,2.795333421633602,17.769110591463587,1.1416979634085662,0.0021203368941368535,0.26188724373821703,-4.554301505056432e-14,0.3385008233517593,999,500
ct_w6_i1,6,damped_natural,425,False,1.0,1,0.0,-10.999999999983016,1.0000000000169837,1.3381946384134925e-31,57619,0.9957867430049272,1.0,7,True,0.030237004235391923,1.0306987849855638,4.5377702223258334e-12,3.121377182510112e-08,454467808184.9558,24,1.1640069206101226e-13,0.05290036739218023,23.664087562230748,0.6582662893735516,2.7977604826441906,17.813973865685185,1.1435875859607536,0.001996317366591622,0.2624139972724204,-4.0368970277572806e-14,0.3288121890592943,999,500
ct_w6_i1,6,damped_natural,450,False,1.0,1,0.0,-10.999999999983965,1.0000000000160352,1.0910521426508186e-31,57619,0.9957867431577665,1.0,7,True,0.030237002270515127,1.0306987829603678,4.286686789484089e-12,2.9486654629253263e-08,476263968427.6023,24,1.1107362606511074e-13,0.05290036593741321,23.704294124506,0.6576868567671303,2.8000471425672386,17.85624193167538,1.1453649034856228,0.0018851984577718131,0.26268356989612646,-3.5998728838749333e-14,0.3197578670763147,999,500
ct_w6_i1,6,damped_natural,475,False,1.0,1,0.0,-10.999999999984825,1.0000000000151754,8.992844431158124e-32,57619,0.9957867433023548,1.0,7,True,0.03023700041212208,1.0306987810449242,4.053130623157137e-12,2.7880101514640448e-08,497885120537.44366,24,1.0625014160700669e-13,0.052900364561124985,23.742354590816525,0.6571401771211773,2.8022118186683906,17.896236423864025,1.1470435341958134,0.001781481765698082,0.26252387902159485,-3.214630599944824e-14,0.3111522968133094,999,500
ct_w6_i1,6,damped_natural,499,False,,0,0.0,-10.999999999985558,1.0000000000144418,7.540174088736496e-32,57619,0.995786743434087,1.0,7,True,0.0302369987191685,1.030698779299999,3.861095835400858e-12,2.655915978470994e-08,518473776099.6338,24,1.0203093337713474e-13,0.05290036330701321,23.777054463990858,0.6566431454501024,2.8041847347213253,17.93268820238115,1.1485712195993134,0.0,,0.0,,999,500
ct_w6_i1,6,diagonal_fisher,0,False,1.0,1,0.0,-10.999339344488108,1.0006606555118918,3.0804439498919063e-12,57619,0.9953090194936322,1.0,7,True,0.03527162859401891,1.035901050933617,0.0001453771831149449,1.0,638019691.6401001,52,8.318603506469446e-11,0.053074328440738915,9.280960383535072,0.7910242909836719,1.318566057867759,5.6779499577716335,0.7734082877179328,7.002225417286045,0.29021129583387756,-0.0044108001453636355,0.9210625448462362,999,1000
ct_w6_i1,6,diagonal_fisher,25,False,1.0,1,0.0,-10.999998975995638,1.0000010240043622,3.140251661803305e-31,57619,0.9962779431548857,1.0,7,True,0.0270502157488689,1.027419394102407,7.905067530118156e-07,0.00543762601581562,692034876783.3698,25,6.831624601251185e-14,0.04727722489157102,16.8267338247679,0.5796491832428188,1.751798726125219,13.711535622501076,1.4057919211856746,0.023901055664697173,0.15094585741854913,-5.1155820741619664e-09,0.026572062181756347,999,1000
ct_w6_i1,6,diagonal_fisher,50,False,1.0,1,0.0,-10.99999908819928,1.0000009118007203,1.0891718769445643e-31,57619,0.9964684618628034,1.0,7,True,0.02584389710671315,1.0261807461862322,7.081682951300663e-07,0.004871247880557303,767831341096.9078,23,5.875525997934064e-14,0.0451141300664346,17.14517603090287,0.5727423086413221,1.7636823439506895,14.05450900634316,1.4312465867679327,0.012313274331562317,0.15936861578977432,-4.0072001311841665e-09,0.023931994715702325,999,1000
ct_w6_i1,6,diagonal_fisher,75,False,1.0,1,0.0,-10.999999180129961,1.0000008198700385,5.47680460936928e-32,57619,0.9966396430077126,1.0,7,True,0.024750925440491393,1.025059772414106,6.381201601093825e-07,0.004389410679424447,620800158690.9478,22,6.954895738123056e-14,0.04317600377905789,17.339387614302233,0.5686864799856903,1.771029566788807,14.26258901179492,1.4464109776506402,0.00833428655547071,0.16331412676363716,-3.3735509103460853e-09,0.022947478842028256,999,1000
ct_w6_i1,6,diagonal_fisher,100,False,1.0,1,0.0,-10.999999258311979,1.0000007416880212,3.2703452814156056e-32,57619,0.9967942858630716,1.0,7,True,0.023755707117998494,1.0240401216186863,5.779013376694046e-07,0.0039751859630715045,743317694969.5039,22,5.57365047418972e-14,0.041429930230403846,17.480403708185897,0.5658087778064045,1.7763980680863365,14.413230755657537,1.4572705912927493,0.0063072776867179586,0.165803304124537,-2.8934460387915507e-09,0.02226384236611221,999,1000
ct_w6_i1,6,diagonal_fisher,125,False,1.0,1,0.0,-10.999999325723977,1.0000006742760235,2.15923487340409e-32,57619,0.996934655593271,1.0,7,True,0.022845551400435336,1.023108509667264,5.257277201474798e-07,0.0036163014641149324,850278118409.7959,22,4.6866159776236086e-14,0.03984927015163088,17.591461099681812,0.5635801822141314,1.7806426791618426,14.531626362702346,1.4657388438212204,0.005076701488409679,0.16757458801140182,-2.5075185567044597e-09,0.0216974258404172,999,1000
ct_w6_i1,6,diagonal_fisher,150,False,1.0,1,0.0,-10.99999938436989,1.0000006156301104,1.5234086324010425e-32,57619,0.997062617129612,1.0,7,True,0.0220099285130477,1.0222539338815744,4.802185515336923e-07,0.0033032594334559333,944950334991.1445,22,4.06498685673974e-14,0.03841210692010817,17.683207035041146,0.5617633609367741,1.7841591649356932,14.629281231269832,1.4726805352433627,0.004250050550620353,0.16891865044372933,-2.1898984134698856e-09,0.021197472793147078,999,1000
ct_w6_i1,6,diagonal_fisher,175,False,1.0,1,0.0,-10.999999435750388,1.0000005642496124,1.1268179226550974e-32,57619,0.9971797224288916,1.0,7,True,0.021240007165211336,1.021467181662498,4.402816758819531e-07,0.003028547303285118,338774237937.7507,21,1.0951310939683734e-13,0.03710022018010709,17.761436744096926,0.5602311105392233,1.7871642518398303,14.712443619598872,1.4785618485428242,0.0036564316996546297,0.16996746463349988,-1.92485806052151e-09,0.02074374936593378,999,1000
ct_w6_i1,6,diagonal_fisher,200,False,1.0,1,0.0,-10.999999481037813,1.000000518962187,8.635571693552372e-33,57619,0.9972872743025716,1.0,7,True,0.020528317618339304,1.0207404727730693,4.0504154785547546e-07,0.002786142496207418,355894283591.4517,21,1.0086796622161415e-13,0.03589833257576812,17.829663765409826,0.5589072480703274,1.7897898796994511,14.784895257317727,1.4836633105617378,0.0032096082369294206,0.1708079666887306,-1.701462230008977e-09,0.020325989711235008,999,1000
ct_w6_i1,6,diagonal_fisher,225,False,1.0,1,0.0,-10.999999521168865,1.0000004788311347,6.803545599025019e-33,57619,0.9973863748048404,1.0,7,True,0.019868495250757855,1.0200671875263978,3.737887928132913e-07,0.0025711654663011937,370939005425.82385,21,9.379854199495203e-14,0.03479353787799988,17.890182754821048,0.5577425237390004,1.792122480333217,14.849102547996305,1.4881670071252868,0.002861116151153432,0.17148335947588134,-1.511624357371609e-09,0.01993800063604746,999,1000
ct_w6_i1,6,diagonal_fisher,250,False,1.0,1,0.0,-10.999999556903006,1.0000004430969938,5.480494610042686e-33,57619,0.9974779626134057,1.0,7,True,0.019255081252586674,1.0194416559090338,3.459434489882737e-07,0.0023796268546127197,384294797236.948,21,8.788788989879064e-14,0.03377485882823896,17.944576003948097,0.5567032672984346,1.7942217810750354,14.906764309241078,1.4921978621834737,0.0025817775055959656,0.1720314710644783,-1.3491663379999104e-09,0.019575573068732616,999,1000
ct_w6_i1,6,diagonal_fisher,275,False,1.0,1,0.0,-10.999999588862888,1.000000411137112,4.495974027011025e-33,57619,0.997562842298519,1.0,7,True,0.01868336552870219,1.018858991659795,3.2102748632812034e-07,0.0022082384556474355,396259107780.5974,21,8.285715107026176e-14,0.0328329007563441,17.9939822848761,0.5557654341282613,1.7961308569400947,14.95910193680128,1.4958453672944816,0.0023529238209705925,0.17247821265035895,-1.2092686825198223e-09,0.01923559343858236,999,1000
ct_w6_i1,6,diagonal_fisher,300,False,1.0,1,0.0,-10.999999617563649,1.000000382436351,3.7450505099943106e-33,57619,0.9976417074870686,1.0,7,True,0.018149261535981957,1.0183149603019235,2.986439681252364e-07,0.0020542698773376874,407063410115.17114,21,7.851252793617177e-14,0.03195957735846072,18.039248136734777,0.5549112684720398,1.7978817732777272,15.007022634336131,1.4991757927712335,0.002161983055630467,0.17283826819604983,-1.0881155032602478e-09,0.01891562029931577,999,1000
ct_w6_i1,6,diagonal_fisher,325,False,1.0,1,0.0,-10.99999964343485,1.0000003565651507,3.160296755697769e-33,57619,0.997715159373824,1.0,7,True,0.01764920559637276,1.017805873154266,2.784610556262478e-07,0.0019154385142135953,416891678630.13513,21,7.471459165526831e-14,0.03114789153332989,18.08102048814099,0.5541272837637575,1.7994990660268881,15.051219164738562,1.502239603781856,0.0020002831190001516,0.17312645087114983,-9.826510519702167e-10,0.01861366735296856,999,1000
ct_w6_i1,6,diagonal_fisher,350,False,1.0,1,0.0,-10.999999666837137,1.0000003331628626,2.696804832745831e-33,57619,0.9977837216387093,1.0,7,True,0.017180075236253405,1.0173285015019842,2.6019959262965625e-07,0.0017898241460898654,425893111810.9237,21,7.136006178440748e-14,0.03039175877238108,18.119806174888815,0.5534029821507396,1.8010020036264576,15.092233800417914,1.505076176775298,0.001861655288438013,0.1733601506861959,-8.9040453997625e-10,0.018328072832992422,999,1000
ct_w6_i1,6,diagonal_fisher,375,False,1.0,1,0.0,-10.999999688075276,1.0000003119247243,2.3237890003994754e-33,57619,0.9978478525586905,1.0,7,True,0.016739122473833353,1.016880006578763,2.436233443557472e-07,0.0016758017945850713,434188531867.91766,21,6.837090712850396e-14,0.02968586378860288,18.156007487452726,0.5527300634408675,1.802405870005562,15.130496798099319,1.5077167093499275,0.001741472140006588,0.1735449858865105,-8.093607544222453e-10,0.018057414094117968,999,1000
ct_w6_i1,6,diagonal_fisher,400,False,1.0,1,0.0,-10.999999707408257,1.0000002925917428,2.0195620731370406e-33,57619,0.9979079549181252,1.0,7,True,0.01632391889967038,1.0164578820054169,2.2853132217987372e-07,0.0015719889275828218,441877753846.3748,21,6.568681720157106e-14,0.029025543242347636,18.189951154432286,0.552101826315885,1.8037231101235451,15.166357314886987,1.5101864420862734,0.0016361754531828933,0.17366935389442228,-7.378640175373479e-10,0.01780045525502473,999,1000
ct_w6_i1,6,diagonal_fisher,425,False,1.0,1,0.0,-10.99999972505733,1.0000002749426695,1.7685161614690688e-33,57619,0.997964384166215,1.0,7,True,0.015932310211950105,1.0160599061985995,2.1475166620781786e-07,0.0014772033795566178,449042584898.1014,21,6.326056860547445e-14,0.028406689248725928,18.221905006809596,0.5515127974513951,1.8049639227352385,15.200101461620031,1.5125060282173528,0.0015433320486657653,0.1737691019378189,-6.745461104091217e-10,0.017556125460273114,999,1000
ct_w6_i1,6,diagonal_fisher,450,False,1.0,1,0.0,-10.999999741212479,1.0000002587875212,1.5591888216628798e-33,57619,0.9980174551778366,1.0,7,True,0.015562378321212527,1.0156841027515224,2.0213669173825202e-07,0.0013904292778766341,455753079509.39825,21,6.105426534523866e-14,0.027825669448276455,18.25209191759918,0.5509584440613603,1.8061368097614618,15.231967171893944,1.5146926022349572,0.0014608185918701315,0.17383825958202734,-6.18267536882079e-10,0.017323468598713476,999,1000
ct_w6_i1,6,diagonal_fisher,475,False,1.0,1,0.0,-10.99999975603759,1.0000002439624094,1.3830164396336108e-33,57619,0.9980674478844234,1.0,7,True,0.015212409621309927,1.0153287072988404,1.9055892818667135e-07,0.0013107897959200568,462068725730.2995,21,5.903723615150503e-14,0.0272792604791647,18.28069949914082,0.5504349678458582,1.807248939661451,15.262154616919487,1.5167605465933538,0.0013869273630193765,0.1738631686754158,-5.68074558288504e-10,0.017101632643396095,999,1000
ct_w6_i1,6,diagonal_fisher,500,False,1.0,1,0.0,-10.999999769674606,1.0000002303253943,1.233505449310135e-33,57619,0.9981146119940427,1.0,7,True,0.014880868250440923,1.014992139623477,1.79907904750416e-07,0.0012375250427583866,468036690868.269,21,5.718481642921347e-14,0.026764592249438494,18.307886306160402,0.5499391656052128,1.8083063619609443,15.2908329445892,1.5187220080759845,0.0013204794496936862,0.17387111277781447,-5.23165359859925e-10,0.016889862771949128,999,1000
ct_w6_i1,6,diagonal_fisher,525,False,1.0,1,0.0,-10.999999782247023,1.0000002177529765,1.1056541216762396e-33,57619,0.9981591709657411,1.0,7,True,0.01456637346339689,1.0146729800763121,1.700874692739369e-07,0.0011699736205471418,473701098469.3699,21,5.547612436819633e-14,0.02627910105203798,18.333789111461932,0.5494682919161018,1.8093143191686034,15.318147920409805,1.5205874151265373,0.0012603800386897163,0.17385834179562898,-4.828614128772182e-10,0.016687473709452203,999,1000
ct_w6_i1,6,diagonal_fisher,550,False,1.0,1,0.0,-10.999999793862685,1.0000002061373152,9.955745314996501e-34,57619,0.9982013253713118,1.0,7,True,0.01426768039934562,1.0143699495536938,1.6101363244242924e-07,0.0011075577954700164,479098515756.2343,21,5.389390509655863e-14,0.02582048994006859,18.358524594158236,0.5490200032360922,1.8102772630577904,15.344223943583746,1.5223656795527303,0.0012056971527160038,0.17381132506458322,-4.4658622038969525e-10,0.016493844786101403,999,1000
ct_w6_i1,6,diagonal_fisher,575,False,1.0,1,0.0,-10.99999980461607,1.0000001953839295,9.001975832285818e-34,57619,0.9982412557555679,1.0,7,True,0.013983663637413745,1.0140818923936878,1.526127712347869e-07,0.001049771139905229,484258523533.65125,21,5.242384762290102e-14,0.02538669504781916,18.382195173455607,0.5485922566293071,1.81119912317565,15.369170088767158,1.5240645826141992,0.001155776943484038,0.17374360771929512,-4.1384819345987996e-10,0.016308418074287772,999,1000
ct_w6_i1,6,diagonal_fisher,600,False,1.0,1,0.0,-10.99999981459027,1.0000001854097302,8.170828088091322e-34,57619,0.9982791250750507,1.0,7,True,0.013713303115531136,1.0138077617427512,1.4482012812469692e-07,0.0009961682089423378,489209270022.24457,21,5.1053523376699495e-14,0.02497585690317876,18.404890016935635,0.5481832771986092,1.8120833189922403,15.39308130074772,1.5256908924480501,0.0011101239869229149,0.17367714003280363,-3.842262165804618e-10,0.016130688151468633,999,1000
ct_w6_i1,6,diagonal_fisher,625,False,1.0,1,0.0,-10.999999823858607,1.000000176141393,7.442711757306135e-34,57619,0.9983150807908413,1.0,7,True,0.01345567198964499,1.0135466069499075,1.3757854269180505e-07,0.0009463558155685702,493973953436.70996,21,4.977245391529295e-14,0.02458629583278371,18.426687018377,0.5477915141255616,1.812932826234752,15.416040544432871,1.52725052907247,0.0010680539902755185,0.17357625401256674,-3.573573483363684e-10,0.01596018106363408,999,1000
ct_w6_i1,6,diagonal_fisher,650,False,1.0,1,0.0,-10.999999832485951,1.0000001675140489,6.8017262034252405e-34,57619,0.9983492566692359,1.0,7,True,0.013209926142429764,1.013297562682341,1.308374333192886e-07,0.0008999860261141516,498572895321.80835,21,4.857161521549935e-14,0.02421649082844831,18.447655513106106,0.5474155948206922,1.8137503058087836,15.438121602182337,1.5287487391212926,0.0010292712807419334,0.17346622242774729,-3.3292892612760204e-10,0.015796476293843262,999,1000
ct_w6_i1,6,diagonal_fisher,675,False,1.0,1,0.0,-10.999999840529888,1.0000001594701118,6.234870068453575e-34,57619,0.9983817743365458,1.0,7,True,0.0129752950870663,1.0130598394955235,1.245518879669176e-07,0.000856749905990671,503023717086.84076,21,4.7443212925896887e-14,0.023865061316527103,18.46785737835174,0.5470543005993457,1.8145381419388038,15.459390266827096,1.5301901866094292,0.00099338741645051,0.173343553285821,-3.1066967450531055e-10,0.01563918132861849,999,1000
ct_w6_i1,6,diagonal_fisher,700,False,1.0,1,0.0,-10.999999848041675,1.000000151958325,5.731450879954821e-34,57619,0.9984127446260008,1.0,7,True,0.012751074055906945,1.01283271563761,1.1868192354742538e-07,0.0008163724251940384,507343521620.53064,21,4.6380313107517564e-14,0.023530751385830818,18.48734776000625,0.5467065470620015,1.8152984572554918,15.4799051690593,1.531579026094784,0.0009600635795063573,0.17320374561394838,-2.9034372396168417e-10,0.015487934662708586,999,1000
ct_w6_i1,6,diagonal_fisher,725,False,1.0,1,0.0,-10.99999985506704,1.0000001449329599,5.282607741351309e-34,57619,0.9984422687507436,1.0,7,True,0.012536617081001455,1.012615529886661,1.1319186252674376e-07,0.0007786081701503786,511544847117.22327,21,4.537708902429085e-14,0.023212416067555492,18.506176033649858,0.546371364329768,1.8160331488764212,15.49971880570993,1.5329189773611622,0.0009290926739337378,0.17306195405162905,-2.71745555927466e-10,0.015342407286130594,999,1000
ct_w6_i1,6,diagonal_fisher,750,False,1.0,1,0.0,-10.999999861646906,1.0000001383530943,4.8809578383934325e-34,57619,0.9984704393253014,1.0,7,True,0.01233133094744548,1.0124076752953146,1.0804976957537379e-07,0.000743237468633179,515641909392.2335,21,4.4428137018945644e-14,0.022909009403188907,18.524386383409325,0.5460478863522711,1.8167439157737681,15.5188781411966,1.5342133646167766,0.0009001930360141847,0.1729009468540193,-2.5469510922243776e-10,0.015202289860352733,999,1000
ct_w6_i1,6,diagonal_fisher,775,False,1.0,1,0.0,-10.999999867817982,1.0000001321820182,4.520311406523341e-34,57619,0.9984973412608507,1.0,7,True,0.012134669872014964,1.0122085936895597,1.032269988863976e-07,0.0007100632759184738,519643812101.7536,21,4.352899711854019e-14,0.022619573999644472,18.54201852902435,0.5457353347729648,1.8174322815917887,15.53742540086202,1.5354651780456827,0.000873183012158944,0.17273560522028233,-2.3903451704495085e-10,0.015067299389871192,999,1000
ct_w6_i1,6,diagonal_fisher,800,False,1.0,1,0.0,-10.999999873613264,1.0000001263867357,4.195427593906487e-34,57619,0.9985230525508766,1.0,7,True,0.011946130815982189,1.0120177708261437,9.86977984895105e-08,0.0006789084529961861,523561073852.426,21,4.267550242351765e-14,0.02234323187604871,18.55910917456843,0.5454329972207395,1.818099668587002,15.555399538460879,1.536677158312087,0.0008478658430854329,0.1725508820706011,-2.246248041695586e-10,0.014937171161582271,999,1000
ct_w6_i1,6,diagonal_fisher,825,False,1.0,1,0.0,-10.999999879062473,1.0000001209375267,3.901877529987501e-34,57619,0.9985476449613971,1.0,7,True,0.011765249354266868,1.0118347321271277,9.443896216005263e-08,0.0006496133721712223,527401510255.7836,21,4.186407509340887e-14,0.022079176429725376,18.575691070994484,0.5451402351053272,1.8187473351581933,15.572835349464413,1.5378517632909767,0.0008241253077788056,0.17236346630940247,-2.113434397700403e-10,0.01481166256465972,999,1000
ct_w6_i1,6,diagonal_fisher,850,False,1.0,1,0.0,-10.999999884192459,1.0000001158075413,3.6358778851643893e-34,57619,0.9985711846416798,1.0,7,True,0.01159159600532003,1.0116590388926139,9.042953571558855e-08,0.0006220338967779347,531173505568.1428,21,4.1091404430309795e-14,0.021826665339965967,18.591794456397142,0.5448564623309118,1.819376449104453,15.589764928910434,1.5389912516244895,0.0008017919549390042,0.17216992184176738,-1.9908193316867047e-10,0.01469054376267234,999,1000
ct_w6_i1,6,diagonal_fisher,875,False,1.0,1,0.0,-10.999999889027498,1.0000001109725023,3.394198040098794e-34,57619,0.9985937326634119,1.0,7,True,0.011424772981221647,1.0114902849488023,8.665055697648002e-08,0.0005960395924576989,534883807594.22675,21,4.035458543576521e-14,0.021585014311768624,18.607446576233322,0.5445811499585231,1.8199880587486499,15.606217207695112,1.5400976625147385,0.0007807528007252625,0.17196028479378675,-1.877441281937791e-10,0.014573602725125829,999,1000
ct_w6_i1,6,diagonal_fisher,900,False,1.0,1,0.0,-10.999999893589612,1.000000106410388,3.174054210276799e-34,57619,0.9986153454989898,1.0,7,True,0.011264411295282361,1.011328093666378,8.3084834718903e-08,0.0005715122066521993,538537935860.9051,21,3.9651044256432933e-14,0.02135359152858879,18.62267262469824,0.5443138110003057,1.820583136569428,15.622218920969422,1.54117287547561,0.000760923189850194,0.17175366046916754,-1.772445854934522e-10,0.014460642484825438,999,1000
ct_w6_i1,6,diagonal_fisher,925,False,1.0,1,0.0,-10.999999897898796,1.000000102101204,2.9730499037413076e-34,57619,0.9986360754469641,1.0,7,True,0.01111016817996782,1.0111721153002096,7.971675209318598e-08,0.0005483443163853065,542142511383.9193,21,3.897833556423715e-14,0.021131812732360665,18.637495399749117,0.5440540029012122,1.8211625556532183,15.637794284941698,1.5422185992464155,0.0007421809986880111,0.17153581476746904,-1.6750710383710555e-10,0.014351476005519196,999,1000
ct_w6_i1,6,diagonal_fisher,950,False,1.0,1,0.0,-10.999999901973256,1.000000098026744,2.789090567235404e-34,57619,0.9986559710120061,1.0,7,True,0.010961724772656417,1.0110220246062989,7.653209558380508e-08,0.0005264381517372896,545702155262.54926,21,3.8334348924470625e-14,0.020919136828670207,18.65193692068593,0.5438013067300008,1.8217271798045398,15.652966602099754,1.5432364545863495,0.0007244258819125616,0.17129842205645943,-1.584636601708163e-10,0.014245928632953474,999,1000
ct_w6_i1,6,diagonal_fisher,975,False,1.0,1,0.0,-10.99999990582957,1.0000000941704297,2.620371627519815e-34,57619,0.9986750772417221,1.0,7,True,0.010818784060840997,1.0108775187265733,7.351791479277578e-08,0.0005057046313426476,549220389893.07056,21,3.7717212216059914e-14,0.02071506199898411,18.6660164013437,0.5435553496401112,1.8222777420600715,15.667756286392699,1.5442278830219602,0.0007076008228212333,0.17105866469620204,-1.5005346341143605e-10,0.014143838665251603,999,1000
ct_w6_i1,6,diagonal_fisher,999,False,,0,0.0,-10.99999990934047,1.0000000906595297,2.4712713800740275e-34,57619,0.9986927155313159,1.0,7,True,0.010686480591998091,1.0107437849711853,7.077369224819622e-08,0.00048682806154138936,552563260791.0631,21,3.714834226683882e-14,0.02052680913594693,18.679208815337514,0.5433252491961603,1.8227936965388785,15.681612139782846,1.5451560371206083,0.0,,0.0,,999,1000
ct_w6_i1,6,exact_natural,0,False,1.0,1,0.0,-10.999339344488108,1.0006606555118918,3.0804439498919063e-12,57619,0.9953090194936322,1.0,7,True,0.03527162859401891,1.035901050933617,0.0001453771831149449,1.0,638019691.6401001,52,8.318603506469446e-11,0.053074328440738915,9.280960383535072,0.7910242909836719,1.318566057867759,5.6779499577716335,0.7734082877179328,5.5677643628300215,1.0000000000000002,-0.0011208703227358896,0.9999999999999998,999,1000
ct_w6_i1,6,exact_natural,25,False,1.0,1,0.0,-11.181611475121219,0.818388524878781,0.18161147512122125,57619,0.8149404354508086,1.0,7,True,0.49857426967793567,1.6463723136793784,0.18882826951108517,1298.8851858670623,346358015476.0489,14,3.6024632840364806e-11,12.477420338842052,146.64553731817335,0.9992501432883645,26.31856605786776,5.677949957771634,0.03874792854657174,5.5677643628300215,1.0000000000000002,-0.14862874722550234,0.9999999999999897,999,1000
ct_w6_i1,6,exact_natural,29,True,,0,0.0,-11.923757635134475,0.07624236486552505,0.9237576351344752,64512,0.9237576351344752,0.0,0,True,0.27179997202784506,1.312324473452292,0.08947847950845333,615.4919058908005,764504998881.6063,12,7.732563693454797e-12,5.911583597816609,168.90209589489106,0.999434795256499,30.31856605786776,5.677949957771634,0.033635822852309656,0.0,,0.0,,999,1000
ct_w6_i1,6,projected_adam,0,False,,0,0.0,-10.999339344488108,1.0006606555118918,3.0804439498919063e-12,57619,0.9953090194936322,1.0,7,True,0.03527162859401891,1.035901050933617,0.0001453771831149449,1.0,638019691.6401001,52,8.318603506469446e-11,0.053074328440738915,9.280960383535072,0.7910242909836719,1.318566057867759,5.6779499577716335,0.7734082877179328,0.039499251962373305,1.0000000000000004,-7.951762396853291e-06,1.0000000000000004,999,1000
ct_w6_i1,6,projected_adam,25,False,,0,0.0,-10.999500703110813,1.0004992968891866,3.655343086840963e-12,57619,0.9954069445158947,1.0,7,True,0.03428044244353871,1.034874788851066,0.00011385336455062289,0.7831584166863574,2135071531.5163472,52,2.4836328232862756e-11,0.05302733735738098,10.051058769136437,0.8251520940270236,1.489583906587249,5.677949957771633,0.6846139465851943,0.03548558076229731,1.0000000000000002,-5.032493731927942e-06,0.999999999999999,999,1000
ct_w6_i1,6,projected_adam,50,False,,0,0.0,-10.999600589014387,1.0003994109856134,4.226269363018185e-12,57619,0.9954714995067134,1.0,7,True,0.033621690523557346,1.0341932875917468,9.422945810606661e-05,0.648172265324212,5795421290.566067,52,9.144893734445136e-12,0.05299851184856757,10.727231186510563,0.8484332005500443,1.6346487558581437,5.6779499577716335,0.6238587423774274,0.028970062016473275,0.9999999999999998,-3.1131733903993023e-06,0.9999999999999964,999,1000
ct_w6_i1,6,projected_adam,75,False,,0,0.0,-10.999664389247345,1.0003356107526553,4.758554361134825e-12,57619,0.9955147482749759,1.0,7,True,0.033177711106789784,1.0337342289729265,8.14587783243652e-05,0.5603271199714913,12860268381.792141,52,4.119692816427863e-12,0.052980355269803464,11.29280069442765,0.864406393959259,1.7532295711252301,5.677949957771633,0.581663653097057,0.023952666971304964,0.9999999999999998,-2.0770592303312675e-06,1.0000000000000067,999,1000
ct_w6_i1,6,projected_adam,100,False,,0,0.0,-10.999708537541448,1.0002914624585522,5.2571009339260115e-12,57619,0.9955457755194733,1.0,7,True,0.032857703104042034,1.0334034786711352,7.242416176725149e-05,0.4981810777691855,24774632755.639034,52,2.137992840693664e-12,0.05296798746237099,11.775480821889943,0.8760698980233724,1.852834209665751,5.677949957771632,0.5503945856237491,0.020478622445608007,1.0,-1.494618680285911e-06,1.0000000000000022,999,1000
ct_w6_i1,6,projected_adam,125,False,,0,0.0,-10.999741176236126,1.0002588237638737,5.730938589621705e-12,57619,0.995569374646731,1.0,7,True,0.032613353705721326,1.0331509980009055,6.559629224468436e-05,0.45121449486897514,43267659941.139305,52,1.2239855487240606e-12,0.05295899049506145,12.198512349728755,0.8850676067296072,1.9391101037092489,5.677949957771632,0.5259061438067756,0.017974893236959704,1.0000000000000002,-1.1359361470249883e-06,0.9999999999999994,999,1000
ct_w6_i1,6,projected_adam,150,False,,0,0.0,-10.999766466511895,1.000233533488105,6.186291762893979e-12,57619,0.9955880889377743,1.0,7,True,0.03241891676203143,1.0329501348067296,6.019442980886636e-05,0.4140569277729961,70344572625.17543,52,7.527535958177234e-13,0.0529521299898618,12.576745991533311,0.8922892579792402,2.0155478244547322,5.677949957771633,0.5059616570171798,0.016076546357918223,0.9999999999999996,-8.977014550051378e-07,0.9999999999999992,999,1000
ct_w6_i1,6,projected_adam,175,False,,0,0.0,-10.999786742686707,1.000213257313293,6.627242106610759e-12,57619,0.9956033866277685,1.0,7,True,0.03225948352927739,1.032785461355023,5.577904442687306e-05,0.3836849994732009,108275647503.40187,52,4.889992932433309e-13,0.05294671510462754,12.919893528539887,0.8982555883720693,2.0843853667119325,5.677949957771631,0.4892520996091915,0.014580571408934845,1.0000000000000002,-7.303978001497185e-07,1.0000000000000044,999,1000
ct_w6_i1,6,projected_adam,200,False,,0,0.0,-10.999803425368361,1.000196574631639,7.056622777056319e-12,57619,0.9956161833039913,1.0,7,True,0.032125733833179605,1.0326473358507604,5.2080835414284594e-05,0.3582462825208686,159604338407.1446,52,3.317098237214471e-13,0.052942326958212126,13.234689584716572,0.9032948671864719,2.1471503446680087,5.677949957771632,0.4749504009306657,0.01336761613615448,0.9999999999999998,-6.0787631638023e-07,1.0000000000000024,999,1000
ct_w6_i1,6,projected_adam,225,False,,0,0.0,-10.999817434306623,1.0001825656933772,7.476512517319337e-12,57619,0.9956270845290179,1.0,7,True,0.032011490185189805,1.032529369190625,4.89239151770236e-05,0.33653090621752585,227162391310.87665,52,2.330433983016729e-13,0.05293869563742111,13.526033683056772,0.9076261768023653,2.2049392609016247,5.677949957771632,0.46250249843230784,0.012362388640984608,1.0,-5.151634679837053e-07,1.0000000000000075,999,1000
ct_w6_i1,6,projected_adam,250,False,,0,0.0,-10.999829393937658,1.0001706060623423,7.888500688520242e-12,57619,0.9956365092587837,1.0,7,True,0.031912470621628206,1.0324271336448665,4.6187686790222204e-05,0.31770932549781994,314039716578.7915,52,1.6856351633651008e-13,0.052935638895842116,13.797620427282062,0.9114022609565144,2.2585694425568072,5.67794995777163,0.45152028440800873,0.011514650917580154,0.9999999999999998,-4.4313142494114043e-07,0.9999999999999963,999,1000
ct_w6_i1,6,projected_adam,275,False,,0,0.0,-10.999839744471581,1.000160255528419,8.293840181836839e-12,57619,0.9956447578530223,1.0,7,True,0.031825600053946634,1.0323374500091673,4.378624393257281e-05,0.3011906201123218,423663157675.53796,52,1.2494130788368478e-13,0.05293302902211348,14.052313853496479,0.9147333629788422,2.3086681603582493,5.677949957771627,0.44172217322919216,0.010789417250851781,0.9999999999999999,-3.859356723672385e-07,0.9999999999999951,999,1000
ct_w6_i1,6,projected_adam,300,False,,0,0.0,-10.99984880592898,1.0001511940710195,8.693542293350414e-12,57619,0.9956520519869495,1.0,7,True,0.0317486054153364,1.0322579686201399,4.16564701543432e-05,0.28654063355600184,559765577203.988,52,9.455882232594946e-14,0.052930773759014456,14.292383830219858,0.9177013313673683,2.355728226749066,5.677949957771626,0.4328979487017522,0.010161491947886129,1.0000000000000002,-3.396822863472557e-07,0.9999999999999999,999,1000
ct_w6_i1,6,projected_adam,325,False,,0,0.0,-10.999856816996669,1.0001431830033312,9.088439006336308e-12,57619,0.9956585592698378,1.0,7,True,0.03167976553823307,1.0321869105542834,3.975079009468254e-05,0.27343211116735505,726308709385.4191,52,7.287370240978742e-14,0.0529288047453898,14.519662499177754,0.9203683837063085,2.400144373124452,5.6779499577716255,0.42488690617012675,0.009612228431786258,0.9999999999999999,-3.016900226724866e-07,0.9999999999999898,999,1000
ct_w6_i1,6,projected_adam,350,False,,0,0.0,-10.999863959613505,1.0001360403864954,9.479225687978078e-12,57619,0.9956644090591522,1.0,7,True,0.03161775025295126,1.0321229011733617,3.80325599746819e-05,0.2616129929041947,927805606052.0402,52,5.704543050236568e-14,0.05292707021974693,14.735651678178456,0.9227827724123137,2.442237965325833,5.6779499577716255,0.41756369835256024,0.009127510044189881,0.9999999999999999,-2.7006052317217354e-07,0.9999999999999761,999,1000
ct_w6_i1,6,projected_adam,375,False,,0,0.0,-10.999870375081448,1.0001296249185518,9.866491374946072e-12,57619,0.9956697029686722,1.0,7,True,0.031561513332202785,1.0320648593916266,3.647302953323375e-05,0.2508855155378526,433554541541.643,51,1.2207352289278684e-13,0.05292553025215546,14.941598829221784,0.9249825709923731,2.4822743203818534,5.677949957771625,0.41082885508867134,0.008696441399989688,1.0,-2.4341723334426644e-07,1.0000000000000042,999,1000
ct_w6_i1,6,projected_adam,400,False,,0,0.0,-10.9998761749431,1.0001238250568996,1.0250740854056991e-11,57619,0.9956745220546465,1.0,7,True,0.031510219191086174,1.0320119218687913,3.50492779125405e-05,0.24109201431443475,528639772064.0188,51,1.0011383239007744e-13,0.052924153535145915,15.138552143063155,0.9269982766211127,2.5204751553144744,5.6779499577716255,0.4046022492656745,0.008310471850515621,0.9999999999999996,-2.207410422790306e-07,0.9999999999999903,999,1000
ct_w6_i1,6,projected_adam,425,False,,0,0.0,-10.999881448517161,1.0001185514828386,1.0632411132676921e-11,57619,0.9956789318536514,1.0,7,True,0.031463191442482115,1.031963389812759,3.3742774282998506e-05,0.23210502198490954,637970286998.5736,51,8.295514108836028e-14,0.05292291516814837,15.327401334988998,0.9288546431598501,2.5570277349780963,5.677949957771627,0.3988184809685776,0.007962792739585287,1.0000000000000002,-2.0126361922438974e-07,1.0000000000000067,999,1000
ct_w6_i1,6,projected_adam,450,False,,0,0.0,-10.999886268237876,1.0001137317621236,1.1011883975639931e-11,57619,0.9956829859918694,1.0,7,True,0.031419876001817636,1.0319186908318647,3.253835085953318e-05,0.22382020453516552,762737575378.6815,51,6.938401463579378e-14,0.0529217950933443,15.508908421997386,0.9305719999702311,2.5920917242764903,5.6779499577716255,0.39342354574398114,0.007647912348938416,0.9999999999999999,-1.8439629491352997e-07,0.9999999999999976,999,1000
ct_w6_i1,6,projected_adam,475,False,,0,0.0,-10.999890693514091,1.0001093064859088,1.1389495594961829e-11,57619,0.9956867288206172,1.0,7,True,0.031379814119364635,1.0318773510546517,3.142345560304482e-05,0.2161512207744412,904343004137.5885,51,5.851847885965814e-14,0.05292077696950521,15.68373131045119,0.9321672186753635,2.625804405753248,5.6779499577716255,0.3883723840298554,0.00736135023858679,1.0000000000000004,-1.696815308038254e-07,1.0000000000000162,999,1000
ct_w6_i1,6,projected_adam,500,False,,0,0.0,-10.999894773568153,1.000105226431847,1.1765544266415582e-11,57619,0.9956901973739701,1.0,7,True,0.0313426223302051,1.0318389744034253,3.0387598530814523e-05,0.2090259136936782,133949717651.31367,50,3.950724814855773e-13,0.05291984734679693,15.852442140968655,0.9336544338599517,2.6582847132023244,5.677949957771626,0.3836270479206829,0.00709941338804529,0.9999999999999998,-1.5675909786535267e-07,1.0000000000000029,999,1000
ct_w6_i1,6,projected_adam,525,False,,0,0.0,-10.99989854955756,1.0001014504424397,1.214029637916807e-11,57619,0.9956934228449957,1.0,7,True,0.031307977321218476,1.0318032269521233,2.9421935100388965e-05,0.20238344470552866,145015045161.89886,50,3.649207224911764e-13,0.05291899505257071,16.015541731005325,0.9350455883705007,2.6896363899510374,5.677949957771625,0.3791553091966647,0.00685902964676366,1.0000000000000002,-1.4534206757641755e-07,1.000000000000019,999,1000
ct_w6_i1,6,projected_adam,550,False,,0,0.0,-10.99990205618336,1.0000979438166393,1.2513991307818562e-11,57619,0.9956964317144413,1.0,7,True,0.031275604350872704,1.0317698249575185,2.851894814225845e-05,0.1961721057678595,156342715936.20413,50,3.38475703270048e-13,0.05291821072765603,16.173471081268953,0.9363508515561826,2.71995049227765,5.677949957771624,0.37492958785603775,0.00663762174164392,1.0,-1.3519947165138306e-07,1.000000000000011,999,1000
ct_w6_i1,6,projected_adam,575,False,,0,0.0,-10.999905322925398,1.0000946770746015,1.288684537577382e-11,57619,0.9956992466244661,1.0,7,True,0.031245268277507225,1.0317385255871645,2.767220192677013e-05,0.19034762769402847,167947236882.04166,50,3.1508399574870125e-13,0.052917486471747335,16.326620637482126,0.9375789439960671,2.7493073949944042,5.6779499577716255,0.3709261172159915,0.006433010987720085,0.9999999999999997,-1.2614359221602701e-07,0.999999999999988,999,1000
ct_w6_i1,6,projected_adam,600,False,,0,0.0,-10.999908375002033,1.0000916249979674,1.325905509776077e-11,57619,0.9957018870626072,1.0,7,True,0.031216766530648254,1.0317091196559458,2.687614983018953e-05,0.18487185715339838,179841865823.37506,50,2.9424080609247246e-13,0.05291681556904415,16.475337811047158,0.9387373924084439,2.777778413009108,5.677949957771623,0.3671242861858695,0.006243342767730816,1.0,-1.1802051714025229e-07,0.9999999999999979,999,1000
ct_w6_i1,6,projected_adam,625,False,,0,0.0,-10.999911234123944,1.0000887658760558,1.3630799876644242e-11,57619,0.9957043699029213,1.0,7,True,0.03118992354573429,1.0316814258753049,2.6125982188695272e-05,0.1797117101109211,192045312983.3474,50,2.755401392079683e-13,0.052916192273669393,16.61993314759982,0.9398327318747349,2.8054271258248398,5.67794995777162,0.36350611558254303,0.006067028090790802,1.0,-1.1070302589027314e-07,1.0000000000000215,999,1000
ct_w6_i1,6,projected_adam,650,False,,0,0.0,-10.999913919092027,1.0000860809079732,1.4002244241867491e-11,57619,0.9957067098380542,1.0,7,True,0.031164586317349433,1.031655286258551,2.541750495498553e-05,0.17483833714736896,204570479655.2371,50,2.586668991995979e-13,0.05291561164019461,16.760685417726666,0.9408706677067233,2.8323104665627996,5.6779499577716175,0.3600558374859481,0.005902697518967205,0.9999999999999993,-1.0408517734156534e-07,0.9999999999999966,999,1000
ct_w6_i1,6,projected_adam,675,False,,0,0.0,-10.999916446276021,1.0000835537239787,1.4373539733560392e-11,57619,0.9957089197273421,1.0,7,True,0.03114062081400754,1.0316305624166016,2.4747041793203303e-05,0.17022645000375775,217434285308.29355,50,2.4336120365536603e-13,0.05291506938857059,16.897845854250996,0.9418562061765258,2.8584796251598217,5.677949957771615,0.35675955430379075,0.00574916420604468,1.0,-9.80781364212387e-08,1.0000000000000253,999,1000
ct_w6_i1,6,projected_adam,700,False,,0,0.0,-10.999918830000842,1.0000811699991576,1.474482649856655e-11,57619,0.995711010879543,1.0,7,True,0.031117909064210886,1.031607132547453,2.4111354702530304e-05,0.16585377557815423,230653466545.64038,50,2.294115175810124e-13,0.05291456179555663,17.03164170273967,0.9427937609425667,2.883980802626939,5.677949957771615,0.35360496024439075,0.0056053945271400596,0.9999999999999999,-9.260693968810359e-08,1.000000000000008,999,1000
ct_w6_i1,6,projected_adam,725,False,,0,0.0,-10.9999210828608,1.0000789171392004,1.5116234647844488e-11,57619,0.9957129932841717,1.0,7,True,0.03109634677052361,1.0315848889713033,2.3507578969390246e-05,0.1617006084840947,244241852664.52084,50,2.1664626692567556e-13,0.05291408560677931,17.162279214102607,0.9436872403261389,2.9088558447956694,5.677949957771615,0.3505811121176819,0.005470483793731289,1.0,-8.76079481244461e-08,0.9999999999999682,999,1000
ct_w6_i1,6,projected_adam,750,False,,0,0.0,-10.999923215977207,1.0000767840227933,1.5487885409811774e-11,57619,0.9957148758020862,1.0,7,True,0.03107584134271862,1.0315637360987129,2.2933169540360252e-05,0.1577494421681548,258215087613.28085,50,2.0492078311176563e-13,0.05291363796498669,17.289946179127202,0.9445401193627385,2.9331427775271854,5.677949957771611,0.3476782394883034,0.005343636565444606,0.9999999999999999,-8.302683385271876e-08,1.000000000000038,999,1000
ct_w6_i1,6,projected_adam,775,False,,0,0.0,-10.99992523921075,1.00007476078925,1.5859892130635797e-11,57619,0.9957166663235902,1.0,7,True,0.031056310264954402,1.0315435887439146,2.2385856603164892e-05,0.15398466336677566,272588517200.5792,50,1.9411388599381903e-13,0.05291321635109741,17.41481409218795,0.9453554997050592,2.956876262274688,5.6779499577716095,0.3448875862914778,0.005224151023442215,0.9999999999999997,-7.881698539864454e-08,0.9999999999999832,999,1000
ct_w6_i1,6,projected_adam,800,False,,0,0.0,-10.999927161337906,1.0000728386620938,1.623236114205152e-11,57619,0.9957183719003813,1.0,7,True,0.03103767973229138,1.0315243707164128,2.1863608396472386e-05,0.15039229628755124,287376805836.8894,50,1.8412348338751282e-13,0.052912818535465006,17.537040006152555,0.946136159713932,2.9800879855729114,5.677949957771612,0.3422012779473131,0.0051114050954341236,0.9999999999999999,-7.49382093285556e-08,0.9999999999999871,999,1000
ct_w6_i1,6,projected_adam,825,False,,0,0.0,-10.999928990198272,1.0000710098017276,1.660539250618159e-11,57619,0.9957199988562301,1.0,7,True,0.03101988350621994,1.0315060136388572,2.1364600057102854e-05,0.14695978831981205,302590678179.78064,50,1.7486474750529475e-13,0.05291244253736325,17.656768126364312,0.9468845965571158,3.0028069929556076,5.677949957771613,0.3396122093264222,0.005004845487779467,1.0,-7.135569035740915e-08,0.9999999999999731,999,1000
ct_w6_i1,6,projected_adam,850,False,,0,0.0,-10.999930732818116,1.0000692671818836,1.6979080658222114e-11,57619,0.9957215528803411,1.0,7,True,0.03100286194873057,1.0314884559493755,2.088718729210682e-05,0.1436758289338432,318249065758.16095,50,1.6625999031623753e-13,0.052912086591103476,17.77413118714811,0.947603061784312,3.0250599766647794,5.67794995777161,0.33711394978119846,0.004903978424357088,1.0000000000000002,-6.803914251364847e-08,0.9999999999999793,999,1000
ct_w6_i1,6,projected_adam,875,False,,0,0.0,-10.99993239551497,1.0000676044850305,1.735351499383623e-11,57619,0.9957230391066255,1.0,7,True,0.030986561201593762,1.0314716420539205,2.0429884019012304e-05,0.14053019587577972,334359674027.4438,50,1.5824799827142248e-13,0.05291174911752831,17.88925165512701,0.9482935915975432,3.0468715264397384,5.677949957771612,0.33470066204271703,0.004808361862574531,0.9999999999999999,-6.496211417634476e-08,0.9999999999999583,999,1000
ct_w6_i1,6,projected_adam,900,False,,0,0.0,-10.99993398398611,1.0000660160138892,1.772878036991537e-11,57619,0.9957244621811634,1.0,7,True,0.030970932487499995,1.0314555216045023,1.999134331013941e-05,0.13751362409005352,350943158585.99664,50,1.5076922688316974e-13,0.052911428699948346,18.002242773257084,0.9489580326545297,3.0682643467325206,5.677949957771614,0.3323670328941791,0.004717598961373029,1.0000000000000002,-6.210141532569162e-08,1.0000000000000417,999,1000
ct_w6_i1,6,projected_adam,925,False,,0,0.0,-10.999935503384064,1.000064496615936,1.8104957543505532e-11,57619,0.9957258263199306,1.0,7,True,0.03095593151170977,1.0314400488812472,1.9570341081497014e-05,0.1346176935208835,368002560158.6386,50,1.4377922816871474e-13,0.05291112406372007,18.113209473814962,0.9495980641862058,3.089259446280025,5.677949957771616,0.3301082135676494,0.004631331959124787,1.0000000000000002,-5.943663599723917e-08,0.9999999999999616,999,1000
ct_w6_i1,6,projected_adam,950,False,,0,0.0,-10.999936958381221,1.0000630416187786,1.8482123558422065e-11,57619,0.9957271353584165,1.0,7,True,0.03094151794753758,1.0314251822610536,1.916576207414838e-05,0.13183473268287674,385553796592.8242,50,1.3723333689463788e-13,0.05291083405882974,18.222249179892987,0.9502152170363697,3.1098763042051236,5.677949957771616,0.32791976828131125,0.004549238034584444,1.0,-5.6949759679526236e-08,1.0000000000000104,999,1000
ct_w6_i1,6,projected_adam,975,False,,0,0.0,-10.999938353225357,1.0000616467746433,1.886035210329902e-11,57619,0.99572839279448,1.0,7,True,0.030927654991566796,1.0314108837582747,1.877658768409749e-05,0.12915773494697216,403610870490.25055,50,1.3109299454869744e-13,0.05291055764497345,18.32945251606465,0.9508108901428984,3.1301330169391495,5.677949957771615,0.32579762953834546,0.004471024597203514,1.0,-5.4624823543138815e-08,0.9999999999999772,999,1000
ct_w6_i1,6,projected_adam,999,False,,0,0.0,-10.999939639280361,1.0000603607196386,1.922451673370775e-11,57619,0.9957295543560127,1.0,7,True,0.030914833289532786,1.0313976594000283,1.8416606674931186e-05,0.12668154850936814,421423124776.05334,50,1.2555149702735437e-13,0.05291030419757905,18.43071850722458,0.9513637185654509,3.1492562817356347,5.677949957771614,0.32381928488095374,0.0,,0.0,,999,1000
ct_w6_i1,6,ray_projected,0,False,0.02,0,5.6779499577716335,-9.084953179318916,2.9150468206810842,0.023669310785565233,64512,0.023669310785565233,0.0,0,True,7.587257768361171,1972.8959513376365,0.16112630393832283,1.0,175.08457200475274,52,0.03795961202708033,6.646142425227824,7.341465107033376,1.0000000000000004,1.3185660578677594,2.8608446115907795e-15,3.896830632416942e-16,0.11135528725660043,1.0000000000000004,-0.04699089043962859,0.9999999999999999,999,1000
ct_w6_i1,6,ray_projected,25,False,0.02,0,5.6779499577716335,-10.053905205682518,1.9460947943174816,0.07848014132349568,64512,0.07848014132349568,0.0,0,True,6.084011601307398,438.7859028577457,0.179673594235803,1.1151102572586773,466.34535636761234,52,0.020679389740954773,9.6437373782103,10.12534728844838,1.0000000000000004,1.8185660578677583,1.0835913222312644e-14,1.0701769444169998e-15,0.11135528725660043,1.0000000000000004,-0.031065256107039432,0.9999999999999996,999,1000
ct_w6_i1,6,ray_projected,50,False,0.02,0,5.6779499577716335,-10.675655379038641,1.3243446209613587,0.17564703879130125,64512,0.17564703879130125,0.0,0,True,4.809859246068088,122.71434377523178,0.21868513178943302,1.3572280034000097,1166.451243862241,52,0.010718434451200128,12.502531197858286,12.909229469863384,1.0000000000000004,2.318566057867757,1.9760722357353257e-14,1.530743752249868e-15,0.11135528725660043,1.0000000000000004,-0.019572942135844023,1.0,999,1000
ct_w6_i1,6,ray_projected,75,False,0.02,0,5.6779499577716335,-11.074202953830444,0.9257970461695564,0.30618528937642703,64512,0.30618528937642703,0.0,0,True,3.7929849702532406,44.388701673957094,0.257337082850575,1.5971140438316047,2845.7168604262315,52,0.005121331294345268,14.573858812146824,15.693111651278395,1.0000000000000002,2.818566057867757,2.3505285713944558e-14,1.4978091175455164e-15,0.11135528725660043,1.0000000000000004,-0.012984814321382604,1.0000000000000007,999,1000
ct_w6_i1,6,ray_projected,100,False,0.02,0,5.6779499577716335,-11.34902147623398,0.6509785237660193,0.4524111680110218,64512,0.4524111680110218,0.0,0,True,2.9534790822727217,19.172540676722928,0.2683098823787732,1.6652146534775532,6764.879697619284,52,0.002226335130390843,15.060889323677596,18.476993832693413,1.0000000000000004,3.3185660578677587,1.3173814904902171e-14,7.129847541320419e-16,0.11135528725660043,1.0000000000000004,-0.00931514916919476,1.0000000000000002,999,1000
ct_w6_i1,6,ray_projected,125,False,0.02,0,5.6779499577716335,-11.550001777617892,0.4499982223821082,0.5942597851512146,64512,0.5942597851512146,0.0,0,True,2.2387866445782647,9.381940749779782,0.24524316659446696,1.5220554347745916,15434.627307191413,52,0.000889639786463444,13.73125854171261,21.26087601410844,1.0000000000000002,3.8185660578677605,2.8608446115907795e-15,1.3455911269565565e-16,0.11135528725660043,1.0000000000000004,-0.006886050253487435,1.0000000000000004,999,1000
ct_w6_i1,6,ray_projected,150,False,0.02,0,5.6779499577716335,-11.69761008579868,0.30238991420132066,0.7158277877494071,64512,0.7158277877494071,0.0,0,True,1.6402064805655328,5.1562340644518745,0.19943980741578313,1.2377855293703395,33194.607628595746,52,0.00033646146730505785,11.168706389332993,24.044758195523446,0.9999999999999998,4.318566057867759,2.545681114434919e-14,1.0587260199226556e-15,0.11135528725660043,1.0000000000000004,-0.004989195270665611,1.000000000000001,999,1000
ct_w6_i1,6,ray_projected,175,False,0.02,0,5.6779499577716335,-11.802569725278534,0.1974302747214658,0.8098192487715056,64512,0.8098192487715056,0.0,0,True,1.1622750264504096,3.1971987200993346,0.147735509751093,0.9168925627912643,66813.86619903691,52,0.0001239293810870277,8.280201086078126,26.828640376938427,1.0000000000000002,4.818566057867755,6.702069825306538e-14,2.498102673539713e-15,0.11135528725660043,1.0000000000000004,-0.003469038798333627,0.9999999999999962,999,1000
ct_w6_i1,6,ray_projected,200,False,0.02,0,5.6779499577716335,-11.874127039160335,0.12587296083966493,0.876937473460082,64512,0.876937473460082,0.0,0,True,0.8007832422173502,2.227284748931849,0.10217148124202127,0.6341080180249853,126668.1376980432,52,4.524424263565807e-05,5.731003956217213,29.61252255835342,1.0,5.31856605786775,1.070669521571392e-13,3.61559714969087e-15,0.11135528725660043,1.0000000000000004,-0.002315356128280009,1.0000000000000009,999,1000
ct_w6_i1,6,ray_projected,213,True,,0,5.6779499577716335,-11.901116454078307,0.09888354592169257,0.9028201744351865,64512,0.9028201744351865,0.0,0,True,0.6538602807321672,1.9229496452226784,0.08268246778419029,0.5131531336797753,173268.065215892,52,2.677567830067958e-05,4.6393699740018945,31.06014129268919,1.0000000000000002,5.578566057867746,1.0796392330563793e-13,3.4759636889047257e-15,0.0,,0.0,,999,1000
ct_w6_i1,6,target_direction,0,False,0.02,0,0.0,-10.999339344488108,1.0006606555118918,3.0804439498919063e-12,57619,0.9953090194936322,1.0,7,True,0.03527162859401891,1.035901050933617,0.0001453771831149449,1.0,638019691.6401001,52,8.318603506469446e-11,0.053074328440738915,9.280960383535072,0.7910242909836719,1.318566057867759,5.6779499577716335,0.7734082877179328,0.11135528725660043,1.0000000000000004,-2.2417406454717792e-05,0.9999999999999988,999,1000
ct_w6_i1,6,target_direction,25,False,0.02,0,0.0,-10.999694197612666,1.0003058023873344,5.079949591361635e-12,57619,0.995535589959582,1.0,7,True,0.03296290341883531,1.0335121987609934,7.53811538151062e-05,0.5185212163280454,19799980677.909405,52,2.6753552681612565e-12,0.05297198261613602,11.608693872897499,0.8722210611555324,1.818566057867758,5.677949957771632,0.5607659466899853,0.11135528725660043,1.0000000000000004,-8.617175020120273e-06,1.0000000000000024,999,1000
ct_w6_i1,6,target_direction,50,False,0.02,0,0.0,-10.999841701664925,1.0001582983350747,8.376352577832248e-12,57619,0.9956463274719242,1.0,7,True,0.031809046075931345,1.0323203608591627,4.332846386233417e-05,0.2980417073295181,449323588263.3675,52,1.1780494251840255e-13,0.05293253948752838,14.102741620995124,0.9153702036662911,2.3185660578677565,5.677949957771628,0.43983647289149297,0.11135528725660043,1.0000000000000004,-3.926534699996153e-06,0.999999999999997,999,1000
ct_w6_i1,6,target_direction,75,False,0.02,0,0.0,-10.999912557839941,1.0000874421600585,1.3811091739997112e-11,57619,0.9957055224995605,1.0,7,True,0.03117744788729566,1.0316685550505043,2.5777185923116838e-05,0.17731245970514972,198082598779.27887,50,2.67140605817328e-13,0.05291590543976728,16.68870483358275,0.9403432925303512,2.818566057867755,5.677949957771619,0.36181160778965615,0.11135528725660043,1.0000000000000004,-1.9981514889266807e-06,1.0000000000000078,999,1000
ct_w6_i1,6,target_direction,100,False,0.02,0,0.0,-10.9999498379969,1.0000501620031006,2.2771402704696206e-11,57619,0.9957388421179604,1.0,7,True,0.030811714146135167,1.0312913080404134,1.552098875232385e-05,0.10676358160036654,617582847404.93,50,8.56700350899363e-14,0.05290834420812314,19.3297288345271,0.95588479232515,3.318566057867755,5.677949957771604,0.30729836299046526,0.11135528725660043,1.0000000000000004,-1.088843322119004e-06,1.0000000000000333,999,1000
ct_w6_i1,6,target_direction,125,False,0.02,0,0.0,-10.999970575888616,1.0000294241113838,3.75444247482352e-11,57619,0.9957581699971868,1.0,7,True,0.030592592275119738,1.031065354316039,9.386767498556577e-06,0.06456836827781133,573306705849.4567,49,9.22798621282804e-14,0.05290466377300647,22.00599837794796,0.9661400336834417,3.8185660578677543,5.677949957771583,0.2670609599530978,0.11135528725660043,1.0000000000000004,-6.187044467509394e-07,1.000000000000019,999,1000
ct_w6_i1,6,target_direction,150,False,0.02,0,0.0,-10.999982509604889,1.000017490395111,6.190100115081303e-11,57619,0.9957695829116165,1.0,7,True,0.030458605282522824,1.0309272142247377,5.686483471341741e-06,0.03911537800842948,581160373427.2031,47,9.102953857875747e-14,0.05290276063333668,24.706062260185213,0.9732331256313749,4.318566057867752,5.677949957771561,0.23614086328506592,0.11135528725660043,1.0000000000000004,-3.606570682457288e-07,0.9999999999999983,999,1000
ct_w6_i1,6,target_direction,175,False,0.02,0,0.0,-10.999989520076337,1.000010479923663,1.020581953653473e-10,57619,0.9957763941421923,1.0,7,True,0.030375686590410088,1.0308417346324477,3.4471755431061194e-06,0.023711943437372512,951868088691.2164,45,5.5576741567023104e-14,0.05290172677108796,27.422892994686894,0.9783300537305228,4.81856605786775,5.677949957771538,0.2116376334393837,0.11135528725660043,1.0000000000000004,-2.1353409440649787e-07,1.0000000000001836,999,1000
ct_w6_i1,6,target_direction,200,False,0.02,0,0.0,-10.999993690415394,1.000006309584606,1.6826620883999849e-10,57619,0.9957804851296957,1.0,7,True,0.030324018941455283,1.0307884748394909,2.090284660095718e-06,0.014378354397216513,283890283121.41583,43,1.8634362346582855e-13,0.05290114402358457,30.151958609548842,0.9821094192194664,5.318566057867748,5.677949957771521,0.19174151565719375,0.11135528725660043,1.0000000000000004,-1.2763187882569584e-07,0.9999999999998138,999,1000
ct_w6_i1,6,target_direction,225,False,0.02,0,0.0,-10.999996190277527,1.0000038097224735,2.7742476484792526e-10,57619,0.9957829517278132,1.0,7,True,0.030291705184932936,1.0307551667298467,1.26765577974736e-06,0.008719771236350527,710588658330.6262,43,7.444645572696022e-14,0.05290080709249102,32.89021367802045,0.9849861438090298,5.81856605786774,5.677949957771509,0.17526481729626972,0.11135528725660043,1.0000000000000004,-7.673004168040622e-08,1.000000000000117,999,1000
ct_w6_i1,6,target_direction,250,False,0.02,0,0.0,-10.999997695824026,1.0000023041759736,4.5739679550523715e-10,57619,0.9957844423267285,1.0,7,True,0.030271460613795903,1.0307342997447713,7.688136217102443e-07,0.005288406373250258,414773695516.53186,41,1.2754089708014172e-13,0.05290060921142403,35.635539894601564,0.9872247488107455,6.318566057867731,5.677949957771503,0.161395783112633,0.11135528725660043,1.0000000000000004,-4.6294138673630415e-08,1.0000000000006657,999,1000
ct_w6_i1,6,target_direction,275,False,0.02,0,0.0,-10.999998605215945,1.0000013947840554,7.541205089529159e-10,57619,0.9957853442708111,1.0,7,True,0.030258771452745505,1.0307212206742231,4.662818873148445e-07,0.0032073938793144106,921373855801.6399,41,5.741479629283708e-14,0.052900492240397,38.3864201427228,0.9889999890962854,6.818566057867718,5.6779499577715,0.14956075931562798,0.11135528725660043,1.0000000000000004,-2.799645756113023e-08,0.9999999999999267,999,1000
ct_w6_i1,6,target_direction,300,False,0.02,0,0.0,-10.999999155648714,1.0000008443512858,1.2433352055509577e-09,57619,0.9957858902989809,1.0,7,True,0.0302508219814662,1.03071302701805,2.827950198782819e-07,0.001945250374363667,930558055864.0187,40,5.684806357177649e-14,0.05290042351698647,41.14174035171008,0.9904309087478727,7.3185660578677085,5.6779499577715,0.13934285883259265,0.11135528725660043,1.0000000000000004,-1.696270434337067e-08,0.9999999999977367,999,1000
ct_w6_i1,6,target_direction,325,False,0.02,0,0.0,-10.999999489480336,1.0000005105196639,2.0499138801810578e-09,57619,0.9957862207093409,1.0,7,True,0.030245850002193573,1.0307079023469836,1.7151107151861257e-07,0.0011797660942639428,672782821446.4958,36,7.862921403674345e-14,0.05290038446776067,43.90066453895002,0.9916007860611156,7.818566057867697,5.6779499577715,0.13043183488003737,0.11135528725660043,1.0000000000000004,-1.030192752438097e-08,1.000000000002304,999,1000
ct_w6_i1,6,target_direction,350,False,0.02,0,0.0,-10.999999692604355,1.000000307395645,3.3797372943655415e-09,57619,0.9957864201789639,1.0,7,True,0.030242752061269848,1.0307047092797383,1.0405712522407592e-07,0.0007157734315281196,829195420518.2998,33,6.379722250858284e-14,0.05290036474590389,46.662553453013224,0.9925692492049487,8.318566057867686,5.6779499577715,0.12259203208393694,0.11135528725660043,1.0000000000000004,-6.286610716443876e-09,1.0000000000141052,999,1000
ct_w6_i1,6,target_direction,375,False,0.02,0,0.0,-10.999999817119297,1.0000001828807026,5.57224543568321e-09,57619,0.9957865397475302,1.0,7,True,0.030240838996358054,1.030702737476611,6.338164153986786e-08,0.0004359806689179973,85677026393.97491,31,6.174392530220394e-13,0.05290035917784542,49.42691010521706,0.9933798759367636,8.818566057867677,5.6779499577715,0.11564124035206791,0.11135528725660043,1.0000000000000004,-3.881792665083594e-09,0.9999999999875558,999,1000
ct_w6_i1,6,target_direction,400,False,0.02,0,0.0,-10.999999894899979,1.0000001051000211,9.18708022334316e-09,57619,0.9957866099809862,1.0,7,True,0.030239683992676684,1.0307015470118421,3.9827653063794336e-08,0.0002739608252851064,228092281788.24435,31,2.319252798751489e-13,0.0529003662910999,52.19334239482178,0.9940650977512512,9.318566057867665,5.6779499577715,0.10943635648721464,0.11135528725660043,1.0000000000000004,-2.469956577044741e-09,1.000000000010283,999,1000
ct_w6_i1,6,target_direction,425,False,0.02,0,0.0,-10.999999945833967,1.0000000541660334,1.5146935170687504e-08,57619,0.9957866488234159,1.0,7,True,0.030239028575521472,1.0307008714725876,2.9905778483161746e-08,0.0002057116381152897,595620258249.7247,31,8.881562900196917e-14,0.05290038788276462,54.961536897515806,0.9946494453571016,9.818566057867653,5.677949957771499,0.1038634268026646,0.11135528725660043,1.0000000000000004,-1.6893727305955507e-09,1.000000000002572,999,1000
ct_w6_i1,6,target_direction,450,False,0.02,0,0.0,-10.999999982934712,1.0000000170652878,2.497307463750074e-08,57619,0.9957866661956242,1.0,7,True,0.03023872561727103,1.0307005592133023,3.4496845933542726e-08,0.00023729202337252072,396104737807.65454,28,1.3355162008625944e-13,0.05290042945805529,57.73124012119333,0.9951517454310211,10.318566057867644,5.677949957771499,0.09883058472847592,0.11135528725660043,1.0000000000000004,-1.340293653839808e-09,0.9999999999903461,999,1000
ct_w6_i1,6,target_direction,475,False,0.02,0,0.0,-11.000000015676852,0.9999999843231482,4.117363936362574e-08,57619,0.9957866665341839,1.0,7,True,0.03023870681794028,1.0307005398368216,5.286215307427089e-08,0.00036362069990360555,958974744037.653,28,5.516360254301952e-14,0.052900501628886966,60.50224486516822,0.9955866379529326,10.818566057867638,5.6779499577715,0.09426294682712016,0.11135528725660043,1.0000000000000004,-1.3334318360591632e-09,1.0000000000056084,999,1000
ct_w6_i1,6,target_direction,500,False,0.02,0,0.0,-11.00000005241955,0.9999999475804504,6.788385387876035e-08,57619,0.9957866499263512,1.0,7,True,0.030238967533138438,1.0307008085561522,8.63138423630535e-08,0.0005937234476115005,935320227684.7009,27,5.655883541967562e-14,0.052900622822312525,63.2743801353966,0.9959656436061888,11.318566057867637,5.677949957771502,0.09009886162652198,0.11135528725660043,1.0000000000000004,-1.6669721425444077e-09,0.9999999999760826,999,1000
ct_w6_i1,6,target_direction,525,False,0.02,0,0.0,-11.000000102542081,0.9999998974579185,1.1192154957923969e-07,57619,0.9957866121332567,1.0,7,True,0.030239565611242546,1.030701424995922,1.42175424705997e-07,0.0009779761972247298,625937998115.2733,25,8.451447930806905e-14,0.052900823989847426,66.04750358122985,0.996297927230797,11.818566057867638,5.677949957771496,0.08628711064144602,0.11135528725660043,1.0000000000000004,-2.4260235953477135e-09,1.0000000000158522,999,1000
ct_w6_i1,6,target_direction,550,False,0.02,0,0.0,-11.000000178838532,0.9999998211614685,1.8452742672422003e-07,57619,0.9957865435082596,1.0,7,True,0.030240633932272328,1.030702526116518,2.3441250830943586e-07,0.0016124435986910937,30616249356.599495,22,1.7278784187383421e-12,0.05290115652597992,68.82149574883177,0.9965908522022674,12.318566057867642,5.677949957771489,0.08278479104368977,0.11135528725660043,1.0000000000000004,-3.80432659596863e-09,1.0000000000074578,999,1000
ct_w6_i1,6,target_direction,575,False,0.02,0,0.0,-11.000000300783782,0.9999996992162181,3.0423425772980634e-07,57619,0.9957864265347566,1.0,7,True,0.030242409274229894,1.0307043559675826,3.865027280952067e-07,0.002658620285616704,44409617740.6029,22,1.1912218147393791e-12,0.05290170543684311,71.59625566257195,0.9968503886005334,12.818566057867644,5.677949957771482,0.07955569386269574,0.11135528725660043,1.0000000000000004,-6.153693394850287e-09,1.0000000000047233,999,1000
ct_w6_i1,6,target_direction,600,False,0.02,0,0.0,-11.000000499504576,0.9999995004954236,5.0159739367888e-07,57619,0.9957862313550989,1.0,7,True,0.03024528358314589,1.0307073185345603,6.372525484172905e-07,0.004383442674862095,69616653512.77998,22,7.599131602198906e-13,0.052902611174829785,74.37169739016494,0.9970814175716172,13.318566057867644,5.677949957771475,0.07656904749562299,0.11135528725660043,1.0000000000000004,-1.0073800478238571e-08,1.0000000000001033,999,1000
ct_w6_i1,6,target_direction,625,False,0.02,0,0.0,-11.00000082572467,0.9999991742753291,8.269940238657257e-07,57619,0.9957859081494405,1.0,7,True,0.030249888392364685,1.0307120647560504,1.0506627313993624e-06,0.00722715015442718,111999213131.19136,22,4.723614066783524e-13,0.05290410586151814,77.14774734551986,0.9972879609540023,13.818566057867649,5.67794995777147,0.0737985340004101,0.11135528725660043,1.0000000000000004,-1.6565254519207428e-08,1.000000000000627,999,1000
ct_w6_i1,6,target_direction,650,False,0.02,0,0.0,-11.000001362712004,0.9999986372879963,1.363481907077592e-06,57619,0.9957853744192716,1.0,7,True,0.03025722994988947,1.0307196318157423,1.732255364059185e-06,0.011915593127771284,181696173269.18866,22,2.9118155104464714e-13,0.05290657355139931,79.92434215107474,0.9974733564041107,14.31856605786765,5.677949957771463,0.07122151149333222,0.11135528725660043,1.0000000000000004,-2.728499945092723e-08,0.9999999999998878,999,1000
ct_w6_i1,6,target_direction,675,False,0.02,0,0.0,-11.000002247532668,0.9999977524673316,2.247999634694405e-06,57619,0.9957844939299096,1.0,7,True,0.030268902888778725,1.0307316634132384,2.85600564963301e-06,0.019645487609805053,294930137874.4124,22,1.794006248818679e-13,0.052910651031165046,82.70142692889866,0.9976403923014734,14.818566057867654,5.677949957771458,0.0688183939711911,0.11135528725660043,1.0000000000000004,-4.4969230739155775e-08,1.0000000000006168,999,1000
ct_w6_i1,6,target_direction,700,False,0.02,0,0.0,-11.00000370603618,0.9999962939638198,3.706319409908537e-06,57619,0.9957830419373888,1.0,7,True,0.030287425956121345,1.030750755902077,4.708746227926709e-06,0.03238985738362849,475692047374.2163,22,1.112429737490785e-13,0.05291739793869535,85.47895392358204,0.9977914126429565,15.318566057867656,5.677949957771451,0.06657215258961452,0.11135528725660043,1.0000000000000004,-7.413177769421984e-08,0.9999999999999712,999,1000
ct_w6_i1,6,target_direction,725,False,0.02,0,0.0,-11.00000611050117,0.9999938894988301,6.110672955497456e-06,57619,0.995780647825,1.0,7,True,0.03031676728692863,1.030780999944684,7.76337437223959e-06,0.053401601309755395,751774167594.8949,22,7.040490396439835e-14,0.052928588072434085,88.25688138419441,0.9979283993127926,15.818566057867658,5.677949957771445,0.06446791152420815,0.11135528725660043,1.0000000000000004,-1.2221614746010808e-07,0.9999999999998763,999,1000
ct_w6_i1,6,target_direction,750,False,0.02,0,0.0,-11.00001007465235,0.9999899253476503,1.0074756543121092e-05,57619,0.9957767005104635,1.0,7,True,0.030363163249735668,1.0308288251310587,1.2799539974951157e-05,0.08804366476705623,830698405500.0371,21,6.373819850050267e-14,0.05294721986381242,91.03517265023262,0.9980530371329065,16.318566057867663,5.677949957771437,0.062492618128464905,0.11135528725660043,1.0000000000000004,-2.0149518507039932e-07,0.999999999999884,999,1000
ct_w6_i1,6,target_direction,775,False,0.02,0,0.0,-11.000016610293654,0.9999833897063457,1.6610356849991592e-05,57619,0.9957701924872114,1.0,7,True,0.030436390292555113,1.0309043124413986,2.1102598576750817e-05,0.1451575696033792,189809880312.75607,20,2.791132023128154e-13,0.052978443524705564,93.81379539945904,0.9981667656891124,16.81856605786766,5.677949957771432,0.06063477192702752,0.11135528725660043,1.0000000000000004,-3.3220288234048294e-07,0.9999999999998719,999,1000
ct_w6_i1,6,target_direction,800,False,0.02,0,0.0,-11.000027385515235,0.9999726144847649,2.738555356037144e-05,57619,0.9957594627140439,1.0,7,True,0.030551732603515583,1.031023226184936,3.4791553711332955e-05,0.23931921754065377,304718301748.98676,20,1.7403397881740994e-13,0.05303133847186029,96.59272102516556,0.9982708209161137,17.31856605786766,5.677949957771425,0.05888420055395809,0.11135528725660043,1.0000000000000004,-5.476968371098679e-07,0.9999999999999312,999,1000
ct_w6_i1,6,target_direction,825,False,0.02,0,0.0,-11.000045150319293,0.9999548496807069,4.515034254303525e-05,57619,0.99574177278788,1.0,7,True,0.030733012740327036,1.0312101471584525,5.7359536789071625e-05,0.39455666673441697,475886701023.10266,20,1.1162867001666556e-13,0.05312259951382751,99.37192411762672,0.9983662686886657,17.818566057867663,5.677949957771417,0.05723187341487381,0.11135528725660043,1.0000000000000004,-9.0296654581934e-07,0.9999999999999539,999,1000
ct_w6_i1,6,target_direction,850,False,0.02,0,0.0,-11.000074438135737,0.9999255618642628,7.44381498382868e-05,57619,0.9957126083870482,1.0,7,True,0.031017235606753138,1.03150328231825,9.45643488591718e-05,0.6504758644580623,696224413058.4814,20,7.653433748395908e-14,0.053285074193589146,102.15138202997187,0.9984540321267285,18.318566057867667,5.67794995777141,0.05566974586531335,0.11135528725660043,1.0000000000000004,-1.4886524590451677e-06,0.9999999999999792,999,1000
ct_w6_i1,6,target_direction,875,False,0.02,0,0.0,-11.000122721826253,0.9998772781737468,0.0001227218348009279,57619,0.9956645281396713,1.0,7,True,0.03146166201378401,1.0319618114995421,0.00015589519690158092,1.0723498252013852,900217762477.6338,20,5.953091027056276e-14,0.053590782842022795,104.93107451287803,0.9985349139229399,18.818566057867667,5.677949957771403,0.054190628229725986,0.11135528725660043,1.0000000000000004,-2.4541356542506797e-06,0.9999999999999835,999,1000
ct_w6_i1,6,target_direction,900,False,0.02,0,0.0,-11.000202317987236,0.9997976820127636,0.00020231799242275143,57619,0.9955852673452706,1.0,7,True,0.03215450585105136,1.0326770476257947,0.00025698680694464485,1.7677244904480915,102717258434.38022,19,5.279310640086698e-13,0.05422763153731586,107.71098340569111,0.9986096147023951,19.318566057867667,5.677949957771397,0.05278807516063681,0.11135528725660043,1.0000000000000004,-4.045541300943261e-06,1.0000000000000093,999,1000
ct_w6_i1,6,target_direction,925,False,0.02,0,0.0,-11.000333522200291,0.9996664777997086,0.00033352220343617383,57619,0.9954546159346725,1.0,7,True,0.03323096994085419,1.0337892859188154,0.0004235884173797795,2.913720078376139,172340873171.67114,19,3.240407086345637e-13,0.05584545866924778,110.49109237406861,0.9986787482000264,19.818566057867674,5.677949957771391,0.05145629174587045,0.11135528725660043,1.0000000000000004,-6.668219390437716e-06,1.0000000000000002,999,1000
ct_w6_i1,6,target_direction,950,False,0.02,0,0.0,-11.000549766200114,0.9994502337998856,0.0005497662020207046,57619,0.9952392830310405,1.0,7,True,0.03489702198907369,1.035513068232846,0.0006980771250465539,4.801834167433328,310597393120.6207,19,1.9868449320865627e-13,0.061710885644100315,113.27138668617447,0.9987428538703633,20.318566057867677,5.677949957771384,0.0501900534788755,0.11135528725660043,1.0000000000000004,-1.0989279220598993e-05,1.0000000000000109,999,1000
ct_w6_i1,6,target_direction,975,False,0.02,0,0.0,-11.00090608807822,0.9990939119217792,0.0009060880793747208,57619,0.9948844624336687,1.0,7,True,0.03746414738496149,1.0381747751340213,0.001150114093426025,7.91124211367246,682160831036.305,19,1.2247715503461137e-13,0.08354911786137287,116.05185302097837,0.9988024074140818,20.81856605786768,5.677949957771378,0.04898463776149687,0.11135528725660043,1.0000000000000004,-1.8105341698202445e-05,1.0000000000000049,999,1000
ct_w6_i1,6,target_direction,999,False,,0,0.0,-11.00146348880518,0.9985365111948195,0.0014634888058959647,57619,0.9943294101857166,1.0,7,True,0.04120773297733981,1.0420685550663855,0.0018565965974048472,12.770894012555589,909572593577.9353,18,1.4043009634241493e-13,0.12773136694656967,118.72125132209864,0.9988556872151447,21.298566057867674,5.677949957771371,0.047880684281171655,0.0,,0.0,,999,1000
