instance_id,width,optimizer,step,success_at_step,alpha,line_trials,projection_displacement,energy,gap,pstar,dominant_index,dominant_probability,dominant_gap,dominant_hamming,dominant_local_min,entropy,effective_support,gradient_rms,gradient_ratio,fisher_condition,fisher_rank,fisher_min_kept,fisher_max,theta_norm,theta_target_cosine,beta_projection,transverse_norm,transverse_ratio,update_norm,update_target_cosine,gradient_update_dot,update_fisher_target_cosine,replay_checkpoint,replay_budget,trap_v1
ct_w5_i1,5,adam,0,False,,0,0.0,-10.993772532330214,1.0062274676697864,1.3050483350482454e-12,9994,0.9691288465953104,1.0,8,True,0.1833742340491167,1.201263877817199,0.0014052858773519,1.0,45569088.13024984,51,6.744384006524485e-09,0.3073354291775618,8.309225914671824,0.8586598805473616,1.2712368154556908,4.258858944658905,0.596913660167173,0.1428260975611236,0.2744436372742729,-0.0010891814074566,0.3055500902361743,199,1000,False
ct_w5_i1,5,adam,25,False,,0,0.0,-10.999596426507166,1.000403573492834,6.750973158699496e-20,9994,0.9982895271184876,1.0,8,True,0.0149098028624859,1.0150215084521514,0.0001118348709096,0.079581580311877,9434214811.26211,51,1.72952375659615e-12,0.016316698640909,10.052375748276573,0.7723443001906486,1.3833254999063662,6.385310553588307,0.8224364782133262,0.0421348851857078,0.2722778727872956,-2.3179210769824506e-05,0.4917016753643942,199,1000,True
ct_w5_i1,5,adam,50,False,,0,0.0,-10.99983677702418,1.0001632229758215,1.1230255008387028e-21,9994,0.9991386642650596,1.0,8,True,0.0080167002945318,1.0080489200775695,4.491397453410819e-05,0.0319607385642716,31394918316.1958,51,2.770645064024937e-13,0.0086984175468233,10.553471997251158,0.75124463011597,1.412607363969959,6.965543403596477,0.878573824131964,0.0138540506781723,0.2568179283362621,-3.5733170276044027e-06,0.565915989694996,199,1000,True
ct_w5_i1,5,adam,75,False,,0,0.0,-10.999893377293343,1.0001066227066566,2.239554272582116e-22,9994,0.9993372266191484,1.0,8,True,0.0063023640743634,1.006322265758078,2.8905799501177354e-05,0.0205693375042282,49959435276.41092,51,1.3881997150573145e-13,0.0069353673815137,10.766606173967814,0.7426800148702744,1.4247061140427009,7.209819824136818,0.9016621655844036,0.0085330986095299,0.2548748969109796,-1.4547135835832146e-06,0.5539242705290373,199,1000,True
ct_w5_i1,5,adam,100,False,,0,0.0,-10.999921273937632,1.0000787260623678,7.104995245954275e-23,9994,0.9994474192797798,1.0,8,True,0.0053317078206882,1.0053459466693768,2.114218433510112e-05,0.0150447568539866,69050482258.10577,51,8.569745467297053e-14,0.0059174505734607,10.920855184977212,0.7366867488051765,1.4334555463454006,7.385055291991342,0.9179398942467296,0.006912735344841,0.2589043824397357,-8.545274968592128e-07,0.5178001980617604,199,1000,True
ct_w5_i1,5,adam,125,False,,0,0.0,-10.999938732921787,1.0000612670782123,2.676550200867772e-23,9994,0.9995254079862176,1.0,8,True,0.0046359183989344,1.004646680893557,1.635525645728495e-05,0.0116383838483484,90630664449.80568,51,5.704612278124514e-14,0.0051701280119494,11.052163990803452,0.7317254317144376,1.4409210734857725,7.533149565031061,0.9314962701330868,0.0059716890805944,0.2621314309950163,-5.662616587338386e-07,0.4883471620382065,199,1000,True
ct_w5_i1,5,adam,150,False,,0,0.0,-10.99995065420348,1.0000493457965192,1.1321590747805013e-23,9994,0.9995842966842616,1.0,8,True,0.0041046934796909,1.004113129272137,1.3119645420009427e-05,0.0093359263274826,115022068039.98164,51,3.9911575001855064e-14,0.0045907118954462,11.16795459896632,0.7274506045269243,1.4475109974997695,7.663004316602296,0.9432393738736686,0.0052691382178737,0.2643713751611194,-3.985136298624435e-07,0.4659166052735536,199,1000,True
ct_w5_i1,5,adam,175,False,,0,0.0,-10.999959218206625,1.000040781793377,5.248041666704459e-24,9994,0.9996302827138844,1.0,8,True,0.0036857095989005,1.0036925101789451,1.0811416825532822e-05,0.007693393209007,142246957312.3123,51,2.9028096965258256e-14,0.0041291584698747,11.271541338213709,0.7237011465968719,1.453407148609878,7.778642904819977,0.953589072923745,0.0047121848580691,0.2659982887518394,-2.925317791496906e-07,0.4481326447460404,199,1000,True
ct_w5_i1,5,adam,200,False,,0,0.0,-10.999965606174968,1.0000343938250325,2.6212719221751473e-24,9994,0.999667126617924,1.0,8,True,0.0033469826041239,1.003352590004612,9.098323658679386e-06,0.0064743578550891,172287541110.80826,51,2.1786117581682286e-14,0.0037534766284989,11.365202011245689,0.7203689611719598,1.4587365829361305,7.882802520483653,0.96282752075515,0.0042600346289717,0.2672398594539399,-2.2192152028847001e-07,0.4334667270814326,199,1000,True
ct_w5_i1,5,adam,225,False,,0,0.0,-10.999970515545373,1.0000294844546271,1.3927422570453451e-24,9994,0.9996972784931554,1.0,8,True,0.0030675004542818,1.0030722100481295,7.78670625530122e-06,0.0055410122458315,205130551104.2625,51,1.6779528047047783e-14,0.0034419938355603,11.450654173528832,0.7173750341463725,1.4635962230302828,7.977524241492169,0.9711617647082682,0.0038865320947792,0.2682240255769478,-1.7290219549371133e-07,0.4210094447803848,199,1000,True
ct_w5_i1,5,adam,250,False,,0,0.0,-10.999974381789167,1.000025618210831,7.793705049245147e-25,9994,0.9997223970866116,1.0,8,True,0.0028329241902527,1.0028369407119249,6.756784208194628e-06,0.0048081207653825,240776767338.4853,51,1.3205655310267696e-14,0.0031796149961925,11.52922298415032,0.7146599575752692,1.4680613708519803,8.064369205197915,0.9787480604532194,0.0035733510297912,0.2690270898329558,-1.3770988789824336e-07,0.4101916348318337,199,1000,True
ct_w5_i1,5,adam,275,False,,0,0.0,-10.999977489003893,1.0000225109961072,4.557531628000129e-25,9994,0.9997436408328216,1.0,8,True,0.0026331654188522,1.0026366352437863,5.930971385417727e-06,0.0042204732012206,279216804812.01385,51,1.0585203188401718e-14,0.0029555666125514,11.601946652102122,0.7121781637216297,1.4721912792794856,8.144552197048448,0.9857066653589818,0.0033072908258236,0.2696974491076782,-1.1172694378478567e-07,0.400636587303317,199,1000,True
ct_w5_i1,5,adam,300,False,,0,0.0,-10.999980029388857,1.0000199706111434,2.7676997133718294e-25,9994,0.999761841005554,1.0,8,True,0.0024609350577209,1.0024639656439154,5.257070850155029e-06,0.003740926266235,320462266090.31085,51,8.618744065241792e-15,0.0027619822539998,11.669650557167584,0.7098940690078942,1.4760331873625645,8.219033645462064,0.9921317750906932,0.003078654214156,0.2702673762624732,-9.20833779891569e-08,0.3920830687410914,199,1000,True
ct_w5_i1,5,adam,325,False,,0,0.0,-10.999982137024976,1.0000178629750245,1.7367061191115556e-25,9994,0.999777608501646,1.0,8,True,0.0023108422037725,1.0023135142574529,4.698831214228424e-06,0.0033436835094953,364532343908.2218,51,7.113215402849821e-15,0.0025929970835249,11.733000068066044,0.7077794303158537,1.479625247254701,8.288584204757855,0.9980983641497092,0.0028801865512595,0.2707592734268005,-7.692791931403652e-08,0.3843429061266157,199,1000,True
ct_w5_i1,5,adam,350,False,,0,0.0,-10.99998390793931,1.0000160920606902,1.1214159917560473e-25,9994,0.999791401777244,1.0,8,True,0.0021788171261399,1.00218119247301,4.23038377322439e-06,0.0030103367872706,411405312113.6148,51,5.940991647709006e-15,0.0024441555230901,11.79253851517486,0.7058114994690027,1.4829986521236778,8.3538306819424,1.0036669777525165,0.0027063673219324,0.2711892123861859,-6.502778172168465e-08,0.3772762452377066,199,1000,True
ct_w5_i1,5,adam,375,False,,0,0.0,-10.99998541248678,1.0000145875132187,7.426180036398105e-26,9994,0.9998035713128492,1.0,8,True,0.0020617313231184,1.002063858152542,3.83283253932303e-06,0.0027274397338607,461125743117.7001,51,5.013849326538008e-15,0.00231201499658,11.84871482115535,0.7039717113883639,1.486179196040386,8.41528917665068,1.0088871482864916,0.002552929226533,0.271569034824436,-5.553907711007914e-08,0.3707763856167019,199,1000,True
ct_w5_i1,5,adam,400,False,,0,0.0,-10.999986703247332,1.0000132967526678,5.0291127373165435e-26,9994,0.9998143894740844,1.0,8,True,0.0019571409226898,1.001959057373036,3.492091203663685e-06,0.0024849685462178,513708659929.49646,51,4.270660039212516e-15,0.0021938750457583,11.901903885064934,0.7022447349541064,1.4891884309095778,8.473389365097267,1.0137998737743037,0.0024165261455222,0.2719076812305465,-4.787003148379932e-08,0.36476010959495,199,1000,True
ct_w5_i1,5,adam,425,False,,0,0.0,-10.99998782021006,1.000012179789941,3.4746158339527897e-26,9994,0.9998240710367324,1.0,8,True,0.0018631093676594,1.0018648460342832,3.197469547544995e-06,0.0022753160755946,569160985454.2899,51,3.667834568745496e-15,0.0020875883376304,11.95242183264758,0.700617774611115,1.4920445353448013,8.528492566614782,1.018439446008273,0.0022944999721445,0.2722120332094903,-4.159674907496725e-08,0.3591612589989629,199,1000,True
ct_w5_i1,5,adam,450,False,,0,0.0,-10.999988794263857,1.0000112057361434,2.4441596818152583e-26,9994,0.9998327875921894,1.0,8,True,0.0017780823446932,1.0017796640704462,2.9407253468238326e-06,0.00209261716368,627512205665.6193,51,3.173526035146624e-15,0.0019914263220521,12.000537579733772,0.6990800484276455,1.4947629753689369,8.58090537751046,1.0228348198417676,0.0021847139341062,0.2724874807721122,-3.64098028096705e-08,0.3539263997880844,199,1000,True
ct_w5_i1,5,adam,475,False,,0,0.0,-10.999989649601329,1.0000103503986733,1.7474460231658963e-26,9994,0.9998406778524784,1.0,8,True,0.0017007978907878,1.001702245067856,2.71541351206768e-06,0.0019322854913937,688761168965.9183,51,2.764357423847368e-15,0.0019039820506887,12.046481715371812,0.6976223922818415,1.497357013064735,8.630890101530772,1.0270106537578467,0.0020854318336792,0.272738312758732,-3.2079482389767624e-08,0.3490117199138113,199,1000,True
ct_w5_i1,5,adam,500,False,,0,0.0,-10.999990405407887,1.000009594592111,1.2678763236528698e-26,9994,0.9998478551484022,1.0,8,True,0.0016302206924574,1.0016315502245892,2.5164300517137104e-06,0.0017906890635345,752980432324.5085,51,2.422504876251645e-15,0.0018240987690281,12.090453407479483,0.6962369557059888,1.49983810263406,8.6786728290606,1.0309881110380394,0.0019952289686594,0.2729679828653808,-2.84326515507424e-08,0.3443808685866195,199,1000,True
ct_w5_i1,5,adam,525,False,,0,0.0,-10.99999107707018,1.000008922929819,9.323565351376388e-27,9994,0.9998544129709908,1.0,8,True,0.0015654933243024,1.0015667193486708,2.3396866535593043e-06,0.0016649186413003,820129183707.6921,51,2.134805971092786e-15,0.0017508166784466,12.13262583175677,0.69491696528791,1.502216202153395,8.724449768095885,1.0347854841317856,0.0019129257281516,0.2731793081511282,-2.533701660705528e-08,0.3400033561282739,199,1000,True
ct_w5_i1,5,adam,550,False,,0,0.0,-10.99999167705489,1.00000832294511,6.941024252553954e-27,9994,0.9998604291255384,1.0,8,True,0.0015058995485519,1.0015070339846546,2.181874464702882e-06,0.0015526196483339,890292984043.9524,51,1.890762636006767e-15,0.0016833327093292,12.173150485185213,0.6936565385262626,1.5045000215431763,8.768392259589401,1.0384186867472678,0.0018375373842367,0.2733746166651311,-2.2690226073182852e-08,0.3358533209129404,199,1000,True
ct_w5_i1,5,adam,575,False,,0,0.0,-10.999992215557343,1.000007784442655,5.225957354700668e-27,9994,0.9998659688858862,1.0,8,True,0.001450836340601,1.0014518893128133,2.0402901250085832e-06,0.0014518683763144,963483472654.5776,51,1.6824053544755892e-15,0.0016209697533427,12.212160643502823,0.6924505359415785,1.506697221484376,8.810650786974481,1.041901645447437,0.0017682355233575,0.2735558413738633,-2.041219025573864e-08,0.3319086865584108,199,1000,True
ct_w5_i1,5,adam,600,False,,0,0.0,-10.999992700986608,1.000007299013392,3.975794742272275e-27,9994,0.9998710874182668,1.0,8,True,0.001399792313848,1.0014007724803988,1.912705894600487e-06,0.0013610795678134,148508045788.6466,50,1.0525711627469618e-14,0.0015631528643303,12.249774160934392,0.6912944423192705,1.5088145745347423,8.8513582151865,1.045246614628771,0.0017043185109914,0.2737246157588064,-1.843958695542482e-08,0.3281504122569685,199,1000,True
ct_w5_i1,5,adam,625,False,,0,0.0,-10.999993140333103,1.000006859666895,3.053908703860053e-27,9994,0.9998758316643616,1.0,8,True,0.0013523308996591,1.0013532457114198,1.7972712790052728e-06,0.0012789364128471,160250478045.05157,50,9.418946349392996e-15,0.0015093906551709,12.286095753122764,0.6901842706513718,1.5108580966456198,8.89063242557092,1.0484644316676186,0.0016451880865446,0.2738823060772226,-1.6721868329458233e-08,0.3245619814201543,199,1000,True
ct_w5_i1,5,adam,650,False,,0,0.0,-10.999993539449855,1.0000064605501429,2.3667769518480783e-27,9994,0.999880241819057,1.0,8,True,0.0013080771031251,1.0013089330091354,1.692438025566317e-06,0.001204337176401,172477098173.36642,50,8.460605100209664e-15,0.0014592606164749,12.321218874587418,0.689116483657611,1.5128331552116805,8.928578479074696,1.0515647256977938,0.0015903311606447,0.2740300910618755,-1.521833008826894e-08,0.3211289776950906,199,1000,True
ct_w5_i1,5,adam,675,False,,0,0.0,-10.999993903270513,1.0000060967294877,1.84950213769662e-27,9994,0.9998843525008544,1.0,8,True,0.0012667069798992,1.0012675095920414,1.5969019064208816e-06,0.0011363537712554,185194098366.3701,50,7.626579024764731e-15,0.0014123974261111,12.355227274705603,0.6880879293130753,1.514744558867729,8.965290404282424,1.0545560893537178,0.0015393052140174,0.2741689815503063,-1.38959249763962e-08,0.3178387176149992,199,1000,True
ct_w5_i1,5,adam,700,False,,0,0.0,-10.99999423597949,1.000005764020511,1.4564755209897079e-27,9994,0.9998881936870024,1.0,8,True,0.0012279392024052,1.001228693428431,1.509557407183257e-06,0.0010741995144986,198403750366.85437,50,6.897468221979578e-15,0.0013684835632769,12.388196293010626,0.6870957873932693,1.5165966320017097,9.000852684712486,1.0574462213735272,0.0014917265766543,0.2742998437015798,-1.2727619616100584e-08,0.3146800175677542,199,1000,True
ct_w5_i1,5,adam,725,False,,0,0.0,-10.999994541146298,1.0000054588537015,1.1552633928231143e-27,9994,0.999891791466782,1.0,8,True,0.0011915282457555,1.001192238397563,1.429461995328221e-06,0.001017203700945,212116807372.86237,50,6.257126574427293e-15,0.0013272417122954,12.420193947019106,0.6861375249540135,1.5183932775138715,9.03534150476846,1.0602420455132409,0.0014472610492169,0.2744234383199451,-1.1691144577326331e-08,0.3116429203737224,199,1000,True
ct_w5_i1,5,adam,750,False,,0,0.0,-10.999994821832294,1.0000051781677062,9.225457465261568e-28,9994,0.9998951686523871,1.0,8,True,0.0011572588464103,1.0011579287288133,1.3558077206775495e-06,0.0009647913940702,226334827577.7053,50,5.6925776280041775e-15,0.001288428575907,12.45128184945094,0.6852108589722659,1.5201380296560936,9.06882579910183,1.0629498104650066,0.0014056161238522,0.2745404139930405,-1.0768033811676751e-08,0.3087185866216115,199,1000,True
ct_w5_i1,5,adam,775,False,,0,0.0,-10.999995080676184,1.000004919323816,7.413817866132049e-28,9994,0.9998983452786216,1.0,8,True,0.0011249414564295,1.0011255744404042,1.2878984831281725e-06,0.0009164672497492,241065282619.3003,50,5.192907826465706e-15,0.0012518297928029,12.481515987462249,0.6843137248223877,1.521834098974833,9.101368142427576,1.0655751742742336,0.0013665347541781,0.2746513711367325,-9.942881314135686e-09,0.3058990727918272,199,1000,True
ct_w5_i1,5,adam,800,False,,0,0.0,-10.999995319963118,1.0000046800368825,5.993455426577635e-28,9994,0.9999013390136112,1.0,8,True,0.0010944084975309,1.001095007581038,1.22513172560476e-06,0.0008718024889806,256314508918.1964,50,4.749070776611185e-15,0.0012172557439248,12.510947386418454,0.6834442495550569,1.5234844105819882,9.133025506545504,1.0681232759774888,0.0013297901530933,0.2747568159714285,-9.202760407086337e-09,0.3031772347963949,199,1000,True
ct_w5_i1,5,adam,825,False,,0,0.0,-10.999995541680828,1.0000044583191716,4.872396721900787e-28,9994,0.999904165498722,1.0,8,True,0.0010655112528487,1.0010660791116324,1.166983517550733e-06,0.0008304242833136,272089063719.5751,50,4.353493863582135e-15,0.0011845380692509,12.539622678331064,0.6826007290821369,1.5250916368238503,9.163849908338095,1.070598796848723,0.001295181421171,0.2748571849319142,-8.536765742224677e-09,0.300546637911227,199,1000,True
ct_w5_i1,5,adam,850,False,,0,0.0,-10.9999957475655,1.0000042524345003,3.9819828615787155e-28,9994,0.9999068386315992,1.0,8,True,0.001038117272236,1.001038656302481,1.1129963979683833e-06,0.0007920071039678,288394270585.80554,50,3.9998254960255714e-15,0.0011535267563968,12.567584592009414,0.6817816086623587,1.5266582255638828,9.193888967152786,1.0730060128372283,0.0012625300429148,0.2749528953185426,-7.935650914252135e-09,0.2980014413096327,199,1000,True
ct_w5_i1,5,adam,875,False,,0,0.0,-10.999995939139524,1.0000040608604763,3.27054601045149e-28,9994,0.9999093708030832,1.0,8,True,0.0010121081951499,1.0010126205494874,1.0627693744936608e-06,0.0007562656051851,305233611868.9886,50,3.682712690899261e-15,0.0011240876961189,12.594872377378776,0.6809854661070349,1.5281864246907853,9.223186386562343,1.075348839746952,0.0012316767944392,0.2750443067599735,-7.391538413510863e-09,0.2955363629336724,199,1000,True
ct_w5_i1,5,adam,900,False,,0,0.0,-10.999996117742809,1.000003882257193,2.698908660789328e-28,9994,0.9999117730961476,1.0,8,True,0.0009873779185573,1.000987865536609,1.015949635534158e-06,0.0007229487265954,322621325187.9511,50,3.397483481645592e-15,0.0010961006231526,12.621522171501452,0.6802109972876624,1.529678303152104,9.251782370169128,1.077630872260164,0.0012024792120944,0.2751317358172216,-6.897686753852915e-09,0.2931465777512729,199,1000,True
ct_w5_i1,5,adam,925,False,,0,0.0,-10.99999628455872,1.000003715441279,2.237150376509848e-28,9994,0.9999140554547492,1.0,8,True,0.0009638310378157,1.000964295672215,9.722256682649031e-07,0.0006918347959896,340569202785.6606,50,3.140205729898516e-15,0.0010694573620145,12.6475673207186,0.6794570035099686,1.5311357695482577,9.279713986498711,1.079855417984026,0.001174809527639,0.2752154818076632,-6.4483020981340844e-09,0.2908276645251052,199,1000,True
ct_w5_i1,5,adam,950,False,,0,0.0,-10.999996440635885,1.0000035593641154,1.8622648561547983e-28,9994,0.9999162268264896,1.0,8,True,0.0009413815271267,1.0009418247657913,9.313215303321572e-07,0.0006627274530696,359063258393.2768,50,2.9077337124627576e-15,0.0010440603413368,12.673038659197344,0.6787223805729291,1.5325605881264968,9.307015484822912,1.0820255269701728,0.0011485527107208,0.2752957922265946,-6.038384849326895e-09,0.2885755964248288,199,1000,True
ct_w5_i1,5,adam,975,False,,0,0.0,-10.99999658690634,1.00000341309366,1.556447911058237e-28,9994,0.9999182952848306,1.0,8,True,0.0009199516061212,1.0009203748913906,8.929920032606951e-07,0.000635452200618,378133103939.9332,50,2.6969903096016146e-15,0.0010198213170655,12.697964756099385,0.6780061091347577,1.533954392982012,9.333718574879706,1.0841440177518438,0.0011236050056132,0.2753728991578821,-5.663604537343093e-09,0.2863866762884156,199,1000,True
ct_w5_i1,5,adam,999,False,,0,0.0,-10.99999671887204,1.0000032811279596,1.314945728871537e-28,9994,0.9999201909700776,1.0,8,True,0.0009002726044627,1.0009006779714815,8.584147443281476e-07,0.0006108470583549,396962152113.898,50,2.513002694344503e-15,0.000997566957815,12.721405481168375,0.6773348777933647,1.535264676629715,9.358817882410795,1.08613163066066,0.0,,0.0,,199,1000,True
ct_w5_i1,5,armijo_gd,0,False,1.0,1,0.0,-10.993772532330214,1.0062274676697864,1.3050483350482454e-12,9994,0.9691288465953104,1.0,8,True,0.1833742340491167,1.201263877817199,0.0014052858773519,1.0,45569088.13024984,51,6.744384006524485e-09,0.3073354291775618,8.309225914671824,0.8586598805473616,1.2712368154556908,4.258858944658905,0.596913660167173,0.0100357485147508,0.1841647055754717,-0.0001007162482513,0.5883540940708458,199,1000,False
ct_w5_i1,5,armijo_gd,25,False,1.0,1,0.0,-10.995542368917334,1.0044576310826656,4.178950820529711e-13,9994,0.9740995805807816,1.0,8,True,0.1561334659183855,1.1689822119631998,0.0009839606204048,0.7001853759884302,69926979.4934204,51,3.809330779017889e-09,0.2663749952680391,8.436217332528745,0.8504536985676419,1.2783305169754324,4.437871358747583,0.6185520854667728,0.0070268843471261,0.1948910784378053,-4.937710362788672e-05,0.5325792464558017,199,1000,False
ct_w5_i1,5,armijo_gd,50,False,1.0,1,0.0,-10.996504472528173,1.0034955274718271,1.7528118913228785e-13,9994,0.9773107633177726,1.0,8,True,0.1384506615338893,1.1484930152885633,0.0007638105460522,0.5435268071515135,96078037.76599371,51,2.475658442859447e-09,0.2378564053687512,8.534472045989926,0.8442583279741317,1.283798123822312,4.57393462871938,0.634801493378191,0.005454698347598,0.2009191093295579,-2.9753734063289244e-05,0.4967571089919365,199,1000,False
ct_w5_i1,5,armijo_gd,75,False,1.0,1,0.0,-10.997116634075711,1.002883365924287,8.649390270024606e-14,9994,0.979610051389154,1.0,8,True,0.1257174555948289,1.1339617284738606,0.0006263874067892,0.4457366411235894,123750950.77710935,51,1.750011523700529e-09,0.2165655899288383,8.61511288561084,0.8392700465114902,1.2882715589739242,4.684164421483635,0.6478424997106522,0.0044733008341261,0.2048981921282648,-2.001042035259329e-05,0.4715459748681825,199,1000,False
ct_w5_i1,5,armijo_gd,100,False,1.0,1,0.0,-10.997542653830882,1.002457346169118,4.76355396888628e-14,9994,0.9813600628928778,1.0,8,True,0.1159694906641167,1.1229616107976443,0.0005318097064458,0.378435245822009,152743396.63069698,51,1.3087863907057406e-09,0.1999084787804253,8.683720823410642,0.8350923354393212,1.29206711591829,4.776999919380078,0.658741286392953,0.0037978809561876,0.2077766607725504,-1.4423899757372482e-05,0.4525515898605964,199,1000,False
ct_w5_i1,5,armijo_gd,125,False,1.0,1,0.0,-10.997857094706625,1.0021429052933772,2.8407673573787958e-14,9994,0.9827482511524008,1.0,8,True,0.1081929561941215,1.1142627285399855,0.0004625077697271,0.3291200581896765,182902458.00000197,51,1.019283077983149e-09,0.1864293803609256,8.743539745567864,0.8314981534834042,1.2953684070678342,4.857276913703498,0.6681043288204699,0.0033029661351517,0.2099854499969264,-1.0909585289959388e-05,0.4375268647768334,199,1000,False
ct_w5_i1,5,armijo_gd,150,False,1.0,1,0.0,-10.998099108850186,1.0019008911498144,1.7997089735022394e-14,9994,0.983883120982021,1.0,8,True,0.1018009858823132,1.1071631087117697,0.0004094402695269,0.2913572790601422,214109067.47408316,51,8.184620612363227e-10,0.175240148694225,8.796636397549902,0.828344731160382,1.2982922911116055,4.92804032107747,0.676311071819829,0.0029239883805896,0.2117514214214277,-8.549708049823434e-06,0.4252105874314836,199,1000,False
ct_w5_i1,5,armijo_gd,175,False,1.0,1,0.0,-10.998291335260946,1.0017086647390538,1.195733181527488e-14,9994,0.984832531025954,1.0,8,True,0.0964261432678692,1.1012282450207138,0.0003674496707096,0.2614768116805407,246267945.79565617,51,6.731055026507317e-10,0.1657643094415483,8.8444143248896,0.8255362250500511,1.300918044208071,4.991337534299654,0.6836152229369611,0.0026241155244647,0.2132066378325219,-6.885982285737058e-06,0.4148387989897469,199,1000,False
ct_w5_i1,5,armijo_gd,200,False,1.0,1,0.0,-10.998447815450415,1.0015521845495847,8.255985220126896e-15,9994,0.98564141062262,1.0,8,True,0.0918247203202617,1.096172668446732,0.0003333679460438,0.2372242910973088,279301105.1293371,51,5.642991030959325e-10,0.1576093631181877,8.887872882756033,0.823005090697904,1.3033020525147303,5.048613950107801,0.6901949969508705,0.0023807233270426,0.2144338205288029,-5.667843559924997e-06,0.4059198148004826,199,1000,False
ct_w5_i1,5,armijo_gd,225,False,1.0,1,0.0,-10.998577737896843,1.001422262103155,5.8842791303817e-15,9994,0.9863408488029812,1.0,8,True,0.0878277227571252,1.0918000135291546,0.000305136979474,0.2171351640202036,313143468.78577614,51,4.806029963877037e-10,0.1504976893976834,8.927750201899011,0.8207018991688437,1.3054859186026664,5.100929222397388,0.6961804589178042,0.0021791138998159,0.2154877583918583,-4.748537388371054e-06,0.3981214210323081,199,1000,False
ct_w5_i1,5,armijo_gd,250,False,1.0,1,0.0,-10.998687375919484,1.0013126240805157,4.3072617706205205e-15,9994,0.9869531299213594,1.0,8,True,0.0843137327634757,1.0879701721596178,0.0002813594905114,0.2002151270754969,347739855.8773697,51,4.1475462501137277e-10,0.1442267135259273,8.964607686444264,0.8185893711815722,1.3075012506268,5.149084003932179,0.7016694808475853,0.0020093086641785,0.2164063699416439,-4.037321307943087e-06,0.3912100922707012,199,1000,False
ct_w5_i1,5,armijo_gd,275,False,1.0,1,0.0,-10.998781162853968,1.0012188371460322,3.2253791847863856e-15,9994,0.9874946958949484,1.0,8,True,0.0811929451499205,1.0845801408576543,0.0002610524381748,0.1857646493016814,383042864.8102622,51,3.619561920589192e-10,0.1386447367420619,8.998882703289134,0.8166386871613919,1.3093726473033322,5.193698386324819,0.7067375783390007,0.0018642873033225,0.2172168463288729,-3.475567149329721e-06,0.3850162157952348,199,1000,False
ct_w5_i1,5,armijo_gd,300,False,1.0,1,0.0,-10.998862322738368,1.0011376772616334,2.463063764024722e-15,9994,0.9879779749331112,1.0,8,True,0.0783973071500881,1.081552281773009,0.0002435035367378,0.173276868900682,419011271.3646866,51,3.1893089124809843e-10,0.1336356382193383,9.03092288931894,0.8148271026183057,1.311119640525169,5.235262630665535,0.7114442492061894,0.0017389630797107,0.2179392655247947,-3.0239925925969244e-06,0.3794131743742099,199,1000,False
ct_w5_i1,5,armijo_gd,325,False,1.0,1,0.0,-10.998933257559786,1.001066742440214,1.9133436222900413e-15,9994,0.9884125563909428,1.0,8,True,0.0758741783914736,1.0788268258908753,0.0002281837260431,0.1623753072030637,455608993.4292061,51,2.833764126358301e-10,0.1291088421225899,9.061009302370524,0.8131363501536203,1.312758005562186,5.274171192790914,0.7158372104488427,0.0016295577480953,0.218588821580252,-2.65545845437763e-06,0.3743042197864488,199,1000,False
ct_w5_i1,5,armijo_gd,350,False,1.0,1,0.0,-10.998995794293275,1.0010042057067228,1.5088246001856256e-15,9994,0.9888059712812568,1.0,8,True,0.0735821142611415,1.0763569172961756,0.0002146916299211,0.1527743453350987,492803910.683987,51,2.53635437025784e-10,0.1249925352543484,9.089372520755848,0.8115515353883581,1.3143006716775096,5.310746253640347,0.7199553191118113,0.0015332049092887,0.2191772554847919,-2.3507172938671328e-06,0.369613933366323,199,1000,False
ct_w5_i1,5,armijo_gd,375,False,1.0,1,0.0,-10.999051347705016,1.0009486522949853,1.2057915938236456e-15,9994,0.989164225877784,1.0,8,True,0.071487979483652,1.0741052393241246,0.0002027171154738,0.144253293042304,530567532.9784123,51,2.2848921766930206e-10,0.121228960530969,9.116204130439632,0.8100603539722788,1.3157583714801406,5.345254422949608,0.7238306396172801,0.0014476897713972,0.2197138044968624,-2.095805674208148e-06,0.3652824952555878,199,1000,False
ct_w5_i1,5,armijo_gd,400,False,1.0,1,0.0,-10.99910103068933,1.0008989693106702,9.75152800886927e-16,9994,0.9894921756743992,1.0,8,True,0.0695649224252322,1.0720416584899533,0.0001920166886442,0.1366388802014094,568874206.5480235,51,2.070248116809289e-10,0.1177710754807424,9.141665105333034,0.8086525236173983,1.317140114364564,5.377918867992738,0.7274899407126522,0.0013712734390385,0.2202058507268298,-1.880390844612519e-06,0.3612617330020399,199,1000,False
ct_w5_i1,5,armijo_gd,425,False,1.0,1,0.0,-10.99914573089491,1.0008542691050906,7.971031473948488e-16,9994,0.9897937932081968,1.0,8,True,0.067790922167862,1.0701415422135798,0.0001823964621884,0.1297931368470945,607700685.0401869,51,1.8854698449948226e-10,0.1145801316425969,9.165892040847968,0.807319363892429,1.318453538456153,5.408928296146313,0.7309558012113914,0.001302571280338,0.2206593753591433,-1.6966919403615973e-06,0.3575123307530343,199,1000,False
ct_w5_i1,5,armijo_gd,450,False,1.0,1,0.0,-10.99918616509415,1.0008138349058502,6.578834830913139e-16,9994,0.9900723635759298,1.0,8,True,0.066147726204588,1.0683845339011064,0.0001737001041955,0.1236048173506519,647026022.1646246,51,1.725183928307682e-10,0.111623889463526,9.18900187068886,0.8060534798769566,1.31970517675694,5.438443724303194,0.7342474412352791,0.0012404668621428,0.2210792837361615,-1.5387580360745463e-06,0.3540018184490386,199,1000,False
ct_w5_i1,5,armijo_gd,475,False,1.0,1,0.0,-10.999222918500974,1.0007770814990256,5.477591297423957e-16,9994,0.99033062961547,1.0,8,True,0.0646200603740614,1.0667536453982978,0.0001658001444822,0.1179832140593627,686831012.7671998,51,1.5851829436964822e-10,0.1088752806640346,9.211095490637367,0.8048485202909016,1.3209006614917311,5.466603659994688,0.7373813569312234,0.0011840498652617,0.2214696428493107,-1.401974083426446e-06,0.3507030935138257,199,1000,False
ct_w5_i1,5,armijo_gd,500,False,1.0,1,0.0,-10.99925647369168,1.0007435263083213,4.59728398119806e-16,9994,0.9905709013672984,1.0,8,True,0.0631950322259019,1.065234574043239,0.0001585915933599,0.1128536164177778,727097952.0339668,51,1.4621330056964423e-10,0.1063113914043151,9.232260580773865,0.80369898998666,1.3220448831561071,5.493528122192037,0.74037181194274,0.0011325705133489,0.2218338572600947,-1.2827159677075686e-06,0.3475933169987855,199,1000,False
ct_w5_i1,5,armijo_gd,525,False,1.0,1,0.0,-10.999287232205091,1.0007127677949086,3.88679438951675e-16,9994,0.9907951397463994,1.0,8,True,0.0618616742208943,1.0638151814862298,0.000151987185018,0.1081539261637109,767810762.0874416,51,1.3533631506296395e-10,0.1039126792066004,9.252573830540712,0.8026001027610575,1.3231421158345815,5.519321800792882,0.743231222779519,0.0010854056038619,0.222174802403684,-1.178105324894896e-06,0.3446530768603993,199,1000,False
ct_w5_i1,5,armijo_gd,550,False,1.0,1,0.0,-10.999315530899915,1.000684469100085,3.3082889547204647e-16,9994,0.9910050213014912,1.0,8,True,0.0606105896134089,1.062485090888889,0.0001459137813871,0.103832098321576,808954377.1278478,51,1.2567131795468616e-10,0.1016623627388688,9.272102712575904,0.8015476645052803,1.3241961170450174,5.544076567477107,0.7459704644495293,0.0010420328265142,0.2224949258622872,-1.08583241153322e-06,0.3418657444492911,199,1000,False
ct_w5_i1,5,armijo_gd,575,False,1.0,1,0.0,-10.999341654497425,1.0006583455025757,2.833414410303113e-16,9994,0.9912019889079272,1.0,8,True,0.0594336748064467,1.0612353720038272,0.0001403096191768,0.0998441821967663,850515061.2381809,51,1.1704194985313968e-10,0.0995459411467792,9.290906911162727,0.8005379794813827,1.3252102080934838,5.567873491682737,0.7485991153756754,0.0010020111031877,0.2227963264801751,-1.0040262509114563e-06,0.3392169733932014,199,1000,True
ct_w5_i1,5,armijo_gd,600,False,1.0,1,0.0,-10.999365845310374,1.0006341546896262,2.4406766931865765e-16,9994,0.991387291863047,1.0,8,True,0.0583238993991375,1.0600582923544422,0.0001351221772514,0.0961528038024863,892479775.1545097,51,1.093031062290438e-10,0.0975508116709865,9.309039483208156,0.7995677744396368,1.3261873393450003,5.590784474490207,0.7511256555226122,0.0009649653579499,0.2230808157295399,-9.311581420434432e-07,0.3366943060760443,199,1000,True
ct_w5_i1,5,armijo_gd,625,False,1.0,1,0.0,-10.99938831086881,1.0006116891311905,2.113607922982329e-16,9994,0.9915620179023246,1.0,8,True,0.057275130277089,1.0589471187339905,0.0001303065072793,0.0927259779518536,934836633.8107,51,1.0233441782082179e-10,0.0956659626785947,9.326547809852768,0.798634136648749,1.327130143692311,5.612873584281145,0.7535576280704799,0.0009305745955091,0.2233499666912038,-8.659690778069937e-07,0.3342868601950998,199,1000,True
ct_w5_i1,5,armijo_gd,650,False,1.0,1,0.0,-10.99940922995508,1.0005907700449193,1.8394666700089066e-16,9994,0.9917271189893846,1.0,8,True,0.0562819896901202,1.057895957432797,0.0001258239140913,0.0895361692017222,977574354.9358066,51,9.603538051531475e-11,0.0938817251582735,9.343474382555373,0.7977344628856456,1.3280409806985038,5.634198157271999,0.7559017723992256,0.0008985624770826,0.2236051531104665,-8.074145252209376e-07,0.3319850770373364,199,1000,True
ct_w5_i1,5,armijo_gd,675,False,1.0,1,0.0,-10.999428757422985,1.0005712425770152,1.6083045056054044e-16,9994,0.9918834322598202,1.0,8,True,0.0553397398206611,1.056899624575972,0.0001216409031101,0.0865595428450401,1020682365.8303796,51,9.032150751319772e-11,0.092189569973937,9.359857457154362,0.7968664171371383,1.3289219733054705,5.6548097109915005,0.7581641342864258,0.0008686898035446,0.2238475808308474,-7.546219747824002e-07,0.3297805176590748,199,1000,True
ct_w5_i1,5,armijo_gd,700,False,1.0,1,0.0,-10.999447028077554,1.0005529719224455,1.4122876175960743e-16,9994,0.9920316971576147,1.0,8,True,0.0544441881927132,1.055953540093585,0.0001177283336508,0.0837753624000919,1064151006.3746634,51,8.512132273690199e-11,0.0905819412544167,9.37573160170792,0.7960278952871088,1.3297750385637326,5.6747547076387805,0.760350157848261,0.0008407484687794,0.2240783132864787,-7.068579877549703e-07,0.3276656967019593,199,1000,True
ct_w5_i1,5,armijo_gd,725,False,1.0,1,0.0,-10.99946415982296,1.00053584017704,1.245198328442593e-16,9994,0.9921725695545012,1.0,8,True,0.05359160961768,1.0550536404011803,0.0001140607327759,0.081165501350443,1107970667.2164364,51,8.037407594965309e-11,0.0890521185568416,9.391128158214826,0.7952169954488503,1.3306019135171876,5.694075196022966,0.762464762737455,0.0008145565596267,0.224298292760826,-6.635023888309155e-07,0.3256339460331714,199,1000,True
ct_w5_i1,5,armijo_gd,750,False,1.0,1,0.0,-10.9994802562344,1.0005197437656008,1.1020650214258603e-16,9994,0.9923066334597062,1.0,8,True,0.052778681365188,1.0541963060118915,0.0001106157349207,0.0787140443830283,1152132842.6656313,51,7.602777984485764e-11,0.0875941021142126,9.406075634021825,0.7944319928928406,1.331404177134727,5.712809354586184,0.7645124093478632,0.000789954354007,0.2245083573296694,-6.240278814146325e-07,0.3236793004005557,199,1000,True
ct_w5_i1,5,armijo_gd,775,False,1.0,1,0.0,-10.999495408673829,1.0005045913261732,9.788847439326938e-17,9994,0.9924344107904652,1.0,8,True,0.0520024289913875,1.0533783011570788,0.0001073736215604,0.0764069598157134,1196629389.4388993,51,7.203777334990507e-11,0.0862025167402347,9.420600035411194,0.793671318741412,1.3321832689918816,5.730991953271237,0.7664971541943382,0.0007668010334871,0.224709255720413,-5.879838249569996e-07,0.3217964038556604,199,1000,True
ct_w5_i1,5,armijo_gd,800,False,1.0,1,0.0,-10.999509698041024,1.000490301958976,8.724133980490943e-17,9994,0.9925563695709176,1.0,8,True,0.0512601808158327,1.05259672313319,0.0001043169402637,0.0742318285161366,1241451883.6741097,51,6.836554201721234e-11,0.0848725309156697,9.434725153340892,0.7929335417714853,1.3329405052644028,5.748654748372518,0.7684226971910922,0.000744971962778,0.2249016587617393,-5.549832253253939e-07,0.3199804297738485,199,1000,True
ct_w5_i1,5,armijo_gd,825,False,1.0,1,0.0,-10.999523196231731,1.000476803768267,7.800057034607819e-17,9994,0.9926729308495498,1.0,8,True,0.0505495294592387,1.0518489595750125,0.0001014301877126,0.0721776183389545,1286593676.508557,51,6.497761478690419e-11,0.0835997882994398,9.448472809386791,0.7922173527959967,1.3336770924878183,5.765826821747126,0.7702924222122275,0.0007243564260434,0.2250861698660125,-5.246922319503931e-07,0.3182270147623813,199,1000,True
ct_w5_i1,5,armijo_gd,850,False,1.0,1,0.0,-10.99953596735776,1.00046403264224,6.994921507195893e-17,9994,0.9927844745643696,1.0,8,True,0.0498682991867836,1.0511326522345237,9.869954491769584e-05,0.0702344957053731,1332046998.0493135,51,6.184492709379751e-11,0.0823803494798716,9.46186306835278,0.7915215511982742,1.3343941394458716,5.782534873526693,0.7721094320465264,0.0007048557359594,0.2252633334783158,-4.968216085149731e-07,0.3165322009069205,199,1000,True
ct_w5_i1,5,armijo_gd,875,False,1.0,1,0.0,-10.999548068774352,1.0004519312256477,6.290836832260046e-17,9994,0.9928913445398716,1.0,8,True,0.0492145180476135,1.050445666125477,9.611265395603356e-05,0.0683936667300355,1377805682.619588,51,5.894201426785087e-11,0.0812106422032897,9.474914422848316,0.7908450332725923,1.3350926674864214,5.798803475791774,0.7738765786517736,0.0006863816393043,0.225433642285799,-4.711197547740849e-07,0.3148923887124865,199,1000,True
ct_w5_i1,5,armijo_gd,900,False,1.0,1,0.0,-10.99955955194828,1.0004404480517213,5.67297334817334e-17,9994,0.992993852763351,1.0,8,True,0.0485863940002287,1.049786063120054,9.365842981829264e-05,0.0666472433315697,1423863294.9609756,51,5.624656450178912e-11,0.0800874186617525,9.487643954173022,0.790186782087547,1.335773619508987,5.814655293309093,0.775596489447906,0.000668854973277,0.2255975434643417,-4.473669752774304e-07,0.3133042943635897,199,1000,True
ct_w5_i1,5,armijo_gd,925,False,1.0,1,0.0,-10.9995704631957,1.000429536804301,5.1289782639297545e-17,9994,0.993092283059989,1.0,8,True,0.04798229436749,1.049152079258858,9.132690031377812e-05,0.0649881293092271,1470213408.776903,51,5.37389457998769e-11,0.0790077186885142,9.5000674730606,0.7895458586402587,1.336437867823269,5.830111276323624,0.777271590253948,0.0006522045221915,0.2257554437582563,-4.253707387670612e-07,0.3117649150431879,199,1000,True
ct_w5_i1,5,armijo_gd,950,False,1.0,1,0.0,-10.999580844311524,1.0004191556884745,4.648514049363919e-17,9994,0.9931868942638667,1.0,8,True,0.0474007280865222,1.048542105173326,8.910906975852215e-05,0.0634099233434523,1516850708.4385376,51,5.14017875901478e-11,0.0779688379211229,9.51219964324986,0.788921394108842,1.3370862210457646,5.845190829559273,0.7789041253706137,0.0006363660440145,0.2259077144161155,-4.0496174197468765e-07,0.3102714973374837,199,1000,True
ct_w5_i1,5,armijo_gd,975,False,1.0,1,0.0,-10.999590733108583,1.000409266891415,4.222891386671205e-17,9994,0.9932779229645988,1.0,8,True,0.0468403303144725,1.0479546691279855,8.699680212778586e-05,0.0619068358473219,1563769317.3321946,51,4.921972781097754e-11,0.0769683001582487,9.524054090344745,0.7883125830433655,1.3377194301725803,5.859911960873044,0.7804961752248012,0.0006212814359076,0.2260546950001767,-3.859906226035175e-07,0.3088215116941094,199,1000,True
ct_w5_i1,5,armijo_gd,999,False,,0,0.0,-10.99959979504401,1.0004002049559908,3.859069365766443e-17,9994,0.9933621414503948,1.0,8,True,0.0463211006311227,1.0474106811965318,8.506148492324317e-05,0.0605296660943678,1609070962.7753582,51,4.7258168169235327e-11,0.0760417461550712,9.535184859463946,0.7877421562974214,1.338313712427649,5.873722595482898,0.7819882493122576,0.0,,0.0,,199,1000,True
ct_w5_i1,5,damped_natural,0,False,1.0,1,0.0,-10.993772532330214,1.0062274676697864,1.3050483350482454e-12,9994,0.9691288465953104,1.0,8,True,0.1833742340491167,1.201263877817199,0.0014052858773519,1.0,45569088.13024984,51,6.744384006524485e-09,0.3073354291775618,8.309225914671824,0.8586598805473616,1.2712368154556908,4.258858944658905,0.596913660167173,4.989394270543637,0.972980883003668,-0.0103728964468786,0.9999988664754978,199,500,False
ct_w5_i1,5,damped_natural,25,False,1.0,1,0.0,-10.999999998795817,1.0000000012041852,6.879977085624444e-36,9994,0.9735383263657148,1.0,8,True,0.1456444832384282,1.1567848585311191,4.624562854405981e-10,3.2908342202373334e-07,688091539911.1837,40,4.438251382514915e-13,0.3053923228307628,28.334852754913275,0.79614950188939,4.019391511129886,17.145418480477876,0.7600330918269804,0.0798415352347141,0.3847355763559403,-8.250591243243563e-11,0.4481808731522999,199,500,True
ct_w5_i1,5,damped_natural,50,False,1.0,1,0.0,-10.999999999594184,1.0000000004058158,5.238819803867186e-38,9994,0.9735383348747956,1.0,8,True,0.1456443475777124,1.1567847016008677,1.4842899940203834e-10,1.0562192490095497e-07,943149503789.028,36,3.238004816363319e-13,0.3053922635819546,29.31352983798639,0.785502546010119,4.10261192480708,18.14092490715638,0.7878503108081377,0.0310367417061446,0.3704008232344708,-1.1807872787612276e-11,0.3123481192179627,199,500,True
ct_w5_i1,5,damped_natural,75,False,1.0,1,0.0,-10.999999999769337,1.0000000002306653,4.382245605104444e-39,9994,0.9735383384234294,1.0,8,True,0.1456442957585198,1.15678464165722,8.18893336691156e-11,5.827236649059962e-08,269341779731.07693,33,1.1338465178462085e-12,0.305392239058582,29.785567415444586,0.7804922414668858,4.142086758596801,18.620908160293663,0.800988701347756,0.0193367339956248,0.3534752474133494,-3.967491760092395e-12,0.4216855097320632,199,500,True
ct_w5_i1,5,damped_natural,100,False,1.0,1,0.0,-10.99999999983851,1.0000000001614904,8.79968830860377e-40,9994,0.9735383406040492,1.0,8,True,0.1456442650505215,1.1567846061346798,5.692304766946794e-11,4.050638278435673e-08,398256054832.50745,33,7.668238069614568e-13,0.3053922241121141,30.094540223930057,0.777286381872692,4.167863572520456,18.933888094544677,0.8094146010828174,0.0136456996247235,0.3580446455136877,-1.9034180016275223e-12,0.5632187725461826,199,500,True
ct_w5_i1,5,damped_natural,125,False,1.0,1,0.0,-10.999999999875216,1.0000000001247835,2.720990235445815e-40,9994,0.9735383421929592,1.0,8,True,0.1456442428112747,1.1567845804086616,4.3947363300858646e-11,3.1272898994524464e-08,527013803506.8718,33,5.79476687768033e-13,0.305392213264195,30.324869570496464,0.7749514929320145,4.187146767222109,19.165945734152483,0.8155616452129663,0.0105281414022703,0.3627055142398772,-1.1217307971153968e-12,0.6623441063342237,199,500,True
ct_w5_i1,5,damped_natural,150,False,1.0,1,0.0,-10.999999999898108,1.0000000001018918,1.0767614069893775e-40,9994,0.9735383434501031,1.0,8,True,0.1456442252308888,1.1567845600719426,3.591013923012312e-11,2.555361852621108e-08,656005841020.1548,33,4.655327523072084e-13,0.3053922046997176,30.509045995282115,0.7731170511736495,4.202605287052667,19.35077039244702,0.8203975984421701,0.0085812776230268,0.3659288431161692,-7.423082300179926e-13,0.7248783396267579,199,500,True
ct_w5_i1,5,damped_natural,175,False,1.0,1,0.0,-10.999999999913816,1.0000000000861835,4.997273779107819e-41,9994,0.9735383444930268,1.0,8,True,0.1456442106463258,1.1567845432007453,3.040706728214961e-11,2.163763812915245e-08,785566600339.1615,33,3.88754050226084e-13,0.3053921976041844,30.662753671705804,0.771606460056921,4.215525611698968,19.504583896373543,0.8243842397988993,0.0072484730711232,0.3681439522648101,-5.285841918229099e-13,0.7644566557758925,199,500,True
ct_w5_i1,5,damped_natural,200,False,1.0,1,0.0,-10.999999999925286,1.0000000000747136,2.5936309959103667e-41,9994,0.9735383453853124,1.0,8,True,0.1456441981659994,1.1567845287636966,2.6388056996122182e-11,1.877771450023169e-08,915850173952.9327,33,3.334521302989235e-13,0.3053921915392451,30.79477713149831,0.770322597862132,4.226631902816414,19.636424202451625,0.8277757545859576,0.0062758129910462,0.3697671921047584,-3.957799690195632e-13,0.7899354421236233,199,500,True
ct_w5_i1,5,damped_natural,225,False,1.0,1,0.0,-10.999999999934037,1.000000000065965,1.4622211243567648e-41,9994,0.9735383461657288,1.0,8,True,0.1456441872488657,1.1567845161349255,2.3319833012615936e-11,1.6594369436458692e-08,989279983997.4412,32,3.08701470946744e-13,0.3053921862381814,30.910580733771475,0.7692062434975339,4.236377845924193,19.75187934895638,0.8307272544138583,0.0055355856560317,0.3709657553264865,-3.076850779335721e-13,0.8070087806969025,199,500,True
ct_w5_i1,5,damped_natural,250,False,1.0,1,0.0,-10.999999999940933,1.0000000000590674,8.789650920826152e-42,9994,0.9735383468594548,1.0,8,True,0.1456441775429409,1.156784504907262,2.090567177125238e-11,1.4876454754278356e-08,644907395287.8484,31,4.735442386919419e-13,0.3053921815283873,31.01373289738967,0.7682189753607901,4.245059634582264,19.85459373152973,0.8333394322075992,0.0049558640814015,0.3720281747690767,-2.464804382749472e-13,0.8182799877053196,199,500,True
ct_w5_i1,5,damped_natural,275,False,1.0,1,0.0,-10.999999999946525,1.0000000000534772,5.557489369804537e-42,9994,0.9735383474841524,1.0,8,True,0.1456441688015815,1.156784494795393,1.894397407946504e-11,1.3480512673451442e-08,733613730658.8336,31,4.162847075051761e-13,0.3053921772890935,31.106828134981185,0.7673337904999569,4.252896132360915,19.947187846179425,0.8356831095035256,0.0044849532582213,0.3729275050626862,-2.017826092653357e-13,0.8258843825290614,199,500,True
ct_w5_i1,5,damped_natural,300,False,1.0,1,0.0,-10.999999999951138,1.0000000000488622,3.663915128157189e-42,9994,0.9735383480523144,1.0,8,True,0.1456441608503813,1.1567844855975675,1.731879717473063e-11,1.2324038442174856e-08,824461824933.3416,31,3.7041396484253834e-13,0.3053921734348737,31.19161165323602,0.7665320075130336,4.260031714401411,20.031443432352937,0.8378072915796554,0.0040937996949788,0.3734401768848342,-1.6806803938561959e-13,0.8308357929530434,199,500,True
ct_w5_i1,5,damped_natural,325,False,1.0,1,0.0,-10.999999999955014,1.0000000000449862,2.5006233506347666e-42,9994,0.9735383485734982,1.0,8,True,0.1456441535562106,1.1567844771597844,1.595896197116811e-11,1.1356381095382942e-08,917309861696.4408,31,3.3292149430900614e-13,0.3053921699003668,31.269470609023205,0.7657992173798213,4.266582719005113,20.10876319115636,0.8397498072406573,0.0037698740004462,0.3741030800138581,-1.424876299005349e-13,0.8339272553643262,199,500,True
ct_w5_i1,5,damped_natural,350,False,1.0,1,0.0,-10.99999999995832,1.0000000000416804,1.757371358803505e-42,9994,0.9735383490548332,1.0,8,True,0.145644146819048,1.1567844693663394,1.4793056246103543e-11,1.052672376810548e-08,782564158770.581,30,3.9024553222158797e-13,0.3053921666369646,31.341459666821272,0.765124612409645,4.272638156679692,20.18020897519781,0.8415390390332631,0.0034889396938511,0.3744668100157171,-1.22017423973647e-13,0.8356311837584597,199,500,True
ct_w5_i1,5,damped_natural,375,False,1.0,1,0.0,-10.999999999961164,1.0000000000388365,1.2661558598168594e-42,9994,0.9735383495022076,1.0,8,True,0.1456441405572158,1.156784462122749,1.3796412424823842e-11,9.817513039283711e-09,879513770376.1613,30,3.472284049331266e-13,0.3053921636044346,31.408440046017372,0.764499436441441,4.278270693545604,20.24664668817668,0.8431980000093142,0.0032542745452355,0.3750548645773549,-1.0613765576343097e-13,0.8363198103217312,199,500,True
ct_w5_i1,5,damped_natural,400,False,1.0,1,0.0,-10.999999999963654,1.000000000036346,9.321849680225106e-43,9994,0.9735383499200256,1.0,8,True,0.1456441347082298,1.156784455356733,1.2918357701533465e-11,9.192690191889164e-09,979517921692.904,30,3.117780226473036e-13,0.3053921607730099,31.471063008406027,0.763917139837665,4.283535691253456,20.30872840195645,0.8447439009246327,0.0030439617921864,0.3754152967372759,-9.284893088076851e-14,0.8362865567316827,199,500,True
ct_w5_i1,5,damped_natural,425,False,1.0,1,0.0,-10.999999999965834,1.0000000000341664,6.994309185396939e-43,9994,0.9735383503119692,1.0,8,True,0.1456441292210327,1.1567844490092287,1.214875553136461e-11,8.645042070911061e-09,821875101575.8503,29,3.71579766234405e-13,0.3053921581174323,31.529860060495427,0.7633722217163508,4.288477330904304,20.36699251675369,0.846191207124919,0.0028595555080688,0.3756305962329531,-8.192981754571889e-14,0.835600437726531,199,500,True
ct_w5_i1,5,damped_natural,450,False,1.0,1,0.0,-10.999999999967768,1.000000000032232,5.337748421040838e-43,9994,0.9735383506811126,1.0,8,True,0.1456441240533639,1.15678444303135,1.1465254536935271e-11,8.158663458953967e-09,871756808094.6268,29,3.503180620800041e-13,0.3053921556167597,31.585254207607893,0.7628602848126902,4.29313065129351,20.42186826672141,0.8475514829706569,0.0026974015295344,0.3759423831809856,-7.289363708994982e-14,0.8344608154245826,199,500,True
ct_w5_i1,5,damped_natural,475,False,1.0,1,0.0,-10.999999999969486,1.0000000000305145,4.133829578114181e-43,9994,0.973538351029962,1.0,8,True,0.1456441191691104,1.1567844373813214,1.0863485978066189e-11,7.730445564952904e-09,921754737038.2406,29,3.3131606595839973e-13,0.3053921532540291,31.63766103734903,0.7623774651988569,4.297532231168272,20.473761810165545,0.8488348992970018,0.0025553282964596,0.3763797476246726,-6.54110353972489e-14,0.8329797143389565,199,500,True
ct_w5_i1,5,damped_natural,499,False,,0,0.0,-10.999999999970989,1.0000000000290117,3.275874011682918e-43,9994,0.9735383513477852,1.0,8,True,0.145644114719663,1.1567844322342695,1.032641635257758e-11,7.3482673660937185e-09,969735267127.7626,29,3.14923218174958e-13,0.3053921511016275,31.6854100728728,0.7619386128701048,4.301540717309535,20.521032049873767,0.8500018747397836,0.0,,0.0,,199,500,True
ct_w5_i1,5,diagonal_fisher,0,False,1.0,1,0.0,-10.993772532330214,1.0062274676697864,1.3050483350482454e-12,9994,0.9691288465953104,1.0,8,True,0.1833742340491167,1.201263877817199,0.0014052858773519,1.0,45569088.13024984,51,6.744384006524485e-09,0.3073354291775618,8.309225914671824,0.8586598805473616,1.2712368154556908,4.258858944658905,0.596913660167173,6.568572172204129,0.3084836760385561,-0.0345198242625712,0.8682630294240737,199,1000,False
ct_w5_i1,5,diagonal_fisher,25,False,1.0,1,0.0,-10.99999067978841,1.0000093202115892,9.196656946199289e-43,9994,0.9792755049329964,1.0,8,True,0.1152494823827245,1.1221533601466829,7.29381304064528e-06,0.0051902699359574,551198946840.2784,26,4.4208516551312804e-13,0.2436768776445463,16.832733650443483,0.5895816625310784,1.7682486778277702,13.595946655809708,1.3699692936367631,0.0269030564720109,0.1483635206070429,-6.686985465746406e-08,0.0303462919812032,199,1000,True
ct_w5_i1,5,diagonal_fisher,50,False,1.0,1,0.0,-10.999992147310994,1.0000078526890055,9.253251406822698e-44,9994,0.9809488119066944,1.0,8,True,0.1075609892305218,1.1135587737682866,6.15500377630875e-06,0.0043798944225547,560381614702.4705,25,4.004374112928408e-13,0.2243977631275593,17.183732278463072,0.581639706318115,1.7808045941038348,13.978047340128809,1.3985402268923912,0.0131226290565189,0.1539293952047476,-5.1365828302485944e-08,0.0288470351533907,199,1000,True
ct_w5_i1,5,diagonal_fisher,75,False,1.0,1,0.0,-10.999993290364026,1.000006709635974,2.404903880723913e-44,9994,0.982371570124318,1.0,8,True,0.1009066567469378,1.1061733831222182,5.264013936777989e-06,0.0037458669596091,653526864636.2927,25,3.1820292896633353e-13,0.2079541624854529,17.38943618078777,0.5771485246758945,1.7882070963460703,14.200895224382288,1.4149550133918476,0.008687167050835,0.1571042777370773,-4.051508252142488e-08,0.0276802152799756,199,1000,True
ct_w5_i1,5,diagonal_fisher,100,False,1.0,1,0.0,-10.99999420006469,1.0000057999353107,9.172789377116612e-45,9994,0.9835962220800176,1.0,8,True,0.0950857920337966,1.0997532011427773,4.5535906732242124e-06,0.003240330488345,716341517974.5402,25,2.704893667518725e-13,0.1937627635750084,17.536142699225113,0.5740177369547286,1.7935112538997668,14.359345329952724,1.426511433958738,0.0064964710306179,0.1592565089272096,-3.2543733414706736e-08,0.0266628943984492,199,1000,True
ct_w5_i1,5,diagonal_fisher,125,False,1.0,1,0.0,-10.99999493622327,1.0000050637767297,4.318330178662034e-45,9994,0.9846614946061424,1.0,8,True,0.0899472429234255,1.094116559791425,3.977981862261481e-06,0.0028307278443283,761022076964.5304,25,2.3835094185332825e-13,0.1813903288156718,17.650450686980133,0.5716195465515487,1.797660158799501,14.482526540202285,1.4354281629993788,0.0051910005977801,0.1608160140512912,-2.654072712700997e-08,0.0257553980733607,199,1000,True
ct_w5_i1,5,diagonal_fisher,150,False,1.0,1,0.0,-10.999995540444814,1.0000044595551856,2.3237894537924678e-45,9994,0.9855966266323466,1.0,8,True,0.085374790998164,1.089125184529212,3.5050852139829717e-06,0.0024942150707355,794880358479.3625,25,2.1450794057034745e-13,0.1705081486972275,17.74419021379639,0.5696794956804069,1.8010737466208422,14.58336336923798,1.4426830338051695,0.0043245327639829,0.161983586749833,-2.1930643650503124e-08,0.024936810282994,199,1000,True
ct_w5_i1,5,diagonal_fisher,175,False,1.0,1,0.0,-10.999996042522318,1.0000039574776824,1.3719835686558475e-45,9994,0.9864241114162512,1.0,8,True,0.0812775216589534,1.0846718747389454,3.111823746043482e-06,0.0022143706104179,826687954236.982,25,1.9458644215098387e-13,0.1608622677840496,17.82368301430285,0.5680528620596863,1.803976705529588,14.668749764053045,1.4487948642302462,0.003707591843826,0.1628802582254804,-1.8330684845080175e-08,0.0241926770705026,199,1000,True
ct_w5_i1,5,diagonal_fisher,200,False,1.0,1,0.0,-10.99999646427199,1.0000035357280108,8.672126563081295e-46,9994,0.987161537489566,1.0,8,True,0.0775832387336509,1.0806721824988073,2.78125983520798e-06,0.0019791416679208,882302736472.6302,25,1.725636288131224e-13,0.1522533619174651,17.892712603608214,0.5666539845669314,1.8065037038372236,14.7428054286837,1.4540722980616598,0.0032459150794536,0.163577922509956,-1.547821396585225e-08,0.0235120201165181,199,1000,True
ct_w5_i1,5,diagonal_fisher,225,False,1.0,1,0.0,-10.999996821973868,1.000003178026132,5.776137988416038e-46,9994,0.987822857259662,1.0,8,True,0.0742338462737991,1.0770586421996764,2.500733195650695e-06,0.0017795191967366,973187062821.6898,25,1.485046354231119e-13,0.1445227899628241,17.95372663996479,0.5654279736494772,1.8087419957041355,14.808192011225824,1.4587139558129396,0.0028874704051705,0.1641340891666656,-1.3188651256090745e-08,0.0228861434424733,199,1000,True
ct_w5_i1,5,diagonal_fisher,250,False,1.0,1,0.0,-10.999997127979212,1.0000028720207863,4.010186857765158e-46,9994,0.9884192809575604,1.0,8,True,0.0711820407008567,1.0737766791368264,2.260626483638324e-06,0.0016086595048533,831946178018.6968,24,1.6532645688823165e-13,0.1375427139335371,18.008400997483196,0.5643375644411648,1.8107514233884991,14.86672976451426,1.4628551840300497,0.0026009743607353,0.1645713751100206,-1.1329598219242787e-08,0.0223079911843723,199,1000,True
ct_w5_i1,5,diagonal_fisher,275,False,1.0,1,0.0,-10.999997391797043,1.000002608202955,2.8795728982183634e-46,9994,0.9889599190752252,1.0,8,True,0.0683888972305346,1.0707816515349855,2.0535276686720308e-06,0.0014612881989119,838216103843.5369,24,1.5653357833273029e-13,0.1312089661507482,18.057934212376075,0.5633563057540566,1.8125748486742457,14.919719138912727,1.4665923705042745,0.002366757334689,0.1649236610296419,-9.80437385611513e-09,0.0217717465104021,199,1000,True
ct_w5_i1,5,diagonal_fisher,300,False,1.0,1,0.0,-10.999997620845104,1.0000023791548962,2.1262973491993788e-46,9994,0.9894522521970086,1.0,8,True,0.0658220795672756,1.0680366747129466,1.873649654436217e-06,0.0013332871870646,841562317489.628,24,1.4905112641985976e-13,0.1254358113743366,18.10321351273813,0.5624647548607772,1.8142440631839625,14.968121845530234,1.4699965731226847,0.0021716590532228,0.1652067848968243,-8.541243657111681e-09,0.0212725530121014,199,1000,True
ct_w5_i1,5,diagonal_fisher,325,False,1.0,1,0.0,-10.999997820978775,1.000002179021223,1.607476870139955e-46,9994,0.9899024800341047,1.0,8,True,0.0634544921353852,1.065510995568,1.7164206714501638e-06,0.001221403202802,842894316312.932,24,1.425469823804652e-13,0.1201520412560537,18.144914058598737,0.5616482088316883,1.8157832972522436,15.01266909122614,1.4731216703421366,0.0020066054684227,0.1654373430209442,-7.486214970458104e-09,0.0208063152688428,199,1000,True
ct_w5_i1,5,diagonal_fisher,350,False,1.0,1,0.0,-10.99999799687022,1.0000020031297794,1.2399413024583266e-46,9994,0.9903157844207297,1.0,8,True,0.0612632518062866,1.063178761079739,1.5781902881730108e-06,0.0011230386027552,842763988404.9465,24,1.3680938351339705e-13,0.1152980217009724,18.18356211417388,0.5608952760279797,1.8172114719808912,15.053930345335154,1.4760095093653516,0.0018651295639406,0.1656227479661141,-6.598117834331585e-09,0.0203695494190886,199,1000,True
ct_w5_i1,5,diagonal_fisher,375,False,1.0,1,0.0,-10.999998152284226,1.0000018477157742,9.732186091218716e-47,9994,0.9906965300454946,1.0,8,True,0.0592288938059408,1.0610180734126469,1.45601520051579e-06,0.0010360989347302,841581967109.219,24,1.3168465671706158e-13,0.1108234324380468,18.219575238403465,0.5601969646653092,1.818543618686752,15.09235712989379,1.4786931947349835,0.0017425359957991,0.1657789609347609,-5.845186453680058e-09,0.0199592693328637,199,1000,True
ct_w5_i1,5,diagonal_fisher,400,False,1.0,1,0.0,-10.999998290281866,1.0000017097181342,7.755594608480476e-47,9994,0.991048419469752,1.0,8,True,0.0573347516237848,1.0590102564694488,1.3475009399679915e-06,0.000958880297372,839557569334.2993,24,1.270734973170141e-13,0.1066855165342809,18.253290909051103,0.5595460465426425,1.819791910158194,15.128314090727876,1.4811993940478194,0.0016351762267071,0.1658977820771305,-5.202643595513268e-09,0.01957289701933,199,1000,True
ct_w5_i1,5,diagonal_fisher,425,False,1.0,1,0.0,-10.99999841337264,1.0000015866273593,6.263687894116445e-47,9994,0.9913746141359971,1.0,8,True,0.0555664678557887,1.057139280518513,1.2506834910858545e-06,0.0008899850992899,836933132691.6282,24,1.2288641287174397e-13,0.1028477104899854,18.28498553815338,0.5589366286257211,1.820966328503126,15.16209970584221,1.4835498910494862,0.0015404666010226,0.166002195746405,-4.650971215367647e-09,0.0192081949992486,199,1000,True
ct_w5_i1,5,diagonal_fisher,450,False,1.0,1,0.0,-10.99999852362969,1.0000014763703096,5.119217000867434e-47,9994,0.9916778297674144,1.0,8,True,0.0539116047023923,1.0553913064030658,1.1639396109884969e-06,0.000828258242502,833866898200.2954,24,1.1905804384703692e-13,0.0992785617285234,18.31488830536285,0.5583638460574916,1.8220751603187189,15.193961304005828,1.4857627010906271,0.0014562269454686,0.1660853016881897,-4.1746510459423025e-09,0.0188632081922087,199,1000,True
ct_w5_i1,5,diagonal_fisher,475,False,1.0,1,0.0,-10.99999862277777,1.0000013772222296,4.2285184633859223e-47,9994,0.9919604122665,1.0,8,True,0.0523593311328152,1.0537543212256877,1.0859182580220108e-06,0.0007727383271425,830432059166.6344,24,1.1554330598630134e-13,0.0959508655131247,18.343191355590537,0.5578236374996832,1.8231253635527764,15.224106122662306,1.4878528892166651,0.0013807833207432,0.1661478340032245,-3.7612404774044816e-09,0.0185362206777767,199,1000,True
ct_w5_i1,5,diagonal_fisher,500,False,1.0,1,0.0,-10.99999871226123,1.0000012877387707,3.5263024219549437e-47,9994,0.9922243986120572,1.0,8,True,0.0509001696014201,1.0522178447129402,1.015487590281559e-06,0.0007226199356639,826714980861.0967,24,1.1230106291278889e-13,0.092840971076627,18.37005762887152,0.5573125739183828,1.8241228492956705,15.252709790538873,1.489833195800825,0.0013128640404682,0.1661966774264198,-3.4006841081407972e-09,0.0182257194498279,199,1000,True
ct_w5_i1,5,diagonal_fisher,525,False,1.0,1,0.0,-10.99999879329702,1.000001206702981,2.966190095240853e-47,9994,0.9924715661038648,1.0,8,True,0.049525789451613,1.0507726907168586,9.516936179460952e-07,0.0006772242098806,822875656175.3735,24,1.0928530794187073e-13,0.0899282194829946,18.39562663014937,0.5568277327657901,1.825072690243249,15.279922574695885,1.4917144964400018,0.0012513863459024,0.1662412278584901,-3.0847955684026723e-09,0.0179303637237097,199,1000,True
ct_w5_i1,5,diagonal_fisher,550,False,1.0,1,0.0,-10.99999886691636,1.0000011330836394,2.5146953644018817e-47,9994,0.9927034724756252,1.0,8,True,0.0482288372343536,1.0494107721083823,8.937276825324498e-07,0.000635975709239,818899961883.134,24,1.0647757845981619e-13,0.0871944849421518,18.42001777827575,0.5563666146727507,1.8259792161867316,15.305873116771172,1.4935061040051936,0.0011954721642358,0.1662780186726891,-2.8068644856804404e-09,0.0176489608851215,199,1000,True
ct_w5_i1,5,diagonal_fisher,575,False,1.0,1,0.0,-10.999998933997736,1.0000010660022642,2.147235321284579e-47,9994,0.9929214887948692,1.0,8,True,0.0470027964299267,1.0481249400835069,8.409006715163803e-07,0.0005983840619681,814863903775.2965,24,1.0385022285085643e-13,0.0846237980001833,18.443335503020624,0.5559270501140625,1.8268462414011464,15.330673762126503,1.4952161147682297,0.0011443650372484,0.1662997106884645,-2.56135496045661e-09,0.0173804457006975,199,1000,True
ct_w5_i1,5,diagonal_fisher,600,False,1.0,1,0.0,-10.99999899529327,1.0000010047067305,1.8455339151368066e-47,9994,0.9931268266166556,1.0,8,True,0.0458418707888408,1.0469088509965856,7.92622424114902e-07,0.0005640293102557,810808110004.28,24,1.0138284639895917e-13,0.0822020340755943,18.46567048732425,0.5555071560072716,1.827677066753065,15.35442208439909,1.4968515644886602,0.0010974988033429,0.1663175753708063,-2.343672769542949e-09,0.0171238640276138,199,1000,True
ct_w5_i1,5,diagonal_fisher,625,False,1.0,1,0.0,-10.999999051449942,1.000000948550058,1.5958179020648282e-47,9994,0.9933205605313692,1.0,8,True,0.0447408867489912,1.0457568553412435,7.483851419733694e-07,0.0005325501053092,806762477123.9901,24,9.905846730522657e-14,0.0799166544632703,18.487102592611937,0.5551052812493802,1.8284746077915923,15.377203953989572,1.498418630251065,0.0010543185028472,0.1663255416472422,-2.149983249806474e-09,0.0168783573075111,199,1000,True
ct_w5_i1,5,diagonal_fisher,650,False,1.0,1,0.0,-10.999999103026722,1.000000896973278,1.3875955933062194e-47,9994,0.993503646991505,1.0,8,True,0.0436952113827952,1.0446639046939563,7.077499832060957e-07,0.0005036341676896,802738250490.8591,24,9.686406465152983e-14,0.0777564897938025,18.507701787327463,0.5547199796933947,1.8292414115605875,15.399094615689158,1.499922727642191,0.0010144695259364,0.1663349829787876,-1.977069183635499e-09,0.0166431520142081,199,1000,True
ct_w5_i1,5,diagonal_fisher,675,False,1.0,1,0.0,-10.999999150508591,1.0000008494914088,1.2127728198523923e-47,9994,0.9936769401165804,1.0,8,True,0.0427006830448386,1.0436254732974148,6.703361078798764e-07,0.0004770104920879,798812014341.8029,24,9.478019441874941e-14,0.0757115580233489,18.52753106661548,0.5543499601036175,1.8299797916474048,15.42016171226841,1.5013686994511304,0.0009775707893803,0.1663471059006592,-1.8222173832821686e-09,0.0164175477030856,199,1000,True
ct_w5_i1,5,diagonal_fisher,700,False,1.0,1,0.0,-10.99999919431799,1.00000080568201,1.0650605654717904e-47,9994,0.9938412050249334,1.0,8,True,0.0417535524900163,1.0426374916715129,6.358117162321482e-07,0.0004524429701309,794961561389.5845,24,9.280060107004515e-14,0.073772910724535,18.54664565423186,0.5539940853687917,1.8306917556899625,15.44046461206964,1.502760813446827,0.0009432184441987,0.1663376251563604,-1.6831289143914951e-09,0.0162009081982306,199,1000,True
ct_w5_i1,5,diagonal_fisher,725,False,1.0,1,0.0,-10.999999234824203,1.0000007651757947,9.3951271713679e-48,9994,0.9939971291351328,1.0,8,True,0.0408504326413819,1.041696290130723,6.038866738766349e-07,0.0004297251424845,791182366789.807,24,9.09177272657879e-14,0.0719325026412962,18.56509577000744,0.5536513318064055,1.831379152014466,15.460057199082469,1.504102917017102,0.0009112713952799,0.1663421406145171,-1.5578477139855172e-09,0.0159926566524404,199,1000,True
ct_w5_i1,5,diagonal_fisher,750,False,1.0,1,0.0,-10.999999272351268,1.0000007276487324,8.322156448951961e-48,9994,0.9941453317867164,1.0,8,True,0.0399882555679026,1.0407985505327046,5.74306369650662e-07,0.0004086758281047,787535894302.3385,24,8.911731012530655e-14,0.0701830805273521,18.582926071258044,0.5533207872679085,1.8320436142970435,15.47898741915035,1.5053984409922685,0.0008814162475569,0.1663383431904421,-1.444701601443911e-09,0.0157922652615717,199,1000,True
ct_w5_i1,5,diagonal_fisher,775,False,1.0,1,0.0,-10.99999930718442,1.0000006928155791,7.400442431673222e-48,9994,0.9942863724663602,1.0,8,True,0.0391642354797652,1.0399412648781703,5.468466215202591e-07,0.0003891354992841,784004520867.6473,24,8.739501645655813e-14,0.068518088003244,18.600176874927648,0.5530016304927365,1.8326866191520923,15.497298541745618,1.5066504774179696,0.0008534274835493,0.1663182430097706,-1.3422557409508087e-09,0.0155992520211546,199,1000,True
ct_w5_i1,5,diagonal_fisher,800,False,1.0,1,0.0,-10.999999339575524,1.000000660424476,6.60483885686776e-48,9994,0.9944207578690076,1.0,8,True,0.0383758367827613,1.0391216996545087,5.213094386857212e-07,0.0003709632659712,780606870229.2224,24,8.574301144857023e-14,0.0669315838108967,18.616884851593003,0.5526931177907359,1.833309514753052,15.515029893803778,1.507861829243068,0.0008272688683451,0.16633307479617,-1.249274559470495e-09,0.0154131768795686,199,1000,True
ct_w5_i1,5,diagonal_fisher,825,False,1.0,1,0.0,-10.99999936974772,1.0000006302522788,5.914951644744573e-48,9994,0.9945489479825792,1.0,8,True,0.0376207463967122,1.0383373650082064,4.975193872071871e-07,0.000354034289553,777341987333.3954,24,8.415623030207081e-14,0.0654181713094986,18.633083881661435,0.552394568657104,1.8339135610411892,15.532217743640205,1.509035064685269,0.0008026019273531,0.1663141384334664,-1.1646892289822704e-09,0.0152336327725887,199,1000,True
ct_w5_i1,5,diagonal_fisher,850,False,1.0,1,0.0,-10.9999993978992,1.0000006021008012,5.3142343603668165e-48,9994,0.9946713613481036,1.0,8,True,0.0368968496987079,1.037585988010738,4.75320620640553e-07,0.0003382376698584,774229379761.4249,24,8.262788670429514e-14,0.0639729374740637,18.648803159801663,0.5521053838989033,1.834499806456925,15.548893490743255,1.510172444126531,0.0007793952008925,0.1663062293297201,-1.0875730791893658e-09,0.0150602479191219,199,1000,True
ct_w5_i1,5,diagonal_fisher,875,False,1.0,1,0.0,-10.9999994242065,1.0000005757935,4.78904446817669e-48,9994,0.9947883796279596,1.0,8,True,0.0362022095166029,1.036865489363704,4.545742870820865e-07,0.0003234746000142,771286601986.9689,24,8.115193458877177e-14,0.0625913998736425,18.66407090552572,0.5518249994468735,1.8350693026258431,15.565087323402372,1.5112761000634656,0.0007575141510239,0.166297276408561,-1.0171193515975355e-09,0.0148926784753246,199,1000,True
ct_w5_i1,5,diagonal_fisher,900,False,1.0,1,0.0,-10.999999448827314,1.0000005511726862,4.328150485167043e-48,9994,0.994900351579728,1.0,8,True,0.03553504776722,1.0361739630755396,4.351563564309007e-07,0.0003096568203267,768467950929.5865,24,7.972936339145276e-14,0.06126946051435,18.67891243524247,0.5515529056800228,1.8356229808779003,15.580826368769827,1.5123479598727247,0.0007368292270179,0.1662884536316259,-9.526236281143628e-10,0.0147306068311052,199,1000,True
ct_w5_i1,5,diagonal_fisher,925,False,1.0,1,0.0,-10.999999471902806,1.0000005280971944,3.9222388184897176e-48,9994,0.9950075965280876,1.0,8,True,0.0348937293330567,1.0355096586501245,4.169557644862301e-07,0.0002967052976238,765818238381.6781,24,7.835196718307415e-14,0.0600033654818808,18.69335091445337,0.5512886369921122,1.836161693633776,15.596135444657468,1.5133897856691685,0.0007172469464065,0.1662783796658429,-8.934690594726404e-10,0.0145737393315951,199,1000,True
ct_w5_i1,5,diagonal_fisher,950,False,1.0,1,0.0,-10.999999493559685,1.0000005064403157,3.5635385999546605e-48,9994,0.9951104074068616,1.0,8,True,0.0342767478662852,1.0348709654332742,3.9987281844720396e-07,0.0002845490906097,763343783310.6615,24,7.701598001045243e-14,0.058789669556557,18.707407856805645,0.5510317626471495,1.8366862347031785,15.611037585353102,1.5144032093492064,0.0006986720313072,0.1662611100128817,-8.391138698032582e-10,0.0144218037467426,199,1000,True
ct_w5_i1,5,diagonal_fisher,975,False,1.0,1,0.0,-10.999999513911918,1.0000004860880818,3.24555116985085e-48,9994,0.9952090534295926,1.0,8,True,0.0336827132704169,1.0342563988325304,3.838178313951448e-07,0.0002731243781645,761025934146.8906,24,7.572042231551468e-14,0.0576252051266616,18.721102689571904,0.5507818920439339,1.837197315635136,15.625553611034787,1.515389710952416,0.0006810681836302,0.1662525355865896,-7.890810069181387e-10,0.0142745479453531,199,1000,True
ct_w5_i1,5,diagonal_fisher,999,False,,0,0.0,-10.999999532318135,1.0000004676818648,2.9734816585985156e-48,9994,0.9953000655643364,1.0,8,True,0.0331328348201645,1.0336878398602662,3.692970015203681e-07,0.0002627913704051,758961094387.3324,24,7.45109682395627e-14,0.0565509259989582,18.733926463720564,0.5505482605517477,1.837675939075114,15.639144342029658,1.5163127333546218,0.0,,0.0,,199,1000,True
ct_w5_i1,5,exact_natural,0,False,1.0,1,0.0,-10.993772532330214,1.0062274676697864,1.3050483350482454e-12,9994,0.9691288465953104,1.0,8,True,0.1833742340491167,1.201263877817199,0.0014052858773519,1.0,45569088.13024984,51,6.744384006524485e-09,0.3073354291775618,8.309225914671824,0.8586598805473616,1.2712368154556908,4.258858944658905,0.596913660167173,5.612486080160912,1.0,-0.010373168910819,1.0000000000000004,199,1000,False
ct_w5_i1,5,exact_natural,25,False,1.0,1,0.0,-11.08625515639368,0.9137448436063202,0.086255156393719,9994,0.8895655242943613,1.0,8,True,0.4268704043248494,1.532454049437476,0.1144051471933358,81.4105862992921,414944463165.8959,15,2.0488838944433432e-11,8.50173027669043,147.5084445706203,0.9995831178652628,26.27123681545569,4.258858944658904,0.0288840082323986,5.612486080160912,1.0,-0.0788152043892616,1.0000000000000038,199,1000,False
ct_w5_i1,5,exact_natural,30,True,,0,0.0,-11.93337694662229,0.0666230533777092,0.9333769466222914,64512,0.9333769466222914,0.0,0,True,0.2545183100461608,1.2898401681600808,0.0902645374426497,64.23215297142302,127673958332.79729,14,5.2356474138904157e-11,6.684558297662628,175.56104584022137,0.9997057177244896,31.27123681545569,4.258858944658904,0.0242657054126453,0.0,,0.0,,199,1000,False
ct_w5_i1,5,projected_adam,0,False,,0,0.0,-10.993772532330214,1.0062274676697864,1.3050483350482454e-12,9994,0.9691288465953104,1.0,8,True,0.1833742340491167,1.201263877817199,0.0014052858773519,1.0,45569088.13024984,51,6.744384006524485e-09,0.3073354291775618,8.309225914671824,0.8586598805473616,1.2712368154556908,4.258858944658905,0.596913660167173,0.0391977137123649,0.9999999999999998,-7.24464166946554e-05,1.0000000000000018,199,1000,False
ct_w5_i1,5,projected_adam,25,False,,0,0.0,-10.995256522473388,1.0047434775266133,1.5462494041747006e-12,9994,0.9700191850768328,1.0,8,True,0.17612855378618,1.192591360931477,0.0011087377138534,0.7889766286862288,137176887.04840285,51,2.2364424503374547e-09,0.3067882134001943,9.134997544062148,0.8846722535409219,1.4399107183468596,4.258858944658903,0.5269900493025745,0.0354093389531919,0.9999999999999996,-4.681785107351499e-05,0.9999999999999982,199,1000,False
ct_w5_i1,5,projected_adam,50,False,,0,0.0,-10.996193872295752,1.003806127704248,1.7872978987792828e-12,9994,0.9706146179186806,1.0,8,True,0.1712355700293026,1.1867702836059186,0.0009190548397443,0.6539984885326066,338646764.9158151,51,9.049221842533856e-10,0.3064489701979621,9.85850307009348,0.9018743041046974,1.5841697367024326,4.258858944658904,0.4790008310804211,0.0291962059454582,1.0000000000000004,-2.9492389046171304e-05,0.9999999999999952,199,1000,False
ct_w5_i1,5,projected_adam,75,False,,0,0.0,-10.996801750293844,1.0031982497061556,2.014069912033934e-12,9994,0.9710181054098336,1.0,8,True,0.167895109508452,1.1828125383523656,0.000793564981514,0.5647000331415694,695394072.1722082,51,4.403754354142565e-10,0.3062344673173291,10.465019881268894,0.913445364677756,1.7032067011436696,4.258858944658903,0.4455235057162383,0.0243403243642179,0.9999999999999996,-1.990513612467553e-05,1.0000000000000044,199,1000,False
ct_w5_i1,5,projected_adam,100,False,,0,0.0,-10.997226249403372,1.002773750596628,2.2281303506393697e-12,9994,0.9713095462730572,1.0,8,True,0.1654678559427731,1.179945033889176,0.0007040314378115,0.5009880545716299,1255333213.861251,51,2.438306604145764e-10,0.3060887265761415,10.983714033499568,0.9217674953742026,1.803911926009642,4.258858944658903,0.4206517011789306,0.020934152273814,1.0000000000000002,-1.4419068372152133e-05,0.999999999999996,199,1000,False
ct_w5_i1,5,projected_adam,125,False,,0,0.0,-10.997541736903363,1.0024582630966368,2.432883021610131e-12,9994,0.9715320517144456,1.0,8,True,0.163605352521106,1.177749427523061,0.0006360871563566,0.4526389730431452,2071940378.205959,51,1.4767962472761202e-10,0.3059833775114425,11.438936504499058,0.9281074339898784,1.8915970311786308,4.258858944658903,0.401152363820378,0.0184577139664847,1.0,-1.100164863349408e-05,1.0000000000000016,199,1000,False
ct_w5_i1,5,projected_adam,150,False,,0,0.0,-10.997786961277544,1.0022130387224557,2.6307377021727838e-12,9994,0.97170888066686,1.0,8,True,0.1621185827210281,1.1759996862956832,0.0005822261928486,0.4143115662314507,3202842562.1692348,51,9.551006651577519e-11,0.3059037061523394,11.846386916003857,0.9331423908414098,1.9696023565577023,4.258858944658907,0.3852648824908567,0.0165696775033407,1.0,-8.71507059936348e-06,1.0000000000000058,199,1000,False
ct_w5_i1,5,projected_adam,175,False,,0,0.0,-10.997983946421114,1.0020160535788865,2.823300766915973e-12,9994,0.9718536119355644,1.0,8,True,0.1608967670535576,1.1745637088825172,0.0005381606670065,0.3829545828928872,4708869284.252812,51,6.495007221832836e-11,0.3058414000788883,12.216406703957926,0.9372649085380644,2.040095805764679,4.258858944658909,0.3719524437571665,0.0150765230610308,0.9999999999999996,-7.101391019232526e-06,0.999999999999994,199,1000,False
ct_w5_i1,5,projected_adam,200,False,,0,0.0,-10.998146215034598,1.0018537849654017,3.0117004388348397e-12,9994,0.9719747755290956,1.0,8,True,0.1598700911999251,1.173358431504515,0.0005012390951772,0.3566812299585467,6653646391.72506,51,4.5958468086210686e-11,0.305791395351027,12.55619592888716,0.9407201030155352,2.104569304761166,4.258858944658909,0.3605576774004273,0.0138629424728786,1.0000000000000004,-5.915606468514891e-06,0.9999999999999966,199,1000,False
ct_w5_i1,5,projected_adam,225,False,,0,0.0,-10.998282576760811,1.001717423239187,3.1967719451764306e-12,9994,0.9720780409690144,1.0,8,True,0.158992022503156,1.172328594395752,0.0004697195165772,0.3342519299079357,9103365319.743174,51,3.3586526790075004e-11,0.3057504231913938,12.8710024163615,0.9436700686390536,2.164099751914762,4.258858944658909,0.3506393916368814,0.0128555027673729,1.0000000000000004,-5.016115792639063e-06,0.9999999999999996,199,1000,False
ct_w5_i1,5,projected_adam,250,False,,0,0.0,-10.998399039682102,1.001600960317898,3.3791584573008256e-12,9994,0.9721673441517006,1.0,8,True,0.1582301763596151,1.1714358005061218,0.0004424029951592,0.3148135210701279,12126610776.183228,51,2.5210364414136277e-11,0.3057162767759712,13.1647858459099,0.9462268528817191,2.219493055647807,4.258858944658909,0.3418882607098045,0.0120048683947743,1.0,-4.316010202029607e-06,1.0000000000000084,199,1000,False
ct_w5_i1,5,projected_adam,275,False,,0,0.0,-10.998499853610149,1.0015001463898532,3.559370018319032e-12,9994,0.9722455137518092,1.0,8,True,0.1575612257842519,1.1706524299006935,0.0004184333447213,0.2977567422152006,15794167724.460451,51,1.9354448874822663e-11,0.305687411743444,13.4406154383992,0.9484706902895425,2.271369518017456,4.25885894465891,0.3340797762907579,0.0112765046488794,0.9999999999999998,-3.759355290844e-06,1.000000000000004,199,1000,False
ct_w5_i1,5,projected_adam,300,False,,0,0.0,-10.998588115967804,1.001411884032196,3.737820452060375e-12,9994,0.9723146411752094,1.0,8,True,0.1569678880121472,1.1699580436192036,0.000397180493073,0.2826332346138041,20178830307.150257,51,1.5147692421372835e-11,0.3056627149157884,13.700922401891624,0.9504607199427316,2.3202175264206737,4.258858944658909,0.3270463272568773,0.0106454420397774,1.0,-3.308735999780871e-06,0.9999999999999856,199,1000,False
ct_w5_i1,5,projected_adam,325,False,,0,0.0,-10.99866614154694,1.001333858453059,3.914851791104847e-12,9994,0.9723763098538606,1.0,8,True,0.1564370528849976,1.1693371536020547,0.0003781690179224,0.2691046882468105,25355412567.605923,51,1.2054284777519526e-11,0.3056413637414193,13.9476675631447,0.9522415993382418,2.366428901145041,4.25885894465891,0.3206598009708846,0.0100931444022366,1.0000000000000002,-2.938308638146244e-06,0.9999999999999988,199,1000,False
ct_w5_i1,5,projected_adam,350,False,,0,0.0,-10.99873569753668,1.0012643024633192,4.090751140334139e-12,9994,0.9724317430805648,1.0,8,True,0.1559585738459697,1.168777784118458,0.0003610325044048,0.2569103626694962,31400341894.170544,51,9.733102219911972e-12,0.3056227373961462,14.182456707555152,0.9538477519681802,2.410323028810019,4.258858944658912,0.3148203005916384,0.0096055445802706,1.0000000000000002,-2.629729846063402e-06,1.0000000000000115,199,1000,False
ct_w5_i1,5,projected_adam,375,False,,0,0.0,-10.998798158103163,1.001201841896835,4.2657627101552416e-12,9994,0.9724819025241144,1.0,8,True,0.155524460861517,1.1682705126209707,0.0003454833646667,0.2458456106580665,38391909725.69335,51,7.960176006401076e-12,0.3056063586383803,14.406622273582627,0.9553061879091748,2.4521638376035044,4.258858944658911,0.309448581214912,0.0091717643440931,1.0,-2.36967155362674e-06,0.99999999999999,199,1000,False
ct_w5_i1,5,projected_adam,400,False,,0,0.0,-10.99885460906553,1.00114539093447,4.440096636886626e-12,9994,0.9725275557537832,1.0,8,True,0.1551283263353243,1.1678078119868875,0.0003312922834437,0.2357472517036851,46409706470.91104,51,6.584653899142457e-12,0.3055918546717412,14.62128263934987,0.9566384310012171,2.492172039904993,4.25885894465891,0.3044808337075501,0.008783253613167,1.0000000000000002,-2.1482505059224017e-06,0.999999999999983,199,1000,False
ct_w5_i1,5,projected_adam,425,False,,0,0.0,-10.998905920589872,1.0010940794101266,4.613935593518057e-12,9994,0.9725693236632296,1.0,8,True,0.1547649953747407,1.1673835883242436,0.0003182738581079,0.2264833534850907,55534948117.91419,51,5.5024617919656866e-12,0.3055789301376196,14.827386049605748,0.9578618684863368,2.5305341524938645,4.258858944658909,0.2998649987415089,0.0084331957291104,1.0,-1.9580055190565678e-06,0.9999999999999988,199,1000,False
ct_w5_i1,5,projected_adam,450,False,,0,0.0,-10.99895279880101,1.0010472011989895,4.7874398385631625e-12,9994,0.9726077144947516,1.0,8,True,0.1544302257816775,1.1669928492028692,0.0003062763405707,0.2179459322169486,65850056350.44671,51,4.640350593484993e-12,0.3055673480668156,15.025743753785106,0.9589907168126012,2.5674092669948707,4.258858944658909,0.2955581060674087,0.0081160871884542,1.0,-1.793213834017966e-06,1.0000000000000069,199,1000,False
ct_w5_i1,5,projected_adam,475,False,,0,0.0,-10.99899582314825,1.0010041768517492,4.960751136105893e-12,9994,0.972643148714056,1.0,8,True,0.1541205030683246,1.1666314609791102,0.0002951741644863,0.2100456350152738,77438745468.5265,51,3.945788562737676e-12,0.3055569161824659,15.217055404964832,0.9600367260803584,2.6029342154104755,4.258858944658909,0.2915243174262299,0.0078274344940836,1.0,-1.6494234556159256e-06,0.9999999999999932,199,1000,False
ct_w5_i1,5,projected_adam,500,False,,0,0.0,-10.99903547393182,1.000964526068179,5.133995842280958e-12,9994,0.97267597750325,1.0,8,True,0.1538328878709733,1.1662959682899352,0.0002848624056493,0.2027077979222914,90385867099.84378,51,3.3804784606665975e-12,0.3055474768796956,15.401928801780707,0.9610097026550511,2.637227568444889,4.2588589446589085,0.2877334627972114,0.0075635316192022,1.0000000000000002,-1.523126615878193e-06,0.9999999999999896,199,1000,False
ct_w5_i1,5,projected_adam,525,False,,0,0.0,-10.99907215289973,1.0009278471002698,5.307287366945256e-12,9994,0.9727064967177363,1.0,8,True,0.1535649006531182,1.1659834577544823,0.0002752526110644,0.1958694778766934,104777289965.1678,51,2.9160794279194656e-12,0.3055388997805784,15.580895428372546,0.9619179028380316,2.6703927708216417,4.25885894465891,0.2841599291101438,0.0073212940344084,0.9999999999999996,-1.411527545926198e-06,0.9999999999999934,199,1000,False
ct_w5_i1,5,projected_adam,550,False,,0,0.0,-10.999106198877625,1.0008938011223751,5.480728158329911e-12,9994,0.972734957563366,1.0,8,True,0.1533144334013879,1.1656914536525145,0.0002662696141627,0.189477186424521,120699993923.8652,51,2.5313263587846567e-12,0.3055310761246278,15.754422825276391,0.9627683335075592,2.7025206285108387,4.258858944658909,0.280781805122075,0.0070981331602994,1.0,-1.3123745657106535e-06,0.9999999999999908,199,1000,False
ct_w5_i1,5,projected_adam,575,False,,0,0.0,-10.999137899781742,1.0008621002182585,5.654411319578984e-12,9994,0.9727615748657384,1.0,8,True,0.1530796811602828,1.16541783708864,0.0002578490719617,0.1834851371648752,138241708513.37308,51,2.2100704467109388e-12,0.3055239144882339,15.92292453959798,0.963566984596097,2.733691302826668,4.25885894465891,0.2775802153184931,0.0068918601139869,1.0000000000000002,-1.2238368333826915e-06,0.9999999999999952,199,1000,False
ct_w5_i1,5,projected_adam,600,False,,0,0.0,-10.999167501959972,1.0008324980400278,5.828421938148404e-12,9994,0.9727865335469862,1.0,8,True,0.1528590883514273,1.165160782647689,0.0002499355383542,0.1778538747043089,157490393086.8845,51,1.9399109462600096e-12,0.3055173374800389,16.086768204061794,0.9643190109151556,2.7639759247148965,4.25885894465891,0.274538795243374,0.0067006112039893,0.9999999999999996,-1.1444126573102358e-06,1.0000000000000004,199,1000,False
ct_w5_i1,5,projected_adam,625,False,,0,0.0,-10.999195217532955,1.0008047824670443,6.002838186351731e-12,9994,0.9728099937506626,1.0,8,True,0.1526513062544355,1.164918708247172,0.0002424809408123,0.1725491906808595,178537067908.2463,51,1.711192430468187e-12,0.3055112791625757,16.24628215156206,0.965028875842336,2.793437912792088,4.25885894465891,0.271643274038071,0.0065227893974734,1.0,-1.07286038490433e-06,1.0000000000000098,199,1000,False
ct_w5_i1,5,projected_adam,650,False,,0,0.0,-10.99922123022031,1.0007787697796893,6.177732242246488e-12,9994,0.9728320949357772,1.0,8,True,0.1524551590069326,1.1646902350569113,0.0002354433642984,0.1675412583965519,201468025120.23715,51,1.516397864318051e-12,0.305505683020703,16.401760876252002,0.9657004659723012,2.8221340587286945,4.25885894465891,0.2688811391173771,0.0063570181715117,1.0000000000000002,-1.0081457581189396e-06,0.9999999999999936,199,1000,False
ct_w5_i1,5,projected_adam,675,False,,0,0.0,-10.999245700005936,1.000754299994064,6.3531710624038094e-12,9994,0.9728529591754532,1.0,8,True,0.1522696161840015,1.1644741551895126,0.0002287860719461,0.1628039359345381,226376402281.53107,51,1.3495244966677973e-12,0.30550050034645,16.55346957227732,0.9663371833955342,2.8501154271797366,4.258858944658908,0.2662413645484486,0.0062021045035998,1.0000000000000004,-9.4940134139787e-07,1.000000000000032,199,1000,False
ct_w5_i1,5,projected_adam,700,False,,0,0.0,-10.999268766905647,1.000731233094351,6.529217036786072e-12,9994,0.9728726938365284,1.0,8,True,0.1520937705030458,1.164269405441445,0.0002224767094627,0.1583142000131293,253354816357.1645,51,1.2058017816145405e-12,0.3054956889440936,16.701647933502347,0.9669420205874272,2.877428107491641,4.2588589446589085,0.2637141892363066,0.0060570092051114,1.0000000000000002,-8.958949756916108e-07,1.000000000000005,199,1000,False
ct_w5_i1,5,projected_adam,725,False,,0,0.0,-10.999290554032925,1.0007094459670751,6.705928545960281e-12,9994,0.9728913937724532,1.0,8,True,0.1519268195618198,1.1640750457930804,0.0002164866543513,0.1540516828926458,282492560179.94574,51,1.081413301253973e-12,0.3054912120838817,16.846513353542207,0.9675176216418392,2.9041138454474944,4.258858944658909,0.2612909344592143,0.0059208228037555,1.0,-8.470050191760918e-07,0.9999999999999878,199,1000,False
ct_w5_i1,5,projected_adam,750,False,,0,0.0,-10.99931117011194,1.000688829888059,6.883360438987927e-12,9994,0.9729091431305282,1.0,8,True,0.1517680507749529,1.1638902416811885,0.0002107904794328,0.1499982906183488,313877329412.4992,51,9.732688825355945e-13,0.3054870376505597,16.988263637446668,0.968066332696421,2.9302105775399,4.25885894465891,0.258963852724194,0.0057927458140538,1.0,-8.022007370245884e-07,0.9999999999999994,199,1000,False
ct_w5_i1,5,projected_adam,775,False,,0,0.0,-10.99933071155126,1.000669288448739,7.0615644432979195e-12,9994,0.9729260168507826,1.0,8,True,0.1516168288701374,1.163714249289133,0.0002053655077058,0.1461378862590121,347612646617.8548,51,8.788032898629262e-13,0.3054831374457295,17.12707931037786,0.9685902437241544,2.955752885011377,4.25885894465891,0.2567260017915866,0.0056720725550387,1.0,-7.610266653929521e-07,0.9999999999999968,199,1000,False
ct_w5_i1,5,projected_adam,800,False,,0,0.0,-10.999349264165684,1.0006507358343146,7.2405895209500996e-12,9994,0.9729420819169632,1.0,8,True,0.1514725854433933,1.1635464032636984,0.0002001914409504,0.1424560256221213,383777967264.5769,51,7.959797400301905e-13,0.3054794866125728,17.26312559564392,0.9690912233919224,2.9807723821688894,4.258858944658911,0.2545711390081995,0.0055581777123465,1.0,-7.230900393093455e-07,1.0000000000000102,199,1000,False
ct_w5_i1,5,projected_adam,825,False,,0,0.0,-10.999366904614412,1.000633095385588,7.420482176210724e-12,9994,0.9729573984062612,1.0,8,True,0.1513348101877766,1.163386106403291,0.000195250047805,0.1389397352893107,422481319656.07214,51,7.230522367413621e-13,0.3054760631587653,17.396554114800402,0.9695709482935156,3.0052980496020933,4.258858944658911,0.2524936322217316,0.0054505051546972,1.0000000000000002,-6.88050618702484e-07,0.9999999999999888,199,1000,False
ct_w5_i1,5,projected_adam,850,False,,0,0.0,-10.999383701609236,1.0006162983907636,7.601286725796284e-12,9994,0.9729720203751824,1.0,8,True,0.1512030434851715,1.1632328209513747,0.000190524900425,0.1355773252230436,463789604575.5414,51,6.586453093058488e-13,0.3054728475584947,17.527504358211047,0.9700309276078756,3.0293565219424265,4.258858944658911,0.2504883842349342,0.0053485586405855,1.0,-6.556124067797282e-07,0.9999999999999925,199,1000,False
ct_w5_i1,5,projected_adam,875,False,,0,0.0,-10.999399716934295,1.0006002830657028,7.783045534500466e-12,9994,0.972985996610662,1.0,8,True,0.1510768701201819,1.1630860612108689,0.0001860011510914,0.132358229801606,507822465718.8685,51,6.015287684966867e-13,0.3054698224188218,17.656104960324395,0.97047252399664,3.052972337047533,4.258858944658911,0.2485507684575865,0.0052518938395068,1.0000000000000002,-6.255168461088245e-07,0.999999999999981,199,1000,False
ct_w5_i1,5,projected_adam,900,False,,0,0.0,-10.999415006311304,1.0005849936886977,7.965799222195863e-12,9994,0.9729993712700278,1.0,8,True,0.1509559139202013,1.1629453872485198,0.0001816653418154,0.129272872333802,554654018215.3802,51,5.507342634628075e-13,0.305466972198534,17.78247481066134,0.9708969714019944,3.076168152778449,4.258858944658911,0.2466765738301854,0.0051601117658718,0.9999999999999998,-5.975372327818498e-07,1.0000000000000209,199,1000,False
ct_w5_i1,5,projected_adam,925,False,,0,0.0,-10.999429620137024,1.0005703798629746,8.149586847606405e-12,9994,0.9730121844287738,1.0,8,True,0.1508398331640149,1.1628103995034558,0.0001775052412231,0.126312548986536,604388492713.4803,51,5.054104878779818e-13,0.3054642829701581,17.906724026194983,0.9713053902761064,3.098964936467369,4.258858944658912,0.2448619574631023,0.0050728530683836,1.0000000000000002,-5.714740703595918e-07,0.9999999999999662,199,1000,False
ct_w5_i1,5,projected_adam,950,False,,0,0.0,-10.999443604114756,1.000556395885244,8.334446069740206e-12,9994,0.9730244725512776,1.0,8,True,0.1507283166335782,1.162680734152197,0.0001735097042442,0.1234693289390755,657103209961.7802,51,4.648611322950958e-13,0.3054617422175752,18.028954803877383,0.9716988006633256,3.121382130829033,4.25885894465891,0.243103403764081,0.0049897932120296,1.0000000000000002,-5.471512064069792e-07,1.0000000000000036,199,1000,False
ct_w5_i1,5,projected_adam,975,False,,0,0.0,-10.99945699979694,1.0005430002030593,8.520413293183023e-12,9994,0.9730362688970956,1.0,8,True,0.1506210802034508,1.1625560591058617,0.0001696685510053,0.1207359682038701,712921629987.9104,51,4.284613144202346e-13,0.3054593386632362,18.149262172671165,0.9720781334901828,3.143437800121608,4.25885894465891,0.2413976889962837,0.0049106383630644,1.0000000000000002,-5.244125986987079e-07,1.0000000000000135,199,1000,False
ct_w5_i1,5,projected_adam,999,False,,0,0.0,-10.999469341367616,1.0005306586323854,8.700016991667152e-12,9994,0.9730471589748182,1.0,8,True,0.1505219184087727,1.1624407836761803,0.0001661176297412,0.1182091362465407,769460097379.3607,51,3.969759470336477e-13,0.3054571508617745,18.26302993260639,0.9724298399936562,3.164286738801963,4.258858944658911,0.239807161325783,0.0,,0.0,,199,1000,False
ct_w5_i1,5,ray_projected,0,False,0.02,0,4.258858944658905,-8.987888960195775,3.012111039804225,0.0189068877338504,64512,0.0189068877338504,0.0,0,True,7.797335438982492,2434.1075010427344,0.1358926817966484,1.0,126.26688471100982,51,0.0459001475943371,5.7956686445125065,7.134798931333151,1.0000000000000002,1.2712368154556912,2.1755839288168288e-15,3.0492575190346904e-16,0.1122497216032182,1.0000000000000004,-0.0459208075460654,1.0,199,1000,False
ct_w5_i1,5,ray_projected,25,False,0.02,0,4.258858944658905,-9.941447671585872,2.0585523284141267,0.0661425813112536,64512,0.0661425813112536,0.0,0,True,6.362126214829201,579.4771403635098,0.1572282138304735,1.1570028036222868,384.8347528351958,51,0.0224521905209035,8.640383189720634,9.941041971413602,1.0000000000000002,1.7712368154556903,8.495926837474684e-15,8.546314221291406e-16,0.1122497216032182,1.0000000000000004,-0.0311142687854787,0.9999999999999988,199,1000,False
ct_w5_i1,5,ray_projected,50,False,0.02,0,4.258858944658905,-10.578642581390962,1.4213574186090376,0.1561510008371234,64512,0.1561510008371234,0.0,0,True,5.085171082879946,161.60758516375117,0.2072154495184933,1.524846274125145,1274.5606470643902,51,0.0094305209196287,12.019770845476234,12.747285011494052,0.9999999999999996,2.271236815455688,1.8588197236063615e-14,1.458208333719918e-15,0.1122497216032182,1.0000000000000004,-0.0205875715352223,0.9999999999999992,199,1000,False
ct_w5_i1,5,ray_projected,75,False,0.02,0,4.258858944658905,-11.004721862839906,0.9952781371600938,0.2837861230698354,64512,0.2837861230698354,0.0,0,True,4.017685827632432,55.57235290253826,0.2642571247279209,1.9446015873272604,4396.138801563841,51,0.0034241972159777,15.0532462453666,15.553528051574505,1.0,2.771236815455688,2.429943183611352e-14,1.5623099630860705e-15,0.1122497216032182,1.0000000000000004,-0.0140687788705581,1.0000000000000024,199,1000,False
ct_w5_i1,5,ray_projected,100,False,0.02,0,4.258858944658905,-11.30351547857302,0.6964845214269797,0.4314211464671388,64512,0.4314211464671388,0.0,0,True,3.119036335879113,22.62456665153204,0.2896146319230772,2.1312010926126264,14971.425400694325,51,0.00109677359042,16.420263990426093,18.35977109165497,1.0,3.27123681545569,1.2824878117884045e-14,6.985314824384335e-16,0.1122497216032182,1.0000000000000004,-0.0101317517275954,0.9999999999999984,199,1000,False
ct_w5_i1,5,ray_projected,125,False,0.02,0,4.258858944658905,-11.521374980752686,0.478625019247314,0.5771244589102403,64512,0.5771244589102403,0.0,0,True,2.3547056290998905,10.535027199758892,0.2720582761720678,2.00200829489243,49011.44755773965,51,0.0003167667041939,15.525194710639855,21.16601413173544,1.0000000000000002,3.771236815455692,2.8780270159990897e-15,1.359739721464088e-16,0.1122497216032182,1.0000000000000004,-0.007429904975544,0.9999999999999996,199,1000,False
ct_w5_i1,5,ray_projected,150,False,0.02,0,4.258858944658905,-11.67992817169129,0.3200718283087091,0.7031362982058666,64512,0.7031362982058666,0.0,0,True,1.7193071018215078,5.58066029495392,0.2245638524122208,1.6525087991733138,153154.2106554722,51,8.439566339116631e-05,12.925551209419009,23.972257171815887,1.0,4.271236815455691,2.470988346069368e-14,1.0307699973177753e-15,0.1122497216032182,1.0000000000000004,-0.0053337447334852,1.000000000000005,199,1000,False
ct_w5_i1,5,ray_projected,175,False,0.02,0,4.258858944658905,-11.791742274810924,0.2082577251890764,0.8010420690459079,64512,0.8010420690459079,0.0,0,True,1.2154887381616546,3.371941658235053,0.1677271767464198,1.23426202595228,458940.5837799051,51,2.1186407509273955e-05,9.723302230505157,26.77850021189632,1.0,4.771236815455687,6.584511777721018e-14,2.458879969235863e-15,0.1122497216032182,1.0000000000000004,-0.0036825939699035,1.0000000000000018,199,1000,False
ct_w5_i1,5,ray_projected,200,False,0.02,0,4.258858944658905,-11.867525443895246,0.1324745561047535,0.8711460659572452,64512,0.8711460659572452,0.0,0,True,0.8362503742928229,2.3076977309883824,0.1165448712673724,0.8576243380182282,1331142.7316673426,51,5.101332684552566e-06,6.790601924859201,29.58474325197675,1.0000000000000002,5.271236815455683,1.0772985490388229e-13,3.641399013888151e-15,0.1122497216032182,1.0000000000000004,-0.0024463677996845,1.0000000000000009,199,1000,False
ct_w5_i1,5,ray_projected,216,True,,0,4.258858944658905,-11.901723188090832,0.0982768119091677,0.9036809595336212,64512,0.9036809595336212,0.0,0,True,0.6507678306032771,1.9170122046955893,0.0898519300744883,0.6611977104767414,2598381.4454584955,51,2.0195076675236432e-06,5.247451252254599,31.38073879762821,1.0,5.591236815455677,1.1186817867662875e-13,3.56486758957644e-15,0.0,,0.0,,199,1000,False
ct_w5_i1,5,target_direction,0,False,0.02,0,0.0,-10.993772532330214,1.0062274676697864,1.3050483350482454e-12,9994,0.9691288465953104,1.0,8,True,0.1833742340491167,1.201263877817199,0.0014052858773519,1.0,45569088.13024984,51,6.744384006524485e-09,0.3073354291775618,8.309225914671824,0.8586598805473616,1.2712368154556908,4.258858944658905,0.596913660167173,0.1122497216032182,1.0000000000000004,-0.0002074633782163,1.000000000000001,199,1000,False
ct_w5_i1,5,target_direction,25,False,0.02,0,0.0,-10.997096401551936,1.0029035984480643,2.156302568131341e-12,9994,0.9712194764966192,1.0,8,True,0.1662194057314079,1.1808321546459488,0.0007316237789209,0.5206227364211176,1038252836.3234428,51,2.9485387469505187e-10,0.3061328717030945,10.814906147901054,0.9191981729164564,1.77123681545569,4.258858944658904,0.4284117255420158,0.1122497216032182,1.0000000000000004,-8.168921103175464e-05,1.0000000000000029,199,1000,False
ct_w5_i1,5,target_direction,50,False,0.02,0,0.0,-10.998499605288222,1.001500394711778,3.558897003598407e-12,9994,0.972245320187717,1.0,8,True,0.1575628847955058,1.1706543720278604,0.0004184927767793,0.2977990340071677,15783581816.708055,51,1.9367434182838318e-11,0.305687482004537,13.439909027771062,0.948465126151834,2.271236815455689,4.258858944658905,0.3340992957181666,0.1122497216032182,1.0000000000000004,-3.7428928918465946e-05,1.000000000000005,199,1000,False
ct_w5_i1,5,target_direction,75,False,0.02,0,0.0,-10.999174429741002,1.000825570258998,5.870930824207417e-12,9994,0.9727923892408724,1.0,8,True,0.1528072657866257,1.1651004025920644,0.0002480763514283,0.1765308791801547,162456848426.4433,51,1.880596705983889e-12,0.3055158140152932,16.12606940210838,0.9644959142704036,2.771236815455688,4.258858944658903,0.2738194788048602,0.1122497216032182,1.0000000000000004,-1.8993843515069384e-05,1.000000000000009,199,1000,False
ct_w5_i1,5,target_direction,100,False,0.02,0,0.0,-10.99952805880335,1.0004719411966505,9.682582018693579e-12,9994,0.9730992649153531,1.0,8,True,0.1500451249898588,1.1618866716696228,0.0001490607773007,0.106071497410659,328444817274.6989,50,9.29979972577988e-13,0.3054471021625067,18.84725640639693,0.9741349454673668,3.2712368154556875,4.258858944658896,0.2319668869180329,0.1122497216032182,1.0000000000000004,-1.0301512658070778e-05,1.000000000000021,199,1000,False
ct_w5_i1,5,target_direction,125,False,0.02,0,0.0,-10.999723873335212,1.0002761266647884,1.5966790897218702e-11,9994,0.9732767677415128,1.0,8,True,0.148383319128302,1.1599574450322236,9.004259730962485e-05,0.0640742205986569,773936136985.2229,50,3.946298931636604e-13,0.3054183350539745,21.5902300528578,0.9803514867565648,3.771236815455688,4.2588589446588765,0.2012121374460072,0.1122497216032182,1.0000000000000004,-5.829253022398006e-06,1.0000000000000222,199,1000,True
ct_w5_i1,5,target_direction,150,False,0.02,0,0.0,-10.999836143358866,1.0001638566411335,2.6327617009765677e-11,9994,0.9733813697796184,1.0,8,True,0.1473616446426571,1.1587729512927496,5.451074430817499e-05,0.0387897901677436,139216466578.7771,48,2.1937463678891127e-12,0.3054056179075483,24.34762808616432,0.9845828549286172,4.271236815455684,4.2588589446588525,0.1776578197928723,0.1122497216032182,1.0000000000000004,-3.387679513142672e-06,0.999999999999973,199,1000,True
ct_w5_i1,5,target_direction,175,False,0.02,0,0.0,-10.999901926920309,1.000098073079693,4.3409682318094003e-11,9994,0.9734437134022812,1.0,8,True,0.1467253961043865,1.1580359181892823,3.303166278647144e-05,0.0235052976186703,404411612536.3375,48,7.551703084788522e-13,0.3053996421914959,27.11505030622349,0.9875880704433008,4.771236815455682,4.2588589446588285,0.1590402341788671,0.1122497216032182,1.0000000000000004,-2.001631388086622e-06,1.000000000000178,199,1000,True
ct_w5_i1,5,target_direction,200,False,0.02,0,0.0,-10.999940993238232,1.0000590067617663,7.157321735978194e-11,9994,0.9734811271227068,1.0,8,True,0.1463262772366926,1.1575738164277662,2.0024944439435088e-05,0.0142497300813762,200219943853.30853,47,1.5253058747012332e-12,0.3053966565918026,29.889712491020774,0.9897968493629484,5.271236815455678,4.258858944658811,0.1439545683525325,0.1122497216032182,1.0000000000000004,-1.1948052302201975e-06,1.0000000000001157,199,1000,True
ct_w5_i1,5,target_direction,225,False,0.02,0,0.0,-10.999964385286304,1.0000356147136955,1.180070189611749e-10,9994,0.9735036738397468,1.0,8,True,0.1460749555335984,1.157282929559387,1.214247719775026e-05,0.0086405744151012,340193855457.3884,47,8.977089854797967e-13,0.3053950808491127,32.66977000963941,0.9914666152378786,5.77123681545567,4.2588589446587966,0.1314828423641779,0.1122497216032182,1.0000000000000004,-7.176704301237182e-07,1.0000000000000653,199,1000,True
ct_w5_i1,5,target_direction,250,False,0.02,0,0.0,-10.999978462714605,1.0000215372853951,1.9456340466198303e-10,9994,0.9735172956821266,1.0,8,True,0.145916434993012,1.1570994909835572,7.363633125199618e-06,0.0052399538370622,947186093083.0804,47,3.2242260958108843e-13,0.3053942118907625,35.45395368882833,0.9927589357468,6.271236815455661,4.258858944658792,0.120999835085603,0.1122497216032182,1.0000000000000004,-4.3272413503103734e-07,0.9999999999989284,199,1000,True
ct_w5_i1,5,target_direction,275,False,0.02,0,0.0,-10.999986960674232,1.0000130393257685,3.207835396968533e-10,9994,0.9735255380875856,1.0,8,True,0.1458164091169206,1.1569837568815455,4.465818164478156e-06,0.0031778716604577,775431051224.125,45,3.938373589444745e-13,0.3053937172576469,38.24136231695248,0.9937792502588468,6.771236815455652,4.258858944658792,0.1120649950864013,0.1122497216032182,1.0000000000000004,-2.615231053582079e-07,1.0000000000004627,199,1000,True
ct_w5_i1,5,target_direction,300,False,0.02,0,0.0,-10.999992100215438,1.0000078997845616,5.288853571432887e-10,9994,0.9735305300401622,1.0,8,True,0.1457533162836043,1.1569107618009804,2.708420184578297e-06,0.0019273090466702,385770634514.3127,44,7.916450933990327e-13,0.3053934299906872,41.03133865161215,0.9945986836745552,7.271236815455641,4.258858944658793,0.1043589474131777,0.1122497216032182,1.0000000000000004,-1.5828283501662098e-07,1.000000000000431,199,1000,True
ct_w5_i1,5,target_direction,325,False,0.02,0,0.0,-10.99999521226263,1.0000047877373692,8.719872474825519e-10,9994,0.9735335549587456,1.0,8,True,0.1457135523632069,1.1568647594081651,1.6425335486302568e-06,0.0011688252014069,745077907166.5365,44,4.0988097869262697e-13,0.3053932617916742,43.82339228346122,0.9952665957545972,7.771236815455629,4.258858944658793,0.0976445112242288,0.1122497216032182,1.0000000000000004,-9.588741798793876e-08,0.9999999999982242,199,1000,True
ct_w5_i1,5,target_direction,350,False,0.02,0,0.0,-10.999997098165966,1.0000029018340335,1.4376666301535218e-09,9994,0.9735353883449834,1.0,8,True,0.1456885201521403,1.1568358008877817,9.959736244274358e-07,0.0007087338174238,697483053752.439,41,4.378502998410222e-13,0.3053931642195372,46.61714996561861,0.9958180954154584,8.27123681545562,4.258858944658793,0.0917418564337282,0.1122497216032182,1.0000000000000004,-5.8130150044632945e-08,1.0000000000060512,199,1000,True
ct_w5_i1,5,target_direction,375,False,0.02,0,0.0,-10.9999982418761,1.000001758123901,2.370314258492435e-09,9994,0.9735364994187462,1.0,8,True,0.1456727857423063,1.1568175989023788,6.036670277452547e-07,0.000429568842521,778787271902.6979,39,3.921393188623373e-13,0.3053931103425818,49.41232265947252,0.9962786989755532,8.771236815455609,4.258858944658793,0.0865121574548984,0.1122497216032182,1.0000000000000004,-3.527051694263151e-08,0.9999999999806868,199,1000,True
ct_w5_i1,5,target_direction,400,False,0.02,0,0.0,-10.999998936272096,1.000001063727904,3.907990237076801e-09,9994,0.9735371722413776,1.0,8,True,0.1456629176775034,1.1568061834076722,3.654796552270876e-07,0.0002600749506682,754357697623.9355,37,4.0483856216373634e-13,0.3053930856632206,52.20868309285982,0.996667306855252,9.271236815455598,4.258858944658792,0.0818465362882231,0.1122497216032182,1.0000000000000004,-2.1435743242648183e-08,0.9999999999857982,199,1000,True
ct_w5_i1,5,target_direction,425,False,0.02,0,0.0,-10.999999358947337,1.0000006410526634,6.443189319768291e-09,9994,0.9735375787204548,1.0,8,True,0.1456567534242026,1.1567990525833158,2.2068967790550455e-07,0.0001570425501758,247183856830.2928,35,1.2354895967882849e-12,0.3053930836078315,55.00605012157764,0.9969981573206518,9.771236815455588,4.258858944658792,0.0776584003421799,0.1122497216032182,1.0000000000000004,-1.3080573388890572e-08,1.000000000020906,199,1000,True
ct_w5_i1,5,target_direction,450,False,0.02,0,0.0,-10.9999996179183,1.0000003820816996,1.062302594459913e-08,9994,0.9735378226724556,1.0,8,True,0.1456529356456358,1.1567946361891173,1.3270941620695426e-07,9.443588549898966e-05,663285591143.3041,35,4.604247516134748e-13,0.3053931035509526,57.80427760697607,0.9972821396495336,10.271236815455577,4.258858944658792,0.0738780182062465,0.1122497216032182,1.0000000000000004,-8.06720986901155e-09,1.0000000000041556,199,1000,True
ct_w5_i1,5,target_direction,475,False,0.02,0,0.0,-10.999999779334816,1.000000220665184,1.7514411419594363e-08,9994,0.97353796638937,1.0,8,True,0.1456506198594712,1.1567919573032053,8.078982973487173e-08,5.7489960610085296e-05,799194152404.5706,33,3.821263576908106e-13,0.3053931505461531,60.60324635983786,0.9975276956932784,10.77123681545557,4.258858944658795,0.0704486061771545,0.1122497216032182,1.0000000000000004,-5.1141220147599126e-09,0.9999999999516486,199,1000,True
ct_w5_i1,5,target_direction,500,False,0.02,0,0.0,-10.999999884416042,1.0000001155839584,2.8876385029344484e-08,9994,0.9735380465635936,1.0,8,True,0.145649291666319,1.156790420861069,5.839052760983469e-08,4.155064001629592e-05,572327823961.9285,32,5.335984444401377e-13,0.305393236575894,63.40285820874363,0.9977414507823829,11.271236815455566,4.2588589446587966,0.0673234564118443,0.1122497216032182,1.0000000000000004,-3.4668244808244703e-09,0.9999999999897888,199,1000,True
ct_w5_i1,5,target_direction,525,False,0.02,0,0.0,-10.999999959990555,1.0000000400094429,4.760911203307399e-08,9994,0.9735380836628352,1.0,8,True,0.1456486548735424,1.15678968422552,6.98064309043424e-08,4.967418518136895e-05,884163218222.8456,32,3.454038545162998e-13,0.3053933835957071,66.20303156748112,0.9979286629144876,11.77123681545557,4.258858944658784,0.0644637969951102,0.1122497216032182,1.0000000000000004,-2.7045857642349354e-09,0.999999999994302,199,1000,True
ct_w5_i1,5,target_direction,550,False,0.02,0,0.0,-11.000000025351206,0.9999999746487944,7.849415596987212e-08,9994,0.9735380871578816,1.0,8,True,0.1456485667646407,1.1567895823020558,1.1183469199974485e-07,7.958145299978533e-05,955632000403.62,29,3.1957241804942654e-13,0.3053936291343954,69.00369807779693,0.9980935476161568,12.271236815455572,4.258858944658769,0.0618371751653561,0.1122497216032182,1.0000000000000004,-2.632754672049485e-09,0.9999999999494036,199,1000,True
ct_w5_i1,5,target_direction,575,False,0.02,0,0.0,-11.000000097182294,0.9999999028177058,1.2941498068934056e-07,9994,0.9735380579412712,1.0,8,True,0.1456490067082877,1.1567900912243954,1.860199923789769e-07,0.0001323716372425,857939723598.6984,26,3.559621118767396e-13,0.3053940358751389,71.8048000352247,0.9982395162721752,12.771236815455572,4.258858944658756,0.0594162203252373,0.1122497216032182,1.0000000000000004,-3.232958309951077e-09,0.999999999996145,199,1000,True
ct_w5_i1,5,target_direction,600,False,0.02,0,0.0,-11.000000193819162,0.9999998061808384,2.133692162025762e-07,9994,0.9735379885555676,1.0,8,True,0.14565007135777,1.1567913228010227,3.084842436037205e-07,0.0002195170737679,320088597580.0262,25,9.540943038089582e-13,0.3053947076653008,74.60628839304,0.99836935327575,13.271236815455577,4.258858944658743,0.0571776866771885,0.1122497216032182,1.0000000000000004,-4.658385037714649e-09,1.0000000000564602,199,1000,True
ct_w5_i1,5,target_direction,625,False,0.02,0,0.0,-11.000000339928636,0.9999996600713654,3.517863192785929e-07,9994,0.973537861290018,1.0,8,True,0.1456519953254776,1.1567935484323133,5.098637997487527e-07,0.0003628185609532,484750051707.3701,25,6.300067735447263e-13,0.3053958160517995,77.40812119843957,0.9984853492982332,13.771236815455577,4.258858944658729,0.0551017044163569,0.1122497216032182,1.0000000000000004,-7.272878317365896e-09,0.9999999999776628,199,1000,True
ct_w5_i1,5,target_direction,650,False,0.02,0,0.0,-11.00000057280541,0.9999994271945898,5.799974576800391e-07,9994,0.9735376436599272,1.0,8,True,0.1456552015862449,1.1567972574200294,8.414252645463924e-07,0.0005987573618344,731185915154.3903,25,4.17674407858045e-13,0.3053976441462527,80.21026235563104,0.9985894026663944,14.27123681545558,4.258858944658716,0.0531711883325411,0.1122497216032182,1.0000000000000004,-1.1743784167350648e-08,1.0000000000060347,199,1000,True
ct_w5_i1,5,target_direction,675,False,0.02,0,0.0,-11.000000951891602,0.999999048108398,9.562537883382473e-07,9994,0.9735372801149772,1.0,8,True,0.1456603920531426,1.156803261753484,1.3877699173135745e-06,0.0009875356606647,926570258523.5012,24,3.296033477126805e-13,0.3054006591003497,83.01268063883984,0.9986830972750944,14.77123681545558,4.258858944658702,0.051371366523547,0.1122497216032182,1.0000000000000004,-1.921230104784397e-08,0.9999999999905382,199,1000,True
ct_w5_i1,5,target_direction,700,False,0.02,0,0.0,-11.000001573949186,0.999998426050814,1.576594985698401e-06,9994,0.9735366778600854,1.0,8,True,0.145668697005677,1.1568128689895585,2.2883452085791324e-06,0.0016283841213086,546841470912.6883,22,5.584902538766313e-13,0.3054056319202978,85.81534889827617,0.9987677630394975,15.271236815455582,4.25885894465869,0.0496894016917411,0.1122497216032182,1.0000000000000004,-3.15847666776392e-08,0.9999999999867883,199,1000,True
ct_w5_i1,5,target_direction,725,False,0.02,0,0.0,-11.000002597758275,0.9999974022417248,2.599363032353736e-06,9994,0.973535683169802,1.0,8,True,0.1456819139199959,1.1568281585871711,3.773019466759121e-06,0.002684876812303,853563799956.6555,22,3.5781020216955453e-13,0.3054138358271041,88.61824341646431,0.9988445232172192,15.771236815455586,4.258858944658676,0.0481140844774612,0.1122497216032182,1.0000000000000004,-5.2019221286059284e-08,0.9999999999964604,199,1000,True
ct_w5_i1,5,target_direction,750,False,0.02,0,0.0,-11.000004284644564,0.9999957153554356,4.285617897744593e-06,9994,0.973534042150964,1.0,8,True,0.1457028839787764,1.156852417596011,6.220748024653231e-06,0.0044266779627611,61564229436.00332,21,4.961117491334239e-12,0.3054273754954703,91.42134338274938,0.998914331759624,16.271236815455584,4.258858944658663,0.0466355833339045,0.1122497216032182,1.0000000000000004,-8.573145720447422e-08,0.9999999999967012,199,1000,True
ct_w5_i1,5,target_direction,775,False,0.02,0,0.0,-11.000007065179387,0.9999929348206108,7.065769744758716e-06,9994,0.973531335939741,1.0,8,True,0.1457360813472637,1.156890822689474,1.0256290240365051e-05,0.0072983656960188,69140025578.34998,21,4.4178423901254655e-12,0.3054497358543934,94.22463046143204,0.9989780030217816,16.771236815455588,4.258858944658649,0.0452452391438167,0.1122497216032182,1.0000000000000004,-1.413262034866138e-07,0.9999999999996634,199,1000,True
ct_w5_i1,5,target_direction,800,False,0.02,0,0.0,-11.000011649073413,0.9999883509265874,1.1649431477083165e-05,9994,0.9735268737960197,1.0,8,True,0.1457885309013332,1.1569515026885369,1.6909649916716192e-05,0.0120328896698087,105309473145.28111,21,2.9008473229139238e-12,0.3054867032509645,97.0280884346398,0.9990362355659969,17.271236815455588,4.258858944658634,0.0439353955110974,0.1122497216032182,1.0000000000000004,-2.3299307631674555e-07,0.9999999999999718,199,1000,True
ct_w5_i1,5,target_direction,825,False,0.02,0,0.0,-11.000019206303143,0.9999807936968548,1.920652032236891e-05,9994,0.9735195168183932,1.0,8,True,0.1458712313292032,1.1570471870293475,2.787890301970525e-05,0.0198385990132052,169508495344.7074,21,1.802552305604956e-12,0.3055479291032292,99.8317029052752,0.9990896313631572,17.77123681545559,4.25885894465862,0.042699257701238,0.1122497216032182,1.0000000000000004,-3.841273718840912e-07,1.000000000000614,199,1000,True
ct_w5_i1,5,target_direction,850,False,0.02,0,0.0,-11.000031665672326,0.999968334327674,3.166580404860015e-05,9994,0.9735073873127434,1.0,8,True,0.146001352220717,1.1571977528365134,4.596341013114506e-05,0.0327075158669898,271960322235.1953,21,1.123875827605639e-12,0.3056496322279764,102.6354610485771,0.99913871138098,18.27123681545559,4.258858944658607,0.0415307747426808,0.1122497216032182,1.0000000000000004,-6.332986612811447e-07,0.9999999999998108,199,1000,True
ct_w5_i1,5,target_direction,875,False,0.02,0,0.0,-11.000052206932349,0.9999477930676512,5.220701224035827e-05,9994,0.9734873897120384,1.0,8,True,0.1462056096800155,1.1574341432508444,7.57777477931793e-05,0.0539233682017583,428534158162.4428,21,7.136406665544352e-13,0.3058194022723894,105.43935140326327,0.9991839283154764,18.77123681545559,4.258858944658592,0.0404245403706204,0.1122497216032182,1.0000000000000004,-1.0440873315964444e-06,1.000000000000011,199,1000,True
ct_w5_i1,5,target_direction,900,False,0.02,0,0.0,-11.000086071848044,0.9999139281519565,8.607189649737347e-05,9994,0.9734544209836612,1.0,8,True,0.1465254238395312,1.1578043662766904,0.00012492792798,0.0888985863968242,648595907567.4829,21,4.719504221606196e-13,0.3061051123881237,108.24336369509076,0.9992256770484532,19.27123681545559,4.258858944658579,0.0393757093911214,0.1122497216032182,1.0000000000000004,-1.7212907330765852e-06,0.9999999999998846,199,1000,True
ct_w5_i1,5,target_direction,925,False,0.02,0,0.0,-11.000141900613922,0.9998580993860776,0.0001419006433079,9994,0.9734000695836924,1.0,8,True,0.1470247474644862,1.15838262970813,0.0002059483359582,0.1465526262501875,905320953381.384,21,3.386561801716571e-13,0.3065925359015023,111.04748868711326,0.9992643032834904,19.7712368154556,4.258858944658567,0.0383799267357756,0.1122497216032182,1.0000000000000004,-2.837610737138617e-06,0.9999999999999956,199,1000,False
ct_w5_i1,5,target_direction,950,False,0.02,0,0.0,-11.00023393305666,0.9997660669433408,0.0002339330744834,9994,0.973310472506154,1.0,8,True,0.1478018557559262,1.1592831683170268,0.0003394888987237,0.2415799547942947,309308158585.65155,20,9.939712675143577e-13,0.307443422441912,113.85171805204084,0.9993001107140568,20.2712368154556,4.258858944658553,0.0374332670157699,0.1122497216032182,1.0000000000000004,-4.677567352846521e-06,0.9999999999999056,199,1000,False
ct_w5_i1,5,target_direction,975,False,0.02,0,0.0,-11.000385631902532,0.9996143680974684,0.0003856319133422,9994,0.9731627878961356,1.0,8,True,0.1490069300344669,1.1606810327407766,0.0005595527243557,0.3981771491293532,504075672900.9237,20,6.129802705792605e-13,0.308988442367231,116.65604426298816,0.9993333670020356,20.7712368154556,4.258858944658539,0.0365321828061882,0.1122497216032182,1.0000000000000004,-7.709664244046624e-06,0.999999999999969,199,1000,False
ct_w5_i1,5,target_direction,999,False,,0,0.0,-11.000623061831382,0.9993769381686182,0.0006230618380691,9994,0.9729316407949667,1.0,8,True,0.1507770857586187,1.1627374384570015,0.0009038493148786,0.643178252514605,789628336697.2838,20,3.949037777902554e-13,0.3118272132119931,119.34828220124342,0.9993631128417286,21.25123681545561,4.258858944658526,0.0357070332913977,0.0,,0.0,,199,1000,False
ct_w5_i1,5,adam,0,False,,0,0.0,-10.999357436549008,1.0006425634509934,1.8660347712070622e-16,9994,0.9952163047717868,1.0,8,True,0.0359094566276045,1.036561988423746,0.0001403055163778,1.0,489673913.09180486,51,1.1393713379643412e-10,0.0557920421525644,9.362845254631363,0.7966242233897934,1.3289421520446212,5.659604499655599,0.7587954700079441,0.1428071558558303,0.2744586642154001,-0.0001158400324847,0.2466704581198882,999,1000,False
ct_w5_i1,5,adam,25,False,,0,0.0,-10.9999609406158,1.0000390593842,8.73580436939993e-24,9994,0.999744873238286,1.0,8,True,0.002657710012855,1.002661244854946,1.039985301342604e-05,0.0741229089341103,58595951419.82171,51,4.9959286509184936e-14,0.0029274119252611,11.22963785447672,0.7209090249185394,1.4424173459379033,7.782472656362263,0.9613275534279871,0.0424720824149785,0.2772896337515473,-2.2520586525052305e-06,0.3909350788561733,999,1000,True
ct_w5_i1,5,adam,50,False,,0,0.0,-10.999984174228125,1.0000158257718752,1.4012726877018004e-25,9994,0.999869376872541,1.0,8,True,0.0014370512289298,1.0014380842818378,4.189488134618316e-06,0.0298597535063188,186567508327.05527,51,8.435152945664373e-15,0.0015737254674302,11.763968923070848,0.7025615038107035,1.4725937096913175,8.371511181236633,1.0128978369963044,0.013957603720446,0.2639273180121604,-3.438070286191404e-07,0.4610228890359171,999,1000,True
ct_w5_i1,5,adam,75,False,,0,0.0,-10.99998962512574,1.0000103748742593,2.7596040054740286e-26,9994,0.9998981680198205,1.0,8,True,0.0011401628004889,1.001140813033195,2.703806374726061e-06,0.0192708486774337,293804757284.749,51,4.29965253554689e-15,0.0012632583696151,11.991518294810652,0.6950991497546338,1.4851340478961232,8.62086898739555,1.0342609163572698,0.0085947648561118,0.2624054240794115,-1.4040010488393668e-07,0.4534701472480435,999,1000,True
ct_w5_i1,5,adam,100,False,,0,0.0,-10.999992322837697,1.0000076771623032,8.68986065024134e-27,9994,0.9999142796714336,1.0,8,True,0.0009713334676097,1.0009718053647398,1.980889962900955e-06,0.014118403994657,404358071427.3112,51,2.682043705003322e-15,0.0010845060200389,12.155695474443323,0.6898987380771937,1.494203967456195,8.79957949745351,1.0492929550978358,0.0069617423285561,0.2663649836543763,-8.28204903489373e-08,0.4213939878730388,999,1000,True
ct_w5_i1,5,adam,125,False,,0,0.0,-10.999994017340144,1.0000059826598555,3.255405535857822e-27,9994,0.9999258074486956,1.0,8,True,0.0008492915650858,1.0008496523152872,1.533984795181249e-06,0.0109331752220671,529691163674.9756,51,1.798857036991495e-15,0.0009528386772089,12.294972867811088,0.685612884948028,1.5019354521082413,8.95032622856697,1.0617745700546757,0.0060126020563198,0.2694845083776781,-5.503973715682285e-08,0.3952835332405715,999,1000,True
ct_w5_i1,5,adam,150,False,,0,0.0,-10.999995177153975,1.0000048228460248,1.3709574191708809e-27,9994,0.9999345891627304,1.0,8,True,0.0007554812149458,1.0007557666627578,1.231381770301105e-06,0.0087764316193045,671763211847.7325,51,1.2657715033540784e-15,0.0008502987305584,12.417442759727274,0.6819326724599056,1.508753840154905,9.082303284980348,1.072561823657031,0.0053037834145373,0.2716306875629887,-3.880854828980372e-08,0.3755551570719069,999,1000,True
ct_w5_i1,5,adam,175,False,,0,0.0,-10.999996011684592,1.0000039883154077,6.332371610448165e-28,9994,0.9999414961601278,1.0,8,True,0.0006810931268648,1.000681325123456,1.015249464687223e-06,0.00723599107788,830748602835.6185,51,9.247734756349325e-16,0.0007682542728231,12.526751725042756,0.6787132391955868,1.5148495904436907,9.199688929976816,1.0820525479423742,0.0047418893491935,0.2731785849764211,-2.8525217953694746e-08,0.3599944144173101,999,1000,True
ct_w5_i1,5,adam,200,False,,0,0.0,-10.99999663487732,1.00000336512268,3.1536146780463188e-28,9994,0.9999470636948792,1.0,8,True,0.0006206852041778,1.0006208778690986,8.547028043986509e-07,0.006091726301745,147365601892.908,50,4.758192298320057e-15,0.0007011938719641,12.62539557320232,0.675858066800608,1.5203557430387125,9.305318019284815,1.090512691568483,0.0042858178050997,0.2743530681393092,-2.166056320719017e-08,0.3472041600140804,999,1000,True
ct_w5_i1,5,adam,225,False,,0,0.0,-10.999997114223277,1.0000028857767251,1.6714977779374947e-28,9994,0.9999516440998246,1.0,8,True,0.0005706511673281,1.0005708140196814,7.317006258729865e-07,0.0052150524424333,176796342230.60608,50,3.650391148471746e-15,0.0006453758027607,12.715246093891183,0.6732970984755886,1.5253736364143544,9.401297474932624,1.0981363860660065,0.0039091676576491,0.2752795478772019,-1.6888151559420535e-08,0.3363659814449697,999,1000,True
ct_w5_i1,5,adam,250,False,,0,0.0,-10.999997491959824,1.000002508040177,9.334322375879927e-29,9994,0.999955477814756,1.0,8,True,0.0005285140518768,1.0005286537400364,6.350663946828206e-07,0.0045263109468391,208964815050.4876,50,2.8626185786000884e-15,0.0005981865618372,12.797741104544023,0.6709779491707444,1.5299818935317329,9.489234566132552,1.1050695548161795,0.00359342610764,0.2760323609885769,-1.3458208759453766e-08,0.326972848111754,999,1000,True
ct_w5_i1,5,adam,275,False,,0,0.0,-10.99999779568922,1.00000220431078,5.448840016198867e-29,9994,0.9999587338414448,1.0,8,True,0.000492522291323,1.0004926436003418,5.575517887388381e-07,0.0039738408234603,243886720760.6352,50,2.286944274756908e-15,0.0005577553397327,12.874003114872004,0.6688606105787905,1.5342423056414358,9.570377393316612,1.111424159579551,0.0033252550433671,0.2766584123050183,-1.0923711894140446e-08,0.3186912027731066,999,1000,True
ct_w5_i1,5,adam,300,False,,0,0.0,-10.999998044109558,1.0000019558904416,3.3039660597570657e-29,9994,0.9999615341128552,1.0,8,True,0.0004614050420092,1.0004615115056892,4.942757221590225e-07,0.0035228530917347,281567079317.5546,50,1.8564389942028084e-15,0.0005227121055289,12.94492194482904,0.6669139490128069,1.5382040847112382,9.645711081185915,1.1172876856021463,0.003094856517128,0.2771888487282112,-9.006309373767318e-09,0.311290428392282,999,1000,True
ct_w5_i1,5,adam,325,False,,0,0.0,-10.99999825027836,1.000001749721639,2.070488604274637e-29,9994,0.9999639686600584,1.0,8,True,0.0004342190514709,1.00043431333821,4.418455852340692e-07,0.0031491675925575,322030593556.8004,50,1.5279060785588337e-15,0.0004920325013773,13.011213154895708,0.665113324749577,1.5419069405032724,9.716025002397226,1.1227296280043508,0.0028949010771874,0.2776452217571244,-7.526189978215221e-09,0.3046048487061316,999,1000,True
ct_w5_i1,5,adam,350,False,,0,0.0,-10.99999842355499,1.00000157644501,1.3354144738783237e-29,9994,0.999966105331584,1.0,8,True,0.0004102500089841,1.0004103341730282,3.978389223875179e-07,0.0028355187497847,365292228205.8236,50,1.2727787038998457e-15,0.0004649361687604,13.073459831811125,0.663438940616198,1.5453833144752354,9.781960433943562,1.1278060139626065,0.0027198126337943,0.2780429289112002,-6.363476712496912e-09,0.2985113229499563,999,1000,True
ct_w5_i1,5,adam,375,False,,0,0.0,-10.999998570801337,1.0000014291986634,8.834439112031216e-30,9994,0.9999679961925648,1.0,8,True,0.000388947274346,1.0003890229241448,3.604852831735979e-07,0.0025692880257315,411364297926.172,50,1.0716014461003285e-15,0.0004408185765317,13.132142856859238,0.6618746740648873,1.5486600142994116,9.84404485241858,1.1325626147364083,0.0025652814002499,0.2783933015697943,-5.436030491873091e-09,0.2929160064882212,999,1000,True
ct_w5_i1,5,adam,400,False,,0,0.0,-10.999998697148518,1.0000013028514818,5.977522156485619e-30,9994,0.9999696818436724,1.0,8,True,0.0003698796201177,1.0003699480340191,3.28464292489847e-07,0.0023410647062896,460291532638.6939,50,9.107365425324702e-16,0.0004192043189923,13.187663160373988,0.6604072356212223,1.551759424906533,9.902717014977164,1.1370372689007535,0.002427928919405,0.2787048567665919,-4.686207144170179e-09,0.2877456228177236,999,1000,True
ct_w5_i1,5,adam,425,False,,0,0.0,-10.99999880650081,1.0000011934991893,4.1266499520778175e-30,9994,0.9999711944031636,1.0,8,True,0.0003527045400702,1.00035276674763,3.0077351666211365e-07,0.0021437041424101,512068810297.2336,50,7.805873811650081e-16,0.0003997144516061,13.24035832775164,0.6590255516960268,1.5547004174216923,9.958345591885728,1.1412615920325373,0.0023050719342857,0.2789841511052271,-4.072687807344781e-09,0.2829418769552334,999,1000,True
ct_w5_i1,5,adam,450,False,,0,0.0,-10.999998901875228,1.0000010981247716,2.900815161307416e-30,9994,0.9999725596069958,1.0,8,True,0.0003371465466681,1.0003372033869529,2.76639821245669e-07,0.0019716959702477,566745384360.0874,50,6.741003061831096e-16,0.0003820432371249,13.290515149266882,0.6577203049135698,1.5574990390325587,10.011243197045571,1.145262253940852,0.0021945537014121,0.27923627300169,-3.5652942005274942e-09,0.2784577516053746,999,1000,True
ct_w5_i1,5,adam,475,False,,0,0.0,-10.99999898563554,1.0000010143644609,2.0726574515968637e-30,9994,0.9999737983171808,1.0,8,True,0.0003229815226814,1.0003230336868294,2.5545849658203296e-07,0.0018207302405283,624348545073.2201,50,5.861169708497724e-16,0.0003659412779927,13.338379244267298,0.6564835862311298,1.560169043757595,10.061677113844729,1.1490619480956563,0.0020946223719321,0.2794653047055712,-3.141612830075165e-09,0.274254549989873,999,1000,True
ct_w5_i1,5,adam,500,False,,0,0.0,-10.99999905965686,1.0000009403431402,1.5030153115487464e-30,9994,0.9999749276228496,1.0,8,True,0.0003100252565793,1.000310073319376,2.367505145568474e-07,0.0016873927744888,684860273268.9454,50,5.128098495854955e-16,0.0003512030937221,13.384162533000836,0.6553086282286587,1.5627223059836484,10.10987759731984,1.1526801368340571,0.0020038403527393,0.2796745072847725,-2.784742332562972e-09,0.270300334236829,999,1000,True
ct_w5_i1,5,adam,525,False,,0,0.0,-10.999999125443386,1.0000008745566138,1.1047328737980264e-30,9994,0.9999759616553232,1.0,8,True,0.0002981249268821,1.0002981693705346,2.201321157244162e-07,0.0015689484020831,748390658264.7346,50,4.5117861073840055e-16,0.0003376578574854,13.428049087930704,0.6541895984032187,1.565169145135811,10.156044359985527,1.1561336302438985,0.0019210178493799,0.2798665426933834,-2.4817644700220284e-09,0.2665681713506684,999,1000,True
ct_w5_i1,5,adam,550,False,,0,0.0,-10.9999991842142,1.0000008157857998,8.220734379445487e-31,9994,0.9999769122023212,1.0,8,True,0.0002871526627755,1.000287193895048,2.052926164750034e-07,0.0014631827869275,814912161775.5007,50,3.9901522866315356e-16,0.0003251623625712,13.470199789830538,0.6531214362212528,1.5675185839693178,10.200351723281,1.159437043740116,0.0018451615508076,0.2800436058689365,-2.222680820364485e-09,0.2630353127180847,999,1000,True
ct_w5_i1,5,adam,575,False,,0,0.0,-10.999999236966405,1.0000007630335954,6.187073322438061e-31,9994,0.999977789174358,1.0,8,True,0.0002770006399345,1.0002770390081543,1.91978185675313e-07,0.0013682867974937,884465998736.4017,50,3.54559301322239e-16,0.0003135956465552,13.510756045343893,0.6520997244519748,1.5697785559681974,10.24295271888444,1.162603159998303,0.0017754361468678,0.2802075369802694,-1.999666479312155e-09,0.2596823124648972,999,1000,True
ct_w5_i1,5,adam,600,False,,0,0.0,-10.999999284522586,1.0000007154774142,4.7053735900338725e-31,9994,0.9999786009647614,1.0,8,True,0.0002675772828561,1.0002676130848505,1.7997958546146924e-07,0.0012827691320191,957119757869.5492,50,3.1642311772961463e-16,0.0003028548178256,13.54984279803276,0.651120585561703,1.5719560727482766,10.28398240809072,1.1656432211393732,0.0017111342231479,0.2803598623622173,-1.806532556272459e-09,0.256492345235281,999,1000,True
ct_w5_i1,5,adam,625,False,,0,0.0,-10.999999327566693,1.000000672433309,3.6132124909704277e-31,9994,0.9999793547299698,1.0,8,True,0.0002588042996636,1.0002588377923858,1.691229933519675e-07,0.0012053909049203,214074417974.58945,49,1.3679905820285324e-15,0.0002928517876424,13.587570980643436,0.6501805980734512,1.5740573607457276,10.323560579766689,1.1685671650489466,0.0016516526830568,0.280501822009114,-1.638337672303566e-09,0.253450770346374,999,1000,True
ct_w5_i1,5,adam,650,False,,0,0.0,-10.999999366671426,1.0000006333285736,2.799477826333568e-31,9994,0.999980056609156,1.0,8,True,0.0002506143530589,1.0002506457594595,1.592629610311092e-07,0.0011351154619056,230492365763.82336,49,1.2300220642107216e-15,0.0002835106955216,13.62403952190528,0.6492767287326259,1.576087973594236,10.361793953192803,1.1713838173028768,0.001596474248736,0.2806345493183133,-1.4911019393097812e-09,0.2505449758976646,999,1000,True
ct_w5_i1,5,adam,675,False,,0,0.0,-10.999999402319611,1.000000597680387,2.187108626948393e-31,9994,0.9999807118992314,1.0,8,True,0.0002429491989723,1.0002429787135192,1.5027696093360056e-07,0.0010710695118282,247614185515.3348,49,1.1096531029540415e-15,0.0002747658492925,13.659337015968692,0.6484062765011129,1.5780528855662046,10.39877800811384,1.174101049988127,0.0015451528567279,0.2807589851160599,-1.3615937019650263e-09,0.2477637835659624,999,1000,True
ct_w5_i1,5,adam,700,False,,0,0.0,-10.999999434920808,1.0000005650791923,1.7219750647648124e-31,9994,0.9999813251951806,1.0,8,True,0.0002357581899415,1.0002357859830877,1.4206111062476662e-07,0.0010125126530465,265446159677.3228,49,1.0041963452435457e-15,0.0002665600634069,13.693543115068127,0.6475668260431349,1.5799565692740667,10.434598510688993,1.1767259138883,0.0014973020909119,0.2808759590363991,-1.2471689548307038e-09,0.2450972127268443,999,1000,True
ct_w5_i1,5,adam,725,False,,0,0.0,-10.999999464824407,1.000000535175591,1.3656018462275147e-31,9994,0.9999819005027242,1.0,8,True,0.0002289970711399,1.000229023292971,1.3452683961693988e-07,0.0009588136168123,283994266489.48413,49,9.114385437826789e-16,0.0002588433206918,13.726729685065653,0.646756209311684,1.5818030602767563,10.46933277814703,1.1792647477419318,0.0014525851032766,0.280986161516455,-1.1456491681129395e-09,0.2425365910114213,999,1000,True
ct_w5_i1,5,adam,750,False,,0,0.0,-10.99999949233012,1.0000005076698797,1.090336954802478e-31,9994,0.9999824413296968,1.0,8,True,0.0002226270017152,1.0002226517849453,1.2759821624379693e-07,0.0009094312150935,303269838609.5382,49,8.295308413183163e-16,0.0002515716843682,13.758961787108284,0.6459724733429977,1.5835960124101212,10.503050749553056,1.1817232699909053,0.001410707021723,0.2810902461115502,-1.055227681620547e-09,0.2400742757495824,999,1000,True
ct_w5_i1,5,adam,775,False,,0,0.0,-10.999999517696269,1.000000482303733,8.761005637311872e-32,9994,0.9999829507616652,1.0,8,True,0.0002166137424919,1.0002166372049428,1.2120981949129376e-07,0.0008638991724666,323281871681.0066,49,7.569443614820247e-16,0.0002447063899382,13.790298509921112,0.6452138528557368,1.5853387441028322,10.535815895591371,1.1841066570328582,0.0013714091759544,0.281188694803974,-9.743971695155067e-10,0.2377030399245805,999,1000,True
ct_w5_i1,5,adam,800,False,,0,0.0,-10.999999541146607,1.0000004588533926,7.081696033025007e-32,9994,0.9999834315240758,1.0,8,True,0.0002109269869104,1.0002109492335711,1.1530500254576297e-07,0.0008218137498975,344030879319.07635,49,6.924177801370297e-16,0.0002382130977567,13.82079368041656,0.6444787471074859,1.5870342782089448,10.567685993159593,1.1864196093944397,0.0013344629137754,0.2812820396383227,-9.018924950848147e-10,0.2354166873244309,999,1000,True
ct_w5_i1,5,adam,825,False,,0,0.0,-10.999999562875756,1.0000004371242426,5.756502272744914e-32,9994,0.9999838860328464,1.0,8,True,0.0002055398160583,1.0002055609408136,1.0983452805987869e-07,0.0007828240178676,365535587147.0686,49,6.348527833281173e-16,0.0002320612849057,13.850496461369426,0.6437657005855806,1.588685375885325,10.598713775006956,1.1886664069043646,0.0012996659085809,0.2813706762814262,-8.366465160669893e-10,0.2332096008768561,999,1000,True
ct_w5_i1,5,adam,850,False,,0,0.0,-10.999999583053771,1.0000004169462289,4.7041261162549694e-32,9994,0.9999843164375652,1.0,8,True,0.0002004282314159,1.000200448318496,1.0475536863281925e-07,0.0007466233070318,387808426907.0013,49,5.833388519657484e-16,0.0002262237225345,13.879451880447547,0.6430733858035073,1.590294565790774,10.628947507311036,1.1908509581109683,0.0012668382087199,0.281454986739807,-7.777538426272469e-10,0.2310767376888479,999,1000,True
ct_w5_i1,5,adam,875,False,,0,0.0,-10.999999601829694,1.0000003981703056,3.8634058127526406e-32,9994,0.9999847246573604,1.0,8,True,0.0001955707665048,1.000195589891714,1.0002985774249337e-07,0.0007129431566548,410840583338.9335,49,5.371330094877301e-16,0.0002206760389485,13.907701281960598,0.642400588951109,1.5918641697961116,10.658431479031403,1.1929768414387862,0.0012358197954454,0.2815353003119507,-7.244439421073306e-10,0.2290132659813878,999,1000,True
ct_w5_i1,5,adam,900,False,,0,0.0,-10.99999961933478,1.0000003806652202,3.1879773892993217e-32,9994,0.9999851124112202,1.0,8,True,0.0001909481578395,1.0001909663895996,9.56248116320478e-08,0.0006815470560298,434665637549.23816,49,4.955449243189854e-16,0.0002153963504634,13.935282714617086,0.6417461973284219,1.593396324387072,10.687206424943025,1.1950473413254254,0.0012064670374907,0.2816118456277489,-6.760565895996143e-10,0.2270149222549835,999,1000,True
ct_w5_i1,5,adam,925,False,,0,0.0,-10.999999635684928,1.0000003643150723,2.642440689233753e-32,9994,0.9999854812433852,1.0,8,True,0.0001865430690427,1.000186560469283,9.151093498457993e-08,0.0006522262085416,459283568337.2399,49,4.580284746936937e-16,0.0002103649522573,13.962231275831416,0.6411091885340147,1.594893000271972,10.715309897844026,1.1970654793293072,0.0011786513084467,0.2816850079135676,-6.320244941217538e-10,0.2250780057398572,999,1000,True
ct_w5_i1,5,adam,950,False,,0,0.0,-10.999999650982842,1.0000003490171585,2.199582275318524e-32,9994,0.9999858325448648,1.0,8,True,0.0001823398567502,1.0001823564816723,8.766229428059777e-08,0.0006247957781256,484695775598.0532,49,4.241094416302039e-16,0.0002055640547494,13.98857940311404,0.6404886212963858,1.5963560190315271,10.742776583501753,1.1990340404710127,0.001152256797903,0.2817549640609161,-5.918583112160636e-10,0.2231988800733356,999,1000,True
ct_w5_i1,5,adam,975,False,,0,0.0,-10.999999665319812,1.0000003346801876,1.8383464345802258e-32,9994,0.9999861675724206,1.0,8,True,0.0001783243631794,1.0001783402639135,8.40558332313387e-08,0.0005990914356139,510946425209.3245,49,3.9334368581926733e-16,0.000200977550148,14.014357141738913,0.6398836268109805,1.5977870674777974,10.769638593598698,1.2009555983437947,0.0011271791546568,0.2818219469406316,-5.551340877155786e-10,0.2213742440573216,999,1000,True
ct_w5_i1,5,adam,999,False,,0,0.0,-10.999999678254907,1.000000321745091,1.5531003629601122e-32,9994,0.9999864749460078,1.0,8,True,0.0001746341608701,1.000174649410303,8.080235871612121e-08,0.0005759029352668,536919515792.2293,49,3.6646576785096233e-16,0.0001967626226289,14.038593050315477,0.6393167366585717,1.599132250488909,10.79488491202772,1.202758286359435,0.0,,0.0,,999,1000,True
ct_w5_i1,5,armijo_gd,0,False,1.0,1,0.0,-10.999357436549008,1.0006425634509934,1.8660347712070622e-16,9994,0.9952163047717868,1.0,8,True,0.0359094566276045,1.036561988423746,0.0001403055163778,1.0,489673913.09180486,51,1.1393713379643412e-10,0.0557920421525644,9.362845254631363,0.7966242233897934,1.3289421520446212,5.659604499655599,0.7587954700079441,0.0010019818033419,0.2076812042546099,-1.003967534228299e-06,0.5386225764807543,999,1000,False
ct_w5_i1,5,armijo_gd,25,False,1.0,1,0.0,-10.999381565543686,1.0006184344563138,1.6188415558587952e-16,9994,0.9952990055080744,1.0,8,True,0.0353329011814251,1.0359645252159015,0.0001347784177276,0.96060669036499,514196881.8576659,51,1.0686504485708588e-10,0.0549496728450931,9.38017384183622,0.7956978343717251,1.3298534562718052,5.6815129609628965,0.7612107949324444,0.0009625104239142,0.2087070418094072,-9.26426316143518e-07,0.5319508649268136,999,1000,False
ct_w5_i1,5,armijo_gd,50,False,1.0,1,0.0,-10.999403869079302,1.000596130920698,1.4115010467226351e-16,9994,0.9953774464196886,1.0,8,True,0.0347860573115063,1.0353981692340957,0.0001296946814055,0.9243733586094076,538985953.6397858,51,1.0045654868180112e-10,0.0541446686906221,9.396907982484649,0.7948066174247581,1.3307337499171488,5.702633756999842,0.7635351450092261,0.0009262052848206,0.2096508121838834,-8.578562296297365e-07,0.5256136493394319,999,1000,False
ct_w5_i1,5,armijo_gd,75,False,1.0,1,0.0,-10.999424554005737,1.000575445994265,1.2364954833125654e-16,9994,0.9954519985724288,1.0,8,True,0.0342663060267093,1.0348601595330882,0.0001250007432118,0.8909182364238151,564034310.8152016,51,9.462957990089896e-11,0.0533743298821356,9.413089389939026,0.793947974111642,1.3315851735813329,5.723023765124638,0.7657752425743751,0.0008926838611621,0.2105224308068644,-7.968844759793203e-07,0.5195881472817222,999,1000,False
ct_w5_i1,5,armijo_gd,100,False,1.0,1,0.0,-10.999443796164998,1.0005562038350018,1.0879218169269446e-16,9994,0.9955229869738548,1.0,8,True,0.0337713573354103,1.0343480835875631,0.0001206516055212,0.8599206120758838,589335433.9765567,51,8.931454129694513e-11,0.0526362239556522,9.42875536415488,0.7931195897747979,1.3324096451551544,5.742733726044696,0.7679370745955768,0.0008616248056186,0.211330256586069,-7.423973056574108e-07,0.5138528784573464,999,1000,False
ct_w5_i1,5,armijo_gd,125,False,1.0,1,0.0,-10.9994617461259,1.000538253874101,9.61104619952323e-17,9994,0.9955906980205376,1.0,8,True,0.0332991966248914,1.0338598203399243,0.0001166091518592,0.8311088178834986,614883144.9030018,51,8.445206683449327e-11,0.0519281524487517,9.443939412610789,0.7923193927966721,1.3332088907013933,5.761809118873897,0.7700259984327151,0.0008327559121162,0.2120813866431334,-6.934824091645973e-07,0.5083877751576001,999,1000,False
ct_w5_i1,5,armijo_gd,150,False,1.0,1,0.0,-10.99947853366785,1.0005214663321509,8.523110024713741e-17,9994,0.9956553854662517,1.0,8,True,0.0328480417207361,1.0333934946122485,0.0001128408506821,0.8042509916595894,640671671.6331152,51,7.999124170671547e-11,0.0512481225402499,9.458671762928754,0.7915455210555504,1.3339844700098051,5.780290882184435,0.7720468288891549,0.0008058448589625,0.2127818871758931,-6.493859367164395e-07,0.5031742056011915,999,1000,False
ct_w5_i1,5,armijo_gd,175,False,1.0,1,0.0,-10.99949427132592,1.0005057286740815,7.585383386405391e-17,9994,0.9957172752569088,1.0,8,True,0.0324163081333465,1.0329474402268926,0.0001093187460152,0.7791478826884584,666695459.9203699,51,7.588820660991093e-11,0.0505943228083266,9.472979789566688,0.7907962940793071,1.3347377979176631,5.798216013055311,0.7740039104525616,0.0007806920005662,0.213436974980144,-6.094799997480706e-07,0.4981949422044852,999,1000,False
ct_w5_i1,5,armijo_gd,200,False,1.0,1,0.0,-10.999509057221609,1.0004909427783917,6.773545951736028e-17,9994,0.9957765694858842,1.0,8,True,0.0320025806595153,1.032520169884681,0.0001060186630481,0.7556271897585688,692949230.0900651,51,7.210499736934607e-11,0.0499651024127345,9.486888371674697,0.7900701897550336,1.335470162231379,5.815618068528225,0.775901177697695,0.0007571246942484,0.2140511620765887,-5.732378026408356e-07,0.4934340981086114,999,1000,False
ct_w5_i1,5,armijo_gd,225,False,1.0,1,0.0,-10.9995229773444,1.0004770226556,6.067770903902462e-17,9994,0.9958334496583736,1.0,8,True,0.0316055899749522,1.0321103503482651,0.0001029195761331,0.7335390566966188,719427917.815989,51,6.860861515084483e-11,0.0493589531422108,9.500420195278137,0.7893658247155905,1.33618273889338,5.832527588256685,0.7777422061381397,0.0007349927868505,0.2146283715439721,-5.4021439672241e-07,0.4888770481606766,999,1000,False
ct_w5_i1,5,armijo_gd,250,False,1.0,1,0.0,-10.999536107406158,1.0004638925938425,5.45179623277229e-17,9994,0.9958880794073072,1.0,8,True,0.0312241931863038,1.0317167818327664,0.0001000031015365,0.712752457054452,746126762.4015359,51,6.537025117785779e-11,0.0487744938687102,9.51359601006401,0.7886819377177047,1.3368766048976264,5.8489724529992255,0.7795302553097073,0.0007141649922557,0.2151720312004432,-5.100316361637191e-07,0.4845103397050828,999,1000,False
ct_w5_i1,5,armijo_gd,275,False,1.0,1,0.0,-10.999548514359867,1.0004514856401323,4.9122074891923584e-17,9994,0.9959406067696076,1.0,8,True,0.0308573575548959,1.0313383807654093,9.725308685229154e-05,0.6931522677298646,773041290.4219233,51,6.236465973008711e-11,0.0482104570344706,9.526434848869725,0.7880173754727424,1.3375527493518815,5.864978190483582,0.7812683054867466,0.0006945259592105,0.2156851502031828,-4.823663080172673e-07,0.4803216025549713,999,1000,False
ct_w5_i1,5,armijo_gd,300,False,1.0,1,0.0,-10.99956025765298,1.0004397423470213,4.4378795891358226e-17,9994,0.9959911661068658,1.0,8,True,0.0305041467834995,1.0309741652665736,9.46552755952168e-05,0.6746368784269996,800167066.1135433,51,5.956965599095843e-11,0.0476656768636782,9.53895421631072,0.7873710805025657,1.3382120830036417,5.880568237791166,0.7829590891428965,0.0006759738760472,0.2161703811348752,-4.569406810983288e-07,0.4762994618683905,999,1000,False
ct_w5_i1,5,armijo_gd,325,False,1.0,1,0.0,-10.999571390268036,1.000428609731964,4.0195392594726457e-17,9994,0.9960398797360556,1.0,8,True,0.0301637093908394,1.0306232428467963,9.2197031745551e-05,0.6571162283974865,827499987.0185772,51,5.696565532535196e-11,0.0471390790422334,9.551170251698354,0.7867420806785801,1.3388554464835454,5.895764167578279,0.7846051180448117,0.0006584185035349,0.216630072419786,-4.33514925797197e-07,0.4724334530932501,999,1000,False
ct_w5_i1,5,armijo_gd,350,False,1.0,1,0.0,-10.99958195959256,1.000418040407439,3.64941972038732e-17,9994,0.9960868593219796,1.0,8,True,0.0298352687997771,1.0302847999219928,8.986711144095775e-05,0.6405101792217773,855036021.0702544,51,5.4535330097801136e-11,0.0466296716545767,9.563097870407164,0.7861294801681594,1.3394836174711506,5.910585884036169,0.7862087066954236,0.0006417795444354,0.2170663101688081,-4.1188098365581756e-07,0.468713943171061,999,1000,False
ct_w5_i1,5,armijo_gd,375,False,1.0,1,0.0,-10.999592008150014,1.0004079918499862,3.32098641515722e-17,9994,0.9961322070725736,1.0,8,True,0.0295181148415591,1.0299580928305678,8.765547304230272e-05,0.6247471610899774,882771438.3153259,51,5.2263287184790604e-11,0.0461365371992045,9.574750887077991,0.7855324515647846,1.3400973169509998,5.925051793383234,0.7877719927076718,0.0006259852871016,0.2174809551175094,-3.918575796677628e-07,0.4651320577861182,999,1000,False
ct_w5_i1,5,armijo_gd,400,False,1.0,1,0.0,-10.99960157421777,1.0003984257822296,3.0287178514860456e-17,9994,0.9961760167700596,1.0,8,True,0.029211596437706,1.029642440099075,8.55531176186686e-05,0.609763035890132,910702452.6004714,51,5.013583240425932e-11,0.0456588255337251,9.586142123441387,0.7849502290185686,1.340697214697436,5.939178952822289,0.7892969545847512,0.0006109714663124,0.2178756717200249,-3.732861326479609e-07,0.4616796140964067,999,1000,False
ct_w5_i1,5,armijo_gd,425,False,1.0,1,0.0,-10.99961069235172,1.0003893076482804,2.767929477924495e-17,9994,0.9962183746645716,1.0,8,True,0.0289151152671608,1.029337215752063,8.355195487888182e-05,0.5955001416615255,938825805.0641538,51,4.814071724456785e-11,0.0451957476234972,9.597283503031326,0.7843821022167553,1.341283934099676,5.952983201179832,0.7907854272973485,0.0005966803058323,0.2182519540632419,-3.560273873682178e-07,0.458349058607005,999,1000,False
ct_w5_i1,5,armijo_gd,450,False,1.0,1,0.0,-10.9996193938342,1.0003806061658,2.5346313769636042e-17,9994,0.9962593602518518,1.0,8,True,0.0286281202629193,1.02904184350067,8.164468927787548e-05,0.5819064808401615,967137845.67641,51,4.626700339397068e-11,0.0447465699883479,9.60818613468638,0.7838274110902882,1.341858056422816,5.966479273893013,0.7922391159794077,0.0005830597050485,0.2186111474574235,-3.399586196513226e-07,0.455133411952763,999,1000,False
ct_w5_i1,5,armijo_gd,475,False,1.0,1,0.0,-10.999627707057869,1.0003722929421333,2.325412689228669e-17,9994,0.9962990469528682,1.0,8,True,0.0283501028093857,1.0287557916733032,7.982472317008207e-05,0.5689350300035985,995635519.3583192,51,4.4504850312862826e-11,0.0443106097552114,9.618860386424258,0.7832855411421874,1.342420124583269,5.9796809045807615,0.7936596080129918,0.0005700625473473,0.2189544661541841,-3.249713078881921e-07,0.4520262176023357,999,1000,False
ct_w5_i1,5,armijo_gd,500,False,1.0,1,0.0,-10.99963565785611,1.0003643421438897,2.1373472882888752e-17,9994,0.9963375027098648,1.0,8,True,0.0280805925359581,1.0284785687774864,7.808607415424019e-05,0.5565431507623001,1024315741.4255782,51,4.2845412275341065e-11,0.0438872302415005,9.629315950997125,0.7827559193115841,1.342970646503297,5.992600915044227,0.7950483837256972,0.0005576461098383,0.219283009655152,-3.109691838178963e-07,0.4490214956018983,999,1000,False
ct_w5_i1,5,armijo_gd,525,False,1.0,1,0.0,-10.999643269788749,1.0003567302112533,1.967916439560742e-17,9994,0.9963747905110673,1.0,8,True,0.0278191536190358,1.0282097195997375,7.642330365982368e-05,0.5446920807734409,1053175332.0018516,51,4.128072095886655e-11,0.04347583700113,9.63956190425749,0.7822380103004398,1.3435100981022143,6.005251295273142,0.7964068258898881,0.0005457715533594,0.2195977758014822,-2.978665884563627e-07,0.4461137014857009,999,1000,False
ct_w5_i1,5,armijo_gd,550,False,1.0,1,0.0,-10.999650564389771,1.0003494356102287,1.81494510373038e-17,9994,0.9964109688539778,1.0,8,True,0.02756538152091,1.0279488217675767,7.483145573329908e-05,0.5333464974519835,1082211689.4692204,51,3.980355664073402e-11,0.0430758742790525,9.649606757251512,0.7817313133024848,1.3440389259695915,6.01764327475192,0.7977362281805088,0.000534403485323,0.2198996723567378,-2.855870851253998e-07,0.4432976881490364,999,1000,False
ct_w5_i1,5,armijo_gd,575,False,1.0,1,0.0,-10.999657561382977,1.0003424386170234,1.6765492545060392e-17,9994,0.9964460921558862,1.0,8,True,0.0273189001037664,1.027695482708204,7.330600394803014e-05,0.5224741395814547,1111421743.1950114,51,3.840740212641725e-11,0.0426868218229344,9.659458502862428,0.7812353590809732,1.3445575497614657,6.029787386216345,0.7990378027299507,0.0005235095805773,0.2201895272346339,-2.740622809562592e-07,0.4405686715617147,999,1000,False
ct_w5_i1,5,armijo_gd,600,False,1.0,1,0.0,-10.999664278870574,1.000335721129426,1.5510921298708896e-17,9994,0.9964802111185936,1.0,8,True,0.0270793590686415,1.0274493369506648,7.184280503913816e-05,0.5120454768555225,1140803060.9027772,51,3.7086324065409135e-11,0.042308192011451,9.669124657672254,0.7807497073522063,1.3450663643540255,6.041693522790943,0.8003126868915151,0.0005130602502927,0.2204680971603447,-2.632308204304725e-07,0.4379222004134812,999,1000,False
ct_w5_i1,5,armijo_gd,625,False,1.0,1,0.0,-10.999670733498162,1.0003292665018382,1.4371477608994137e-17,9994,0.9965133730533368,1.0,8,True,0.0268464316763446,1.027210043725947,7.04380588039631e-05,0.5020334240764117,1170352990.02466,51,3.583493836528474e-11,0.0419395272631604,9.678612299618662,0.7802739444366339,1.3455657417826248,6.053370989322423,0.8015619493104442,0.0005030283555939,0.2207360750839646,-2.530375265315988e-07,0.4353541277815706,999,1000,False
ct_w5_i1,5,armijo_gd,650,False,1.0,1,0.0,-10.999676940599976,1.0003230594000223,1.3334704545472145e-17,9994,0.9965456221711968,1.0,8,True,0.0266198127128782,1.0269772848253622,6.90882727315715e-05,0.4924130890586716,1200068974.1842067,51,3.4648339875429556e-11,0.0415803976914925,9.687928101962733,0.7798076811450331,1.3460560329932725,6.064828548618274,0.8027865953867253,0.0004933889549641,0.220994096957779,-2.434326608806323e-07,0.4328605859625192,999,1000,False
ct_w5_i1,5,armijo_gd,675,False,1.0,1,0.0,-10.999682914326884,1.0003170856731156,1.2389691675537977e-17,9994,0.9965769998431172,1.0,8,True,0.0263992166695151,1.0267507626855683,6.779023115776731e-05,0.4831615527875756,1229948568.323128,51,3.3522051281888056e-11,0.0412303989814126,9.697078363991311,0.7793505508717888,1.3465375694271404,6.076074463188197,0.8039875722021396,0.0004841190839675,0.2212427477319019,-2.3437128746159985e-07,0.430437964235474,999,1000,False
ct_w5_i1,5,armijo_gd,700,False,1.0,1,0.0,-10.99968866775948,1.0003113322405195,1.1526859140010315e-17,9994,0.996607544833398,1.0,8,True,0.0261843761102712,1.0265301986714053,6.654096794569113e-05,0.4742576747054611,1259989532.7299533,51,3.2451976306049335e-11,0.0408891504620226,9.70606903882957,0.7789022078714167,1.3470106644576303,6.0871165330067765,0.8051657729733407,0.0004751975601501,0.2214825658597034,-2.2581272117262413e-07,0.4280828867882369,999,1000,False
ct_w5_i1,5,armijo_gd,725,False,1.0,1,0.0,-10.999694213008327,1.000305786991671,1.0737775119731918e-17,9994,0.9966372935098008,1.0,8,True,0.0259750402042907,1.0263153315327382,6.533774255990349e-05,0.4656819221844583,1290189498.2473896,51,3.143436945434497e-11,0.0405562933540244,9.714905758676853,0.7784623256976873,1.347475614695264,6.097962129738405,0.8063220410844028,0.0004666048121741,0.2217140487338063,-2.177200507440354e-07,0.4257921947931547,999,1000,False
ct_w5_i1,5,armijo_gd,750,False,1.0,1,0.0,-10.999699561303236,1.0003004386967635,1.0015001041222129e-17,9994,0.9966662800330736,1.0,8,True,0.0257709734032469,1.0261059160142745,6.4178018595752e-05,0.4574162174987737,1320546412.229579,51,3.0465789616386886e-11,0.0402314891736608,9.723593857772943,0.7780305957864837,1.3479327011768694,6.108618227840696,0.8074571737477051,0.0004583227264872,0.2219376557302585,-2.1005972161471114e-07,0.4235629301987665,999,1000,False
ct_w5_i1,5,armijo_gd,775,False,1.0,1,0.0,-10.999704723072474,1.0002952769275255,9.351959909275796e-18,9994,0.9966945365281782,1.0,8,True,0.0255719542474449,1.0259017216010795,6.305944508872526e-05,0.4494438046107826,1351058344.6525726,51,2.954307520142093e-11,0.0399144182775782,9.732138393309045,0.7776067261674573,1.3483821904486026,6.119091432857684,0.8085719253318081,0.0004503345138447,0.222153812411381,-2.0280117435979573e-07,0.4213923178061324,999,1000,False
ct_w5_i1,5,armijo_gd,800,False,1.0,1,0.0,-10.999709708013752,1.0002902919862482,8.742823982648767e-18,9994,0.9967220932394152,1.0,8,True,0.0253777742851685,1.0257025313834802,6.197983953060204e-05,0.441749128121969,1381722796.5220106,51,2.8663331481719717e-11,0.0396047785325591,9.74054416452677,0.7771904402901373,1.3488243355566676,6.129388007225121,0.8096670103934291,0.0004426245880203,0.2223629133453782,-1.959165259201982e-07,0.4192777533134439,999,1000,False
ct_w5_i1,5,armijo_gd,825,False,1.0,1,0.0,-10.999714525157628,1.0002854748423733,8.182418682192606e-18,9994,0.9967489786711236,1.0,8,True,0.025188237093261,1.0255081410286324,6.093717293551317e-05,0.4343177268342165,1412538017.5462017,51,2.7823877029175613e-11,0.039302284099241,9.748815730176084,0.7767814759526144,1.3492593769531689,6.139513893835816,0.8107431064442879,0.0004351784591567,0.2225653247769025,-1.8938029131400458e-07,0.4172167897593195,999,1000,False
ct_w5_i1,5,armijo_gd,850,False,1.0,1,0.0,-10.99971918292436,1.000280817075641,7.666140161695251e-18,9994,0.9967752197156208,1.0,8,True,0.0250031573872928,1.0253183578464724,5.9929556514038216e-05,0.4271361387720504,1443501965.239099,51,2.7022245384160507e-11,0.0390066643172088,9.756957424513793,0.7763795843219606,1.3496875433273066,6.149474737607148,0.8118008564808519,0.0004279826385993,0.2227613877697612,-1.8316913894243436e-07,0.4152071253972483,999,1000,False
ct_w5_i1,5,armijo_gd,875,False,1.0,1,0.0,-10.999723689175129,1.0002763108248711,7.189884414431647e-18,9994,0.9968008417696812,1.0,8,True,0.0248223602119802,1.0251329999401753,5.895522943133462e-05,0.4201918139311088,1474613072.474566,51,2.6256150447277274e-11,0.0387176626824139,9.764973371972888,0.7759845290374616,1.3501090523678387,6.15927590523786,0.812840871300052,0.0004210245514721,0.2229514195626329,-1.7726167294236652e-07,0.4132465930408698,999,1000,False
ct_w5_i1,5,armijo_gd,900,False,1.0,1,0.0,-10.999728051257888,1.000271948742112,6.74998614611619e-18,9994,0.9968258688407516,1.0,8,True,0.0246456802034763,1.0249518954322725,5.801254831721613e-05,0.4134730395132873,1505869001.5232687,51,2.5523492328362688e-11,0.0384350359078983,9.772867500641665,0.7755960853881214,1.3505241114641937,6.168922503342409,0.8138637316230822,0.0004142924617647,0.2231357162216203,-1.716382438751241e-07,0.4113331510793087,999,1000,False
ct_w5_i1,5,armijo_gd,925,False,1.0,1,0.0,-10.99973227604909,1.0002677239509108,6.3431659398654775e-18,9994,0.996850323644062,1.0,8,True,0.0244729609153871,1.0247748817578457,5.709997725528344e-05,0.406968868576235,1537268445.2301795,51,2.4822309452618536e-11,0.0381585530592492,9.78064355467428,0.775214039556942,1.3509329183526877,6.178419395127762,0.8148699900466677,0.00040777540084,0.2233145539855741,-1.6628077753024817e-07,0.4094648739881882,999,1000,False
ct_w5_i1,5,armijo_gd,950,False,1.0,1,0.0,-10.999736369991007,1.0002636300089929,5.966484481298004e-18,9994,0.9968742276914236,1.0,8,True,0.0243040542028287,1.0246018050187784,5.621607929828011e-05,0.4006690595607208,1568809512.42723,51,2.4150793616774726e-11,0.037887994758663,9.78830510571673,0.774838187926118,1.3513356617116234,6.187771215734475,0.8158601728369396,0.0004014631068419,0.2234881915308583,-1.611726261551964e-07,0.407639943643327,999,1000,False
ct_w5_i1,5,armijo_gd,975,False,1.0,1,0.0,-10.99974033912584,1.0002596608741603,5.6173028083165216e-18,9994,0.9968976013726752,1.0,8,True,0.0241388196578773,1.0244325193920716,5.535950839599323e-05,0.3945640187583313,1600490540.4798262,51,2.350726324149069e-11,0.0376231524505749,9.795855563465055,0.774468336436432,1.3517325217118112,6.196982386394854,0.8168347815833207,0.0003953459670493,0.2236568705684586,-1.5629843366214828e-07,0.4058566422130518,999,1000,False
ct_w5_i1,5,armijo_gd,999,False,,0,0.0,-10.999744037345904,1.000255962654096,5.305755020372357e-18,9994,0.9969195591022996,1.0,8,True,0.0239835255735701,1.0242734434341354,5.456173723868083e-05,0.3888780615849572,1631034474.2622654,51,2.2914351452720938e-11,0.0373740971747494,9.803002511462276,0.7741187520481425,1.3521081321381936,6.205696706125533,0.8177561982355014,0.0,,0.0,,999,1000,False
ct_w5_i1,5,damped_natural,0,False,1.0,1,0.0,-10.999357436549008,1.0006425634509934,1.8660347712070622e-16,9994,0.9952163047717868,1.0,8,True,0.0359094566276045,1.036561988423746,0.0001403055163778,1.0,489673913.09180486,51,1.1393713379643412e-10,0.0557920421525644,9.362845254631363,0.7966242233897934,1.3289421520446212,5.659604499655599,0.7587954700079441,3.862914931065275,0.8164110313959888,-0.001167740871184,0.9999881145653676,999,500,False
ct_w5_i1,5,damped_natural,25,False,1.0,1,0.0,-10.99999999929128,1.0000000007087202,6.365765321344642e-38,9994,0.995653787503884,1.0,8,True,0.0311896611362075,1.0316811551523055,2.2319278056028415e-10,1.5907626893248555e-06,788436423004.6025,35,7.057442503160626e-14,0.0556434472275261,23.24729999982618,0.7151364497610282,2.962143932467197,16.249511130103976,0.9774146978478389,0.0599421920747546,0.3388612842277616,-3.8571212306099495e-11,0.6914037085324584,999,500,True
ct_w5_i1,5,damped_natural,50,False,1.0,1,0.0,-10.999999999697668,1.0000000003023324,1.6692602334404867e-39,9994,0.9956537921860508,1.0,8,True,0.031189568765547,1.0316810598552404,9.953040963064878e-11,7.093834383719717e-07,329945495718.5048,34,1.6864423812825324e-13,0.055643406749296,24.040545305623,0.7055974319348209,3.0223588598145743,17.035440899796907,1.0042736600962416,0.025351546212894,0.3638202817180945,-6.722726391382555e-12,0.5398580045601925,999,500,True
ct_w5_i1,5,damped_natural,75,False,1.0,1,0.0,-10.999999999805988,1.000000000194012,2.338472508576726e-40,9994,0.995653794708566,1.0,8,True,0.0311895191713392,1.0316810086898367,6.479755608494555e-11,4.618318492229412e-07,499556301242.39325,34,1.1138561298821302e-13,0.0556433848360083,24.467409723388705,0.7009065555851165,3.055574237222604,17.451456103089313,1.0176151233101307,0.0162433934798279,0.3707842644281683,-2.748293526198837e-12,0.4492275482947654,999,500,True
ct_w5_i1,5,damped_natural,100,False,1.0,1,0.0,-10.999999999856875,1.0000000001431228,5.99447802353108e-41,9994,0.9956537964578897,1.0,8,True,0.0311894847962897,1.0316809732257517,4.814961107648038e-11,3.431768922529268e-07,662110337069.4303,34,8.403942146072931e-14,0.0556433696704834,24.76314588727557,0.6977914139200515,3.078762305152144,17.737866508920458,1.026525978554795,0.0119747381473095,0.374374356838283,-1.4914372441812949e-12,0.390933739291757,999,500,True
ct_w5_i1,5,damped_natural,125,False,1.0,1,0.0,-10.999999999886532,1.0000000001134683,2.1099627453173818e-41,9994,0.9956537978009038,1.0,8,True,0.0311894584058085,1.031680945999195,3.8336627334503767e-11,2.732367787398398e-07,906963597324.3008,34,6.135125843955765e-14,0.055643358054714,24.99016140969747,0.6954646422845798,3.0966265959862973,17.956938342077912,1.033208986938467,0.0094859591207119,0.3765979313978404,-9.353419445578762e-13,0.349718865116529,999,500,True
ct_w5_i1,5,damped_natural,150,False,1.0,1,0.0,-10.999999999905963,1.0000000000940368,9.037636998931416e-42,9994,0.9956537988920492,1.0,8,True,0.0311894369614705,1.0316809238754798,3.186722311026219e-11,2.2712737127491306e-07,974914549989.2064,33,5.707510328854948e-14,0.0556433486381436,25.174641083900703,0.6936112274387668,3.111172741124045,18.13454121868409,1.0385494283347518,0.0078604176740924,0.3782979371762615,-6.420578379067757e-13,0.3188522255748262,999,500,True
ct_w5_i1,5,damped_natural,175,False,1.0,1,0.0,-10.999999999919698,1.000000000080302,4.424312500672412e-42,9994,0.9956537998114148,1.0,8,True,0.0311894188886853,1.0316809052301323,2.726581422835809e-11,1.9433173357871986e-07,250326975995.77545,32,2.2228263852916197e-13,0.0556433407193671,25.33015355599316,0.6920732669605653,3.123450441342808,18.28399533458617,1.0429925477205402,0.0067080051846639,0.3795168625171644,-4.675533715596101e-13,0.29450764833525,999,500,True
ct_w5_i1,5,damped_natural,200,False,1.0,1,0.0,-10.999999999929924,1.0000000000700755,2.3869349976824446e-42,9994,0.995653800605973,1.0,8,True,0.0311894032654054,1.031680889111893,2.3833243362859582e-11,1.6986675918487425e-07,302034554011.9005,32,1.8422837105384107e-13,0.0556433338875858,25.46461025820303,0.6907606251681887,3.1340746062244644,18.41303970083909,1.0467931741968193,0.0058535406949734,0.3805859592423409,-3.560197380131843e-13,0.2748320502832891,999,500,True
ct_w5_i1,5,damped_natural,225,False,1.0,1,0.0,-10.999999999937836,1.0000000000621636,1.3860580587119817e-42,9994,0.9956538013057076,1.0,8,True,0.0311893895029623,1.0316808749134436,2.1162130315722005e-11,1.5082892577606646e-07,356466219321.6808,32,1.5609705735043805e-13,0.0556433278809502,25.583097677040268,0.6896165212041853,3.143442419221388,18.52663310209737,1.0501122253839617,0.0051890821201806,0.3813624112157525,-2.797969389630146e-13,0.2583959436358832,999,500,True
ct_w5_i1,5,damped_natural,250,False,1.0,1,0.0,-10.99999999994413,1.00000000005587,8.526903836989736e-43,9994,0.9956538019309616,1.0,8,True,0.0311893772020235,1.0316808622228004,1.9040157144523397e-11,1.3570497893505585e-07,413448739504.53467,32,1.3458336476885117e-13,0.0556433225219605,25.689049418999527,0.6886032165593597,3.151822883410744,18.628114616553766,1.0530568565281782,0.0046634802128789,0.3821359624911071,-2.2600042547606911e-13,0.2445370222565157,999,500,True
ct_w5_i1,5,damped_natural,275,False,1.0,1,0.0,-10.999999999949276,1.000000000050724,5.4966146694982856e-43,9994,0.9956538024960612,1.0,8,True,0.031189366081473,1.031680850749941,1.7298396695668045e-11,1.2329092356630505e-07,472780233687.8335,32,1.1769383261037931e-13,0.0556433176851518,25.784860054827615,0.6876945433573014,3.159403392307071,18.71981221846042,1.0557014812892127,0.0042315907724786,0.3826628371218596,-1.861000368964532e-13,0.2324980805448478,999,500,True
ct_w5_i1,5,damped_natural,300,False,1.0,1,0.0,-10.999999999953545,1.000000000046457,3.682924239216665e-43,9994,0.9956538030116404,1.0,8,True,0.031189355932985,1.0316808402799404,1.5856810161942458e-11,1.1301629879785554e-07,534301494443.1283,32,1.0414216291004001e-13,0.0556433132773741,25.872297202444287,0.6868714054731725,3.1663225330891223,18.8034415320666,1.0581004900943929,0.0038772416620691,0.383320748808322,-1.56249705562397e-13,0.2221239745690986,999,500,True
ct_w5_i1,5,damped_natural,325,False,1.0,1,0.0,-10.99999999995715,1.0000000000428493,2.548288469473396e-43,9994,0.9956538034857214,1.0,8,True,0.0311893465990646,1.0316808306503138,1.4628376258920368e-11,1.0426087752336932e-07,597965788480.5587,32,9.305433571794197e-14,0.0556433092291137,25.952752271035017,0.6861191299636,3.172690239946727,18.880347047767337,1.0602957570394267,0.0035730508691451,0.3836955288384202,-1.327123511991038e-13,0.2128312547476582,999,500,True
ct_w5_i1,5,damped_natural,350,False,1.0,1,0.0,-10.999999999960236,1.0000000000397635,1.8123898803298528e-43,9994,0.9956538039244516,1.0,8,True,0.0311893379590898,1.0316808217366171,1.3582602080622387e-11,9.680732754688853e-08,663594375656.5226,32,8.385138200031656e-14,0.0556433054864366,26.02723824115066,0.6854269107848774,3.1785859686947235,18.95151061286544,1.0623181318978845,0.0033156604049668,0.3841750719860279,-1.1429403392958865e-13,0.2046155396736268,999,500,True
ct_w5_i1,5,damped_natural,375,False,1.0,1,0.0,-10.999999999962906,1.000000000037094,1.319679281035764e-43,9994,0.995653804332814,1.0,8,True,0.0311893299152757,1.0316808134379687,1.267473407903885e-11,9.033667674839224e-08,731151922890.9225,32,7.610361166301724e-14,0.055643302006359,26.09660605881765,0.6847859296305986,3.1840771424556653,19.01775248135793,1.0641928402171938,0.0030926090650133,0.3845414904923599,-9.944521726096867e-14,0.1972421654255798,999,500,True
ct_w5_i1,5,damped_natural,400,False,1.0,1,0.0,-10.99999999996524,1.0000000000347598,9.81042517920594e-44,9994,0.9956538047146736,1.0,8,True,0.0311893223919425,1.0316808056762905,1.1878873684188882e-11,8.466433815903216e-08,800463380505.416,32,6.951385923433757e-14,0.0556432987546954,26.161484235359666,0.6841894716094136,3.1892127338684726,19.07968303583957,1.0659390909238728,0.0028956203438504,0.3848063640279822,-8.719291349296148e-14,0.1905020023600876,999,500,True
ct_w5_i1,5,damped_natural,425,False,1.0,1,0.0,-10.999999999967295,1.0000000000327027,7.424587179756866e-44,9994,0.9956538050733248,1.0,8,True,0.0311893153241282,1.031680798384562,1.1178322840503971e-11,7.967129966866754e-08,871570435829.2975,32,6.384256901791939e-14,0.05564329570341,26.22246225831784,0.6836315940149221,3.1940397564667093,19.13786803600054,1.0675739332929004,0.0027237152396968,0.3851514661757031,-7.715711156443064e-14,0.1844157299462026,999,500,True
ct_w5_i1,5,damped_natural,450,False,1.0,1,0.0,-10.99999999996912,1.0000000000308802,5.709817315963942e-44,9994,0.99565380541134,1.0,8,True,0.0311893086611937,1.0316807915105404,1.0560334732786988e-11,7.526671085654366e-08,944262132888.5038,32,5.892780287589647e-14,0.0556432928300272,26.279951976986567,0.6831079450252747,3.1985903811537844,19.19270675232705,1.0691098329878714,0.0025740126725155,0.3855685847376435,-6.891241484966874e-14,0.1790058784963481,999,500,True
ct_w5_i1,5,damped_natural,475,False,1.0,1,0.0,-10.999999999970752,1.0000000000292475,4.454263840649734e-44,9994,0.9956538057310432,1.0,8,True,0.0311893023585328,1.031680785008206,1.0001449811065267e-11,7.128336838968898e-08,640466144859.6012,31,8.687936210285108e-14,0.0556432901138743,26.33433680036998,0.6826145907463963,3.2028948100387864,19.244569027230995,1.0705580885072,0.0024352308326479,0.3858051584778424,-6.169256295693679e-14,0.1737696384238658,999,500,True
ct_w5_i1,5,damped_natural,499,False,,0,0.0,-10.999999999972164,1.0000000000278373,3.551863869365128e-44,9994,0.9956538060224608,1.0,8,True,0.0311892966121135,1.0316807790797358,9.523866543238706e-12,6.78794874863856e-08,676538728698.8287,31,8.224701008150124e-14,0.0556432876398186,26.38393667902452,0.6821664371521133,3.206820618406077,19.291853529554743,1.0718746793439533,0.0,,0.0,,999,500,True
ct_w5_i1,5,diagonal_fisher,0,False,1.0,1,0.0,-10.999357436549008,1.0006425634509934,1.8660347712070622e-16,9994,0.9952163047717868,1.0,8,True,0.0359094566276045,1.036561988423746,0.0001403055163778,1.0,489673913.09180486,51,1.1393713379643412e-10,0.0557920421525644,9.362845254631363,0.7966242233897934,1.3289421520446212,5.659604499655599,0.7587954700079441,7.063807164827851,0.3046923434370706,-0.0044697918019888,0.9094318600819994,999,1000,False
ct_w5_i1,5,diagonal_fisher,25,False,1.0,1,0.0,-10.999999515390234,1.0000004846097656,1.1295933925173746e-43,9994,0.9960699504943676,1.0,8,True,0.0283135002682676,1.0287181372862653,3.714942529332933e-07,0.0026477522945921,717100644963.8431,27,7.104650987602673e-14,0.0509474980545288,17.03580416997797,0.5880091136265267,1.7848076532987387,13.779483495425929,1.3755812342365534,0.0247048324207264,0.13984824373047,-1.5638743512944591e-09,0.0258172331793756,999,1000,True
ct_w5_i1,5,diagonal_fisher,50,False,1.0,1,0.0,-10.999999546095786,1.0000004539042138,1.4384502183088892e-44,9994,0.996161196278254,1.0,8,True,0.0277413645604944,1.0281297392445057,3.529457194244992e-07,0.0025155512665238,691398221212.2269,26,7.220627315636832e-14,0.0499232888206772,17.351110686632815,0.5809262898975721,1.7959450077600416,14.12304358934326,1.401135021010066,0.0125527515544194,0.1458710782630027,-1.0357031774479803e-09,0.0183805361708791,999,1000,True
ct_w5_i1,5,diagonal_fisher,75,False,1.0,1,0.0,-10.999999569938367,1.0000004300616323,4.165158840515226e-45,9994,0.996247983384478,1.0,8,True,0.0271951112539832,1.0275682733401854,3.36040468109268e-07,0.0023950624094093,217807007722.0296,25,2.247420578792721e-13,0.0489503951359754,17.541172722398958,0.5767970532284076,1.802712130051317,14.329164428753591,1.4162476699989457,0.008442032511512,0.1489889851074351,-8.873892809429947e-10,0.0167763797793689,999,1000,True
ct_w5_i1,5,diagonal_fisher,100,False,1.0,1,0.0,-10.999999590994593,1.000000409005409,1.7033404556081817e-45,9994,0.9963306716670884,1.0,8,True,0.0266726847308558,1.0270315846222853,3.203821026517224e-07,0.0022834604862505,251761366245.1974,25,1.9075475022890203e-13,0.0480246765353897,17.678556647763116,0.5738732620653895,1.8076215828705855,14.477750096686066,1.427047013086057,0.0063642986329862,0.1511220352623432,-8.010333866828006e-10,0.016083558590826,999,1000,True
ct_w5_i1,5,diagonal_fisher,125,False,1.0,1,0.0,-10.999999610191878,1.0000003898081218,8.444268029970138e-46,9994,0.9964095542301428,1.0,8,True,0.0261724557050413,1.026517962088389,3.058061785420847e-07,0.0021795734511151,281947113078.217,25,1.6720413521328333e-13,0.047142723218125,17.7865280574874,0.5716100097322933,1.811489121012232,14.594298750542894,1.4354637348420851,0.0051085823538263,0.1527622616035228,-7.361845177837264e-10,0.0156680359756922,999,1000,True
ct_w5_i1,5,diagonal_fisher,150,False,1.0,1,0.0,-10.999999627914798,1.0000003720852018,4.7355366922671426e-46,9994,0.9964848893962072,1.0,8,True,0.0256929939457875,1.0260259039513369,2.9220005504140945e-07,0.0020825984792684,309823696451.70715,25,1.4944474419380916e-13,0.0463015230614057,17.875632771780147,0.5697646512432408,1.8146866694186183,14.69033642175436,1.4423638057756225,0.0042671464281778,0.1540985001600414,-6.823066359909612e-10,0.015368068226032,999,1000,True
ct_w5_i1,5,diagonal_fisher,175,False,1.0,1,0.0,-10.999999644382584,1.0000003556174164,2.8940060833302792e-46,9994,0.9965569098474856,1.0,8,True,0.0252330098880032,1.0255540569220207,2.794731535111465e-07,0.0019918899892615,336889151058.754,25,1.3505439859396194e-13,0.0454983616890704,17.95157224352215,0.5682077081362148,1.817415950124007,14.772082549112458,1.4482119067420107,0.0036638935649681,0.155227778257071,-6.354651342003946e-10,0.0151266448324908,999,1000,True
ct_w5_i1,5,diagonal_fisher,200,False,1.0,1,0.0,-10.99999965974575,1.0000003402542497,1.8843927652215087e-46,9994,0.9966258271013948,1.0,8,True,0.0247913282590398,1.0251011885547507,2.675481854737567e-07,0.0019068971226569,365282633564.49023,25,1.2245523854831336e-13,0.0447307720306957,18.017787836359343,0.5668618432203818,1.8197989763886604,14.843285573295567,1.4532868695391892,0.0032101985559101,0.1562000366711466,-5.93791672984948e-10,0.0149192886971382,999,1000,True
ct_w5_i1,5,diagonal_fisher,225,False,1.0,1,0.0,-10.999999674119405,1.0000003258805954,1.2883263338686055e-46,9994,0.9966918344154728,1.0,8,True,0.0243668718708283,1.02466617013641,2.563574781477501e-07,0.0018271375550012,397973148397.0211,25,1.1055143078353487e-13,0.0439965009687187,18.076519415192784,0.565677155219346,1.8219152676741004,14.906382325247334,1.4577693131883689,0.0028566707127911,0.1570589725173466,-5.562283116051871e-10,0.0147339695755534,999,1000,True
ct_w5_i1,5,diagonal_fisher,250,False,1.0,1,0.0,-10.999999687597366,1.0000003124026335,9.155715329800066e-47,9994,0.9967551089717266,1.0,8,True,0.0239586498116251,1.0242479641686997,2.458409786389028e-07,0.0017521832710903,436788432106.8209,25,9.91177439826777e-14,0.043293483988159,18.12930796044478,0.5646195668626398,1.8238195804758708,14.963047633007124,1.4617830023694256,0.0025733629631211,0.1578164296166024,-5.220899623062198e-10,0.0145641258035344,999,1000,True
ct_w5_i1,5,diagonal_fisher,275,False,1.0,1,0.0,-10.99999970025895,1.0000002997410498,6.71477235359737e-47,9994,0.9968158136452484,1.0,8,True,0.0235657480431709,1.0238456143793897,2.359450146700515e-07,0.0016816517323146,480661640311.5549,25,8.866907810702572e-14,0.0426198245278363,18.177261150829768,0.5636647510688989,1.825551321706454,15.014484262127134,1.4654165613266714,0.0023413797933691,0.1585011500035942,-4.908905912562692e-10,0.0144059057173077,999,1000,True
ct_w5_i1,5,diagonal_fisher,300,False,1.0,1,0.0,-10.999999712172896,1.0000002878271044,5.054928857762772e-47,9994,0.996874098489918,1.0,8,True,0.0231873215697026,1.02345823739564,2.266213198207148e-07,0.0016151989292457,527718022525.8346,25,7.953826623321388e-14,0.0419737765717249,18.221201104906445,0.5627947529638458,1.8271397430791256,15.061584279954,1.4687355779533031,0.0021478393094527,0.1591118559741393,-4.622585418016752e-10,0.014256867818737,999,1000,True
ct_w5_i1,5,diagonal_fisher,325,False,1.0,1,0.0,-10.999999723399611,1.0000002766003888,3.8901636094940224e-47,9994,0.9969301020175328,1.0,8,True,0.0228225877170879,1.0230850155971742,2.178263647490681e-07,0.0015525146150526,576801422997.6685,25,7.169491610870562e-14,0.0413537296331998,18.26175536763124,0.5619959378854116,1.8286071784736837,15.105028182446256,1.4717899826294325,0.0019839557771373,0.1596615025626722,-4.3589790561473916e-10,0.0141153982398121,999,1000,True
ct_w5_i1,5,diagonal_fisher,350,False,1.0,1,0.0,-10.999999733992762,1.0000002660072376,3.0507268297893887e-47,9994,0.9969839523120392,1.0,8,True,0.0224708202836797,1.022725190898095,2.0952075827105106e-07,0.0014933180368108,627313242065.8108,25,6.49726371435646e-14,0.040758195652095,18.299414203632416,0.5612577074632742,1.829971088954067,15.145347250038878,1.4746186755528985,0.0018434929018152,0.1601687721428197,-4.115645291188318e-10,0.0139803734614794,999,1000,True
ct_w5_i1,5,diagonal_fisher,375,False,1.0,1,0.0,-10.999999744000425,1.000000255999575,2.431733518765551e-47,9994,0.9970357680097957,1.0,8,True,0.0221313443893678,1.0223780592740226,2.016687497932799e-07,0.0014373543891904,678903636777.2662,25,5.919219648111749e-14,0.0401857974598651,18.33456859166606,0.5605716518434495,1.8312454150394255,15.182964884510056,1.477252590913026,0.0017217416874006,0.1606339171359335,-3.890515294498543e-10,0.0138509674219042,999,1000,True
ct_w5_i1,5,diagonal_fisher,400,False,1.0,1,0.0,-10.999999753465875,1.000000246534123,1.9661388437382742e-47,9994,0.997085659164358,1.0,8,True,0.0218035319266178,1.022042965931438,1.9423782393597158e-07,0.0013843919252107,731424353942.6085,25,5.4189142572559717e-14,0.0396352585968383,18.367534215282245,0.5599310030984147,1.8324414013179309,15.21822283440965,1.4797166707028455,0.001615138302754,0.1610512474192281,-3.681811783953509e-10,0.0137265552414958,999,1000,True
ct_w5_i1,5,diagonal_fisher,425,False,1.0,1,0.0,-10.99999976242822,1.0000002375717791,1.609774652275775e-47,9994,0.9971337280167012,1.0,8,True,0.0214867974976013,1.0217193009968135,1.8719836459745858e-07,0.0013342195619263,784747651579.9711,25,4.983180792217504e-14,0.039105394240911,18.39857054402281,0.5593302218422621,1.833568297005691,15.251401837869755,1.482031367561998,0.0015211523288212,0.1614426003170353,-3.4879968020171755e-10,0.0136066615440722,999,1000,True
ct_w5_i1,5,diagonal_fisher,450,False,1.0,1,0.0,-10.999999770922996,1.0000002290770045,1.3327817386460234e-47,9994,0.997180069681837,1.0,8,True,0.0211805947836693,1.021406495667336,1.805233069060619e-07,0.0012866443997821,838794629181.8264,25,4.6012577780360513e-14,0.0385951031169774,18.427893472254716,0.5587647176651696,1.8346338050771631,15.282735359375712,1.4842136600275149,0.0014375137428802,0.1617884348376371,-3.3077098355589416e-10,0.0134908870253509,999,1000,True
ct_w5_i1,5,diagonal_fisher,475,False,1.0,1,0.0,-10.999999778982504,1.000000221017496,1.114514125007771e-47,9994,0.997224772761662,1.0,8,True,0.0208844132976749,1.0211040187698843,1.7418792348973778e-07,0.0012414901992925,893507185483.4943,25,4.2644716120469585e-14,0.0381033602765433,18.45568390672689,0.5582306539036508,1.835644373695419,15.312418981487184,1.48627776066705,0.0013627341661539,0.1621101100069407,-3.139759666027162e-10,0.0133789218623504,999,1000,True
ct_w5_i1,5,diagonal_fisher,500,False,1.0,1,0.0,-10.999999786636248,1.000000213363753,9.403925733389425e-48,9994,0.9972679198970286,1.0,8,True,0.0205977754471428,1.020811373652362,1.681695397770402e-07,0.0011985953519047,948860763015.0063,25,3.965725221234384e-14,0.0376292105932831,18.48209608050101,0.5577247750593155,1.8366055134744408,15.340619330618384,1.4882357493855185,0.0012954274273467,0.1624029113771646,-2.983080613939676e-10,0.0132704940968817,999,1000,True
ct_w5_i1,5,diagonal_fisher,525,False,1.0,1,0.0,-10.999999793911217,1.0000002060887834,7.99944233186024e-48,9994,0.9973095882614212,1.0,8,True,0.020320233904048,1.0205280954010698,1.6244735507361946e-07,0.0011578116047567,521974380975.47314,24,7.121376891100561e-14,0.0371717629442525,18.507261282191305,0.5572443131579392,1.8375219028308996,15.367478249560785,1.4900979105654228,0.0012345846621604,0.1626802300376663,-2.8367249087122487e-10,0.013165378140478,999,1000,True
ct_w5_i1,5,diagonal_fisher,550,False,1.0,1,0.0,-10.99999980083215,1.0000001991678502,6.855123862213549e-48,9994,0.9973498500084028,1.0,8,True,0.0200513692104212,1.0202537483101382,1.5700224929041228e-07,0.0011190026831706,533383669959.0513,24,6.88625974327635e-14,0.0367301849416001,18.531293501454726,0.5567868782479388,1.8383976211617568,15.39311877794822,1.4918731378326129,0.0011792583444366,0.1629285691436305,-2.6998397593610077e-10,0.0130633708386678,999,1000,True
ct_w5_i1,5,diagonal_fisher,575,False,1.0,1,0.0,-10.999999807421768,1.0000001925782325,5.914245915408692e-48,9994,0.9973887726731268,1.0,8,True,0.0197907876269457,1.0199879236088718,1.5181662511337004e-07,0.001082043165748,544690395590.7398,24,6.665015299357629e-14,0.0363036982002543,18.55429085771514,0.5563504119105228,1.839236162720516,15.417646865573769,1.4935690993829107,0.0011287543496125,0.1631556038980514,-2.5716608139854767e-10,0.0129642987801946,999,1000,True
ct_w5_i1,5,diagonal_fisher,600,False,1.0,1,0.0,-10.999999813700954,1.0000001862990455,5.134138153266133e-48,9994,0.9974264195383776,1.0,8,True,0.0195381191621373,1.019730237382053,1.4687427106104026e-07,0.0010468175083404,555936812958.8837,24,6.456052772905167e-14,0.0358915740286326,18.576339937443876,0.5559331082921403,1.8400406263134128,15.441155915838385,1.4951925327498816,0.001082529597077,0.1633765278798583,-2.4514997151133745e-10,0.0128680094785265,999,1000,True
ct_w5_i1,5,diagonal_fisher,625,False,1.0,1,0.0,-10.999999819688991,1.000000180311007,4.4823408031670325e-48,9994,0.9974628499639728,1.0,8,True,0.0192930157967391,1.0194803286970533,1.4216020631433488e-07,0.001013218938103,567176695177.5468,24,6.257861060163273e-14,0.0354931295498366,18.597516896846056,0.5555333837844189,1.840813739959705,15.463728047722022,1.4967493534392546,0.0010399272994502,0.1635589552489098,-2.338729054349807e-10,0.0127743544046163,999,1000,True
ct_w5_i1,5,diagonal_fisher,650,False,1.0,1,0.0,-10.999999825403638,1.0000001745963625,3.933910622921412e-48,9994,0.9974981196861622,1.0,8,True,0.0190551498648506,1.0192378578975403,1.3766060831824318e-07,0.0009811489374911,578433723763.7101,24,6.069446287966385e-14,0.0351077241753222,18.617888104667305,0.5551498542902659,1.8415578623942352,15.485434886392849,1.4982447357226882,0.0010006598140211,0.1637336254266084,-2.2327871181571156e-10,0.0126832146710969,999,1000,True
ct_w5_i1,5,diagonal_fisher,675,False,1.0,1,0.0,-10.999999830861324,1.0000001691386764,3.4694199169056056e-48,9994,0.9975322810918746,1.0,8,True,0.0188242125641015,1.0190025050347395,1.333626736734362e-07,0.0009505162527916,589762547113.6842,24,5.889617194470192e-14,0.0347347563813529,18.637513569287695,0.5547812788646,1.842275146013248,15.506341092160064,1.4996833260861009,0.0009643304947968,0.1638989807811619,-2.1331598636908167e-10,0.0125944726996283,999,1000,True
ct_w5_i1,5,diagonal_fisher,700,False,1.0,1,0.0,-10.999999836077247,1.000000163922751,3.0736307453092676e-48,9994,0.9975653834660017,1.0,8,True,0.0185999126119071,1.018773968452905,1.2925454745331284e-07,0.0009212363903444,601194320851.7625,24,5.717562459506665e-14,0.0343736607977064,18.65644657512881,0.5544265567577558,1.8429674992952747,15.52650407856473,1.5010692498854137,0.0009306089425083,0.1640489765714613,-2.0393800880717407e-10,0.0125080211579286,999,1000,True
ct_w5_i1,5,diagonal_fisher,725,False,1.0,1,0.0,-10.999999841065495,1.000000158934505,2.7344866956444538e-48,9994,0.9975974732175916,1.0,8,True,0.0183819750120472,1.0185519634919131,1.253252317476265e-07,0.0008932309647052,612743689519.708,24,5.552714149578503e-14,0.0340239055486102,18.674734376385903,0.5540847109162461,1.8436366078400688,15.545974780079773,1.5024061715108414,0.0008992181566706,0.1641833915505522,-1.9510221602007543e-10,0.0124237615709691,999,1000,True
ct_w5_i1,5,diagonal_fisher,750,False,1.0,1,0.0,-10.999999845839143,1.0000001541608547,2.4423430952323702e-48,9994,0.9976285940882786,1.0,8,True,0.0181701399127012,1.0183362212872302,1.2156451090270057e-07,0.0008664271658097,624448233417.9348,24,5.3943606531113557e-14,0.033684989802546,18.69242033552707,0.5537548519056527,1.8442840315002145,15.564799868657335,1.5036974319810152,0.0008699167245186,0.1643020589217731,-1.867697333015186e-10,0.0123416025778347,999,1000,True
ct_w5_i1,5,diagonal_fisher,775,False,1.0,1,0.0,-10.999999850410324,1.0000001495896758,2.189454294411258e-48,9994,0.9976587873401394,1.0,8,True,0.0179641615780002,1.018126487689234,1.1796290086756225e-07,0.000840757397948,636321450091.037,24,5.2420740428799145e-14,0.0333564415644993,18.709542909607773,0.5534361873144698,1.8449111403395997,15.583020783543732,1.5049460093383866,0.0008425189844744,0.1644051902853072,-1.7890509537114702e-10,0.0122614604845482,999,1000,True
ct_w5_i1,5,diagonal_fisher,800,False,1.0,1,0.0,-10.999999854790325,1.0000001452096772,1.969532961063132e-48,9994,0.9976880919299792,1.0,8,True,0.0177638074284014,1.0179225222559518,1.1451156811272197e-07,0.0008161587018743,648397951772.3638,24,5.0952991971801e-14,0.0330378156311894,18.726137552551364,0.553127992861241,1.8455192103014144,15.600675666006914,1.506154629330204,0.0008168600708521,0.1645066042614293,-1.7147579144104298e-10,0.0121832570916551,999,1000,True
ct_w5_i1,5,diagonal_fisher,825,False,1.0,1,0.0,-10.99999985898965,1.00000014101035,1.7774600017215562e-48,9994,0.9977165446673388,1.0,8,True,0.0175688571709612,1.0177240973403066,1.1120228309610982e-07,0.0007925724231445,660672307635.9662,24,4.9538464614510195e-14,0.0327286917336111,18.74223580371856,0.5528296200883477,1.8461093624091265,15.617798497739331,1.5073257332190413,0.0007927735635939,0.1645964673733068,-1.6445196133157692e-10,0.0121069177829848,999,1000,True
ct_w5_i1,5,diagonal_fisher,850,False,1.0,1,0.0,-10.999999863018104,1.000000136981896,1.60902841160895e-48,9994,0.9977441803615495,1.0,8,True,0.0173791019851535,1.0175309972365671,1.0802737612473852e-07,0.0007699438975288,673157501051.3439,24,4.8173975275871413e-14,0.0324286728124148,18.757866720615294,0.5525404762187885,1.8466826398543488,15.634420538660033,1.5084615549942602,0.0007700988426469,0.164672116018157,-1.5780618224891023e-10,0.0120323717405999,999,1000,True
ct_w5_i1,5,diagonal_fisher,875,False,1.0,1,0.0,-10.999999866884826,1.000000133115174,1.4607609856017656e-48,9994,0.9977710319556304,1.0,8,True,0.017194343781249,1.0173430174030436,1.0497968467922756e-07,0.0007482220755778,685869812792.5771,24,4.685639001750808e-14,0.0321373834494442,18.773057088004645,0.5522600164201226,1.8472400051600844,15.650570592619644,1.509564150313396,0.0007487289812559,0.1647407549585695,-1.5151327933357794e-10,0.0119595544702771,999,1000,True
ct_w5_i1,5,diagonal_fisher,900,False,1.0,1,0.0,-10.999999870598336,1.0000001294016645,1.3297722197632359e-48,9994,0.997797130649672,1.0,8,True,0.0170143945152651,1.0171599637444877,1.0205252323766307e-07,0.0007273593075475,698824200889.3667,24,4.558294972917008e-14,0.0318544684186674,18.78783128965218,0.5519877449446815,1.847782333507169,15.666274882044092,1.510635390756747,0.0007285460314838,0.1647935320110631,-1.4555005540197167e-10,0.0118884036155719,999,1000,True
ct_w5_i1,5,diagonal_fisher,925,False,1.0,1,0.0,-10.999999874166612,1.0000001258333882,1.2136531955116316e-48,9994,0.9978225060147824,1.0,8,True,0.0168390755542298,1.0169816519476134,9.923963940781553e-08,0.0007073110307408,712001689786.6637,24,4.4353253379625575e-14,0.0315795913538294,18.802211782663125,0.5517232061833185,1.848310431403556,15.681557550792183,1.5116769978815334,0.0007094842608208,0.164845214810334,-1.3989518544515504e-10,0.0118188627105098,999,1000,True
ct_w5_i1,5,diagonal_fisher,950,False,1.0,1,0.0,-10.999999877597125,1.0000001224028754,1.1103809873840911e-48,9994,0.9978471860982436,1.0,8,True,0.0166682170891064,1.0168079068668343,9.653517283704432e-08,0.0006880354766457,725425638364.2911,24,4.316422229945479e-14,0.0313124335160801,18.816219456089087,0.551465978611776,1.848825053269194,15.696441035325066,1.5126905661114154,0.0006914048126528,0.1648802968173782,-1.3452884734621643e-10,0.0117508734868657,999,1000,True
ct_w5_i1,5,diagonal_fisher,975,False,1.0,1,0.0,-10.999999880896844,1.0000001191031558,1.0182591039891424e-48,9994,0.997871197519794,1.0,8,True,0.0165016575970796,1.0166385619617702,9.39336492567359e-08,0.0006694936284885,739093061983.4109,24,4.2014590940009756e-14,0.0310526926658322,18.829872570409208,0.5512156858038798,1.8493268356044097,15.710945040127935,1.5136775184721436,0.000674304463313,0.164924851388295,-1.2943294243968909e-10,0.0116843879878529,999,1000,True
ct_w5_i1,5,diagonal_fisher,999,False,,0,0.0,-10.99999988394762,1.0000001160523802,9.389654434755618e-49,9994,0.9978936428888436,1.0,8,True,0.0163456621687712,1.016479983362952,9.152825456824905e-08,0.0006523496504712,752421922184.9672,24,4.0947840669196615e-14,0.0308100529856406,18.84266309449045,0.5509815897865271,1.849797098706856,15.724530178716533,1.5146012381542002,0.0,,0.0,,999,1000,True
ct_w5_i1,5,exact_natural,0,False,1.0,1,0.0,-10.999357436549008,1.0006425634509934,1.8660347712070622e-16,9994,0.9952163047717868,1.0,8,True,0.0359094566276045,1.036561988423746,0.0001403055163778,1.0,489673913.09180486,51,1.1393713379643412e-10,0.0557920421525644,9.362845254631363,0.7966242233897934,1.3289421520446212,5.659604499655599,0.7587954700079441,5.612486080160912,1.0,-0.0011679178735581,0.999999999999998,999,1000,False
ct_w5_i1,5,exact_natural,25,False,1.0,1,0.0,-11.00001344208971,0.9999865579102902,1.3442089712136584e-05,9994,0.995640358373412,1.0,8,True,0.0313545791492699,1.0318513119891053,1.955186885299912e-05,0.1393521035933464,124744860554.30766,14,4.47418181887586e-13,0.0558131187090287,147.87916269959214,0.999267365571308,26.32894215204462,5.659604499655598,0.0382998784778657,5.612486080160912,1.0,-1.344190895480324e-05,0.9999999999997584,999,1000,False
ct_w5_i1,5,exact_natural,39,True,,0,0.0,-11.941744400918624,0.0582555990813773,0.9417444009186224,64512,0.9417444009186224,0.0,0,True,0.2239575542987828,1.2510179179686425,0.0797991092003994,568.752471467456,727170457004.4241,12,8.141188032614558e-12,5.920031422235277,226.4163725061326,0.9996875400423366,40.32894215204461,5.659604499655597,0.0250042582588034,0.0,,0.0,,999,1000,False
ct_w5_i1,5,projected_adam,0,False,,0,0.0,-10.999357436549008,1.0006425634509934,1.8660347712070622e-16,9994,0.9952163047717868,1.0,8,True,0.0359094566276045,1.036561988423746,0.0001403055163778,1.0,489673913.09180486,51,1.1393713379643412e-10,0.0557920421525644,9.362845254631363,0.7966242233897934,1.3289421520446212,5.659604499655599,0.7587954700079441,0.0391946612365916,1.0000000000000002,-8.156126314162949e-06,1.0000000000000029,999,1000,False
ct_w5_i1,5,projected_adam,25,False,,0,0.0,-10.999521816070514,1.000478183929486,2.2084726961930584e-16,9994,0.9953093818592272,1.0,8,True,0.0349432135608984,1.035560901313847,0.0001075964299437,0.7668724132986107,1697980351.1157954,51,3.2832646060138926e-11,0.0557491878852553,10.131851654739728,0.8294403622459163,1.4973340845218217,5.659604499655599,0.6734604490060087,0.0352369863663449,1.0,-5.086718298361255e-06,0.9999999999999968,999,1000,False
ct_w5_i1,5,projected_adam,50,False,,0,0.0,-10.999622144445643,1.0003778555543563,2.5480308234726993e-16,9994,0.9953699393507716,1.0,8,True,0.0343085905943448,1.0349039190726672,8.775785157583834e-05,0.6254768439718673,4754050272.30579,51,1.1721197802952498e-11,0.0557231636068763,10.80665476084687,0.8518936907373903,1.640292889328411,5.659604499655599,0.6147653821062021,0.0287903046774089,1.0000000000000002,-3.1050170451522616e-06,0.9999999999999936,999,1000,False
ct_w5_i1,5,projected_adam,75,False,,0,0.0,-10.999685429193349,1.000314570806653,2.86420797375618e-16,9994,0.9954100968210626,1.0,8,True,0.0338849730244524,1.034465608433996,7.513620596047402e-05,0.5355185448172084,10831897246.166056,51,5.142862560376199e-12,0.0557069588051494,11.370924140501002,0.8673343281134934,1.7572235741114175,5.659604499655601,0.5738571344764634,0.0238134249920837,0.9999999999999998,-2.048077355368055e-06,0.9999999999999986,999,1000,False
ct_w5_i1,5,projected_adam,100,False,,0,0.0,-10.999728757625771,1.0002712423742288,3.159982746114567e-16,9994,0.9954386777272703,1.0,8,True,0.0335820067137462,1.0341522476763296,6.636381729827027e-05,0.4729950682734814,21350490902.29675,51,2.608654262035356e-12,0.0556960490888235,11.852353918385807,0.8786269111497121,1.8554695663255776,5.659604499655599,0.543471746007137,0.0203634754501508,0.9999999999999998,-1.4596225795293058e-06,1.000000000000006,999,1000,False
ct_w5_i1,5,projected_adam,125,False,,0,0.0,-10.99976050499933,1.0002394950006703,3.440794731879274e-16,9994,0.9954602801852968,1.0,8,True,0.0333521243154714,1.0339145416007207,5.98242316727637e-05,0.4263854566606578,38052323325.59188,51,1.4634639361055598e-12,0.0556882028720321,12.27419578133827,0.8873493290410808,1.940583769033974,5.659604499655599,0.519635019608583,0.0178771248669223,1.0000000000000002,-1.1003515177771772e-06,0.9999999999999988,999,1000,False
ct_w5_i1,5,projected_adam,150,False,,0,0.0,-10.999784919612962,1.0002150803870382,3.7104175996601887e-16,9994,0.9954773256476116,1.0,8,True,0.033170139206413,1.0337264016699623,5.470527264112018e-05,0.3899010819632354,63008181903.60672,51,8.837310233282851e-13,0.0556822850717291,12.651335109427611,0.8943577999865342,2.016008605412109,5.659604499655599,0.5001939387396278,0.0159932551204006,1.0,-8.635991860511434e-07,0.999999999999986,999,1000,False
ct_w5_i1,5,projected_adam,175,False,,0,0.0,-10.999804368479548,1.0001956315204534,3.971343707751507e-16,9994,0.9954912031946384,1.0,8,True,0.0330215480777462,1.0335728105086304,5.055607780970034e-05,0.3603285110584186,98622411261.49648,51,5.645538606119439e-13,0.0556776630205366,12.993515478062813,0.9001541555460459,2.0839547369344698,5.659604499655599,0.4838854064351859,0.014510222019418,1.0000000000000004,-6.9851822491211e-07,0.9999999999999994,999,1000,False
ct_w5_i1,5,projected_adam,200,False,,0,0.0,-10.999820282662906,1.000179717337094,4.225313396681731e-16,9994,0.9955027740040568,1.0,8,True,0.0328973324636633,1.033444432600709,4.7103945624331104e-05,0.3357241172007078,147648841866.3951,51,3.770700412047491e-13,0.055673954886395,13.30749375179975,0.9050549983465116,2.145932045712269,5.659604499655597,0.4699101664886897,0.013309190317646,1.0,-5.783980040786028e-07,1.0000000000000109,999,1000,False
ct_w5_i1,5,projected_adam,225,False,,0,0.0,-10.999833582903817,1.0001664170961837,4.473609404722173e-16,9994,0.9955126046009436,1.0,8,True,0.0327915448091421,1.033335112720555,4.4172846324800886e-05,0.3148332828614694,213207215311.68225,51,2.611117816046813e-13,0.0556709158410062,13.59818289526609,0.9092717216346738,2.203024291853082,5.659604499655597,0.4577322586061234,0.0123150867736999,0.9999999999999998,-4.880251377445441e-07,1.0000000000000018,999,1000,False
ct_w5_i1,5,projected_adam,250,False,,0,0.0,-10.999844890658787,1.000155109341211,4.717215863994743e-16,9994,0.9955210850243744,1.0,8,True,0.0327000816761286,1.033240604975746,4.164335159025993e-05,0.2968048061497659,298794913140.6748,51,1.863096691372099e-13,0.0556683814071204,13.869284329059546,0.9129517494408949,2.2560389835915773,5.659604499655596,0.446976001836953,0.0114777817161977,1.0,-4.181747444479e-07,1.000000000000013,999,1000,False
ct_w5_i1,5,projected_adam,275,False,,0,0.0,-10.999854641658896,1.0001453583411042,4.956910623395479e-16,9994,0.995528493671151,1.0,8,True,0.0326200087602145,1.033157873699976,3.9431184604595806e-05,0.2810380206179183,408348817419.20337,51,1.3632030884017888e-13,0.0556662369051076,14.123664257240929,0.9162015049289,2.305595463895325,5.659604499655596,0.4373686974428606,0.0107623549192969,1.0,-3.6297042479144125e-07,0.9999999999999916,999,1000,False
ct_w5_i1,5,projected_adam,300,False,,0,0.0,-10.999863151075782,1.0001368489242175,5.193322848323741e-16,9994,0.9955350351894592,1.0,8,True,0.0325491655403755,1.0330846840621264,3.747494348890526e-05,0.2670952964386153,546231332863.9306,51,1.019062740538326e-13,0.0556643999036219,14.363591560279849,0.9191000106803956,2.35217993735916,5.659604499655595,0.4287066941002023,0.0101436586598202,1.0000000000000002,-3.185161296950352e-07,1.0000000000000036,999,1000,False
ct_w5_i1,5,projected_adam,325,False,,0,0.0,-10.999870652886274,1.0001293471137256,5.426971017876351e-16,9994,0.9955408637577844,1.0,8,True,0.0324859219232211,1.0330193501158789,3.572869024270257e-05,0.2546492195395403,717265902146.1068,51,7.760414855092958e-14,0.0556628096206629,14.590895307605694,0.9217073425753212,2.396181504539677,5.659604499655595,0.4208342660869448,0.0096030868112868,1.0,-2.821415540555363e-07,1.0000000000000155,999,1000,False
ct_w5_i1,5,projected_adam,350,False,,0,0.0,-10.999877324671337,1.0001226753286652,5.658289081750023e-16,9994,0.9955460979805764,1.0,8,True,0.0324290222521432,1.032960573326846,3.415727786880323e-05,0.2434492866041321,926598185113.66,51,6.007072013287241e-14,0.0556614202535901,14.807072912025967,0.9240700967354876,2.437916656319433,5.659604499655593,0.4136299254776243,0.0091265593127432,1.0,-2.519643256860086e-07,1.000000000000022,999,1000,False
ct_w5_i1,5,projected_adam,375,False,,0,0.0,-10.999883303798372,1.000116696201628,5.887645074300513e-16,9994,0.9955508307497508,1.0,8,True,0.0323774818746541,1.0329073355209255,3.273329500432393e-05,0.2333001285293718,328395154656.8066,50,1.6949152825537298e-13,0.0556601966344417,15.01336661470468,0.9262250435692956,2.477646438354813,5.659604499655593,0.4069972491892962,0.008703214741376,0.9999999999999996,-2.2662508071700177e-07,0.9999999999999896,999,1000,False
ct_w5_i1,5,projected_adam,400,False,,0,0.0,-10.999888698303009,1.0001113016969914,6.115354729121545e-16,9994,0.9955551359655253,1.0,8,True,0.0323305165523172,1.032858825834114,3.1435005274973715e-05,0.2240468235783806,423837576678.90906,50,1.3132179489952348e-13,0.0556591113153387,15.210818928996767,0.9282016397917144,2.5155887909239785,5.659604499655595,0.4008585538750479,0.0083245345706341,1.0,-2.0512132827958326e-07,1.0000000000000049,999,1000,False
ct_w5_i1,5,projected_adam,425,False,,0,0.0,-10.999893594398708,1.0001064056012918,6.341691661403956e-16,9994,0.9955590732328616,1.0,8,True,0.0322874930707606,1.0328143896073778,3.024492004204197e-05,0.2155647249150102,540514660479.1743,50,1.0297249386998265e-13,0.0556581425628275,15.400313683447068,0.9300237977825292,2.551927615384136,5.659604499655595,0.3951504262091991,0.0079837401302861,1.0000000000000002,-1.867000042831783e-07,0.999999999999996,999,1000,False
ct_w5_i1,5,projected_adam,450,False,,0,0.0,-10.999898061778032,1.0001019382219685,6.56689512918523e-16,9994,0.9955626912158644,1.0,8,True,0.0322478939225803,1.0327734918470846,2.9148786879362626e-05,0.2077522511721555,681905309835.4333,50,8.162023692114815e-14,0.0556572729465569,15.582606962383071,0.9317111585897564,2.586819562562636,5.659604499655594,0.3898204959742526,0.007675367909467,0.9999999999999996,-1.707861164117221e-07,1.0000000000000244,999,1000,False
ct_w5_i1,5,projected_adam,475,False,,0,0.0,-10.99990215743112,1.000097842568879,6.791176050256281e-16,9994,0.9955660300803688,1.0,8,True,0.0322112915630245,1.032735690592208,2.8134857500308263e-05,0.2005256687452461,851870915638.6643,50,6.533441546679151e-14,0.0556564883264125,15.75835080908271,0.9332800251756485,2.620399200955481,5.659604499655595,0.3848250619624572,0.0073949636970532,0.9999999999999996,-1.5693419147525962e-07,0.999999999999994,999,1000,False
ct_w5_i1,5,projected_adam,500,False,,0,0.0,-10.99990592844528,1.0000940715547202,7.014721731192241e-16,9994,0.9955691233033144,1.0,8,True,0.032177329320858,1.0327006171681796,2.719334858100645e-05,0.1938152489156613,63065205684.59784,49,8.825116244139503e-13,0.0556557771127143,15.928111641035944,0.934744058073288,2.652783009193575,5.659604499655597,0.3801273158714217,0.0071388588770911,1.0000000000000002,-1.4479456566034056e-07,1.000000000000013,999,1000,False
ct_w5_i1,5,projected_adam,525,False,,0,0.0,-10.999909414090665,1.0000905859093372,7.237699634056009e-16,9994,0.9955719990338624,1.0,8,True,0.0321457070251836,1.0326679613202494,2.6316038018354808e-05,0.1875623902590621,73781872029.66145,49,7.543198374654344e-13,0.0556551297173097,16.09238474135265,0.9361148017734456,2.6840725013934392,5.659604499655598,0.375695993439282,0.0069040039542055,1.0,-1.3408952492390825e-07,1.000000000000007,999,1000,False
ct_w5_i1,5,projected_adam,550,False,,0,0.0,-10.99991264739686,1.0000873526031402,7.460260413167431e-16,9994,0.9955746811316336,1.0,8,True,0.0321161700324327,1.0326374598646249,2.5495958107510287e-05,0.1817174318282317,87999635053.33105,49,6.324405562216721e-13,0.0556545381404328,16.251605794810445,0.9374020884511184,2.7143567030998925,5.659604499655598,0.3715043360817107,0.0066878425143326,1.0000000000000002,-1.2459611963285984e-07,1.000000000000009,999,1000,False
ct_w5_i1,5,projected_adam,575,False,,0,0.0,-10.999915656359937,1.000084343640065,7.682540381718126e-16,9994,0.9955771899685764,1.0,8,True,0.0320885007446559,1.0326088879168631,2.472715951073483e-05,0.1762379708873999,104321702370.34589,49,5.334843507268047e-13,0.0556539956557589,16.406160161695805,0.938614351385774,2.743714132910551,5.659604499655598,0.367529281851369,0.0064882153078168,1.0000000000000002,-1.1613361747452253e-07,0.9999999999999964,999,1000,False
ct_w5_i1,5,projected_adam,600,False,,0,0.0,-10.999918464878062,1.0000815351219376,7.904663541829384e-16,9994,0.9955795430555072,1.0,8,True,0.0320625119772408,1.0325820520333615,2.4004527189646883e-05,0.1710875510055327,122975574607.5316,49,4.5255732079355133e-13,0.0556534965674319,16.556390409388,0.939758871050398,2.7722144050912325,5.659604499655597,0.3637508278660289,0.0063032854916468,1.0,-1.0855418685244553e-07,0.9999999999999972,999,1000,False
ct_w5_i1,5,projected_adam,625,False,,0,0.0,-10.999921093484204,1.000078906515796,8.1267432609221575e-16,9994,0.995581755536708,1.0,8,True,0.0320380417195186,1.0325567847935782,2.3323635619598923e-05,0.1662346301252555,144208075469.78998,49,3.859217719903635e-13,0.0556530360206214,16.702602475951835,0.940841970269108,2.799919536129285,5.659604499655597,0.3601515228784434,0.0061314805449558,1.0000000000000004,-1.0173591718916665e-07,1.0000000000000004,999,1000,False
ct_w5_i1,5,projected_adam,650,False,,0,0.0,-10.999923559926032,1.0000764400739666,8.348883673792318e-16,9994,0.995583840584218,1.0,8,True,0.0320149489550139,1.032532940478226,2.268063346761738e-05,0.1616517586275301,168282550181.193,49,3.30709332562436e-13,0.0556526098523269,16.845070759279135,0.9418691704807748,2.8268850196021,5.659604499655597,0.3567160595077914,0.0059714461428512,0.9999999999999998,-9.557750615774864e-08,1.000000000000037,999,1000,False
ct_w5_i1,5,projected_adam,675,False,,0,0.0,-10.999925879629023,1.000074120370975,8.571180861933271e-16,9994,0.9955858097149368,1.0,8,True,0.0319931102977261,1.03251039159142,2.207215107613081e-05,0.1573149199401042,195485097310.44083,49,2.846877600312561e-13,0.0556522144728015,16.984042348569407,0.9428453179355524,2.853160716883007,5.659604499655596,0.353430943762505,0.0058220095095098,1.0,-8.999418657371544e-08,0.9999999999999925,999,1000,False
ct_w5_i1,5,projected_adam,700,False,,0,0.0,-10.999928066069256,1.000071933930743,8.793723847588568e-16,9994,0.9955876730477048,1.0,8,True,0.0319724172633577,1.0324890260394608,2.149522557327318e-05,0.1532029967759138,226114760568.80756,49,2.461221312157145e-13,0.0556518467705259,17.119740563812936,0.943774686409125,2.878791599881331,5.659604499655593,0.3502842251296113,0.0056821497429323,0.9999999999999998,-8.491456345990828e-08,1.0000000000000002,999,1000,False
ct_w5_i1,5,projected_adam,725,False,,0,0.0,-10.99993013107632,1.0000698689236796,9.016595442989804e-16,9994,0.9955894395133752,1.0,8,True,0.0319527740381751,1.032468744824219,2.0947239660021467e-05,0.1492973348504332,260504193151.8644,49,2.1362997409793925e-13,0.0556515040354373,17.252367939083058,0.9446610614552082,2.9038183751687354,5.659604499655591,0.3472652744045914,0.0055509742002782,0.9999999999999998,-8.027814367560998e-08,0.9999999999999768,999,1000,False
ct_w5_i1,5,projected_adam,750,False,,0,0.0,-10.999932085080715,1.0000679149192848,9.23987297662724e-16,9994,0.9955911170276436,1.0,8,True,0.0319340956422202,1.0324494601442955,2.0425871428178043e-05,0.145581385219205,298990239870.77625,49,1.861304366340397e-13,0.0556511838964638,17.382108749589445,0.9455078099778976,2.9282780111858693,5.659604499655589,0.3443645996118018,0.0054276984746491,1.0,-7.603337584420689e-08,1.000000000000043,999,1000,False
ct_w5_i1,5,projected_adam,775,False,,0,0.0,-10.999933937317849,1.0000660626821514,9.463628914622572e-16,9994,0.9955927126341836,1.0,8,True,0.0319163064074047,1.0324310938217762,1.9929052693830305e-05,0.1420404073077599,341945310928.01154,49,1.6274790877910406e-13,0.0556508842703543,17.509131162332558,0.946317938042989,2.952204185776394,5.659604499655588,0.3415736925421604,0.0053116307697354,1.0000000000000002,-7.213610178116286e-08,0.9999999999999744,999,1000,False
ct_w5_i1,5,projected_adam,800,False,,0,0.0,-10.999935695996848,1.0000643040031534,9.68793140308486e-16,9994,0.9955942326239547,1.0,8,True,0.0318993387080904,1.0324135759900326,1.945493438301924e-05,0.1386612222047711,389769838659.5532,49,1.4277811621047928e-13,0.0556506033194734,17.633589080510696,0.9470941392371623,2.975627668975758,5.659604499655587,0.3388848999448795,0.0052021584039494,1.0000000000000002,-6.85483056627337e-08,0.9999999999999908,999,1000,False
ct_w5_i1,5,projected_adam,825,False,,0,0.0,-10.999937368441316,1.0000626315586842,9.91284473216049e-16,9994,0.9955956826351576,1.0,8,True,0.0318831318970605,1.0323968439938882,1.9001857497567957e-05,0.1354320057267016,442861821200.5602,49,1.2566072926752932e-13,0.0556503394168085,17.755623726337653,0.9478388353080546,2.9985766508052407,5.659604499655586,0.3362913149488005,0.0050987367695566,1.0,-6.523710939796165e-08,1.000000000000009,999,1000,False
ct_w5_i1,5,projected_adam,850,False,,0,0.0,-10.999938961207471,1.0000610387925288,1.0138429747574933e-15,9994,0.9955970677375228,1.0,8,True,0.0318676314078285,1.0323808414617486,1.856832868070262e-05,0.1323421142665687,501677234701.6928,49,1.1092807739197614e-13,0.0556500911167819,17.875365012728434,0.948554210544096,3.0210770246311323,5.659604499655591,0.3337866848983066,0.0050008801684607,1.0,-6.21739540305197e-08,1.0000000000000235,999,1000,False
ct_w5_i1,5,projected_adam,875,False,,0,0.0,-10.999940480183657,1.0000595198163431,1.0364744211437569e-15,9994,0.9955983925036976,1.0,8,True,0.0318527879938977,1.0323655175193147,1.8152999430283065e-05,0.1293819366403295,566704852712.2854,49,9.819901288017909e-14,0.0556498571307537,17.99293273373764,0.9492422409823946,3.043152632554756,5.659604499655591,0.331365332808663,0.0049081541621661,1.0,-5.9333931578687386e-08,0.9999999999999984,999,1000,False
ct_w5_i1,5,projected_adam,900,False,,0,0.0,-10.999941930674463,1.0000580693255348,1.0591843114884048e-15,9994,0.9955996610699768,1.0,8,True,0.0318385570812975,1.0323508261203995,1.7754648550498946e-05,0.1265427690147926,638403507071.8063,49,8.717000406475467e-14,0.0556496363064029,18.108437599347244,0.9499047193255163,3.0648254783267816,5.659604499655591,0.3290220901663188,0.0048201685254812,1.0000000000000002,-5.669522941521053e-08,0.9999999999999684,999,1000,False
ct_w5_i1,5,projected_adam,925,False,,0,0.0,-10.999943317472558,1.0000566825274415,1.0819778951849532e-15,9994,0.995600877188214,1.0,8,True,0.0318248982148443,1.0323367254746325,1.7372167024963727e-05,0.1238167070935687,717323018664.6309,49,7.75793138687531e-14,0.0556494276102648,18.221982139588984,0.9505432763003911,3.086115913031455,5.659604499655591,0.3267522391547279,0.0047365721096646,1.0000000000000002,-5.423867906151435e-08,1.0000000000000069,999,1000,False
ct_w5_i1,5,projected_adam,950,False,,0,0.0,-10.999944644919854,1.0000553550801463,1.1048601968435016e-15,9994,0.995602044270442,1.0,8,True,0.0318117745820025,1.0323231775553774,1.700454512455452e-05,0.1211965542307313,804026574791.1857,49,6.921317262096365e-14,0.0556492301128644,18.3336615017104,0.9511593990688296,3.1070427984381284,5.65960449965559,0.3245514626901738,0.0046570480816529,1.0,-5.194737938112838e-08,0.999999999999992,999,1000,False
ct_w5_i1,5,projected_adam,975,False,,0,0.0,-10.99994591696024,1.0000540830397586,1.1278360380605002e-15,9994,0.9956031654273106,1.0,8,True,0.0317991526024618,1.0323101476755825,1.665086118069244e-05,0.1186757414145789,899056533170.3324,49,6.189715654454172e-14,0.055649042976037,18.443564150261093,0.9517544471304552,3.127623650238712,5.659604499655592,0.3224158011457361,0.0045813093935811,1.0000000000000002,-4.9806371498557794e-08,1.0000000000000095,999,1000,False
ct_w5_i1,5,projected_adam,999,False,,0,0.0,-10.999947089328638,1.0000529106713625,1.1499851542316022e-15,9994,0.9956042011721918,1.0,8,True,0.0317874789325876,1.0322980968980493,1.632365403175052e-05,0.1163436367519167,998737433914.7922,49,5.5719221567308957e-14,0.0556488723678638,18.547475700599524,0.9523070234162756,3.147070856667004,5.659604499655593,0.3204234447844737,0.0,,0.0,,999,1000,False
ct_w5_i1,5,ray_projected,0,False,0.02,0,5.659604499655599,-9.11753223447124,2.8824677655287587,0.0224114818608237,64512,0.0224114818608237,0.0,0,True,7.62881478389565,2056.611046235076,0.137552301854735,1.0,143.1861843121566,51,0.0425415362999256,6.09136025756346,7.458669329689523,1.0,1.3289421520446212,0.0,0.0,0.1122497216032182,1.0000000000000004,-0.0439599319556913,1.0,999,1000,False
ct_w5_i1,5,ray_projected,25,False,0.02,0,5.659604499655599,-10.029135814753346,1.9708641852466544,0.074295637122896,64512,0.074295637122896,0.0,0,True,6.20429963308088,494.8722423932461,0.1613775878629344,1.1732089226202889,440.0550039257016,51,0.0204762412683814,9.010672431741192,10.264912369769974,0.9999999999999998,1.82894215204462,9.96977803453254e-15,9.712482362629222e-16,0.1122497216032182,1.0000000000000004,-0.0296783842990424,0.9999999999999992,999,1000,False
ct_w5_i1,5,ray_projected,50,False,0.02,0,5.659604499655599,-10.636677602877832,1.3633223971221682,0.1692126027710377,64512,0.1692126027710377,0.0,0,True,4.951698347605657,141.4149318001877,0.2143195414118412,1.5580949102413264,1469.1142726172166,51,0.00844940786961,12.413145696408346,13.07115540985042,1.0000000000000004,2.32894215204462,1.979064019788729e-14,1.5140696883592297e-15,0.1122497216032182,1.0000000000000004,-0.0196500488718576,0.9999999999999994,999,1000,False
ct_w5_i1,5,ray_projected,75,False,0.02,0,5.659604499655599,-11.044505758420554,0.955494241579446,0.3002147817165548,64512,0.3002147817165548,0.0,0,True,3.906295057472697,49.71442127307491,0.269296390074803,1.9577745079046296,5070.980019914093,51,0.0030206588945977,15.317700901481048,15.877398449930878,1.0000000000000002,2.82894215204462,2.260933140504636e-14,1.423994710238237e-15,0.1122497216032182,1.0000000000000004,-0.0135139462967578,1.0000000000000018,999,1000,False
ct_w5_i1,5,ray_projected,100,False,0.02,0,5.659604499655599,-11.332230175655322,0.6677698243446777,0.4487393382313046,64512,0.4487393382313046,0.0,0,True,3.0242802144019274,20.579186776705946,0.2896935008500847,2.1060607270390976,17206.785752833614,51,0.0009549320355356,16.431310943979845,18.683641490011343,1.0000000000000002,3.3289421520446214,1.2258792862456023e-14,6.561243892958349e-16,0.1122497216032182,1.0000000000000004,-0.0097750769320792,1.000000000000001,999,1000,False
ct_w5_i1,5,ray_projected,125,False,0.02,0,5.659604499655599,-11.542425094350884,0.4575749056491158,0.5929239252538219,64512,0.5929239252538219,0.0,0,True,2.274717020107958,9.725166596545476,0.2677162349427107,1.9462868402263305,56031.490036118106,51,0.0002729289002599,15.292612955485282,21.48988453009181,1.0000000000000002,3.828942152044624,4.741575244451873e-15,2.2064219274014003e-16,0.1122497216032182,1.0000000000000004,-0.0071627681640719,1.0000000000000022,999,1000,False
ct_w5_i1,5,ray_projected,150,False,0.02,0,5.659604499655599,-11.695009531964942,0.3049904680350579,0.7159300888558243,64512,0.7159300888558243,0.0,0,True,1.654458851100244,5.23024881283079,0.2181158632517792,1.5856940255505505,174179.83732476982,51,7.214408960538315e-05,12.566045791409255,24.296127570172256,1.0000000000000002,4.328942152044622,2.853251573535156e-14,1.1743647481658845e-15,0.1122497216032182,1.0000000000000004,-0.0051212701050054,1.000000000000001,999,1000,False
ct_w5_i1,5,ray_projected,175,False,0.02,0,5.659604499655599,-11.802130643216,0.1978693567840004,0.8104819338402638,64512,0.8104819338402638,0.0,0,True,1.1656259057685536,3.2079301169330057,0.1613417326002678,1.1729482562251567,519721.2641714565,51,1.800883466777849e-05,9.35957431979259,27.102370610252688,1.0000000000000004,4.828942152044617,7.002541957642103e-14,2.5837378059442066e-15,0.1122497216032182,1.0000000000000004,-0.0035193063285247,1.000000000000004,999,1000,False
ct_w5_i1,5,ray_projected,200,False,0.02,0,5.659604499655599,-11.874412761745832,0.1255872382541678,0.8776551939698402,64512,0.8776551939698402,0.0,0,True,0.7997486077464564,2.224981515062148,0.1113530816333884,0.8095326659890083,1502727.5322320398,51,4.31955891600846e-06,6.491120110184298,29.90861365033312,1.0000000000000004,5.328942152044614,1.1133804500099229e-13,3.7226080186351976e-15,0.1122497216032182,1.0000000000000004,-0.0023285705734189,1.0000000000000029,999,1000,False
ct_w5_i1,5,ray_projected,213,True,,0,5.659604499655599,-11.901510500207134,0.0984894997928655,0.9034769710303792,64512,0.9034769710303792,0.0,0,True,0.6519567748224763,1.9192927807447016,0.0900250674063171,0.6544788141850941,2586022.206443396,51,2.033040094776001e-06,5.257486831680524,31.367860031174928,1.0000000000000002,5.588942152044608,1.1133804500099229e-13,3.5494306876637104e-15,0.0,,0.0,,999,1000,False
ct_w5_i1,5,target_direction,0,False,0.02,0,0.0,-10.999357436549008,1.0006425634509934,1.8660347712070622e-16,9994,0.9952163047717868,1.0,8,True,0.0359094566276045,1.036561988423746,0.0001403055163778,1.0,489673913.09180486,51,1.1393713379643412e-10,0.0557920421525644,9.362845254631363,0.7966242233897934,1.3289421520446212,5.659604499655599,0.7587954700079441,0.1122497216032182,1.0000000000000004,-2.335835747116377e-05,0.9999999999999984,999,1000,False
ct_w5_i1,5,target_direction,25,False,0.02,0,0.0,-10.999717823169236,1.0002821768307657,3.0772360692798063e-16,9994,0.9954313720129162,1.0,8,True,0.0336595725140304,1.034232465634081,6.859183290190814e-05,0.4888748117159151,17797608699.762424,51,3.129565563422189e-12,0.0556987832980396,11.721755374157,0.8757146043502211,1.8289421520446203,5.659604499655597,0.5513543901575871,0.1122497216032182,1.0000000000000004,-8.44581901105812e-06,0.9999999999999968,999,1000,False
ct_w5_i1,5,target_direction,50,False,0.02,0,0.0,-10.999858982295368,1.0001410177046317,5.07401653177103e-16,9994,0.9955318213925768,1.0,8,True,0.032583987627793,1.0331206588536597,3.8436447905961706e-05,0.2739482302496231,472618168238.1834,51,1.177806935490511e-13,0.0556652956389753,14.24381363403017,0.9176724538589772,2.3289421520446187,5.659604499655594,0.4329842559587744,0.1122497216032182,1.0000000000000004,-3.65208002323314e-06,1.0000000000000016,999,1000,False
ct_w5_i1,5,target_direction,75,False,0.02,0,0.0,-10.999923744469909,1.0000762555300913,8.366077424708499e-16,9994,0.9955839969480932,1.0,8,True,0.0320132158723151,1.0325311510148014,2.263235950955414e-05,0.1613076954765614,170271264719.1496,49,3.268465662409288e-13,0.0556525782029542,16.855945675944408,0.9419464653703736,2.828942152044618,5.659604499655586,0.3564566649569865,0.1122497216032182,1.0000000000000004,-1.7917321431504264e-06,1.0000000000000024,999,1000,False
ct_w5_i1,5,target_direction,100,False,0.02,0,0.0,-10.99995679747738,1.000043202522621,1.379372983011297e-15,9994,0.9956128704074696,1.0,8,True,0.0316892144442968,1.0321966636375193,1.3566347270756956e-05,0.0966914745834051,404334795532.0759,48,1.3762736424166468e-13,0.055647532180272,19.52202813285019,0.957054326674794,3.328942152044617,5.659604499655574,0.3029176353379141,0.1122497216032182,1.0000000000000004,-9.540400271568215e-07,1.0000000000000364,999,1000,True
ct_w5_i1,5,target_direction,125,False,0.02,0,0.0,-10.999974842171843,1.000025157828155,2.274239458188965e-15,9994,0.9956294541091846,1.0,8,True,0.0314974881221992,1.031998783337556,8.187131132849494e-06,0.0583521684978031,456693863912.41125,47,1.2184405956451785e-13,0.0556454343572936,22.22265196166288,0.967026103237578,3.828942152044616,5.659604499655552,0.2633613266618786,0.1122497216032182,1.0000000000000004,-5.345483144125752e-07,1.0000000000000913,999,1000,True
ct_w5_i1,5,target_direction,150,False,0.02,0,0.0,-10.999985109566662,1.000014890433338,3.7496236354187926e-15,9994,0.9956391900577716,1.0,8,True,0.0313811566544973,1.031878736387178,4.954324057932372e-06,0.0353109712706618,522995759681.346,46,1.0639572547514537e-13,0.0556445132717215,24.94660173247257,0.9739253398408312,4.328942152044613,5.659604499655528,0.2329426565327921,0.1122497216032182,1.0000000000000004,-3.089872304329333e-07,0.999999999999928,999,1000,True
ct_w5_i1,5,target_direction,175,False,0.02,0,0.0,-10.999991100570348,1.000008899429652,6.182120199617165e-15,9994,0.995644980659796,1.0,8,True,0.0313095162971089,1.0318048148736352,3.001559327082424e-06,0.0213930243412513,481012635552.3256,45,1.1568112615810868e-13,0.0556440833769729,27.686993621337944,0.978884561499132,4.828942152044611,5.659604499655505,0.2088232273495113,0.1122497216032182,1.0000000000000004,-1.8202013791324134e-07,1.000000000000265,999,1000,True
ct_w5_i1,5,target_direction,200,False,0.02,0,0.0,-10.999994650040495,1.0000053499595047,1.0192628603711578e-14,9994,0.995648451595162,1.0,8,True,0.031265017519277,1.0317589018419566,1.819468341724692e-06,0.012967903106712,949256741982.916,44,5.861835630256938e-14,0.0556438699241707,30.439387207652715,0.9825629355249904,5.328942152044607,5.659604499655485,0.1892299177027369,0.1122497216032182,1.0000000000000004,-1.0846450775758857e-07,1.0000000000002387,999,1000,True
ct_w5_i1,5,target_direction,225,False,0.02,0,0.0,-10.99999677250656,1.0000032274934405,1.680483886311855e-14,9994,0.9956505418492012,1.0,8,True,0.031237245159153,1.0317302478600698,1.1032091421609964e-06,0.0078629063962836,716428632574.8624,41,7.766824958015896e-14,0.0556437578411964,33.20079775196395,0.9853635727315708,5.8289421520446,5.659604499655468,0.1729979915001098,0.1122497216032182,1.0000000000000004,-6.508498618273962e-08,1.0000000000010882,999,1000,True
ct_w5_i1,5,target_direction,250,False,0.02,0,0.0,-10.999998048797416,1.0000019512025844,2.770653041205964e-14,9994,0.9956518041871656,1.0,8,True,0.0312198692842574,1.0317123208001069,6.690085655187881e-07,0.0047682271003321,129121058006.26988,40,4.3094207180852194e-13,0.0556436962513302,35.96914857424644,0.987543523783231,6.32894215204459,5.659604499655462,0.1593307792437756,0.1122497216032182,1.0000000000000004,-3.922003831036136e-08,0.999999999998794,999,1000,True
ct_w5_i1,5,target_direction,275,False,0.02,0,0.0,-10.999998818871276,1.0000011811287235,4.5680381063612394e-14,9994,0.995652567832998,1.0,8,True,0.0312089864102214,1.0317010928659742,4.057313952846434e-07,0.0028917707996034,331909348222.2953,40,1.6764716493880453e-13,0.0556436612461542,38.74295196478471,0.9892726502980936,6.82894215204458,5.659604499655459,0.1476649329313954,0.1122497216032182,1.0000000000000004,-2.369447839711824e-08,1.00000000000075,999,1000,True
ct_w5_i1,5,target_direction,300,False,0.02,0,0.0,-10.999999284466554,1.0000007155334458,7.531425089369745e-14,9994,0.9956530302736792,1.0,8,True,0.0312021686422519,1.0316940589912869,2.460732043661498e-07,0.0017538384143323,888465883345.752,40,6.262889990758698e-14,0.0556436408793669,41.52111516728584,0.9906666919934638,7.3289421520445694,5.659604499655458,0.1375908369794852,0.1122497216032182,1.0000000000000004,-1.4337080340709464e-08,1.0000000000000064,999,1000,True
ct_w5_i1,5,target_direction,325,False,0.02,0,0.0,-10.99999956632207,1.0000004336779291,1.2417224238209838e-13,9994,0.9956533104885896,1.0,8,True,0.0311978986100272,1.0316896536338145,1.4924538087657204e-07,0.0010637171276622,765515127407.3982,39,7.268782399270772e-14,0.0556436288447441,44.30281799755421,0.9918066352610088,7.828942152044559,5.659604499655458,0.1288035171661979,0.1122497216032182,1.0000000000000004,-8.683266532472088e-09,1.0000000000044873,999,1000,True
ct_w5_i1,5,target_direction,350,False,0.02,0,0.0,-10.99999973707695,1.0000002629230504,2.047254521723423e-13,9994,0.9956534803484336,1.0,8,True,0.031195225661795,1.031686895984464,9.051984735118269e-08,0.0006451624261688,821657390932.0364,36,6.772119654384683e-14,0.0556436216630128,47.08743314636944,0.9927504806963496,8.328942152044545,5.659604499655457,0.1210712316721405,0.1122497216032182,1.0000000000000004,-5.2620362644972834e-09,0.9999999999969555,999,1000,True
ct_w5_i1,5,target_direction,375,False,0.02,0,0.0,-10.99999984057189,1.0000001594281098,3.3753524256430245e-13,9994,0.9956535833371416,1.0,8,True,0.0311935535859246,1.0316851709271415,5.490226726978152e-08,0.0003913051224724,457250655817.9837,33,1.216917168803361e-13,0.05564361735115,49.8744728102785,0.9935406258707116,8.828942152044537,5.659604499655458,0.1142147346203334,0.1122497216032182,1.0000000000000004,-3.189886808030452e-09,1.000000000002639,999,1000,True
ct_w5_i1,5,target_direction,400,False,0.02,0,0.0,-10.999999903317976,1.0000000966820242,5.565015689331939e-13,9994,0.995653645789424,1.0,8,True,0.0311925083938435,1.0316840926185344,3.329953889277568e-08,0.0002373359205856,743373695020.3837,33,7.485281645846449e-14,0.0556436147534113,52.66355206300279,0.9942086304459368,9.328942152044526,5.659604499655457,0.1080932080442842,0.1122497216032182,1.0000000000000004,-1.934142801474081e-09,0.9999999999737134,999,1000,True
ct_w5_i1,5,target_direction,425,False,0.02,0,0.0,-10.999999941365722,1.000000058634278,9.175160087799117e-13,9994,0.9956536836634956,1.0,8,True,0.0311918555662221,1.031683419106882,2.0196934865490203e-08,0.0001439496848513,897362993756.3005,31,6.20079205110957e-14,0.0556436131864395,55.454363161810825,0.9947783702806356,9.828942152044515,5.659604499655457,0.1025944877154746,0.1122497216032182,1.0000000000000004,-1.1728986315517882e-09,0.9999999999730717,999,1000,True
ct_w5_i1,5,target_direction,450,False,0.02,0,0.0,-10.999999964439588,1.0000000355604115,1.5127281947817018e-12,9994,0.9956537066330956,1.0,8,True,0.0311914481297585,1.031682998761524,1.2249761569749632e-08,8.730776868931884e-05,687345341112.2554,30,8.095437462740034e-14,0.0556436122427998,58.24665716993033,0.9952681727641612,10.328942152044506,5.659604499655457,0.0976281278402203,0.1122497216032182,1.0000000000000004,-7.113336764064115e-10,1.0000000000475957,999,1000,True
ct_w5_i1,5,target_direction,475,False,0.02,0,0.0,-10.99999997843388,1.0000000215661196,2.494067186419516e-12,9994,0.995653720563578,1.0,8,True,0.0311911940459506,1.0316827366276122,7.429408583744744e-09,5.295164991046298e-05,663099096581.218,29,8.391447366730789e-14,0.0556436116788802,61.040230580010046,0.9956922920130864,10.8289421520445,5.659604499655458,0.0931203870808061,0.1122497216032182,1.0000000000000004,-4.314439649988344e-10,1.000000000012964,999,1000,True
ct_w5_i1,5,target_direction,500,False,0.02,0,0.0,-10.999999986922369,1.0000000130776332,4.11202165569438e-12,9994,0.9956537290115792,1.0,8,True,0.0311910357268611,1.0316825732925536,4.505452175150406e-09,3.211172512289639e-05,695900811875.6686,27,7.995911256340861e-14,0.055643611349734,63.83491542291095,0.9960619468209904,11.328942152044498,5.659604499655459,0.0890105423207638,0.1122497216032182,1.0000000000000004,-2.6172656930611986e-10,0.9999999998061868,999,1000,True
ct_w5_i1,5,target_direction,525,False,0.02,0,0.0,-10.99999999207241,1.0000000079275893,6.779577604200656e-12,9994,0.9956537341337826,1.0,8,True,0.0311909371737588,1.0316824716170403,2.731527434209629e-09,1.946842508211996e-05,863128561507.504,25,6.446735011732847e-14,0.0556436111709703,66.630571848361,0.9963860631793676,11.8289421520445,5.659604499655448,0.085248137315453,0.1122497216032182,1.0000000000000004,-1.5882481108064896e-10,0.9999999994878744,999,1000,True
ct_w5_i1,5,target_direction,550,False,0.02,0,0.0,-10.99999999519877,1.0000000048012296,1.117763383725466e-11,9994,0.995653737237754,1.0,8,True,0.0311908759081912,1.03168240841043,1.6548836022825235e-09,1.1794857714833246e-05,986764607413.9454,21,5.638995427962382e-14,0.0556436110968233,69.42708248680049,0.996671813547897,12.3289421520445,5.659604499655433,0.0817909008281635,0.1122497216032182,1.0000000000000004,-9.647292742442912e-11,1.0000000002764589,999,1000,True
ct_w5_i1,5,target_direction,575,False,0.02,0,0.0,-10.999999997099572,1.0000000029004266,1.8428802698340548e-11,9994,0.995653739115832,1.0,8,True,0.0311908379152379,1.0316823692137695,1.0008376137852392e-09,7.133273442294226e-06,123309576719.74466,19,4.512513349614592e-13,0.0556436111083172,72.22434811348873,0.9969250139634294,12.8289421520445,5.65960449965542,0.07860315160228,0.1122497216032182,1.0000000000000004,-5.874593256294247e-11,0.9999999997623232,999,1000,True
ct_w5_i1,5,target_direction,600,False,0.02,0,0.0,-10.99999999826001,1.0000000017399897,3.038395903682204e-11,9994,0.9956537402474152,1.0,8,True,0.0311908144795645,1.0316823450355983,6.031180890384928e-10,4.298605675734222e-06,124393277060.6213,19,4.4732008451912073e-13,0.0556436112083675,75.02228427745857,0.997150420199842,13.328942152044505,5.659604499655408,0.0756545623329423,0.1122497216032182,1.0000000000000004,-3.601527964747219e-11,1.0000000000516804,999,1000,True
ct_w5_i1,5,target_direction,625,False,0.02,0,0.0,-10.999999998976316,1.0000000010236842,5.009467958599202e-11,9994,0.9956537409213488,1.0,8,True,0.0311908002112174,1.031682330315197,3.6327941713912736e-10,2.589202666564371e-06,124817889335.34589,19,4.457983684774933e-13,0.0556436114225015,77.82081865411857,0.9973519512389838,13.828942152044505,5.659604499655394,0.0729191917781612,0.1122497216032182,1.0000000000000004,-2.247531938337488e-11,0.9999999966080296,999,1000,True
ct_w5_i1,5,target_direction,650,False,0.02,0,0.0,-10.999999999431312,1.0000000005686882,8.259216381455305e-11,9994,0.995653741309656,1.0,8,True,0.0311907918208259,1.0316823216589783,2.3365665293955853e-10,1.66534188371018e-06,125018309899.18228,19,4.45083698941844e-13,0.0556436118053857,80.61988894675193,0.9975328597251908,14.328942152044508,5.659604499655382,0.0703747195134113,0.1122497216032182,1.0000000000000004,-1.4675460846547138e-11,0.9999999974300878,999,1000,True
ct_w5_i1,5,target_direction,675,False,0.02,0,0.0,-10.999999999741153,1.000000000258849,1.3617145730179839e-10,9994,0.9956537415114548,1.0,8,True,0.0311907873699223,1.0316823170670597,2.1811171122530712e-10,1.5545483659956516e-06,125191010270.9142,19,4.444697133949762e-13,0.0556436124547407,83.41944120872554,0.9976958632894292,14.828942152044512,5.6596044996553685,0.0680018355007875,0.1122497216032182,1.0000000000000004,-1.062325338807568e-11,0.9999999955821022,999,1000,True
ct_w5_i1,5,target_direction,700,False,0.02,0,0.0,-10.999999999984915,1.0000000000150848,2.2450877813076543e-10,9994,0.995653741578254,1.0,8,True,0.0311907858280135,1.0316823154762995,3.2136285048023557e-10,2.290450573695698e-06,125717043087.43846,19,4.426099450781674e-13,0.0556436135363207,86.21942849129435,0.9978432466718166,15.328942152044512,5.659604499655356,0.065783749124497,0.1122497216032182,1.0000000000000004,-9.28153554013989e-12,0.9999999959138548,999,1000,True
ct_w5_i1,5,target_direction,725,False,0.02,0,0.0,-11.000000000224832,0.9999999997751684,3.7015239794405236e-10,9994,0.995653741527106,1.0,8,True,0.0311907868364781,1.0316823165167148,5.312306258625214e-10,3.786241906783093e-06,153834204665.65073,19,3.617115936415788e-13,0.0556436153261973,89.01980974566743,0.9979769418272204,15.828942152044515,5.659604499655342,0.0637057912770105,0.1122497216032182,1.0000000000000004,-1.0308536246839129e-11,1.0000000045391062,999,1000,True
ct_w5_i1,5,target_direction,750,False,0.02,0,0.0,-11.000000000522135,0.999999999477863,6.102781317793693e-10,9994,0.9956537413449548,1.0,8,True,0.0311907906259584,1.0316823204262546,8.824496850655643e-10,6.289486741842049e-06,251893964397.69055,19,2.2090095891853312e-13,0.0556436182812406,91.82054892530444,0.9980985912712864,16.328942152044515,5.659604499655329,0.0617550895510864,0.1122497216032182,1.0000000000000004,-1.3967085266131098e-11,0.9999999981757908,999,1000,True
ct_w5_i1,5,target_direction,775,False,0.02,0,0.0,-11.00000000095272,0.9999999990472794,1.0061785365443592e-09,9994,0.995653740985305,1.0,8,True,0.0311907980683966,1.031682328104487,1.460167051234153e-09,1.0407053756191746e-05,414793924641.4541,19,1.3414763295735709e-13,0.0556436231557434,94.62161424713508,0.9982095985542002,16.82894215204452,5.659604499655316,0.0599203013334684,0.1122497216032182,1.0000000000000004,-2.1191866039771398e-11,1.0000000025268003,999,1000,True
ct_w5_i1,5,target_direction,800,False,0.02,0,0.0,-11.00000000162648,0.9999999983735216,1.658907954274688e-09,9994,0.9956537403563558,1.0,8,True,0.0311908108752573,1.0316823413170986,2.41087141647019e-09,1.7183012319901987e-05,683505952318.2511,19,8.140913916727614e-14,0.0556436311939381,97.4229775798453,0.9983111687646082,17.328942152044522,5.659604499655303,0.0581913931056109,0.1122497216032182,1.0000000000000004,-3.382689683917309e-11,0.9999999999556968,999,1000,True
ct_w5_i1,5,target_direction,825,False,0.02,0,0.0,-11.000000002715408,0.9999999972845915,2.735076827437649e-09,9994,0.9956537392975674,1.0,8,True,0.0311908319863417,1.0316823630970318,3.9770180737934464e-09,2.8345414895050503e-05,125142169119.95029,18,4.4464343904957003e-13,0.0556436444476176,100.22461393446444,0.9984043412506932,17.828942152044522,5.659604499655289,0.0565594568805292,0.1122497216032182,1.0000000000000004,-5.509416922677698e-11,0.9999999974851363,999,1000,True
ct_w5_i1,5,target_direction,850,False,0.02,0,0.0,-11.00000000449745,0.9999999955025504,4.509379334429368e-09,9994,0.9956537375386812,1.0,8,True,0.0311908662361587,1.0316823984319643,6.558323743969958e-09,4.6743163870404994e-05,168365135631.69943,18,3.304939950371849e-13,0.0556436662998978,103.02650103784876,0.9984900162205148,18.32894215204452,5.659604499655276,0.0550165566844525,0.1122497216032182,1.0000000000000004,-9.042549820037496e-11,0.9999999992634774,999,1000,True
ct_w5_i1,5,target_direction,875,False,0.02,0,0.0,-11.000000007427474,0.9999999925725264,7.4347096046149905e-09,9994,0.9956537346307384,1.0,8,True,0.0311909214464923,1.0316824553914954,1.0813651236277496e-08,7.70721744621825e-05,277169915817.2888,18,2.007566447634477e-13,0.0556437023288461,105.82861897375044,0.998568976495072,18.82894215204453,5.659604499655263,0.0535555994984302,0.1122497216032182,1.0000000000000004,-1.4883893229011859e-10,0.999999999947986,999,1000,True
ct_w5_i1,5,target_direction,900,False,0.02,0,0.0,-11.000000012253375,0.9999999877466248,1.2257763807523006e-08,9994,0.9956537298314808,1.0,8,True,0.0311910101879518,1.0316825469445063,1.782918978962172e-08,0.0001270740470503,456821939538.5137,18,1.2180623765081e-13,0.0556437617315321,108.63094987930768,0.998641905397254,19.32894215204453,5.659604499655248,0.0521702262307894,0.1122497216032182,1.0000000000000004,-2.4524267061565277e-10,0.9999999999218436,999,1000,True
ct_w5_i1,5,target_direction,925,False,0.02,0,0.0,-11.000000020206972,0.999999979793028,2.0209635760011244e-08,9994,0.9956537219158884,1.0,8,True,0.0311911526001834,1.031682693868731,2.9395659722137196e-08,0.0002095117888521,753053535010.0417,18,7.389097465902292e-14,0.0556438596723146,111.43347768722856,0.9987094015411928,19.82894215204453,5.659604499655235,0.0508547191848067,0.1122497216032182,1.0000000000000004,-4.042458456865462e-10,0.999999999980318,999,1000,True
ct_w5_i1,5,target_direction,950,False,0.02,0,0.0,-11.00000003331844,0.9999999666815588,3.332005591382556e-08,9994,0.9956537088634928,1.0,8,True,0.0311913808913903,1.031682929392845,4.8465432240014193e-08,0.0003454278455417,152872276891.23077,17,3.639902687845779e-13,0.0556440211553495,114.23618790584472,0.9987719911205896,20.32894215204453,5.659604499655222,0.049603923181639,0.1122497216032182,1.0000000000000004,-6.664321361427025e-10,0.9999999999158516,999,1000,True
ct_w5_i1,5,target_direction,975,False,0.02,0,0.0,-11.000000054934503,0.9999999450654968,5.493548373862888e-08,9994,0.9956536873426434,1.0,8,True,0.0311917465021075,1.0316833065872495,7.990609495943619e-08,0.0005695149914438,251984051664.7716,17,2.2082463967216732e-13,0.0556442874120059,117.03906743070398,0.9988301381676832,20.82894215204454,5.659604499655209,0.0484131780439466,0.1122497216032182,1.0000000000000004,-1.0987282905716716e-09,1.0000000000026237,999,1000,True
ct_w5_i1,5,target_direction,999,False,,0,0.0,-11.00000008877922,0.9999999112207814,8.87798260374167e-08,9994,0.9956536536457692,1.0,8,True,0.0311923024452777,1.031683880144697,1.2913424827476676e-07,0.0009203789815864,407200535923.6068,17,1.3665184456909998e-13,0.0556447043434869,119.72998002057255,0.9988821612661634,21.308942152044537,5.659604499655196,0.0473226346797906,0.0,,0.0,,999,1000,True
ct_w6_i1,6,adam,0,False,,0,0.0,-10.99352170728252,1.00647829271748,9.002764747682834e-10,57619,0.960242329815542,1.0,7,True,0.2157770953276441,1.2408257623122418,0.0014731038788385,1.0,85639067.87613422,52,6.0167531934109135e-09,0.5152691351244645,8.208860836484618,0.8547465942839202,1.260199855040109,4.260772502590869,0.607250769895426,0.1442191497842798,0.2739688995135056,-0.0011091792976248,0.2807739981896456,199,1000,False
ct_w6_i1,6,adam,25,False,,0,0.0,-10.999557677585328,1.0004423224146723,3.3274689043932644e-15,57619,0.9976436989464824,1.0,7,True,0.0192986650242639,1.0194860879896548,0.0001235848565848,0.0838941899211355,20138230322.9275,52,1.47987842383031e-12,0.0298021325490257,9.962960858132362,0.7664536506088446,1.37149261767738,6.399205970276888,0.8380149526211172,0.0418290763843888,0.2619346773970065,-2.5411135195780966e-05,0.4726297914368881,199,1000,True
ct_w6_i1,6,adam,50,False,,0,0.0,-10.999821984628364,1.0001780153716346,2.0901839760221863e-16,57619,0.9987540615351732,1.0,7,True,0.0108722788044581,1.0109315968066994,4.932031140382266e-05,0.0334805386859131,72756857247.94879,52,2.270538506174387e-13,0.01651972459697,10.45894368182345,0.744932334805903,1.3993417876154557,6.97757997761282,0.8955713110166298,0.0138141601278916,0.2387503045257813,-3.933732569033448e-06,0.5557235110162986,199,1000,True
ct_w6_i1,6,adam,75,False,,0,0.0,-10.999884157797249,1.000115842202753,7.391198494019773e-17,57619,0.9990146541428933,1.0,7,True,0.0087698049849032,1.0088083723850567,3.163277009929196e-05,0.0214735502049132,121351926149.5856,52,1.1044551003817967e-13,0.0134027753777064,10.669309667649731,0.7361001033128829,1.4105625591960549,7.221764330731555,0.919538913982298,0.0085272448869582,0.2331413809634088,-1.5927300367494703e-06,0.5420231563862573,199,1000,True
ct_w6_i1,6,adam,100,False,,0,0.0,-10.99991463708043,1.0000853629195705,3.497580949419504e-17,57619,0.9991623380904284,1.0,7,True,0.0075577717979419,1.0075864038412476,2.3098717037848505e-05,0.0156803042675174,173821585875.2186,52,6.653210783613647e-14,0.0115647164956982,10.821710469827773,0.7298728291811537,1.4186075276321173,7.39753679623767,0.9365781617979674,0.0069124891248461,0.2357719789912981,-9.315627001896762e-07,0.4992672146552705,199,1000,True
ct_w6_i1,6,adam,125,False,,0,0.0,-10.999933645635306,1.0000663543646944,1.8318689768617346e-17,57619,0.9992693182710878,1.0,7,True,0.0066706050393587,1.006692903078051,1.7852445756054285e-05,0.0121189320132195,234995337149.29968,52,4.33581097518093e-14,0.0101889536192827,10.95159640124228,0.7246975964353866,1.4254546478465984,7.546384179897766,0.9508339054407248,0.0059736797990391,0.2382319244788609,-6.157178548209866e-07,0.4646380725194325,199,1000,True
ct_w6_i1,6,adam,150,False,,0,0.0,-10.99994659766622,1.00005340233378,1.0292831861192945e-17,57619,0.9993516689683196,1.0,7,True,0.0059811190696791,1.0059990416769409,1.4312437160451406e-05,0.0097158369929321,305819251001.00604,52,2.9777078451392826e-14,0.0091064038290031,11.06622343072735,0.7202278251036376,1.431490543463395,7.6770554616988465,0.9632196811714262,0.0052722431328877,0.2399391525252087,-4.326133326038418e-07,0.438528124604169,199,1000,True
ct_w6_i1,6,adam,175,False,,0,0.0,-10.999955889375222,1.0000441106247775,6.1242736405750715e-18,57619,0.999417004462414,1.0,7,True,0.0054291528369348,1.0054439173947856,1.1789799672551655e-05,0.0080033729066325,386443446774.79736,52,2.1307383608555497e-14,0.008234098763443,11.16882549478044,0.7163009990822146,1.4368856760345583,7.793510704879128,0.9741595085432906,0.0047158200533835,0.2411638505687699,-3.172095916407647e-07,0.4180483484803848,199,1000,True
ct_w6_i1,6,adam,200,False,,0,0.0,-10.99996281348976,1.000037186510239,3.8221625019681e-18,57619,0.9994700551673786,1.0,7,True,0.0049772085791212,1.004989615457074,9.918966541769694e-06,0.0067333788772521,476929378288.8845,52,1.5762360181045832e-14,0.0075175326415116,11.261632566322293,0.7128070704326818,1.441758450030609,7.898460469203869,0.9839410881120796,0.0042638784923902,0.2420894718092465,-2.404489720074136e-07,0.4013409053285711,199,1000,True
ct_w6_i1,6,adam,225,False,,0,0.0,-10.999968131142106,1.000031868857894,2.483075359107705e-18,57619,0.9995139718705016,1.0,7,True,0.0046001702457064,1.004610767271995,8.487338570980192e-06,0.0057615343309474,577327905177.3417,52,1.1984399247194265e-14,0.0069189281121915,11.3463310767633,0.7096650394398548,1.4461988630201483,7.993935401921937,0.9927771477059408,0.0038904065043922,0.2428187221175476,-1.8722346394162715e-07,0.3872968449092774,199,1000,True
ct_w6_i1,6,adam,250,False,,0,0.0,-10.999972316652334,1.0000276833476658,1.6689688191882892e-18,57619,0.9995509270179518,1.0,7,True,0.004280614689807,1.0042897896076264,7.363625808589375e-06,0.0049987145607105,687682182127.826,52,9.323356283669006e-15,0.0064115059939086,11.424224840945872,0.7068137064905992,1.450276659967451,8.081493618920204,1.0008291123475663,0.0035771580240897,0.2434117867503431,-1.4904576715324676e-07,0.3752205244789457,199,1000,True
ct_w6_i1,6,adam,275,False,,0,0.0,-10.999975679022748,1.0000243209772537,1.154933745351404e-18,57619,0.9995824611272924,1.0,7,True,0.0040061118391159,1.0040141470315265,6.462882969520127e-06,0.0043872554151549,808119218398.727,52,7.394807105960566e-15,0.0059758857386782,11.496336841740646,0.7042059603806401,1.4540466152885685,8.162350301008093,1.008221728001447,0.0033109779309664,0.2439061798598907,-1.2087838788019122e-07,0.3646513558795096,199,1000,True
ct_w6_i1,6,adam,300,False,,0,0.0,-10.99997842707476,1.00002157292524,8.195879339387162e-19,57619,0.9996096941371924,1.0,7,True,0.0037675721520086,1.003774678373567,5.728010874343999e-06,0.003888395758526,938673504763.7456,52,5.963473614875624e-15,0.0055977546786414,11.563481241453887,0.7018049108160541,1.457552330260032,8.237467800399346,1.0150530183452222,0.0030821951909528,0.2443265453172346,-9.95952401256061e-08,0.3552703230936861,199,1000,True
ct_w6_i1,6,adam,325,False,,0,0.0,-10.99998070636097,1.0000192936390295,5.945088737741699e-19,57619,0.9996334584515908,1.0,7,True,0.0035582018691338,1.003564539784369,5.119379694188398e-06,0.0034752333272143,538087275489.31854,51,9.787148798358771e-15,0.0052663402317174,11.626314918104573,0.6995812138420845,1.460828974231904,8.307619305452215,1.0214012049314296,0.0028835704000781,0.2446897688354116,-8.31822753184247e-08,0.346848170824671,199,1000,True
ct_w6_i1,6,adam,350,False,,0,0.0,-10.999982621052771,1.000017378947227,4.396291452334989e-19,57619,0.9996543850312624,1.0,7,True,0.0033728238640128,1.0033785182346582,4.608724760379054e-06,0.0031285809687859,612541316992.5474,51,8.119275960644815e-15,0.0049733919899593,11.685374626283574,0.6975111930920187,1.463905270797662,8.373434316852766,1.027329588519236,0.0027095919173452,0.2450078439890106,-7.029959551136284e-08,0.3392150474511372,199,1000,True
ct_w6_i1,6,adam,375,False,,0,0.0,-10.999984247429202,1.000015752570798,3.3068537380229644e-19,57619,0.999672960555668,1.0,7,True,0.0032074246277537,1.0032125739179734,4.175408709784399e-06,0.0028344292413895,692016581682.3434,51,6.809794480298382e-15,0.0047124906982153,11.741104094595856,0.6955754980414467,1.4668049500578884,8.435431568876098,1.0328900475788487,0.002555997533596,0.2452895240752313,-6.003070483437747e-08,0.3322418391150659,199,1000,True
ct_w6_i1,6,adam,400,False,,0,0.0,-10.999985642470776,1.0000143575292242,2.525416800449433e-19,57619,0.9996895662899132,1.0,7,True,0.0030588448430839,1.0030635278826507,3.804052453764488e-06,0.0025823382236721,776447063979.1259,51,5.768030164388728e-15,0.0044785700860826,11.793874049161694,0.6937581296279826,1.4695478235461037,8.494043213401254,1.0381255868829835,0.0024194439796218,0.2455413675612497,-5.1733328532634596e-08,0.3258282515630732,199,1000,True
ct_w6_i1,6,adam,425,False,,0,0.0,-10.99998684949628,1.0000131505037189,1.9550309146948225e-19,57619,0.9997045050926824,1.0,7,True,0.002924563419596,1.0029288441272437,3.4829880652705963e-06,0.0023643872745869,866059286059.6313,51,4.9275839245776506e-15,0.0042675798157186,11.843997213101083,0.6920457211726679,1.4721505902130871,8.549632846838476,1.0430722236454049,0.0022972745856451,0.2457683965446205,-4.494764548056722e-08,0.3198949011624198,199,1000,True
ct_w6_i1,6,adam,450,False,,0,0.0,-10.999987901955176,1.0000120980448235,1.5321096183685133e-19,57619,0.9997180205567868,1.0,7,True,0.0028025437860368,1.0028064745830925,3.20322171794866e-06,0.0021744710362681,960795067041.7308,51,4.2425735670060015e-15,0.004076243754741,11.891739691095788,0.6904269996221546,1.4746274483206978,8.602509135666045,1.0477604043373103,0.0021873532655307,0.2459745261694317,-3.933816096757631e-08,0.3143779268895647,199,1000,True
ct_w6_i1,6,adam,475,False,,0,0.0,-10.999988826037882,1.0000111739621182,1.2140506673088677e-19,57619,0.99973031082118,1.0,7,True,0.0026911225162802,1.0026947468369134,2.957722035635818e-06,0.00200781633809,294306670095.7686,50,1.3257884259082855e-14,0.0039018837688057,11.937329723960202,0.6888923761720344,1.4769905661934448,8.652936254658664,1.0522160838452197,0.0020879439482227,0.246162857309484,-3.4655910622742845e-08,0.3092252238350363,199,1000,True
ct_w6_i1,6,adam,500,False,,0,0.0,-10.99998964250881,1.00001035749119,9.717560481699499e-20,57619,0.9997415387006102,1.0,7,True,0.0025889273252416,1.0025922814915291,2.740921761874212e-06,0.0018606439106217,324581225194.74866,50,1.152959280844472e-14,0.0037422893597615,11.980964497237682,0.6874336311287338,1.4792504481231732,8.701141979511593,1.05646155807546,0.0019976218091846,0.2463358882678016,-3.071331211536143e-08,0.3043937510064163,199,1000,True
ct_w6_i1,6,adam,525,False,,0,0.0,-10.999990368017238,1.0000096319827616,7.850007079920244e-20,57619,0.999751839226311,1.0,7,True,0.0024948157911812,1.0024979304337118,2.5483621406695354e-06,0.0017299269775046,356485505289.16425,50,1.0086300370078021e-14,0.0035956198839255,12.02281549789525,0.6860436684138322,1.481416222263812,8.74732403454064,1.0605161139311203,0.001915206901158,0.2464956326054595,-2.7367075384599373e-08,0.2998475541584641,199,1000,True
ct_w6_i1,6,adam,550,False,,0,0.0,-10.999991016050185,1.0000089839498152,6.395008817718459e-20,57619,0.9997613253367748,1.0,7,True,0.0024078289414139,1.0024107300895415,2.3764350368524894e-06,0.0016132161967601,390054095678.6291,50,8.871411159921471e-15,0.0034603302573764,12.06303277107527,0.6847163221675551,1.4834958692467046,8.791655124025441,1.0643965423831194,0.0018397140511806,0.2466437662060989,-2.4506371862534173e-08,0.2955562995847044,199,1000,True
ct_w6_i1,6,adam,575,False,,0,0.0,-10.999991597635477,1.0000084023645233,5.250204104763804e-20,57619,0.9997700922255645,1.0,7,True,0.002327155666661,1.0023298655951436,2.222192888575588e-06,0.0015085106491795,425303699224.54346,50,7.8417231259872e-15,0.003335113853777,12.101748337004985,0.6834462028841447,1.4854964057748987,8.83428696010767,1.06811754743604,0.0017703144583538,0.2467816757275134,-2.2044499105114624e-08,0.2914941730525425,199,1000,True
ct_w6_i1,6,adam,600,False,,0,0.0,-10.99999212186739,1.0000078781326105,4.341247025895762e-20,57619,0.9997782207015122,1.0,7,True,0.0022521051252926,1.002254643018884,2.083206962996919e-06,0.0014141616167893,462253757027.183,50,6.9634007063384526e-15,0.0032188581381906,12.13907895601324,0.6822285737951366,1.487424032998772,8.875353515669742,1.0716920753004793,0.0017063060070996,0.2469105381079301,-1.991292049673439e-08,0.287639021068782,199,1000,True
ct_w6_i1,6,adam,625,False,,0,0.0,-10.999992596304828,1.0000074036951716,3.613467885663181e-20,57619,0.999785779813216,1.0,7,True,0.0021820851195386,1.0021844675998828,1.957460038170382e-06,0.0013287997311593,500931665659.8148,50,6.209649050965876e-15,0.0031106098422632,12.175128384124406,0.6810592507147775,1.4892842574309806,8.914973672845457,1.0751315815519256,0.0016470899584554,0.2470313127955633,-1.8056937051043784e-08,0.2839717159570637,199,1000,True
ct_w6_i1,6,adam,650,False,,0,0.0,-10.999993027276057,1.0000069727239431,3.026203506634324e-20,57619,0.9997928289190494,1.0,7,True,0.0021165849861781,1.002118826533376,1.843264451716164e-06,0.0012512793416642,541368751265.23486,50,5.559144982750285e-15,0.0030095473774139,12.209989230416886,0.6799345202348164,1.4910819906243278,8.953253398692894,1.0784462497070213,0.0015921528419098,0.2471448648338869,-1.6432508523772204e-08,0.2804755977249851,199,1000,True
ct_w6_i1,6,adam,675,False,,0,0.0,-10.99999342011465,1.0000065798853497,2.5488864307673834e-20,57619,0.9997994193344978,1.0,7,True,0.0020551619395527,1.0020572752323234,1.7391986549666897e-06,0.0011806354459795,583599927894.4569,50,4.9947894980896504e-15,0.0029149587909331,12.243744494947304,0.6788510723936739,1.492821631604467,8.990287543798555,1.0816451714167807,0.0015410516853339,0.2472519011028767,-1.5003884789183243e-08,0.2771361128322387,199,1000,True
ct_w6_i1,6,adam,700,False,,0,0.0,-10.999993779343734,1.0000062206562657,2.1583108515256292e-20,57619,0.9998055956539296,1.0,7,True,0.0019974300816034,1.0019994262739325,1.6440577989413762e-06,0.0011160501459256,627587175838.6644,50,4.503317027434467e-15,0.0028262240151537,12.276468849634664,0.6778059448823095,1.494507135394533,9.026161338351422,1.084736496014816,0.0014934024945426,0.2473530658692146,-1.3741826479228794e-08,0.2739404262391569,199,1000,True
ct_w6_i1,6,adam,725,False,,0,0.0,-10.999994108821404,1.0000058911785974,1.8366971235957435e-20,57619,0.9998113968204676,1.0,7,True,0.0019430514805837,1.0019449404283547,1.5568146665823454e-06,0.0010568261267561,673420985007.4178,50,4.072935813024118e-15,0.0027428004470786,12.308229715499616,0.6767964764833828,1.4961420707402378,9.06095164750934,1.087727555509312,0.0014488706536284,0.2474488695848805,-1.2622248728438888e-08,0.2708772041852298,199,1000,True
ct_w6_i1,6,adam,750,False,,0,0.0,-10.99999441185618,1.0000055881438217,1.5703056201720505e-20,57619,0.9998168569965468,1.0,7,True,0.0018917288926061,1.0018935193405436,1.4765888124233223e-06,0.0010023657079686,721127167028.1709,50,3.694509514507313e-15,0.0026642111797552,12.339088169636517,0.6758202680230615,1.4977296685963428,9.094728027382608,1.0906249695516093,0.0014071633836294,0.2475398194444285,-1.1625183664865405e-08,0.2679363786437704,199,1000,True
ct_w6_i1,6,adam,775,False,,0,0.0,-10.999994691299616,1.0000053087003842,1.3484331060630847e-20,57619,0.9998220062787198,1.0,7,True,0.0018431997689319,1.0018448995057838,1.40262168815813e-06,0.0009521539575769,770637134017.2037,50,3.360901254820486e-15,0.0025900353107296,12.369099716107684,0.6748751493994847,1.499272863372817,9.127553620920844,1.09343473419716,0.0013680233216886,0.2476263130710347,-1.0733973546148747e-08,0.265108954325416,199,1000,True
ct_w6_i1,6,adam,800,False,,0,0.0,-10.999994949621,1.0000050503790003,1.1626786459244607e-20,57619,0.9998268712875102,1.0,7,True,0.001797231298373,1.0017988472864994,1.3342566992245546e-06,0.0009057451537474,822112031265.8925,50,3.065153927105034e-15,0.0025198999211549,12.398314943134954,0.6739591516027992,1.5007743280522592,9.1594859207928,1.0961622973315537,0.0013312233940739,0.2477087292153699,-9.934642686499633e-09,0.2623868794979723,199,1000,True
ct_w6_i1,6,adam,825,False,,0,0.0,-10.99999518896805,1.0000048110319495,1.0064015138523164e-20,57619,0.9998314756573364,1.0,7,True,0.0017536162792334,1.001755154763433,1.2709229701208363e-06,0.0008627517640662,875552666479.3451,50,2.8021996736124912e-15,0.0024534733962389,12.42678008552874,0.673070482847071,1.5022365041594243,9.19057742183758,1.0988126230984063,0.0012965624374536,0.2477873646543009,-9.215402134100029e-09,0.2597629150504678,199,1000,True
ct_w6_i1,6,adam,850,False,,0,0.0,-10.999995411216576,1.0000045887834244,8.743172551529142e-21,57619,0.9998358404458034,1.0,7,True,0.0017121696620458,1.0017136362614243,1.2121220705901912e-06,0.0008228354347596,930928113110.332,50,2.567824303757396e-15,0.0023904598338957,12.454537510854651,0.6722075081246554,1.503661627799431,9.220876183469558,1.1013902471576873,0.0012638617471046,0.2478625552567967,-8.566257249008375e-09,0.2572305070937451,199,1000,True
ct_w6_i1,6,adam,875,False,,0,0.0,-10.999995618011315,1.0000043819886848,7.62194148696526e-21,57619,0.9998399844774116,1.0,7,True,0.0016727256393978,1.0016741254253072,1.1574171020449492e-06,0.000785699582135,988317447639.484,50,2.3581434722564324e-15,0.0023305943376681,12.481626140204373,0.6713687316122794,1.5050517522168176,9.250426315659984,1.1038993242945927,0.0012329618730442,0.2479345397430772,-7.978693647658256e-09,0.2547837383843148,199,1000,True
ct_w6_i1,6,adam,900,False,,0,0.0,-10.99999581079978,1.0000041892002187,6.666233080938055e-21,57619,0.9998439246327404,1.0,7,True,0.0016351351927102,1.001636472755192,1.1064236621209417e-06,0.000751083258971,232440162212.07263,49,9.781610138231624e-15,0.0022736390472258,12.508081808220902,0.6705527814492236,1.5064087667017916,9.279268396639376,1.1063436696633642,0.001203720156409,0.2480035372108787,-7.445425089732077e-09,0.2524172351771322,199,1000,True
ct_w6_i1,6,adam,925,False,,0,0.0,-10.9999959908603,1.0000040091396991,5.848431863414992e-21,57619,0.9998476760950024,1.0,7,True,0.001599263994612,1.001600543499272,1.0588023758927735e-06,0.0007187560844165,244553830364.78064,49,9.075219733625516e-15,0.0022193797472601,12.53393758409783,0.6697583965345735,1.5077344139475877,9.307439841814826,1.1087267946006445,0.0011760086706387,0.2480697901192732,-6.960190328540546e-09,0.2501260853495384,199,1000,True
ct_w6_i1,6,adam,950,False,,0,0.0,-10.999996159325548,1.0000038406744522,5.1460470478145655e-21,57619,0.9998512525586638,1.0,7,True,0.0015649906314108,1.0015662158683272,1.0142526140468695e-06,0.0006885139796431,257002386384.7803,49,8.434252398762746e-15,0.0021676229938535,12.55922404699698,0.6689844150399203,1.5090303046095483,9.334975222009838,1.111051937817345,0.0011497121752163,0.2481334425847311,-6.5175866617918614e-09,0.2479058500810808,199,1000,True
ct_w6_i1,6,adam,975,False,,0,0.0,-10.999996317202289,1.0000036827977112,4.540668638460754e-21,57619,0.999854666408818,1.0,7,True,0.0015322050707278,1.0015333794966612,9.725072337902583e-07,0.0006601755977704,269786193069.1753,49,7.851378954280451e-15,0.0021181936384187,12.583969530934212,0.6682297643392361,1.5102979303948345,9.361906545158314,1.113322092780742,0.0011247268349791,0.2481947037475279,-6.112934831690759e-09,0.2457523937020532,199,1000,True
ct_w6_i1,6,adam,999,False,,0,0.0,-10.999996459636344,1.0000035403636556,4.036687685026959e-21,57619,0.9998578011517696,1.0,7,True,0.0015020377768367,1.001503166400586,9.34848749567899e-07,0.0006346115593049,282374296368.0367,49,7.340552555356034e-15,0.0020727833627712,12.607240676367534,0.6675225643305759,1.5114895453556965,9.3872199001914,1.1154522838388974,0.0,,0.0,,199,1000,True
ct_w6_i1,6,armijo_gd,0,False,1.0,1,0.0,-10.99352170728252,1.00647829271748,9.002764747682834e-10,57619,0.960242329815542,1.0,7,True,0.2157770953276441,1.2408257623122418,0.0014731038788385,1.0,85639067.87613422,52,6.0167531934109135e-09,0.5152691351244645,8.208860836484618,0.8547465942839202,1.260199855040109,4.260772502590869,0.607250769895426,0.0106227031384745,0.1712767471480466,-0.0001128418219681,0.5661556662541569,199,1000,False
ct_w6_i1,6,armijo_gd,25,False,1.0,1,0.0,-10.995453139438446,1.004546860561554,4.6034828101861327e-10,57619,0.9669432460390588,1.0,7,True,0.1830904922459019,1.20092307739032,0.0010047730496241,0.6820788839524321,125932873.54502508,52,3.490922278710132e-09,0.4396218738803138,8.337905890534742,0.8461860433388071,1.2671907673292315,4.443166548136147,0.6297522759853893,0.0072455215012487,0.1837355071302491,-5.249758182505727e-05,0.4924205346343121,199,1000,False
ct_w6_i1,6,armijo_gd,50,False,1.0,1,0.0,-10.996463941794383,1.003536058205615,2.7062475379972767e-10,57619,0.9712484162349452,1.0,7,True,0.1619444164679089,1.175794884671935,0.0007708016171608,0.523250008525256,167402224.5208517,52,2.316032942938711e-09,0.387709066711515,8.43691422704815,0.8397830411712702,1.2725354425901654,4.580587477876053,0.6465028555506811,0.005558329507768,0.1907994886992485,-3.089502691692513e-05,0.4501164891919887,199,1000,False
ct_w6_i1,6,armijo_gd,75,False,1.0,1,0.0,-10.997095553324998,1.002904446675002,1.7415886693127196e-10,57619,0.9743164667919744,1.0,7,True,0.1467256702338981,1.1580362356411469,0.0006281323861326,0.4264006056571703,210047837.66656783,52,1.663634098356966e-09,0.349442745028251,8.517884327067287,0.8346494995775336,1.2768945357149395,4.69149273619812,0.6598955092007645,0.0045295270519618,0.1954330126839186,-2.051661531445433e-05,0.422614635825419,199,1000,False
ct_w6_i1,6,armijo_gd,100,False,1.0,1,0.0,-10.997530698277371,1.0024693017226287,1.1944882113231963e-10,57619,0.9766410103091672,1.0,7,True,0.1350781855222937,1.1446262740559374,0.000531280813832,0.36065400510037,253796867.1892657,52,1.2601990733678541e-09,0.3198345768555769,8.586651091592676,0.8303600648586195,1.2805879869724115,4.784715624259192,0.6710669657607952,0.0038311204318831,0.1987552577984712,-1.467748376359222e-05,0.4030700250589139,199,1000,False
ct_w6_i1,6,armijo_gd,125,False,1.0,1,0.0,-10.997849890733375,1.0021501092666243,8.589780647118746e-11,57619,0.9784769895616356,1.0,7,True,0.1257901674293382,1.134044183909108,0.0004609278107567,0.3128956602301327,298570099.5929765,52,9.917500846794827e-10,0.296106921554096,8.646552042506036,0.8266749154226886,1.2837985253390596,4.865240380517722,0.6806542854884216,0.0033237977119416,0.2012830478951137,-1.104763122990882e-05,0.3882813817370517,199,1000,False
ct_w6_i1,6,armijo_gd,150,False,1.0,1,0.0,-10.998094564508916,1.001905435491084,6.407531512311452e-11,57619,0.9799718427132084,1.0,7,True,0.11816023697823,1.125424431530112,0.0004073709499836,0.276539187653789,344295090.5326014,52,8.033183576858084e-10,0.2765785666859361,8.699693812134223,0.823444617999585,1.2866413844074742,4.93617714539471,0.6890525967844272,0.0029375936966011,0.2032891178787706,-8.629456726310527e-06,0.3765704686795341,199,1000,False
ct_w6_i1,6,armijo_gd,175,False,1.0,1,0.0,-10.998288359215524,1.0017116407844746,4.9213375102624176e-11,57619,0.981217657738157,1.0,7,True,0.1117489228228309,1.1182320628458016,0.0003651685969283,0.247890594936352,390908146.8540173,52,6.655443174547107e-10,0.2601666957854428,8.747498621173488,0.8205694437869433,1.2891942996048298,4.999605176540526,0.6965246418033607,0.0026332682008287,0.2049317397962888,-6.9341014174956445e-06,0.3669751779322526,199,1000,False
ct_w6_i1,6,armijo_gd,200,False,1.0,1,0.0,-10.998445800196397,1.0015541998036035,3.871069514220843e-11,57619,0.9822753063484588,1.0,7,True,0.1062644711221306,1.1121159601724244,0.0003310189052713,0.2247084608400815,438353790.5395465,52,5.615086656076932e-10,0.246139451989935,8.790975142592693,0.8179793910401032,1.2915123602917071,5.056986699340689,0.7032543020148283,0.0023870112722077,0.2063095239396396,-5.697822813646692e-06,0.3589040536469409,199,1000,False
ct_w6_i1,6,armijo_gd,225,False,1.0,1,0.0,-10.998576327919588,1.0014236720804135,3.1059677503006115e-11,57619,0.9831868302136708,1.0,7,True,0.1015044056478762,1.1068347947055568,0.0003027963214125,0.2055498772097901,486583501.5007112,52,4.808686242690705e-10,0.2339827389586742,8.830866352250352,0.8156233782217809,1.2936361127155296,5.1093908027800445,0.7093754335442954,0.0021834953257494,0.2074873867618139,-4.767651837569879e-06,0.3519727728198422,199,1000,False
ct_w6_i1,6,armijo_gd,250,False,1.0,1,0.0,-10.998686354829731,1.0013136451702689,2.5342511013294668e-11,57619,0.9839823039451612,1.0,7,True,0.0973231581295769,1.102216506298891,0.000279067830294,0.1894420578907741,535554646.077624,52,4.1699543433499325e-10,0.2233238422512624,8.86773623097963,0.8134629602104104,1.2955963102488828,5.157623686270909,0.7149885752107356,0.0020123867429153,0.2085099806905535,-4.049700403061651e-06,0.3459201512828407,199,1000,False
ct_w6_i1,6,armijo_gd,275,False,1.0,1,0.0,-10.998780394763058,1.0012196052369422,2.097711531082212e-11,57619,0.9846838711627752,1.0,7,True,0.0936130094828474,1.0981346959634335,0.0002588307472098,0.1757043416475782,585229560.675323,52,3.654725388341917e-10,0.2138853333408289,8.90202352026677,0.8114684630930316,1.2974168577667995,5.202308830513718,0.7201711948997341,0.0018664550614633,0.2094091375147784,-3.4836544964620843e-06,0.3405620141746102,199,1000,False
ct_w6_i1,6,armijo_gd,300,False,1.0,1,0.0,-10.998861720158354,1.001138279841646,1.7581352771943033e-11,57619,0.9853082346885502,1.0,7,True,0.0902923060537304,1.0944941642214017,0.0002413617125854,0.1638456839688429,635574759.4293697,52,3.2326023508846117e-10,0.2054560461494302,8.934076574066909,0.8096164966936179,1.2991167200567448,5.243938635132023,0.7249842664880963,0.0017404840613213,0.2102082327025539,-3.029284767713603e-06,0.3357644192473532,199,1000,False
ct_w6_i1,6,armijo_gd,325,False,1.0,1,0.0,-10.998932763043346,1.0010672369566542,1.4896812099021636e-11,57619,0.9858682550312512,1.0,7,True,0.0872978752475574,1.0912216792390617,0.0002261253343996,0.1535026400025066,686560038.752041,52,2.8820806340877705e-10,0.1978721391825806,8.964176800075018,0.8078882930460917,1.3007112050077745,5.282908942920283,0.729476652941939,0.0016306129757187,0.2109248660960886,-2.6588986765823647e-06,0.3314273758861479,199,1000,False
ct_w6_i1,6,armijo_gd,350,False,1.0,1,0.0,-10.998995369540086,1.0010046304599136,1.2744208844817928e-11,57619,0.9863740112675417,1.0,7,True,0.0845799767439721,1.0882598762331863,0.0002127166089466,0.144400277538035,738158351.5345722,52,2.587579691521495e-10,0.1910043559557843,8.992554919333006,0.8062685613599472,1.3022128533607065,5.319542856113429,0.7336881208405485,0.0015339212813998,0.2115725746136195,-2.3529144975314445e-06,0.3274745470155212,199,1000,False
ct_w6_i1,6,armijo_gd,375,False,1.0,1,0.0,-10.999050966893588,1.000949033106412,1.0996332510948589e-11,57619,0.9868335254951224,1.0,7,True,0.0820988437016164,1.085563105602402,0.0002008233538619,0.1363266750884131,790345255.6499995,52,2.3375762010336317e-10,0.184749226020728,9.01940254399378,0.8047446776470631,1.3036320720200285,5.354107609623221,0.7376514700349123,0.0014481577993194,0.2121619633746036,-2.097161011729849e-06,0.3238465119182933,199,1000,False
ct_w6_i1,6,armijo_gd,400,False,1.0,1,0.0,-10.999100676284876,1.0008993237151227,9.561114911211576e-12,57619,0.9872532699171352,1.0,7,True,0.0798222537243581,1.083094534544759,0.0001902009621114,0.1291157839197745,843098312.906956,52,2.1233922933192688e-10,0.1790228460137107,9.044880609878213,0.8033060978759209,1.304977595133306,5.386826803337357,0.7413940734212376,0.0013715586430711,0.2127014749698724,-1.8811731113832768e-06,0.3204962266819185,199,1000,False
ct_w6_i1,6,armijo_gd,425,False,1.0,1,0.0,-10.99914539095252,1.0008546090474797,8.370737087471118e-12,57619,0.987638529535286,1.0,7,True,0.0777237856562807,1.0808240783224243,0.0001806549945304,0.1226356111918554,896396949.4449406,52,1.9383867171094795e-10,0.173756394006153,9.069125640561468,0.8019439243974806,1.3062568264560936,5.417889449567236,0.744939012933004,0.0013027216918964,0.213197925712836,-1.6970838065375878e-06,0.317385886073049,199,1000,False
ct_w6_i1,6,armijo_gd,450,False,1.0,1,0.0,-10.9991858314886,1.0008141685113987,7.374447777659427e-12,57619,0.9879936665681046,1.0,7,True,0.0757815444487198,1.0787268945370336,0.0001720289045505,0.1167798870274929,950222592.6127286,52,1.7774028574611195e-10,0.1688928351333977,9.09225448207905,0.8006505799106374,1.3074760980135114,5.447456784014972,0.7483059326723557,0.0012405180724376,0.2136568879571746,-1.538885088044423e-06,0.3144847043386213,199,1000,False
ct_w6_i1,6,armijo_gd,475,False,1.0,1,0.0,-10.999222585744793,1.000777414255209,6.533724310543242e-12,57619,0.988322316527404,1.0,7,True,0.0739772124547376,1.0767822679919763,0.0001641952084042,0.1114620705049496,1004557598.7003876,52,1.6363866339177138e-10,0.1643844627513789,9.114367937204204,0.7994195584247801,1.3086408685545152,5.475667474048382,0.7515116898045116,0.0011840284861737,0.2140829679546541,-1.4019234560710153e-06,0.3117673142952435,199,1000,False
ct_w6_i1,6,armijo_gd,500,False,1.0,1,0.0,-10.999256138133568,1.0007438618664324,5.818947264782264e-12,57619,0.9886275358486224,1.0,7,True,0.0722953327865866,1.0749727718923117,0.0001570490206222,0.1066109613030958,1059386115.0138196,52,1.512111911632287e-10,0.1601910363530248,9.135553593703817,0.7982452323547241,1.3097558779209002,5.502641657534673,0.7545708582086734,0.0011324965932301,0.2144800116125253,-1.2825485336779704e-06,0.3092125906293319,199,1000,False
ct_w6_i1,6,armijo_gd,525,False,1.0,1,0.0,-10.999286891479494,1.0007131085205057,5.20707445695686e-12,57619,0.9889119145826176,1.0,7,True,0.0707227605154637,1.0732836280175333,0.0001505032455388,0.1021674355086969,1114693361.2793791,52,1.4019851393848751e-10,0.1562783527484665,9.155888052762586,0.7971227012019891,1.3108252686202886,5.528484114498628,0.7574961231712289,0.0010852943378281,0.2148512588536676,-1.1778637997217977e-06,0.3068027717981313,199,1000,False
ct_w6_i1,6,armijo_gd,550,False,1.0,1,0.0,-10.99931518354443,1.0006848164555695,4.679987505678199e-12,57619,0.989177663495338,1.0,7,True,0.0692482371669487,1.0717022124520588,0.0001444849491431,0.0980819826888632,1170465238.5773926,52,1.3039014870848568e-10,0.1526171365162194,9.175438704551526,0.7960476714977688,1.3118526826476855,5.553286786301819,0.7602985942613655,0.0010418957853367,0.2151994614425179,-1.0855468275025698e-06,0.304522794461864,199,1000,True
ct_w6_i1,6,armijo_gd,575,False,1.0,1,0.0,-10.999341299684506,1.000658700315494,4.223299077909251e-12,57619,0.9894266821550944,1.0,7,True,0.0678620570731342,1.0702176693384289,0.0001389325861377,0.0943128235106588,1226688884.3544347,52,1.2161369588662683e-10,0.1491821689293858,9.194265157437853,0.7950163605579413,1.312841339383759,5.577130797375332,0.7629880559486412,0.001001857126305,0.2155269739278964,-1.0037177015282531e-06,0.3023597824612563,199,1000,True
ct_w6_i1,6,armijo_gd,600,False,1.0,1,0.0,-10.999365482657645,1.0006345173423554,3.825480784698557e-12,57619,0.9896606127129652,1.0,7,True,0.0665558030410315,1.0688206058511855,0.000133793855175,0.09082445379247,1283351884.2730937,52,1.1372687336010502e-10,0.1459515972191782,9.212420399142616,0.7940254185938682,1.3137940988533214,5.600088093137725,0.7655731702725818,0.0009648012103515,0.2158358246549891,-9.308413754957324e-07,0.3003026497809438,199,1000,True
ct_w6_i1,6,armijo_gd,625,False,1.0,1,0.0,-10.999387940303937,1.0006120596960637,3.477217570607304e-12,57619,0.9898808827890344,1.0,7,True,0.0653221349485691,1.0675028489776133,0.0001290240221676,0.0875865063021983,1340443607.987113,52,1.0661125982793587e-10,0.1429063817758099,9.22995174818376,0.7930718651296781,1.3147135135346064,5.622222778493811,0.7680616421735857,0.0009304054553843,0.216127771873889,-8.656543114090181e-07,0.2983417885829048,199,1000,True
ct_w6_i1,6,armijo_gd,650,False,1.0,1,0.0,-10.999408851619132,1.0005911483808685,3.1709242729303517e-12,57619,0.9900887399732724,1.0,7,True,0.0641546191899101,1.0662572498488134,0.0001245845965633,0.0845728521613991,1397952510.7741885,52,1.001678160598484e-10,0.1400298499596321,9.24690163962167,0.7921530366821918,1.3156018711260011,5.643592220405427,0.7704603554526225,0.0008983923020846,0.2164043483607661,-8.071087284449335e-07,0.2964688211139951,199,1000,True
ct_w6_i1,6,armijo_gd,675,False,1.0,1,0.0,-10.999428371601049,1.0005716283989514,2.9003797591177894e-12,57619,0.9902852798068476,1.0,7,True,0.0630475899654259,1.0650775250278204,0.0001204422764096,0.0817608847141527,1455868459.2934847,52,9.431300763426896e-11,0.1373073331158378,9.263308278674527,0.7912665433902399,1.3164612301048193,5.664247962820671,0.7727754854094331,0.0008685216066574,0.2166668975083533,-7.543297812308986e-07,0.2946764015406676,199,1000,True
ct_w6_i1,6,armijo_gd,700,False,1.0,1,0.0,-10.999446635148894,1.0005533648511058,2.6604473079345665e-12,57619,0.9904714686475906,1.0,7,True,0.0619960356248843,1.063958126790551,0.0001165681008662,0.0791309442197252,1514182626.128002,52,8.897597078589727e-11,0.1347258691068783,9.279206188081348,0.7904102328162494,1.3172934494920672,5.684236491087541,0.775012592803105,0.0008405845295133,0.2169166024278102,-7.065823512571433e-07,0.2929580550080586,199,1000,True
ct_w6_i1,6,armijo_gd,725,False,1.0,1,0.0,-10.999463760224982,1.000536239775018,2.4468589372176835e-12,57619,0.9906481624862592,1.0,7,True,0.0609955048910077,1.0628941363514668,0.0001129367637832,0.0766658518829724,1572885534.0782423,52,8.409636556887097e-11,0.1322739568718327,9.294626669345172,0.7895821595420074,1.318100213922854,5.703599874662914,0.7771767027333661,0.000814398585411,0.2171545098734526,-6.632450559195603e-07,0.2913080472962964,199,1000,True
ct_w6_i1,6,armijo_gd,750,False,1.0,1,0.0,-10.999479850437016,1.000520149562984,2.256047624960899e-12,57619,0.9908161225323878,1.0,7,True,0.0600420289828459,1.0618811753932056,0.0001095260536764,0.0743505296875435,1631968835.6322205,52,7.962244730449232e-11,0.1299413526177001,9.309598193678214,0.7887805594793146,1.318883054886441,5.722376310701036,0.7792723712587353,0.0007898036050591,0.2173815498003545,-6.237897345643698e-07,0.2897212769933345,199,1000,True
ct_w6_i1,6,armijo_gd,775,False,1.0,1,0.0,-10.99949499716101,1.00050500283899,2.0850157397709338e-12,57619,0.9909760282032476,1.0,7,True,0.0591320565521089,1.060915332310815,0.0001063163939266,0.0721716882657981,1691424089.0496738,52,7.550968464966041e-11,0.12771889957298,9.324146735148377,0.7880038280450136,1.3196433688180933,5.740600586327668,0.7813037419692338,0.00076665841945,0.2175985518083981,-5.87765132113724e-07,0.2881931868406401,199,1000,True
ct_w6_i1,6,armijo_gd,800,False,1.0,1,0.0,-10.9995092812979,1.0004907187020995,1.9312310885559807e-12,57619,0.9911284880109,1.0,7,True,0.0582623990149674,1.0599931003669063,0.0001032904625381,0.0701175687756773,1751243704.278375,52,7.171953547744437e-11,0.125598384978644,9.338296056027271,0.7872505015225348,1.3203824325885565,5.75830447380753,0.7832745942800678,0.0007448381178955,0.2178062585057421,-5.547838218702469e-07,0.2867196898810916,199,1000,True
ct_w6_i1,6,armijo_gd,825,False,1.0,1,0.0,-10.99952277473534,1.0004772252646583,1.7925442033905618e-12,57619,0.991274048736674,1.0,7,True,0.0574301843735282,1.0591113255528035,0.0001004328761621,0.068177728403867,1811420510.5151892,52,6.821851613623103e-11,0.1235724193260803,9.35206795235913,0.7865192410675499,1.3211014168284434,5.775517069978495,0.7851883848588636,0.0007242317694898,0.2180053371306107,-5.245116559383598e-07,0.285297107375913,199,1000,True
ct_w6_i1,6,armijo_gd,850,False,1.0,1,0.0,-10.999535541571037,1.0004644584289633,1.6671220896132173e-12,57619,0.9914132032014896,1.0,7,True,0.0566328180140258,1.0582671624092124,9.772992579940183e-05,0.0663428609504824,1871947302.095704,52,6.497743485748856e-11,0.121634333878575,9.365482466242131,0.785808818920127,1.321801397441712,5.792265089137759,0.7870482833254887,0.000704740517234,0.2181963890997227,-4.966591966313427e-07,0.2839221169478207,199,1000,True
ct_w6_i1,6,armijo_gd,875,False,1.0,1,0.0,-10.999547639141875,1.0004523608581248,1.5533948257641609e-12,57619,0.991546396878577,1.0,7,True,0.0558679492695042,1.0574580364103718,9.516935463635896e-05,0.0646046460154557,1932817509.8890395,52,6.197072030147254e-11,0.1197780932991223,9.378558070108976,0.7851181064678003,1.3224833655962422,5.8085731168475885,0.7888572031495206,0.0006862759759884,0.2183799580936245,-4.7097471521885494e-07,0.2825917080917581,199,1000,True
ct_w6_i1,6,armijo_gd,900,False,1.0,1,0.0,-10.999559118893846,1.0004408811061545,1.450012266977441e-12,57619,0.9916740335462771,1.0,7,True,0.0551334427730349,1.0566816117922546,9.274017040950948e-05,0.0629556216243416,1994024824.527376,52,5.917590361949892e-11,0.1179982208311202,9.39131182733886,0.784446063869163,1.323148236427762,5.824463830765537,0.7906178285004148,0.0006687588794135,0.2185565370853247,-4.4723843879441253e-07,0.2813031448871451,199,1000,True
ct_w6_i1,6,armijo_gd,925,False,1.0,1,0.0,-10.99957002712082,1.0004299728791786,1.3558087431727793e-12,57619,0.9917964801409092,1.0,7,True,0.0544273538116148,1.055935763918895,9.043248625385546e-05,0.0613890761900349,2055562958.6349545,52,5.657318034054667e-11,0.1162897339602029,9.403759532762724,0.7837917309996215,1.3237968566510805,5.839958193512015,0.7923326376698935,0.0006521179323119,0.2187265743259171,-4.252577976427954e-07,0.2800539338469738,199,1000,True
ct_w6_i1,6,armijo_gd,950,False,1.0,1,0.0,-10.999580405594791,1.0004195944052068,1.2697741226906314e-12,57619,0.9919140709397912,1.0,7,True,0.0537479070370725,1.0552185554500586,8.823738484909255e-05,0.059898956289941,2117425710.8940244,52,5.414503483151107e-11,0.114648088869494,9.41591583602314,0.783154219521777,1.324430011239785,5.855075621733694,0.7940039235796934,0.0006362888309725,0.2188904783932602,-4.04863476420357e-07,0.2788417960904119,199,1000,True
ct_w6_i1,6,armijo_gd,975,False,1.0,1,0.0,-10.9995902921057,1.000409707894299,1.1910299739415505e-12,57619,0.992027111180586,1.0,7,True,0.0530934780077682,1.0545282157089328,8.614680225990648e-05,0.0584797878122676,2179608626.667899,52,5.187588768191746e-11,0.1130691323075623,9.427794350240768,0.7825327059173672,1.3250484293082507,5.869834134799008,0.7956338117981303,0.0006212134255306,0.2190486225584524,-3.859061200595863e-07,0.2776646439243786,199,1000,True
ct_w6_i1,6,armijo_gd,999,False,,0,0.0,-10.99959935216008,1.0004006478399212,1.1215820768623696e-12,57619,0.992131608166468,1.0,7,True,0.0524873789611653,1.0538892608173114,8.423138211065925e-05,0.0571795263868768,2239599017.311369,52,4.9834267634837815e-11,0.1116087768234145,9.43894815149186,0.7819503931830307,1.325628876747532,5.883680202192922,0.797161391306259,0.0,,0.0,,199,1000,True
ct_w6_i1,6,damped_natural,0,False,1.0,1,0.0,-10.99352170728252,1.00647829271748,9.002764747682834e-10,57619,0.960242329815542,1.0,7,True,0.2157770953276441,1.2408257623122418,0.0014731038788385,1.0,85639067.87613422,52,6.0167531934109135e-09,0.5152691351244645,8.208860836484618,0.8547465942839202,1.260199855040109,4.260772502590869,0.607250769895426,4.749947659289957,0.9655778842811268,-0.0101298578298403,0.9999985322270316,199,500,False
ct_w6_i1,6,damped_natural,25,True,,0,0.0,-11.956695480988792,0.0433045190112082,0.9566954929789612,64512,0.9566954929789612,0.0,0,True,0.1859093253497995,1.2043130547616416,0.0524852411450293,35.62901564444379,790798018258.3912,40,4.373512502814777e-12,3.4585650200542224,31.494210006127915,0.8097333007383146,4.580278359597338,18.480741828098285,0.7246806759592328,0.0,,0.0,,199,500,False
ct_w6_i1,6,diagonal_fisher,0,False,1.0,1,0.0,-10.99352170728252,1.00647829271748,9.002764747682834e-10,57619,0.960242329815542,1.0,7,True,0.2157770953276441,1.2408257623122418,0.0014731038788385,1.0,85639067.87613422,52,6.0167531934109135e-09,0.5152691351244645,8.208860836484618,0.8547465942839202,1.260199855040109,4.260772502590869,0.607250769895426,6.406353678896287,0.2929579979569494,-0.035110872302106,0.8906839208690919,199,1000,False
ct_w6_i1,6,diagonal_fisher,25,False,1.0,1,0.0,-10.999982714102396,1.000017285897604,1.7375513482762708e-29,57619,0.9728521433863144,1.0,7,True,0.1381734166884577,1.1481746456552695,1.3364329838436772e-05,0.0090722250008422,923434052100.9894,22,4.673297588255802e-13,0.4315482128596835,16.517544666264435,0.5809480596127755,1.7234629373855603,13.444300740806462,1.4010557713264866,0.0273053524253869,0.1643992141274703,-2.773867196920129e-07,0.0451287771278139,199,1000,True
ct_w6_i1,6,diagonal_fisher,50,False,1.0,1,0.0,-10.99998817245754,1.00001182754246,3.902986101262645e-30,57619,0.9756442671591664,1.0,7,True,0.1252892279979912,1.1334762387254436,9.159742102670762e-06,0.0062179879058445,854360273616.9847,21,4.727830662033006e-13,0.4039270698029289,16.889891537735274,0.5728450108741096,1.7377334008939038,13.844031118370486,1.430864705140585,0.0134105399579279,0.1703175731126292,-1.6978359700023293e-07,0.0425849683905209,199,1000,True
ct_w6_i1,6,diagonal_fisher,75,False,1.0,1,0.0,-10.999991615550952,1.000008384449048,1.5426484885161696e-30,57619,0.9775937893359916,1.0,7,True,0.1159352424167203,1.1229231519891585,6.499960511053074e-06,0.0044124250872096,286093533943.2334,20,1.3445101756628124e-12,0.3846556675780115,17.10783164917963,0.5682989565709209,1.7461879206536697,14.076702875863075,1.447868492077377,0.0090385878278447,0.1715184293839593,-1.1058603424846757e-07,0.0407686642450523,199,1000,True
ct_w6_i1,6,diagonal_fisher,100,False,1.0,1,0.0,-10.999993906574492,1.0000060934255082,7.7273912134065264e-31,57619,0.9789954507481444,1.0,7,True,0.1089739607932944,1.115133312776556,4.727132974557702e-06,0.0032089610532318,302060451620.8807,20,1.2275990948256585e-12,0.3708091369924227,17.263481556517682,0.5651385205606491,1.7522757413565315,14.242303780150252,1.4598120670270096,0.0069310771633856,0.1704708398133334,-7.528256954337833e-08,0.0394232986805271,199,1000,True
ct_w6_i1,6,diagonal_fisher,125,False,1.0,1,0.0,-10.999995491056866,1.0000045089431335,4.417531843573462e-31,57619,0.9800245356389402,1.0,7,True,0.1037009981118235,1.1092687318798198,3.499576227256701e-06,0.0023756479617825,314661899541.7266,20,1.1461467718818834e-12,0.3606487203939714,17.38515487688895,0.5627173162888192,1.7570656834722602,14.371427757752697,1.4690313784321885,0.0057108183828706,0.1680122840469753,-5.294856044519226e-08,0.0384105535010081,199,1000,True
ct_w6_i1,6,diagonal_fisher,150,False,1.0,1,0.0,-10.99999661881438,1.0000033811856213,2.7480198250458264e-31,57619,0.9807917385306248,1.0,7,True,0.0996551693096837,1.1047898869244432,2.625101454520226e-06,0.0017820205976173,325361646607.6372,20,1.0851839216213205e-12,0.353077227610846,17.485415661953798,0.5607543932290466,1.761034234015752,14.47761278998234,1.4765505221565267,0.0049278308328889,0.1646208192824773,-3.816433399679049e-08,0.0376401814751386,199,1000,True
ct_w6_i1,6,diagonal_fisher,175,False,1.0,1,0.0,-10.99999743908031,1.0000025609196896,1.812689727187512e-31,57619,0.9813702542959122,1.0,7,True,0.0965212750083153,1.1013330117635332,1.988648503446469e-06,0.0013499716700321,334861406217.9261,20,1.037353955537272e-12,0.3473698042969388,17.570963464164233,0.5591022744177264,1.7644363152487297,14.568062885345135,1.4829106110857957,0.0043913110391575,0.1606232197632789,-2.8025340703081627e-08,0.0370498151939943,199,1000,True
ct_w6_i1,6,diagonal_fisher,200,False,1.0,1,0.0,-10.999998045630964,1.0000019543690364,1.2482231839117763e-31,57619,0.9818102451643164,1.0,7,True,0.0940765378717008,1.0986438305598512,1.5177929792287704e-06,0.001030336693177,343530234865.50415,20,9.985441825233728e-13,0.343030117545837,17.645799443439152,0.5576739857233786,1.7674245290611106,14.6470735832911,1.4884324798484423,0.0040065169188393,0.1562591729682979,-2.0875712048952157e-08,0.0365948884456386,199,1000,True
ct_w6_i1,6,diagonal_fisher,225,False,1.0,1,0.0,-10.999998499871737,1.0000015001282634,8.881651840272487e-32,57619,0.9821470680413132,1.0,7,True,0.0921592880228245,1.0965394737752128,1.1650469429811895e-06,0.000790879013841,351575285787.1897,20,9.662470937393749e-13,0.3397085981224621,17.71250622869549,0.556413970419071,1.7700975247040749,14.717413979558644,1.4933220039916282,0.00372111249804,0.1517102726850916,-1.5721928902427536e-08,0.0362428118349036,199,1000,True
ct_w6_i1,6,diagonal_fisher,250,False,1.0,1,0.0,-10.99999884339302,1.000001156606979,6.48454304664623e-32,57619,0.9824062025449092,1.0,7,True,0.0906497306644972,1.0948854332924671,8.982112932747339e-07,0.0006097406341655,359116820240.4737,20,9.388407411121413e-13,0.3371535016604019,17.772847754368943,0.5552846062644881,1.772522708282714,14.78097351351604,1.497719154592282,0.0035038897868307,0.1471151053842387,-1.1941620946223477e-08,0.0359693483155118,199,1000,True
ct_w6_i1,6,diagonal_fisher,275,False,1.0,1,0.0,-10.999999105157752,1.0000008948422463,4.8335149167199176e-32,57619,0.9826063344780837,1.0,7,True,0.0894576290635496,1.093580996279789,6.948430916951643e-07,0.0004716864178261,366235581434.61096,20,9.15204119768795e-13,0.335180312934876,17.828083343194837,0.554259237075631,1.774748216409316,14.839099956224151,1.501723458460691,0.0033350843676193,0.1425751210105983,-9.130321014752073e-09,0.0357562400350294,199,1000,True
ct_w6_i1,6,diagonal_fisher,300,False,1.0,1,0.0,-10.999999305800513,1.0000006941994872,3.664614603759833e-32,57619,0.982761358105286,1.0,7,True,0.0885141269803284,1.092549686929394,5.389413486345428e-07,0.0003658542729922,372983361371.64087,20,8.945490077026621e-13,0.3336518958046048,17.87914260107961,0.5533183076879231,1.7768095562708064,14.89278758234424,1.5054081639235994,0.0032015721356604,0.1381562774006712,-7.016769654420087e-09,0.0355895938751828,199,1000,True
ct_w6_i1,6,diagonal_fisher,325,False,1.0,1,0.0,-10.999999460298996,1.000000539701004,2.818054314191666e-32,57619,0.9828817182472488,1.0,7,True,0.0877661475027114,1.0917327877352965,4.188848489540582e-07,0.0002843552684718,379409168612.6727,20,8.762708631314292e-13,0.3324651996602046,17.92673073224471,0.5524470593875194,1.7787336230634958,14.94279031473348,1.5088287154420474,0.003094377325109,0.1339059435498391,-5.4140817377189315e-09,0.035458750548814,199,1000,True
ct_w6_i1,6,diagonal_fisher,350,False,1.0,1,0.0,-10.999999579691035,1.0000004203089643,2.1931801499678708e-32,57619,0.982975334568729,1.0,7,True,0.0871724518430162,1.0910848230836043,3.2610527813868065e-07,0.0002213729003251,385555102123.75,20,8.599085059943758e-13,0.3315421118457428,17.9713963671903,0.5516340700225775,1.7805413225108502,14.989694391495494,1.512028142473619,0.0030071258673164,0.1298514379140643,-4.19051787985649e-09,0.0353554701546001,199,1000,True
ct_w6_i1,6,diagonal_fisher,375,False,1.0,1,0.0,-10.999999672211406,1.0000003277885945,1.7244593006377827e-32,57619,0.9830482529527288,1.0,7,True,0.0867008012659179,1.0905703336362935,2.542078049607047e-07,0.0001725661092964,391478794540.8864,20,8.450598615962924e-13,0.3308230159326049,18.01357371363765,0.5508703352943853,1.7822491658820658,15.033963654630483,1.5150404525582142,0.0029352582961521,0.1260171913723112,-3.251398686984288e-09,0.0352733380441011,199,1000,True
ct_w6_i1,6,diagonal_fisher,400,False,1.0,1,0.0,-10.99999974406474,1.0000002559352588,1.3679969683622783e-32,57619,0.9831051135530908,1.0,7,True,0.0863258727503033,1.090161524361846,1.9837269881128857e-07,0.00013466307547,397284124173.7893,20,8.312996818666351e-13,0.3302621660363358,18.05361204140558,0.5501486367776758,1.7838704022387757,15.075971138540128,1.5178929737755722,0.0028752595282733,0.1223950983930753,-2.527566463693633e-09,0.0352073139949445,199,1000,True
ct_w6_i1,6,diagonal_fisher,425,False,1.0,1,0.0,-10.99999979996312,1.0000002000368795,1.0936650903157211e-32,57619,0.9831494926292388,1.0,7,True,0.0860277026662714,1.0898365192643251,1.549387572766947e-07,0.0001051784327652,403226240295.382,20,8.179634099145455e-13,0.3298243104790326,18.091796612786,0.5494631006352648,1.7854158357145724,15.116021426929237,1.5206079947981652,0.0028246205679497,0.118999270962291,-1.967824756797747e-09,0.0351534052997291,199,1000,True
ct_w6_i1,6,diagonal_fisher,450,False,1.0,1,0.0,-10.99999984350784,1.0000001564921597,8.803482441113025e-33,57619,0.9831841555842948,1.0,7,True,0.0857905086275438,1.089578047193997,1.2110732861938437e-07,8.22123479267941e-05,410393918113.9535,20,8.02843753759349e-13,0.3294821937386133,18.128362240510647,0.5488089001793255,1.78689432506984,15.15436525642699,1.5232038687000995,0.0027812911273949,0.1158226182959751,-1.533851006611979e-09,0.0351083982684563,199,1000,True
ct_w6_i1,6,diagonal_fisher,475,False,1.0,1,0.0,-10.999999877465092,1.0000001225349069,7.12962920025822e-33,57619,0.9832112463604225,1.0,7,True,0.085601787486287,1.0893724401832474,9.472843296608509e-08,6.43053312986813e-05,430174732937.5228,20,7.653045663906406e-13,0.3292146874629604,18.163505573804983,0.5481820108198316,1.7883132906013772,15.191212510660812,1.525695931171343,0.0027436683434134,0.1128509249973592,-1.196700772243506e-09,0.0350696617768147,199,1000,True
ct_w6_i1,6,diagonal_fisher,500,False,1.0,1,0.0,-10.999999903968112,1.0000000960318882,5.8056672854349254e-33,57619,0.9832324304780494,1.0,7,True,0.0854516184307832,1.0892088624352787,7.414387697824382e-08,5.033173698293558e-05,504996301751.4188,20,6.515005719460609e-13,0.3290053794216949,18.19739100439568,0.5475790695357116,1.789678906077067,15.226738691337925,1.5280970191100645,0.002710477687314,0.1100854141618467,-9.34352840175156e-10,0.0350349900920211,199,1000,True
ct_w6_i1,6,diagonal_fisher,525,False,1.0,1,0.0,-10.999999924667163,1.000000075332835,4.750996667297662e-33,57619,0.9832490038607986,1.0,7,True,0.085332120556607,1.0890787120681846,5.8070773872583135e-08,3.942069171548751e-05,611649513830.5372,20,5.376306084325858e-13,0.3288415002682069,18.230158384177543,0.5469972281005702,1.790996431269754,15.26109301428793,1.5304180244215415,0.0026806282225216,0.1075161400736188,-7.299549571593416e-10,0.0350024719039653,199,1000,True
ct_w6_i1,6,diagonal_fisher,550,False,1.0,1,0.0,-10.999999940842118,1.000000059157882,3.905542651797835e-33,57619,0.9832619761119028,1.0,7,True,0.0852370282427855,1.0889751539773875,4.5514141002605495e-08,3.089676271743355e-05,742911851235.795,20,4.424658213650762e-13,0.3287131024588953,18.261925270866083,0.546434088023828,1.792270259776734,15.294400981804168,1.5326681300830898,0.0026531757813169,0.1051361483545922,-5.70549672909035e-10,0.0349703885740218,199,1000,True
ct_w6_i1,6,diagonal_fisher,575,False,1.0,1,0.0,-10.999999953487489,1.0000000465125112,3.223971708698677e-33,57619,0.9832721345448556,1.0,7,True,0.0851613571954964,1.08889275320473,3.5700793543740075e-08,2.4235082166702357e-05,902388773999.054,20,3.641583744265987e-13,0.3286124290403069,18.29279216136162,0.545887605685196,1.7935041541856775,15.326769828481584,1.5348551703740898,0.0026272441668433,0.1029329688174364,-4.461371597496798e-10,0.0349371245690055,199,1000,True
ct_w6_i1,6,diagonal_fisher,600,False,1.0,1,0.0,-10.999999963377286,1.0000000366227138,2.671747881490422e-33,57619,0.9832800935965526,1.0,7,True,0.0851011408916387,1.0888271860819594,2.8028983319834443e-08,1.902716008183594e-05,429316075307.1589,19,7.652483694716465e-13,0.3285334266167699,18.32284343791666,0.5453560608802908,1.7947012607317794,15.358289637097169,1.536985741995183,0.0026020438575415,0.1009071580235423,-3.489774331527908e-10,0.0349011077736804,199,1000,True
ct_w6_i1,6,diagonal_fisher,625,False,1.0,1,0.0,-10.999999971114622,1.0000000288853776,2.2222912451376162e-33,57619,0.98328633307563,1.0,7,True,0.0850532219989226,1.0887750119389166,2.2029814844111084e-08,1.4954692035350751e-05,433064392331.14417,19,7.58481588938007e-13,0.3284713684077986,18.352150767688013,0.5448379973725846,1.7958642679814385,15.389036852921103,1.5390654300264923,0.0025767832665604,0.09905757040773,-2.7306532950836515e-10,0.0348607469189168,199,1000,True
ct_w6_i1,6,diagonal_fisher,650,False,1.0,1,0.0,-10.99999997716992,1.000000022830081,1.854999325023079e-33,57619,0.9832912278352178,1.0,7,True,0.085015086985579,1.0887334922809897,1.7337567796345348e-08,1.1769412901156024e-05,436671783311.1147,19,7.521039242829696e-13,0.3284225618519318,18.38077258576105,0.5443322174698249,1.7969953554805869,15.419073879882738,1.5410988196065,0.0025506341866024,0.0973728627214653,-2.1373321259243817e-10,0.0348143832203538,199,1000,True
ct_w6_i1,6,diagonal_fisher,675,False,1.0,1,0.0,-10.99999998191037,1.0000000180896294,1.553758298185227e-33,57619,0.9832950708393275,1.0,7,True,0.0849847347450583,1.0887004472816664,1.3666775473835374e-08,9.277536818795712e-06,440201254911.6726,19,7.45986336172302e-13,0.3283841213300081,18.40875692522756,0.543837738167641,1.7980963410608493,15.448451946013387,1.5430896633563402,0.0025227780340393,0.0958604360103108,-1.6734789771204714e-10,0.0347602904246027,199,1000,True
ct_w6_i1,6,diagonal_fisher,700,False,1.0,1,0.0,-10.999999985622804,1.0000000143771963,1.305889475849592e-33,57619,0.983298091115626,1.0,7,True,0.0849605721541772,1.0886741417759724,1.0794472353242032e-08,7.327706150467024e-06,443743119769.5263,19,7.39963678675165e-13,0.328353791291453,18.43614060273011,0.5433537954987233,1.7991686282049906,15.477210342610384,1.5450408563925582,0.0024923313635967,0.0945215481435969,-1.310780035696197e-10,0.0346966537353847,199,1000,True
ct_w6_i1,6,diagonal_fisher,725,False,1.0,1,0.0,-10.99999998853135,1.00000001146865,1.1013470519861467e-33,57619,0.9833004677469304,1.0,7,True,0.0849413309574101,1.0886531945841205,8.546427339546431e-09,5.801646076911278e-06,447471078373.7756,19,7.337453173687653e-13,0.3283298084147096,18.4629502362303,0.5428798282278674,1.800213263287192,15.505377448896482,1.546954495081911,0.0024583827729744,0.0933568455854384,-1.0271497104151486e-10,0.0346216125257129,199,1000,True
ct_w6_i1,6,diagonal_fisher,750,False,1.0,1,0.0,-10.999999990811244,1.0000000091887564,9.321237883241235e-34,57619,0.9833023407837934,1.0,7,True,0.0849260016009902,1.0886365063591932,6.786433918185985e-09,4.606894337646227e-06,451868498614.59467,19,7.265626949147993e-13,0.3283107941005241,18.48920256879131,0.5424154701251166,1.8012309519672145,15.532971075030458,1.5488319020151855,0.0024200396171113,0.0923809516362928,-8.053518446809284e-11,0.0345333554592815,199,1000,True
ct_w6_i1,6,diagonal_fisher,775,False,1.0,1,0.0,-10.999999992599545,1.0000000074004571,7.918020103819849e-34,57619,0.9833038197610664,1.0,7,True,0.0849137805486865,1.0886232021568052,5.407971928168957e-09,3.671140919425739e-06,459180755570.73535,19,7.149595591406109e-13,0.3282956705687055,18.51490441548157,0.541960547655586,1.8022220559105864,15.559998425812616,1.5506736296111938,0.0023764170285136,0.0915978436221845,-6.319217659429923e-11,0.0344301999812545,199,1000,True
ct_w6_i1,6,diagonal_fisher,800,False,1.0,1,0.0,-10.999999994003478,1.0000000059965224,6.752045780148082e-34,57619,0.9833049903493166,1.0,7,True,0.0849040283222233,1.0886125857085718,4.327710047647645e-09,2.9378172916493767e-06,488200102829.9688,19,6.724365550366645e-13,0.3282835953155296,18.54005449018473,0.541515054711628,1.803186695297911,15.586457920192696,1.5524795572104229,0.002326737055386,0.0910107272696947,-4.963352212075548e-11,0.0343107787506257,199,1000,True
ct_w6_i1,6,diagonal_fisher,825,False,1.0,1,0.0,-10.999999995106938,1.000000004893062,5.781407751798501e-34,57619,0.9833059195483604,1.0,7,True,0.0848962361167449,1.0886041030486668,3.480462198693752e-09,2.3626726184699824e-06,565057247247.9917,19,5.809569057224175e-13,0.3282739099172203,18.564642396524636,0.5410791591825663,1.804124679825864,15.612338250235927,1.5542488599227215,0.0022704536125734,0.0906376135843368,-3.903661074091266e-11,0.0341743058284132,199,1000,True
ct_w6_i1,6,diagonal_fisher,850,False,1.0,1,0.0,-10.999999995975587,1.000000004024411,4.971944575505312e-34,57619,0.9833066597479908,1.0,7,True,0.0848899992137959,1.0885973135516989,2.8152114193390673e-09,1.911074609048409e-06,664047927197.1418,19,4.943409752907107e-13,0.3282660999704099,18.588651662683287,0.5406531568063044,1.8050356565546517,15.637621471059273,1.5559801919098235,0.0022072822850002,0.0904847155545406,-3.0757277573304643e-11,0.0340207464752747,199,1000,True
ct_w6_i1,6,diagonal_fisher,875,False,1.0,1,0.0,-10.99999999666081,1.0000000033391905,4.29568503669646e-34,57619,0.9833072519008766,1.0,7,True,0.0848849958436126,1.0885918669099846,2.2920516712619823e-09,1.5559334980973166e-06,779009641710.1552,19,4.2138087410212934e-13,0.3282597637578117,18.612061769758338,0.5402374352806075,1.805919191355235,15.662285127797931,1.557671829544378,0.0021373283170784,0.090561467323632,-2.429115198425224e-11,0.0338510848601583,199,1000,True
ct_w6_i1,6,diagonal_fisher,900,False,1.0,1,0.0,-10.99999999720278,1.0000000027972202,3.7296556005182958e-34,57619,0.9833077280034668,1.0,7,True,0.0848809703779567,1.088587484829631,1.879773598549886e-09,1.2760631653702365e-06,909673546150.1312,19,3.608487782302234e-13,0.3282545877166296,18.63484936028734,0.5398324423599121,1.806774782052692,15.68630364922512,1.559321799589195,0.0020611052766461,0.0908608686562527,-1.924262854197289e-11,0.033667423508811,199,1000,True
ct_w6_i1,6,diagonal_fisher,925,False,1.0,1,0.0,-10.9999999976329,1.0000000023670983,3.2549066938331956e-34,57619,0.9833081130388102,1.0,7,True,0.0848777199492066,1.088583946459324,1.5539932399401951e-09,1.0549108330129624e-06,474991703037.8943,18,6.910653914588664e-13,0.328250327199596,18.65699158146671,0.5394386284961568,1.807601991520918,15.709651845876712,1.5609281123551568,0.0019795773588952,0.0913939145047679,-1.530145723891478e-11,0.0334731479710554,199,1000,True
ct_w6_i1,6,diagonal_fisher,950,False,1.0,1,0.0,-10.999999997975705,1.0000000020242972,2.8557648268749397e-34,57619,0.9833084264993884,1.0,7,True,0.0848750837867709,1.0885810767789983,1.295678272296628e-09,8.795566225229099e-07,496105953291.26587,18,6.616465478797633e-13,0.3282467913777651,18.678468866648544,0.5390563964256481,1.8084005467656696,15.732307857989095,1.5624889682022831,0.0018940369141646,0.0921439957970203,-1.2224022690639779e-11,0.0332726405859169,199,1000,True
ct_w6_i1,6,diagonal_fisher,975,False,1.0,1,0.0,-10.99999999825028,1.0000000017497186,2.5192410644174043e-34,57619,0.9833086835821984,1.0,7,True,0.0848729346979283,1.088578737324066,1.0900001834467747e-09,7.399343651896263e-07,544506713244.7034,18,6.028278869901277e-13,0.3282438313972439,18.699267788154057,0.5386860461407393,1.809170427142072,15.754256223169904,1.5640029843067007,0.0018060422910436,0.0931071334113147,-9.819302625359813e-12,0.0330712645264552,199,1000,True
ct_w6_i1,6,diagonal_fisher,999,False,,0,0.0,-10.999999998463537,1.0000000015364634,2.2450930913083603e-34,57619,0.983308888357626,1.0,7,True,0.0848712363748364,1.0885768885672291,9.313345077039703e-10,6.322259557406587e-07,609726743538.9641,18,5.383418506239988e-13,0.3282414234917102,18.71859033362868,0.5383418565214543,1.8098827491593408,15.77465313537433,1.5654115395389536,0.0,,0.0,,199,1000,True
ct_w6_i1,6,exact_natural,0,False,1.0,1,0.0,-10.99352170728252,1.00647829271748,9.002764747682834e-10,57619,0.960242329815542,1.0,7,True,0.2157770953276441,1.2408257623122418,0.0014731038788385,1.0,85639067.87613422,52,6.0167531934109135e-09,0.5152691351244645,8.208860836484618,0.8547465942839202,1.260199855040109,4.260772502590869,0.607250769895426,5.5677643628300215,1.0000000000000002,-0.010130113192349,1.0000000000000004,199,1000,False
ct_w6_i1,6,exact_natural,24,True,,0,0.0,-11.959945875799162,0.0400541242008376,0.9599458757991692,64512,0.9599458757991692,0.0,0,True,0.1751473053561458,1.1914217064855357,0.0487107070902742,33.066715653942744,669147996776.4235,16,4.796899142348721e-12,3.2098354518411902,140.70736576502475,0.9995414226269,25.26019985504011,4.260772502590869,0.0302949832775183,0.0,,0.0,,199,1000,False
ct_w6_i1,6,projected_adam,0,False,,0,0.0,-10.99352170728252,1.00647829271748,9.002764747682834e-10,57619,0.960242329815542,1.0,7,True,0.2157770953276441,1.2408257623122418,0.0014731038788385,1.0,85639067.87613422,52,6.0167531934109135e-09,0.5152691351244645,8.208860836484618,0.8547465942839202,1.260199855040109,4.260772502590869,0.607250769895426,0.0395115617551725,1.0000000000000002,-7.188820627152788e-05,1.0,199,1000,False
ct_w6_i1,6,projected_adam,25,False,,0,0.0,-10.99500613726473,1.0049938627352706,1.0698798914310543e-09,57619,0.9611815560337984,1.0,7,True,0.2082860099034026,1.2315653590710032,0.0011777986208683,0.79953534695526,254524061.00837177,52,2.022249251365749e-09,0.5147110918287501,9.039232373324154,0.8819385386093834,1.4318219791593416,4.260772502590868,0.5344640209004977,0.0358420001398938,0.9999999999999996,-4.731766606388498e-05,1.000000000000005,199,1000,False
ct_w6_i1,6,projected_adam,50,False,,0,0.0,-10.995961984329828,1.0040380156701725,1.24108383286166e-09,57619,0.9618202776729374,1.0,7,True,0.2031447335002241,1.225249790105754,0.0009836011822352,0.6677065998975972,629359972.9017437,52,8.172588680341332e-10,0.5143500190396717,9.77256596971016,0.8999499498921167,1.5795963481270194,4.260772502590866,0.4844638524915567,0.0298120677832649,1.0,-3.038394848735789e-05,1.0000000000000049,199,1000,False
ct_w6_i1,6,projected_adam,75,False,,0,0.0,-10.996592777210626,1.0034072227893738,1.404181421229681e-09,57619,0.96225955270516,1.0,7,True,0.1995822854035913,1.2208926669436828,0.0008520829151415,0.5784269034803707,1307090457.5230906,52,3.9332609107993374e-10,0.5141127803454395,10.393238324057176,0.9121052093982088,1.7026091982583895,4.260772502590868,0.4494615282109349,0.0250595454025897,1.0,-2.0815583209768863e-05,1.0000000000000004,199,1000,False
ct_w6_i1,6,projected_adam,100,False,,0,0.0,-10.997039024370157,1.0029609756298452,1.5599131872736127e-09,57619,0.9625802083928764,1.0,7,True,0.1969653626567139,1.2177018620180189,0.0007566599424659,0.5136500917114982,2398075113.457904,52,2.1431622513165844e-10,0.5139464058984715,10.92828947707084,0.9208636959472796,1.8074516776284848,4.26077250259087,0.4233902027186071,0.0216912209373197,1.0000000000000002,-1.5240857487647953e-05,1.000000000000001,199,1000,False
ct_w6_i1,6,projected_adam,125,False,,0,0.0,-10.997373760242011,1.0026262397579888,1.7103414402216932e-09,57619,0.9628267654309344,1.0,7,True,0.1949419803906102,1.2152404766665037,0.0006833947143219,0.4639148156074383,4031335885.077414,52,1.2745723363413686e-10,0.5138229197619919,11.400738633863446,0.9275384423412886,1.899258421313453,4.260772502590869,0.4029242801334999,0.0192192211637599,1.0,-1.1718849747846324e-05,0.99999999999999,199,1000,False
ct_w6_i1,6,projected_adam,150,False,,0,0.0,-10.99763570282522,1.0023642971747808,1.8569348990238547e-09,57619,0.9630236505312304,1.0,7,True,0.1933180934568115,1.2132686649679552,0.0006248348800801,0.4241621307607874,6351975879.383799,52,8.087678298258685e-11,0.5137273747075497,11.825597994635295,0.9328361744494216,1.9812881571527656,4.260772502590869,0.3862423188835555,0.017319305796175,1.0,-9.336134879581625e-06,0.9999999999999948,199,1000,False
ct_w6_i1,6,projected_adam,175,False,,0,0.0,-10.99784716617549,1.0021528338245105,2.0006648900127875e-09,57619,0.9631853165102362,1.0,7,True,0.1919784864105118,1.211644449863203,0.000576643173875,0.391447733020474,9518807134.29882,52,5.3961711439813437e-11,0.5136511238322705,12.212848679143416,0.9371688118887866,2.0556726435514543,4.260772502590869,0.3722661458748239,0.0158060979974859,1.0000000000000002,-7.639676473228998e-06,1.0000000000000009,199,1000,False
ct_w6_i1,6,projected_adam,200,False,,0,0.0,-10.998022006117097,1.0019779938829032,2.142207187354518e-09,57619,0.9633209401761216,1.0,7,True,0.190849782593507,1.2102776336582308,0.0005360961995213,0.3639228755164753,13702359476.553438,52,3.7481777765540975e-11,0.5135887927637304,12.569495505898685,0.940794585398636,2.1238889691681058,4.260772502590871,0.3603094810059446,0.0145684224801837,1.0000000000000004,-6.384024325448875e-06,0.999999999999996,199,1000,False
ct_w6_i1,6,projected_adam,225,False,,0,0.0,-10.998169334178948,1.0018306658210534,2.282058139653962e-09,57619,0.9634366747317684,1.0,7,True,0.1898826472321621,1.2091076971963284,0.0005013816056452,0.340357263902203,19082877256.503773,52,2.6910871149807588e-11,0.5135368510173668,12.900680589649044,0.9438847456480892,2.187009870306157,4.260772502590869,0.3499103239475015,0.0135350968586634,0.9999999999999996,-5.425823043910393e-06,1.000000000000007,199,1000,False
ct_w6_i1,6,projected_adam,250,False,,0,0.0,-10.998295413922772,1.0017045860772278,2.420597742181586e-09,57619,0.9635368233700348,1.0,7,True,0.1890424912597076,1.20809228475533,0.0004712382684519,0.3198947984737618,25847499006.60339,52,1.9866250015112905e-11,0.5134928775305654,13.210309455146676,0.9465579166181316,2.245842708291027,4.260772502590869,0.3407439574330354,0.0126580659847848,1.0000000000000002,-4.676293167699332e-06,1.0000000000000082,199,1000,False
ct_w6_i1,6,projected_adam,275,False,,0,0.0,-10.998404706303088,1.001595293696912,2.558126143283827e-09,57619,0.9636244980931976,1.0,7,True,0.1883042412490957,1.2072007397453377,0.0004447570594328,0.3019183275679589,34187687491.78425,52,1.501871555388503e-11,0.5134551538842208,13.501427972151845,0.9488991748224572,2.301012224444752,4.260772502590872,0.3325742141069557,0.0119035373286926,1.0000000000000004,-4.0778466138339215e-06,1.0000000000000089,199,1000,False
ct_w6_i1,6,projected_adam,300,False,,0,0.0,-10.998500482016905,1.0014995179830972,2.6948862867516702e-09,57619,0.9637020121098436,1.0,7,True,0.1876492180368688,1.206410254160454,0.0004212634561593,0.2859699592207326,44295786754.93075,52,1.1590773365501091e-11,0.5134224253229673,13.77646275360302,0.9509713012545024,2.3530127817440483,4.260772502590872,0.3252244688734771,0.0112469700133273,1.0,-3.5916945604255087e-06,1.000000000000006,199,1000,False
ct_w6_i1,6,projected_adam,325,False,,0,0.0,-10.998585198076308,1.0014148019236924,2.831078755232209e-09,57619,0.9637711248494922,1.0,7,True,0.1870631840386401,1.205703463857506,0.0004002448615296,0.2717017226546255,56361755882.70481,52,9.108902757291862e-12,0.5133937535657807,14.037381499586653,0.952821743807064,2.402242883734895,4.260772502590869,0.3185595167651925,0.0106700679273618,1.0,-3.190878875051533e-06,0.9999999999999952,199,1000,False
ct_w6_i1,6,projected_adam,350,False,,0,0.0,-10.99866073881295,1.0013392611870504,2.966871927463652e-09,57619,0.9638332009766368,1.0,7,True,0.1865350737165643,1.205066887518943,0.0003813037449263,0.2588437586811807,70568917549.4348,52,7.274710175391098e-12,0.5133684225632088,14.285803802036478,0.9544870986256638,2.4490288262864754,4.260772502590868,0.3124737953189345,0.0101588882930388,1.0000000000000002,-2.856159440505893e-06,1.0000000000000002,199,1000,False
ct_w6_i1,6,projected_adam,375,False,,0,0.0,-10.998728575371214,1.0012714246287864,3.102409169987826e-09,57619,0.9638893169836098,1.0,7,True,0.1860561411441099,1.20448987991942,0.000364126392051,0.2471831058771836,87091613728.54474,52,5.89432040786708e-12,0.513345876154238,14.523079962546172,0.9559960915023222,2.493641392846728,4.26077250259087,0.3068834734579044,0.009702605656905,1.0000000000000002,-2.573487264971233e-06,0.9999999999999942,199,1000,False
ct_w6_i1,6,projected_adam,400,False,,0,0.0,-10.998789874318703,1.0012101256812969,3.2378140724161807e-09,57619,0.9639403346416816,1.0,7,True,0.185619371678075,1.2039639103898,0.0003484614558806,0.2365491401430733,106090191031.41817,52,4.838578106680301e-12,0.5133256756581507,14.75034843071917,0.9573716181543364,2.536307937119681,4.260772502590869,0.3017209862396532,0.0092926782552381,1.0000000000000002,-2.3323979326184984e-06,0.9999999999999932,199,1000,False
ct_w6_i1,6,projected_adam,425,False,,0,0.0,-10.99884557345925,1.0011544265407508,3.373194347744992e-09,57619,0.963986952836561,1.0,7,True,0.1852190661388795,1.2034820534189214,0.0003341048651735,0.2268033300116045,127709833170.91132,52,4.019326136252252e-12,0.5133074703202587,14.968578536504385,0.9586321750045568,2.57722131614818,4.260772502590869,0.2969311666795213,0.0089222705112875,1.0000000000000002,-2.1249596423644706e-06,0.9999999999999832,199,1000,False
ct_w6_i1,6,projected_adam,450,False,,0,0.0,-10.998896435910815,1.0011035640891848,3.5086447956991636e-09,57619,0.9640297449207772,1.0,7,True,0.1848505407384455,1.203038621426265,0.0003208889739294,0.2178318708809823,152072781839.3984,52,3.3752981307057453e-12,0.5132909762737441,15.178602856422836,0.9597928842361708,2.616546618154036,4.260772502590869,0.2924684494003385,0.0085858436805087,1.0000000000000004,-1.9450664524139167e-06,1.0000000000000038,199,1000,False
ct_w6_i1,6,projected_adam,475,False,,0,0.0,-10.998943089424538,1.0010569105754623,3.644249593228671e-09,57619,0.9640691861304768,1.0,7,True,0.1845099065183884,1.202628895091124,0.0003086746096825,0.2095402870881866,179284343910.87964,52,2.8629156907012152e-12,0.5132759612795302,15.381142117793814,0.960866242193218,2.6544263126559997,4.26077250259087,0.2882948110281125,0.008278859773705,0.9999999999999996,-1.7879525491890834e-06,1.000000000000017,199,1000,False
ct_w6_i1,6,projected_adam,500,False,,0,0.0,-10.998986055464323,1.001013944535675,3.78008409128011e-09,57619,0.9641056740424148,1.0,7,True,0.1841939045561842,1.2022489220397483,0.0002973451468545,0.2018494086709899,209423749683.3676,52,2.450831074538019e-12,0.513262233470269,15.576824630146891,0.9618626750709512,2.6909842499600005,4.260772502590867,0.284378227857181,0.0079975635590502,0.9999999999999996,-1.6498516207898346e-06,0.9999999999999988,199,1000,False
ct_w6_i1,6,projected_adam,525,False,,0,0.0,-10.999025771044057,1.0009742289559451,3.916216242498386e-09,57619,0.964139544064097,1.0,7,True,0.1838997810191832,1.201895364331813,0.0002868020219726,0.1946923269245403,242535520481.79068,52,2.116183361110682e-12,0.5132496329218844,15.766201636131802,0.962790957794288,2.7263288071899714,4.260772502590865,0.2806915035989225,0.0077388195154895,1.0000000000000002,-1.5277536375076076e-06,1.0000000000000109,199,1000,False
ct_w6_i1,6,projected_adam,550,False,,0,0.0,-10.999062605354124,1.0009373946458755,4.052707749492856e-09,57619,0.964171081319948,1.0,7,True,0.1836251911670629,1.2015653813685172,0.0002769612934599,0.1880120590533964,278663013263.72186,52,1.8417873949067037e-12,0.5132380252558424,15.949759576396804,0.96365853410381,2.7605553919107164,4.260772502590864,0.2772113663930277,0.0074999881574011,1.0,-1.4192283399254552e-06,0.9999999999999944,199,1000,False
ct_w6_i1,6,projected_adam,575,False,,0,0.0,-10.999096872579718,1.0009031274202815,4.189614997736208e-09,57619,0.9642005298824324,1.0,7,True,0.1833681247052867,1.2012565389055565,0.0002677509698445,0.1817597344565274,317808615177.4298,52,1.614894223166316e-12,0.5132272967225181,16.127929988379698,0.9644717641892628,2.7937484553867,4.260772502590866,0.2739177647578462,0.0072788309818034,0.9999999999999998,-1.3222952253857311e-06,0.9999999999999756,199,1000,False
ct_w6_i1,6,projected_adam,600,False,,0,0.0,-10.999128841896242,1.0008711581037577,4.326989821112676e-09,57619,0.964228100020436,1.0,7,True,0.1831268471010149,1.2009667375684256,0.0002591089114351,0.1758931703034236,359934399422.6125,52,1.4258635773718053e-12,0.5132173503798985,16.301097570266073,0.9652361184437928,2.825983127112724,4.26077250259087,0.2707933125478586,0.0070734366131187,1.0,-1.2353265039042114e-06,0.9999999999999832,199,1000,False
ct_w6_i1,6,projected_adam,625,False,,0,0.0,-10.999158745345252,1.0008412546547485,4.464880135080253e-09,57619,0.9642539739481604,1.0,7,True,0.1828998529842376,1.200694156122915,0.0002509811653459,0.1703757412843418,405020422088.5335,52,1.2671166072228561e-12,0.5132081030927916,16.469606805391592,0.9659563306305188,2.857326553341633,4.26077250259087,0.2678228469546979,0.0068821627307641,1.0000000000000004,-1.156973749875364e-06,1.000000000000001,199,1000,False
ct_w6_i1,6,projected_adam,650,False,,0,0.0,-10.999186784100145,1.000813215899857,4.603330464793302e-09,57619,0.9642783104271292,1.0,7,True,0.1826858288022058,1.200437206036027,0.0002433206318773,0.1651754742979457,452983251089.0253,52,1.1329325795599306e-12,0.5131994831537332,16.633767446973952,0.9666365201188576,2.8878390020867526,4.260772502590868,0.2649930732434306,0.0067035900315645,0.9999999999999996,-1.0861118488256488e-06,0.999999999999988,199,1000,False
ct_w6_i1,6,projected_adam,675,False,,0,0.0,-10.999213133494854,1.0007868665051465,4.742382388483772e-09,57619,0.9643012484815688,1.0,7,True,0.1824836226348423,1.2001944947691188,0.000236085987058,0.1602643170311986,503739911226.4069,52,1.018762692697566e-12,0.5131914283802471,16.793859091524503,0.9672802902914722,2.91757478200947,4.260772502590868,0.2622922767615032,0.0065364853656905,0.9999999999999996,-1.0217957073310477e-06,1.0000000000000102,199,1000,False
ct_w6_i1,6,projected_adam,700,False,,0,0.0,-10.999237947093098,1.000762052906902,4.8820749127890405e-09,57619,0.964322910421821,1.0,7,True,0.1822922196044925,1.1999647958890427,0.0002292408051262,0.1556175422652453,557215222117.4219,52,9.209796577890796e-13,0.5131838845805692,16.950135018455132,0.9678908084135136,2.9465830118916614,4.260772502590867,0.2597100876190577,0.0063797720089701,1.0000000000000009,-9.63226501157917e-07,0.999999999999989,199,1000,False
ct_w6_i1,6,projected_adam,725,False,,0,0.0,-10.999261360006168,1.0007386399938325,5.022444792055355e-09,57619,0.9643434043226804,1.0,7,True,0.1821107216970879,1.1997470245527486,0.0002227528385259,0.151213259109435,613235253487.1198,52,8.368351320133732e-13,0.5131768043071483,17.10282543303812,0.968470870942562,2.9749082689796102,4.260772502590868,0.2572372870030351,0.0062325054408869,1.0000000000000002,-9.097251149594452e-07,1.0000000000000069,199,1000,False
ct_w6_i1,6,projected_adam,750,False,,0,0.0,-10.99928349161719,1.0007165083828102,5.16352680134446e-09,57619,0.9643628260687642,1.0,7,True,0.1819383310906802,1.1995402172619791,0.0002165934230289,0.1470320091748739,671714350082.5101,52,7.63970794689305e-13,0.5131701458367453,17.25214022097996,0.9690229573068916,3.0025911384492883,4.260772502590869,0.2548656466729045,0.0060938535352314,1.0000000000000009,-8.607110761379881e-07,0.9999999999999772,199,1000,False
ct_w6_i1,6,projected_adam,775,False,,0,0.0,-10.999304447832763,1.000695552167235,5.305353971082623e-09,57619,0.9643812610533408,1.0,7,True,0.181774336294075,1.199343515037541,0.0002107369832319,0.1430564308866475,732536946718.2112,52,7.005296792598767e-13,0.5131638723305179,17.398271300723327,0.9695492744778682,3.029668681634254,4.260772502590867,0.252587795105839,0.0059630802191552,0.9999999999999998,-8.156857155528256e-07,1.000000000000002,199,1000,False
ct_w6_i1,6,projected_adam,800,False,,0,0.0,-10.999324322955715,1.0006756770442848,5.447957790862045e-09,57619,0.9643987855978836,1.0,7,True,0.1816181005520902,1.1991561493505645,0.0002051606187028,0.1392709785440075,795587977610.0789,52,6.450046576613438e-13,0.5131579511378698,17.54139464343809,0.97005179414217,3.056174837286743,4.260772502590868,0.2503971051847943,0.0058395319251031,0.9999999999999996,-7.74218603973404e-07,0.9999999999999736,199,1000,False
ct_w6_i1,6,projected_adam,825,False,,0,0.0,-10.999343201251246,1.0006567987487536,5.59136838551513e-09,57619,0.9644154681446446,1.0,7,True,0.1814690520948822,1.1989774302957827,0.0001998437560505,0.1356616861317904,860658755531.5021,52,5.962320721404628e-13,0.5131523532163795,17.681672013957215,0.9705322838733824,3.082140766762521,4.260772502590869,0.2482875994658207,0.0057226262463835,1.0,-7.359365554036195e-07,1.0000000000000042,199,1000,False
ct_w6_i1,6,projected_adam,850,False,,0,0.0,-10.999361158264469,1.0006388417355332,5.735614669453737e-09,57619,0.964431370264023,1.0,7,True,0.1813266758932715,1.198806736595089,0.0001947678545347,0.1322159674769936,927707750826.1808,52,5.531343811545972e-13,0.5131470526455628,17.819252479447318,0.9709923334179104,3.107595152605717,4.260772502590869,0.246253869830355,0.0056118424905194,1.0,-7.005146601705247e-07,1.000000000000035,199,1000,False
ct_w6_i1,6,projected_adam,875,False,,0,0.0,-10.999378261933607,1.0006217380663929,5.880724481521228e-09,57619,0.9644465475095388,1.0,7,True,0.1811905066543157,1.1986435071077814,0.0001899161560314,0.1289224465156059,996402403144.5905,52,5.149947697817112e-13,0.513142026217392,17.954273721222016,0.9714333769695752,3.132564457734626,4.260772502590865,0.2442910090184131,0.0055067136179725,1.0000000000000002,-6.676689164731441e-07,1.000000000000002,199,1000,False
ct_w6_i1,6,projected_adam,900,False,,0,0.0,-10.999394573536032,1.0006054264639683,6.026724703987622e-09,57619,0.9644610501469598,1.0,7,True,0.1810601228421448,1.198487233585881,0.0001852734713519,0.1257708122376795,165166231523.67236,51,3.106792764816004e-12,0.5131372530896703,18.08686318054573,0.9718567121373578,3.15707315145586,4.260772502590864,0.2423945520053335,0.0054068194857982,1.0000000000000002,-6.371501527757296e-07,0.99999999999999,199,1000,False
ct_w6_i1,6,projected_adam,925,False,,0,0.0,-10.999410148494947,1.000589851505051,6.1736413669987595e-09,57619,0.9644749237787128,1.0,7,True,0.1809351415525343,1.1983374544658345,0.0001808259972269,0.1227516944491016,175800667388.56354,51,2.918832573924174e-12,0.5131327144913485,18.217139062267893,0.972263516167118,3.181143907136046,4.260772502590863,0.2405604255999105,0.0053117810623472,1.0000000000000002,-6.087389855258902e-07,1.0000000000000189,199,1000,False
ct_w6_i1,6,projected_adam,950,False,,0,0.0,-10.999425037071004,1.0005749629289955,6.321499742036914e-09,57619,0.9644882098810073,1.0,7,True,0.1808152140997574,1.198193749524609,0.0001765611584726,0.1198565566277916,186564989010.3124,51,2.7504002556582403e-12,0.5131283934708399,18.34521121833797,0.972654859878114,3.204797775949209,4.260772502590862,0.2387849049129324,0.0052212554990689,0.9999999999999998,-5.822416106032413e-07,1.0000000000000218,199,1000,False
ct_w6_i1,6,projected_adam,975,False,,0,0.0,-10.999439284957186,1.0005607150428144,6.470324424563281e-09,57619,0.9645009462675568,1.0,7,True,0.1807000222029648,1.1980557352630914,0.0001724674716879,0.1170776033961229,197434386055.0721,51,2.598961026662874e-12,0.5131242746802445,18.47118192699677,0.9730317196808372,3.22805433989807,4.260772502590862,0.2370645756289757,0.0051349318610225,1.0000000000000004,-5.574862749906485e-07,0.9999999999999668,199,1000,False
ct_w6_i1,6,projected_adam,999,False,,0,0.0,-10.9994523988529,1.000547601147101,6.614127498457902e-09,57619,0.9645126881278142,1.0,7,True,0.1805936226700094,1.1979282694736753,0.000168688787961,0.1145124864473475,207939832818.4122,51,2.4676392733507494e-12,0.513120497956703,18.590225374949977,0.9733807077227468,3.2500238072209893,4.260772502590863,0.2354620696915943,0.0,,0.0,,199,1000,False
ct_w6_i1,6,ray_projected,0,False,0.02,0,4.260772502590869,-8.944810487936191,3.0551895120638086,0.0198852588846284,64512,0.0198852588846284,0.0,0,True,7.767925961538856,2363.564078439323,0.159641994828087,1.0,154.85146922241472,52,0.0407384629615785,6.3084108434633634,7.016495842935879,0.9999999999999998,1.2601998550401088,1.4304223057953898e-15,2.0386562435371806e-16,0.1113552872566004,1.0000000000000004,-0.0490627419332029,1.0,199,1000,False
ct_w6_i1,6,ray_projected,25,False,0.02,0,4.260772502590869,-9.960814495484176,2.0391855045158227,0.0698651241615389,64512,0.0698651241615389,0.0,0,True,6.250562722736325,518.3044042940393,0.1765044773142584,1.1056268590500269,417.8853968108005,52,0.0222360789675943,9.292132682889452,9.800378024350884,1.0,1.7601998550401077,8.611209269944328e-15,8.786609300731218e-16,0.1113552872566004,1.0000000000000004,-0.0327425290376419,1.0000000000000009,199,1000,False
ct_w6_i1,6,ray_projected,50,False,0.02,0,4.260772502590869,-10.61700190493195,1.38299809506805,0.1623059199200408,64512,0.1623059199200408,0.0,0,True,4.944124423950768,140.34791176793803,0.213479566519695,1.337239407147122,1049.6395017481657,52,0.0116168058485466,12.193458302773704,12.584260205765888,1.0000000000000004,2.260199855040108,1.877557501171774e-14,1.4919887784198148e-15,0.1113552872566004,1.0000000000000004,-0.0206358145928747,0.9999999999999988,199,1000,False
ct_w6_i1,6,ray_projected,75,False,0.02,0,4.260772502590869,-11.035478211847597,0.9645217881524032,0.2897542797953202,64512,0.2897542797953202,0.0,0,True,3.9009949260643566,49.45162534909501,0.2538988345494354,1.5904263462934698,2567.3138285507325,52,0.0056092887773541,14.400804646435734,15.368142387180898,1.0,2.760199855040107,2.6347629809804342e-14,1.7144316564753993e-15,0.1113552872566004,1.0000000000000004,-0.0135611287527284,1.0000000000000009,199,1000,False
ct_w6_i1,6,ray_projected,100,False,0.02,0,4.260772502590869,-11.321342200753971,0.678657799246027,0.4351946361056743,64512,0.4351946361056743,0.0,0,True,3.044521967364936,20.9999901224741,0.2688587024660254,1.684135197355496,6125.169339503114,52,0.0024654599389865,15.101359626053636,18.15202456859592,1.0000000000000004,3.260199855040109,1.5020460009374193e-14,8.274812516153423e-16,0.1113552872566004,1.0000000000000004,-0.0096570041577957,0.999999999999998,199,1000,False
ct_w6_i1,6,ray_projected,125,False,0.02,0,4.260772502590869,-11.529543742411064,0.4704562575889355,0.5785114839093322,64512,0.5785114839093322,0.0,0,True,2.3163064329511047,10.138159095878136,0.2494266745513308,1.562412664787419,14056.454400857354,52,0.0009936247414884,13.966840870295908,20.93590675001094,1.0000000000000002,3.760199855040111,6.785997004293221e-15,3.2413198460055593e-16,0.1113552872566004,1.0000000000000004,-0.0071355663590746,1.000000000000005,199,1000,False
ct_w6_i1,6,ray_projected,150,False,0.02,0,4.260772502590869,-11.682757355059112,0.3172426449408867,0.7030019584155468,64512,0.7030019584155468,0.0,0,True,1.7039126713676442,5.495407103978427,0.2053966247726942,1.2866077312168316,30459.99901575872,52,0.0003775899830969,11.501390513492565,23.719788931425946,1.0000000000000002,4.260199855040109,2.288675689272624e-14,9.648802929440896e-16,0.1113552872566004,1.0000000000000004,-0.0051906360739216,1.0000000000000049,199,1000,False
ct_w6_i1,6,ray_projected,175,False,0.02,0,4.260772502590869,-11.792216082373404,0.2077839176265961,0.8003010062222177,64512,0.8003010062222177,0.0,0,True,1.2118603388694758,3.35972907696816,0.153614930816412,0.9622463749706626,61778.43499459288,52,0.0001393503723995,8.608847922760813,26.503671112840934,1.0000000000000002,4.7601998550401055,6.383772737474092e-14,2.4086371696565376e-15,0.1113552872566004,1.0000000000000004,-0.0036274447614509,1.0000000000000018,199,1000,False
ct_w6_i1,6,ray_projected,200,False,0.02,0,4.260772502590869,-11.86720138550847,0.1327986144915307,0.8703439752528691,64512,0.8703439752528691,0.0,0,True,0.8374140243170842,2.310384646520505,0.1069657154299312,0.6700349462879049,117870.09405103396,52,5.089862153924561e-05,5.999425307898862,29.28755329425592,1.0000000000000002,5.260199855040102,1.0485020541305592e-13,3.580026107323204e-15,0.1113552872566004,1.0000000000000004,-0.0024317632611409,0.9999999999999944,199,1000,False
ct_w6_i1,6,ray_projected,216,True,,0,4.260772502590869,-11.90126758365292,0.0987324163470795,0.9029659304202876,64512,0.9029659304202876,0.0,0,True,0.6530170709887955,1.9213288787648788,0.0825696976579265,0.5172179021368597,173603.29605585692,52,2.6687576226529346e-05,4.633051196667422,31.06923789036149,1.0,5.580199855040094,1.0871209524044963e-13,3.4990267744602458e-15,0.0,,0.0,,199,1000,False
ct_w6_i1,6,target_direction,0,False,0.02,0,0.0,-10.99352170728252,1.00647829271748,9.002764747682834e-10,57619,0.960242329815542,1.0,7,True,0.2157770953276441,1.2408257623122418,0.0014731038788385,1.0,85639067.87613422,52,6.0167531934109135e-09,0.5152691351244645,8.208860836484618,0.8547465942839202,1.260199855040109,4.260772502590869,0.607250769895426,0.1113552872566004,1.0000000000000004,-0.0002026022638469,1.0000000000000016,199,1000,False
ct_w6_i1,6,target_direction,25,False,0.02,0,0.0,-10.996847113493818,1.0031528865061825,1.4877039507840903e-09,57619,0.9624412323063704,1.0,7,True,0.1981014478284232,1.219086061182212,0.0007979814627379,0.5417007410008049,1827537326.4865053,52,2.8126251921485223e-10,0.5140177524067704,10.686514480363288,0.9170790010493416,1.760199855040108,4.260772502590868,0.4347559341082738,0.1113552872566004,1.0000000000000004,-8.430842405980244e-05,1.0000000000000002,199,1000,False
ct_w6_i1,6,target_direction,50,False,0.02,0,0.0,-10.998324655489832,1.0016753445101685,2.455660872960035e-09,57619,0.9635602013588648,1.0,7,True,0.1888459011987123,1.2078548091628174,0.0004641861377507,0.3151075388632753,27811639708.228447,52,1.846287210579657e-11,0.5134827469855152,13.285999670527522,0.9471820350621936,2.2601998550401072,4.260772502590869,0.3385794979540121,0.1113552872566004,1.0000000000000004,-4.033396292442149e-05,1.0000000000000002,199,1000,False
ct_w6_i1,6,target_direction,75,False,0.02,0,0.0,-10.99906223068113,1.0009377693188704,4.0512657681068055e-09,57619,0.964170759918432,1.0,7,True,0.183627993200778,1.2015687481999435,0.0002770617000319,0.1880802189254911,278268282237.2217,52,1.844400442663921e-12,0.5132381429376606,15.947851979232208,0.9636496756549896,2.7601998550401072,4.260772502590867,0.2772470735399305,0.1113552872566004,1.0000000000000004,-2.108108491613692e-05,0.9999999999999764,199,1000,False
ct_w6_i1,6,target_direction,100,False,0.02,0,0.0,-10.999458361993698,1.000541638006302,6.681813824243761e-09,57619,0.9645180334872728,1.0,7,True,0.1805451194726214,1.1978701675314407,0.0001669670893496,0.1133437307090993,212876306054.1811,51,2.4104081599387437e-12,0.5131187851706154,18.645379541799198,0.9735400949014056,3.260199855040108,4.260772502590857,0.234727122943754,0.1113552872566004,1.0000000000000004,-1.1651772505487658e-05,0.999999999999984,199,1000,False
ct_w6_i1,6,target_direction,125,False,0.02,0,0.0,-10.99968113260605,1.0003188673939505,1.1018761992719048e-08,57619,0.9647205787396064,1.0,7,True,0.178669731227258,1.1956258010868066,0.0001009942426974,0.0685588057626387,463557758940.5582,51,1.1067811685026404e-12,0.5130569981086963,21.365073689645605,0.9799126861966933,3.760199855040107,4.260772502590839,0.2035150687986617,0.1113552872566004,1.0000000000000004,-6.671420822534914e-06,1.0000000000000335,199,1000,True
ct_w6_i1,6,target_direction,150,False,0.02,0,0.0,-10.999810086256256,1.0001899137437444,1.8169126117866288e-08,57619,0.9648405307905557,1.0,7,True,0.1775085179093823,1.194238230272162,6.118025946413885e-05,0.0415315310366135,714521745585.828,51,7.179955325890853e-13,0.5130234212683794,24.099430891003003,0.9842468495918378,4.260199855040105,4.260772502590815,0.1796294442125408,0.1113552872566004,1.0000000000000004,-3.905420633749657e-06,0.9999999999999944,199,1000,True
ct_w6_i1,6,target_direction,175,False,0.02,0,0.0,-10.999886094647268,1.000113905352732,2.9958050798459855e-08,57619,0.9649122306852796,1.0,7,True,0.1767820900712577,1.193371017398262,3.708493457928936e-05,0.0251746907411096,555742174507.1859,50,9.230980241980765e-13,0.513004503251126,26.843970734160628,0.987323051992206,4.760199855040104,4.260772502590795,0.1607615973066639,0.1113552872566004,1.0000000000000004,-2.318108947942932e-06,1.0000000000000882,199,1000,True
ct_w6_i1,6,target_direction,200,False,0.02,0,0.0,-10.99993140593186,1.000068594068141,4.939468153171079e-08,57619,0.9649553252989784,1.0,7,True,0.1763251716913136,1.1928258688000115,2.248508705615212e-05,0.0152637484560018,661077455903.8813,50,7.759961890324148e-13,0.5129935864366562,29.5958605261397,0.9895827583181278,5.2601998550401,4.260772502590781,0.145480657253347,0.1113552872566004,1.0000000000000004,-1.3880566726776067e-06,0.9999999999999714,199,1000,True
ct_w6_i1,6,target_direction,225,False,0.02,0,0.0,-10.999958616241296,1.0000413837587043,8.144025461837926e-08,57619,0.9649813043248204,1.0,7,True,0.1760371557493548,1.192482365403418,1.363386452854094e-05,0.0092551955937353,809886982983.6227,50,6.334059233403662e-13,0.512987212258085,32.353224812821274,0.9912902241189038,5.760199855040091,4.260772502590771,0.1328525661354621,0.1113552872566004,1.0000000000000004,-8.361399248535405e-07,0.9999999999997012,199,1000,True
ct_w6_i1,6,target_direction,250,False,0.02,0,0.0,-10.99997504643438,1.000024953565621,1.3427446099040664e-07,57619,0.9649969779786278,1.0,7,True,0.175855723043933,1.192266029727472,8.266638266241436e-06,0.0056117144113144,662614014604.4539,49,7.741814922685398e-13,0.5129835066245241,35.11477397471316,0.9926111921490892,6.2601998550400815,4.260772502590768,0.1222416775686617,0.1113552872566004,1.0000000000000004,-5.063542868377624e-07,0.9999999999998954,199,1000,True
ct_w6_i1,6,target_direction,275,False,0.02,0,0.0,-10.99998502764059,1.0000149723594092,2.213833243546857e-07,57619,0.9650064125989316,1.0,7,True,0.1757419215038013,1.1921303557371434,5.014822219738056e-06,0.0034042556616522,994578872327.3958,48,5.15777528644859e-13,0.512981432811415,37.87959274862167,0.99365376202125,6.760199855040069,4.260772502590768,0.1132004006693166,0.1113552872566004,1.0000000000000004,-3.090051701981623e-07,0.9999999999990096,199,1000,True
ct_w6_i1,6,target_direction,300,False,0.02,0,0.0,-10.999991157911907,1.000008842088091,3.650015245014162e-07,57619,0.9650120404715526,1.0,7,True,0.1756713674076215,1.1920462490244372,3.0625990561527057e-06,0.0020790109239053,708663230886.1749,45,7.238705293449271e-13,0.5129804280688618,40.64701394085017,0.994490814964654,7.260199855040059,4.260772502590768,0.1054044444332958,0.1113552872566004,1.0000000000000004,-1.9170021332115538e-07,1.000000000000967,199,1000,True
ct_w6_i1,6,target_direction,325,False,0.02,0,0.0,-10.99999502048803,1.0000049795119708,6.017878142853995e-07,57619,0.9650153069684916,1.0,7,True,0.1756289234528804,1.1919956549411084,1.9740418738722494e-06,0.0013400561238279,825786100130.4902,45,6.212022987502914e-13,0.5129802236770988,43.41653991065969,0.99517290622974,7.760199855040049,4.260772502590768,0.0986130958596611,0.1113552872566004,1.0000000000000004,-1.237568463885452e-07,0.9999999999978678,199,1000,True
ct_w6_i1,6,target_direction,350,False,0.02,0,0.0,-10.999997608087105,1.000002391912897,9.92182161054685e-07,57619,0.9650170491213385,1.0,7,True,0.1756054547625652,1.1919676806924862,1.656410510477254e-06,0.0011244356452195,870591252418.1124,44,5.89232618192649e-13,0.5129807630379417,46.187792037725096,0.9957359803036572,8.260199855040039,4.260772502590768,0.0926439245568935,0.1113552872566004,1.0000000000000004,-8.75605866212936e-08,1.0000000000022151,199,1000,True
ct_w6_i1,6,target_direction,375,False,0.02,0,0.0,-10.999999583693612,1.0000004163063867,1.6358329583873033e-06,57619,0.9650177128141167,1.0,7,True,0.1755958865558939,1.1919562757539344,2.160321457281448e-06,0.0014665099239197,987640259953.8696,41,5.19401854317801e-13,0.5129821824189549,48.96047721199597,0.996206151197606,8.760199855040028,4.260772502590768,0.0873561499575737,0.1113552872566004,1.0000000000000004,-7.377237380978843e-08,1.0000000000026843,199,1000,True
ct_w6_i1,6,target_direction,400,False,0.02,0,0.0,-11.000001452501088,0.9999985474989136,2.697031909310137e-06,57619,0.965017467896766,1.0,7,True,0.1755981252142263,1.1919589441397698,3.4286199261705973e-06,0.0023274800748429,554930591602.9429,39,9.24412623798334e-13,0.5129848442096381,51.734365022996194,0.9966027556858476,9.260199855040016,4.260772502590768,0.0826393970081205,0.1113552872566004,1.0000000000000004,-7.883596927271693e-08,0.9999999999922012,199,1000,True
ct_w6_i1,6,target_direction,425,False,0.02,0,0.0,-11.000003691859886,0.9999963081401138,4.446648274056955e-06,57619,0.96501625201908,1.0,7,True,0.1756126061329322,1.1919762049253164,5.630979910661188e-06,0.003822527380147,871539094108.2958,39,5.886017425819514e-13,0.5129894295204382,54.509271870378576,0.9969403564262482,9.760199855040003,4.260772502590768,0.0784059080306666,0.1113552872566004,1.0000000000000004,-1.0403021020621846e-07,0.9999999999952666,199,1000,True
ct_w6_i1,6,target_direction,450,False,0.02,0,0.0,-11.000006873484384,0.9999931265156156,7.33126462196881e-06,57619,0.9650137548954448,1.0,7,True,0.1756423674870538,1.1920116802791505,9.28414425580932e-06,0.0063024369083389,954201093445.4076,37,5.376194990702408e-13,0.5129971138703961,57.28504966695132,0.9972300877896,10.260199855039996,4.260772502590768,0.0745850317739458,0.1113552872566004,1.0000000000000004,-1.5578059626264456e-07,1.0000000000012303,199,1000,True
ct_w6_i1,6,target_direction,475,False,0.02,0,0.0,-11.000011809507816,0.999988190492184,1.208715661462934e-05,57619,0.9650093391793606,1.0,7,True,0.1756936566520823,1.192072819130803,1.531001339695253e-05,0.0103930304012393,842225272285.9445,33,6.091124188405949e-13,0.5130098728107702,60.06157765869386,0.9974805795190173,10.760199855039987,4.260772502590769,0.0711192489456181,0.1113552872566004,1.0000000000000004,-2.472935555353216e-07,1.0000000000011502,199,1000,True
ct_w6_i1,6,target_direction,500,False,0.02,0,0.0,-11.000019759799743,0.9999802402002568,1.9928198128983166e-05,57619,0.9650018778328736,1.0,7,True,0.1757771798519057,1.1921723890252196,2.5244158827069543e-05,0.0171367132961275,629169356758.6401,32,8.154100260773873e-13,0.5130310016016557,62.83875640365231,0.9976986028894668,11.26019985503999,4.260772502590773,0.0679612566425869,0.1113552872566004,1.0000000000000004,-4.019242087593965e-07,1.0000000000000593,199,1000,True
ct_w6_i1,6,target_direction,525,False,0.02,0,0.0,-11.000032753485137,0.9999672465148636,3.285562156654937e-05,57619,0.964989466537137,1.0,7,True,0.1759102253615549,1.192331012760161,4.1621238490777e-05,0.0282541096311503,818981137506.9966,31,6.264686390000409e-13,0.5130659985807136,65.6165032736719,0.997889530619395,11.760199855039987,4.260772502590768,0.0650717965364535,0.1113552872566004,1.0000000000000004,-6.59133737155316e-07,1.000000000000181,199,1000,True
ct_w6_i1,6,target_direction,550,False,0.02,0,0.0,-11.000054106662589,0.9999458933374116,5.416860975837489e-05,57619,0.9649689378331688,1.0,7,True,0.1761200459562693,1.1925812146101873,6.8619980541184e-05,0.046581902014464,392757600847.9608,27,1.3064650655144014e-12,0.5131240847231102,68.39474904822764,0.9980576693969812,12.260199855039993,4.260772502590762,0.0624180144894298,0.1113552872566004,1.0000000000000004,-1.0845525991420856e-06,1.0000000000000655,199,1000,True
ct_w6_i1,6,target_direction,575,False,0.02,0,0.0,-11.000089268231656,0.9999107317683452,8.930580305430559e-05,57619,0.9649350532171797,1.0,7,True,0.1764490996037154,1.1929737023799551,0.0001131279358633,0.0767956268994066,412160162641.7015,27,1.245197680476752e-12,0.5132208785063676,71.1734353033228,0.9982065037707076,12.760199855039996,4.260772502590758,0.059972205834451,0.1113552872566004,1.0000000000000004,-1.7867081176170524e-06,0.9999999999998668,199,1000,True
ct_w6_i1,6,target_direction,600,False,0.02,0,0.0,-11.000147209062618,0.999852790937382,0.0001472318494546,57619,0.9648791676175836,1.0,7,True,0.1769630448607359,1.1935869831389128,0.0001864952295945,0.1266001890793989,424102532408.6349,27,1.210516896523757e-12,0.5133832813391668,73.952512387224,0.9983388773908686,13.260199855039996,4.260772502590753,0.0577108445242872,0.1113552872566004,1.0000000000000004,-2.9446593169701896e-06,1.000000000000062,199,1000,False
ct_w6_i1,6,target_direction,625,False,0.02,0,0.0,-11.000242707281638,0.9997572927183622,0.0002427211012138,57619,0.9647870271120118,1.0,7,True,0.1777627981029387,1.1945419400125576,0.000307420170276,0.2086887250059206,490765462981.9087,27,1.0466484418922142e-12,0.5136589071645259,76.73193783483356,0.998457129327584,13.76019985504,4.260772502590748,0.0556138239456526,0.1113552872566004,1.0000000000000004,-4.853520280079245e-06,0.9999999999999276,199,1000,False
ct_w6_i1,6,target_direction,650,False,0.02,0,0.0,-11.000400108062252,0.9995998919377468,0.0004001164429231,57619,0.9646351425078824,1.0,7,True,0.1790025094261617,1.1960237454973948,0.000506690745155,0.3439613135460072,768066649836.4072,27,6.693895340139565e-13,0.5141357768256534,79.51167511375297,0.9985631977459416,14.260199855040003,4.260772502590744,0.0536638574476024,0.1113552872566004,1.0000000000000004,-7.999294742173653e-06,1.0000000000000562,199,1000,False
ct_w6_i1,6,target_direction,675,False,0.02,0,0.0,-11.000659504225665,0.9993404957743356,0.000659509307474,57619,0.9643848260593858,1.0,7,True,0.1809160083400018,1.1983145266399748,0.0008349583931527,0.5668021143295687,417310210328.6901,26,1.2340655573762345e-12,0.5149881573080686,82.29169262386846,0.9986586995696836,14.760199855040003,4.260772502590739,0.051846000712103,0.1113552872566004,1.0000000000000004,-1.3181588869386484e-05,0.9999999999999952,199,1000,False
ct_w6_i1,6,target_direction,700,False,0.02,0,0.0,-11.001086878935556,0.9989131210644436,0.0010868820165107,57619,0.963972404235186,1.0,7,True,0.1838550532763455,1.2018416074672602,0.0013754365388393,0.933699624716101,421670236445.6122,26,1.2251281671869439e-12,0.5166000839338982,85.07196289264452,0.9987449922811392,15.260199855040003,4.260772502590735,0.050147268021686,0.1113552872566004,1.0000000000000004,-2.1714075832566276e-05,0.9999999999999966,199,1000,False
ct_w6_i1,6,target_direction,725,False,0.02,0,0.0,-11.001790701039114,0.9982092989608856,0.0017907029064911,57619,0.9632932032761772,1.0,7,True,0.1883433811830309,1.207247990427226,0.0022645170384651,1.5372419223079852,428108193965.5965,26,1.2145843029151538e-12,0.5199734923399695,87.85246192289507,0.9988232222903992,15.760199855040009,4.260772502590731,0.0485563215716748,0.1113552872566004,1.0000000000000004,-3.574996327330383e-05,1.0000000000000109,199,1000,False
ct_w6_i1,6,target_direction,750,False,0.02,0,0.0,-11.00294894315085,0.9970510568491502,0.002948944282154,57619,0.9621754764214842,1.0,7,True,0.1951505372670777,1.2154939498553434,0.0037248982195502,2.5286052620315638,441157083836.3763,26,1.1981225722379262e-12,0.5285602600470216,90.63316866037496,0.9988943631071228,16.26019985504001,4.260772502590726,0.0470632181041726,0.1113552872566004,1.0000000000000004,-5.880498295438133e-05,0.9999999999999978,199,1000,False
ct_w6_i1,6,target_direction,775,False,0.02,0,0.0,-11.004852703051052,0.9951472969489484,0.0048527037359163,57619,0.9603383084836634,1.0,7,True,0.2053874677386415,1.2280007834810622,0.0061178889801958,4.153060125684703,509378660388.5814,26,1.1019099378630158e-12,0.561289408017528,93.41406455628731,0.998959245698724,16.760199855040014,4.26077250259072,0.0456592008934225,0.1113552872566004,1.0000000000000004,-9.658311387804376e-05,0.9999999999999986,199,1000,False
ct_w6_i1,6,target_direction,800,False,0.02,0,0.0,-11.007975647701809,0.9920243522981932,0.0079756481158893,57619,0.9573246009886636,1.0,7,True,0.2206190775508366,1.2468483875510137,0.0100234854561744,6.804330366760933,644691358782.8041,25,1.122847910139157e-12,0.723890344894045,96.19513320554454,0.9990185828099316,17.260199855040014,4.260772502590716,0.0443365278862473,0.1113552872566004,1.0000000000000004,-0.0001582407514724,0.9999999999999942,199,1000,False
ct_w6_i1,6,target_direction,825,False,0.02,0,0.0,-11.01308193487492,0.9869180651250796,0.0130819351247823,57619,0.9523969255653084,1.0,7,True,0.242971805019107,1.2750326740897728,0.0163562423274328,11.103251143652365,742014833308.9758,24,1.5031573395692376e-12,1.1153650427576314,98.9763600459155,0.9990729885778564,17.760199855040018,4.260772502590711,0.0430883288724938,0.1113552872566004,1.0000000000000004,-0.000258215967091,0.9999999999999992,199,1000,False
ct_w6_i1,6,target_direction,850,False,0.02,0,0.0,-11.021386963454772,0.9786130365452266,0.021386963605045,57619,0.944382396517764,1.0,7,True,0.2751767442423581,1.3167633846487434,0.026514935431939,17.999365701789156,901301290575.03,23,1.9709955642918027e-12,1.776460845813861,101.75773210643474,0.9991229944541644,18.260199855040018,4.260772502590705,0.0419084861211944,0.1113552872566004,1.0000000000000004,-0.0004185912309899,1.0000000000000029,199,1000,False
ct_w6_i1,6,target_direction,875,False,0.02,0,0.0,-11.034778616992316,0.965221383007684,0.034778617082213,57619,0.9314591661103532,1.0,7,True,0.3204164896218626,1.3777014432151389,0.0425274840200369,28.86930421605254,211558366226.48712,21,1.3365599979890572e-11,2.827604495382418,104.53923779591656,0.9991690622077678,18.76019985504002,4.2607725025907,0.0407915341045575,0.1113552872566004,1.0000000000000004,-0.0006713812994443,0.9999999999999916,199,1000,False
ct_w6_i1,6,target_direction,900,False,0.02,0,0.0,-11.05607510011029,0.9439248998897104,0.0560751001636122,57619,0.9109076069645162,1.0,7,True,0.3817271564054157,1.464812365933715,0.0670560468900026,45.520243245080806,554649398482.5002,21,8.007346387326299e-12,4.441269857171553,107.3208667243115,0.9992115946039362,19.260199855040025,4.260772502590696,0.0397325748411134,0.1113552872566004,1.0000000000000004,-0.0010586136672906,0.9999999999999944,199,1000,False
ct_w6_i1,6,target_direction,925,False,0.02,0,0.0,-11.08920711336933,0.91079288663067,0.0892071134005333,57619,0.8789345094454765,1.0,7,True,0.4605820453829264,1.584996256319508,0.102931798992589,69.87409406167926,573141496898.9073,20,1.1869604614855044e-11,6.802962956556199,110.1026095511077,0.9992509442223656,19.760199855040025,4.260772502590691,0.0387272060914906,0.1113552872566004,1.0000000000000004,-0.00162498408712,0.9999999999999865,199,1000,False
ct_w6_i1,6,target_direction,950,False,0.02,0,0.0,-11.139031817334722,0.8609681826652782,0.1390318173526173,57619,0.8308526102996736,1.0,7,True,0.5543382383567491,1.7407886163841997,0.1516462755917625,102.94336860434215,203306349660.80573,19,4.923827321587308e-11,10.010453591120578,112.88445785611906,0.9992874207757128,20.260199855040028,4.260772502590685,0.0377714601865,0.1113552872566004,1.0000000000000004,-0.0023940394227827,1.0000000000000009,199,1000,False
ct_w6_i1,6,target_direction,975,False,0.02,0,0.0,-11.210260693450074,0.7897393065499259,0.2102606934600289,57619,0.7621152297205032,1.0,7,True,0.652934382523814,1.921170013597418,0.2103644228340594,142.8035224507856,366088230798.71545,19,3.7905312110526914e-11,13.87668864841592,115.66640402889752,0.9993212972130004,20.76019985504003,4.260772502590681,0.0368617516950056,0.1113552872566004,1.0000000000000004,-0.0033210226851969,0.9999999999999992,199,1000,False
ct_w6_i1,6,target_direction,999,False,,0,0.0,-11.300828707525175,0.6991712924748246,0.3008287075306277,57619,0.6747151696315729,1.0,7,True,0.73429884530278,2.084020259520374,0.2664607908848143,180.8839109804686,665254931901.012,19,2.6410776871808804e-11,17.56989956930799,118.33715802173954,0.9993515966519484,21.24019985504004,4.260772502590677,0.0360287255966468,0.0,,0.0,,199,1000,False
ct_w6_i1,6,adam,0,False,,0,0.0,-10.999339344488108,1.0006606555118918,3.0804439498919067e-12,57619,0.9953090194936322,1.0,7,True,0.0352716285940189,1.035901050933617,0.0001453771831149,1.0,638019691.6401001,52,8.318603506469446e-11,0.0530743284407389,9.280960383535072,0.7910242909836719,1.318566057867759,5.6779499577716335,0.7734082877179328,0.144195718863504,0.2739280491382921,-0.0001153315496186,0.2553501049796375,999,1000,False
ct_w6_i1,6,adam,25,False,,0,0.0,-10.9999570146549,1.0000429853451005,9.650733470523607e-18,57619,0.9997337073496428,1.0,7,True,0.0027685809798101,1.0027724170394614,1.1627977724239824e-05,0.0799848881034238,90813216906.72408,52,3.181403129795059e-14,0.002889134524938,11.16557419707268,0.7139808242755034,1.4318145218134153,7.8177470910221984,0.9806499417771356,0.0423559056292598,0.2686140443792243,-2.479852927252016e-06,0.4270766133600737,999,1000,True
ct_w6_i1,6,adam,50,False,,0,0.0,-10.99998269388685,1.0000173061131503,5.6265017809984125e-19,57619,0.9998599146556616,1.0,7,True,0.0015345576254488,1.0015357356615129,4.645630295255525e-06,0.0319557044352852,309525534718.63605,52,5.1005036651129066e-15,0.0015787361242784,11.69879310689788,0.6952836877604631,1.4609059370422508,8.408336892308558,1.0337297212601284,0.0139627931484566,0.248670122742726,-3.8046846037393756e-07,0.5050332720344651,999,1000,True
ct_w6_i1,6,adam,75,False,,0,0.0,-10.999988709318194,1.0000112906818064,1.9266519182787761e-19,57619,0.999889290970578,1.0,7,True,0.0012330225090263,1.0012337829938132,2.984597977560015e-06,0.0205300303225726,506076299111.93536,52,2.5181093443933888e-15,0.0012743554577697,11.925252266314368,0.6876097278286895,1.4727490121297035,8.6586928794499,1.055948526844929,0.0086042075065243,0.2443266937370104,-1.54300259553022e-07,0.494830745674908,999,1000,True
ct_w6_i1,6,adam,100,False,,0,0.0,-10.999991666230986,1.0000083337690135,8.918985306170372e-20,57619,0.999905880652786,1.0,7,True,0.0010602487632556,1.001060811025671,2.181785666830937e-06,0.0150077585772581,716706913180.2916,52,1.530645866030068e-15,0.0010970244738145,12.088679211357377,0.6822330072593155,1.4812580839835543,8.838454289226059,1.0716790471767073,0.0069697815824866,0.2473244844834354,-9.052233909712603e-08,0.4566008350526477,999,1000,True
ct_w6_i1,6,adam,125,False,,0,0.0,-10.999993515303158,1.0000064846968415,4.5893972568706097e-20,57619,0.9999178795426727,1.0,7,True,0.0009341405386712,1.000934576983834,1.6874497874083724e-06,0.0116073908659666,961521240034.7736,52,1.0039697653251788e-15,0.0009653382537128,12.227402220190582,0.6777899571192014,1.4884987737321766,8.99026576208143,1.0847838278368238,0.006020038332859,0.2499180724871184,-5.99610862406744e-08,0.425457117544906,999,1000,True
ct_w6_i1,6,adam,150,False,,0,0.0,-10.99999477752634,1.0000052224736606,2.5407059708815082e-20,57619,0.9999271081632896,1.0,7,True,0.0008363488378827,1.0008366986750938,1.3535018227055328e-06,0.0093102768515975,938206071948.27,51,9.190122401430786e-16,0.000862222863897,12.349431557781577,0.6739686201086696,1.4948781600186054,9.123265735909072,1.0961340808859512,0.0053106829031412,0.2516794559311268,-4.21909349102663e-08,0.401926392199213,999,1000,True
ct_w6_i1,6,adam,175,False,,0,0.0,-10.9999956841575,1.0000043158425012,1.4927220257607788e-20,57619,0.9999344265139792,1.0,7,True,0.0007582096115141,1.0007584971250822,1.1153333444649228e-06,0.007671997218319,305686770390.2067,50,2.5496672435549e-15,0.0007793995452519,12.4583708881464,0.6706220979394344,1.5005769421013442,9.241609126795012,1.1061358813810944,0.0047482223146528,0.2529196434653378,-3.096737311534839e-08,0.3834128550541517,999,1000,True
ct_w6_i1,6,adam,200,False,,0,0.0,-10.999996360362925,1.0000036396370753,9.21464755329746e-21,57619,0.9999403675470584,1.0,7,True,0.0006943326208306,1.000694573725524,9.38597590401525e-07,0.0064562923169271,377397526683.5937,50,1.885310629098986e-15,0.0007115115684522,12.556692377412286,0.6676518962547061,1.505720955512044,9.348126014825253,1.115062515488522,0.0042915897641839,0.253838760644354,-2.3490866155596123e-08,0.3682562047934021,999,1000,True
ct_w6_i1,6,adam,225,False,,0,0.0,-10.999996880015772,1.0000031199842283,5.929162033555461e-21,57619,0.9999452855086784,1.0,7,True,0.0006411155461419,1.0006413211046403,8.032917911316117e-07,0.005525569927273,457218357971.6089,50,1.4323254312093419e-15,0.0006548854817385,12.646253975268976,0.6649861896065172,1.5104059180291722,9.444926280986126,1.1231145330326846,0.0039144121017799,0.2545482045089352,-1.8301005794509018e-08,0.3554722820274469,999,1000,True
ct_w6_i1,6,adam,250,False,,0,0.0,-10.999997289232622,1.0000027107673777,3.951487291545425e-21,57619,0.9999494242447652,1.0,7,True,0.0005960649376059,1.0005962426196124,6.970501374868948e-07,0.0047947698707008,545247984086.5026,50,1.113138309548522e-15,0.0006069364192907,12.72848493080508,0.6625710949869866,1.514706019965656,9.533622842299032,1.130443259240035,0.0035981888684382,0.2551132446428136,-1.4575326227090992e-08,0.3444460172659098,999,1000,True
ct_w6_i1,6,adam,275,False,,0,0.0,-10.999997618095977,1.0000023819040234,2.7137353703020576e-21,57619,0.9999529564498868,1.0,7,True,0.0005574054682519,1.0005575608475483,6.118652752502658e-07,0.0042088122918607,641568431228.8478,50,8.819069041774867e-16,0.000565803629003,12.804502173848409,0.6603653627354198,1.5186795222745342,9.615470019059517,1.1371651303469623,0.0033295845996438,0.2555745072856282,-1.182476066450582e-08,0.3347704636217629,999,1000,True
ct_w6_i1,6,adam,300,False,,0,0.0,-10.999997886955825,1.0000021130441752,1.9126126366798918e-21,57619,0.9999560075510954,1.0,7,True,0.000523841207396,1.0005239784361624,5.423512336904283e-07,0.0037306489372655,746309036505.6135,50,7.103202260949872e-16,0.0005301184035473,12.875191719710228,0.6583368360818072,1.5223727924420214,9.69145888528118,1.1433713271890915,0.0030987990783823,0.2559585864746096,-9.745381081966169e-09,0.3261634538708198,999,1000,True
ct_w6_i1,6,adam,325,False,,0,0.0,-10.999998110007695,1.000001889992303,1.3787395241922566e-21,57619,0.9999586707074044,1.0,7,True,0.0004944050345878,1.0004945272729011,4.847679005270745e-07,0.0033345528516932,859455843703.5519,50,5.804297291611544e-16,0.0004988537225868,12.9412664330932,0.6564600302712343,1.525823221099529,9.762384203096188,1.149134407611781,0.002898499137679,0.2562836401135532,-8.141157894673121e-09,0.3184217367773631,999,1000,True
ct_w6_i1,6,adam,350,False,,0,0.0,-10.9999982974178,1.0000017025822014,1.0137557151301286e-21,57619,0.9999610164971736,1.0,7,True,0.0004683609583277,1.0004684706564468,4.364466033873149e-07,0.0030021671491751,981236277270.5028,50,4.802359194244363e-16,0.0004712249057876,13.00330742105683,0.6547144465341,1.529061337100606,9.82889200955117,1.1545129519208042,0.0027231040237488,0.2565625652814129,-6.881560800740629e-09,0.3113943693137565,999,1000,True
ct_w6_i1,6,adam,375,False,,0,0.0,-10.999998456634136,1.0000015433658636,7.585471004149546e-22,57619,0.9999630993402278,1.0,7,True,0.0004451390856959,1.000445238174801,3.954381122716631e-07,0.0027200837421578,230533286785.0244,49,1.937345364700287e-15,0.000446622594562,13.06179407215457,0.653083375936618,1.532112354714613,9.891513943367231,1.159554874571486,0.0025682997670918,0.2568046913086312,-5.877241501329321e-09,0.3049661646441441,999,1000,True
ct_w6_i1,6,adam,400,False,,0,0.0,-10.99999859322282,1.00000140677718,5.76491004784776e-22,57619,0.9999649618587794,1.0,7,True,0.0004242912852588,1.000424381309538,3.602893962801274e-07,0.0024783077272535,256271042920.14072,49,1.6567092323674441e-15,0.0004245666027942,13.11712615734926,0.6515530353827995,1.5349973178419412,9.95069238237097,1.164299826415263,0.0024307035059506,0.2570169285242357,-5.065546970189761e-09,0.2990474986911391,999,1000,True
ct_w6_i1,6,adam,425,False,,0,0.0,-10.999998711416948,1.0000012885830518,4.442775399847929e-22,57619,0.999966637904667,1.0,7,True,0.0004054602904253,1.0004055425005596,3.298977759593084e-07,0.0022692541490398,283307624408.4139,49,1.428389076348379e-15,0.0004046735159511,13.169640334155533,0.6501119329096695,1.537733958448482,10.006799138339966,1.168780966101708,0.0023076282879526,0.2572045991854251,-4.401599930950682e-09,0.2935671083298931,999,1000,True
ct_w6_i1,6,adam,450,False,,0,0.0,-10.999998814486164,1.0000011855138364,3.4670738206579385e-22,57619,0.9999681547031388,1.0,7,True,0.0003883577389627,1.0003884331595925,3.034131130272433e-07,0.0020870751965756,311654327409.3361,49,1.2405844942304237e-15,0.0003866335261438,13.21962264004214,0.6487503939417955,1.540337348459558,10.060149560830228,1.1730262868159491,0.0021969142572118,0.2573717704730409,-3.8526432805383694e-09,0.2884675645005784,999,1000,True
ct_w6_i1,6,adam,475,False,,0,0.0,-10.99999890499129,1.0000010950087097,2.736520427116494e-22,57619,0.9999695343988446,1.0,7,True,0.0003727482804842,1.000372817759757,2.801706083629911e-07,0.0019271979437204,341299636141.7555,49,1.0846586084736565e-15,0.00037019358841,13.267318075926095,0.6474602025275563,1.5428204012697124,10.111013323104675,1.1770596241781823,0.00209680663859,0.2575216831270838,-3.3943588649765305e-09,0.2837018511424218,999,1000,True
ct_w6_i1,6,adam,500,False,,0,0.0,-10.999998984963035,1.000001015036963,2.182283173805926e-22,57619,0.9999707951885988,1.0,7,True,0.0003584378932571,1.0003585021397947,2.596438207942356e-07,0.001786001181416,372256878669.8032,49,9.540320479774108e-16,0.000355144992331,13.312938037453542,0.6462343260000256,1.5451942609404823,10.159622766802508,1.1809014320303295,0.0020058655780768,0.2576569004686124,-3.008418782744482e-09,0.2792310592887414,999,1000,True
ct_w6_i1,6,adam,525,False,,0,0.0,-10.999999056029974,1.0000009439700257,1.7567434257000554e-22,57619,0.999971952164995,1.0,7,True,0.0003452651548108,1.0003453247656846,2.414110742735784e-07,0.0016605843441243,404514934853.9172,49,8.437613017117987e-16,0.0003413140479942,13.356666156997896,0.645066700942973,1.5474686089466472,10.206179445000934,1.1845693871661955,0.0019228991402418,0.2577795163444712,-2.680819101075672e-09,0.2750225460792093,999,1000,True
ct_w6_i1,6,adam,550,False,,0,0.0,-10.999999119511628,1.000000880488372,1.4264187217384888e-22,57619,0.999973017952274,1.0,7,True,0.0003330946425656,1.0003331501247463,2.251310606611859e-07,0.0015485996896994,438094762478.1835,49,7.499633776801127e-16,0.0003285550278121,13.398662931681354,0.6439520650155255,1.5496519071287769,10.250859296932548,1.188078865705256,0.0018469121020828,0.2578911325259827,-2.4007249587562816e-09,0.2710488187423659,999,1000,True
ct_w6_i1,6,adam,575,False,,0,0.0,-10.99999917648704,1.000000823512961,1.167413727051287e-22,57619,0.9999740031921456,1.0,7,True,0.0003218118767705,1.0003218636637676,2.1052497249007234e-07,0.0014481293967817,473014278364.5615,49,6.696304127704021e-16,0.0003167447464675,13.439069435927928,0.6428858234752333,1.5517515932850778,10.293816788662312,1.191443322073217,0.0017770678938091,0.2579933027286786,-2.159659505238881e-09,0.26728628165056,999,1000,True
ct_w6_i1,6,adam,600,False,,0,0.0,-10.99999922784622,1.0000007721537791,9.624407507746858e-23,57619,0.999974916919344,1.0,7,True,0.0003113194002283,1.000311367865142,1.9736299767724666e-07,0.0013575926665273,509254557196.2701,49,6.00443035493942e-16,0.000305778352162,13.478010321669103,0.6418639420748512,1.553774239108576,10.335188254762388,1.1946745938233194,0.0017126573867382,0.2580870420465093,-1.950919325417689e-09,0.2637148583856322,999,1000,True
ct_w6_i1,6,adam,625,False,,0,0.0,-10.999999274328983,1.0000007256710148,7.988342937068889e-23,57619,0.9999757668546634,1.0,7,True,0.0003015337112409,1.0003015791771002,1.854542834895329e-07,0.001275676688156,546818512132.3452,49,5.40519431009786e-16,0.0002955660310433,13.51559625835423,0.6408828604459785,1.55572567842729,10.375094613389283,1.1977831486833292,0.0016530763941963,0.2581733439598108,-1.769154493177397e-09,0.2603169955672179,999,1000,True
ct_w6_i1,6,adam,650,False,,0,0.0,-10.999999316554767,1.000000683445231,6.672067134821832e-23,57619,0.9999765596363844,1.0,7,True,0.000292382834894,1.0002924255829213,1.7463914649379197e-07,0.0012012830538593,585727492917.83,49,4.883335621829416e-16,0.000286030393085,13.551925943854364,0.6399394214649818,1.5576111133838222,10.413643598235565,1.2007782864344552,0.0015978068541144,0.2582531415824597,-1.610056914355911e-09,0.2570774353202953,999,1000,True
ct_w6_i1,6,adam,675,False,,0,0.0,-10.999999355045716,1.0000006449542838,5.605245345290327e-23,57619,0.99997730100421,1.0,7,True,0.0002838043880436,1.0002838446643192,1.6478303767369496e-07,0.0011334862468989,625955362198.7421,49,4.426903346878259e-16,0.0002771043887914,13.587087767068418,0.6390308132154383,1.5594352022121187,10.4509316016885,1.2036683051144237,0.0015464017148717,0.2583269994475677,-1.4701283349122602e-09,0.2539828373529805,999,1000,True
ct_w6_i1,6,adam,700,False,,0,0.0,-10.999999390244634,1.0000006097553662,4.734650558440756e-23,57619,0.9999779959468472,1.0,7,True,0.0002757440230511,1.000275782043929,1.5577194915981984e-07,0.0010715020460718,667593558175.9725,49,4.02534787834408e-16,0.0002687296312999,13.621161191452524,0.6381545209751902,1.561202132275404,10.48704520687658,1.2064606387670795,0.001498473747357,0.2583956586753339,-1.3465079633645364e-09,0.2510214342400594,999,1000,True
ct_w6_i1,6,adam,725,False,,0,0.0,-10.999999422529305,1.0000005774706953,4.019624789772459e-23,57619,0.9999786488215804,1.0,7,True,0.0002681541637788,1.0002681901203203,1.4750863463814025e-07,0.001014661527191,710599085791.8456,49,3.6709171097965693e-16,0.0002608550342239,13.65421791505849,0.6373082871618365,1.5629156812155935,10.52206247119007,1.2091619725850065,0.0014536853879624,0.258459523038635,-1.2368383575105323e-09,0.2481827702796611,999,1000,True
ct_w6_i1,6,adam,750,False,,0,0.0,-10.999999452223664,1.0000005477763363,3.428839360697557e-23,57619,0.9999792634512372,1.0,7,True,0.0002609929785563,1.000261027040187,1.399097808326271e-07,0.0009623916066801,754960520920.6753,49,3.3569398204179237e-16,0.0002534357035522,13.686322840882676,0.6364900777195875,1.564579267550214,10.556054001708212,1.211778339717071,0.0014117414000855,0.2585191138953749,-1.1391655575045702e-09,0.2454576249209339,999,1000,True
ct_w6_i1,6,adam,775,False,,0,0.0,-10.999999479606974,1.0000005203930264,2.93795632955442e-23,57619,0.9999798432044746,1.0,7,True,0.0002542235274989,1.0002542558450385,1.3290356309608174e-07,0.0009141982273174,800651932249.068,49,3.0778919957175277e-16,0.0002464320173625,13.717534920774348,0.6356980539702356,1.56619599647939,10.589083880186877,1.214315202415884,0.0013723823632934,0.2585748320993329,-1.0518587416483291e-09,0.242837664054603,999,1000,True
ct_w6_i1,6,adam,800,False,,0,0.0,-10.999999504921025,1.0000004950789751,2.5279235831204501e-23,57619,0.9999803910611692,1.0,7,True,0.0002478130671222,1.0002478437753168,1.2642784806727117e-07,0.0008696539949278,847805159746.2184,49,2.828584761259044e-16,0.0002398088755374,13.747907849472544,0.6349305485509786,1.5677686955589991,10.62121043344736,1.2167775215776129,0.0013353793666765,0.2586271038995683,-9.735501423795784e-10,0.2403155121021051,999,1000,True
ct_w6_i1,6,adam,825,False,,0,0.0,-10.999999528376188,1.000000471623812,2.1837192258406972e-23,57619,0.9999809096673664,1.0,7,True,0.0002417324644407,1.0002417616840873,1.2042857096498657e-07,0.0008283870163433,896403099786.8809,49,2.6052460999086366e-16,0.0002335350679665,13.777490670005111,0.6341860449146243,1.569299946526028,10.652486900950102,1.219169816080583,0.0013005294378304,0.2586759715326685,-9.030852744178763e-10,0.2378845213959131,999,1000,True
ct_w6_i1,6,adam,850,False,,0,0.0,-10.999999550156156,1.000000449843844,1.893418565920304e-23,57619,0.9999814013810604,1.0,7,True,0.0002359557078087,1.0002359835475465,1.1485856169259693e-07,0.0007900728245764,946359330146.168,49,2.404823814133441e-16,0.0002275827453862,13.806328300678654,0.6334631598948606,1.5707921136677494,10.68296201205151,1.2214962132926248,0.0012676526078343,0.2587218763071235,-8.394858935489381e-10,0.2355385882631377,999,1000,True
ct_w6_i1,6,adam,875,False,,0,0.0,-10.999999570422032,1.000000429577968,1.6474949674600908e-23,57619,0.999981868310474,1.0,7,True,0.0002304594973516,1.0002304860551816,1.0967644684307197e-07,0.0007544268260883,997728676410.9172,49,2.2243219363897857e-16,0.0002219269781505,13.83446198254323,0.6327606286703688,1.5722473673330664,10.71268047874926,1.2237604927052823,0.0012365881347233,0.2587649730501047,-7.819181967685131e-10,0.2332722543270486,999,1000,True
ct_w6_i1,6,adam,900,False,,0,0.0,-10.999999589315598,1.000000410684402,1.438291582653803e-23,57619,0.9999823123466164,1.0,7,True,0.0002252228956817,1.0002252482602625,1.0484583846931203e-07,0.0007211987206163,244340401986.94672,48,8.862446717125224e-16,0.000216545379345,13.861929668123524,0.6320772916781005,1.5736677041422622,10.74168342435819,1.2259661239978308,0.0012071924145811,0.2588056006383497,-7.29668843984649e-10,0.2310805086433043,999,1000,True
ct_w6_i1,6,adam,925,False,,0,0.0,-10.99999960696208,1.0000003930379204,1.2596191605110509e-23,57619,0.9999827351905398,1.0,7,True,0.000220227035309,1.0002202512870628,1.0033459346960037e-07,0.0006901674067399,257159046964.81055,48,8.221285266119248e-16,0.0002114177883861,13.888766370296334,0.63141208361328,1.575054966627471,10.770008760620422,1.2281162989658077,0.0011793365315172,0.2588439663372344,-6.821245824686946e-10,0.2289588242728907,999,1000,True
ct_w6_i1,6,adam,950,False,,0,0.0,-10.999999623472414,1.000000376527586,1.1064476851962093e-23,57619,0.9999831383768072,1.0,7,True,0.0002154548660088,1.0002154780780754,9.611425778661449e-08,0.000661137158715,270345442757.62863,48,7.639337150454852e-16,0.0002065259984314,13.915004445540031,0.6307640232557081,1.5764108564444737,10.797691507058484,1.230213961283697,0.0011529043584441,0.2588801009216399,-6.387564722961173e-10,0.2269030902776631,999,1000,True
ct_w6_i1,6,adam,975,False,,0,0.0,-10.999999638945235,1.000000361054763,9.746682698814726e-24,57619,0.999983523293286,1.0,7,True,0.0002108909416591,1.000210913180717,9.215953247839429e-08,0.0006339339537589,283900666106.81647,48,7.110005424929451e-16,0.000201853527616,13.940673855875591,0.6301322050356689,1.577736948627071,10.824764076179136,1.2322618310755449,0.0011277911571182,0.2589141468757025,-5.991061763602869e-10,0.2249095650934215,999,1000,True
ct_w6_i1,6,adam,999,False,,0,0.0,-10.999999652904744,1.0000003470952574,8.651490560574463e-24,57619,0.9999838767943904,1.0,7,True,0.000206692454092,1.0002067138164492,8.85919327752854e-08,0.0006093936536467,297268283463.9723,48,6.645861649155243e-16,0.0001975603884583,13.96480732207563,0.6295401623196409,1.5789833217427047,10.850207615622232,1.2341832804834365,0.0,,0.0,,999,1000,True
ct_w6_i1,6,armijo_gd,0,False,1.0,1,0.0,-10.999339344488108,1.0006606555118918,3.0804439498919067e-12,57619,0.9953090194936322,1.0,7,True,0.0352716285940189,1.035901050933617,0.0001453771831149,1.0,638019691.6401001,52,8.318603506469446e-11,0.0530743284407389,9.280960383535072,0.7910242909836719,1.318566057867759,5.6779499577716335,0.7734082877179328,0.0010483297760069,0.1920333252525134,-1.0989953192626834e-06,0.5779924540382103,999,1000,False
ct_w6_i1,6,armijo_gd,25,False,1.0,1,0.0,-10.999365668280271,1.0006343317197288,2.828972339516629e-12,57619,0.9953920125747362,1.0,7,True,0.0346917465961499,1.035300524696612,0.0001391715786133,0.9573137656914508,668694144.0105588,52,7.81858388550335e-11,0.0522824125869141,9.298488625496825,0.7900650187405248,1.3194542928586908,5.70018790560923,0.775914691351843,0.0010035805255556,0.1934391621228912,-1.0071738712745416e-06,0.5697840466855869,999,1000,False
ct_w6_i1,6,armijo_gd,50,False,1.0,1,0.0,-10.99938984211678,1.0006101578832194,2.604942814203521e-12,57619,0.9954705459983956,1.0,7,True,0.0341431867012354,1.0347327560913604,0.0001335084756195,0.9183592140041598,699589510.4109004,52,7.364941666539822e-11,0.0515243593469943,9.315389806073622,0.7891439030087656,1.320311455471958,5.721590226164007,0.7783223696080819,0.0009627433091108,0.194739668237038,-9.268746792377216e-07,0.5619945511952931,999,1000,False
ct_w6_i1,6,armijo_gd,75,False,1.0,1,0.0,-10.999412129847114,1.000587870152886,2.404638283745133e-12,57619,0.9955450350919732,1.0,7,True,0.0336229852112876,1.0341946265499735,0.0001283172280975,0.8826503949801877,730703099.0427086,52,6.951909604086412e-11,0.0507978189197071,9.33171081342568,0.78825794258348,1.3211398125397829,5.742221188076836,0.7806390822530982,0.0009253086908619,0.1959463002541628,-8.561961733847196e-07,0.5545982499407349,999,1000,False
ct_w6_i1,6,armijo_gd,100,False,1.0,1,0.0,-10.99943275269793,1.0005672473020706,2.224938828227608e-12,57619,0.99561583919995,1.0,7,True,0.0331285829923113,1.0336834448068606,0.0001235391750047,0.8497837993401267,762032447.2266924,52,6.57461044151995e-11,0.0501006648431361,9.34749319959178,0.7874044874947709,1.3219413776419768,5.762137618352552,0.7828716800665405,0.0008908536600165,0.1970689160323124,-7.936202435648472e-07,0.5475702502176828,999,1000,False
ct_w6_i1,6,armijo_gd,125,False,1.0,1,0.0,-10.999451897694687,1.000548102305311,2.063211349912392e-12,57619,0.9956832715456846,1.0,7,True,0.0326577538074072,1.0331968710286497,0.0001191251764172,0.8194214103261531,793574511.0104655,52,6.228900570478683e-11,0.0494309672435043,9.362773988419908,0.786581184992719,1.3227179490202088,5.781390040964663,0.7850262447948246,0.0008590238635424,0.1981160439808366,-7.379219981354437e-07,0.5408867719747127,999,1000,False
ct_w6_i1,6,armijo_gd,150,False,1.0,1,0.0,-10.999469724139464,1.0005302758605374,1.9172221658286093e-12,57619,0.9957476069725204,1.0,7,True,0.0322085480494844,1.032732857271744,0.0001150337369158,0.791277795119626,825326484.8368409,52,5.911232805820391e-11,0.0487869699267995,9.37758633255415,0.785785935707924,1.3234711404457586,5.800023601428681,0.7871082027116667,0.0008295200737169,0.1990950994356543,-6.881035526994465e-07,0.5345253133484267,999,1000,False
ct_w6_i1,6,armijo_gd,175,False,1.0,1,0.0,-10.999486368652969,1.000513631347033,1.7850672638675245e-12,57619,0.9958090880953092,1.0,7,True,0.031779248036592,1.032289600194745,0.0001112295587178,0.7651101523262615,857285648.0018362,52,5.6185555869989246e-11,0.0481670706723471,9.391960052653443,0.785016857742146,1.3242024065878828,5.8180788245460135,0.7891224176149539,0.0008020877546087,0.2000125603946679,-6.433447660933819e-07,0.5284647283821874,999,1000,False
ct_w6_i1,6,armijo_gd,200,False,1.0,1,0.0,-10.999501949141996,1.0004980508580026,1.6651162711635296e-12,57619,0.9958679302435336,1.0,7,True,0.0313683321078205,1.031865503095014,0.0001076824133414,0.7407105505427171,889449150.6830454,52,5.348232012169175e-11,0.0475698042087974,9.405922083721286,0.784272257006497,1.324913064043144,5.835592240689703,0.7910732676269001,0.0007765089255363,0.2008741105711477,-6.029661114376886e-07,0.5226852464360063,999,1000,False
ct_w6_i1,6,armijo_gd,225,False,1.0,1,0.0,-10.9995165679524,1.0004834320476004,1.5559671494374799e-12,57619,0.995924325473873,1.0,7,True,0.0309744455013632,1.0314591451284136,0.0001043662528394,0.7178998148347234,921813810.6491137,52,5.097973897304488e-11,0.0469938274486396,9.419496847418328,0.7835506025310444,1.3256043089047709,5.85259690745314,0.7929647091088352,0.000752595752081,0.2016847573949187,-5.664003660504907e-07,0.5171684512409088,999,1000,False
ct_w6_i1,6,armijo_gd,250,False,1.0,1,0.0,-10.99953031439768,1.0004696856023187,1.456409342238125e-12,57619,0.995978445857704,1.0,7,True,0.0305963765191096,1.031069256126292,0.00010125850287,0.696522664013913,954377232.4002534,52,4.865781061953684e-11,0.0464379066337292,9.432706564859206,0.7828505057660204,1.3262772315474027,5.869122847256279,0.7948003302324906,0.0007301854483494,0.2024489294037745,-5.331707889812679e-07,0.5118972332508336,999,1000,False
ct_w6_i1,6,armijo_gd,275,False,1.0,1,0.0,-10.999543266804324,1.0004567331956764,1.3653936267998624e-12,57619,0.9960304461975308,1.0,7,True,0.0302330368552481,1.0306946958197818,9.833949554494112e-05,0.6764438093919275,987136387.1995388,52,4.6499051903351406e-11,0.0459009061040781,9.445571521140456,0.7821707031155297,1.3269328291514126,5.885197416867735,0.7965833961766517,0.000709136187181,0.2031705572735164,-5.028741319697416e-07,0.5068557266414084,999,1000,False
ct_w6_i1,6,armijo_gd,300,False,1.0,1,0.0,-10.999555494179008,1.000444505820992,1.2820073183062452e-12,57619,0.9960804662890947,1.0,7,True,0.0298834452368356,1.0303344365684572,9.55920106463364e-05,0.6575447989713419,1020088471.5354056,52,4.4488080905237107e-11,0.0453817784521667,9.45811029041647,0.7815100411090597,1.3275720163775642,5.900845621345246,0.7983168874912993,0.0006893237918201,0.2038531417014522,-4.751672899692831e-07,0.5020292376023688,999,1000,False
ct_w6_i1,6,armijo_gd,325,False,1.0,1,0.0,-10.999567057577549,1.0004329424224512,1.2054537727632972e-12,57619,0.9961286328187255,1.0,7,True,0.029546713722072,1.0299875489002013,9.300090176755834e-05,0.6397214457926704,1053230851.8079554,52,4.2611319054040357e-11,0.0448795558639474,9.470339928490183,0.7808674637413607,1.3281956345167318,5.916090382264882,0.8000035328462727,0.0006706390399746,0.2044998104472286,-4.497567219381098e-07,0.4974041676856779,999,1000,False
ct_w6_i1,6,armijo_gd,350,False,1.0,1,0.0,-10.999578011236537,1.000421988763463,1.1350353618109633e-12,57619,0.996175060965328,1.0,7,True,0.0292220361492814,1.0296531893252847,9.055278948088416e-05,0.6228817173413457,1086561000.7827015,52,4.085674200416565e-11,0.0443933424807668,9.482276138479786,0.78024200160653,1.328804459374204,5.930952768109626,0.8016458371343312,0.0006529854512192,0.2051133666768222,-4.263899995040048e-07,0.4929679372829016,999,1000,False
ct_w6_i1,6,armijo_gd,375,False,1.0,1,0.0,-10.999588403514927,1.0004115964850726,1.0701392669209489e-12,57619,0.9962198557613404,1.0,7,True,0.028908678339404,1.0293305900040923,8.823580769216984e-05,0.6069439908077234,1120076222.280275,52,3.9213677397958166e-11,0.0439223076416223,9.493933414022637,0.779632762526353,1.3293992080967822,5.945452193126829,0.8032461057059359,0.0006362774579321,0.2056963296602379,-4.048490034726581e-07,0.4887089104838946,999,1000,False
ct_w6_i1,6,armijo_gd,400,False,1.0,1,0.0,-10.99959827768174,1.0004017223182586,1.0102255746747697e-12,57619,0.996263113255474,1.0,7,True,0.0286059697390449,1.0290190499371934,8.603939301873901e-05,0.5918356042895021,1153774042.296754,52,3.767261031636376e-11,0.0434656798885814,9.50532516363345,0.7790389234300865,1.3299805451116542,5.95960658976438,0.8048064653648972,0.0006204388864777,0.2062509699065731,-3.849444118537178e-07,0.484616322335626,999,1000,False
ct_w6_i1,6,armijo_gd,425,False,1.0,1,0.0,-10.999607672579058,1.0003923274209416,9.548172592523976e-13,57619,0.9963049215114492,1.0,7,True,0.0283132962541254,1.0287179274132383,8.39541085575739e-05,0.5774916445532872,1187651915.7309563,52,3.622504293104065e-11,0.0430227416344865,9.51646381916503,0.7784597232880717,1.3305490873149437,5.973432558846173,0.806328882636849,0.0006054016863804,0.2067793390518754,-3.6651120187223893e-07,0.4806802107695819,999,1000,False
ct_w6_i1,6,armijo_gd,450,False,1.0,1,0.0,-10.999616623182831,1.000383376817167,9.034917199088776e-13,57619,0.9963453614700452,1.0,7,True,0.0280300940745856,1.0284266335035452,8.197149570549208e-05,0.5638539277561868,1221707511.9955003,52,3.486335640078156e-11,0.0425928244082112,9.527360930781912,0.7778944569377068,1.3311054086227638,5.986945500886205,0.8078151797287492,0.0005911048617852,0.2072832953390783,-3.494049576261663e-07,0.4768913518473406,999,1000,False
ct_w6_i1,6,armijo_gd,475,False,1.0,1,0.0,-10.999625161079452,1.000374838920548,8.55873605235605e-13,57619,0.9963845076966428,1.0,7,True,0.0277558443282007,1.0281446264320828,8.008394900725906e-05,0.5508701385687144,1255938575.0774584,52,3.358070644645456e-11,0.0421753046044545,9.538027250444143,0.7773424696683051,1.331650043978378,6.000159731353739,0.8092670485250845,0.0005774935689746,0.2077645259775438,-3.33498822207058e-07,0.4732412004777542,999,1000,False
ct_w6_i1,6,armijo_gd,500,False,1.0,1,0.0,-10.999633314872792,1.000366685127208,8.11628706792645e-13,57619,0.9964224290322392,1.0,7,True,0.0274900684323819,1.0278714066821817,7.828460995203315e-05,0.5384930996367987,1290342431.3515098,52,3.237094174486671e-11,0.0417695996762093,9.548472805549256,0.7768031524546423,1.332183492892644,6.013088582210372,0.8106860629061088,0.0005645183505235,0.2082245662758192,-3.186809680777824e-07,0.4697218345537888,999,1000,False
ct_w6_i1,6,armijo_gd,525,False,1.0,1,0.0,-10.999641110533318,1.000358889466682,7.704587449489766e-13,57619,0.9964591891627336,1.0,7,True,0.0272323240361416,1.0276065127259866,7.656727629417246e-05,0.5266801478305799,1324917212.1765635,52,3.122849060720148e-11,0.0413751647157753,9.558706964122848,0.7762759377468628,1.332706222583447,6.02574449166896,0.812073689627133,0.0005521344814025,0.2086648163763159,-3.048524855536236e-07,0.4663259041010855,999,1000,False
ct_w6_i1,6,armijo_gd,550,False,1.0,1,0.0,-10.999648571698655,1.000351428301343,7.320969019973084e-13,57619,0.9964948471186088,1.0,7,True,0.0269822014638554,1.027349517283246,7.492632441539901e-05,0.5153926002002478,1359660289.868579,52,3.0148331670650524e-11,0.0409914893783707,9.568738492703542,0.7757602957400831,1.333218670767557,6.038139083787893,0.8134312979573287,0.0005403014091235,0.2090865556708921,-2.919256127008841e-07,0.4630465848237404,999,1000,False
ct_w6_i1,6,armijo_gd,575,False,1.0,1,0.0,-10.999655719933566,1.0003442800664342,6.963039834554099e-13,57619,0.9965294577150964,1.0,7,True,0.026739320587546,1.0271000240320085,7.335664250801497e-05,0.5045952943662027,1394570097.0206366,52,2.9125889903441656e-11,0.040618095108455,9.57857560789676,0.7752557310590207,1.3337212481509626,6.050283239266124,0.8147601682453873,0.000528982271917,0.2094909554354564,-2.7982224400253285e-07,0.4598775339987052,999,1000,False
ct_w6_i1,6,armijo_gd,600,False,1.0,1,0.0,-10.99966257495537,1.0003374250446306,6.628651092678297e-13,57619,0.9965630719412336,1.0,7,True,0.0265033280665361,1.0268576647066268,7.185357305480743e-05,0.4942561928579618,1429644471.9449074,52,2.81570232486818e-11,0.0402545326339021,9.588226022428628,0.774761779802622,1.3342143406569675,6.0621871586022165,0.8160614995544581,0.0005181434839488,0.2098790903541934,-2.6847266995861256e-07,0.4568128525390156,999,1000,False
ct_w6_i1,6,armijo_gd,625,False,1.0,1,0.0,-10.999669154830483,1.0003308451695148,6.315868535198469e-13,57619,0.9965957373048197,1.0,7,True,0.0262738949036537,1.0266220965293924,7.041286264333211e-05,0.4843460379037541,1464880825.1231575,52,2.7237969815625392e-11,0.0399003796981929,9.59769698639728,0.7742780069024798,1.334698311425018,6.073860418593333,0.8173364164859174,0.0005077543734254,0.2102519477492429,-2.578145037326953e-07,0.4538470482472573,999,1000,False
ct_w6_i1,6,armijo_gd,650,False,1.0,1,0.0,-10.999675476145905,1.000324523854097,6.02294765001084e-13,57619,0.996627498139218,1.0,7,True,0.0260507142748513,1.026392999930259,6.903061870879284e-05,0.4748380538795598,1500278019.0682385,52,2.6365272636827005e-11,0.0395552390037728,9.60699532431298,0.7738040037556261,1.3351735026078573,6.085312023004351,0.8185859752939266,0.0004977868706631,0.2106104366524521,-2.477917686045745e-07,0.4509750032717887,999,1000,False
ct_w6_i1,6,armijo_gd,675,False,1.0,1,0.0,-10.999681554159622,1.000318445840378,5.748312121996905e-13,57619,0.9966583958769852,1.0,7,True,0.0258334995962953,1.0261700765167023,6.770327150381655e-05,0.4657076857121783,1535833448.2978582,52,2.5535800374531583e-11,0.0392187363442625,9.616127468445,0.7733393860978264,1.3356402369919638,6.096550448126549,0.8198111693784101,0.0004882152338473,0.2109553952576961,-2.3835411456061403e-07,0.4481919438118905,999,1000,False
ct_w6_i1,6,armijo_gd,700,False,1.0,1,0.0,-10.999687402932906,1.0003125970670936,5.49053505425577e-13,57619,0.9966884692945732,1.0,7,True,0.0256219827980718,1.0259530472611604,6.642754091686061e-05,0.4569323706343833,1571545396.162851,52,2.4746672288237818e-11,0.0388905189049309,9.625099488912932,0.7728837920882876,1.3360988194616907,6.107583683839081,0.8210129342316758,0.0004790158097574,0.2112875974929617,-2.294561459975819e-07,0.445493413051612,999,1000,False
ct_w6_i1,6,armijo_gd,725,False,1.0,1,0.0,-10.99969303544682,1.0003069645531806,5.248322564106134e-13,57619,0.9967177547317289,1.0,7,True,0.0254159127784654,1.0257416508785726,6.520040734945996e-05,0.4484913378594505,1607412263.8009863,52,2.399524663491581e-11,0.038570253713893,9.633917120900469,0.7724368805810453,1.3365495383253283,6.118419270698277,0.8221921519026566,0.0004701668237592,0.2116077595048433,-2.2105684216384667e-07,0.4428752466233424,999,1000,False
ct_w6_i1,6,armijo_gd,750,False,1.0,1,0.0,-10.99969846370534,1.0003015362946606,5.020499418969694e-13,57619,0.9967462862887094,1.0,7,True,0.025215054016347,1.0255356423703237,6.401908605031889e-05,0.4403654320341393,1643432172.650756,52,2.3279102639553223e-11,0.0382576262282809,9.642585789322348,0.7719983295611494,1.3369926665185254,6.12906433351678,0.8233496550353459,0.0004616481947255,0.2119165444689225,-2.1311905569334293e-07,0.4403335488112764,999,1000,False
ct_w6_i1,6,armijo_gd,775,False,1.0,1,0.0,-10.99970369882671,1.0002963011732895,4.805996430085149e-13,57619,0.9967740960039024,1.0,7,True,0.0250191853228838,1.0253347917147724,6.288100441267298e-05,0.4325369570749975,1679603610.236954,52,2.259600944591937e-11,0.0379523390423144,9.651110631223608,0.7715678347273626,1.337428462698532,6.139525611820222,0.8244862305286883,0.0004534413713251,0.2122145676431776,-2.056090772292232e-07,0.4378646730730412,999,1000,False
ct_w6_i1,6,armijo_gd,800,False,1.0,1,0.0,-10.999708751124675,1.0002912488753228,4.603839363835826e-13,57619,0.9968012140142528,1.0,7,True,0.024828098715513,1.025138882686396,6.178378196284565e-05,0.4249895385164759,1715923515.4483786,52,2.1943933027835312e-11,0.0376541107038869,9.659496516166795,0.771145108204684,1.3378571722413997,6.149809487536027,0.8256026228611,0.0004455291877182,0.2125024005943971,-1.9849625710888745e-07,0.4354652017224835,999,1000,False
ct_w6_i1,6,armijo_gd,825,False,1.0,1,0.0,-10.999713630180793,1.000286369819209,4.4131391674433486e-13,57619,0.9968276687003724,1.0,7,True,0.0246415984005084,1.024947711789122,6.072521249454298e-05,0.4177080006188424,1752392463.1495812,52,2.1320951451138112e-11,0.0373626746301525,9.667748064816426,0.7707298773728724,1.3382790281520514,6.15992201020615,0.8266995371153296,0.000437895734725,0.2127805748757983,-1.9175267449038477e-07,0.4331319295520888,999,1000,False
ct_w6_i1,6,armijo_gd,850,False,1.0,1,0.0,-10.999718344909049,1.0002816550909532,4.233083335172882e-13,57619,0.996853486818122,1.0,7,True,0.0244594998514593,1.024761087290495,5.9703248263246055e-05,0.4106782576468047,1789007164.092948,52,2.0725337972892063e-11,0.0370777781117515,9.67586966591723,0.7703218837983431,1.3386942518968368,6.169868919993896,0.8277776417363085,0.0004305262458497,0.213049585633692,-1.853528483655053e-07,0.4308618476282981,999,1000,False
ct_w6_i1,6,armijo_gd,875,False,1.0,1,0.0,-10.99972290361369,1.0002770963863092,4.062928266823749e-13,57619,0.9968786936181308,1.0,7,True,0.024281628973123,1.0245788283455737,5.871598584133417e-05,0.4038872165717325,1825766731.2139,52,2.0155467162620224e-11,0.0367991813975862,9.683865491824442,0.7699208822587894,1.339103054165753,6.1796556687076665,0.8288375710495018,0.0004234069952806,0.2133098945908786,-1.7927348365262726e-07,0.4286521288090118,999,1000,False
ct_w6_i1,6,armijo_gd,900,False,1.0,1,0.0,-10.999727314041047,1.0002726859589526,3.9019924912716246e-13,57619,0.9969033129545593,1.0,7,True,0.0241078213412427,1.024400764200646,5.77616534542135e-05,0.3973226899612113,1862669242.549331,52,1.960984592324732e-11,0.0365266568523641,9.691739512740646,0.7695266398508426,1.339505635572214,6.189287439051197,0.829879927564803,0.0004165252065694,0.2135619327820652,-1.7349324770776204e-07,0.426500114070845,999,1000,False
ct_w6_i1,6,armijo_gd,925,False,1.0,1,0.0,-10.999731583426168,1.0002684165738334,3.749650645832947e-13,57619,0.996927367384272,1.0,7,True,0.0239379215101409,1.0242267334681423,5.6838599682782734e-05,0.3909733182671612,1899713314.1287107,52,1.9087084303961038e-11,0.0362599881801319,9.69949550978404,0.7691389351723286,1.3399021872958945,6.198769162276555,0.8309052840877846,0.0004098689711636,0.2138061030809978,-1.679925735227807e-07,0.4244033013514623,999,1000,False
ct_w6_i1,6,armijo_gd,950,False,1.0,1,0.0,-10.999735718534737,1.0002642814652631,3.605328117531144e-13,57619,0.9969508782573894,1.0,7,True,0.0237717823810536,1.024056583465334,5.594528332378768e-05,0.3848285000786788,1936897815.5581765,52,1.858588998289628e-11,0.0359989697080763,9.707137087001604,0.7687575575718907,1.3402928916743544,6.208105534394936,0.8319141856569695,0.0004034271752885,0.2140427825134857,-1.6275348576130158e-07,0.4223593330730436,999,1000,False
ct_w6_i1,6,armijo_gd,975,False,1.0,1,0.0,-10.99973972570098,1.00026027429902,3.4684962649610943e-13,57619,0.9969738658001244,1.0,7,True,0.0236092646247981,1.0238901696100802,5.508026421455501e-05,0.3788783290085136,1974220562.659476,52,1.810507214882128e-11,0.0357434057246363,9.714667682433754,0.7683823064591675,1.3406779227486263,6.217301031091394,0.8329071513247556,0.0003971894337833,0.2142723242655319,-1.5775944630914985e-07,0.4203659867279821,999,1000,False
ct_w6_i1,6,armijo_gd,999,False,,0,0.0,-10.999743457726932,1.0002565422730676,3.343732553067228e-13,57619,0.996995459303426,1.0,7,True,0.0234565318911493,1.023733800007202,5.4275216399486205e-05,0.3733406799922145,2010180030.996504,52,1.7661613517919144e-11,0.0355030228088989,9.721795690514558,0.7680276516580289,1.3410423695247515,6.226000136960334,0.8338458652978926,0.0,,0.0,,999,1000,False
ct_w6_i1,6,damped_natural,0,False,1.0,1,0.0,-10.999339344488108,1.0006606555118918,3.0804439498919067e-12,57619,0.9953090194936322,1.0,7,True,0.0352716285940189,1.035901050933617,0.0001453771831149,1.0,638019691.6401001,52,8.318603506469446e-11,0.0530743284407389,9.280960383535072,0.7910242909836719,1.318566057867759,5.6779499577716335,0.7734082877179328,3.4312653598393736,0.7377304673943963,-0.0011207293831671,0.9999896546918792,999,500,False
ct_w6_i1,6,damped_natural,25,False,1.0,1,0.0,-10.999999999589283,1.000000000410715,6.061855266924101e-27,57619,0.9957867348757268,1.0,7,True,0.0302371123765315,1.0306988964465111,1.020840142936092e-10,7.022010752051426e-07,504575886419.1282,30,1.0484140074808521e-13,0.0529004427158881,21.53710439662532,0.6922518205770609,2.6777533596885195,15.542381126330676,1.0424761661897712,0.0481258310935432,0.2310088215735606,-2.4637265513142485e-11,0.7992550492165503,999,500,True
ct_w6_i1,6,damped_natural,50,False,1.0,1,0.0,-10.999999999835335,1.000000000164663,3.370058050547755e-28,57619,0.9957867371121346,1.0,7,True,0.0302370812397001,1.0306988643538135,4.266261895129322e-11,2.934615875557398e-07,734139220571.0858,28,7.205775332839766e-14,0.0529004228646134,22.12240626347308,0.6820834178459652,2.710123038952927,16.177548807281838,1.0721186816327477,0.0193400466256534,0.2486249911684028,-3.840384621144656e-12,0.7369181796133475,999,500,True
ct_w6_i1,6,damped_natural,75,False,1.0,1,0.0,-10.999999999896245,1.000000000103757,7.166800282695854e-29,57619,0.9957867382834388,1.0,7,True,0.0302370655788477,1.0306988482121913,2.7213899169671427e-11,1.871951195267988e-07,838509306344.5109,27,6.30886403150803e-14,0.0529004120288163,22.42868950049987,0.6770664087626806,2.7274344357558244,16.505764328503112,1.086927241417645,0.0122041100636395,0.253222939978603,-1.5193980125600353e-12,0.6658844926233249,999,500,True
ct_w6_i1,6,damped_natural,100,False,1.0,1,0.0,-10.999999999924144,1.0000000000758558,2.4647372432818118e-29,57619,0.9957867390880468,1.0,7,True,0.0302370549713283,1.030698837279033,2.00087577060338e-11,1.3763341177283332e-07,380535644951.8992,26,1.3901563546332361e-13,0.0529004044994339,22.63885771929186,0.6737174953481875,2.7393750033690005,16.72986674043671,1.0968825973400624,0.0089248970460051,0.2554441567684449,-8.104280399268372e-13,0.608401226886191,999,500,True
ct_w6_i1,6,damped_natural,125,False,1.0,1,0.0,-10.999999999940188,1.0000000000598115,1.0895266298697812e-29,57619,0.9957867397026694,1.0,7,True,0.0302370469292638,1.0306988289900867,1.5832104916842256e-11,1.0890364345775181e-07,477526684714.82886,26,1.1077998446834146e-13,0.0529003987159273,22.79935070467213,0.6712057678744836,2.7485099403507727,16.900499368249925,1.1043872350159512,0.0070387789898119,0.2568522871463469,-5.033696022450983e-13,0.5621398084831948,999,500,True
ct_w6_i1,6,damped_natural,150,False,1.0,1,0.0,-10.999999999950608,1.0000000000493916,5.621879500436216e-30,57619,0.99578674020048,1.0,7,True,0.0302370404461378,1.0306988223079363,1.310080046886517e-11,9.011593283181725e-08,573267267913.9712,26,9.227876241549085e-14,0.0529003940164108,22.92936465741132,0.669198095159335,2.755915328312158,17.038445216361144,1.110409694997922,0.0058108705432217,0.2578728820679249,-3.4276634709733773e-13,0.5242226826311542,999,500,True
ct_w6_i1,6,damped_natural,175,False,1.0,1,0.0,-10.999999999957936,1.000000000042064,3.2214572454253984e-30,57619,0.9957867406190872,1.0,7,True,0.0302370350118945,1.0306988167068682,1.1175077837546307e-11,7.686954443676727e-08,668062342505.6156,26,7.918481059370795e-14,0.052900390056096,23.03875056003066,0.6675269992478118,2.762147789591292,17.1543217472871,1.1154389168082357,0.0049490503238663,0.2586394335473902,-2.484906584948725e-13,0.4925183115341848,999,500,True
ct_w6_i1,6,damped_natural,200,False,1.0,1,0.0,-10.999999999963356,1.000000000036643,1.9920644235902835e-30,57619,0.9957867409803106,1.0,7,True,0.0302370303334735,1.0306988118848253,9.74729752202115e-12,6.704833119729859e-08,762002998266.8597,26,6.942280641122975e-14,0.0529003866334568,23.133185789547262,0.6660970027825123,2.767528349816203,17.25423648254489,1.1197545112391285,0.0043109778945589,0.2593053969705779,-1.884701138859425e-13,0.4656068218221639,999,500,True
ct_w6_i1,6,damped_natural,225,False,1.0,1,0.0,-10.999999999967542,1.0000000000324576,1.3046408195364342e-30,57619,0.9957867412981186,1.0,7,True,0.0302370262245741,1.0306988076497876,8.638740486674602e-12,5.9422945895465856e-08,855318054797.4835,26,6.184878633398895e-14,0.0529003836187726,23.216334560143164,0.664847617451129,2.7722661579043395,17.342114670661868,1.1235341651184514,0.0038160082028654,0.2597222070044803,-1.4763315055528732e-13,0.4423147642721424,999,500,True
ct_w6_i1,6,damped_natural,250,False,1.0,1,0.0,-10.999999999970864,1.0000000000291358,8.939778433995301e-31,57619,0.9957867415818226,1.0,7,True,0.0302370225614547,1.0306988038742149,7.761390910517662e-12,5.338795775387248e-08,948042109970.0142,26,5.579961097605509e-14,0.0529003809252452,23.2906094190707,0.6637389499757411,2.7764976447838645,17.42054456081968,1.1268953075450825,0.0034260313015776,0.2602002870625204,-1.1897353555269344e-13,0.4221197250045508,999,500,True
ct_w6_i1,6,damped_natural,275,False,1.0,1,0.0,-10.999999999973571,1.0000000000264286,6.352943662842431e-31,57619,0.995786741838053,1.0,7,True,0.0302370192564518,1.0306988004677522,7.04448302600012e-12,4.845659322226846e-08,914674200216.8342,25,5.783521441664384e-14,0.0529003784909128,23.35774317579971,0.6627427660492088,2.7803215639550087,17.49137897073378,1.129921244949297,0.0031072752799462,0.2606218001111708,-9.7848541565379e-14,0.4042267782272058,999,500,True
ct_w6_i1,6,damped_natural,300,False,1.0,1,0.0,-10.999999999975811,1.0000000000241869,4.65248390440898e-31,57619,0.99578674207167,1.0,7,True,0.0302370162455893,1.0306987973644597,6.452485523112137e-12,4.438444455214386e-08,341942811708.2433,24,1.5470533217530937e-13,0.052900376270283,23.41898691137577,0.6618387784400225,2.7838092059358583,17.555954642472145,1.1326719263684415,0.0028444499476829,0.2610249028545662,-8.198515606490277e-14,0.3882900957228246,999,500,True
ct_w6_i1,6,damped_natural,325,False,1.0,1,0.0,-10.999999999977708,1.0000000000222933,3.493654901698742e-31,57619,0.9957867422863854,1.0,7,True,0.0302370134800722,1.030698794514045,5.9478688429725234e-12,4.0913358723354416e-08,364974481199.2565,24,1.4494266573048644e-13,0.0529003742286215,23.475311961984776,0.6610114260590555,2.787016192848622,17.615306828928418,1.1351934414382654,0.0026202023229497,0.2612520323274259,-6.956074924483942e-14,0.3739842608581829,999,500,True
ct_w6_i1,6,damped_natural,350,False,1.0,1,0.0,-10.999999999979323,1.0000000000206768,2.679801457981072e-31,57619,0.9957867424850606,1.0,7,True,0.0302370109225938,1.0306987918780548,5.520640785655629e-12,3.7974602804696275e-08,387724677064.8951,24,1.364379815578655e-13,0.0529003723389095,23.52746456261406,0.6602488361754323,2.7899853663578784,17.67022976833737,1.1375210037634471,0.0024315408772472,0.2617354186230714,-5.989908783812264e-14,0.3611413383812001,999,500,True
ct_w6_i1,6,damped_natural,375,False,1.0,1,0.0,-10.99999999998072,1.0000000000192788,2.0937296110377133e-31,57619,0.9957867426698792,1.0,7,True,0.0302370085445283,1.0306987894269857,5.1467009946976746e-12,3.540239867372e-08,410195229179.8283,24,1.289638855289564e-13,0.0529003705804714,23.576009478926974,0.6595418845956584,2.792748526999994,17.721327505680126,1.1396816964369236,0.0022647164516709,0.2617217401171367,-5.195904443969172e-14,0.349260471185491,999,500,True
ct_w6_i1,6,damped_natural,400,False,1.0,1,0.0,-10.999999999981949,1.0000000000180531,1.6621058342353591e-31,57619,0.9957867428427128,1.0,7,True,0.0302370063214864,1.030698787135699,4.8202196922414256e-12,3.3156645279268066e-08,432444282386.36346,24,1.2232875098719657e-13,0.0529003689358783,23.621427736121703,0.6588830269306414,2.795333421633602,17.769110591463587,1.1416979634085662,0.0021203368941368,0.261887243738217,-4.5543015050564325e-14,0.3385008233517593,999,500,True
ct_w6_i1,6,damped_natural,425,False,1.0,1,0.0,-10.999999999983016,1.0000000000169835,1.3381946384134923e-31,57619,0.9957867430049272,1.0,7,True,0.0302370042353919,1.0306987849855638,4.5377702223258334e-12,3.121377182510112e-08,454467808184.9558,24,1.1640069206101226e-13,0.0529003673921802,23.664087562230748,0.6582662893735516,2.79776048264419,17.813973865685185,1.1435875859607536,0.0019963173665916,0.2624139972724204,-4.0368970277572806e-14,0.3288121890592943,999,500,True
ct_w6_i1,6,damped_natural,450,False,1.0,1,0.0,-10.999999999983965,1.0000000000160352,1.0910521426508186e-31,57619,0.9957867431577664,1.0,7,True,0.0302370022705151,1.0306987829603678,4.286686789484089e-12,2.9486654629253266e-08,476263968427.6023,24,1.1107362606511075e-13,0.0529003659374132,23.704294124506,0.6576868567671303,2.800047142567238,17.85624193167538,1.1453649034856228,0.0018851984577718,0.2626835698961264,-3.5998728838749333e-14,0.3197578670763147,999,500,True
ct_w6_i1,6,damped_natural,475,False,1.0,1,0.0,-10.999999999984825,1.0000000000151754,8.992844431158123e-32,57619,0.9957867433023548,1.0,7,True,0.030237000412122,1.0306987810449242,4.053130623157137e-12,2.7880101514640448e-08,497885120537.44366,24,1.0625014160700669e-13,0.0529003645611249,23.742354590816525,0.6571401771211773,2.80221181866839,17.896236423864025,1.1470435341958134,0.001781481765698,0.2625238790215948,-3.214630599944824e-14,0.3111522968133094,999,500,True
ct_w6_i1,6,damped_natural,499,False,,0,0.0,-10.999999999985558,1.0000000000144418,7.540174088736495e-32,57619,0.995786743434087,1.0,7,True,0.0302369987191685,1.030698779299999,3.861095835400858e-12,2.655915978470994e-08,518473776099.6338,24,1.0203093337713474e-13,0.0529003633070132,23.777054463990854,0.6566431454501024,2.8041847347213253,17.93268820238115,1.1485712195993134,0.0,,0.0,,999,500,True
ct_w6_i1,6,diagonal_fisher,0,False,1.0,1,0.0,-10.999339344488108,1.0006606555118918,3.0804439498919067e-12,57619,0.9953090194936322,1.0,7,True,0.0352716285940189,1.035901050933617,0.0001453771831149,1.0,638019691.6401001,52,8.318603506469446e-11,0.0530743284407389,9.280960383535072,0.7910242909836719,1.318566057867759,5.6779499577716335,0.7734082877179328,7.002225417286045,0.2902112958338775,-0.0044108001453636,0.9210625448462362,999,1000,False
ct_w6_i1,6,diagonal_fisher,25,False,1.0,1,0.0,-10.999998975995638,1.0000010240043622,3.140251661803305e-31,57619,0.9962779431548856,1.0,7,True,0.0270502157488689,1.027419394102407,7.905067530118156e-07,0.0054376260158156,692034876783.3698,25,6.831624601251185e-14,0.047277224891571,16.8267338247679,0.5796491832428188,1.751798726125219,13.711535622501076,1.4057919211856746,0.0239010556646971,0.1509458574185491,-5.115582074161966e-09,0.0265720621817563,999,1000,True
ct_w6_i1,6,diagonal_fisher,50,False,1.0,1,0.0,-10.99999908819928,1.0000009118007205,1.0891718769445643e-31,57619,0.9964684618628034,1.0,7,True,0.0258438971067131,1.0261807461862322,7.081682951300663e-07,0.0048712478805573,767831341096.9078,23,5.875525997934064e-14,0.0451141300664346,17.14517603090287,0.5727423086413221,1.7636823439506897,14.05450900634316,1.4312465867679327,0.0123132743315623,0.1593686157897743,-4.0072001311841665e-09,0.0239319947157023,999,1000,True
ct_w6_i1,6,diagonal_fisher,75,False,1.0,1,0.0,-10.99999918012996,1.0000008198700383,5.47680460936928e-32,57619,0.9966396430077126,1.0,7,True,0.0247509254404913,1.025059772414106,6.381201601093825e-07,0.0043894106794244,620800158690.9478,22,6.954895738123057e-14,0.0431760037790578,17.339387614302233,0.5686864799856903,1.771029566788807,14.26258901179492,1.4464109776506402,0.0083342865554707,0.1633141267636371,-3.373550910346085e-09,0.0229474788420282,999,1000,True
ct_w6_i1,6,diagonal_fisher,100,False,1.0,1,0.0,-10.99999925831198,1.0000007416880212,3.2703452814156056e-32,57619,0.9967942858630716,1.0,7,True,0.0237557071179984,1.0240401216186863,5.779013376694046e-07,0.0039751859630715,743317694969.5039,22,5.5736504741897203e-14,0.0414299302304038,17.480403708185897,0.5658087778064045,1.7763980680863365,14.413230755657535,1.4572705912927493,0.0063072776867179,0.165803304124537,-2.8934460387915507e-09,0.0222638423661122,999,1000,True
ct_w6_i1,6,diagonal_fisher,125,False,1.0,1,0.0,-10.999999325723977,1.0000006742760237,2.15923487340409e-32,57619,0.996934655593271,1.0,7,True,0.0228455514004353,1.023108509667264,5.257277201474798e-07,0.0036163014641149,850278118409.7959,22,4.6866159776236086e-14,0.0398492701516308,17.591461099681812,0.5635801822141314,1.7806426791618426,14.531626362702346,1.4657388438212204,0.0050767014884096,0.1675745880114018,-2.5075185567044597e-09,0.0216974258404172,999,1000,True
ct_w6_i1,6,diagonal_fisher,150,False,1.0,1,0.0,-10.99999938436989,1.0000006156301104,1.5234086324010422e-32,57619,0.997062617129612,1.0,7,True,0.0220099285130477,1.0222539338815744,4.802185515336923e-07,0.0033032594334559,944950334991.1444,22,4.06498685673974e-14,0.0384121069201081,17.683207035041146,0.5617633609367741,1.7841591649356932,14.629281231269832,1.4726805352433627,0.0042500505506203,0.1689186504437293,-2.1898984134698856e-09,0.021197472793147,999,1000,True
ct_w6_i1,6,diagonal_fisher,175,False,1.0,1,0.0,-10.999999435750388,1.0000005642496124,1.1268179226550974e-32,57619,0.9971797224288916,1.0,7,True,0.0212400071652113,1.021467181662498,4.402816758819531e-07,0.0030285473032851,338774237937.7507,21,1.0951310939683734e-13,0.037100220180107,17.761436744096926,0.5602311105392233,1.7871642518398303,14.712443619598872,1.4785618485428242,0.0036564316996546,0.1699674646334998,-1.92485806052151e-09,0.0207437493659337,999,1000,True
ct_w6_i1,6,diagonal_fisher,200,False,1.0,1,0.0,-10.999999481037811,1.000000518962187,8.635571693552372e-33,57619,0.9972872743025716,1.0,7,True,0.0205283176183393,1.0207404727730691,4.0504154785547546e-07,0.0027861424962074,355894283591.4517,21,1.0086796622161417e-13,0.0358983325757681,17.829663765409826,0.5589072480703274,1.7897898796994511,14.784895257317729,1.4836633105617378,0.0032096082369294,0.1708079666887306,-1.701462230008977e-09,0.020325989711235,999,1000,True
ct_w6_i1,6,diagonal_fisher,225,False,1.0,1,0.0,-10.999999521168863,1.0000004788311347,6.803545599025019e-33,57619,0.9973863748048404,1.0,7,True,0.0198684952507578,1.0200671875263978,3.737887928132913e-07,0.0025711654663011,370939005425.8239,21,9.379854199495205e-14,0.0347935378779998,17.890182754821048,0.5577425237390004,1.792122480333217,14.849102547996305,1.4881670071252868,0.0028611161511534,0.1714833594758813,-1.511624357371609e-09,0.0199380006360474,999,1000,True
ct_w6_i1,6,diagonal_fisher,250,False,1.0,1,0.0,-10.999999556903006,1.0000004430969938,5.480494610042686e-33,57619,0.9974779626134056,1.0,7,True,0.0192550812525866,1.0194416559090338,3.459434489882737e-07,0.0023796268546127,384294797236.948,21,8.788788989879065e-14,0.0337748588282389,17.944576003948097,0.5567032672984346,1.7942217810750354,14.906764309241078,1.4921978621834735,0.0025817775055959,0.1720314710644783,-1.3491663379999102e-09,0.0195755730687326,999,1000,True
ct_w6_i1,6,diagonal_fisher,275,False,1.0,1,0.0,-10.999999588862888,1.000000411137112,4.495974027011025e-33,57619,0.997562842298519,1.0,7,True,0.0186833655287021,1.018858991659795,3.210274863281204e-07,0.0022082384556474,396259107780.5974,21,8.285715107026177e-14,0.0328329007563441,17.9939822848761,0.5557654341282613,1.7961308569400949,14.95910193680128,1.4958453672944816,0.0023529238209705,0.1724782126503589,-1.2092686825198223e-09,0.0192355934385823,999,1000,True
ct_w6_i1,6,diagonal_fisher,300,False,1.0,1,0.0,-10.999999617563647,1.000000382436351,3.745050509994311e-33,57619,0.9976417074870686,1.0,7,True,0.0181492615359819,1.0183149603019237,2.986439681252364e-07,0.0020542698773376,407063410115.1712,21,7.851252793617177e-14,0.0319595773584607,18.039248136734777,0.5549112684720398,1.7978817732777272,15.007022634336131,1.4991757927712337,0.0021619830556304,0.1728382681960498,-1.0881155032602478e-09,0.0189156202993157,999,1000,True
ct_w6_i1,6,diagonal_fisher,325,False,1.0,1,0.0,-10.99999964343485,1.0000003565651507,3.160296755697769e-33,57619,0.997715159373824,1.0,7,True,0.0176492055963727,1.017805873154266,2.784610556262478e-07,0.0019154385142135,416891678630.13513,21,7.471459165526831e-14,0.0311478915333298,18.08102048814099,0.5541272837637575,1.799499066026888,15.051219164738562,1.502239603781856,0.0020002831190001,0.1731264508711498,-9.826510519702167e-10,0.0186136673529685,999,1000,True
ct_w6_i1,6,diagonal_fisher,350,False,1.0,1,0.0,-10.999999666837136,1.0000003331628626,2.6968048327458308e-33,57619,0.9977837216387092,1.0,7,True,0.0171800752362534,1.0173285015019842,2.6019959262965625e-07,0.0017898241460898,425893111810.9237,21,7.136006178440748e-14,0.030391758772381,18.11980617488881,0.5534029821507396,1.8010020036264576,15.092233800417914,1.505076176775298,0.001861655288438,0.1733601506861959,-8.904045399762501e-10,0.0183280728329924,999,1000,True
ct_w6_i1,6,diagonal_fisher,375,False,1.0,1,0.0,-10.999999688075276,1.0000003119247245,2.3237890003994757e-33,57619,0.9978478525586904,1.0,7,True,0.0167391224738333,1.016880006578763,2.436233443557472e-07,0.001675801794585,434188531867.91766,21,6.837090712850396e-14,0.0296858637886028,18.15600748745273,0.5527300634408675,1.802405870005562,15.13049679809932,1.5077167093499275,0.0017414721400065,0.1735449858865105,-8.093607544222452e-10,0.0180574140941179,999,1000,True
ct_w6_i1,6,diagonal_fisher,400,False,1.0,1,0.0,-10.999999707408255,1.0000002925917428,2.019562073137041e-33,57619,0.9979079549181252,1.0,7,True,0.0163239188996703,1.0164578820054169,2.285313221798737e-07,0.0015719889275828,441877753846.3748,21,6.568681720157107e-14,0.0290255432423476,18.189951154432286,0.552101826315885,1.8037231101235447,15.166357314886987,1.5101864420862734,0.0016361754531828,0.1736693538944222,-7.378640175373479e-10,0.0178004552550247,999,1000,True
ct_w6_i1,6,diagonal_fisher,425,False,1.0,1,0.0,-10.99999972505733,1.0000002749426695,1.7685161614690688e-33,57619,0.997964384166215,1.0,7,True,0.0159323102119501,1.0160599061985995,2.1475166620781786e-07,0.0014772033795566,449042584898.1014,21,6.326056860547446e-14,0.0284066892487259,18.2219050068096,0.5515127974513951,1.8049639227352383,15.200101461620031,1.5125060282173528,0.0015433320486657,0.1737691019378189,-6.745461104091216e-10,0.0175561254602731,999,1000,True
ct_w6_i1,6,diagonal_fisher,450,False,1.0,1,0.0,-10.99999974121248,1.0000002587875212,1.5591888216628798e-33,57619,0.9980174551778366,1.0,7,True,0.0155623783212125,1.0156841027515224,2.0213669173825202e-07,0.0013904292778766,455753079509.3983,21,6.105426534523866e-14,0.0278256694482764,18.25209191759918,0.5509584440613603,1.8061368097614616,15.231967171893944,1.5146926022349572,0.0014608185918701,0.1738382595820273,-6.18267536882079e-10,0.0173234685987134,999,1000,True
ct_w6_i1,6,diagonal_fisher,475,False,1.0,1,0.0,-10.99999975603759,1.0000002439624094,1.383016439633611e-33,57619,0.9980674478844234,1.0,7,True,0.0152124096213099,1.0153287072988404,1.9055892818667133e-07,0.00131078979592,462068725730.2995,21,5.903723615150504e-14,0.0272792604791647,18.28069949914082,0.5504349678458582,1.807248939661451,15.262154616919489,1.5167605465933538,0.0013869273630193,0.1738631686754158,-5.68074558288504e-10,0.017101632643396,999,1000,True
ct_w6_i1,6,diagonal_fisher,500,False,1.0,1,0.0,-10.999999769674606,1.0000002303253943,1.2335054493101349e-33,57619,0.9981146119940428,1.0,7,True,0.0148808682504409,1.014992139623477,1.79907904750416e-07,0.0012375250427583,468036690868.269,21,5.718481642921347e-14,0.0267645922494384,18.3078863061604,0.5499391656052128,1.8083063619609443,15.2908329445892,1.5187220080759845,0.0013204794496936,0.1738711127778144,-5.23165359859925e-10,0.0168898627719491,999,1000,True
ct_w6_i1,6,diagonal_fisher,525,False,1.0,1,0.0,-10.999999782247023,1.0000002177529763,1.1056541216762396e-33,57619,0.9981591709657412,1.0,7,True,0.0145663734633968,1.014672980076312,1.700874692739369e-07,0.0011699736205471,473701098469.3699,21,5.547612436819633e-14,0.0262791010520379,18.33378911146193,0.5494682919161018,1.8093143191686036,15.318147920409803,1.5205874151265373,0.0012603800386897,0.1738583417956289,-4.828614128772182e-10,0.0166874737094522,999,1000,True
ct_w6_i1,6,diagonal_fisher,550,False,1.0,1,0.0,-10.999999793862685,1.0000002061373152,9.955745314996501e-34,57619,0.9982013253713118,1.0,7,True,0.0142676803993456,1.0143699495536938,1.6101363244242924e-07,0.00110755779547,479098515756.2343,21,5.3893905096558634e-14,0.0258204899400685,18.35852459415824,0.5490200032360922,1.8102772630577904,15.344223943583746,1.5223656795527305,0.001205697152716,0.1738113250645832,-4.4658622038969525e-10,0.0164938447861014,999,1000,True
ct_w6_i1,6,diagonal_fisher,575,False,1.0,1,0.0,-10.99999980461607,1.0000001953839297,9.001975832285818e-34,57619,0.998241255755568,1.0,7,True,0.0139836636374137,1.0140818923936878,1.526127712347869e-07,0.0010497711399052,484258523533.6513,21,5.2423847622901024e-14,0.0253866950478191,18.382195173455607,0.5485922566293071,1.81119912317565,15.369170088767158,1.5240645826141992,0.001155776943484,0.1737436077192951,-4.1384819345987996e-10,0.0163084180742877,999,1000,True
ct_w6_i1,6,diagonal_fisher,600,False,1.0,1,0.0,-10.99999981459027,1.0000001854097302,8.170828088091323e-34,57619,0.9982791250750508,1.0,7,True,0.0137133031155311,1.0138077617427512,1.4482012812469694e-07,0.0009961682089423,489209270022.24457,21,5.1053523376699495e-14,0.0249758569031787,18.404890016935635,0.5481832771986092,1.8120833189922405,15.39308130074772,1.52569089244805,0.0011101239869229,0.1736771400328036,-3.8422621658046176e-10,0.0161306881514686,999,1000,True
ct_w6_i1,6,diagonal_fisher,625,False,1.0,1,0.0,-10.999999823858609,1.000000176141393,7.4427117573061355e-34,57619,0.9983150807908412,1.0,7,True,0.0134556719896449,1.0135466069499075,1.3757854269180505e-07,0.0009463558155685,493973953436.71,21,4.9772453915292954e-14,0.0245862958327837,18.426687018377,0.5477915141255616,1.812932826234752,15.416040544432873,1.52725052907247,0.0010680539902755,0.1735762540125667,-3.573573483363684e-10,0.015960181063634,999,1000,True
ct_w6_i1,6,diagonal_fisher,650,False,1.0,1,0.0,-10.999999832485951,1.0000001675140489,6.8017262034252405e-34,57619,0.998349256669236,1.0,7,True,0.0132099261424297,1.013297562682341,1.308374333192886e-07,0.0008999860261141,498572895321.8084,21,4.857161521549936e-14,0.0242164908284483,18.447655513106103,0.5474155948206922,1.813750305808784,15.438121602182337,1.5287487391212926,0.0010292712807419,0.1734662224277472,-3.3292892612760204e-10,0.0157964762938432,999,1000,True
ct_w6_i1,6,diagonal_fisher,675,False,1.0,1,0.0,-10.999999840529888,1.0000001594701118,6.234870068453575e-34,57619,0.9983817743365458,1.0,7,True,0.0129752950870663,1.0130598394955237,1.245518879669176e-07,0.0008567499059906,503023717086.8408,21,4.7443212925896887e-14,0.0238650613165271,18.46785737835174,0.5470543005993457,1.814538141938804,15.459390266827096,1.5301901866094292,0.0009933874164505,0.173343553285821,-3.106696745053105e-10,0.0156391813286184,999,1000,True
ct_w6_i1,6,diagonal_fisher,700,False,1.0,1,0.0,-10.999999848041677,1.000000151958325,5.731450879954822e-34,57619,0.9984127446260008,1.0,7,True,0.0127510740559069,1.01283271563761,1.1868192354742539e-07,0.000816372425194,507343521620.5306,21,4.6380313107517564e-14,0.0235307513858308,18.48734776000625,0.5467065470620015,1.815298457255492,15.4799051690593,1.531579026094784,0.0009600635795063,0.1732037456139483,-2.903437239616841e-10,0.0154879346627085,999,1000,True
ct_w6_i1,6,diagonal_fisher,725,False,1.0,1,0.0,-10.99999985506704,1.00000014493296,5.282607741351309e-34,57619,0.9984422687507436,1.0,7,True,0.0125366170810014,1.012615529886661,1.1319186252674377e-07,0.0007786081701503,511544847117.22327,21,4.5377089024290856e-14,0.0232124160675554,18.506176033649854,0.546371364329768,1.8160331488764208,15.49971880570993,1.5329189773611622,0.0009290926739337,0.173061954051629,-2.71745555927466e-10,0.0153424072861305,999,1000,True
ct_w6_i1,6,diagonal_fisher,750,False,1.0,1,0.0,-10.999999861646906,1.0000001383530943,4.8809578383934325e-34,57619,0.9984704393253014,1.0,7,True,0.0123313309474454,1.0124076752953146,1.0804976957537381e-07,0.0007432374686331,515641909392.2335,21,4.442813701894565e-14,0.0229090094031889,18.524386383409325,0.5460478863522711,1.816743915773768,15.5188781411966,1.5342133646167766,0.0009001930360141,0.1729009468540193,-2.5469510922243776e-10,0.0152022898603527,999,1000,True
ct_w6_i1,6,diagonal_fisher,775,False,1.0,1,0.0,-10.999999867817982,1.0000001321820182,4.520311406523341e-34,57619,0.9984973412608508,1.0,7,True,0.0121346698720149,1.0122085936895595,1.032269988863976e-07,0.0007100632759184,519643812101.7536,21,4.3528997118540193e-14,0.0226195739996444,18.54201852902435,0.5457353347729648,1.8174322815917887,15.53742540086202,1.5354651780456827,0.0008731830121589,0.1727356052202823,-2.3903451704495085e-10,0.0150672993898711,999,1000,True
ct_w6_i1,6,diagonal_fisher,800,False,1.0,1,0.0,-10.999999873613264,1.0000001263867355,4.195427593906487e-34,57619,0.9985230525508766,1.0,7,True,0.0119461308159821,1.0120177708261435,9.86977984895105e-08,0.0006789084529961,523561073852.426,21,4.2675502423517657e-14,0.0223432318760487,18.55910917456843,0.5454329972207395,1.818099668587002,15.55539953846088,1.536677158312087,0.0008478658430854,0.1725508820706011,-2.2462480416955859e-10,0.0149371711615822,999,1000,True
ct_w6_i1,6,diagonal_fisher,825,False,1.0,1,0.0,-10.999999879062472,1.0000001209375269,3.901877529987501e-34,57619,0.9985476449613973,1.0,7,True,0.0117652493542668,1.0118347321271275,9.443896216005264e-08,0.0006496133721712,527401510255.7836,21,4.186407509340887e-14,0.0220791764297253,18.575691070994484,0.5451402351053272,1.818747335158193,15.572835349464413,1.5378517632909767,0.0008241253077788,0.1723634663094024,-2.1134343977004029e-10,0.0148116625646597,999,1000,True
ct_w6_i1,6,diagonal_fisher,850,False,1.0,1,0.0,-10.99999988419246,1.0000001158075411,3.6358778851643885e-34,57619,0.9985711846416798,1.0,7,True,0.01159159600532,1.011659038892614,9.042953571558857e-08,0.0006220338967779,531173505568.1428,21,4.10914044303098e-14,0.0218266653399659,18.591794456397142,0.5448564623309118,1.819376449104453,15.589764928910434,1.5389912516244897,0.000801791954939,0.1721699218417673,-1.9908193316867047e-10,0.0146905437626723,999,1000,True
ct_w6_i1,6,diagonal_fisher,875,False,1.0,1,0.0,-10.999999889027498,1.0000001109725023,3.394198040098794e-34,57619,0.998593732663412,1.0,7,True,0.0114247729812216,1.0114902849488023,8.665055697648003e-08,0.0005960395924576,534883807594.2268,21,4.035458543576521e-14,0.0215850143117686,18.60744657623332,0.5445811499585231,1.8199880587486497,15.606217207695112,1.5400976625147385,0.0007807528007252,0.1719602847937867,-1.8774412819377907e-10,0.0145736027251258,999,1000,True
ct_w6_i1,6,diagonal_fisher,900,False,1.0,1,0.0,-10.999999893589612,1.000000106410388,3.1740542102767992e-34,57619,0.9986153454989898,1.0,7,True,0.0112644112952823,1.011328093666378,8.3084834718903e-08,0.0005715122066521,538537935860.9051,21,3.965104425643293e-14,0.0213535915285887,18.62267262469824,0.5443138110003057,1.820583136569428,15.622218920969422,1.54117287547561,0.0007609231898501,0.1717536604691675,-1.772445854934522e-10,0.0144606424848254,999,1000,True
ct_w6_i1,6,diagonal_fisher,925,False,1.0,1,0.0,-10.999999897898796,1.000000102101204,2.9730499037413076e-34,57619,0.998636075446964,1.0,7,True,0.0111101681799678,1.0111721153002096,7.971675209318598e-08,0.0005483443163853,542142511383.9193,21,3.8978335564237153e-14,0.0211318127323606,18.63749539974912,0.5440540029012122,1.8211625556532185,15.637794284941698,1.5422185992464157,0.000742180998688,0.171535814767469,-1.6750710383710555e-10,0.0143514760055191,999,1000,True
ct_w6_i1,6,diagonal_fisher,950,False,1.0,1,0.0,-10.999999901973256,1.000000098026744,2.789090567235404e-34,57619,0.998655971012006,1.0,7,True,0.0109617247726564,1.0110220246062989,7.653209558380508e-08,0.0005264381517372,545702155262.54926,21,3.833434892447063e-14,0.0209191368286702,18.65193692068593,0.5438013067300008,1.82172717980454,15.652966602099754,1.5432364545863495,0.0007244258819125,0.1712984220564594,-1.584636601708163e-10,0.0142459286329534,999,1000,True
ct_w6_i1,6,diagonal_fisher,975,False,1.0,1,0.0,-10.99999990582957,1.0000000941704297,2.620371627519815e-34,57619,0.998675077241722,1.0,7,True,0.0108187840608409,1.0108775187265733,7.351791479277579e-08,0.0005057046313426,549220389893.07056,21,3.771721221605992e-14,0.0207150619989841,18.6660164013437,0.5435553496401112,1.8222777420600715,15.6677562863927,1.5442278830219602,0.0007076008228212,0.171058664696202,-1.5005346341143602e-10,0.0141438386652516,999,1000,True
ct_w6_i1,6,diagonal_fisher,999,False,,0,0.0,-10.99999990934047,1.0000000906595297,2.4712713800740275e-34,57619,0.998692715531316,1.0,7,True,0.010686480591998,1.010743784971185,7.077369224819622e-08,0.0004868280615413,552563260791.0631,21,3.714834226683882e-14,0.0205268091359469,18.679208815337518,0.5433252491961603,1.8227936965388785,15.681612139782846,1.5451560371206083,0.0,,0.0,,999,1000,True
ct_w6_i1,6,exact_natural,0,False,1.0,1,0.0,-10.999339344488108,1.0006606555118918,3.0804439498919067e-12,57619,0.9953090194936322,1.0,7,True,0.0352716285940189,1.035901050933617,0.0001453771831149,1.0,638019691.6401001,52,8.318603506469446e-11,0.0530743284407389,9.280960383535072,0.7910242909836719,1.318566057867759,5.6779499577716335,0.7734082877179328,5.5677643628300215,1.0000000000000002,-0.0011208703227358,0.9999999999999998,999,1000,False
ct_w6_i1,6,exact_natural,25,False,1.0,1,0.0,-11.18161147512122,0.818388524878781,0.1816114751212212,57619,0.8149404354508086,1.0,7,True,0.4985742696779356,1.6463723136793784,0.1888282695110851,1298.8851858670623,346358015476.0489,14,3.6024632840364806e-11,12.477420338842052,146.64553731817335,0.9992501432883644,26.31856605786776,5.677949957771634,0.0387479285465717,5.5677643628300215,1.0000000000000002,-0.1486287472255023,0.9999999999999896,999,1000,False
ct_w6_i1,6,exact_natural,29,True,,0,0.0,-11.923757635134477,0.076242364865525,0.9237576351344752,64512,0.9237576351344752,0.0,0,True,0.271799972027845,1.312324473452292,0.0894784795084533,615.4919058908005,764504998881.6063,12,7.732563693454797e-12,5.911583597816609,168.90209589489106,0.999434795256499,30.31856605786776,5.677949957771634,0.0336358228523096,0.0,,0.0,,999,1000,False
ct_w6_i1,6,projected_adam,0,False,,0,0.0,-10.999339344488108,1.0006606555118918,3.0804439498919067e-12,57619,0.9953090194936322,1.0,7,True,0.0352716285940189,1.035901050933617,0.0001453771831149,1.0,638019691.6401001,52,8.318603506469446e-11,0.0530743284407389,9.280960383535072,0.7910242909836719,1.318566057867759,5.6779499577716335,0.7734082877179328,0.0394992519623733,1.0000000000000004,-7.951762396853291e-06,1.0000000000000004,999,1000,False
ct_w6_i1,6,projected_adam,25,False,,0,0.0,-10.999500703110812,1.0004992968891866,3.655343086840963e-12,57619,0.9954069445158948,1.0,7,True,0.0342804424435387,1.034874788851066,0.0001138533645506,0.7831584166863574,2135071531.5163472,52,2.483632823286276e-11,0.0530273373573809,10.051058769136436,0.8251520940270236,1.489583906587249,5.677949957771633,0.6846139465851943,0.0354855807622973,1.0000000000000002,-5.032493731927942e-06,0.999999999999999,999,1000,False
ct_w6_i1,6,projected_adam,50,False,,0,0.0,-10.999600589014388,1.0003994109856134,4.226269363018185e-12,57619,0.9954714995067134,1.0,7,True,0.0336216905235573,1.0341932875917468,9.42294581060666e-05,0.648172265324212,5795421290.566067,52,9.144893734445136e-12,0.0529985118485675,10.727231186510563,0.8484332005500443,1.6346487558581435,5.6779499577716335,0.6238587423774274,0.0289700620164732,0.9999999999999998,-3.1131733903993023e-06,0.9999999999999964,999,1000,False
ct_w6_i1,6,projected_adam,75,False,,0,0.0,-10.999664389247345,1.000335610752655,4.758554361134825e-12,57619,0.995514748274976,1.0,7,True,0.0331777111067897,1.0337342289729263,8.14587783243652e-05,0.5603271199714913,12860268381.79214,52,4.119692816427863e-12,0.0529803552698034,11.29280069442765,0.864406393959259,1.75322957112523,5.677949957771633,0.581663653097057,0.0239526669713049,0.9999999999999998,-2.0770592303312675e-06,1.0000000000000069,999,1000,False
ct_w6_i1,6,projected_adam,100,False,,0,0.0,-10.999708537541448,1.0002914624585522,5.257100933926012e-12,57619,0.9955457755194732,1.0,7,True,0.032857703104042,1.0334034786711352,7.242416176725149e-05,0.4981810777691855,24774632755.639034,52,2.137992840693664e-12,0.0529679874623709,11.775480821889944,0.8760698980233724,1.852834209665751,5.677949957771632,0.5503945856237491,0.020478622445608,1.0,-1.494618680285911e-06,1.0000000000000022,999,1000,False
ct_w6_i1,6,projected_adam,125,False,,0,0.0,-10.999741176236126,1.0002588237638737,5.730938589621705e-12,57619,0.995569374646731,1.0,7,True,0.0326133537057213,1.0331509980009057,6.559629224468436e-05,0.4512144948689751,43267659941.139305,52,1.2239855487240606e-12,0.0529589904950614,12.198512349728755,0.8850676067296072,1.9391101037092489,5.677949957771632,0.5259061438067756,0.0179748932369597,1.0000000000000002,-1.1359361470249885e-06,0.9999999999999994,999,1000,False
ct_w6_i1,6,projected_adam,150,False,,0,0.0,-10.999766466511897,1.000233533488105,6.186291762893979e-12,57619,0.9955880889377744,1.0,7,True,0.0324189167620314,1.0329501348067296,6.019442980886636e-05,0.4140569277729961,70344572625.17543,52,7.527535958177234e-13,0.0529521299898618,12.576745991533311,0.8922892579792402,2.015547824454732,5.677949957771633,0.5059616570171798,0.0160765463579182,0.9999999999999996,-8.977014550051378e-07,0.9999999999999992,999,1000,False
ct_w6_i1,6,projected_adam,175,False,,0,0.0,-10.999786742686709,1.000213257313293,6.627242106610759e-12,57619,0.9956033866277684,1.0,7,True,0.0322594835292773,1.032785461355023,5.577904442687306e-05,0.3836849994732009,108275647503.40189,52,4.889992932433309e-13,0.0529467151046275,12.919893528539887,0.8982555883720693,2.0843853667119325,5.677949957771631,0.4892520996091915,0.0145805714089348,1.0000000000000002,-7.303978001497185e-07,1.0000000000000044,999,1000,False
ct_w6_i1,6,projected_adam,200,False,,0,0.0,-10.99980342536836,1.000196574631639,7.056622777056319e-12,57619,0.9956161833039912,1.0,7,True,0.0321257338331796,1.0326473358507604,5.2080835414284594e-05,0.3582462825208686,159604338407.1446,52,3.317098237214471e-13,0.0529423269582121,13.234689584716572,0.903294867186472,2.1471503446680087,5.677949957771632,0.4749504009306657,0.0133676161361544,0.9999999999999998,-6.0787631638023e-07,1.0000000000000024,999,1000,False
ct_w6_i1,6,projected_adam,225,False,,0,0.0,-10.999817434306625,1.0001825656933772,7.476512517319337e-12,57619,0.995627084529018,1.0,7,True,0.0320114901851898,1.032529369190625,4.89239151770236e-05,0.3365309062175258,227162391310.87665,52,2.330433983016729e-13,0.0529386956374211,13.526033683056772,0.9076261768023652,2.2049392609016247,5.677949957771632,0.4625024984323078,0.0123623886409846,1.0,-5.151634679837053e-07,1.0000000000000075,999,1000,False
ct_w6_i1,6,projected_adam,250,False,,0,0.0,-10.999829393937658,1.0001706060623423,7.888500688520242e-12,57619,0.9956365092587836,1.0,7,True,0.0319124706216282,1.0324271336448665,4.618768679022221e-05,0.3177093254978199,314039716578.7915,52,1.685635163365101e-13,0.0529356388958421,13.797620427282062,0.9114022609565144,2.2585694425568072,5.67794995777163,0.4515202844080087,0.0115146509175801,0.9999999999999998,-4.4313142494114043e-07,0.9999999999999964,999,1000,False
ct_w6_i1,6,projected_adam,275,False,,0,0.0,-10.99983974447158,1.000160255528419,8.293840181836839e-12,57619,0.9956447578530224,1.0,7,True,0.0318256000539466,1.032337450009167,4.378624393257281e-05,0.3011906201123218,423663157675.538,52,1.2494130788368478e-13,0.0529330290221134,14.05231385349648,0.9147333629788422,2.3086681603582493,5.677949957771627,0.4417221732291921,0.0107894172508517,1.0,-3.859356723672385e-07,0.9999999999999952,999,1000,False
ct_w6_i1,6,projected_adam,300,False,,0,0.0,-10.99984880592898,1.0001511940710195,8.693542293350414e-12,57619,0.9956520519869496,1.0,7,True,0.0317486054153364,1.03225796862014,4.16564701543432e-05,0.2865406335560018,559765577203.988,52,9.455882232594946e-14,0.0529307737590144,14.292383830219858,0.9177013313673684,2.355728226749066,5.677949957771626,0.4328979487017522,0.0101614919478861,1.0000000000000002,-3.396822863472557e-07,1.0,999,1000,False
ct_w6_i1,6,projected_adam,325,False,,0,0.0,-10.999856816996669,1.0001431830033312,9.088439006336308e-12,57619,0.9956585592698378,1.0,7,True,0.031679765538233,1.0321869105542834,3.975079009468254e-05,0.273432111167355,726308709385.4191,52,7.287370240978743e-14,0.0529288047453898,14.519662499177754,0.9203683837063084,2.400144373124452,5.6779499577716255,0.4248869061701267,0.0096122284317862,1.0,-3.016900226724866e-07,0.9999999999999898,999,1000,False
ct_w6_i1,6,projected_adam,350,False,,0,0.0,-10.999863959613505,1.0001360403864954,9.479225687978078e-12,57619,0.9956644090591522,1.0,7,True,0.0316177502529512,1.0321229011733617,3.80325599746819e-05,0.2616129929041947,927805606052.0402,52,5.704543050236568e-14,0.0529270702197469,14.735651678178456,0.9227827724123135,2.442237965325833,5.6779499577716255,0.4175636983525602,0.0091275100441898,1.0,-2.700605231721736e-07,0.999999999999976,999,1000,False
ct_w6_i1,6,projected_adam,375,False,,0,0.0,-10.999870375081448,1.0001296249185518,9.866491374946072e-12,57619,0.9956697029686722,1.0,7,True,0.0315615133322027,1.0320648593916266,3.647302953323375e-05,0.2508855155378526,433554541541.643,51,1.2207352289278684e-13,0.0529255302521554,14.941598829221784,0.9249825709923732,2.4822743203818534,5.677949957771625,0.4108288550886713,0.0086964413999896,1.0,-2.4341723334426644e-07,1.0000000000000042,999,1000,False
ct_w6_i1,6,projected_adam,400,False,,0,0.0,-10.9998761749431,1.0001238250568996,1.0250740854056993e-11,57619,0.9956745220546463,1.0,7,True,0.0315102191910861,1.032011921868791,3.50492779125405e-05,0.2410920143144347,528639772064.0188,51,1.0011383239007745e-13,0.0529241535351459,15.138552143063157,0.9269982766211128,2.5204751553144744,5.6779499577716255,0.4046022492656745,0.0083104718505156,0.9999999999999996,-2.207410422790306e-07,0.9999999999999905,999,1000,False
ct_w6_i1,6,projected_adam,425,False,,0,0.0,-10.99988144851716,1.0001185514828386,1.063241113267692e-11,57619,0.9956789318536514,1.0,7,True,0.0314631914424821,1.031963389812759,3.3742774282998506e-05,0.2321050219849095,637970286998.5736,51,8.295514108836029e-14,0.0529229151681483,15.327401334988998,0.92885464315985,2.5570277349780963,5.677949957771627,0.3988184809685776,0.0079627927395852,1.0000000000000002,-2.0126361922438974e-07,1.0000000000000069,999,1000,False
ct_w6_i1,6,projected_adam,450,False,,0,0.0,-10.999886268237876,1.0001137317621236,1.1011883975639931e-11,57619,0.9956829859918694,1.0,7,True,0.0314198760018176,1.0319186908318647,3.253835085953318e-05,0.2238202045351655,762737575378.6815,51,6.938401463579378e-14,0.0529217950933443,15.508908421997386,0.9305719999702312,2.5920917242764903,5.6779499577716255,0.3934235457439811,0.0076479123489384,1.0,-1.8439629491353002e-07,0.9999999999999976,999,1000,False
ct_w6_i1,6,projected_adam,475,False,,0,0.0,-10.999890693514091,1.0001093064859088,1.1389495594961827e-11,57619,0.9956867288206172,1.0,7,True,0.0313798141193646,1.0318773510546515,3.142345560304482e-05,0.2161512207744412,904343004137.5884,51,5.851847885965815e-14,0.0529207769695052,15.68373131045119,0.9321672186753636,2.625804405753248,5.6779499577716255,0.3883723840298554,0.0073613502385867,1.0000000000000004,-1.696815308038254e-07,1.0000000000000162,999,1000,False
ct_w6_i1,6,projected_adam,500,False,,0,0.0,-10.999894773568151,1.000105226431847,1.1765544266415582e-11,57619,0.99569019737397,1.0,7,True,0.0313426223302051,1.031838974403425,3.0387598530814523e-05,0.2090259136936782,133949717651.31367,50,3.950724814855773e-13,0.0529198473467969,15.852442140968655,0.9336544338599516,2.6582847132023244,5.677949957771626,0.3836270479206829,0.0070994133880452,0.9999999999999998,-1.567590978653527e-07,1.0000000000000029,999,1000,False
ct_w6_i1,6,projected_adam,525,False,,0,0.0,-10.99989854955756,1.0001014504424397,1.214029637916807e-11,57619,0.9956934228449956,1.0,7,True,0.0313079773212184,1.0318032269521231,2.9421935100388965e-05,0.2023834447055286,145015045161.89886,50,3.6492072249117644e-13,0.0529189950525707,16.015541731005325,0.9350455883705008,2.6896363899510374,5.677949957771625,0.3791553091966647,0.0068590296467636,1.0000000000000002,-1.4534206757641758e-07,1.000000000000019,999,1000,False
ct_w6_i1,6,projected_adam,550,False,,0,0.0,-10.99990205618336,1.0000979438166393,1.2513991307818562e-11,57619,0.9956964317144412,1.0,7,True,0.0312756043508727,1.0317698249575185,2.851894814225845e-05,0.1961721057678595,156342715936.20413,50,3.38475703270048e-13,0.052918210727656,16.173471081268953,0.9363508515561826,2.71995049227765,5.677949957771624,0.3749295878560377,0.0066376217416439,1.0,-1.3519947165138306e-07,1.000000000000011,999,1000,False
ct_w6_i1,6,projected_adam,575,False,,0,0.0,-10.999905322925398,1.0000946770746015,1.288684537577382e-11,57619,0.995699246624466,1.0,7,True,0.0312452682775072,1.0317385255871645,2.767220192677013e-05,0.1903476276940284,167947236882.04166,50,3.1508399574870125e-13,0.0529174864717473,16.326620637482126,0.9375789439960672,2.749307394994404,5.6779499577716255,0.3709261172159915,0.00643301098772,0.9999999999999996,-1.2614359221602701e-07,0.999999999999988,999,1000,False
ct_w6_i1,6,projected_adam,600,False,,0,0.0,-10.999908375002033,1.0000916249979674,1.3259055097760769e-11,57619,0.9957018870626072,1.0,7,True,0.0312167665306482,1.0317091196559458,2.687614983018953e-05,0.1848718571533983,179841865823.37506,50,2.942408060924725e-13,0.0529168155690441,16.475337811047158,0.938737392408444,2.777778413009108,5.677949957771623,0.3671242861858695,0.0062433427677308,1.0,-1.1802051714025229e-07,0.999999999999998,999,1000,False
ct_w6_i1,6,projected_adam,625,False,,0,0.0,-10.999911234123944,1.0000887658760558,1.3630799876644242e-11,57619,0.9957043699029212,1.0,7,True,0.0311899235457342,1.0316814258753049,2.6125982188695272e-05,0.1797117101109211,192045312983.3474,50,2.755401392079683e-13,0.0529161922736693,16.61993314759982,0.9398327318747348,2.80542712582484,5.67794995777162,0.363506115582543,0.0060670280907908,1.0,-1.1070302589027315e-07,1.0000000000000215,999,1000,False
ct_w6_i1,6,projected_adam,650,False,,0,0.0,-10.999913919092029,1.0000860809079732,1.4002244241867491e-11,57619,0.9957067098380542,1.0,7,True,0.0311645863173494,1.031655286258551,2.541750495498553e-05,0.1748383371473689,204570479655.2371,50,2.586668991995979e-13,0.0529156116401946,16.760685417726666,0.9408706677067232,2.8323104665628,5.6779499577716175,0.3600558374859481,0.0059026975189672,0.9999999999999992,-1.0408517734156535e-07,0.9999999999999966,999,1000,False
ct_w6_i1,6,projected_adam,675,False,,0,0.0,-10.99991644627602,1.0000835537239787,1.4373539733560392e-11,57619,0.995708919727342,1.0,7,True,0.0311406208140075,1.0316305624166016,2.4747041793203303e-05,0.1702264500037577,217434285308.29355,50,2.433612036553661e-13,0.0529150693885705,16.897845854250996,0.9418562061765258,2.8584796251598217,5.677949957771615,0.3567595543037907,0.0057491642060446,1.0,-9.80781364212387e-08,1.000000000000025,999,1000,False
ct_w6_i1,6,projected_adam,700,False,,0,0.0,-10.999918830000842,1.0000811699991576,1.474482649856655e-11,57619,0.995711010879543,1.0,7,True,0.0311179090642108,1.031607132547453,2.4111354702530304e-05,0.1658537755781542,230653466545.6404,50,2.294115175810124e-13,0.0529145617955566,17.03164170273967,0.9427937609425668,2.883980802626939,5.677949957771615,0.3536049602443907,0.00560539452714,1.0,-9.26069396881036e-08,1.000000000000008,999,1000,False
ct_w6_i1,6,projected_adam,725,False,,0,0.0,-10.9999210828608,1.0000789171392004,1.5116234647844488e-11,57619,0.9957129932841716,1.0,7,True,0.0310963467705236,1.0315848889713033,2.350757896939025e-05,0.1617006084840947,244241852664.52084,50,2.166462669256756e-13,0.0529140856067793,17.162279214102607,0.9436872403261388,2.9088558447956694,5.677949957771615,0.3505811121176819,0.0054704837937312,1.0,-8.76079481244461e-08,0.9999999999999682,999,1000,False
ct_w6_i1,6,projected_adam,750,False,,0,0.0,-10.999923215977208,1.000076784022793,1.5487885409811774e-11,57619,0.9957148758020862,1.0,7,True,0.0310758413427186,1.0315637360987129,2.293316954036025e-05,0.1577494421681548,258215087613.28085,50,2.0492078311176565e-13,0.0529136379649866,17.289946179127202,0.9445401193627384,2.933142777527185,5.677949957771611,0.3476782394883034,0.0053436365654446,1.0,-8.302683385271877e-08,1.000000000000038,999,1000,False
ct_w6_i1,6,projected_adam,775,False,,0,0.0,-10.99992523921075,1.00007476078925,1.5859892130635797e-11,57619,0.9957166663235902,1.0,7,True,0.0310563102649544,1.0315435887439146,2.238585660316489e-05,0.1539846633667756,272588517200.5792,50,1.9411388599381905e-13,0.0529132163510974,17.41481409218795,0.9453554997050592,2.956876262274688,5.6779499577716095,0.3448875862914778,0.0052241510234422,0.9999999999999996,-7.881698539864455e-08,0.9999999999999832,999,1000,False
ct_w6_i1,6,projected_adam,800,False,,0,0.0,-10.999927161337906,1.0000728386620938,1.6232361142051518e-11,57619,0.9957183719003811,1.0,7,True,0.0310376797322913,1.0315243707164128,2.1863608396472382e-05,0.1503922962875512,287376805836.8894,50,1.8412348338751282e-13,0.052912818535465,17.537040006152555,0.946136159713932,2.9800879855729114,5.677949957771612,0.3422012779473131,0.0051114050954341,1.0,-7.49382093285556e-08,0.9999999999999872,999,1000,False
ct_w6_i1,6,projected_adam,825,False,,0,0.0,-10.999928990198272,1.0000710098017276,1.660539250618159e-11,57619,0.99571999885623,1.0,7,True,0.0310198835062199,1.0315060136388572,2.1364600057102854e-05,0.146959788319812,302590678179.78064,50,1.7486474750529478e-13,0.0529124425373632,17.656768126364312,0.9468845965571158,3.002806992955608,5.677949957771613,0.3396122093264222,0.0050048454877794,1.0,-7.135569035740916e-08,0.9999999999999732,999,1000,False
ct_w6_i1,6,projected_adam,850,False,,0,0.0,-10.999930732818116,1.0000692671818836,1.6979080658222114e-11,57619,0.9957215528803413,1.0,7,True,0.0310028619487305,1.0314884559493755,2.088718729210682e-05,0.1436758289338432,318249065758.16095,50,1.6625999031623753e-13,0.0529120865911034,17.77413118714811,0.947603061784312,3.0250599766647794,5.67794995777161,0.3371139497811984,0.004903978424357,1.0000000000000002,-6.803914251364847e-08,0.9999999999999792,999,1000,False
ct_w6_i1,6,projected_adam,875,False,,0,0.0,-10.99993239551497,1.0000676044850303,1.7353514993836228e-11,57619,0.9957230391066256,1.0,7,True,0.0309865612015937,1.0314716420539205,2.0429884019012304e-05,0.1405301958757797,334359674027.4438,50,1.582479982714225e-13,0.0529117491175283,17.88925165512701,0.9482935915975432,3.0468715264397384,5.677949957771612,0.334700662042717,0.0048083618625745,1.0,-6.496211417634477e-08,0.9999999999999584,999,1000,False
ct_w6_i1,6,projected_adam,900,False,,0,0.0,-10.99993398398611,1.0000660160138892,1.772878036991537e-11,57619,0.9957244621811634,1.0,7,True,0.0309709324874999,1.0314555216045025,1.999134331013941e-05,0.1375136240900535,350943158585.99664,50,1.5076922688316974e-13,0.0529114286999483,18.002242773257084,0.9489580326545296,3.068264346732521,5.677949957771614,0.3323670328941791,0.004717598961373,1.0000000000000002,-6.210141532569162e-08,1.0000000000000415,999,1000,False
ct_w6_i1,6,projected_adam,925,False,,0,0.0,-10.999935503384064,1.000064496615936,1.810495754350553e-11,57619,0.9957258263199306,1.0,7,True,0.0309559315117097,1.0314400488812472,1.957034108149701e-05,0.1346176935208835,368002560158.6386,50,1.4377922816871476e-13,0.05291112406372,18.11320947381496,0.9495980641862058,3.089259446280025,5.677949957771616,0.3301082135676494,0.0046313319591247,1.0000000000000002,-5.943663599723918e-08,0.9999999999999616,999,1000,False
ct_w6_i1,6,projected_adam,950,False,,0,0.0,-10.99993695838122,1.0000630416187786,1.8482123558422062e-11,57619,0.9957271353584164,1.0,7,True,0.0309415179475375,1.0314251822610536,1.916576207414838e-05,0.1318347326828767,385553796592.8242,50,1.3723333689463788e-13,0.0529108340588297,18.222249179892987,0.9502152170363696,3.109876304205124,5.677949957771616,0.3279197682813112,0.0045492380345844,1.0,-5.694975967952624e-08,1.0000000000000104,999,1000,False
ct_w6_i1,6,projected_adam,975,False,,0,0.0,-10.999938353225357,1.0000616467746433,1.886035210329902e-11,57619,0.99572839279448,1.0,7,True,0.0309276549915667,1.0314108837582747,1.877658768409749e-05,0.1291577349469721,403610870490.25055,50,1.3109299454869744e-13,0.0529105576449734,18.32945251606465,0.9508108901428984,3.130133016939149,5.677949957771615,0.3257976295383454,0.0044710245972035,1.0,-5.4624823543138815e-08,0.9999999999999772,999,1000,False
ct_w6_i1,6,projected_adam,999,False,,0,0.0,-10.99993963928036,1.0000603607196386,1.9224516733707748e-11,57619,0.9957295543560128,1.0,7,True,0.0309148332895327,1.0313976594000285,1.8416606674931183e-05,0.1266815485093681,421423124776.0533,50,1.2555149702735437e-13,0.052910304197579,18.43071850722458,0.9513637185654508,3.1492562817356347,5.677949957771614,0.3238192848809537,0.0,,0.0,,999,1000,False
ct_w6_i1,6,ray_projected,0,False,0.02,0,5.6779499577716335,-9.084953179318916,2.915046820681084,0.0236693107855652,64512,0.0236693107855652,0.0,0,True,7.587257768361171,1972.8959513376365,0.1611263039383228,1.0,175.08457200475274,52,0.0379596120270803,6.646142425227824,7.341465107033376,1.0000000000000004,1.3185660578677594,2.8608446115907795e-15,3.896830632416942e-16,0.1113552872566004,1.0000000000000004,-0.0469908904396285,1.0,999,1000,False
ct_w6_i1,6,ray_projected,25,False,0.02,0,5.6779499577716335,-10.053905205682518,1.9460947943174816,0.0784801413234956,64512,0.0784801413234956,0.0,0,True,6.084011601307398,438.7859028577457,0.179673594235803,1.1151102572586773,466.34535636761234,52,0.0206793897409547,9.6437373782103,10.12534728844838,1.0000000000000004,1.8185660578677585,1.0835913222312644e-14,1.0701769444169998e-15,0.1113552872566004,1.0000000000000004,-0.0310652561070394,0.9999999999999996,999,1000,False
ct_w6_i1,6,ray_projected,50,False,0.02,0,5.6779499577716335,-10.67565537903864,1.3243446209613587,0.1756470387913012,64512,0.1756470387913012,0.0,0,True,4.809859246068088,122.71434377523178,0.218685131789433,1.3572280034000097,1166.451243862241,52,0.0107184344512001,12.502531197858286,12.909229469863384,1.0000000000000004,2.318566057867757,1.9760722357353257e-14,1.530743752249868e-15,0.1113552872566004,1.0000000000000004,-0.019572942135844,1.0,999,1000,False
ct_w6_i1,6,ray_projected,75,False,0.02,0,5.6779499577716335,-11.074202953830444,0.9257970461695564,0.306185289376427,64512,0.306185289376427,0.0,0,True,3.792984970253241,44.38870167395709,0.257337082850575,1.5971140438316047,2845.7168604262315,52,0.0051213312943452,14.573858812146824,15.693111651278397,1.0000000000000002,2.818566057867757,2.350528571394456e-14,1.4978091175455164e-15,0.1113552872566004,1.0000000000000004,-0.0129848143213826,1.0000000000000009,999,1000,False
ct_w6_i1,6,ray_projected,100,False,0.02,0,5.6779499577716335,-11.34902147623398,0.6509785237660193,0.4524111680110218,64512,0.4524111680110218,0.0,0,True,2.9534790822727217,19.172540676722928,0.2683098823787732,1.6652146534775532,6764.879697619284,52,0.0022263351303908,15.060889323677596,18.476993832693413,1.0000000000000004,3.3185660578677587,1.3173814904902171e-14,7.129847541320419e-16,0.1113552872566004,1.0000000000000004,-0.0093151491691947,1.0000000000000002,999,1000,False
ct_w6_i1,6,ray_projected,125,False,0.02,0,5.6779499577716335,-11.550001777617892,0.4499982223821082,0.5942597851512146,64512,0.5942597851512146,0.0,0,True,2.2387866445782647,9.381940749779782,0.2452431665944669,1.5220554347745916,15434.627307191411,52,0.0008896397864634,13.73125854171261,21.26087601410844,1.0000000000000002,3.818566057867761,2.8608446115907795e-15,1.3455911269565562e-16,0.1113552872566004,1.0000000000000004,-0.0068860502534874,1.0000000000000004,999,1000,False
ct_w6_i1,6,ray_projected,150,False,0.02,0,5.6779499577716335,-11.69761008579868,0.3023899142013206,0.7158277877494071,64512,0.7158277877494071,0.0,0,True,1.6402064805655328,5.1562340644518745,0.1994398074157831,1.2377855293703397,33194.607628595746,52,0.000336461467305,11.168706389332993,24.04475819552345,0.9999999999999998,4.318566057867759,2.545681114434919e-14,1.0587260199226556e-15,0.1113552872566004,1.0000000000000004,-0.0049891952706656,1.000000000000001,999,1000,False
ct_w6_i1,6,ray_projected,175,False,0.02,0,5.6779499577716335,-11.802569725278534,0.1974302747214658,0.8098192487715056,64512,0.8098192487715056,0.0,0,True,1.1622750264504096,3.1971987200993346,0.147735509751093,0.9168925627912644,66813.86619903691,52,0.000123929381087,8.280201086078126,26.828640376938427,1.0000000000000002,4.818566057867755,6.702069825306538e-14,2.4981026735397128e-15,0.1113552872566004,1.0000000000000004,-0.0034690387983336,0.9999999999999962,999,1000,False
ct_w6_i1,6,ray_projected,200,False,0.02,0,5.6779499577716335,-11.874127039160337,0.1258729608396649,0.876937473460082,64512,0.876937473460082,0.0,0,True,0.8007832422173502,2.227284748931849,0.1021714812420212,0.6341080180249853,126668.1376980432,52,4.524424263565807e-05,5.731003956217213,29.61252255835342,1.0,5.31856605786775,1.0706695215713921e-13,3.61559714969087e-15,0.1113552872566004,1.0000000000000004,-0.00231535612828,1.0000000000000009,999,1000,False
ct_w6_i1,6,ray_projected,213,True,,0,5.6779499577716335,-11.901116454078307,0.0988835459216925,0.9028201744351864,64512,0.9028201744351864,0.0,0,True,0.6538602807321672,1.9229496452226784,0.0826824677841902,0.5131531336797753,173268.065215892,52,2.677567830067958e-05,4.639369974001895,31.06014129268919,1.0000000000000002,5.578566057867746,1.0796392330563793e-13,3.4759636889047257e-15,0.0,,0.0,,999,1000,False
ct_w6_i1,6,target_direction,0,False,0.02,0,0.0,-10.999339344488108,1.0006606555118918,3.0804439498919067e-12,57619,0.9953090194936322,1.0,7,True,0.0352716285940189,1.035901050933617,0.0001453771831149,1.0,638019691.6401001,52,8.318603506469446e-11,0.0530743284407389,9.280960383535072,0.7910242909836719,1.318566057867759,5.6779499577716335,0.7734082877179328,0.1113552872566004,1.0000000000000004,-2.2417406454717792e-05,0.9999999999999988,999,1000,False
ct_w6_i1,6,target_direction,25,False,0.02,0,0.0,-10.999694197612666,1.0003058023873344,5.079949591361635e-12,57619,0.995535589959582,1.0,7,True,0.0329629034188353,1.0335121987609934,7.53811538151062e-05,0.5185212163280454,19799980677.909405,52,2.6753552681612565e-12,0.052971982616136,11.6086938728975,0.8722210611555324,1.818566057867758,5.677949957771632,0.5607659466899853,0.1113552872566004,1.0000000000000004,-8.617175020120273e-06,1.0000000000000024,999,1000,False
ct_w6_i1,6,target_direction,50,False,0.02,0,0.0,-10.999841701664923,1.0001582983350747,8.376352577832248e-12,57619,0.9956463274719242,1.0,7,True,0.0318090460759313,1.032320360859163,4.332846386233417e-05,0.2980417073295181,449323588263.3675,52,1.1780494251840258e-13,0.0529325394875283,14.102741620995124,0.9153702036662912,2.3185660578677565,5.677949957771628,0.4398364728914929,0.1113552872566004,1.0000000000000004,-3.926534699996153e-06,0.999999999999997,999,1000,False
ct_w6_i1,6,target_direction,75,False,0.02,0,0.0,-10.99991255783994,1.0000874421600583,1.3811091739997112e-11,57619,0.9957055224995603,1.0,7,True,0.0311774478872956,1.0316685550505045,2.577718592311684e-05,0.1773124597051497,198082598779.27887,50,2.67140605817328e-13,0.0529159054397672,16.68870483358275,0.9403432925303512,2.818566057867755,5.677949957771619,0.3618116077896561,0.1113552872566004,1.0000000000000004,-1.9981514889266807e-06,1.0000000000000078,999,1000,False
ct_w6_i1,6,target_direction,100,False,0.02,0,0.0,-10.9999498379969,1.0000501620031006,2.277140270469621e-11,57619,0.9957388421179604,1.0,7,True,0.0308117141461351,1.0312913080404134,1.552098875232385e-05,0.1067635816003665,617582847404.93,50,8.56700350899363e-14,0.0529083442081231,19.3297288345271,0.95588479232515,3.318566057867755,5.677949957771604,0.3072983629904652,0.1113552872566004,1.0000000000000004,-1.088843322119004e-06,1.0000000000000333,999,1000,False
ct_w6_i1,6,target_direction,125,False,0.02,0,0.0,-10.999970575888616,1.0000294241113838,3.7544424748235194e-11,57619,0.9957581699971868,1.0,7,True,0.0305925922751197,1.031065354316039,9.386767498556575e-06,0.0645683682778113,573306705849.4567,49,9.227986212828041e-14,0.0529046637730064,22.00599837794796,0.9661400336834416,3.8185660578677534,5.677949957771583,0.2670609599530978,0.1113552872566004,1.0000000000000004,-6.187044467509394e-07,1.000000000000019,999,1000,True
ct_w6_i1,6,target_direction,150,False,0.02,0,0.0,-10.999982509604887,1.000017490395111,6.190100115081303e-11,57619,0.9957695829116164,1.0,7,True,0.0304586052825228,1.0309272142247377,5.686483471341741e-06,0.0391153780084294,581160373427.2031,47,9.102953857875748e-14,0.0529027606333366,24.706062260185213,0.9732331256313748,4.318566057867752,5.677949957771561,0.2361408632850659,0.1113552872566004,1.0000000000000004,-3.606570682457288e-07,0.9999999999999984,999,1000,True
ct_w6_i1,6,target_direction,175,False,0.02,0,0.0,-10.999989520076335,1.000010479923663,1.0205819536534729e-10,57619,0.9957763941421924,1.0,7,True,0.03037568659041,1.0308417346324477,3.44717554310612e-06,0.0237119434373725,951868088691.2164,45,5.5576741567023104e-14,0.0529017267710879,27.42289299468689,0.9783300537305228,4.81856605786775,5.677949957771538,0.2116376334393837,0.1113552872566004,1.0000000000000004,-2.135340944064979e-07,1.0000000000001836,999,1000,True
ct_w6_i1,6,target_direction,200,False,0.02,0,0.0,-10.999993690415394,1.000006309584606,1.6826620883999846e-10,57619,0.9957804851296956,1.0,7,True,0.0303240189414552,1.0307884748394909,2.090284660095718e-06,0.0143783543972165,283890283121.41583,43,1.8634362346582853e-13,0.0529011440235845,30.15195860954884,0.9821094192194664,5.318566057867748,5.677949957771521,0.1917415156571937,0.1113552872566004,1.0000000000000004,-1.2763187882569584e-07,0.9999999999998138,999,1000,True
ct_w6_i1,6,target_direction,225,False,0.02,0,0.0,-10.999996190277528,1.0000038097224735,2.7742476484792526e-10,57619,0.9957829517278132,1.0,7,True,0.0302917051849329,1.030755166729847,1.26765577974736e-06,0.0087197712363505,710588658330.6262,43,7.444645572696023e-14,0.052900807092491,32.89021367802045,0.9849861438090298,5.81856605786774,5.677949957771509,0.1752648172962697,0.1113552872566004,1.0000000000000004,-7.673004168040623e-08,1.000000000000117,999,1000,True
ct_w6_i1,6,target_direction,250,False,0.02,0,0.0,-10.999997695824026,1.0000023041759736,4.573967955052372e-10,57619,0.9957844423267284,1.0,7,True,0.0302714606137959,1.0307342997447713,7.688136217102443e-07,0.0052884063732502,414773695516.5319,41,1.2754089708014172e-13,0.052900609211424,35.635539894601564,0.9872247488107456,6.318566057867731,5.677949957771503,0.161395783112633,0.1113552872566004,1.0000000000000004,-4.6294138673630415e-08,1.0000000000006657,999,1000,True
ct_w6_i1,6,target_direction,275,False,0.02,0,0.0,-10.999998605215945,1.0000013947840554,7.541205089529159e-10,57619,0.9957853442708112,1.0,7,True,0.0302587714527455,1.0307212206742231,4.662818873148445e-07,0.0032073938793144,921373855801.64,41,5.741479629283708e-14,0.052900492240397,38.3864201427228,0.9889999890962854,6.818566057867718,5.6779499577715,0.1495607593156279,0.1113552872566004,1.0000000000000004,-2.7996457561130232e-08,0.9999999999999268,999,1000,True
ct_w6_i1,6,target_direction,300,False,0.02,0,0.0,-10.999999155648714,1.0000008443512858,1.2433352055509575e-09,57619,0.9957858902989808,1.0,7,True,0.0302508219814662,1.03071302701805,2.827950198782819e-07,0.0019452503743636,930558055864.0188,40,5.68480635717765e-14,0.0529004235169864,41.14174035171008,0.9904309087478728,7.3185660578677085,5.6779499577715,0.1393428588325926,0.1113552872566004,1.0000000000000004,-1.6962704343370672e-08,0.9999999999977368,999,1000,True
ct_w6_i1,6,target_direction,325,False,0.02,0,0.0,-10.999999489480336,1.000000510519664,2.0499138801810573e-09,57619,0.9957862207093408,1.0,7,True,0.0302458500021935,1.0307079023469836,1.7151107151861257e-07,0.0011797660942639,672782821446.4958,36,7.862921403674345e-14,0.0529003844677606,43.90066453895002,0.9916007860611156,7.818566057867697,5.6779499577715,0.1304318348800373,0.1113552872566004,1.0000000000000004,-1.030192752438097e-08,1.000000000002304,999,1000,True
ct_w6_i1,6,target_direction,350,False,0.02,0,0.0,-10.999999692604357,1.000000307395645,3.379737294365541e-09,57619,0.995786420178964,1.0,7,True,0.0302427520612698,1.0307047092797383,1.0405712522407593e-07,0.0007157734315281,829195420518.2998,33,6.379722250858284e-14,0.0529003647459038,46.66255345301322,0.9925692492049488,8.318566057867686,5.6779499577715,0.1225920320839369,0.1113552872566004,1.0000000000000004,-6.286610716443876e-09,1.0000000000141052,999,1000,True
ct_w6_i1,6,target_direction,375,False,0.02,0,0.0,-10.999999817119296,1.0000001828807026,5.572245435683211e-09,57619,0.9957865397475302,1.0,7,True,0.030240838996358,1.030702737476611,6.338164153986787e-08,0.0004359806689179,85677026393.97491,31,6.174392530220395e-13,0.0529003591778454,49.42691010521706,0.9933798759367636,8.818566057867677,5.6779499577715,0.1156412403520679,0.1113552872566004,1.0000000000000004,-3.881792665083594e-09,0.9999999999875558,999,1000,True
ct_w6_i1,6,target_direction,400,False,0.02,0,0.0,-10.99999989489998,1.0000001051000211,9.187080223343162e-09,57619,0.9957866099809862,1.0,7,True,0.0302396839926766,1.030701547011842,3.9827653063794336e-08,0.0002739608252851,228092281788.24435,31,2.3192527987514893e-13,0.0529003662910999,52.19334239482178,0.9940650977512512,9.318566057867663,5.6779499577715,0.1094363564872146,0.1113552872566004,1.0000000000000004,-2.469956577044741e-09,1.000000000010283,999,1000,True
ct_w6_i1,6,target_direction,425,False,0.02,0,0.0,-10.999999945833968,1.0000000541660334,1.5146935170687504e-08,57619,0.995786648823416,1.0,7,True,0.0302390285755214,1.0307008714725876,2.9905778483161746e-08,0.0002057116381152,595620258249.7247,31,8.881562900196918e-14,0.0529003878827646,54.961536897515806,0.9946494453571016,9.818566057867653,5.677949957771499,0.1038634268026646,0.1113552872566004,1.0000000000000004,-1.6893727305955507e-09,1.000000000002572,999,1000,True
ct_w6_i1,6,target_direction,450,False,0.02,0,0.0,-10.999999982934712,1.0000000170652878,2.497307463750074e-08,57619,0.9957866661956242,1.0,7,True,0.030238725617271,1.0307005592133025,3.4496845933542726e-08,0.0002372920233725,396104737807.65454,28,1.3355162008625946e-13,0.0529004294580552,57.73124012119333,0.9951517454310213,10.318566057867644,5.677949957771499,0.0988305847284759,0.1113552872566004,1.0000000000000004,-1.340293653839808e-09,0.999999999990346,999,1000,True
ct_w6_i1,6,target_direction,475,False,0.02,0,0.0,-11.000000015676852,0.9999999843231482,4.117363936362574e-08,57619,0.995786666534184,1.0,7,True,0.0302387068179402,1.0307005398368216,5.286215307427089e-08,0.0003636206999036,958974744037.653,28,5.5163602543019526e-14,0.0529005016288869,60.50224486516822,0.9955866379529326,10.818566057867638,5.6779499577715,0.0942629468271201,0.1113552872566004,1.0000000000000004,-1.333431836059163e-09,1.0000000000056084,999,1000,True
ct_w6_i1,6,target_direction,500,False,0.02,0,0.0,-11.00000005241955,0.9999999475804504,6.788385387876035e-08,57619,0.9957866499263512,1.0,7,True,0.0302389675331384,1.0307008085561522,8.63138423630535e-08,0.0005937234476115,935320227684.7008,27,5.6558835419675626e-14,0.0529006228223125,63.2743801353966,0.9959656436061888,11.318566057867637,5.677949957771502,0.0900988616265219,0.1113552872566004,1.0000000000000004,-1.6669721425444075e-09,0.9999999999760826,999,1000,True
ct_w6_i1,6,target_direction,525,False,0.02,0,0.0,-11.00000010254208,0.9999998974579184,1.1192154957923969e-07,57619,0.9957866121332568,1.0,7,True,0.0302395656112425,1.030701424995922,1.42175424705997e-07,0.0009779761972247,625937998115.2733,25,8.451447930806906e-14,0.0529008239898474,66.04750358122985,0.996297927230797,11.818566057867638,5.677949957771496,0.086287110641446,0.1113552872566004,1.0000000000000004,-2.426023595347713e-09,1.0000000000158522,999,1000,True
ct_w6_i1,6,target_direction,550,False,0.02,0,0.0,-11.000000178838532,0.9999998211614683,1.8452742672422006e-07,57619,0.9957865435082596,1.0,7,True,0.0302406339322723,1.030702526116518,2.3441250830943586e-07,0.001612443598691,30616249356.59949,22,1.7278784187383421e-12,0.0529011565259799,68.82149574883177,0.9965908522022674,12.318566057867642,5.677949957771489,0.0827847910436897,0.1113552872566004,1.0000000000000004,-3.804326595968631e-09,1.0000000000074578,999,1000,True
ct_w6_i1,6,target_direction,575,False,0.02,0,0.0,-11.000000300783782,0.999999699216218,3.042342577298064e-07,57619,0.9957864265347566,1.0,7,True,0.0302424092742298,1.0307043559675826,3.865027280952067e-07,0.0026586202856167,44409617740.6029,22,1.1912218147393793e-12,0.0529017054368431,71.59625566257195,0.9968503886005334,12.818566057867644,5.677949957771482,0.0795556938626957,0.1113552872566004,1.0000000000000004,-6.153693394850287e-09,1.000000000004723,999,1000,True
ct_w6_i1,6,target_direction,600,False,0.02,0,0.0,-11.000000499504576,0.9999995004954236,5.0159739367888e-07,57619,0.9957862313550988,1.0,7,True,0.0302452835831458,1.0307073185345603,6.372525484172905e-07,0.004383442674862,69616653512.77998,22,7.599131602198906e-13,0.0529026111748297,74.37169739016494,0.9970814175716172,13.318566057867644,5.677949957771475,0.0765690474956229,0.1113552872566004,1.0000000000000004,-1.0073800478238573e-08,1.0000000000001033,999,1000,True
ct_w6_i1,6,target_direction,625,False,0.02,0,0.0,-11.00000082572467,0.9999991742753293,8.269940238657257e-07,57619,0.9957859081494403,1.0,7,True,0.0302498883923646,1.0307120647560504,1.0506627313993624e-06,0.0072271501544271,111999213131.19136,22,4.723614066783525e-13,0.0529041058615181,77.14774734551986,0.9972879609540024,13.818566057867647,5.67794995777147,0.0737985340004101,0.1113552872566004,1.0000000000000004,-1.6565254519207428e-08,1.000000000000627,999,1000,True
ct_w6_i1,6,target_direction,650,False,0.02,0,0.0,-11.000001362712004,0.9999986372879964,1.363481907077592e-06,57619,0.9957853744192716,1.0,7,True,0.0302572299498894,1.0307196318157423,1.732255364059185e-06,0.0119155931277712,181696173269.18863,22,2.911815510446472e-13,0.0529065735513993,79.92434215107474,0.9974733564041108,14.31856605786765,5.677949957771463,0.0712215114933322,0.1113552872566004,1.0000000000000004,-2.7284999450927233e-08,0.9999999999998878,999,1000,True
ct_w6_i1,6,target_direction,675,False,0.02,0,0.0,-11.000002247532668,0.9999977524673316,2.247999634694405e-06,57619,0.9957844939299096,1.0,7,True,0.0302689028887787,1.0307316634132384,2.85600564963301e-06,0.019645487609805,294930137874.4124,22,1.794006248818679e-13,0.052910651031165,82.70142692889866,0.9976403923014734,14.818566057867654,5.677949957771458,0.0688183939711911,0.1113552872566004,1.0000000000000004,-4.4969230739155775e-08,1.0000000000006168,999,1000,True
ct_w6_i1,6,target_direction,700,False,0.02,0,0.0,-11.00000370603618,0.9999962939638198,3.706319409908537e-06,57619,0.9957830419373888,1.0,7,True,0.0302874259561213,1.030750755902077,4.708746227926709e-06,0.0323898573836284,475692047374.2163,22,1.112429737490785e-13,0.0529173979386953,85.47895392358204,0.9977914126429565,15.318566057867656,5.677949957771451,0.0665721525896145,0.1113552872566004,1.0000000000000004,-7.413177769421984e-08,0.9999999999999712,999,1000,True
ct_w6_i1,6,target_direction,725,False,0.02,0,0.0,-11.00000611050117,0.99999388949883,6.110672955497456e-06,57619,0.995780647825,1.0,7,True,0.0303167672869286,1.030780999944684,7.76337437223959e-06,0.0534016013097553,751774167594.8949,22,7.040490396439835e-14,0.052928588072434,88.25688138419441,0.9979283993127926,15.818566057867658,5.677949957771445,0.0644679115242081,0.1113552872566004,1.0000000000000004,-1.222161474601081e-07,0.9999999999998764,999,1000,True
ct_w6_i1,6,target_direction,750,False,0.02,0,0.0,-11.00001007465235,0.9999899253476504,1.0074756543121092e-05,57619,0.9957767005104636,1.0,7,True,0.0303631632497356,1.030828825131059,1.2799539974951157e-05,0.0880436647670562,830698405500.0371,21,6.373819850050267e-14,0.0529472198638124,91.03517265023262,0.9980530371329064,16.318566057867663,5.677949957771437,0.0624926181284649,0.1113552872566004,1.0000000000000004,-2.014951850703993e-07,0.999999999999884,999,1000,True
ct_w6_i1,6,target_direction,775,False,0.02,0,0.0,-11.000016610293654,0.9999833897063456,1.6610356849991592e-05,57619,0.9957701924872114,1.0,7,True,0.0304363902925551,1.0309043124413986,2.1102598576750817e-05,0.1451575696033792,189809880312.75607,20,2.791132023128154e-13,0.0529784435247055,93.81379539945904,0.9981667656891124,16.81856605786766,5.677949957771432,0.0606347719270275,0.1113552872566004,1.0000000000000004,-3.3220288234048294e-07,0.999999999999872,999,1000,False
ct_w6_i1,6,target_direction,800,False,0.02,0,0.0,-11.000027385515237,0.9999726144847648,2.738555356037144e-05,57619,0.995759462714044,1.0,7,True,0.0305517326035155,1.031023226184936,3.4791553711332955e-05,0.2393192175406537,304718301748.9868,20,1.7403397881740997e-13,0.0530313384718602,96.59272102516556,0.9982708209161136,17.31856605786766,5.677949957771425,0.058884200553958,0.1113552872566004,1.0000000000000004,-5.476968371098679e-07,0.9999999999999312,999,1000,False
ct_w6_i1,6,target_direction,825,False,0.02,0,0.0,-11.000045150319291,0.9999548496807068,4.515034254303525e-05,57619,0.99574177278788,1.0,7,True,0.030733012740327,1.0312101471584525,5.7359536789071625e-05,0.3945566667344169,475886701023.10266,20,1.1162867001666556e-13,0.0531225995138275,99.37192411762672,0.9983662686886656,17.818566057867663,5.677949957771417,0.0572318734148738,0.1113552872566004,1.0000000000000004,-9.0296654581934e-07,0.999999999999954,999,1000,False
ct_w6_i1,6,target_direction,850,False,0.02,0,0.0,-11.000074438135735,0.9999255618642628,7.44381498382868e-05,57619,0.9957126083870482,1.0,7,True,0.0310172356067531,1.03150328231825,9.45643488591718e-05,0.6504758644580623,696224413058.4814,20,7.653433748395908e-14,0.0532850741935891,102.15138202997188,0.9984540321267285,18.318566057867667,5.67794995777141,0.0556697458653133,0.1113552872566004,1.0000000000000004,-1.4886524590451677e-06,0.9999999999999792,999,1000,False
ct_w6_i1,6,target_direction,875,False,0.02,0,0.0,-11.000122721826251,0.9998772781737468,0.0001227218348009,57619,0.9956645281396712,1.0,7,True,0.031461662013784,1.031961811499542,0.0001558951969015,1.0723498252013852,900217762477.6338,20,5.953091027056277e-14,0.0535907828420227,104.93107451287804,0.99853491392294,18.818566057867667,5.677949957771403,0.0541906282297259,0.1113552872566004,1.0000000000000004,-2.45413565425068e-06,0.9999999999999836,999,1000,False
ct_w6_i1,6,target_direction,900,False,0.02,0,0.0,-11.000202317987236,0.9997976820127636,0.0002023179924227,57619,0.9955852673452706,1.0,7,True,0.0321545058510513,1.0326770476257947,0.0002569868069446,1.7677244904480915,102717258434.38022,19,5.279310640086699e-13,0.0542276315373158,107.71098340569112,0.9986096147023952,19.318566057867667,5.677949957771397,0.0527880751606368,0.1113552872566004,1.0000000000000004,-4.045541300943261e-06,1.000000000000009,999,1000,False
ct_w6_i1,6,target_direction,925,False,0.02,0,0.0,-11.000333522200291,0.9996664777997086,0.0003335222034361,57619,0.9954546159346724,1.0,7,True,0.0332309699408541,1.0337892859188154,0.0004235884173797,2.913720078376139,172340873171.67114,19,3.240407086345637e-13,0.0558454586692477,110.4910923740686,0.9986787482000264,19.818566057867677,5.677949957771391,0.0514562917458704,0.1113552872566004,1.0000000000000004,-6.668219390437716e-06,1.0000000000000002,999,1000,False
ct_w6_i1,6,target_direction,950,False,0.02,0,0.0,-11.000549766200114,0.9994502337998856,0.0005497662020207,57619,0.9952392830310404,1.0,7,True,0.0348970219890736,1.035513068232846,0.0006980771250465,4.801834167433328,310597393120.6207,19,1.986844932086563e-13,0.0617108856441003,113.27138668617448,0.9987428538703632,20.31856605786768,5.677949957771384,0.0501900534788755,0.1113552872566004,1.0000000000000004,-1.0989279220598992e-05,1.0000000000000109,999,1000,False
ct_w6_i1,6,target_direction,975,False,0.02,0,0.0,-11.00090608807822,0.9990939119217792,0.0009060880793747,57619,0.9948844624336688,1.0,7,True,0.0374641473849614,1.0381747751340211,0.001150114093426,7.91124211367246,682160831036.305,19,1.2247715503461137e-13,0.0835491178613728,116.05185302097836,0.9988024074140818,20.81856605786768,5.677949957771378,0.0489846377614968,0.1113552872566004,1.0000000000000004,-1.8105341698202445e-05,1.0000000000000049,999,1000,False
ct_w6_i1,6,target_direction,999,False,,0,0.0,-11.00146348880518,0.9985365111948196,0.0014634888058959,57619,0.9943294101857166,1.0,7,True,0.0412077329773398,1.0420685550663855,0.0018565965974048,12.770894012555589,909572593577.9352,18,1.4043009634241493e-13,0.1277313669465696,118.72125132209864,0.9988556872151448,21.298566057867674,5.677949957771371,0.0478806842811716,0.0,,0.0,,999,1000,False
