instance_id,graph,method,initialization,seed,success,first_success_step,minimum_normalized_gap,final_step,final_gap,final_normalized_gap,final_pstar,final_dominant_probability,final_dominant_gap,final_gradient_rms,final_gradient_ratio,final_fisher_condition,final_fisher_rank,final_target_cosine,final_transverse_ratio,boundary_trap,mean_accepted_alpha
ising_confirmatory_01,chain,adam,random,0,0,,6.384545269450575,199,2.177300825205755,6.384545269450575,1.3134105536628598e-13,0.982213473678226,2.080233185073201,0.0218233738602292,0.032666723587641,189.3015461812764,31,0.1472916600018254,6.715201004838439,0,
ising_confirmatory_01,chain,adam,random,19,0,,13.695726059434218,199,4.6706091651793145,13.695726059434218,2.2870133945851414e-18,0.9715722956351698,4.604424359459625,0.014505702971388,0.0293347231107529,974.8909855832038,31,0.252883533867926,3.825858935926565,0,
ising_confirmatory_01,chain,adam,random,42,0,,6.869532266173022,199,2.342694372218496,6.869532266173022,3.5820699137893463e-08,0.9812159415389444,2.2423465086226777,0.0237005285721477,0.0406972499732583,229.1490705604756,31,0.3698559467620328,2.5120296711759544,0,
ising_confirmatory_01,chain,adam,random,50,0,,7.870585324082771,199,2.684080259086709,7.870585324082771,4.412221563275604e-16,0.9804275293226532,2.600901528814081,0.018677468144863,0.0254999521435575,221.87217592658843,31,0.1969110276567785,4.979006883102152,0,
ising_confirmatory_01,chain,adam,random,101,0,,12.448249093096598,199,4.245186129770904,12.448249093096598,6.344817182438639e-17,0.9812897592446108,4.163857450456369,0.017840062100325,0.0207020770506068,210.6974846578343,31,0.4225226097975709,2.1450979500473584,0,
ising_confirmatory_01,chain,adam,target_biased,0,0,,9.39472049328323,199,3.203851146686798,9.39472049328323,9.253212676727006e-07,0.9792275090484328,3.120900011240426,0.0199501950649786,0.0324649462558759,743.5093452403098,31,0.5721763936567368,1.4333527089327651,0,
ising_confirmatory_01,chain,adam,target_biased,19,0,,9.082317178015431,199,3.097313254413677,9.082317178015431,9.918210047930263e-15,0.897201846282759,2.821602066909101,0.1035423846246792,0.206514381416754,7850.127819714303,31,0.4693152126852096,1.88153011890409,0,
ising_confirmatory_01,chain,adam,target_biased,42,0,,0.255436793879588,199,0.087110783717538,0.255436793879588,0.9829033743112796,0.9829033743112796,0.0,0.0192807114740348,0.0273033037625432,360.9515959229302,31,0.5549817759599821,1.4989005796428827,0,
ising_confirmatory_01,chain,adam,target_biased,50,0,,17.853375400527252,199,6.088478873863679,17.853375400527252,2.0679122359771987e-13,0.9825146500520688,6.024267936919749,0.013903734854521,0.0193548395039476,136.16834687467738,31,0.5024629745629108,1.7207212691046097,0,
ising_confirmatory_01,chain,adam,target_biased,101,0,,12.429214103250608,199,4.238694688744122,12.429214103250608,1.9095406619762704e-16,0.9834634492867872,4.163857450456369,0.0169431477179011,0.029432155886944,496.9135591956695,31,0.5979800098675404,1.3403642298546108,0,
ising_confirmatory_01,chain,exact_natural,target_biased,0,1,70.0,0.0305646070598095,70,0.0104233490976781,0.0305646070598095,0.9961680226279364,0.9961680226279364,0.0,0.0064602518635891,0.0105127658585661,439700212610.8388,8,0.4777607381797943,1.8387655746121307,0,1.0
ising_confirmatory_01,chain,exact_natural,target_biased,19,0,,6.575280102942621,70,2.2423465086226813,6.575280102942621,2.101369405038996e-55,0.9999999999999998,2.2423465086226777,2.2497580745005837e-16,4.48712282199163e-16,1.0,1,0.461893223557575,1.9202176901278871,0,1.0
ising_confirmatory_01,chain,exact_natural,target_biased,42,1,30.0,0.0611133295773766,30,0.020841281141287,0.0611133295773766,0.993733589904222,0.993733589904222,0.0,0.0128629027616888,0.0182150820442183,743323751503.9822,26,0.4752399332103241,1.851393748956016,0,1.0
ising_confirmatory_01,chain,exact_natural,target_biased,50,1,71.0,0.0407993600664199,71,0.0139136738156651,0.0407993600664199,0.9948848609666974,0.9948848609666974,0.0,0.0086123994806696,0.0119889807621036,980359938330.3978,8,0.4847246954535151,1.8044609332577597,0,1.0
ising_confirmatory_01,chain,exact_natural,target_biased,101,0,,12.209767286275708,95,4.163857450456462,12.209767286275708,1.6646902282157907e-125,0.9999999999998236,4.163857450456369,6.616224134270647e-14,1.1493126504296173e-13,1.0,1,0.5043836547882771,1.7119501296596336,0,1.0
ising_confirmatory_01,random_tree,adam,random,0,0,,6.489165496821089,199,2.2129791229972966,6.489165496821089,5.6619001282100494e-08,0.9698312380000844,2.080233185073201,0.025546829563583,0.0247485211491057,4538.557642024293,31,0.4878766286689902,1.7892076435079451,0,
ising_confirmatory_01,random_tree,adam,random,19,0,,6.105435471220639,199,2.082116913374655,6.105435471220639,1.5160057918672189e-15,0.8758644217573057,1.9804887926212944,0.0220714496323606,0.0253535893177069,20929.10018425292,31,0.4668757029309581,1.8941293011891096,0,
ising_confirmatory_01,random_tree,adam,random,42,0,,6.920765048913264,199,2.3601661224262465,6.920765048913264,1.372254946643159e-06,0.9683389439757653,2.2423465086226777,0.0229825387190382,0.0239962861322271,1903.587212229881,31,0.5281433755921388,1.607811915638207,0,
ising_confirmatory_01,random_tree,adam,random,50,0,,0.4373460961768375,199,0.1491467247734448,0.4373460961768375,0.9638465263116864,0.9638465263116864,0.0,0.0317749261338814,0.0295290043035191,14374.8992233865,31,0.5304317488815764,1.5981842086176157,0,
ising_confirmatory_01,random_tree,adam,random,101,0,,13.60703510789908,199,4.640363176809597,13.60703510789908,2.199325182871084e-12,0.9256684834727986,4.579772175984189,0.0360717506859148,0.0380236862390095,7109.993237771486,31,0.7583557544354776,0.8595449947230462,0,
ising_confirmatory_01,random_tree,adam,target_biased,0,0,,7.874297429701897,199,2.6853461864608086,7.874297429701897,1.5285822539476872e-10,0.8846058846971424,2.643162496273433,0.0093307419753018,0.0178595235151896,216085.5800202072,31,0.8600930928371909,0.5931184832083757,0,
ising_confirmatory_01,random_tree,adam,target_biased,19,0,,8.117728840433697,199,2.768362813189647,8.117728840433697,1.88949135639174e-10,0.860335479058586,2.7434387862483547,0.0098114261104968,0.018667480181322,173465.20026256933,31,0.8982838627324186,0.48917235979948,0,
ising_confirmatory_01,random_tree,adam,target_biased,42,0,,8.105415687129325,199,2.7641636983397966,8.105415687129325,1.1997836307531818e-10,0.9735023156450816,2.7434387862483547,0.0052783642481672,0.0125655673304337,130310.64422069235,31,0.8909818590356905,0.5095938822685021,0,
ising_confirmatory_01,random_tree,adam,target_biased,50,0,,8.102559825806983,199,2.7631897731890795,8.102559825806983,2.6754476682000187e-09,0.9406228336107596,2.7434387862483547,0.0056035233139124,0.0113688485373816,44547.56074332268,31,0.8947926978130858,0.4989779587176159,0,
ising_confirmatory_01,random_tree,adam,target_biased,101,0,,7.933567593901093,199,2.7055588988740915,7.933567593901093,1.0316891657641404e-11,0.5969328847340715,2.643162496273433,0.0142820766360238,0.0354767528109468,1179439.6402828826,31,0.8784283592378382,0.5440102832085572,0,
ising_confirmatory_01,random_tree,exact_natural,target_biased,0,1,14.0,0.0472772914086778,14,0.0161228217912636,0.0472772914086778,0.981540854801776,0.981540854801776,0.0,0.0110884121777174,0.0212237953378454,676853628231.1443,26,0.7897736025417464,0.7766763115560071,0,1.0
ising_confirmatory_01,random_tree,exact_natural,target_biased,19,1,15.0,0.0290553338019364,15,0.0099086465196336,0.0290553338019364,0.9898695077884672,0.9898695077884672,0.0,0.0088974364686213,0.016928499187785,498143898000.4042,26,0.8105532442281062,0.722549638914604,0,1.0
ising_confirmatory_01,random_tree,exact_natural,target_biased,42,1,16.0,0.0988944888350281,16,0.0337256676961956,0.0988944888350281,0.9876006020397702,0.9876006020397702,0.0,0.0367720735924331,0.0875388557668973,587482513567.6006,24,0.823634350340812,0.6885594330093648,0,1.0
ising_confirmatory_01,random_tree,exact_natural,target_biased,50,1,16.0,0.0777314873025316,16,0.0265085177260928,0.0777314873025316,0.9882444721840188,0.9882444721840188,0.0,0.0292149348552199,0.0592734518608725,556120809534.8054,23,0.8281018535772302,0.6769428953818548,0,1.0
ising_confirmatory_01,random_tree,exact_natural,target_biased,101,1,23.0,0.0337213459934401,23,0.011499881567115,0.0337213459934401,0.9957885002301716,0.9957885002301716,0.0,0.0076714366812419,0.0190558887044923,392995036911.5238,22,0.7798139010737934,0.8027702565175362,0,1.0
ising_confirmatory_01,problem_tree,adam,random,0,0,,6.3018450183119965,199,2.149097826017961,6.3018450183119965,0.0002448940748041,0.8112318340770756,2.080233185073201,0.0350101936914506,0.0316337335261928,29660.410599936877,31,0.6916320560086763,1.0442691588159485,0,
ising_confirmatory_01,problem_tree,adam,random,19,0,,6.053946334843049,199,2.064557739715024,6.053946334843049,1.0328467915464685e-13,0.7850094356143386,1.9804887926212944,0.0209783328348708,0.0206696533479027,21947.21521664937,31,0.5791200874376209,1.4077257317512248,0,
ising_confirmatory_01,problem_tree,adam,random,42,0,,6.89003976271467,199,2.349687977441516,6.89003976271467,0.0004138307875837,0.9662512859328491,2.2423465086226777,0.0204564351552608,0.0192297588143891,1186.3164129641198,31,0.623686375117722,1.2533137026468375,0,
ising_confirmatory_01,problem_tree,adam,random,50,0,,0.42339295986551,199,0.1443883318225438,0.42339295986551,0.964591948196684,0.964591948196684,0.0,0.0282990799268601,0.0238531727720864,1776.4802267676844,31,0.6817049849953954,1.0732313602353092,0,
ising_confirmatory_01,problem_tree,adam,random,101,0,,5.785458538480706,199,1.972996214828584,5.785458538480706,3.704839692546245e-13,0.9580930743867044,1.8802125026463727,0.0186701095795359,0.0176622118299111,3477.421464720456,31,0.7009009829549059,1.0176310270071076,0,
ising_confirmatory_01,problem_tree,adam,target_biased,0,1,113.0,0.0995977371146109,113,0.033965494182631,0.0995977371146109,0.9859100492295328,0.9859100492295328,0.0,0.0081311052800064,0.0303809236975263,123114.87462587048,31,0.8885342089561891,0.5163677094478232,0,
ising_confirmatory_01,problem_tree,adam,target_biased,19,1,144.0,0.0996861068981384,144,0.0339956306441138,0.0996861068981384,0.9846866783560804,0.9846866783560804,0.0,0.0086801074773886,0.0185492644744944,15389.088316401929,31,0.897103186992429,0.4924975100309007,0,
ising_confirmatory_01,problem_tree,adam,target_biased,42,1,121.0,0.0998808277782091,121,0.0340620356761043,0.0998808277782091,0.9891427050060076,0.9891427050060076,0.0,0.0083769958847761,0.0170796745585301,15243.765017348904,31,0.9227989068682848,0.4175145230160734,0,
ising_confirmatory_01,problem_tree,adam,target_biased,50,1,122.0,0.0992402625940406,122,0.0338435858029768,0.0992402625940406,0.9905993979451264,0.9905993979451264,0.0,0.0081163215539829,0.0227503880830523,35589.03223016844,31,0.8989274988865,0.4873556801940187,0,
ising_confirmatory_01,problem_tree,adam,target_biased,101,1,115.0,0.0987934098548999,115,0.0336911970584985,0.0987934098548999,0.9893154508085924,0.9893154508085924,0.0,0.0093493245877632,0.0410149897959964,92705.41407878288,31,0.904142891815872,0.4725250722044038,0,
ising_confirmatory_01,problem_tree,exact_natural,target_biased,0,1,14.0,0.0883158315646587,14,0.0301180624193477,0.0883158315646587,0.9116885015167664,0.9116885015167664,0.0,0.0197262317379895,0.0737047573034042,903473907469.605,15,0.8999842486710451,0.4843667163333531,0,1.0
ising_confirmatory_01,problem_tree,exact_natural,target_biased,19,1,16.0,0.0849068931989074,16,0.0289555231932041,0.0849068931989074,0.9150947765436712,0.9150947765436712,0.0,0.0190359086598919,0.0406794622260667,645185603823.6257,13,0.906442614865187,0.4659191824224291,0,1.0
ising_confirmatory_01,problem_tree,exact_natural,target_biased,42,1,10.0,0.0768291978657811,10,0.0262008128775406,0.0768291978657811,0.926065173097041,0.926065173097041,0.0,0.0170917343926212,0.0348479651992275,533223307962.33887,23,0.9188306391443282,0.4295155749693769,0,1.0
ising_confirmatory_01,problem_tree,exact_natural,target_biased,50,1,9.0,0.0914751126812705,9,0.0311954618412251,0.0914751126812705,0.9167926609473608,0.9167926609473608,0.0,0.0199990954856109,0.056058299388605,732790890059.9303,26,0.9151652794982532,0.4404437092880646,0,1.0
ising_confirmatory_01,problem_tree,exact_natural,target_biased,101,1,32.0,0.0824660417607442,32,0.0281231275211197,0.0824660417607442,0.9175339583581236,0.9175339583581236,0.0,0.0185380866072443,0.0813256001430161,544542280249.1916,7,0.8430692484998571,0.637913224167627,0,1.0
ising_confirmatory_01,full,adam,random,0,0,,1.139099668727522,199,0.3884634761036736,1.139099668727522,2.5588710759495912e-05,0.9891996693960224,0.341026765934906,0.0107491976555983,0.0101699967229959,2728.827694315307,40,0.6093254522448435,1.30130823914397,0,
ising_confirmatory_01,full,adam,random,19,0,,5.939690697368275,199,2.0255935091771704,5.939690697368275,1.6266295777026568e-12,0.9616414711730746,1.9804887926212944,0.0105530461400639,0.0100007029718626,22303.84483990309,40,0.60060170055343,1.3312455993554215,0,
ising_confirmatory_01,full,adam,random,42,0,,6.711180729334658,199,2.288692259729686,6.711180729334658,7.387149349609816e-07,0.9861687794710192,2.2423465086226777,0.0107496538208513,0.0107668689571511,2133.727632260944,40,0.6110069768282921,1.2956074819991583,0,
ising_confirmatory_01,full,adam,random,50,0,,0.1724443265499909,199,0.0588081309871668,0.1724443265499909,0.985698452183718,0.985698452183718,0.0,0.0134090230000266,0.0114804207960034,5504.021493462828,40,0.6357210201675005,1.2142415826141582,0,
ising_confirmatory_01,full,adam,random,101,0,,7.853974429178205,199,2.6784154993181204,7.853974429178205,1.2817866984902117e-12,0.9842556207154156,2.643162496273433,0.0081563567751493,0.0085614081741071,10592.331053245498,40,0.6426748260684442,1.192109966951331,0,
ising_confirmatory_01,full,adam,target_biased,0,0,,1.0164889301489066,199,0.3466499324573178,1.0164889301489066,3.4920190327472964e-05,0.997786445320776,0.341026765934906,0.001574109100599,0.00359375171,74381.08896552926,40,0.9125709527606052,0.4480949089028248,0,
ising_confirmatory_01,full,adam,target_biased,19,1,43.0,0.0984447403522554,43,0.0335722914256315,0.0984447403522554,0.9836199268392262,0.9836199268392262,0.0,0.009852030407171,0.0244017759793167,106360.26197697328,40,0.9355596174435724,0.3774947044647067,0,
ising_confirmatory_01,full,adam,target_biased,42,1,49.0,0.0990264742072484,49,0.0337706782408346,0.0990264742072484,0.9876041301341204,0.9876041301341204,0.0,0.0095013606589928,0.0248100100591329,165481.5161370434,40,0.9519785931535572,0.3216086952798628,0,
ising_confirmatory_01,full,adam,target_biased,50,1,52.0,0.0988595101569397,52,0.0337137390307304,0.0988595101569397,0.9887341036618792,0.9887341036618792,0.0,0.0097066179602529,0.0163718148628928,23450.997972499783,40,0.9327606962541272,0.3864830115891589,0,
ising_confirmatory_01,full,adam,target_biased,101,0,,2.543191960222787,199,0.8672965293464401,2.543191960222787,2.753563645867199e-10,0.9969970956130016,0.8607761402026668,0.0018407191165055,0.0077279540279734,93973.80012209222,40,0.9243861729397266,0.4126608639418924,0,
ising_confirmatory_01,full,exact_natural,target_biased,0,1,19.0,0.0855205075809749,19,0.0291647821214517,0.0855205075809749,0.9144795946465952,0.9144795946465952,0.0,0.0206589349846553,0.0471651443343911,826127083069.2833,18,0.9488558969469202,0.3327264957127027,0,1.0
ising_confirmatory_01,full,exact_natural,target_biased,19,1,12.0,0.0746524941536747,12,0.0254584986502024,0.0746524941536747,0.9254471594443576,0.9254471594443576,0.0,0.0182302093464669,0.0451530766901306,577210151013.5022,31,0.9611671349132908,0.2871164712577963,0,1.0
ising_confirmatory_01,full,exact_natural,target_biased,42,1,8.0,0.0994455699444018,8,0.0339136011046932,0.0994455699444018,0.9208220031675932,0.9208220031675932,0.0,0.0237841196744915,0.0621052362445751,945391571135.11,40,0.9925107532210652,0.1230790645649488,0,1.0
ising_confirmatory_01,full,exact_natural,target_biased,50,1,7.0,0.0996630928030247,7,0.0339877822216863,0.0996630928030247,0.905120882165122,0.905120882165122,0.0,0.0230485115246722,0.0388751226320266,289416600188.2943,40,0.994343332170346,0.1068178753401316,0,1.0
ising_confirmatory_01,full,exact_natural,target_biased,101,1,13.0,0.0708770646562511,13,0.0241709761386808,0.0708770646562511,0.940403680703472,0.940403680703472,0.0,0.0171570789001688,0.0720311511983109,586385191232.0366,31,0.95653844798277,0.3048557407606996,0,1.0
ising_confirmatory_02,chain,adam,random,0,0,,13.429929866476224,199,5.887320733992034,13.429929866476224,2.5315149189285745e-07,0.9852982407685036,5.803689533004693,0.0200628242566074,0.0382255308371999,398.53131930143735,31,0.4317596184664846,2.089099283047112,0,
ising_confirmatory_02,chain,adam,random,19,0,,18.769696030902143,199,8.228130877235344,18.769696030902143,3.668498426238973e-16,0.971823965495492,8.156147741239273,0.020143201384327,0.0331720098738917,940.2475281666296,31,0.2453496352942192,3.9512374127125622,0,
ising_confirmatory_02,chain,adam,random,42,0,,16.47575228095447,199,7.222527516983256,16.47575228095447,4.4073112454823724e-20,0.9842327965963362,7.145753064703847,0.0160016067667902,0.037153825161871,533.692555290983,31,-0.0282512925597117,35.38248207448457,0,
ising_confirmatory_02,chain,adam,random,50,0,,10.900018756640517,199,4.778275617585884,10.900018756640517,7.645379386114371e-16,0.9835237647783368,4.6911221046254745,0.0187414420175285,0.0291721695794373,303.23732794869,31,0.2250411571091176,4.3296491675173545,0,
ising_confirmatory_02,chain,adam,random,101,0,,10.909426540372973,199,4.782399737427138,10.909426540372973,1.54486767067054e-15,0.9841823542639616,4.6911221046254745,0.0200366095944338,0.0308639625162808,254.8075268111959,31,0.2193818322975698,4.447219117303082,0,
ising_confirmatory_02,chain,adam,target_biased,0,0,,0.2196172602279137,199,0.0962743113729729,0.2196172602279137,0.98398488087748,0.98398488087748,7.105427357601002e-15,0.020843573037278,0.0263565900696322,3803.917329420104,31,0.5894534936817264,1.37042586537136,0,
ising_confirmatory_02,chain,adam,target_biased,19,0,,0.231990201568895,199,0.1016982767116942,0.231990201568895,0.9781522157397734,0.9781522157397734,7.105427357601002e-15,0.0220342863211354,0.054407083407347,6948.611725855717,31,0.5766898603345056,1.4166421439116714,0,
ising_confirmatory_02,chain,adam,target_biased,42,0,,13.748929752379704,199,6.02716172058636,13.748929752379704,2.051904881155748e-08,0.9807669204038594,5.951688843287457,0.0172768062421495,0.0300504103344834,515.1006684181452,31,0.532958596534836,1.5876304952646811,0,
ising_confirmatory_02,chain,adam,target_biased,50,0,,0.2209211312414193,199,0.0968458934235556,0.2209211312414193,0.9843851095396708,0.9843851095396708,7.105427357601002e-15,0.0216801651606594,0.0397473313467527,1293.8850617349865,31,0.5835861385576995,1.391484800418464,0,
ising_confirmatory_02,chain,adam,target_biased,101,0,,0.1801375122312646,199,0.0789674496645105,0.1801375122312646,0.9858810600099636,0.9858810600099636,7.105427357601002e-15,0.0175640603857003,0.0258246099428717,1803.7361503242728,31,0.580708670933588,1.401927476627019,0,
ising_confirmatory_02,chain,exact_natural,target_biased,0,1,28.0,0.0821331797466102,28,0.0360049811784897,0.0821331797466102,0.97700528790036,0.97700528790036,7.105427357601002e-15,0.0176109775078763,0.0222689897778304,538249746664.0934,28,0.5065830962345195,1.7019737712194332,0,1.0
ising_confirmatory_02,chain,exact_natural,target_biased,19,1,42.0,0.079274603283147,42,0.0347518579939034,0.079274603283147,0.973652572930546,0.973652572930546,7.105427357601002e-15,0.0210516018618897,0.051980637887031,330721277626.87067,16,0.4967628760958948,1.747083670142035,0,1.0
ising_confirmatory_02,chain,exact_natural,target_biased,42,1,36.0,0.0776067717306941,36,0.0340207254133773,0.0776067717306941,0.9759635197963789,0.9759635197963789,7.105427357601002e-15,0.0191689112397245,0.0333414428769646,84546885782.17471,18,0.4950225342233652,1.7552335012216085,0,1.0
ising_confirmatory_02,chain,exact_natural,target_biased,50,1,30.0,0.082520340154707,30,0.0361747019082798,0.082520340154707,0.9844231447561118,0.9844231447561118,7.105427357601002e-15,0.017599871979761,0.0322667257401423,680114376605.3259,26,0.5053413454976836,1.7075973360629193,0,1.0
ising_confirmatory_02,chain,exact_natural,target_biased,101,1,28.0,0.0748190185381375,28,0.0327986492495426,0.0748190185381375,0.982257683696449,0.982257683696449,7.105427357601002e-15,0.0148986387241884,0.021905614378619,674510953455.9432,28,0.4931906622793217,1.7638639789112225,0,1.0
ising_confirmatory_02,random_tree,adam,random,0,0,,0.3411763146893752,199,0.149562537659385,0.3411763146893752,0.9737375631694172,0.9737375631694172,7.105427357601002e-15,0.0276213457174087,0.029741045260933,1782.9332350272225,31,0.6020045713671857,1.326389662018279,0,
ising_confirmatory_02,random_tree,adam,random,19,0,,7.673059286751661,199,3.3636632120325416,7.673059286751661,1.2257833399973502e-09,0.9674700604778816,3.2330227981848587,0.0248335639523235,0.026202086860258,5236.429988048189,31,0.5152120180968079,1.663514690968331,0,
ising_confirmatory_02,random_tree,adam,random,42,0,,7.47862187361899,199,3.278427069686245,7.47862187361899,2.301061965035278e-15,0.9719945019327538,3.129661776992716,0.0290689347956185,0.0346920392933255,2394.5341993672164,31,0.376497938097113,2.4606176081307813,0,
ising_confirmatory_02,random_tree,adam,random,50,0,,9.662785396717714,199,4.235905725480755,9.662785396717714,1.0102296036199425e-12,0.9662874614272976,4.110644508176264,0.0242544603042629,0.0259857616835856,10086.34713342574,31,0.5052238656215481,1.708130556980184,0,
ising_confirmatory_02,random_tree,adam,random,101,0,,0.3084034116273701,199,0.1351957767285121,0.3084034116273701,0.9690266507896138,0.9690266507896138,7.105427357601002e-15,0.0259584568790696,0.0290510593293943,12799.032807465466,31,0.6349110061623578,1.216840269110059,0,
ising_confirmatory_02,random_tree,adam,target_biased,0,0,,0.1643094511245339,199,0.0720288525713748,0.1643094511245339,0.9840039495098905,0.9840039495098905,7.105427357601002e-15,0.0174675865888301,0.0211358132739029,20579.39071562287,31,0.8445335181455256,0.6340810445598488,0,
ising_confirmatory_02,random_tree,adam,target_biased,19,0,,0.1342311526899702,199,0.0588433339739147,0.1342311526899702,0.9850938088404037,0.9850938088404037,7.105427357601002e-15,0.0141547182827628,0.0169298533249969,22966.82337502714,31,0.8195339924187227,0.6992151347893509,0,
ising_confirmatory_02,random_tree,adam,target_biased,42,0,,0.2182591743578858,199,0.0956789629846603,0.2182591743578858,0.9807750817591632,0.9807750817591632,7.105427357601002e-15,0.0219684761212708,0.0221389989145656,22366.001093148607,31,0.7983895039932581,0.7541949668039872,0,
ising_confirmatory_02,random_tree,adam,target_biased,50,0,,0.1715990395014146,199,0.0752244124305967,0.1715990395014146,0.9841476567462352,0.9841476567462352,7.105427357601002e-15,0.0187269119677647,0.0282637055596155,50744.39315828271,31,0.8513383891542934,0.6162261205074653,0,
ising_confirmatory_02,random_tree,adam,target_biased,101,0,,0.1377546898766081,199,0.0603879580890165,0.1377546898766081,0.9856689412997802,0.9856689412997802,7.105427357601002e-15,0.0138039675364315,0.0154218542938934,120791.26209757345,31,0.8220473381069818,0.6926841417214028,0,
ising_confirmatory_02,random_tree,exact_natural,target_biased,0,1,13.0,0.0825079690584055,13,0.0361692787517569,0.0825079690584055,0.9597477455690494,0.9597477455690494,7.105427357601002e-15,0.0208522107803625,0.0252312150370928,478929495831.17584,24,0.8218693389916895,0.693146723160751,0,1.0
ising_confirmatory_02,random_tree,exact_natural,target_biased,19,1,18.0,0.072587668496786,18,0.0318204852908436,0.072587668496786,0.9289025139633816,0.9289025139633816,7.105427357601002e-15,0.0254529743603547,0.0304432143400881,293139140366.643,15,0.7534010733089972,0.8727904598018221,0,1.0
ising_confirmatory_02,random_tree,exact_natural,target_biased,42,1,17.0,0.0833123341047496,17,0.0365218907953135,0.0833123341047496,0.9177626389268464,0.9177626389268464,7.105427357601002e-15,0.0290921539420951,0.0293179718516214,228250410032.78323,14,0.7023428403388787,1.0135204624599623,0,1.0
ising_confirmatory_02,random_tree,exact_natural,target_biased,50,1,13.0,0.075718734026538,13,0.0331930603672638,0.075718734026538,0.9653370564784628,0.9653370564784628,7.105427357601002e-15,0.0190127499548085,0.0286951082765973,790980980981.1328,28,0.8434700825074765,0.6368645013787196,0,1.0
ising_confirmatory_02,random_tree,exact_natural,target_biased,101,1,14.0,0.0825053683765225,14,0.0361681386826333,0.0825053683765225,0.9606184893333716,0.9606184893333716,7.105427357601002e-15,0.0208806433793708,0.0233279482083343,944429299757.8992,23,0.8053514763411489,0.7360731576497612,0,1.0
ising_confirmatory_02,problem_tree,adam,random,0,0,,0.3015143898889872,199,0.1321758145306049,0.3015143898889872,0.9752898945138097,0.9752898945138097,7.105427357601002e-15,0.0256188884040049,0.0238054216270083,473.862863920442,31,0.6790630913348216,1.081018718145358,0,
ising_confirmatory_02,problem_tree,adam,random,19,0,,1.2747643545436207,199,0.5588224726468951,1.2747643545436207,3.466811438905448e-06,0.9762380994702672,0.4383731555209422,0.023933300262994,0.0229761588608359,803.2221779183636,31,0.7139218026912669,0.9808153109102824,0,
ising_confirmatory_02,problem_tree,adam,random,42,0,,7.405984051170963,199,3.246584598249534,7.405984051170963,4.646676172724368e-13,0.9735180562827624,3.129661776992716,0.0228287003556328,0.0229585585501156,599.6612541011615,31,0.4949465812166886,1.7555902734080522,0,
ising_confirmatory_02,problem_tree,adam,random,50,0,,5.432813171153614,199,2.3815994531943083,5.432813171153614,4.6190575097248047e-14,0.9732971899636066,2.2580800295885908,0.0249294918182367,0.0242594284503781,1052.3361179008589,31,0.6175007344635741,1.2737965478820383,0,
ising_confirmatory_02,problem_tree,adam,random,101,0,,10.963645968290958,199,4.8061680791340855,10.963645968290958,9.051294094551358e-11,0.9691591895123948,4.6911221046254745,0.0240915988352301,0.024223735454132,3029.8058486769864,31,0.4664970677874825,1.8960949718561928,0,
ising_confirmatory_02,problem_tree,adam,target_biased,0,0,,1.0651915508309748,199,0.466951381372013,1.0651915508309748,0.0001599093860142,0.994450520486356,0.4383731555209422,0.0074259404722764,0.010378347355752,8695.823565703822,31,0.9399362568755232,0.3631629409963028,0,
ising_confirmatory_02,problem_tree,adam,target_biased,19,0,,1.0572841497989411,199,0.4634849890296308,1.0572841497989411,9.738096532905423e-05,0.9941714613310072,0.4383731555209422,0.0058696794495316,0.0054318746494185,5263.904369520998,31,0.9356081053655813,0.377337825470801,0,
ising_confirmatory_02,problem_tree,adam,target_biased,42,0,,1.096487666913123,199,0.4806707585344938,1.096487666913123,3.560601013396933e-05,0.9922900651815856,0.4383731555209422,0.0126925882413489,0.0176281190893467,7329.246964014478,31,0.934725143877858,0.3801882357510341,0,
ising_confirmatory_02,problem_tree,adam,target_biased,50,0,,1.0924528824647708,199,0.4789020173440228,1.0924528824647708,0.0005157140023045,0.9914822231873603,0.4383731555209422,0.0104163995535311,0.0166394368226969,4964.994857757369,31,0.9472546433505594,0.3383270701587246,0,
ising_confirmatory_02,problem_tree,adam,target_biased,101,0,,1.1162428871754972,199,0.4893309167789219,1.1162428871754972,0.0003894347016697,0.9908424212815335,0.4383731555209422,0.0179224857539902,0.0155146087320428,20953.31984996761,31,0.938947617849515,0.3664316521786892,0,
ising_confirmatory_02,problem_tree,exact_natural,target_biased,0,1,15.0,0.0864535997280403,15,0.0378989373189249,0.0864535997280403,0.9143446928851088,0.9143446928851088,7.105427357601002e-15,0.0275895826651325,0.0385586544045084,877561524888.5343,22,0.9406752450877132,0.3607071027455406,0,1.0
ising_confirmatory_02,problem_tree,exact_natural,target_biased,19,1,20.0,0.0836754536660488,20,0.0366810726632316,0.0836754536660488,0.916324874509728,0.916324874509728,7.105427357601002e-15,0.026997529860042,0.0249838512144601,941968600053.3116,15,0.9437026178833589,0.3505289162280491,0,1.0
ising_confirmatory_02,problem_tree,exact_natural,target_biased,42,1,19.0,0.0751748645089183,19,0.0329546425706333,0.0751748645089183,0.9248341931365656,0.9248341931365656,7.105427357601002e-15,0.024477387082585,0.033995453589373,976657080713.738,17,0.9505900585978562,0.3265855044325617,0,1.0
ising_confirmatory_02,problem_tree,exact_natural,target_biased,50,1,15.0,0.0999589765209529,15,0.0438193319601332,0.0999589765209529,0.9010895121818304,0.9010895121818304,7.105427357601002e-15,0.0313947044866657,0.050150745388412,658360319575.4869,24,0.953203851925102,0.3171706926541139,0,1.0
ising_confirmatory_02,problem_tree,exact_natural,target_biased,101,1,15.0,0.0910586669123367,15,0.0399176751518908,0.0910586669123367,0.9094425154176438,0.9094425154176438,7.105427357601002e-15,0.029005781396567,0.0251088691329947,908963807643.5916,23,0.9482629641108924,0.334807956620739,0,1.0
ising_confirmatory_02,full,adam,random,0,0,,0.1473454735736657,199,0.0645923002022144,0.1473454735736657,0.98821409874115,0.98821409874115,7.105427357601002e-15,0.0143961290041226,0.0143519685823281,1293.2760704821262,40,0.6778979665884215,1.0844640904299707,0,
ising_confirmatory_02,full,adam,random,19,0,,1.1300370696003783,199,0.4953779160563485,1.1300370696003783,1.7577138362565964e-05,0.989057935460238,0.4383731555209422,0.0129868595578307,0.0124336343785236,3592.5395573492133,40,0.6820019234020591,1.0723582348372531,0,
ising_confirmatory_02,full,adam,random,42,0,,7.275039502132849,199,3.1891820230894297,7.275039502132849,2.0215659738772e-12,0.9866579031125032,3.129661776992716,0.0134917349416295,0.0139681687894036,1957.254340347232,40,0.5916886815413799,1.3624843161331084,0,
ising_confirmatory_02,full,adam,random,50,0,,5.281041481576544,199,2.315066818715664,5.281041481576544,6.211066676755575e-12,0.9876188964422452,2.2580800295885908,0.0130571407745329,0.0135580779224688,6944.099984745716,40,0.63458535000302,1.217886276540627,0,
ising_confirmatory_02,full,adam,random,101,0,,10.822214195388968,199,4.74416818655612,10.822214195388968,6.172027813356595e-09,0.9835213484763852,4.6911221046254745,0.0123403336628709,0.0120800268886402,6906.462606816971,40,0.6157870041656799,1.2795214226590244,0,
ising_confirmatory_02,full,adam,target_biased,0,1,28.0,0.0984137684065032,28,0.0431419542030653,0.0984137684065032,0.9834126002190664,0.9834126002190664,7.105427357601002e-15,0.013979449584395,0.037962529364465,15445.661643807352,40,0.9521575234288812,0.3209633561238215,0,
ising_confirmatory_02,full,adam,target_biased,19,1,35.0,0.0968624581450571,35,0.0424619014285632,0.0968624581450571,0.9774767537659048,0.9774767537659048,7.105427357601002e-15,0.0137617744315024,0.0335593401620687,78520.25002442393,40,0.9453262189175218,0.3449880656014456,0,
ising_confirmatory_02,full,adam,target_biased,42,1,40.0,0.0993849292909663,40,0.0435676850645059,0.0993849292909663,0.968769389220802,0.968769389220802,7.105427357601002e-15,0.0150580774569034,0.0524590267365902,100531.77537486573,40,0.9609850926041424,0.2878298196912066,0,
ising_confirmatory_02,full,adam,target_biased,50,1,42.0,0.0999338892424801,42,0.0438083343707056,0.0999338892424801,0.9854950329435024,0.9854950329435024,7.105427357601002e-15,0.0136006856828075,0.0214181158853863,22904.879114871765,40,0.9522418015718052,0.3206590705593525,0,
ising_confirmatory_02,full,adam,target_biased,101,1,31.0,0.095719128993296,31,0.0419606966205066,0.095719128993296,0.9842163257054064,0.9842163257054064,7.105427357601002e-15,0.013142605416043,0.0191318594467277,27990.179719866293,40,0.9500786265087025,0.3284050115106401,0,
ising_confirmatory_02,full,exact_natural,target_biased,0,1,4.0,0.0823787943513073,4,0.0361126520277927,0.0823787943513073,0.9504896998673772,0.9504896998673772,7.105427357601002e-15,0.0182823928101474,0.0496475823112433,285400853.63729346,40,0.9965651041335868,0.0830984360092185,0,1.0
ising_confirmatory_02,full,exact_natural,target_biased,19,1,10.0,0.0687234461406658,10,0.0301265139429567,0.0687234461406658,0.9314011995777046,0.9314011995777046,7.105427357601002e-15,0.0216937955454895,0.0529022959750148,951480835259.1404,22,0.983567746885332,0.1835556673467445,0,1.0
ising_confirmatory_02,full,exact_natural,target_biased,42,1,12.0,0.0772093591303711,12,0.0338465103977299,0.0772093591303711,0.9229005265967756,0.9229005265967756,7.105427357601002e-15,0.0241604014178029,0.0841695194868318,727419619192.9058,18,0.9764752383121126,0.2208244057341929,0,1.0
ising_confirmatory_02,full,exact_natural,target_biased,50,1,5.0,0.0957474703775062,5,0.0419731207225346,0.0957474703775062,0.9436273679615996,0.9436273679615996,7.105427357601002e-15,0.0231772077265816,0.0364990510452728,863147933.7528769,40,0.996610396429478,0.082545937629183,0,1.0
ising_confirmatory_02,full,exact_natural,target_biased,101,1,5.0,0.0723942167643525,5,0.0317356812444558,0.0723942167643525,0.9478855086075356,0.9478855086075356,7.105427357601002e-15,0.0179087975267509,0.0260700664970998,3707982148.527166,40,0.9967700207726596,0.0805691757988465,0,1.0
ising_confirmatory_03,chain,adam,random,0,0,,21.425734339672083,199,4.227215974062382,21.425734339672083,7.333146715544775e-07,0.9819129145019212,4.137369282906249,0.0191784124043494,0.0292138622075984,364.35396623411776,31,0.1884882036644822,5.2102754165490985,0,
ising_confirmatory_03,chain,adam,random,19,0,,16.650209890367332,199,3.285023145728477,16.650209890367332,2.3156591160415545e-17,0.9821064580190212,3.204550850260357,0.0167475555187607,0.0266469819353525,1112.731449323543,31,0.0404497236359063,24.70181462827629,0,
ising_confirmatory_03,chain,adam,random,42,0,,35.19863071990689,199,6.944556097141943,35.19863071990689,9.554030646935209e-18,0.9771993995663896,6.87762134575863,0.0140532609608427,0.030466133481888,819.3356246283583,31,0.0764253072544893,13.046402364828008,0,
ising_confirmatory_03,chain,adam,random,50,0,,17.634865303849885,199,3.4792919174229624,17.634865303849885,7.087519317408319e-20,0.9819941561501132,3.3925361754885515,0.0180862016045082,0.0327884420709936,309.3307266801848,31,0.1726748005084947,5.704242233711294,0,
ising_confirmatory_03,chain,adam,random,101,0,,28.07276203214281,199,5.538649281140216,28.07276203214281,3.1185902114851104e-11,0.982563035648602,5.462239528395472,0.0160950271844063,0.0231098325813268,232.9734694913175,31,0.3392938389939705,2.7724654332653613,0,
ising_confirmatory_03,chain,adam,target_biased,0,0,,0.4705891685874178,199,0.0928454548691988,0.4705891685874178,0.9822534861537284,0.9822534861537284,-7.105427357601002e-15,0.0199551685371769,0.0282422846647079,715.1780987517233,31,0.5428822501823978,1.5469447097446336,0,
ising_confirmatory_03,chain,adam,target_biased,19,0,,11.017441020571573,199,2.173699250495005,11.017441020571573,4.9525542529791126e-08,0.9799298312820764,2.095977394577595,0.0197726615616247,0.0327688878338218,429.4144303675373,31,0.5862580296753466,1.3818563603981584,0,
ising_confirmatory_03,chain,adam,target_biased,42,0,,0.4683059150234892,199,0.0923949776166921,0.4683059150234892,0.9821679677130256,0.9821679677130256,-7.105427357601002e-15,0.0196819186027688,0.0324980665364714,434.03054137075645,31,0.4978117999190678,1.7421947033386875,0,
ising_confirmatory_03,chain,adam,target_biased,50,0,,11.08361729033669,199,2.1867555770703326,11.08361729033669,6.425592043376835e-10,0.9711466935895904,2.095977394577595,0.0245732665491542,0.0397423326326552,11472.133284235442,31,0.644053878377734,1.1877579769092812,0,
ising_confirmatory_03,chain,adam,target_biased,101,0,,21.03754036999418,199,4.150626778861792,21.03754036999418,5.5135310013286694e-14,0.9825207858640576,4.088572645492,0.0144566641286784,0.018539953195173,345.65907778627417,31,0.4851845339660435,1.8022251798784512,0,
ising_confirmatory_03,chain,exact_natural,target_biased,0,1,27.0,0.0883747804257973,27,0.0174360083812139,0.0883747804257973,0.9914711922619762,0.9914711922619762,-7.105427357601002e-15,0.006638018433541,0.009394699215914,552494013195.1462,30,0.4806650570408684,1.8243561905473784,0,1.0
ising_confirmatory_03,chain,exact_natural,target_biased,19,0,,10.623913691239832,199,2.0960578036998285,10.623913691239832,2.40831625049283e-28,0.977710980449188,2.095977394577595,3.993741167278704e-05,6.618757719591434e-05,595448632949.3345,11,0.5798802494407701,1.404948216600764,0,1.0
ising_confirmatory_03,chain,exact_natural,target_biased,42,1,30.0,0.0811628035807894,30,0.0160131127529723,0.0811628035807894,0.9946444875459494,0.9946444875459494,-7.105427357601002e-15,0.0072316921960696,0.0119407065389493,683598616908.7219,29,0.5397227242527483,1.5597691375367109,0,1.0
ising_confirmatory_03,chain,exact_natural,target_biased,50,0,,7.941429312494755,114,1.566813828383296,7.941429312494755,5.158014930337795e-102,0.9999999999999998,1.5668138283832889,2.432290856521965e-16,3.9337428780948713e-16,1.0,1,0.423208799028584,2.1408632872426763,0,1.0
ising_confirmatory_03,chain,exact_natural,target_biased,101,0,,7.941429312494755,80,1.566813828383296,7.941429312494755,5.322871717114083e-99,0.9999999999999996,1.5668138283832889,3.47102211497132e-16,4.451413339770348e-16,1.0,1,0.4099344983583781,2.225026113635659,0,1.0
ising_confirmatory_03,random_tree,adam,random,0,0,,1.5640064815064536,199,0.3085725360609679,1.5640064815064536,0.0007194314440606,0.9752347622944094,0.1972962003096938,0.0227931949112579,0.0253645390361916,2784.891967690845,31,0.5855299092928317,1.3844737744411288,0,
ising_confirmatory_03,random_tree,adam,random,19,0,,23.861882659321207,199,4.7078587809200165,23.861882659321207,2.5045995661742123e-16,0.9708491678050952,4.610686354766877,0.0186533764860206,0.021964748931018,2538.8107884497595,31,0.6170840055001827,1.2751866416050772,0,
ising_confirmatory_03,random_tree,adam,random,42,0,,24.485485102806248,199,4.83089317352346,24.485485102806248,2.003633056420889e-10,0.9514704404119648,4.743396545381394,0.0217369841910049,0.024761725016336,3021.416665976249,31,0.5641876335325079,1.4634255602357733,0,
ising_confirmatory_03,random_tree,adam,random,50,0,,17.812899064823334,199,3.514417301989869,17.812899064823334,1.371203614768826e-19,0.9741230692222193,3.3925361754885515,0.0242944545951554,0.0251247842553948,1798.6493104209726,31,0.3682321132200751,2.524858259461051,0,
ising_confirmatory_03,random_tree,adam,random,101,0,,26.783340612742705,199,5.284251334494634,26.783340612742705,1.338582350765599e-13,0.9726396416352452,5.193698633317176,0.0178607980500421,0.0185066512154019,802.6868088912125,31,0.5240989179898545,1.6249936206986433,0,
ising_confirmatory_03,random_tree,adam,target_biased,0,0,,0.2714690610706517,199,0.0535598142508817,0.2714690610706517,0.9854355822553462,0.9854355822553462,-7.105427357601002e-15,0.0144338692002574,0.0278453043778698,8422.035382636413,31,0.8334197394452102,0.6630998619480528,0,
ising_confirmatory_03,random_tree,adam,target_biased,19,0,,8.099875526242316,199,1.5980746643091486,8.099875526242316,5.507309355197303e-11,0.9902909577624516,1.5668138283832889,0.0101932295824254,0.0245368000131364,7675.408346173681,31,0.8646239314666911,0.5810845436648835,0,
ising_confirmatory_03,random_tree,adam,target_biased,42,0,,0.2406961846315437,199,0.0474884426568458,0.2406961846315437,0.9875782342483658,0.9875782342483658,-7.105427357601002e-15,0.0134697050504865,0.0220585557098148,28122.399483452973,31,0.8511598035720845,0.6166957667424766,0,
ising_confirmatory_03,random_tree,adam,target_biased,50,0,,8.132542696686757,199,1.604519772912706,8.132542696686757,9.939272488694578e-09,0.988948266643074,1.5668138283832889,0.0110406824227241,0.0150930291556313,7239.014852976114,31,0.8950603427520785,0.4982290280693413,0,
ising_confirmatory_03,random_tree,adam,target_biased,101,0,,0.1947434858374798,199,0.0384221497908008,0.1947434858374798,0.9841417985845116,0.9841417985845116,-7.105427357601002e-15,0.0114421956475415,0.0275384561008806,39535.4406082288,31,0.7951134109523301,0.7627349257872453,0,
ising_confirmatory_03,random_tree,exact_natural,target_biased,0,1,13.0,0.0941758787923294,13,0.0185805430465535,0.0941758787923294,0.9058594017940914,0.9058594017940914,-7.105427357601002e-15,0.0120877400555909,0.0233192359178717,857580376024.1807,16,0.7759542762545639,0.8129205247754027,0,1.0
ising_confirmatory_03,random_tree,exact_natural,target_biased,19,0,,7.941429312494755,44,1.566813828383296,7.941429312494755,7.080979355358288e-36,0.9999999999999996,1.5668138283832889,4.394105203196181e-16,1.0577342513052417e-15,1.0,1,0.8221513066464423,0.6924139459538062,0,0.9886363636363636
ising_confirmatory_03,random_tree,exact_natural,target_biased,42,1,9.0,0.0914087770678512,9,0.0180346043904435,0.0914087770678512,0.9473399556781668,0.9473399556781668,-7.105427357601002e-15,0.0077897184787846,0.0127567707224467,170729811561.9359,30,0.8285642789339293,0.675739908921353,0,1.0
ising_confirmatory_03,random_tree,exact_natural,target_biased,50,0,,7.941429312494755,44,1.566813828383296,7.941429312494755,2.9331805889889915e-43,0.9999999999999992,1.5668138283832889,7.811742583459881e-16,1.0678946649690885e-15,1.0,1,0.7959967499962566,0.7604313653568802,0,1.0
ising_confirmatory_03,random_tree,exact_natural,target_biased,101,1,19.0,0.0936500406593634,19,0.0184767971809414,0.0936500406593634,0.9063499625047692,0.9063499625047692,-7.105427357601002e-15,0.0120310004570275,0.0289555595919807,906666256567.3696,12,0.736614294369443,0.9181373271498284,0,1.0
ising_confirmatory_03,problem_tree,adam,random,0,0,,0.6836605047057448,199,0.1348836198802558,0.6836605047057448,0.962122166881568,0.962122166881568,-7.105427357601002e-15,0.0246792909627209,0.0253308548170476,2415.9545582879705,31,0.5934414458470143,1.3562874153666966,0,
ising_confirmatory_03,problem_tree,adam,random,19,0,,22.4674670966669,199,4.432745888755608,22.4674670966669,2.6079920550262344e-13,0.9369580049009932,4.331865604399326,0.0199736548992608,0.0211598937933629,25053.603338110686,31,0.6804971860703175,1.0767872507497909,0,
ising_confirmatory_03,problem_tree,adam,random,42,0,,21.390171455812325,199,4.220199552204797,21.390171455812325,2.652101394204842e-09,0.675763102389953,4.134569404089628,0.0183581919699275,0.0177232458465079,117144.79669733989,31,0.5882192030940301,1.3748302138394766,0,
ising_confirmatory_03,problem_tree,adam,random,50,0,,14.931001420375344,199,2.945829847058804,14.931001420375344,1.1614795472473714e-16,0.9697553423027868,2.8233255439879628,0.0239029547438539,0.0241701505217637,5201.72771561407,31,0.5677128211639341,1.4500758848859607,0,
ising_confirmatory_03,problem_tree,adam,random,101,0,,1.6315406285738028,199,0.3218967666685124,1.6315406285738028,0.0011117022467753,0.96870354880629,0.1972962003096938,0.0235698811319999,0.024270724761658,3567.676322803092,31,0.6297868083398657,1.2333825066484934,0,
ising_confirmatory_03,problem_tree,adam,target_biased,0,0,,0.1704945827503529,199,0.0336379333500325,0.1704945827503529,0.9840495527498064,0.9840495527498064,-7.105427357601002e-15,0.0077654138282412,0.01825659998259,209621.33158290703,31,0.8226919659726892,0.6910088198938761,0,
ising_confirmatory_03,problem_tree,adam,target_biased,19,0,,1.1672518361597286,199,0.230294352078836,1.1672518361597286,0.0001621962724063,0.9926991827931024,0.1972962003096938,0.0072046143960667,0.0248882739814234,50485.91034427036,31,0.9244660621677808,0.4124157278064764,0,
ising_confirmatory_03,problem_tree,adam,target_biased,42,0,,0.1782088370447845,199,0.0351599264105466,0.1782088370447845,0.9849872630415076,0.9849872630415076,-7.105427357601002e-15,0.007527886846106,0.0160781264228064,257560.4064519315,31,0.8251062184961161,0.6847332167263102,0,
ising_confirmatory_03,problem_tree,adam,target_biased,50,0,,0.1635591743131904,199,0.0322696036177845,0.1635591743131904,0.980036031120724,0.980036031120724,-7.105427357601002e-15,0.0073605985761777,0.0228193409071622,164752.64387103877,31,0.8096626733744888,0.72486424614021,0,
ising_confirmatory_03,problem_tree,adam,target_biased,101,0,,1.189962657207312,199,0.2347751107774378,1.189962657207312,0.0010746024525333,0.9902815391085684,0.1972962003096938,0.0095094924271008,0.0145510169740885,63270.42893440109,31,0.9061945300059038,0.4666338664667697,0,
ising_confirmatory_03,problem_tree,exact_natural,target_biased,0,1,28.0,0.0995470943885615,28,0.0196402634747343,0.0995470943885615,0.9004529059038603,0.9004529059038603,-7.105427357601002e-15,0.0110031767318421,0.0258686272971584,627677808905.4404,12,0.8659505101826159,0.5775499768314256,0,1.0
ising_confirmatory_03,problem_tree,exact_natural,target_biased,19,1,37.0,0.0953876573965554,37,0.0188196223607839,0.0953876573965554,0.904612342795164,0.904612342795164,-7.105427357601002e-15,0.010592127236153,0.0365904058436958,944230223823.4232,13,0.8597933775653924,0.5939125690657925,0,1.0
ising_confirmatory_03,problem_tree,exact_natural,target_biased,42,1,29.0,0.0920244092212278,29,0.0181560662750932,0.0920244092212278,0.9079755910836402,0.9079755910836402,-7.105427357601002e-15,0.0102566540634983,0.0219062512600357,807681277088.5354,14,0.8611263530676903,0.5903790929634624,0,1.0
ising_confirmatory_03,problem_tree,exact_natural,target_biased,50,1,31.0,0.0905053257092809,31,0.017856356870233,0.0905053257092809,0.9094946745605896,0.9094946745605896,-7.105427357601002e-15,0.0101042199733996,0.0313251208835354,475621427109.19714,13,0.8694339653244219,0.5682423130879805,0,1.0
ising_confirmatory_03,problem_tree,exact_natural,target_biased,101,1,35.0,0.0955375728231431,35,0.0188492001048175,0.0955375728231431,0.9044624273460964,0.9044624273460964,-7.105427357601002e-15,0.0106070161678268,0.016230400674447,969265018795.6056,13,0.8542553819727322,0.6085458620324182,0,1.0
ising_confirmatory_03,full,adam,random,0,0,,0.2465544987243361,199,0.0486442657675745,0.2465544987243361,0.987727742070291,0.987727742070291,-7.105427357601002e-15,0.0110668674865366,0.0123772036906988,1818.2675954302028,40,0.6657290284451586,1.1208668232237091,0,
ising_confirmatory_03,full,adam,random,19,0,,23.57249468709954,199,4.650763633585353,23.57249468709954,3.7149812269387335e-12,0.9852691021793764,4.610686354766877,0.0092394523311035,0.0098315997061274,10777.227261585924,40,0.6440080465454474,1.187902418618218,0,
ising_confirmatory_03,full,adam,random,42,0,,0.2585494011640329,199,0.0510108144420122,0.2585494011640329,0.9885517183703868,0.9885517183703868,-7.105427357601002e-15,0.0117037789388636,0.0116672802209073,8334.445563209441,40,0.6832896014377626,1.0685768719582558,0,
ising_confirmatory_03,full,adam,random,50,0,,17.429632291893636,199,3.4388002239858797,17.429632291893636,6.766938937270996e-15,0.9900949332605132,3.3925361754885515,0.0106872928370844,0.0099679340256977,3288.8119720104582,40,0.5387484573617555,1.5637477271685858,0,
ising_confirmatory_03,full,adam,random,101,0,,26.55209051750749,199,5.23862656938347,26.55209051750749,7.00620181583192e-12,0.9861496902288596,5.193698633317176,0.0102059757868231,0.010819831123081,3291.939941870709,40,0.5004353129033654,1.730041640790873,0,
ising_confirmatory_03,full,adam,target_biased,0,1,128.0,0.099807537243378,128,0.0196916478603874,0.099807537243378,0.99249440656077,0.99249440656077,-7.105427357601002e-15,0.0055718555010549,0.0083263479053955,127948.0250434174,40,0.9000427764919543,0.4842009427603408,0,
ising_confirmatory_03,full,adam,target_biased,19,0,,1.039737501064704,199,0.2051362582795697,1.039737501064704,0.0001157377431816,0.9975012627408776,0.1972962003096938,0.0020638011890315,0.0035879596347866,17748.295023843137,40,0.9313055533646638,0.3911056741316894,0,
ising_confirmatory_03,full,adam,target_biased,42,1,87.0,0.0993096993217992,87,0.0195934263300898,0.0993096993217992,0.9930734371399326,0.9930734371399326,-7.105427357601002e-15,0.0055526584501044,0.0079827396535232,35316.57122104347,40,0.9368809277431388,0.3732049254151263,0,
ising_confirmatory_03,full,adam,target_biased,50,0,,1.04748771816736,199,0.206665346665499,1.04748771816736,0.0043325472277879,0.9916493768874304,0.1972962003096938,0.0025257114404829,0.0055170640385072,144100.1649914156,40,0.9284283482226492,0.4001509765600999,0,
ising_confirmatory_03,full,adam,target_biased,101,0,,1.0328658485829811,199,0.2037805073550771,1.0328658485829811,0.0001140721976877,0.997794904582012,0.1972962003096938,0.0017001705809679,0.0027695488486838,114485.8584499753,40,0.9132672838622748,0.4460477942248926,0,
ising_confirmatory_03,full,exact_natural,target_biased,0,1,18.0,0.0882201825051683,18,0.017405506798898,0.0882201825051683,0.9117798200242438,0.9117798200242438,-7.105427357601002e-15,0.0122928410536904,0.0183699077155464,849152054534.294,15,0.9551258615221098,0.3101164598967825,0,1.0
ising_confirmatory_03,full,exact_natural,target_biased,19,1,26.0,0.0963756270555869,26,0.0190145450205321,0.0963756270555869,0.9036243733521264,0.9036243733521264,-7.105427357601002e-15,0.0133091248267746,0.0231381796398689,630917180415.4443,10,0.9567789406117287,0.303953381333728,0,1.0
ising_confirmatory_03,full,exact_natural,target_biased,42,1,11.0,0.0893244583755913,11,0.0176233762322262,0.0893244583755913,0.9107356664821894,0.9107356664821894,-7.105427357601002e-15,0.0124271631414549,0.0178658220889094,661402703746.6111,26,0.9734040424501572,0.2353545923083843,0,1.0
ising_confirmatory_03,full,exact_natural,target_biased,50,1,20.0,0.0931379960195168,20,0.0183757727191107,0.0931379960195168,0.9068620059883814,0.9068620059883814,-7.105427357601002e-15,0.012908103435843,0.028195949913266,766916260814.0758,13,0.9546676115275718,0.3118089455225432,0,1.0
ising_confirmatory_03,full,exact_natural,target_biased,101,1,21.0,0.0992662199774968,21,0.019584848020667,0.0992662199774968,0.9007337804900236,0.9007337804900236,-7.105427357601002e-15,0.0136644539006814,0.0222591621053439,458192317247.87714,13,0.9516380077647804,0.3228345046228488,0,1.0
ising_confirmatory_04,chain,adam,random,0,0,,19.72626316709156,199,5.026062729608892,19.72626316709156,1.5857470282388696e-19,0.9696112061791912,4.948790477456068,0.0191548249923907,0.0373417898182742,1750.4632955801303,31,0.2479045484904783,3.9078930516931454,0,
ising_confirmatory_04,chain,adam,random,19,0,,18.56127565866497,199,4.729235081768781,18.56127565866497,1.712942418323971e-21,0.9750537272954198,4.653739919162874,0.0197284138863572,0.0352239155032673,1444.8226217443082,31,0.1519194549966888,6.506032271939612,0,
ising_confirmatory_04,chain,adam,random,42,0,,14.551315880149508,199,3.707535775655405,14.551315880149508,1.250628167699327e-19,0.9644501000058846,3.62802777695444,0.0160745991008684,0.0272236286156233,1414.6827232509345,31,0.276363021700765,3.477503293271273,0,
ising_confirmatory_04,chain,adam,random,50,0,,15.30334724860425,199,3.8991461582438696,15.30334724860425,2.341695714008839e-21,0.9796235127299774,3.814512093094919,0.018644653568158,0.0258277271700772,1157.2204507688637,31,0.1741189101545891,5.655472075309229,0,
ising_confirmatory_04,chain,adam,random,101,0,,26.7547679205748,199,6.816858355071972,26.7547679205748,2.1572323488830835e-21,0.981869380768858,6.735138962480864,0.0172165569524149,0.0268272963039973,288.1309958189056,31,0.1911759222094391,5.134306546444828,0,
ising_confirmatory_04,chain,adam,target_biased,0,0,,24.97434285921081,199,6.363223119245269,24.97434285921081,2.085798424621565e-16,0.6504672978590181,6.596028218988064,0.0933604610953922,0.1815608698393167,20346.73627130212,31,0.6560088587717264,1.1505228618623322,0,
ising_confirmatory_04,chain,adam,target_biased,19,0,,19.84969825632047,199,5.057512806911639,19.84969825632047,4.056373161574307e-12,0.9871869890036122,4.994429842098068,0.0150874344643701,0.0267537572496265,648.1901060964033,31,0.6178442217446269,1.272651743958802,0,
ising_confirmatory_04,chain,adam,target_biased,42,0,,28.972003321060686,199,7.381788677391839,28.972003321060686,2.2510868423593143e-14,0.9849184246008492,7.318615625713893,0.0164164764008618,0.0384292063601636,5509.997811177368,31,0.6905244682927316,1.047477775558401,0,
ising_confirmatory_04,chain,adam,target_biased,50,0,,15.546877625065882,199,3.961195363321057,15.546877625065882,1.6629020786353982e-16,0.9822224482553236,3.892658077605287,0.0164295535930749,0.0268857648919718,538.9361737848421,31,0.6002718277635202,1.3323897941042773,0,
ising_confirmatory_04,chain,adam,target_biased,101,0,,26.843074286399048,199,6.839357970447523,26.843074286399048,7.921995984897228e-20,0.9838116621878578,6.781139251784438,0.0129025147625562,0.0223501883955759,395.10296927226966,31,0.5190489273054846,1.646751365316567,0,
ising_confirmatory_04,chain,exact_natural,target_biased,0,0,,10.55265928613886,90,2.6887164125846787,10.55265928613886,2.433342754212711e-126,0.9999999999999978,2.688716412584672,2.827044783315466e-15,5.497838205929673e-15,8.388464104127294,2,0.3705381333490696,2.5066711645130506,0,1.0
ising_confirmatory_04,chain,exact_natural,target_biased,19,0,,10.456263340467936,121,2.664155649822966,10.456263340467936,5.558839074234336e-35,0.9999999999999976,2.6641556498229626,1.0103106832606166e-15,1.791531014135696e-15,1.0,1,0.4799052420947676,1.8281115758656803,0,0.9959016393442623
ising_confirmatory_04,chain,exact_natural,target_biased,42,0,,14.157924118762113,71,3.6073033264937777,14.157924118762113,2.140275225540691e-75,0.999999999999998,3.607303326493774,8.266178317586863e-16,1.9350234765346948e-15,1.0,1,0.4948211663713585,1.7561795823124624,0,1.0
ising_confirmatory_04,chain,exact_natural,target_biased,50,0,,15.89512961487014,199,4.049926631460444,15.89512961487014,2.4899332591223585e-103,0.999995881832511,4.049926340732036,1.8088204344429137e-07,2.960002574429336e-07,47691072573.17351,7,0.4432391519328294,2.0223921901865296,0,1.0
ising_confirmatory_04,chain,exact_natural,target_biased,101,0,,1.0,68,0.2547904125092302,1.0,2.249312494423308e-115,1.0,0.2547904125092231,1.7638519084099711e-16,3.0554061111609616e-16,2.942408424485976,2,0.3952611708509994,2.3239540068627265,0,1.0
ising_confirmatory_04,random_tree,adam,random,0,0,,15.542728772642448,199,3.9601382755006505,15.542728772642448,8.322603618291612e-16,0.9616382554862312,3.8472533345852007,0.0210747670445966,0.0234262921445442,11501.955443903971,31,0.5436514751671213,1.5438403262508829,0,
ising_confirmatory_04,random_tree,adam,random,19,0,,10.427839775840248,199,2.6569135980664957,10.427839775840248,1.2965548967467385e-18,0.953934361609914,2.5122685542913885,0.0263959414618448,0.0288081418094106,5824.217948001703,31,0.4452758779228163,2.010873423212742,0,
ising_confirmatory_04,random_tree,adam,random,42,0,,14.657734988891956,199,3.734650344270758,14.657734988891956,1.2991302297613864e-08,0.959537907539773,3.607303326493774,0.0244625533629016,0.0245284163862468,4722.795350214334,31,0.5391065075697179,1.562284237656001,0,
ising_confirmatory_04,random_tree,adam,random,50,0,,16.452569003960928,199,4.191956843355779,16.452569003960928,4.810232776444872e-17,0.6659938985761581,4.049926340732036,0.0252028603585042,0.0280936199379457,25369.06203764354,31,0.5308694779469743,1.5963501975736558,0,
ising_confirmatory_04,random_tree,adam,random,101,0,,1.5783684592116205,199,0.4021531508140867,1.5783684592116205,6.235004940458884e-20,0.9729248462990324,0.2547904125092231,0.0271104733557757,0.0308531701436521,2401.300388287307,31,0.4819582699420653,1.817987626869952,0,
ising_confirmatory_04,random_tree,adam,target_biased,0,0,,15.263695996057558,199,3.8890433992509914,15.263695996057558,1.0504356279971086e-12,0.9837706878288668,3.8472533345852007,0.0094623180056401,0.0168600905431926,76123.06752770112,31,0.8432646265373132,0.6374020752154775,0,
ising_confirmatory_04,random_tree,adam,target_biased,19,0,,16.87757852183612,199,4.300245193735549,16.87757852183612,9.112832629995488e-12,0.985406909842827,4.271589721612308,0.0067308978521469,0.0073473810291239,22657.68439022614,31,0.8316546351448107,0.6676969061855027,0,
ising_confirmatory_04,random_tree,adam,target_biased,42,0,,15.219345397380698,199,3.8777432919190815,15.219345397380698,1.2159212965939717e-11,0.9873195498501964,3.8472533345852007,0.0074748849305569,0.010887713133938,20291.458845637044,31,0.845336143503768,0.6319791105028307,0,
ising_confirmatory_04,random_tree,adam,target_biased,50,0,,1.195173089194567,199,0.3045186444158148,1.195173089194567,4.567765099130105e-13,0.9904194749904592,0.2547904125092231,0.0123432633836872,0.016677995305531,92877.2800615118,31,0.8324714125791671,0.665570000816049,0,
ising_confirmatory_04,random_tree,adam,target_biased,101,0,,15.243719842846083,199,3.883953666933891,15.243719842846083,3.3152019926073877e-12,0.9842935844555404,3.8472533345852007,0.0085938397209471,0.014441241798092,63085.815334058105,31,0.811549557177203,0.7199604597711875,0,
ising_confirmatory_04,random_tree,exact_natural,target_biased,0,0,,10.552659286138846,75,2.688716412584675,10.552659286138846,3.808803837207348e-97,0.9999999999999992,2.688716412584672,3.076575719530382e-16,5.48188563979262e-16,1.0,1,0.7351977075701884,0.9220006106415978,0,1.0
ising_confirmatory_04,random_tree,exact_natural,target_biased,19,1,30.0,0.0697536219221679,30,0.017772554103562,0.0697536219221679,0.995835453166452,0.995835453166452,-3.552713678800501e-15,0.0237179699255394,0.0258902996462285,93642542774.77444,21,0.7888423773951667,0.7791107306500149,0,1.0
ising_confirmatory_04,random_tree,exact_natural,target_biased,42,1,12.0,0.0313357711809059,12,0.0079840540654778,0.0313357711809059,0.9978711331745448,0.9978711331745448,-3.552713678800501e-15,0.009386174148503,0.0136716447816216,54327587903.6613,29,0.8034212185050981,0.741094533131599,0,1.0
ising_confirmatory_04,random_tree,exact_natural,target_biased,50,0,,0.999999999999986,39,0.2547904125092266,0.999999999999986,1.2155172172300592e-69,0.9999999999999988,0.2547904125092231,1.9071093044219946e-15,2.5768517642036805e-15,1.0,1,0.7485679628159839,0.8857686991428608,0,0.7442201268978608
ising_confirmatory_04,random_tree,exact_natural,target_biased,101,0,,1.578871407815265,48,0.4022812972962803,1.578871407815265,5.761386042622059e-35,1.0,0.4022812972962875,6.656560331726641e-17,1.1185802902483802e-16,1.0,1,0.7269831118826878,0.9445272223130776,0,1.0
ising_confirmatory_04,problem_tree,adam,random,0,0,,1.5483613770727314,199,0.3945076339777209,1.5483613770727314,3.3502096108455376e-19,0.9720510023812362,0.2547904125092231,0.0249942053632445,0.0256036298380311,1457.875606525772,31,0.5667394461178413,1.4537493141245723,0,
ising_confirmatory_04,problem_tree,adam,random,19,0,,1.6109094687759136,199,0.4104442880644399,1.6109094687759136,4.2141607848225274e-19,0.9712297583044848,0.2547904125092231,0.0287434230918445,0.0285531117444519,4710.256317303973,31,0.6140538996062992,1.285333573208313,0,
ising_confirmatory_04,problem_tree,adam,random,42,0,,14.793997219937172,199,3.769368654328197,14.793997219937172,5.7262252502928005e-12,0.9390638534143304,3.62802777695444,0.0251797476665641,0.0242162217718242,5079.783515081979,31,0.4805432960256541,1.8249573151098248,0,
ising_confirmatory_04,problem_tree,adam,random,50,0,,1.5389419264547146,199,0.3921076482691461,1.5389419264547146,6.431576549535208e-18,0.9708088808943884,0.2547904125092231,0.0240437041295707,0.0236737688321106,1301.864131996683,31,0.6160874739653329,1.2785160789104282,0,
ising_confirmatory_04,problem_tree,adam,random,101,0,,1.6642747909267648,199,0.4240412605089432,1.6642747909267648,3.8450387921521993e-19,0.966841805411054,0.2547904125092231,0.029417354265496,0.0271485672810889,1331.8011727478977,31,0.5612283301815488,1.4747313595982952,0,
ising_confirmatory_04,problem_tree,adam,target_biased,0,0,,1.1529210660323768,199,0.2937532340049706,1.1529210660323768,3.4201480415045455e-12,0.9910286196250128,0.2547904125092231,0.0081706565971975,0.0224885922416317,185918.1043506692,31,0.901669886495588,0.4795824360259527,0,
ising_confirmatory_04,problem_tree,adam,target_biased,19,0,,1.1530090078808464,199,0.2937756407448191,1.1530090078808464,7.361702150965128e-14,0.9920033999575288,0.2547904125092231,0.0086014948550105,0.0228611645070166,84995.93445362325,31,0.8754866711695001,0.5519698733315342,0,
ising_confirmatory_04,problem_tree,adam,target_biased,42,0,,1.115534769217508,199,0.2842275640173177,1.115534769217508,6.72202379241784e-13,0.9940195081771016,0.2547904125092231,0.0067564006501272,0.031294400409971,42821.819749676295,31,0.9002542920320626,0.4836016445600234,0,
ising_confirmatory_04,problem_tree,adam,target_biased,50,0,,1.1208722833310365,199,0.2855875114400774,1.1208722833310365,1.4333827712533469e-12,0.991518873949849,0.2547904125092231,0.0071585322423145,0.0183868195152064,103453.69855755272,31,0.8888844454065201,0.5154004788562192,0,
ising_confirmatory_04,problem_tree,adam,target_biased,101,0,,1.1801926817693065,199,0.3007017802283762,1.1801926817693065,4.2607715742215806e-12,0.9896690027765492,0.2547904125092231,0.0089987933480445,0.0166158897480214,41375.41787493679,31,0.8824336100120453,0.5331131369634954,0,
ising_confirmatory_04,problem_tree,exact_natural,target_biased,0,1,38.0,0.098205437170287,38,0.0250218038472667,0.098205437170287,0.9017946078978794,0.9017946078978794,-3.552713678800501e-15,0.0324216364284436,0.0892360305162961,974169011427.2384,19,0.8591157408987776,0.5957070966312478,0,1.0
ising_confirmatory_04,problem_tree,exact_natural,target_biased,19,1,61.0,0.0836339459307117,61,0.0213091275834607,0.0836339459307117,0.9163660575247746,0.9163660575247746,-3.552713678800501e-15,0.0280571649135383,0.0745706965476135,414105468803.9013,12,0.8639775587202649,0.582804853925005,0,1.0
ising_confirmatory_04,problem_tree,exact_natural,target_biased,42,1,58.0,0.0804147319910848,58,0.0204889027358277,0.0804147319910848,0.9195852701773632,0.9195852701773632,-3.552713678800501e-15,0.0270719684193648,0.1253923595525279,910712370292.7352,13,0.8602133496620925,0.5927998012277248,0,1.0
ising_confirmatory_04,problem_tree,exact_natural,target_biased,50,1,52.0,0.0990259599139904,52,0.0252308651756081,0.0990259599139904,0.9009740509004088,0.9009740509004088,-3.552713678800501e-15,0.032662804513093,0.0838950040474346,795837729975.522,12,0.8743118911823977,0.5551388749793259,0,1.0
ising_confirmatory_04,problem_tree,exact_natural,target_biased,101,0,,0.999999999999972,45,0.2547904125092231,0.999999999999972,1.4502964962694973e-79,0.9999999999999988,0.2547904125092231,8.769658794764314e-16,1.6192802526489069e-15,1.0,1,0.7919866453703097,0.770894833152248,0,0.8732485563858695
ising_confirmatory_04,full,adam,random,0,0,,20.85493010091275,199,5.313636243262721,20.85493010091275,3.661154276998792e-13,0.9860323570236958,5.262543363552037,0.0115207713801563,0.0114779030601735,3455.96361221481,40,0.5250663069559798,1.62086447069397,0,
ising_confirmatory_04,full,adam,random,19,0,,1.2358300410773295,199,0.3148776459573916,1.2358300410773295,1.386244371837446e-13,0.9894929628466111,0.2547904125092231,0.013709887011407,0.0138042099898602,2243.649555804056,40,0.6537149149998193,1.157600807271956,0,
ising_confirmatory_04,full,adam,random,42,0,,14.441479626233734,199,3.679550551211737,14.441479626233734,4.312166932920893e-10,0.97736308749904,3.62802777695444,0.011477282083817,0.0105968759260263,5513.784500466353,40,0.6518872934643535,1.163262232958176,0,
ising_confirmatory_04,full,adam,random,50,0,,1.2150748896586026,199,0.3095894323657226,1.2150748896586026,1.2966175143212037e-12,0.9884219745143904,0.2547904125092231,0.0124682473536509,0.0122421599630507,3077.880893811885,40,0.6896292665153925,1.0500752180865336,0,
ising_confirmatory_04,full,adam,random,101,0,,1.2481869755963713,199,0.3180260744008478,1.2481869755963713,3.3622249553211415e-14,0.9870863241196546,0.2547904125092231,0.0140425818411601,0.0141196687280575,2587.4708340471366,40,0.600916631164559,1.330154074536422,0,
ising_confirmatory_04,full,adam,target_biased,0,0,,1.0301937656034903,199,0.2624834945025505,1.0301937656034903,3.7213672271307664e-08,0.997623365896373,0.2547904125092231,0.0021918828552186,0.0045778755848495,82496.01960660244,40,0.9286635930155248,0.3994159805841913,0,
ising_confirmatory_04,full,adam,target_biased,19,0,,1.0287611518542763,199,0.2621184782544219,1.0287611518542763,2.1403207288982457e-07,0.9981865665200342,0.2547904125092231,0.0019255077524531,0.0032972018571782,30852.01242876204,40,0.9190782088085936,0.4287721920161684,0,
ising_confirmatory_04,full,adam,target_biased,42,0,,1.032701064195508,199,0.2631223301450944,1.032701064195508,2.90636379624577e-06,0.9977068220989492,0.2547904125092231,0.0022605971672918,0.00375835336401,8570.734211031142,40,0.943354897298504,0.3517079097033823,0,
ising_confirmatory_04,full,adam,target_biased,50,0,,1.0248747637057278,199,0.2611282638148822,1.0248747637057278,3.6466853824972663e-08,0.9982468322956036,0.2547904125092231,0.0016923738475055,0.0035226486447284,64799.93567412739,40,0.9199261928441598,0.4262206833865032,0,
ising_confirmatory_04,full,adam,target_biased,101,0,,1.0337901495192547,199,0.2633998186439896,1.0337901495192547,1.6435385581460806e-08,0.997455942688835,0.2547904125092231,0.002652598848527,0.0049577587674646,55442.30919522311,40,0.8979644697325913,0.4900727999171904,0,
ising_confirmatory_04,full,exact_natural,target_biased,0,1,17.0,0.0989169139148874,17,0.0252030813005141,0.0989169139148874,0.901942755480524,0.901942755480524,-3.552713678800501e-15,0.0281373211236219,0.0587664414127622,460168183999.2189,12,0.9600439260962904,0.2914964041357448,0,1.0
ising_confirmatory_04,full,exact_natural,target_biased,19,1,17.0,0.0838324989218166,17,0.0213597169819692,0.0838324989218166,0.916299850124128,0.916299850124128,-3.552713678800501e-15,0.0246604173727364,0.0422280169251793,559080579399.1194,11,0.96230824357469,0.2826132998128096,0,1.0
ising_confirmatory_04,full,exact_natural,target_biased,42,1,15.0,0.0876522807925684,15,0.0223329607805133,0.0876522807925684,0.9145036104852774,0.9145036104852774,-3.552713678800501e-15,0.0242917676862723,0.040386251970231,730189230000.831,12,0.9614453967896712,0.2860234269630561,0,1.0
ising_confirmatory_04,full,exact_natural,target_biased,50,1,22.0,0.0957862110577,22,0.0244054082280875,0.0957862110577,0.904294438682473,0.904294438682473,-3.552713678800501e-15,0.0278579361021047,0.057985841012382,699754732187.5929,11,0.9606665810546436,0.2890746703880919,0,1.0
ising_confirmatory_04,full,exact_natural,target_biased,101,1,23.0,0.0949259874063396,23,0.0241862314891072,0.0949259874063396,0.9052700797774996,0.9052700797774996,-3.552713678800501e-15,0.0275537502754566,0.0514984944219987,659774314235.1294,11,0.9620588902936128,0.2836020569863062,0,1.0
ising_confirmatory_05,chain,adam,random,0,0,,1.804449584572998,199,2.3844806272729,1.804449584572998,1.408850050478528e-17,0.9835631120234852,2.2810505758063684,0.0216603188578548,0.0293955915131192,411.7425760272497,31,0.2438873175782482,3.976441193358089,0,
ising_confirmatory_05,chain,adam,random,19,1,189.0,0.0997349507642003,189,0.1317942379728656,0.0997349507642003,0.9811472207256932,0.9811472207256932,1.0658141036401504e-14,0.0278682231282581,0.0538495483145549,276.6332027063221,31,0.4046709708503027,2.2597676248149834,0,
ising_confirmatory_05,chain,adam,random,42,0,,6.564583805095604,199,8.674735522225198,6.564583805095604,1.1132189659045913e-15,0.977991134324838,8.589486016368454,0.0174256681708322,0.0306191540243689,213.43101089209347,31,0.4635043486873176,1.9117288691265355,0,
ising_confirmatory_05,chain,adam,random,50,0,,5.02900482236768,199,6.645552569558429,5.02900482236768,7.079750776718157e-17,0.9833591717692424,6.552107457040986,0.019712413261795,0.0332848994448637,176.7289472547491,31,0.2097296516343332,4.661998945682396,0,
ising_confirmatory_05,chain,adam,random,101,0,,6.58158435387537,199,8.697200810014301,6.58158435387537,6.775548539879162e-18,0.9771569243111478,8.623016532052617,0.0166448094392186,0.0209030717367031,224.54964905290285,31,0.464113986674725,1.908530035823976,0,
ising_confirmatory_05,chain,adam,target_biased,0,0,,6.894739067612601,199,9.11101749662587,6.894739067612601,2.8503967224962502e-11,0.9641582843698318,9.074409665635043,0.014815357006476,0.0209563560728911,13436.83219090955,31,0.7427626812661974,0.901438364936327,0,
ising_confirmatory_05,chain,adam,target_biased,19,1,160.0,0.099450667097997,160,0.1314185727835983,0.099450667097997,0.9815559719884404,0.9815559719884404,1.0658141036401504e-14,0.0292800273676821,0.0467779543011935,633.1011921787423,31,0.6668883260362307,1.117365000852599,0,
ising_confirmatory_05,chain,adam,target_biased,42,0,,6.547069937780806,199,8.65159191229683,6.547069937780806,8.822817462028603e-14,0.9832594231170054,8.589486016368454,0.0130923114400952,0.0162950079213136,2046.1244764207763,31,0.6991151653135136,1.0227343308750791,0,
ising_confirmatory_05,chain,adam,target_biased,50,0,,4.930964606612242,199,6.515997830450647,4.930964606612242,1.0184054635017574e-14,0.9849759352691648,6.439822189419004,0.0190467824641026,0.0189909453013915,701.1038457143251,31,0.653067026352979,1.1596054938946307,0,
ising_confirmatory_05,chain,adam,target_biased,101,0,,6.541050776393791,199,8.643637922425086,6.541050776393791,2.9711409263722025e-14,0.9860082263859612,8.589486016368454,0.0123808671966711,0.0138276174916862,860.7201478252264,31,0.7229938584158279,0.9555467849583076,0,
ising_confirmatory_05,chain,exact_natural,target_biased,0,0,,4.873318886096854,55,6.439822189419004,4.873318886096854,1.1348422554778092e-90,1.0,6.439822189419004,6.17348546580017e-17,8.732409187006299e-17,1.0,1,0.5342170982938247,1.58240408809742,0,1.0
ising_confirmatory_05,chain,exact_natural,target_biased,19,1,11.0,0.0998896622689533,11,0.1319986806954851,0.0998896622689533,0.9781304814228456,0.9781304814228456,1.0658141036401504e-14,0.0459192358817719,0.0733608575787783,15205382.873553677,31,0.5826299381235589,1.3949464579305606,0,1.0
ising_confirmatory_05,chain,exact_natural,target_biased,42,0,,6.4635853496517655,199,8.541271632488812,6.4635853496517655,2.9801648885406775e-59,0.998094445018838,8.541179581919259,5.716206153221089e-05,7.114528627950331e-05,612317055377.8113,12,0.595221516531545,1.350021194952005,0,1.0
ising_confirmatory_05,chain,exact_natural,target_biased,50,0,,4.873318886096854,52,6.439822189419004,4.873318886096854,1.5396352403074733e-107,1.0,6.439822189419004,6.17348546580017e-17,6.15538740051809e-17,1.0,1,0.5409023938448517,1.5549669958759242,0,1.0
ising_confirmatory_05,chain,exact_natural,target_biased,101,0,,6.4636844627465,199,8.54140260497833,6.4636844627465,2.0382396804342704e-56,0.9953831605091024,8.541179581919259,0.000138117855457,0.0001542574396199,345133388731.4001,12,0.6007633801525128,1.3306851279514105,0,1.0
ising_confirmatory_05,random_tree,adam,random,0,0,,1.8320350483044965,199,2.420933296510352,1.8320350483044965,1.3098272448778296e-18,0.9770093846336696,2.2810505758063684,0.0308616943757561,0.0274915636993452,1675.0011651807486,31,0.5261338569289205,1.6163220735088089,0,
ising_confirmatory_05,random_tree,adam,random,19,0,,4.590174862724763,199,6.065662975312382,4.590174862724763,3.970606724968233e-11,0.9753197843504616,5.950132779179764,0.0237177465939191,0.0273921874987623,1425.0592598637495,31,0.478876523507031,1.8332121626415692,0,
ising_confirmatory_05,random_tree,adam,random,42,0,,4.966254095157359,199,6.562630943673433,4.966254095157359,1.535402562440829e-13,0.9728431858235012,6.439822189419004,0.0232714751303592,0.025013380067503,1985.839262144022,31,0.555591903397624,1.496521326401228,0,
ising_confirmatory_05,random_tree,adam,random,50,0,,3.39118905640612,199,4.481269345263403,3.39118905640612,1.7745166598445556e-09,0.9687995738459622,4.339110451956355,0.0284922109210515,0.0288226651800438,2382.2398025750485,31,0.5147772517951024,1.6654270600570888,0,
ising_confirmatory_05,random_tree,adam,random,101,0,,6.628089094403959,199,8.758654260315609,6.628089094403959,1.923132417766245e-07,0.9657432425208268,8.671682315672147,0.0218215298916138,0.0233360961324878,2326.4988604415435,31,0.617071948581478,1.275226879530826,0,
ising_confirmatory_05,random_tree,adam,target_biased,0,0,,1.7576015120436843,199,2.3225734826642253,1.7576015120436843,2.484691577930474e-13,0.9909697242922152,2.2810505758063684,0.0126622456376082,0.0222577452481272,99692.46273502531,31,0.8361611148363036,0.6559548053766651,0,
ising_confirmatory_05,random_tree,adam,target_biased,19,1,99.0,0.0995557582956086,99,0.1315574450064325,0.0995557582956086,0.9799252466763548,0.9799252466763548,1.0658141036401504e-14,0.033446940904339,0.0257799715017984,1108.7161855034294,31,0.9035694892857298,0.4741655999483533,0,
ising_confirmatory_05,random_tree,adam,target_biased,42,1,109.0,0.0996674483872533,109,0.1317050373038633,0.0996674483872533,0.9790683222196088,0.9790683222196088,1.0658141036401504e-14,0.0348876042895726,0.0511101129120282,1773.5069742379435,31,0.9103956277675757,0.4544604510543134,0,
ising_confirmatory_05,random_tree,adam,target_biased,50,1,96.0,0.0991922094754407,96,0.1310770352869426,0.0991922094754407,0.9766184702828788,0.9766184702828788,1.0658141036401504e-14,0.0343031712223087,0.0875037145052743,2605.059811522566,31,0.913666883340557,0.4448708979944939,0,
ising_confirmatory_05,random_tree,adam,target_biased,101,1,94.0,0.0989408873758041,94,0.1307449269903671,0.0989408873758041,0.9787203868462376,0.9787203868462376,1.0658141036401504e-14,0.0345445417898347,0.0610880089286506,1151.1703937597058,31,0.91492814244143,0.4411458646186917,0,
ising_confirmatory_05,random_tree,exact_natural,target_biased,0,0,,1.7261791590277038,41,2.2810505758063613,1.7261791590277038,1.1406025484754806e-96,0.9999999999999988,2.2810505758063684,9.747075770810934e-16,1.7133448175776565e-15,8.140339198562453,3,0.706467099070116,1.0018101141167888,0,0.8098696924391247
ising_confirmatory_05,random_tree,exact_natural,target_biased,19,1,4.0,0.0636309794372976,4,0.0840848306651587,0.0636309794372976,0.9817329318052676,0.9817329318052676,1.0658141036401504e-14,0.0265271396009774,0.0204463811770806,1466759.399865151,31,0.9335867053461964,0.3838439323353968,0,1.0
ising_confirmatory_05,random_tree,exact_natural,target_biased,42,1,6.0,0.0426788950828525,6,0.0563978065048331,0.0426788950828525,0.9855382619681736,0.9855382619681736,1.0658141036401504e-14,0.0210831987541374,0.0308867487697558,40837660.03569407,31,0.9173177303863278,0.4340436941101916,0,1.0
ising_confirmatory_05,random_tree,exact_natural,target_biased,50,1,9.0,0.0954882028505948,9,0.1261823947739877,0.0954882028505948,0.964380695268949,0.964380695268949,1.0658141036401504e-14,0.0626180409191234,0.1597319134128171,723618069036.7947,31,0.8935608484727685,0.5024191713375049,0,1.0
ising_confirmatory_05,random_tree,exact_natural,target_biased,101,1,7.0,0.0782111442814584,7,0.1033517145451945,0.0782111442814584,0.9702896895274724,0.9702896895274724,1.0658141036401504e-14,0.0488830451842414,0.0864439863999958,1941997182.9959595,31,0.9069186429194336,0.4645464076952939,0,1.0
ising_confirmatory_05,problem_tree,adam,random,0,0,,1.8433083508178407,199,2.4358303441631506,1.8433083508178407,1.5248566506887924e-18,0.9677820116773048,2.2810505758063684,0.0285787655027262,0.0246203752369389,12942.278211334991,31,0.5803242761880548,1.4033283259312626,0,
ising_confirmatory_05,problem_tree,adam,random,19,0,,4.615739326099337,199,6.099445004017674,4.615739326099337,5.346643305792429e-09,0.9593990331901368,5.950132779179764,0.0294197323899819,0.0291955581988092,8180.846949167774,31,0.5245932111958819,1.6228822651855244,0,
ising_confirmatory_05,problem_tree,adam,random,42,0,,4.190041296309436,199,5.536908530967658,4.190041296309436,4.050862258748055e-05,0.9579388317869706,5.3933413998416455,0.0269024575919444,0.0264123280451114,8013.474764763389,31,0.6429958986199806,1.19109565291112,0,
ising_confirmatory_05,problem_tree,adam,random,50,0,,3.388806240696619,199,4.478120585693592,3.388806240696619,7.032560116453579e-08,0.9701807574100524,4.339110451956355,0.0265043865064691,0.0262155221269301,13641.365906854786,31,0.5665850355351149,1.4543329306287631,0,
ising_confirmatory_05,problem_tree,adam,random,101,0,,4.985721277864151,199,6.588355752185006,4.985721277864151,0.0002151762556757,0.9255129546686692,6.4404678444566095,0.0323527984224158,0.0316657453297622,7591.998040198308,31,0.6285354821702913,1.2374494908197302,0,
ising_confirmatory_05,problem_tree,adam,target_biased,0,0,,1.036010203325253,199,1.369030357293525,1.036010203325253,1.999128001903517e-12,0.9889918786020716,1.321444859229569,0.0122596400542811,0.0185557779458563,53988.09424550821,31,0.8743317964793358,0.5550852244489535,0,
ising_confirmatory_05,problem_tree,adam,target_biased,19,1,77.0,0.0999043710204699,77,0.1320181174995625,0.0999043710204699,0.978509204565764,0.978509204565764,1.0658141036401504e-14,0.0299734019196698,0.0264272395761295,2229.7472088944724,31,0.9531771878234248,0.3172677499794746,0,
ising_confirmatory_05,problem_tree,adam,target_biased,42,1,79.0,0.0998439353452489,79,0.1319382550872276,0.0998439353452489,0.9779110203173952,0.9779110203173952,1.0658141036401504e-14,0.0281179393500557,0.0232551069158461,904.5050268011956,31,0.9481215727786938,0.3353029699099673,0,
ising_confirmatory_05,problem_tree,adam,target_biased,50,1,78.0,0.0993876784311843,78,0.1313353367336489,0.0993876784311843,0.9721942624342106,0.9721942624342106,1.0658141036401504e-14,0.0272834008620035,0.0544657013825414,1957.806023414037,31,0.9531577055123446,0.3173386519680103,0,
ising_confirmatory_05,problem_tree,adam,target_biased,101,1,72.0,0.0996300688095513,72,0.1316556422530688,0.0996300688095513,0.9740428123276792,0.9740428123276792,1.0658141036401504e-14,0.0277668393798843,0.0231040580249485,2356.8717219422238,31,0.947174078639977,0.3386071510999132,0,
ising_confirmatory_05,problem_tree,exact_natural,target_biased,0,1,14.0,0.0732485735903641,14,0.0967939510168847,0.0732485735903641,0.9349651167931518,0.9349651167931518,1.0658141036401504e-14,0.124482962357335,0.1884132158299767,249361866894.52585,31,0.9727509942145156,0.2383470508761459,0,1.0
ising_confirmatory_05,problem_tree,exact_natural,target_biased,19,1,3.0,0.0642270131498365,3,0.0848724563505207,0.0642270131498365,0.975872395206854,0.975872395206854,1.0658141036401504e-14,0.0461206196776131,0.0406640750651586,85914.04127186217,31,0.9770629389998424,0.2179498587963683,0,1.0
ising_confirmatory_05,problem_tree,exact_natural,target_biased,42,1,3.0,0.0880406354621175,3,0.1163408451347187,0.0880406354621175,0.9711423058070884,0.9711423058070884,1.0658141036401504e-14,0.0649098874030872,0.0536841036841957,85746.73677806476,31,0.9801761923661232,0.2021349005086022,0,1.0
ising_confirmatory_05,problem_tree,exact_natural,target_biased,50,1,7.0,0.0743478771177928,7,0.0982466200119382,0.0743478771177928,0.956941846756107,0.956941846756107,1.0658141036401504e-14,0.1039063766762079,0.2074277218009733,1284493909.7051728,31,0.9693367778156724,0.2535094774105228,0,1.0
ising_confirmatory_05,problem_tree,exact_natural,target_biased,101,1,4.0,0.050474596977255,4,0.0666993966972775,0.050474596977255,0.9810773041694596,0.9810773041694596,1.0658141036401504e-14,0.02963306010399,0.024656891291535,2289052.085622919,31,0.968254582348145,0.2581615721584695,0,1.0
ising_confirmatory_05,full,adam,random,0,0,,1.772309643269206,199,2.3420094670610645,1.772309643269206,9.586388878496657e-14,0.9890584355006368,2.2810505758063684,0.0140028295943283,0.0111353149643798,3184.827430159826,40,0.6507531349597895,1.166785583900121,0,
ising_confirmatory_05,full,adam,random,19,0,,4.540803401748741,199,6.000421312012964,4.540803401748741,6.079485952959205e-10,0.9868451532316292,5.950132779179764,0.0118833140050717,0.0115645791969308,3972.284137543305,40,0.5885236005181068,1.3737427643642344,0,
ising_confirmatory_05,full,adam,random,42,0,,4.915153593887023,199,6.495104448965694,4.915153593887023,1.2499386960126868e-12,0.9860167446111096,6.439822189419004,0.0124161637128647,0.012044255900014,2584.44207381995,40,0.6361615419249396,1.2128301381302524,0,
ising_confirmatory_05,full,adam,random,50,0,,3.327848046113137,199,4.397567692833334,3.327848046113137,2.54716709909501e-09,0.9883166764413068,4.339110451956355,0.0139027586979112,0.0132031377694138,2315.4400878064907,40,0.6614204615740285,1.1339463454147838,0,
ising_confirmatory_05,full,adam,random,101,0,,4.539967140923108,199,5.9993162394439565,4.539967140923108,3.719682920652372e-09,0.9858610744070732,5.950132779179764,0.0128760103038919,0.0128141846242233,3741.365846624029,40,0.6544209065635259,1.1554191735020871,0,
ising_confirmatory_05,full,adam,target_biased,0,1,26.0,0.0933425798025146,26,0.1233470722272578,0.0933425798025146,0.9673226419416878,0.9673226419416878,1.0658141036401504e-14,0.0477473037005177,0.1193618241653033,210073.0808149996,40,0.967859666252376,0.2598423058241801,0,
ising_confirmatory_05,full,adam,target_biased,19,1,11.0,0.0966293798963782,11,0.127690397314609,0.0966293798963782,0.9692064409842128,0.9692064409842128,1.0658141036401504e-14,0.0486467386886303,0.1035816966109699,50009.60055540098,40,0.968905409795844,0.2553721096129914,0,
ising_confirmatory_05,full,adam,target_biased,42,1,18.0,0.0973976467639206,18,0.1287056196172393,0.0973976467639206,0.9672960110774054,0.9672960110774054,1.0658141036401504e-14,0.045727491533865,0.0674596098141248,137094.14992583767,40,0.9689691097285176,0.2550977552375069,0,
ising_confirmatory_05,full,adam,target_biased,50,0,,1.0046873768183242,199,1.3276389692294046,1.0046873768183242,2.2407951515216888e-08,0.9977690331446066,1.321444859229569,0.0020815847260429,0.0055415641205744,206983.9261941167,40,0.9395948131726464,0.3642939948973057,0,
ising_confirmatory_05,full,adam,target_biased,101,1,19.0,0.0978304208321704,19,0.1292775066849358,0.0978304208321704,0.9668188449950564,0.9668188449950564,1.0658141036401504e-14,0.0562575508626583,0.0766132045550783,551612.0059584373,40,0.9580269809298876,0.2992379700803522,0,
ising_confirmatory_05,full,exact_natural,target_biased,0,1,6.0,0.0934367130834269,6,0.1234714641674017,0.0934367130834269,0.9142269787197056,0.9142269787197056,1.0658141036401504e-14,0.1455420758261952,0.363835574305322,898739900537.2677,32,0.990096669585514,0.1417914753285545,0,1.0
ising_confirmatory_05,full,exact_natural,target_biased,19,1,2.0,0.0590805335362181,2,0.078071667321975,0.0590805335362181,0.9503600781398508,0.9503600781398508,1.0658141036401504e-14,0.0803751710133833,0.1711398709012808,277157050.3570895,40,0.9925672333222078,0.1226088468997385,0,1.0
ising_confirmatory_05,full,exact_natural,target_biased,42,1,3.0,0.048088761387837,3,0.0635466465226741,0.048088761387837,0.9622200460243656,0.9622200460243656,1.0658141036401504e-14,0.064266531952172,0.0948093810566097,15961900421.009815,40,0.9951530251229708,0.0988174453694869,0,1.0
ising_confirmatory_05,full,exact_natural,target_biased,50,1,5.0,0.0900056759024939,5,0.1189375377228323,0.0900056759024939,0.91723230563558,0.91723230563558,1.0658141036401504e-14,0.131222769419594,0.3493393190870595,697044828149.3589,34,0.9940538509406432,0.1095409303620031,0,1.0
ising_confirmatory_05,full,exact_natural,target_biased,101,1,3.0,0.0448486843605522,3,0.0592650633914608,0.0448486843605522,0.9635485043126086,0.9635485043126086,1.0658141036401504e-14,0.0597153733546858,0.0813221699798238,68406704715.91105,40,0.991643273906857,0.1300973320030457,0,1.0
ising_confirmatory_06,chain,adam,random,0,0,,22.311986783550893,199,3.3965307260965787,22.311986783550893,7.964072410809718e-21,0.9824060247274512,3.3000730641726364,0.0227807029266466,0.0510201065670131,691.4212208416125,31,0.174037286121234,5.658207418502674,0,
ising_confirmatory_06,chain,adam,random,19,0,,1.6192335285788928,199,0.2464942492973598,1.6192335285788928,0.0028463290777689,0.9833451992275952,0.1522289681795925,0.0213116881697391,0.0415226851962351,228.13436302567357,31,0.265468569165491,3.631765213537885,0,
ising_confirmatory_06,chain,adam,random,42,0,,23.875971463358443,199,3.634614500152367,23.875971463358443,1.342685487707248e-18,0.9821726937841834,3.5472514137360136,0.0194583667004926,0.04233565007467,347.8805729099272,31,0.1893334132432891,5.186157266816407,0,
ising_confirmatory_06,chain,adam,random,50,0,,42.92788766547239,199,6.534868045444167,42.92788766547239,5.0510374094867604e-21,0.9793943662834692,6.457885221032768,0.0176697507563593,0.0303836904113189,502.24728071633314,31,0.0920868198343498,10.81317590855527,0,
ising_confirmatory_06,chain,adam,random,101,0,,52.18441670753448,199,7.943979910441678,52.18441670753448,7.123749679094719e-12,0.9473668830216192,7.906127435769566,0.0170643831478632,0.0339695550931233,3589.7083153694125,31,0.0756346321904473,13.183584952179569,0,
ising_confirmatory_06,chain,adam,target_biased,0,0,,43.223189576712215,199,6.579821550693666,43.223189576712215,1.978600762972108e-17,0.9833828660533052,6.5045532563921,0.019408794480717,0.0449521741462574,387.6178404346577,31,0.4738742921356954,1.8582829180585545,0,
ising_confirmatory_06,chain,adam,target_biased,19,0,,4.024044420761263,199,0.6125761300813188,4.024044420761263,7.750879712322426e-06,0.9790211823863412,0.528543302952599,0.0178645926292265,0.0391368484035131,449.6586894284689,31,0.4864484683824879,1.7960983049327464,0,
ising_confirmatory_06,chain,adam,target_biased,42,0,,19.596411735143214,199,2.98314153846324,19.596411735143214,4.0955419709507734e-22,0.9822126902531416,2.8979876835753515,0.0205626602921579,0.0336369866163716,678.3486296782257,31,0.5107092543459392,1.6834499848400382,0,
ising_confirmatory_06,chain,adam,target_biased,50,0,,43.30007494765518,199,6.591525731380418,43.30007494765518,2.3560486624844866e-17,0.8923161943043773,6.544590189274551,0.0119308836754908,0.0333898259921992,10419.447228221212,31,0.3288801490780673,2.8714766481481733,0,
ising_confirmatory_06,chain,adam,target_biased,101,0,,21.361748148351165,199,3.251876879135743,21.361748148351165,5.994989226289005e-15,0.9772860091391212,3.1712753017937416,0.0245367063819615,0.051855486109928,1074.0979236688515,31,0.4530410378463919,1.9677900848891925,0,
ising_confirmatory_06,chain,exact_natural,target_biased,0,0,,21.678351173798077,199,3.3000730310220625,21.678351173798077,1.2312491176833677e-171,0.9999966644753548,3.3000730641726364,2.381599467542348e-08,5.515956909016773e-08,1.0,1,0.3863643056895762,2.3872450078646548,0,1.0
ising_confirmatory_06,chain,exact_natural,target_biased,19,1,36.0,0.0513781282911482,36,0.00782123945676,0.0513781282911482,0.9964540449134136,0.9964540449134136,7.105427357601002e-15,0.0030879445423583,0.0067649131408133,682064892353.7355,20,0.4305353857512685,2.096398411345955,0,1.0
ising_confirmatory_06,chain,exact_natural,target_biased,42,0,,10.06511738453873,121,1.5322024340547742,10.06511738453873,3.623940277961358e-132,0.9999999999997576,1.532202434054689,5.68845697124379e-14,9.305340276545142e-14,1.0,1,0.4332893767972209,2.080029893495951,0,1.0
ising_confirmatory_06,chain,exact_natural,target_biased,50,0,,28.99379425711612,199,4.41369538337208,28.99379425711612,1.894858932335909e-83,0.999786750497236,4.413685279065039,6.285264176404793e-06,1.7589969265753e-05,320168194430.06555,12,0.3212531356653483,2.947810478112812,0,1.0
ising_confirmatory_06,chain,exact_natural,target_biased,101,0,,10.065117384539336,122,1.5322024340548666,10.065117384539336,7.950490709659935e-118,0.9999999999995068,1.532202434054689,1.1581562829858172e-13,2.4476291198417683e-13,1.0,1,0.4342889295020078,2.074134441472307,0,1.0
ising_confirmatory_06,random_tree,adam,random,0,0,,21.003394835504697,199,3.197325124077388,21.003394835504697,5.187927600315729e-16,0.873473788855418,3.193140972011744,0.0434350306833035,0.051589008731574,39540.45105396139,31,0.579346708503125,1.4068971233894885,0,
ising_confirmatory_06,random_tree,adam,random,19,0,,4.417172725312374,199,0.6724216462453256,4.417172725312374,9.447145664608646e-05,0.9547566055203228,0.528543302952599,0.0277263315017838,0.0302732062896543,9923.90822663075,31,0.6206250197050817,1.263415884992403,0,
ising_confirmatory_06,random_tree,adam,random,42,0,,10.928056792294464,199,1.663566809698935,10.928056792294464,7.303757813745345e-12,0.9485071825111734,1.532202434054689,0.0259446329834458,0.0291425773331955,39763.93405471242,31,0.5477423496808556,1.5274463799752682,0,
ising_confirmatory_06,random_tree,adam,random,50,0,,29.97173002641637,199,4.562565536478569,29.97173002641637,4.204809622341442e-12,0.9159343168904333,4.46106782523907,0.0192833538926674,0.0224045466993838,9881.7269366631,31,0.5504069277090547,1.516871403402352,0,
ising_confirmatory_06,random_tree,adam,random,101,0,,10.36649091594867,199,1.5780802157779483,10.36649091594867,1.0260175804454136e-05,0.969944075734069,1.435734529518328,0.0269232491233504,0.0319860258080022,5952.767014726484,31,0.4788669825329442,1.833259555915609,0,
ising_confirmatory_06,random_tree,adam,target_biased,0,0,,5.041627365193466,199,0.7674817317493812,5.041627365193466,5.357681886550016e-15,0.9880520926815036,0.7211180839895057,0.0095712639637936,0.017374907016253,9350.20230719277,31,0.8433661465069465,0.6371364566445897,0,
ising_confirmatory_06,random_tree,adam,target_biased,19,0,,3.7555078977726457,199,0.5716970922682272,3.7555078977726457,6.530478925839688e-06,0.9848191323814988,0.528543302952599,0.0098531483903729,0.0092566405482468,65392.02809178468,31,0.8083414821301736,0.7282985055229436,0,
ising_confirmatory_06,random_tree,adam,target_biased,42,0,,3.830801937115545,199,0.5831590261874702,3.830801937115545,1.6590555740702276e-05,0.978920282783216,0.528543302952599,0.0111877212729243,0.0153904423569681,82586.87514104086,31,0.8559046723783824,0.6041953586601088,0,
ising_confirmatory_06,random_tree,adam,target_biased,50,0,,5.077327575762074,199,0.7729163379680344,5.077327575762074,8.654203513544166e-16,0.9855092613495696,0.7211180839895057,0.0116221148370717,0.0202499777501475,6011.353411075372,31,0.840177488291136,0.6454725706569485,0,
ising_confirmatory_06,random_tree,adam,target_biased,101,0,,1.4393500764092817,199,0.2191107769809974,1.4393500764092817,0.0001547520701863,0.9853129089726788,0.1522289681795925,0.0140219819622878,0.0129263322134155,32163.80084609298,31,0.8270515277216183,0.6796748416995185,0,
ising_confirmatory_06,random_tree,exact_natural,target_biased,0,1,35.0,0.095131188181252,35,0.0144817226185303,0.095131188181252,0.9048688121722216,0.9048688121722216,7.105427357601002e-15,0.0081529657755365,0.014800241931736,746932845437.5558,8,0.8051828545406531,0.7365117321871432,0,1.0
ising_confirmatory_06,random_tree,exact_natural,target_biased,19,0,,3.472028414006669,124,0.52854330295445,3.472028414006669,1.8257775673442326e-68,0.999999999990381,0.528543302952599,2.5770501163165026e-12,2.4210359629686318e-12,1.0,1,0.8133800380268122,0.7152040315410767,0,1.0
ising_confirmatory_06,random_tree,exact_natural,target_biased,42,0,,3.472028414004732,140,0.5285433029541551,3.472028414004732,1.7134541087674189e-47,0.9999999999919178,0.528543302952599,2.1653288823592867e-12,2.978745048688272e-12,1.0,1,0.8222369252672589,0.6921914361672836,0,1.0
ising_confirmatory_06,random_tree,exact_natural,target_biased,50,1,62.0,0.0975691533074152,62,0.0148528515341439,0.0975691533074152,0.9024308468594916,0.9024308468594916,7.105427357601002e-15,0.0083393758432506,0.0145302449376322,934081564625.3882,6,0.8021481615133722,0.7444074299807317,0,1.0
ising_confirmatory_06,random_tree,exact_natural,target_biased,101,1,33.0,0.0929584137084594,33,0.0141509634024501,0.0929584137084594,0.9070415867964916,0.9070415867964916,7.105427357601002e-15,0.0079858836987255,0.0073618826486197,640729377785.2692,10,0.6801645359860969,1.0777678680730396,0,1.0
ising_confirmatory_06,problem_tree,adam,random,0,0,,26.77534913056483,199,4.075983770794139,26.77534913056483,9.101370514880182e-15,0.9379801932610438,3.9723028649075687,0.0215558271374153,0.0218227652262591,4961.2543055050455,31,0.5546262701691055,1.5002887861372716,0,
ising_confirmatory_06,problem_tree,adam,random,19,0,,1.8362250398360236,199,0.2795266431597625,1.8362250398360236,0.0105487924079881,0.952531280360676,0.1522289681795925,0.0260598927394604,0.0230172967438041,2033.961896767059,31,0.6389137988888284,1.2040408845696524,0,
ising_confirmatory_06,problem_tree,adam,random,42,0,,10.830899751712794,199,1.648776693659805,10.830899751712794,6.991284251701496e-12,0.9641821377001824,1.532202434054689,0.0233698747091608,0.0221119350897137,1724.2483392244628,31,0.5366801066025968,1.572232288571565,0,
ising_confirmatory_06,problem_tree,adam,random,50,0,,27.690614873358296,199,4.215313730429713,27.690614873358296,9.039725436473044e-17,0.7565043320718777,4.343539476925507,0.1129062962118707,0.107533835317461,95933.84903122278,31,0.5900061635371516,1.368458146558689,0,
ising_confirmatory_06,problem_tree,adam,random,101,0,,1.7928875405962863,199,0.2729294203670136,1.7928875405962863,0.0312579163330447,0.9433664974551658,0.1522289681795925,0.0268439472728731,0.0257465211154051,5342.202608779554,31,0.5902383922993664,1.3676321284208286,0,
ising_confirmatory_06,problem_tree,adam,target_biased,0,0,,1.1619001489566885,199,0.1768748608033874,1.1619001489566885,0.0103976595085587,0.9826138384988204,0.1522289681795925,0.0070076050517658,0.0146849678418879,8977.919240967582,31,0.9223189915701878,0.4189758631651069,0,
ising_confirmatory_06,problem_tree,adam,target_biased,19,0,,1.1843590517293874,199,0.1802937563989211,1.1843590517293874,0.0069045602722766,0.9843449684576512,0.1522289681795925,0.006833433795698,0.0087785684198599,11622.077674401027,31,0.9132583037876776,0.4460742242993689,0,
ising_confirmatory_06,problem_tree,adam,target_biased,42,0,,1.2124689888877025,199,0.1845729031281244,1.2124689888877025,0.0261840240766352,0.9647365445391,0.1522289681795925,0.0114416198647421,0.0222357567559199,101288.25555367648,31,0.9248388996150207,0.4112706049607571,0,
ising_confirmatory_06,problem_tree,adam,target_biased,50,0,,1.1549727410860415,199,0.1758203086510796,1.1549727410860415,0.0039689463507823,0.989661634112029,0.1522289681795925,0.0058348150053813,0.0055367530227179,1233.198476733403,31,0.9241699701696796,0.4133238605356769,0,
ising_confirmatory_06,problem_tree,adam,target_biased,101,0,,1.1559876737355543,199,0.1759748108010868,1.1559876737355543,0.0842107422620366,0.9061241274327994,0.1522289681795925,0.0122243437743722,0.0142961430604014,142310.04690987102,31,0.8837040212215708,0.5296413090853441,0,
ising_confirmatory_06,problem_tree,exact_natural,target_biased,0,1,53.0,0.0944864005545733,53,0.014383567263426,0.0944864005545733,0.9055135995109308,0.9055135995109308,7.105427357601002e-15,0.0066164606213668,0.0138652950236393,197751781144.74127,6,0.9224215603012638,0.4186637789081163,0,1.0
ising_confirmatory_06,problem_tree,exact_natural,target_biased,19,1,53.0,0.0923232746868268,53,0.0140542768445364,0.0923232746868268,0.9076767253572496,0.9076767253572496,7.105427357601002e-15,0.0064804303893045,0.008325082712948,605610757510.265,6,0.91699622508551,0.435002750513591,0,1.0
ising_confirmatory_06,problem_tree,exact_natural,target_biased,42,1,50.0,0.0958088605850111,50,0.0145848839893183,0.0958088605850111,0.9041911394568296,0.9041911394568296,7.105427357601002e-15,0.0066992683160291,0.0130194240395014,740103294523.3292,6,0.9204451895342266,0.4246550066097626,0,1.0
ising_confirmatory_06,problem_tree,exact_natural,target_biased,50,1,63.0,0.0969461131870593,63,0.0147580067794876,0.0969461131870593,0.903053886824585,0.903053886824585,7.105427357601002e-15,0.0067702626646108,0.0064244148680473,509982225433.1237,4,0.9130810312145377,0.4465958105855146,0,1.0
ising_confirmatory_06,problem_tree,exact_natural,target_biased,101,1,45.0,0.0893638010074618,45,0.013603759219972,0.0893638010074618,0.910636199257792,0.910636199257792,7.105427357601002e-15,0.0062931486742042,0.0073597205222096,689703691694.3489,8,0.8366926246591497,0.6545686476391773,0,1.0
ising_confirmatory_06,full,adam,random,0,0,,25.541602255084275,199,3.888171756944942,25.541602255084275,4.015444531703131e-13,0.9721263169279226,3.8402000609174536,0.0111642614275555,0.0106949607045571,43377.65720154194,40,0.5326462181255885,1.5889308304075158,0,
ising_confirmatory_06,full,adam,random,19,0,,0.3799786765690435,199,0.0578437618643512,0.3799786765690435,0.9834765173418576,0.9834765173418576,7.105427357601002e-15,0.0143335582639638,0.0131804995790858,16202.833006148225,40,0.6760494346689344,1.0899443616114723,0,
ising_confirmatory_06,full,adam,random,42,0,,9.36783931507333,199,1.4260565130058005,9.36783931507333,1.231413023065259e-05,0.9866725212858234,1.3757180194858982,0.0114543980904759,0.0113628061252095,5217.954561281987,40,0.6277555146908194,1.2399900131238328,0,
ising_confirmatory_06,full,adam,random,50,0,,29.5730269784208,199,4.501871382872146,29.5730269784208,7.360067640854025e-13,0.9634999784845686,4.46106782523907,0.0097738725914929,0.0096324884602949,23723.569897007557,40,0.5841997044445516,1.3892679855329213,0,
ising_confirmatory_06,full,adam,random,101,0,,9.771749223537288,199,1.4875433016087811,9.771749223537288,2.2307323067818967e-06,0.9874483982284148,1.435734529518328,0.0118118239454352,0.0120319442406603,10125.12885652042,40,0.5534716195704251,1.504807124908226,0,
ising_confirmatory_06,full,adam,target_biased,0,1,86.0,0.0995144838247012,86,0.0151489871915586,0.0995144838247012,0.9821316859289586,0.9821316859289586,7.105427357601002e-15,0.0041687292202535,0.0063817862455628,54889.937881425394,40,0.931338565040842,0.3910011703957465,0,
ising_confirmatory_06,full,adam,target_biased,19,1,95.0,0.0997294936280052,95,0.0151817179120641,0.0997294936280052,0.993380374671171,0.993380374671171,7.105427357601002e-15,0.00432106786116,0.0093827942436086,41780.64840995034,40,0.90723221718722,0.463641082686754,0,
ising_confirmatory_06,full,adam,target_biased,42,1,102.0,0.0996646249360713,102,0.0151718430180238,0.0996646249360713,0.9931480868811996,0.9931480868811996,7.105427357601002e-15,0.0046023817603327,0.0129726795454755,46439.60216668019,40,0.9344689162035776,0.3810129118776568,0,
ising_confirmatory_06,full,adam,target_biased,50,1,170.0,0.0994545139598518,170,0.0151398580409107,0.0994545139598518,0.9841833226830208,0.9841833226830208,7.105427357601002e-15,0.0039978484110163,0.0046152099508386,309888.86810543574,40,0.918137832183082,0.4315922555572722,0,
ising_confirmatory_06,full,adam,target_biased,101,1,120.0,0.0994933019475329,120,0.0151457626962532,0.0994933019475329,0.990014904812583,0.990014904812583,7.105427357601002e-15,0.0045708715312642,0.0113326002903972,109203.97415683548,40,0.9069514228810684,0.4644518068486084,0,
ising_confirmatory_06,full,exact_natural,target_biased,0,1,12.0,0.088928576951528,12,0.0135375055110102,0.088928576951528,0.9148047226873744,0.9148047226873744,7.105427357601002e-15,0.0076575743479479,0.0117227577197093,746643209223.0144,30,0.9601927936636592,0.2909188096242102,0,1.0
ising_confirmatory_06,full,exact_natural,target_biased,19,1,12.0,0.0894515859515372,12,0.0136171226314303,0.0894515859515372,0.9433656953150092,0.9433656953150092,7.105427357601002e-15,0.0071028569554384,0.0154231887801815,996508763872.7676,32,0.9592353134517992,0.2946186227748736,0,1.0
ising_confirmatory_06,full,exact_natural,target_biased,42,1,11.0,0.086754194066461,11,0.0132065014479891,0.086754194066461,0.9378950946580696,0.9378950946580696,7.105427357601002e-15,0.0066523428073025,0.0187508807308331,922108054290.8431,33,0.9663509172463728,0.2661841945612342,0,1.0
ising_confirmatory_06,full,exact_natural,target_biased,50,1,28.0,0.0973477005295144,28,0.0148191400062636,0.0973477005295144,0.9026559993694256,0.9026559993694256,7.105427357601002e-15,0.0084597379117779,0.0097661198169333,194572914852.8513,7,0.9418027843839452,0.3569387456076421,0,1.0
ising_confirmatory_06,full,exact_natural,target_biased,101,1,17.0,0.0932931435983452,17,0.0142019189882063,0.0932931435983452,0.9079108649988884,0.9079108649988884,7.105427357601002e-15,0.0080384606138012,0.0199298231121119,408473677355.7753,18,0.9499807944471682,0.3287522519753784,0,1.0
ising_confirmatory_07,chain,adam,random,0,0,,8.195391196815658,199,7.069421400429853,8.195391196815658,4.191948381922343e-10,0.9824719770804392,6.971461341912342,0.0273123808031912,0.0383589660017858,233.86547911200825,31,0.432507648186259,2.084657389301134,0,
ising_confirmatory_07,chain,adam,random,19,0,,7.506256804168554,199,6.474967602416573,7.506256804168554,1.048357459764895e-22,0.9821771009548332,6.3786571594759,0.0239719711518109,0.0480831132821236,313.3390979095754,31,0.2186650820751608,4.462532202029604,0,
ising_confirmatory_07,chain,adam,random,42,0,,0.1359995128793551,199,0.1173144568340944,0.1359995128793551,0.9825794415879004,0.9825794415879004,0.0,0.0247433807085619,0.037491014994645,270.03033212640014,31,0.384642504654018,2.399801403704847,0,
ising_confirmatory_07,chain,adam,random,50,0,,5.624328176779539,199,4.851598297274087,5.624328176779539,1.7087591504653534e-06,0.9786521483136218,4.751096121739838,0.0220445860789247,0.0340996834393,216.05533481535173,31,0.3997389540769746,2.2930690521194874,0,
ising_confirmatory_07,chain,adam,random,101,0,,3.0724076278809243,199,2.6502876694677795,3.0724076278809243,7.983143666304869e-17,0.9813608233198692,2.548685123514918,0.0228425115617155,0.0353179759134518,288.4285564065704,31,0.5348636628509145,1.5797266414150253,0,
ising_confirmatory_07,chain,adam,target_biased,0,0,,3.034167978831263,199,2.617301789130348,3.034167978831263,2.3685139954211915e-17,0.9880690930233228,2.548685123514918,0.017339421078548,0.0163604683842211,1231.0133262274358,31,0.7139094208369492,0.9808500045716296,0,
ising_confirmatory_07,chain,adam,target_biased,19,0,,3.0500045570248,199,2.6309625701842734,3.0500045570248,1.5692293827987732e-16,0.9818960617974248,2.548685123514918,0.018577428076116,0.0280159722808233,651.809720154934,31,0.7097860316269536,0.9924361834504236,0,
ising_confirmatory_07,chain,adam,target_biased,42,1,188.0,0.099433373983871,188,0.0857721620697802,0.099433373983871,0.9861550705549664,0.9861550705549664,0.0,0.0204677479315957,0.0252394953563483,1128.2014338956603,31,0.6198994956630586,1.2658200633788323,0,
ising_confirmatory_07,chain,adam,target_biased,50,0,,6.572602548464767,199,5.669588674508976,6.572602548464767,1.445519330487649e-12,0.9740984222391884,5.586364787734546,0.022710772901649,0.02843219396701,2756.455468333228,31,0.6860742935713027,1.0604266815055872,0,
ising_confirmatory_07,chain,adam,target_biased,101,0,,3.041109306773018,199,2.6232894437914105,3.041109306773018,1.8710843153563676e-16,0.9856584505852672,2.548685123514918,0.0165195770991054,0.0175757501265106,1909.5353740332437,31,0.7229504834526966,0.9556668993724288,0,
ising_confirmatory_07,chain,exact_natural,target_biased,0,0,,0.9999999999999918,69,0.8626093899186458,0.9999999999999918,7.323019845882383e-34,0.9999999999999992,0.8626093899186529,4.736844497404603e-16,4.469410731171274e-16,1.0,1,0.4719317749051123,1.8681409446975703,0,1.0
ising_confirmatory_07,chain,exact_natural,target_biased,19,0,,1.921248617421553,102,1.6572870977560612,1.921248617421553,2.2469726145113874e-92,0.9999999999977294,1.6572870977551482,5.718046249433645e-13,8.62318640493391e-13,1.0,1,0.5238056547487098,1.6262478104675928,0,1.0
ising_confirmatory_07,chain,exact_natural,target_biased,42,1,19.0,0.07376322183224,19,0.0636288477831428,0.07376322183224,0.9733771720687548,0.9733771720687548,0.0,0.0269095501632721,0.0331831068399512,648967639888.6431,31,0.5641246608599026,1.463665193973533,0,1.0
ising_confirmatory_07,chain,exact_natural,target_biased,50,0,,1.92124861742152,104,1.6572870977560328,1.92124861742152,1.8285648734070515e-100,0.9999999999977937,1.6572870977551482,5.556586650907932e-13,6.956432092262334e-13,1.0,1,0.5152671056914105,1.6632725706865057,0,1.0
ising_confirmatory_07,chain,exact_natural,target_biased,101,0,,2.954622513157731,60,2.5486851235149075,2.954622513157731,1.5026518742700812e-106,0.9999999999999996,2.548685123514918,2.203215373512836e-16,2.3440771302702024e-16,2.0,3,0.5507669442655495,1.515448747720679,0,0.9875
ising_confirmatory_07,random_tree,adam,random,0,0,,3.1117310452854148,199,2.684208418564584,3.1117310452854148,4.716543621199578e-12,0.96962770452019,2.548685123514918,0.0294578199995374,0.0312579836485793,2510.255325193586,31,0.6112252332916909,1.2948691592172936,0,
ising_confirmatory_07,random_tree,adam,random,19,0,,8.175433631788255,199,7.052205817437304,8.175433631788255,1.505736912547322e-13,0.9677332865789748,6.953749425268981,0.0208459739533727,0.024614986501171,4959.501680464395,31,0.5440474246995555,1.542245086648459,0,
ising_confirmatory_07,random_tree,adam,random,42,0,,0.1842180906829821,199,0.1589082548160263,0.1842180906829821,0.9706631341479716,0.9706631341479716,0.0,0.0312668306664296,0.0324205962638829,3362.116776603501,31,0.472348173165144,1.866021932297588,0,
ising_confirmatory_07,random_tree,adam,random,50,0,,2.0884263174231177,199,1.8014961515624144,2.0884263174231177,3.122582045462599e-11,0.9716531746051008,1.6572870977551482,0.0286396397515846,0.0312082437994318,1908.753029311112,31,0.6620572004504682,1.1320068857055858,0,
ising_confirmatory_07,random_tree,adam,random,101,0,,2.0769549955266764,199,1.7916008815797646,2.0769549955266764,1.2581324301050467e-10,0.9705518257055572,1.6572870977551482,0.0290752236722635,0.0291716084951834,1324.125193678242,31,0.6655670955508695,1.1213565481347152,0,
ising_confirmatory_07,random_tree,adam,target_biased,0,0,,1.9638891492881891,199,1.6940692209353472,1.9638891492881891,3.788936552948473e-11,0.9889499823537344,1.6572870977551482,0.0085826231251462,0.013983414155288,26778.598370722204,31,0.8369812526648818,0.653815793932819,0,
ising_confirmatory_07,random_tree,adam,target_biased,19,0,,1.9960310905321257,199,1.7217951612625804,1.9960310905321257,1.0746524801853782e-10,0.9851100432959288,1.6572870977551482,0.0148638488277933,0.0156436881137397,11416.379988588144,31,0.8481774862227218,0.6245298291597055,0,
ising_confirmatory_07,random_tree,adam,target_biased,42,0,,1.0629149554677406,199,0.91688042127144,1.0629149554677406,2.2553643157745857e-06,0.987555057289518,0.8626093899186529,0.0132640048818507,0.0162174827182124,77035.94733055223,31,0.8326416613830842,0.6651266027235104,0,
ising_confirmatory_07,random_tree,adam,target_biased,50,0,,1.9994767405863996,199,1.7247674113537703,1.9994767405863996,2.6556886714067892e-11,0.9833156318178536,1.6572870977551482,0.0175096801548253,0.0159752583460405,14764.829192604178,31,0.852882057646503,0.612163922085321,0,
ising_confirmatory_07,random_tree,adam,target_biased,101,0,,1.969582683018814,199,1.6989805165932026,1.969582683018814,1.8764712778837597e-11,0.9888299192207516,1.6572870977551482,0.0115114667545756,0.0138185907194462,27248.95268138741,31,0.836953365754116,0.6538885376273696,0,
ising_confirmatory_07,random_tree,exact_natural,target_biased,0,0,,1.0,49,0.8626093899186529,1.0,3.6040764463963597e-38,0.9999999999999998,0.8626093899186529,2.450390387615328e-16,3.992348624952247e-16,1.0,1,0.799486785402474,0.7513365925424402,0,1.0
ising_confirmatory_07,random_tree,exact_natural,target_biased,19,0,,0.9999999999999918,47,0.8626093899186458,0.9999999999999918,3.5297184783932217e-35,0.9999999999999996,0.8626093899186529,3.9206246201845244e-16,4.1263221578607525e-16,1.0,1,0.8231669360426898,0.6897743428632881,0,1.0
ising_confirmatory_07,random_tree,exact_natural,target_biased,42,0,,0.9999999999999918,45,0.8626093899186458,0.9999999999999918,4.176640986181144e-34,0.9999999999999992,0.8626093899186529,6.371015007799852e-16,7.789640210992358e-16,1.0,1,0.7947895526579448,0.7635796581491988,0,1.0
ising_confirmatory_07,random_tree,exact_natural,target_biased,50,0,,1.9212486174211656,79,1.6572870977557272,1.9212486174211656,7.295685211655861e-93,0.9999999999985484,1.6572870977551482,3.65583672783074e-13,3.335465621394864e-13,1.0,1,0.7851600243130491,0.7887474060115094,0,1.0
ising_confirmatory_07,random_tree,exact_natural,target_biased,101,0,,0.9999999999999918,46,0.8626093899186458,0.9999999999999918,1.2276782634676664e-32,0.9999999999999982,0.8626093899186529,4.835003987300236e-15,5.804033721491631e-15,41.23597304736188,3,0.8166367209189991,0.7067426867875031,0,0.9728260869565216
ising_confirmatory_07,problem_tree,adam,random,0,0,,0.1537732256788445,199,0.1326462283886513,0.1537732256788445,0.9717248308825688,0.9717248308825688,0.0,0.0255069173553411,0.0223934401133627,2042.455612626304,31,0.6453589665461424,1.1836504692131369,0,
ising_confirmatory_07,problem_tree,adam,random,19,0,,4.557821536422903,199,3.9316196548918576,4.557821536422903,9.6853373097832e-15,0.7880669309519498,3.8845183743622513,0.0353551383607788,0.0372460778307427,54274.406491386006,31,0.6236694008945023,1.2533695290192963,0,
ising_confirmatory_07,problem_tree,adam,random,42,0,,0.1675855052310436,199,0.1445608304265597,0.1675855052310436,0.9703140252483228,0.9703140252483228,0.0,0.0286052175858866,0.0246148398654048,1101.1746231310096,31,0.6611748665663288,1.1346950194089158,0,
ising_confirmatory_07,problem_tree,adam,random,50,0,,2.108169441026118,199,1.818526755368687,2.108169441026118,8.811554730866941e-10,0.8995934209153778,1.6572870977551482,0.0305555696393563,0.0303906926114618,14745.106738571492,31,0.6423425736280607,1.19316029170862,0,
ising_confirmatory_07,problem_tree,adam,random,101,0,,2.4099019704722093,199,2.078804068512792,2.4099019704722093,2.814563042641565e-08,0.7028080954917085,2.062041772882811,0.0455441940392573,0.0370692067380188,53625.027867938166,31,0.7087029245910659,0.995490497056686,0,
ising_confirmatory_07,problem_tree,adam,target_biased,0,1,78.0,0.0986645064335923,78,0.0851089297013061,0.0986645064335923,0.975847650668355,0.975847650668355,0.0,0.0258783030543969,0.0584412793434303,52504.42177828933,31,0.906390523008982,0.4660692910938963,0,
ising_confirmatory_07,problem_tree,adam,target_biased,19,1,76.0,0.0998830889866223,76,0.0861600904539408,0.0998830889866223,0.9750438395594816,0.9750438395594816,0.0,0.0212476625802875,0.0396531156454347,10818.258044145145,31,0.9134916550978412,0.4453871710770061,0,
ising_confirmatory_07,problem_tree,adam,target_biased,42,1,74.0,0.0992638771119772,74,0.0856259524765228,0.0992638771119772,0.9786356704098744,0.9786356704098744,0.0,0.0243405690559626,0.0550499758331173,85460.78237466152,31,0.9155159322616744,0.4394043842022593,0,
ising_confirmatory_07,problem_tree,adam,target_biased,50,0,,1.946545113062396,199,1.6791080924278887,1.946545113062396,1.0231005260474624e-10,0.9877173214742287,1.6572870977551482,0.005638713873559,0.0159961595487188,61629.54874313454,31,0.8574477605714007,0.6001193855026484,0,
ising_confirmatory_07,problem_tree,adam,target_biased,101,1,75.0,0.0998053007923704,75,0.0860929896271542,0.0998053007923704,0.9744016923173656,0.9744016923173656,0.0,0.0247434710222003,0.0680815654203906,101804.38577039508,31,0.8998224919907373,0.4848247474811734,0,
ising_confirmatory_07,problem_tree,exact_natural,target_biased,0,1,8.0,0.0897268914815644,8,0.0773992591202095,0.0897268914815644,0.9452205271678428,0.9452205271678428,0.0,0.0375178655511811,0.0847270416625439,920912405595.0529,31,0.936515329481076,0.3743949774665131,0,1.0
ising_confirmatory_07,problem_tree,exact_natural,target_biased,19,1,8.0,0.0928534705304105,8,0.080096275566067,0.0928534705304105,0.9593083757246132,0.9593083757246132,0.0,0.0431020820375292,0.0804385817562257,900311761996.3601,31,0.9358129518251128,0.3766746088340309,0,1.0
ising_confirmatory_07,problem_tree,exact_natural,target_biased,42,1,7.0,0.0620353282255727,7,0.0535122566340646,0.0620353282255727,0.9676061814455728,0.9676061814455728,0.0,0.0292688419709065,0.0661960301526662,909511907480.3737,31,0.9476585661722272,0.3369204155675465,0,1.0
ising_confirmatory_07,problem_tree,exact_natural,target_biased,50,1,11.0,0.0506463474807746,11,0.0436880149019991,0.0506463474807746,0.9762982974938366,0.9762982974938366,0.0,0.0334856871110523,0.0949937176522847,742216248754.7441,29,0.9316838855280668,0.3899069920141885,0,1.0
ising_confirmatory_07,problem_tree,exact_natural,target_biased,101,1,8.0,0.0918475717353776,8,0.0792285778201637,0.0918475717353776,0.943863573359964,0.943863573359964,0.0,0.0401588540806105,0.1104969326592949,667021887799.7825,31,0.9380526859904272,0.3693744048445229,0,1.0
ising_confirmatory_07,full,adam,random,0,1,145.0,0.0998342278916844,145,0.0861179424146456,0.0998342278916844,0.9832537547510456,0.9832537547510456,0.0,0.0210453930418807,0.0191479096372538,3269.736186254602,40,0.6673783860531922,1.115886901235603,0,
ising_confirmatory_07,full,adam,random,19,1,118.0,0.0999198614700048,118,0.0861918107433972,0.0999198614700048,0.9818679207501202,0.9818679207501202,0.0,0.022307611702046,0.0239286241854335,4775.096092044247,40,0.7492088240051995,0.8840443888353355,0,
ising_confirmatory_07,full,adam,random,42,1,152.0,0.0994405046711892,152,0.0857783130676175,0.0994405046711892,0.9832703145482476,0.9832703145482476,0.0,0.0206026587072576,0.0193328076310657,2101.170488638335,40,0.6573945488838681,1.1462622469066068,0,
ising_confirmatory_07,full,adam,random,50,0,,1.987113423317906,199,1.7141026977874247,1.987113423317906,1.4235097550350839e-10,0.9847412204926874,1.6572870977551482,0.0132943426549236,0.0123116346056232,3528.982888608281,40,0.6845708879132083,1.0648222219081602,0,
ising_confirmatory_07,full,adam,random,101,0,,1.983817345461815,199,1.7112594700788577,1.983817345461815,3.809319412246381e-09,0.9858012432060572,1.6572870977551482,0.0132463404753193,0.0114190322148222,4953.946328606293,40,0.7060369642042855,1.0030281953168727,0,
ising_confirmatory_07,full,adam,target_biased,0,1,23.0,0.0992872525442669,23,0.0856461163439092,0.0992872525442669,0.9610568185730528,0.9610568185730528,0.0,0.034042380525146,0.1146452084831883,2871066.4518439705,40,0.9503340626534,0.3274971501716429,0,
ising_confirmatory_07,full,adam,target_biased,19,1,28.0,0.0987389290244845,28,0.0851731273270317,0.0987389290244845,0.9643623153390926,0.9643623153390926,0.0,0.0309345298980118,0.0571794868035682,137593.01483765012,40,0.955380553227938,0.3091728429733822,0,
ising_confirmatory_07,full,adam,target_biased,42,1,20.0,0.0933343273462197,20,0.0805110671705904,0.0933343273462197,0.9672092932538308,0.9672092932538308,0.0,0.0301251002399252,0.0915292269536819,1206639.5466112532,40,0.94910788109281,0.3318391526323739,0,
ising_confirmatory_07,full,adam,target_biased,50,1,29.0,0.097967548806217,29,0.0845077275075567,0.097967548806217,0.9658547148052362,0.9658547148052362,0.0,0.0302159450618407,0.0773930415825561,176892.16520757444,40,0.9541020780118232,0.3138884195048038,0,
ising_confirmatory_07,full,adam,target_biased,101,1,29.0,0.0975855569312343,29,0.0841782177293239,0.0975855569312343,0.963724481418532,0.963724481418532,0.0,0.0309019012730672,0.076172085484323,2713303.9375889604,40,0.9478830542383936,0.3361368754337709,0,
ising_confirmatory_07,full,exact_natural,target_biased,0,1,5.0,0.0747236405527145,5,0.0644573139896778,0.0747236405527145,0.9381644126862612,0.9381644126862612,0.0,0.0392297442328459,0.1321147974063919,702433282668.3018,35,0.9926860007517622,0.1216143976834914,0,1.0
ising_confirmatory_07,full,exact_natural,target_biased,19,1,5.0,0.0536937930667329,5,0.0463167700797129,0.0536937930667329,0.9654531256153676,0.9654531256153676,0.0,0.0247124255838302,0.0456785287254373,723382878154.8634,37,0.9964716528536868,0.0842271836906827,0,1.0
ising_confirmatory_07,full,exact_natural,target_biased,42,1,4.0,0.0608509992147262,4,0.0524906433085554,0.0608509992147262,0.9557384744987436,0.9557384744987436,0.0,0.0310143988377604,0.0942311868654829,783467722319.2092,37,0.99632889528651,0.0859234500625767,0,1.0
ising_confirmatory_07,full,exact_natural,target_biased,50,1,5.0,0.0940991518762059,5,0.0811708119917966,0.0940991518762059,0.9455190970444514,0.9455190970444514,0.0,0.0544621749404518,0.1394956656565133,599132808071.7164,37,0.9959968849522116,0.0897472159711811,0,1.0
ising_confirmatory_07,full,exact_natural,target_biased,101,1,6.0,0.0548580103414972,6,0.0473210348328301,0.0548580103414972,0.9511988932581048,0.9511988932581048,0.0,0.0309675340968681,0.0763338680562272,913354226460.343,35,0.988486339110818,0.1530725620164472,0,1.0
ising_confirmatory_08,chain,adam,random,0,0,,13.81191575843912,199,8.4852142511038,13.81191575843912,5.347376560666448e-11,0.9760981485630804,8.422250116643928,0.0139666205832873,0.0270025170975299,354.0827544518271,31,0.2367114025462772,4.104491788430459,0,
ising_confirmatory_08,chain,adam,random,19,0,,11.996025846313392,199,7.369640189526542,11.996025846313392,3.382924448361866e-19,0.9320772949645632,7.390651854950828,0.0608532607747021,0.1636545970078224,3725.173042817373,31,0.2180097781627796,4.4766184028479845,0,
ising_confirmatory_08,chain,adam,random,42,0,,11.27041222181713,199,6.923866614372145,11.27041222181713,8.144429085808301e-19,0.9838658382824692,6.860158319987406,0.0141828930127411,0.0255437026962784,238.2450124133541,31,0.1940123788111738,5.056373655037948,0,
ising_confirmatory_08,chain,adam,random,50,0,,6.943140964414415,199,4.265450187290284,6.943140964414415,9.739215617098338e-07,0.9818590372405314,4.18859045804367,0.0172606107397755,0.0366178617814677,240.3518489477355,31,0.0889970110800455,11.191745441622402,0,
ising_confirmatory_08,chain,adam,random,101,0,,6.816629550627219,199,4.187729147720628,6.816629550627219,6.290738606110003e-22,0.9744695236837752,4.1153991824386615,0.0170572554485547,0.0332853550136908,730.2732245960899,31,-0.1990812169375526,4.922528651106129,0,
ising_confirmatory_08,chain,adam,target_biased,0,0,,13.831370362364355,199,8.497165995189345,13.831370362364355,8.844978249218391e-11,0.9663206744002232,8.422250116643928,0.0167865031478003,0.0341731644764077,1007.0270833656208,31,0.3233040437727477,2.92695114696701,0,
ising_confirmatory_08,chain,adam,target_biased,19,0,,13.768802608867462,199,8.458728112790084,13.768802608867462,8.23616207726134e-17,0.9811393947120056,8.397265321908552,0.0137000952390001,0.0231422150817529,237.7108693410021,31,0.2715452503892433,3.5442552285837152,0,
ising_confirmatory_08,chain,adam,target_biased,42,0,,11.287168204298046,199,6.934160486983657,11.287168204298046,7.224883400067983e-19,0.9806020427380172,6.860158319987406,0.0160614454700983,0.0225586450009297,256.6840064348739,31,0.2620475091522755,3.682748129056176,0,
ising_confirmatory_08,chain,adam,target_biased,50,0,,0.1661857528677228,199,0.1020945785672076,0.1661857528677228,0.9790215424358676,0.9790215424358676,3.552713678800501e-15,0.0209601127410378,0.0438807153870325,549.5493883001634,31,0.3758468292677468,2.4655836611487083,0,
ising_confirmatory_08,chain,adam,target_biased,101,0,,4.953833924984412,199,3.0433390235671034,4.953833924984412,2.342183355904336e-19,0.9816214530041132,2.964966712027639,0.0169913586358662,0.0372379881140867,213.0290175442907,31,-0.0193046370442129,51.791372499826736,0,
ising_confirmatory_08,chain,exact_natural,target_biased,0,0,,8.804803968721261,199,5.409144496694495,8.804803968721261,1.3181537747871691e-18,0.999999999930066,5.409144496667999,1.6481782101096556e-11,3.3552827866886064e-11,506190.6210719814,4,0.3990465844523794,2.297803537944665,0,1.0
ising_confirmatory_08,chain,exact_natural,target_biased,19,0,,3.7511496259748993,199,2.304481783774065,3.7511496259748993,4.129265446222094e-127,0.9999999969647642,2.304481783306695,2.907843994259709e-10,4.911933089908375e-10,1.0,1,0.2118790260365388,4.612518376128261,0,1.0
ising_confirmatory_08,chain,exact_natural,target_biased,42,0,,8.396195507056127,181,5.158119917434071,8.396195507056127,2.975000815997925e-69,0.9999999999997148,5.158119917433865,1.2861696014409788e-13,1.8064528192005065e-13,2290.1123809617766,5,0.3995017943686239,2.29468909905784,0,1.0
ising_confirmatory_08,chain,exact_natural,target_biased,50,1,58.0,0.098579505540978,58,0.0605613471666295,0.098579505540978,0.9498844279949546,0.9498844279949546,3.552713678800501e-15,0.0225621352383755,0.0472346044675835,176891006487.24268,31,0.4058657711722863,2.251810235158941,0,1.0
ising_confirmatory_08,chain,exact_natural,target_biased,101,0,,4.655511045936938,196,2.8600673044953098,4.655511045936938,1.3678267353254991e-94,0.9999999999998096,2.860067304495214,5.822244215620084e-14,1.2759936715179522e-13,1.0,1,0.13587175635046,7.291628959582306,0,1.0
ising_confirmatory_08,random_tree,adam,random,0,0,,3.160905411904498,199,1.9418710710782816,3.160905411904498,6.212241821370545e-05,0.959215944876998,1.838560207518668,0.0226037383103654,0.0246611693903688,2689.364236013294,31,0.653458781529566,1.1583930331945105,0,
ising_confirmatory_08,random_tree,adam,random,19,0,,3.89644110749984,199,2.393740172773878,3.89644110749984,1.6008897254744409e-12,0.9785863815306792,2.304481783306695,0.0182503494496423,0.0237081858921756,3923.940722921901,31,0.4894539301568936,1.7816368467788934,0,
ising_confirmatory_08,random_tree,adam,random,42,0,,13.595263677224674,199,8.35211618134987,13.595263677224674,2.4215997246471646e-10,0.9556790741914978,8.255495801844411,0.019304451711894,0.0219075592445357,1704.285844949953,31,0.5887405857593517,1.3729680966340638,0,
ising_confirmatory_08,random_tree,adam,random,50,0,,3.013073388517842,199,1.8510519252372328,3.013073388517842,0.0002133298777781,0.6469949189645015,1.838560207518668,0.0420515539736415,0.044030794559942,38984.55837193505,31,0.5634754285725977,1.4661381512016889,0,
ising_confirmatory_08,random_tree,adam,random,101,0,,6.759600290432252,199,4.15269378406801,6.759600290432252,4.658204068090872e-12,0.8895761173481589,4.010499774906236,0.0268970869822053,0.0290636989478229,32895.11686420818,31,0.4597874095975087,1.931390464635895,0,
ising_confirmatory_08,random_tree,adam,target_biased,0,0,,2.561907940423072,199,1.5738828810052397,2.561907940423072,0.0005746424498099,0.9665640914470226,1.5177045999404155,0.0135989132906536,0.0149306698656409,30830.175614479213,31,0.8402791323712766,0.6452070479264321,0,
ising_confirmatory_08,random_tree,adam,target_biased,19,0,,5.670043292256026,199,3.4833351860280537,5.670043292256026,1.9701997494891919e-13,0.9869377450937394,3.4473258423529174,0.010191081331571,0.0137850458711835,7119.617268907436,31,0.8605586474035971,0.5918845483262364,0,
ising_confirmatory_08,random_tree,adam,target_biased,42,0,,2.576988009589302,199,1.5831471727975457,2.576988009589302,0.0004906702155751,0.9269437801877468,1.5177045999404155,0.0153452727638308,0.0314097102849543,157206.25522843664,31,0.8374471103558299,0.6526004700693309,0,
ising_confirmatory_08,random_tree,adam,target_biased,50,0,,2.541143413413388,199,1.561126398589515,2.541143413413388,0.000513982091564,0.979764006640063,1.5177045999404155,0.0118455174026167,0.0116990633395364,16182.20533602884,31,0.8253402651209408,0.6841247180122488,0,
ising_confirmatory_08,random_tree,adam,target_biased,101,0,,2.557354654989858,199,1.5710856149979051,2.557354654989858,0.0009059450737518,0.9691445919639512,1.5177045999404155,0.0130297721624166,0.0129814289294941,109844.99497384328,31,0.8183048871401475,0.7024086175649228,0,
ising_confirmatory_08,random_tree,exact_natural,target_biased,0,1,18.0,0.0945362793487127,18,0.0580774310244329,0.0945362793487127,0.9620217464203792,0.9620217464203792,3.552713678800501e-15,0.0342902798193781,0.0376483647362807,524398535715.1285,12,0.8388692906432386,0.6488888229417187,0,1.0
ising_confirmatory_08,random_tree,exact_natural,target_biased,19,1,15.0,0.0493462176856695,15,0.0303153622471725,0.0493462176856695,0.9807702970984988,0.9807702970984988,3.552713678800501e-15,0.0173492257468848,0.0234675659009245,507206686709.3791,24,0.8727896606966417,0.5592372792796572,0,1.0
ising_confirmatory_08,random_tree,exact_natural,target_biased,42,1,36.0,0.0278983978836792,36,0.0171391056422365,0.0278983978836792,0.988711306373364,0.988711306373364,3.552713678800501e-15,0.0105362525347716,0.0215662924145814,792852442399.3698,12,0.8282274068260969,0.6766162844836824,0,1.0
ising_confirmatory_08,random_tree,exact_natural,target_biased,50,1,18.0,0.0747627554942976,18,0.0459297616251674,0.0747627554942976,0.969851256317224,0.969851256317224,3.552713678800501e-15,0.0275265883272618,0.0271862586847281,554458728001.27,15,0.7240087821520549,0.9527381025273288,0,1.0
ising_confirmatory_08,random_tree,exact_natural,target_biased,101,1,28.0,0.030809640511029,28,0.0189275988434722,0.030809640511029,0.9875395884419012,0.9875395884419012,3.552713678800501e-15,0.0116114676902472,0.0115683866693264,970256170426.8763,12,0.8002896942217599,0.7492456181507703,0,1.0
ising_confirmatory_08,problem_tree,adam,random,0,0,,5.056075711616285,199,3.1061502570092863,5.056075711616285,1.0114997931024324e-10,0.9368521476753018,2.964966712027639,0.027146496557937,0.0259267796819752,4941.6701179084375,31,0.53966475743726,1.5600055356839193,0,
ising_confirmatory_08,problem_tree,adam,random,19,0,,5.23988579187914,199,3.2190721673235707,5.23988579187914,1.3017946391422661e-18,0.9465974467001852,3.0989340518996755,0.023008838322403,0.0246980494100106,9908.309982080436,31,0.5733164579664239,1.4291130321831809,0,
ising_confirmatory_08,problem_tree,adam,random,42,0,,8.598109573147099,199,5.28216383292397,8.598109573147099,2.7571723758133208e-08,0.9565745326998316,5.158119917433865,0.0222059606226618,0.022095534938521,5001.410667777878,31,0.4965739130349594,1.7479662499462412,0,
ising_confirmatory_08,problem_tree,adam,random,50,0,,2.792117706697468,199,1.7153099808875467,2.792117706697468,0.0037619182331758,0.7545744914517011,1.5177045999404155,0.0461620149541899,0.0455624753576633,118695.02118262516,31,0.5240127907191359,1.6253618404644432,0,
ising_confirmatory_08,problem_tree,adam,random,101,0,,5.046762090933758,199,3.1004285259817514,5.046762090933758,6.269120110270784e-12,0.9498668731209072,2.964966712027639,0.0247370696322064,0.0258218829058935,9609.2443916335,31,0.4959015379415404,1.751111238860849,0,
ising_confirmatory_08,problem_tree,adam,target_biased,0,0,,3.8060976882915263,199,2.338238584032183,3.8060976882915263,9.193141664871485e-10,0.9837623938660328,2.304481783306695,0.0083753831532578,0.01151138132421,16168.171388211182,31,0.8803479530753624,0.5387965650899394,0,
ising_confirmatory_08,problem_tree,adam,target_biased,19,0,,3.8067300563819177,199,2.338627073132926,3.8067300563819177,4.71732750997427e-10,0.9834600371473566,2.304481783306695,0.0083973774853455,0.0165908075295638,19532.533754198623,31,0.8949820943169727,0.4984480316430207,0,
ising_confirmatory_08,problem_tree,adam,target_biased,42,0,,3.797083895769527,199,2.3327010494785547,3.797083895769527,2.288006085895685e-10,0.9861648494519002,2.304481783306695,0.0074577102159515,0.0234634131383394,36675.75518668375,31,0.873693021210148,0.5568061538203538,0,
ising_confirmatory_08,problem_tree,adam,target_biased,50,1,183.0,0.0998922342542095,183,0.0613678091071854,0.0998922342542095,0.9742290142053794,0.9742290142053794,3.552713678800501e-15,0.0137839101260138,0.0231319705400077,592400.5879757925,31,0.7820224983989609,0.7969722117134402,0,
ising_confirmatory_08,problem_tree,adam,target_biased,101,0,,0.1084848692150222,199,0.0666466096660052,0.1084848692150222,0.9451847135893748,0.9451847135893748,3.552713678800501e-15,0.0161814331189692,0.0353063735290283,10169417.735445669,31,0.7888854538469116,0.778998097596525,0,
ising_confirmatory_08,problem_tree,exact_natural,target_biased,0,1,25.0,0.0606890897063937,25,0.0372837438244992,0.0606890897063937,0.9393109104506536,0.9393109104506536,3.552713678800501e-15,0.0177906996170908,0.0244520786176974,634757384874.6803,6,0.8238745164066178,0.6879351610139788,0,1.0
ising_confirmatory_08,problem_tree,exact_natural,target_biased,19,1,29.0,0.0829245425746592,29,0.0509438750370918,0.0829245425746592,0.9170754574482848,0.9170754574482848,3.552713678800501e-15,0.0237334674972046,0.046890519324924,815892514256.6698,5,0.8371217630186082,0.6534492566727467,0,1.0
ising_confirmatory_08,problem_tree,exact_natural,target_biased,42,1,24.0,0.0815712167296096,24,0.0501124726489194,0.0815712167296096,0.9184287863794096,0.9184287863794096,3.552713678800501e-15,0.0233805886310726,0.0735598990283829,836335500846.3762,8,0.8348446485153458,0.6593868888712693,0,1.0
ising_confirmatory_08,problem_tree,exact_natural,target_biased,50,1,18.0,0.0571635910060623,18,0.0351178884618192,0.0571635910060623,0.9428504283760372,0.9428504283760372,3.552713678800501e-15,0.0168138467153986,0.0282167689232635,345011211334.742,12,0.8472097648296806,0.6270684562427841,0,1.0
ising_confirmatory_08,problem_tree,exact_natural,target_biased,101,1,22.0,0.0662697243563335,22,0.0407121516927517,0.0662697243563335,0.9337303003691414,0.9337303003691414,3.552713678800501e-15,0.0193112062119196,0.0421352456733107,582824260677.1248,8,0.8431486753904934,0.6377054337198655,0,1.0
ising_confirmatory_08,full,adam,random,0,0,,5.1159978256279,199,3.142962816878612,5.1159978256279,5.989643928334338e-13,0.9606464405988844,3.094976947021877,0.0110121979474008,0.0113488631225873,27473.411589356103,40,0.6786549912833858,1.0822247325822345,0,
ising_confirmatory_08,full,adam,random,19,0,,3.820070018630358,199,2.346822347398952,3.820070018630358,5.90028788703864e-11,0.981179320021232,2.304481783306695,0.0099003927633413,0.0119680737193393,22442.584571973657,40,0.643729704696465,1.1887799145472144,0,
ising_confirmatory_08,full,adam,random,42,1,179.0,0.0996282439884568,179,0.0612056292905478,0.0996282439884568,0.9823496176279636,0.9823496176279636,3.552713678800501e-15,0.0150004830573955,0.0158968241209785,8771.529201395158,40,0.7144430455445177,0.9793553243040776,0,
ising_confirmatory_08,full,adam,random,50,0,,3.0443876814641806,199,1.8702895523281136,3.0443876814641806,0.0010512608220774,0.906455756802246,1.838560207518668,0.0177332825008146,0.0186302609025236,547861.227392474,40,0.5932326894098948,1.3570240731844572,0,
ising_confirmatory_08,full,adam,random,101,0,,6.768256911301355,199,4.158011893738642,6.768256911301355,2.903571687017188e-12,0.9748934377764408,4.1153991824386615,0.0126122677650691,0.0138220762970167,12724.328472462556,40,0.5099680863963693,1.6867591222647431,0,
ising_confirmatory_08,full,adam,target_biased,0,1,37.0,0.0964866479193433,37,0.0592756207238096,0.0964866479193433,0.9677175950902196,0.9677175950902196,3.552713678800501e-15,0.0188183079453685,0.0286081098360269,96909.6612442326,40,0.9521957140041082,0.3208254951034556,0,
ising_confirmatory_08,full,adam,target_biased,19,1,27.0,0.0967820191165394,27,0.0594570791062416,0.0967820191165394,0.9750189304177014,0.9750189304177014,3.552713678800501e-15,0.0166261587989815,0.0180020462179372,11887.772485513917,40,0.958329307243588,0.2980872854637317,0,
ising_confirmatory_08,full,adam,target_biased,42,1,42.0,0.0987061523722288,42,0.0606391513985826,0.0987061523722288,0.9606128318842004,0.9606128318842004,3.552713678800501e-15,0.0182089739422708,0.0430425403869175,141723.31572929493,40,0.951446980450262,0.3235205766997393,0,
ising_confirmatory_08,full,adam,target_biased,50,1,35.0,0.0987478183648485,35,0.0606647484902929,0.0987478183648485,0.9691598351975464,0.9691598351975464,3.552713678800501e-15,0.0212226204069294,0.0475654579048996,281481.69079816365,40,0.9377405292981996,0.3703973210199391,0,
ising_confirmatory_08,full,adam,target_biased,101,1,51.0,0.0951959511947314,51,0.0584826939182114,0.0951959511947314,0.9516837361847278,0.9516837361847278,3.552713678800501e-15,0.020922376547195,0.0534390209055385,848917.9071273701,40,0.9405762156198648,0.361036834471217,0,
ising_confirmatory_08,full,exact_natural,target_biased,0,1,7.0,0.0663900138992325,7,0.0407860503872932,0.0663900138992325,0.935621489574096,0.935621489574096,3.552713678800501e-15,0.0230527547999626,0.0350454325253256,779787106952.7903,35,0.9880462594286582,0.1560227317756052,0,1.0
ising_confirmatory_08,full,exact_natural,target_biased,19,1,3.0,0.0894981377511081,3,0.0549822984135239,0.0894981377511081,0.9441630906321142,0.9441630906321142,3.552713678800501e-15,0.0264942192802938,0.0286867318999248,119391533.42532964,40,0.9941317776546902,0.108814369802655,0,1.0
ising_confirmatory_08,full,exact_natural,target_biased,42,1,8.0,0.079424188552808,8,0.0487934670596921,0.079424188552808,0.9251624576994232,0.9251624576994232,3.552713678800501e-15,0.0262137806295647,0.0619643761926857,532383893406.9125,34,0.9815979694430892,0.1945391422634008,0,1.0
ising_confirmatory_08,full,exact_natural,target_biased,50,1,6.0,0.0818490258727834,6,0.0502831419566369,0.0818490258727834,0.944934231690497,0.944934231690497,3.552713678800501e-15,0.0214829575990868,0.0481489418252125,282280241576.18646,37,0.99344519491187,0.1150636450401607,0,1.0
ising_confirmatory_08,full,exact_natural,target_biased,101,1,9.0,0.0625665043849758,9,0.038437115019672,0.0625665043849758,0.9377384231243014,0.9377384231243014,3.552713678800501e-15,0.022627238961755,0.0577935060667756,878196841904.0924,29,0.9798358453447076,0.2039159881157164,0,1.0
ising_confirmatory_09,chain,adam,random,0,0,,7.900148501775525,199,4.30204405433977,7.900148501775525,2.209453208317457e-22,0.9823178637752544,4.213030939285115,0.0194631212843845,0.0260031787159325,423.11910547144174,31,0.1375535541420639,7.20079053702168,0,
ising_confirmatory_09,chain,adam,random,19,0,,13.653024197056872,199,7.434785758458197,13.653024197056872,1.3277915769311236e-11,0.9814201310362324,7.359921606017124,0.0167354205117314,0.0310574752281902,496.8710223224919,31,0.1824881634581045,5.387790811634751,0,
ising_confirmatory_09,chain,adam,random,42,0,,3.3609386383788946,199,1.8302068730719616,3.3609386383788946,2.2502806494654282e-17,0.9817118867764668,1.7297610154769494,0.0210077927470685,0.0340149234306544,244.26679197472689,31,0.2873837598484399,3.3328797796694136,0,
ising_confirmatory_09,chain,adam,random,50,0,,7.593300474910089,199,4.134949254885601,7.593300474910089,8.44401656908526e-10,0.969129097103432,3.994039341567042,0.0332824799219849,0.0489374973410599,508.4162031439629,31,0.1985690102683431,4.935749577182151,0,
ising_confirmatory_09,chain,adam,random,101,0,,5.574930765671764,199,3.035841383035251,5.574930765671764,2.0093370118145167e-06,0.9818994026754132,2.9482628438735574,0.0194848437714201,0.0221292773616826,229.13868507860707,31,0.2709327253064891,3.552905186883648,0,
ising_confirmatory_09,chain,adam,target_biased,0,0,,9.941609146811729,199,5.413726148438737,9.941609146811729,9.821856512676155e-11,0.9819472498951818,5.340294213458023,0.0166101187564358,0.0238659147797858,1908.8539366367816,31,0.613386294349981,1.2875785611354236,0,
ising_confirmatory_09,chain,adam,target_biased,19,0,,4.00454721469916,199,2.180685405020874,4.00454721469916,1.5852926766022217e-13,0.9829857217955904,2.104769767925063,0.0169559068894448,0.030187361616668,418.0612118042544,31,0.6607467148737972,1.1360010148439943,0,
ising_confirmatory_09,chain,adam,target_biased,42,0,,5.5574632445475896,199,3.026329404193408,5.5574632445475896,6.590150311610998e-13,0.9831983226023636,2.95248751545127,0.0178122630789224,0.0226265606226603,1371.5793600699972,31,0.6284068203516061,1.2378682773362066,0,
ising_confirmatory_09,chain,adam,target_biased,50,0,,5.091099508616545,199,2.77236995813098,5.091099508616545,0.0021841554068571,0.980371328345624,2.694039208411777,0.0180302793492834,0.0291278734220049,1382.084083359273,31,0.6341737355543562,1.219209400732555,0,
ising_confirmatory_09,chain,adam,target_biased,101,0,,0.1776257907549619,199,0.096726533285171,0.1776257907549619,0.981061431164672,0.981061431164672,0.0,0.0223460817053396,0.0232583139104748,1711.2110960858722,31,0.6136625101441249,1.2866493037149374,0,
ising_confirmatory_09,chain,exact_natural,target_biased,0,0,,3.6429475897927968,199,1.9837754968045545,3.6429475897927968,1.6477385224569204e-101,0.9999999717172612,1.983775493382506,2.129099926554018e-09,3.059154371494081e-09,1.0,1,0.5690800376018523,1.4449323143245274,0,1.0
ising_confirmatory_09,chain,exact_natural,target_biased,19,0,,3.642947587516121,199,1.9837754955647853,3.642947587516121,4.124919713784016e-97,0.9999999819637976,1.983775493382506,1.3577496206799186e-09,2.417262553492382e-09,1.0,1,0.5706595067144099,1.4390135802268609,0,1.0
ising_confirmatory_09,chain,exact_natural,target_biased,42,0,,3.642947585892396,199,1.9837754946805823,3.642947585892396,1.7938516740302823e-112,0.9999999892716048,1.983775493382506,8.076242553425573e-10,1.0259088973069901e-09,1.0,1,0.5222347433243709,1.6329855282131431,0,1.0
ising_confirmatory_09,chain,exact_natural,target_biased,50,1,19.0,0.0948177187541642,19,0.0516332070366445,0.0948177187541642,0.981163790093668,0.981163790093668,0.0,0.0298039221548361,0.0481481653826875,329469035588.4959,28,0.622561536616504,1.2570176642830424,0,1.0
ising_confirmatory_09,chain,exact_natural,target_biased,101,1,13.0,0.0949649658696984,13,0.0517133907924005,0.0949649658696984,0.9802854926883238,0.9802854926883238,0.0,0.018593014634531,0.0193520356997818,197050184301.6581,31,0.5825575889342538,1.395208721408432,0,1.0
ising_confirmatory_09,random_tree,adam,random,0,0,,4.403863731025156,199,2.3981341332914674,4.403863731025156,1.3218250301260184e-16,0.9608967959232544,2.2807513260944354,0.023748810660822,0.0215491718035332,3775.081293224369,31,0.4614378441602824,1.922626311141596,0,
ising_confirmatory_09,random_tree,adam,random,19,0,,3.387894666783603,199,1.8448858403978328,3.387894666783603,3.0154449955663694e-17,0.9779709836450096,1.7297610154769494,0.0237477655124738,0.0228642779049117,1478.6011236131208,31,0.493995776176414,1.7600642440986487,0,
ising_confirmatory_09,random_tree,adam,random,42,0,,3.3755525349102173,199,1.838164904072162,3.3755525349102173,4.0317496212213453e-19,0.9792966501575936,1.7297610154769494,0.0215018025590565,0.0224571510552465,1380.9419524981984,31,0.4173625423791453,2.177339780387947,0,
ising_confirmatory_09,random_tree,adam,random,50,0,,5.366565625928909,199,2.9223756664906877,5.366565625928909,3.3615073216877164e-07,0.9577274034997224,2.8085737086326965,0.0223169862840598,0.0234149321337314,3076.7517250933297,31,0.552474873723346,1.5087193853555156,0,
ising_confirmatory_09,random_tree,adam,random,101,0,,0.2331010572133294,199,0.1269357173500651,0.2331010572133294,0.971212365339394,0.971212365339394,0.0,0.0248760892780752,0.0246137170478876,7525.340040045129,31,0.4439827700918141,2.0181758916048014,0,
ising_confirmatory_09,random_tree,adam,target_biased,0,0,,2.388255122952464,199,1.3005298254374615,2.388255122952464,3.0699005252009146e-10,0.9856161474415436,1.266178776182521,0.0073682914677917,0.0102043166575359,144225.11813396297,31,0.884545113706102,0.5273384524753312,0,
ising_confirmatory_09,random_tree,adam,target_biased,19,0,,2.386485044801935,199,1.2995659253055225,2.386485044801935,2.267673952840962e-09,0.9847653390360132,1.266178776182521,0.0073256973624489,0.0116261135843147,40111.36876513376,31,0.8791185974732124,0.5421374054314987,0,
ising_confirmatory_09,random_tree,adam,target_biased,42,0,,2.3900890717965706,199,1.3015285065026312,2.3900890717965706,1.2322784496190628e-10,0.9839691900008276,1.266178776182521,0.007929539561892,0.0141904726014056,37742.65667252806,31,0.8697798932827123,0.5673158303277545,0,
ising_confirmatory_09,random_tree,adam,target_biased,50,0,,2.3848961206085875,199,1.2987006729780184,2.3848961206085875,4.7564172521963725e-09,0.9822065663643724,1.266178776182521,0.0075295882582969,0.0099897625011098,340175.0830298622,31,0.8868559041272329,0.5209934389531652,0,
ising_confirmatory_09,random_tree,adam,target_biased,101,0,,2.3869965409115297,199,1.2998444616895668,2.3869965409115297,4.545332604199408e-09,0.9836619647426176,1.266178776182521,0.0079074810520349,0.0089842708435676,208425.54420692264,31,0.8899895510990768,0.5123441268742754,0,
ising_confirmatory_09,random_tree,exact_natural,target_biased,0,0,,2.3251738557971207,51,1.2661787761825174,2.3251738557971207,4.416819348296e-53,0.9999999999999984,1.266178776182521,4.395593459913501e-15,6.087439368924817e-15,8.586191729132057,2,0.8028785208765347,0.7425066838719145,0,1.0
ising_confirmatory_09,random_tree,exact_natural,target_biased,19,0,,2.3251738557971278,54,1.266178776182521,2.3251738557971278,3.3956854686760193e-68,0.9999999999999972,1.266178776182521,1.1474582521075802e-15,1.8210525649945725e-15,1.0,1,0.8190794480725806,0.7003961604467476,0,1.0
ising_confirmatory_09,random_tree,exact_natural,target_biased,42,0,,2.3251738557971278,54,1.266178776182521,2.3251738557971278,3.1985817883714073e-76,0.9999999999999988,1.266178776182521,4.781076050448251e-16,8.556074179283665e-16,1.0,1,0.8015074293185358,0.7460752010669687,0,1.0
ising_confirmatory_09,random_tree,exact_natural,target_biased,50,0,,2.325173855797134,52,1.2661787761825245,2.325173855797134,6.825357323279506e-85,0.9999999999999962,1.266178776182521,5.3624093955792e-15,7.114492115358626e-15,9.85843307094204,4,0.746620678078604,0.8910147012496077,0,1.0
ising_confirmatory_09,random_tree,exact_natural,target_biased,101,0,,2.3251738557971278,55,1.266178776182521,2.3251738557971278,6.99523829209607e-64,0.9999999999999992,1.266178776182521,4.063914642881013e-16,4.617312339608481e-16,1.0,1,0.8165599540001963,0.706942133112538,0,1.0
ising_confirmatory_09,problem_tree,adam,random,0,0,,2.527478824625475,199,1.376344412703883,2.527478824625475,3.29293393025218e-09,0.9634267231282102,1.266178776182521,0.0222467449491739,0.0198496245482778,2941.6307210259115,31,0.6410716135230873,1.197184604017772,0,
ising_confirmatory_09,problem_tree,adam,random,19,0,,3.3585585520586783,199,1.8289107915868603,3.3585585520586783,2.6282872280328576e-12,0.973241723486454,1.7297610154769494,0.0203365028335572,0.0188414519931957,3755.1201330974977,31,0.6642463892128684,1.1253560636014015,0,
ising_confirmatory_09,problem_tree,adam,random,42,0,,3.7342365157466944,199,2.033487091597838,3.7342365157466944,1.8786222842012166e-17,0.9717553054176628,1.9057425736463247,0.0260856347723164,0.0258005899422795,1392.2701908895012,31,0.4990161828169955,1.7366023310287142,0,
ising_confirmatory_09,problem_tree,adam,random,50,0,,0.2328343403536818,199,0.1267904760701093,0.2328343403536818,0.9742957720601962,0.9742957720601962,0.0,0.0243925531362738,0.0213158509690256,822.1122445236177,31,0.6351399403485983,1.216105357971047,0,
ising_confirmatory_09,problem_tree,adam,random,101,0,,0.2479451002977349,199,0.1350190751855891,0.2479451002977349,0.9717913004584504,0.9717913004584504,0.0,0.0261184439464943,0.0223819029471885,4256.183750521734,31,0.5895685769591521,1.3700159012694786,0,
ising_confirmatory_09,problem_tree,adam,target_biased,0,1,92.0,0.0991750703490759,92,0.0540060128791353,0.0991750703490759,0.9873005260611244,0.9873005260611244,0.0,0.0133423055092071,0.0384786132335217,39517.26038495426,31,0.9107971869791652,0.4532886983012708,0,
ising_confirmatory_09,problem_tree,adam,target_biased,19,0,,2.3665241542263384,199,1.2886961763886795,2.3665241542263384,1.9232948384351118e-07,0.9895256183712116,1.266178776182521,0.0052597550961997,0.0117552443997352,9063.16369385066,31,0.8664496236384269,0.5762187380876446,0,
ising_confirmatory_09,problem_tree,adam,target_biased,42,0,,2.371749429703184,199,1.2915416121792092,2.371749429703184,7.201202246397169e-08,0.9888268141186508,1.266178776182521,0.0057594000854186,0.0171366602836445,37313.6160762354,31,0.8827256570859957,0.5323156993298864,0,
ising_confirmatory_09,problem_tree,adam,target_biased,50,1,122.0,0.0996967881819721,122,0.0542901155261361,0.0996967881819721,0.9871241698025688,0.9871241698025688,0.0,0.0144869712039316,0.0218362400148298,43270.634227342,31,0.9147539371415456,0.4416613170506819,0,
ising_confirmatory_09,problem_tree,adam,target_biased,101,1,98.0,0.0992838238517841,98,0.054065234849407,0.0992838238517841,0.9851160179552624,0.9851160179552624,0.0,0.0149159434889584,0.0220637711348196,39383.7156431187,31,0.8998951048465662,0.4846191594974406,0,
ising_confirmatory_09,problem_tree,exact_natural,target_biased,0,1,8.0,0.0541270287934288,8,0.0294749981405431,0.0541270287934288,0.9809805888536958,0.9809805888536958,0.0,0.0264718729600578,0.0763436994074223,59579861817.84136,31,0.8643090809575318,0.5819226661727308,0,1.0
ising_confirmatory_09,problem_tree,exact_natural,target_biased,19,1,8.0,0.0637601638600908,8,0.0347207440184682,0.0637601638600908,0.9783304422203578,0.9783304422203578,0.0,0.0287423748144004,0.0642375233052577,80198974326.06581,31,0.870111050993341,0.5664285238232903,0,1.0
ising_confirmatory_09,problem_tree,exact_natural,target_biased,42,0,,2.3251738557974275,72,1.2661787761826844,2.3251738557974275,2.2729825463463083e-82,0.9999999999996432,1.266178776182521,1.8790227572079618e-13,5.590890401420541e-13,1.0,1,0.8041032420858851,0.7393200846499391,0,1.0
ising_confirmatory_09,problem_tree,exact_natural,target_biased,50,1,6.0,0.0899792018020581,6,0.048998381491156,0.0899792018020581,0.9658461849799986,0.9658461849799986,0.0,0.0451481479755918,0.0680518916992474,6990770427.172187,31,0.8848190394849431,0.5265877098925567,0,1.0
ising_confirmatory_09,problem_tree,exact_natural,target_biased,101,1,5.0,0.0792011463888932,5,0.0431291666027107,0.0792011463888932,0.9769157813370212,0.9769157813370212,0.0,0.0228434199940289,0.0337901515286514,149987311.17486173,31,0.8936493040266903,0.5021723806879835,0,1.0
ising_confirmatory_09,full,adam,random,0,0,,3.591294133747368,199,1.9556474883985864,3.591294133747368,5.251366741532115e-14,0.9890967836701848,1.9057425736463247,0.0116695187045767,0.0106285975310563,2484.588200031253,40,0.5933898193636576,1.356469559296742,0,
ising_confirmatory_09,full,adam,random,19,0,,3.2816769146678424,199,1.7870447189490086,3.2816769146678424,7.188264847310184e-13,0.9872337658901708,1.7297610154769494,0.0139015887497274,0.0119626822632074,11142.504150071944,40,0.5616267941688406,1.4732037229204686,0,
ising_confirmatory_09,full,adam,random,42,0,,3.271803514625086,199,1.781668136225214,3.271803514625086,2.5155463332938407e-14,0.9889780183727332,1.7297610154769494,0.0122394295284871,0.0124133224677485,1928.723650697644,40,0.541814827758999,1.5512640861576212,0,
ising_confirmatory_09,full,adam,random,50,1,191.0,0.099471666332036,191,0.0541675249044786,0.099471666332036,0.9884007562350255,0.9884007562350255,0.0,0.0121727240364117,0.0115592391227505,2609.432673411728,40,0.662895779754895,1.1294561022742744,0,
ising_confirmatory_09,full,adam,random,101,0,,0.1108474302836556,199,0.0603622233535823,0.1108474302836556,0.9867759761822124,0.9867759761822124,0.0,0.0138592001785316,0.0129758752316085,5609.994080366078,40,0.5959865652359951,1.3473364192883022,0,
ising_confirmatory_09,full,adam,target_biased,0,1,27.0,0.0957268244910948,27,0.0521282626586305,0.0957268244910948,0.9708655322031468,0.9708655322031468,0.0,0.0164860317696509,0.0291413103737913,28639.568581895877,40,0.9485983897852714,0.333631577200016,0,
ising_confirmatory_09,full,adam,target_biased,19,1,77.0,0.0904812870432251,77,0.0492717931651327,0.0904812870432251,0.952156821052813,0.952156821052813,0.0,0.0199631613548408,0.0404285361145131,173378.174505043,40,0.9103630967426584,0.4545553123638894,0,
ising_confirmatory_09,full,adam,target_biased,42,0,,3.510399519663057,199,1.91159614006364,3.510399519663057,4.6082482436614375e-10,0.9975799912134956,1.9057425736463247,0.0016095289390335,0.0064733984875794,93437.33139400368,40,0.8780468276731442,0.5450446502010649,0,
ising_confirmatory_09,full,adam,target_biased,50,1,30.0,0.0995707494562709,30,0.0542214808478895,0.0995707494562709,0.978095725447201,0.978095725447201,0.0,0.015867988599602,0.0280148169633076,32550.523434998173,40,0.9406271016932036,0.3608674271756218,0,
ising_confirmatory_09,full,adam,target_biased,101,1,30.0,0.0976817142727913,30,0.0531928023897947,0.0976817142727913,0.982670530206658,0.982670530206658,0.0,0.0181384809961087,0.0400128942168925,385402.7405974949,40,0.9316245923645357,0.3900949992717829,0,
ising_confirmatory_09,full,exact_natural,target_biased,0,1,8.0,0.0939517487411923,8,0.0511616410724471,0.0939517487411923,0.9070389819065416,0.9070389819065416,0.0,0.0356138036426782,0.0629522567979532,123595260775.21666,37,0.9923243275811016,0.1246190959437196,0,1.0
ising_confirmatory_09,full,exact_natural,target_biased,19,1,12.0,0.0681436123435503,12,0.0371077609816978,0.0681436123435503,0.9318724690548976,0.9318724690548976,0.0,0.0267785681330592,0.0542308049120571,862834419963.7745,30,0.9727087668480846,0.2385394628884456,0,1.0
ising_confirmatory_09,full,exact_natural,target_biased,42,1,8.0,0.064963643077607,8,0.0353761013970128,0.064963643077607,0.9600924340923468,0.9600924340923468,0.0,0.0260753731862214,0.1048730950113441,24808976786.56658,39,0.996072343165012,0.0888922757608368,0,1.0
ising_confirmatory_09,full,exact_natural,target_biased,50,1,7.0,0.0780156263717146,7,0.0424835889480554,0.0780156263717146,0.9228514813155982,0.9228514813155982,0.0,0.0299911099692119,0.052949083687553,519438966670.1273,40,0.9965871037567924,0.082830524335112,0,1.0
ising_confirmatory_09,full,exact_natural,target_biased,101,1,5.0,0.0691840297683031,5,0.0376743226855929,0.0691840297683031,0.9417030382102468,0.9417030382102468,0.0,0.0237023959367261,0.0522867081045009,9001358002.961359,40,0.996390497849128,0.0851955326126666,0,1.0
ising_confirmatory_10,chain,adam,random,0,0,,49.88241783237707,199,6.321123074882305,49.88241783237707,1.6317311976191127e-09,0.7016631071620802,6.649876565262531,0.1516197335566121,0.4080066152508319,15870.106455849627,31,-0.1030042887919408,9.656694139263152,0,
ising_confirmatory_10,chain,adam,random,19,0,,38.91772621118805,199,4.931672277838537,38.91772621118805,1.085606744828536e-18,0.9812609584211902,4.8571195608227775,0.0162005759400847,0.035205085230273,203.9676204534731,31,0.2432825287878988,3.986950783084173,0,
ising_confirmatory_10,chain,adam,random,42,0,,53.6062702729959,199,6.793011379674422,53.6062702729959,7.457014434491828e-21,0.9816728174546911,6.720156880901097,0.0160393177558704,0.0353223418804233,887.6731066659793,31,-0.0827393912738514,12.044700872832909,0,
ising_confirmatory_10,chain,adam,random,50,0,,51.860745603046446,199,6.571817685614303,51.860745603046446,1.4727013434261946e-21,0.9844505411795608,6.497805750374472,0.0160631434980324,0.0362613321205335,390.9444080126666,31,0.0738597883448758,13.502186480695846,0,
ising_confirmatory_10,chain,adam,random,101,0,,56.74222381504153,199,7.190400863941104,56.74222381504153,4.370474734396758e-22,0.9801321233835768,7.121438150326462,0.0161850227748468,0.0376002762034791,586.3601903783319,31,0.0504265082990462,19.80561034344357,0,
ising_confirmatory_10,chain,adam,target_biased,0,0,,11.744096226245375,199,1.4882173093296558,11.744096226245375,0.005458615150123,0.980201928636242,1.4045821857153769,0.0201036712829901,0.0415778061884516,553.2578779980247,31,0.3096369035472772,3.0708706271562503,0,
ising_confirmatory_10,chain,adam,target_biased,19,0,,58.02217163614616,199,7.352596444231889,58.02217163614616,6.805999358217673e-20,0.9778941863407284,7.287391539720986,0.0141830643463647,0.026288816749271,1857.1476549153963,31,0.1417924876851239,6.981303594088211,0,
ising_confirmatory_10,chain,adam,target_biased,42,0,,48.14712264669716,199,6.101225665803352,48.14712264669716,4.016743343106321e-18,0.9809490987875282,6.020607855440648,0.0181328766665337,0.0347255877687769,567.538259186878,31,0.40059157175762,2.287259126652996,0,
ising_confirmatory_10,chain,adam,target_biased,50,0,,31.11509442898187,199,3.942919167092157,31.11509442898187,1.3473165939628548e-16,0.9863934411843154,3.866067367344023,0.0175029962994265,0.0334883901304463,332.81761734028646,31,0.4832320580277134,1.811743015776145,0,
ising_confirmatory_10,chain,adam,target_biased,101,0,,63.09568862901797,199,7.995514865753023,63.09568862901797,5.869892587161537e-15,0.9840275935950574,7.9239291467862145,0.0157764568719575,0.033345144830171,615.4325131765297,31,0.2920831405784093,3.274385948396511,0,
ising_confirmatory_10,chain,exact_natural,target_biased,0,1,57.0,0.0800316306520913,57,0.0101416452774074,0.0800316306520913,0.9927851354924296,0.9927851354924296,-7.105427357601002e-15,0.0062569308643194,0.0129403955700035,484884337514.52167,14,0.2971333489653807,3.2134931875294863,0,1.0
ising_confirmatory_10,chain,exact_natural,target_biased,19,0,,29.92174514472991,104,3.791697393471889,29.92174514472991,6.523562622616184e-123,0.9999999999999976,3.791697393471885,4.023082701015716e-15,7.456927594160697e-15,6.124744465360626,2,0.2871030498579615,3.3364316481554157,0,0.9951923076923076
ising_confirmatory_10,chain,exact_natural,target_biased,42,0,,22.10097041480249,113,2.800645199993141,22.10097041480249,1.6646196156756845e-87,0.999999999999986,2.8006451999931343,7.165082369827425e-15,1.3721578836035916e-14,138.98667737622054,2,0.4295241052953837,2.102455675819629,0,0.9824609589158444
ising_confirmatory_10,chain,exact_natural,target_biased,50,0,,22.10097041480243,108,2.8006451999931343,22.10097041480243,1.338254221788036e-83,0.9999999999999968,2.8006451999931343,2.2446135165324867e-15,4.294607154557668e-15,1.0,1,0.4311138205430601,2.0929450872962807,0,0.9364011222069416
ising_confirmatory_10,chain,exact_natural,target_biased,101,0,,1.0,100,0.1267204628316847,1.0,5.107783245840029e-36,1.0,0.1267204628316847,0.0,0.0,inf,0,0.3158412063961229,3.004079406197037,0,1.0
ising_confirmatory_10,random_tree,adam,random,0,0,,17.00451110682,199,2.1548195176827534,17.00451110682,2.336714254480905e-05,0.9698483183051072,2.03958115878136,0.0235118936983764,0.0275241506320644,4320.674855243335,31,0.5001885876187031,1.7311800323411064,0,
ising_confirmatory_10,random_tree,adam,random,19,0,,20.386543325148278,199,2.583392205700981,20.386543325148278,1.1932587146375027e-14,0.9728892731708976,2.475068998231496,0.0221269993413808,0.0236532317292642,504.7706936230576,31,0.5159557837272231,1.6602492763424723,0,
ising_confirmatory_10,random_tree,adam,random,42,0,,1.748753147920765,199,0.2216028082828849,1.748753147920765,1.6009117510526153e-05,0.9790884992789126,0.1267204628316847,0.0197558466622366,0.0208520793320889,476.3645229084465,31,0.6361963466028477,1.2127186779547527,0,
ising_confirmatory_10,random_tree,adam,random,50,0,,54.18016485242014,199,6.8657355663956565,54.18016485242014,8.980056646688536e-17,0.9654113633515988,6.765494891047833,0.0202618246074974,0.0223947912436351,3088.685856589946,31,0.3571986947123189,2.6148707582114192,0,
ising_confirmatory_10,random_tree,adam,random,101,0,,52.518561157389726,199,6.655176377118565,52.518561157389726,2.9125274888674724e-11,0.9608492175131372,6.57116544968326,0.0165880258039727,0.0187068022411948,2056.410383943541,31,0.602139403065212,1.3259238058003266,0,
ising_confirmatory_10,random_tree,adam,target_biased,0,0,,1.3797266899742398,199,0.174839604734764,1.3797266899742398,8.52897077515072e-05,0.9897554316580316,0.1267204628316847,0.013074008954577,0.0137953337027952,1804.5895904170743,31,0.8609117181200909,0.5909483676689042,0,
ising_confirmatory_10,random_tree,adam,target_biased,19,0,,1.3750598172467865,199,0.1742482164627645,1.3750598172467865,6.421619840677835e-05,0.989286344181134,0.1267204628316847,0.0129913684986733,0.0175884432328928,4477.732106307644,31,0.8511105525782786,0.6168252765953697,0,
ising_confirmatory_10,random_tree,adam,target_biased,42,0,,1.4068642430217493,199,0.1782784880170638,1.4068642430217493,9.908232647882855e-06,0.9900033541094948,0.1267204628316847,0.0144746867300343,0.0179849737940732,2535.0201515534927,31,0.863846149770606,0.5831544473480982,0,
ising_confirmatory_10,random_tree,adam,target_biased,50,0,,1.3762924651183028,199,0.1744044181715516,1.3762924651183028,1.3111555625852968e-05,0.9894498414998096,0.1267204628316847,0.0136589512610872,0.0363959605902431,3121.9358587182023,31,0.8649308494910456,0.580267254689437,0,
ising_confirmatory_10,random_tree,adam,target_biased,101,0,,1.3543405607479193,199,0.1716226626896997,1.3543405607479193,9.678201712956022e-06,0.9911108264209552,0.1267204628316847,0.0133681932914885,0.0198133247591363,1043.836430790595,31,0.8427147439407544,0.6388405426614454,0,
ising_confirmatory_10,random_tree,exact_natural,target_biased,0,1,64.0,0.0961601350880002,64,0.0121854568243087,0.0961601350880002,0.9038398656601278,0.9038398656601278,-7.105427357601002e-15,0.007912476801651,0.0083490273162302,649721866799.9424,9,0.6998299890227407,1.020689965388821,0,1.0
ising_confirmatory_10,random_tree,exact_natural,target_biased,19,1,71.0,0.0922055847845111,71,0.0116843343795594,0.0922055847845111,0.907794415840824,0.907794415840824,-7.105427357601002e-15,0.007620274677424,0.0103167552053206,907624353699.2332,7,0.6977330122212516,1.026693433422094,0,1.0
ising_confirmatory_10,random_tree,exact_natural,target_biased,42,1,103.0,0.0983466934648105,103,0.0124625385138266,0.0983466934648105,0.901653306663836,0.901653306663836,-7.105427357601002e-15,0.008072819405339,0.0100305760088092,265666397614.0659,4,0.7125037729892305,0.9847923693900212,0,1.0
ising_confirmatory_10,random_tree,exact_natural,target_biased,50,0,,0.9999999999916452,38,0.126720462830626,0.9999999999916452,8.34332801157397e-12,0.9999999999916568,0.1267204628316847,7.595652884614947e-13,2.023955410348276e-12,1.0,1,0.7612073211910776,0.8519474124491259,0,1.0
ising_confirmatory_10,random_tree,exact_natural,target_biased,101,1,163.0,0.0892282171524183,163,0.0113070409752005,0.0892282171524183,0.9107717828487816,0.9107717828487816,-7.105427357601002e-15,0.0073983977744115,0.0109653454737985,953111500170.6364,2,0.7142583396300991,0.979872563523858,0,1.0
ising_confirmatory_10,problem_tree,adam,random,0,0,,0.9183356649590898,199,0.1163719204984587,0.9183356649590898,0.9763702070638652,0.9763702070638652,-7.105427357601002e-15,0.0231350775213328,0.0244623576029489,2762.111198612223,31,0.6124816339212543,1.2906261585865149,0,
ising_confirmatory_10,problem_tree,adam,random,19,0,,20.45691763583859,199,2.5923100709231197,20.45691763583859,2.9119558320840456e-13,0.9567413553993944,2.475068998231496,0.0224712195042499,0.0227308582879001,17457.468025585677,31,0.5257988225232674,1.6177460292028742,0,
ising_confirmatory_10,problem_tree,adam,random,42,0,,1.8455371578795916,199,0.2338673228195738,1.8455371578795916,0.0008016710734987,0.9777214505888452,0.1267204628316847,0.021672032043272,0.0234303109272495,1782.1615344947263,31,0.6703281604716563,1.1070171849244976,0,
ising_confirmatory_10,problem_tree,adam,random,50,0,,22.96362127916459,199,2.9099607167872605,22.96362127916459,3.3208993902310024e-08,0.9644388326700088,2.8006451999931343,0.0207187739575957,0.0219095430897022,7687.627982277582,31,0.6193227958746179,1.2677338440427153,0,
ising_confirmatory_10,problem_tree,adam,random,101,0,,0.9341437432033776,199,0.1183751274900544,0.9341437432033776,0.920815616240109,0.920815616240109,-7.105427357601002e-15,0.0251187146337394,0.0258292340715607,131245.27634058823,31,0.6854766596248522,1.0621727108210457,0,
ising_confirmatory_10,problem_tree,adam,target_biased,0,0,,0.2613311084283644,199,0.0331159990123595,0.2613311084283644,0.9931905337604994,0.9931905337604994,-7.105427357601002e-15,0.0076522041297803,0.0106437191000973,9250.958287086443,31,0.8811049328514301,0.5367360883075545,0,
ising_confirmatory_10,problem_tree,adam,target_biased,19,0,,1.2333865195841072,199,0.1562953106120588,1.2333865195841072,0.0014185757305547,0.9918084580130564,0.1267204628316847,0.0065508698727221,0.0101000017349724,13972.162957768567,31,0.8984625841391155,0.4886682000920455,0,
ising_confirmatory_10,problem_tree,adam,target_biased,42,0,,1.217997315727658,199,0.1543451835767584,1.217997315727658,0.0005774661221526,0.993125671321479,0.1267204628316847,0.0065215714564893,0.0107253721951493,15936.117225150723,31,0.904140357214996,0.4725323294529612,0,
ising_confirmatory_10,problem_tree,adam,target_biased,50,0,,0.3357052236731759,199,0.042540721318879,0.3357052236731759,0.9593837377192068,0.9593837377192068,-7.105427357601002e-15,0.0110186306949961,0.0264338508573863,233495.3655963073,31,0.8943238056312467,0.5002889375156186,0,
ising_confirmatory_10,problem_tree,adam,target_biased,101,0,,0.3371224732733462,199,0.0427203158441606,0.3371224732733462,0.991242557028803,0.991242557028803,-7.105427357601002e-15,0.0106845516514816,0.0128984861323782,4133.7991332590445,31,0.885390505373893,0.5250203004254264,0,
ising_confirmatory_10,problem_tree,exact_natural,target_biased,0,1,17.0,0.0918621759137486,17,0.0116408174485158,0.0918621759137486,0.9081378911986756,0.9081378911986756,-7.105427357601002e-15,0.0075947613939987,0.0105638199842825,925407112959.9436,12,0.8427835769058564,0.6386605021551841,0,1.0
ising_confirmatory_10,problem_tree,exact_natural,target_biased,19,1,27.0,0.0963298001442132,27,0.0122069568587583,0.0963298001442132,0.903670200302395,0.903670200302395,-7.105427357601002e-15,0.0079249496806066,0.0122185308331321,755822817514.8232,11,0.8408162265933069,0.6438037918400699,0,1.0
ising_confirmatory_10,problem_tree,exact_natural,target_biased,42,1,34.0,0.0927463299633398,34,0.0117528578588945,0.0927463299633398,0.9072536711014078,0.9072536711014078,-7.105427357601002e-15,0.007660398416873,0.0125982862768968,952391033312.5764,12,0.8474824125284752,0.626353380393177,0,1.0
ising_confirmatory_10,problem_tree,exact_natural,target_biased,50,1,28.0,0.0991512635672489,28,0.0125644940095881,0.0991512635672489,0.900848737096906,0.900848737096906,-7.105427357601002e-15,0.0081316002252174,0.0195078239334131,878059681078.3298,12,0.8420678635233915,0.6405322117189878,0,1.0
ising_confirmatory_10,problem_tree,exact_natural,target_biased,101,1,11.0,0.0926136264764767,11,0.0117360416116198,0.0926136264764767,0.918704950234934,0.918704950234934,-7.105427357601002e-15,0.0069662644129013,0.0084097365856078,832954368985.7246,22,0.8823548273939372,0.5333281849992078,0,1.0
ising_confirmatory_10,full,adam,random,0,0,,16.554086007030133,199,2.0977414405663737,16.554086007030133,0.0014387833995204,0.9810960674727728,2.03958115878136,0.0135778450236768,0.0145152364782009,7104.637081616718,40,0.6053568019623935,1.3148513921514746,0,
ising_confirmatory_10,full,adam,random,19,0,,23.2075167811162,199,2.9408672676771346,23.2075167811162,4.799568887046999e-13,0.9842400293993112,2.891831339001289,0.0110431892318622,0.0112703593281115,19545.04195801334,40,0.602442432847884,1.3248773539028569,0,
ising_confirmatory_10,full,adam,random,42,0,,1.4109232748614449,199,0.1787928504104385,1.4109232748614449,9.26116745486957e-05,0.988391708032873,0.1267204628316847,0.0125436937096213,0.0141744910369463,7923.3518715545715,40,0.7274274734569693,0.9433030782579488,0,
ising_confirmatory_10,full,adam,random,50,0,,55.59831206816431,199,7.045443837938223,55.59831206816431,9.092343591255246e-16,0.9877547261671142,6.998684671884902,0.0107424405640706,0.0111018269946966,1745.4717057169155,40,0.4210774338252272,2.154056761764196,0,
ising_confirmatory_10,full,adam,random,101,0,,16.472815318057254,199,2.0874427812450804,16.472815318057254,5.936334833389552e-05,0.9845259872971645,2.03958115878136,0.012283645935363,0.0121537520120724,7693.057142265778,40,0.6680222775517766,1.1139467944323087,0,
ising_confirmatory_10,full,adam,target_biased,0,1,84.0,0.0997488086082641,84,0.0126402151937483,0.0997488086082641,0.9958854220842648,0.9958854220842648,-7.105427357601002e-15,0.0036146939083578,0.0090035240706298,28050.876286539235,40,0.923786103105268,0.4144995381337187,0,
ising_confirmatory_10,full,adam,target_biased,19,1,120.0,0.099686696156795,120,0.0126323442751505,0.099686696156795,0.9946834444724892,0.9946834444724892,-7.105427357601002e-15,0.0033850379228147,0.0050279603644699,162593.66671870265,40,0.9160825524185484,0.4377222565228242,0,
ising_confirmatory_10,full,adam,target_biased,42,0,,1.0472403807707489,199,0.132706785747299,1.0472403807707489,0.0002676334494118,0.9980713304585566,0.1267204628316847,0.0015495444952,0.0026828809604721,25633.939305997195,40,0.9332892043228408,0.3847957183738882,0,
ising_confirmatory_10,full,adam,target_biased,50,0,,1.089112160888557,199,0.1380127971034142,1.089112160888557,0.0004848936068608,0.9963763380046128,0.1267204628316847,0.0029451644310813,0.0034189056148583,40774.83930825762,40,0.9225379198063872,0.4183095779587037,0,
ising_confirmatory_10,full,adam,target_biased,101,0,,1.0994968608889724,199,0.139328751093835,1.0994968608889724,0.0017024587252814,0.994669911718287,0.1267204628316847,0.0036268873519086,0.0054806117805191,111110.32405753892,40,0.9151002812533406,0.4406362240248315,0,
ising_confirmatory_10,full,exact_natural,target_biased,0,1,9.0,0.0995562872057075,9,0.0126158187925113,0.0995562872057075,0.9005397800360468,0.9005397800360468,-7.105427357601002e-15,0.0087918011040032,0.0218987263848382,619811887105.1792,30,0.965072699582069,0.2714637165462414,0,1.0
ising_confirmatory_10,full,exact_natural,target_biased,19,1,23.0,0.0947594744308961,23,0.0120079644575703,0.0947594744308961,0.905240526043966,0.905240526043966,-7.105427357601002e-15,0.0084199401756003,0.0125065439263744,940295956063.9336,8,0.934267432158397,0.3816606178203631,0,1.0
ising_confirmatory_10,full,exact_natural,target_biased,42,1,35.0,0.099230481712671,35,0.0125745325696406,0.099230481712671,0.9007695189251992,0.9007695189251992,-7.105427357601002e-15,0.0087736671619511,0.0151907251810012,632670285431.7798,9,0.9300190121898684,0.3951654813967146,0,1.0
ising_confirmatory_10,full,exact_natural,target_biased,50,1,29.0,0.0980320126305644,29,0.0124226620128666,0.0980320126305644,0.9019679877770164,0.9019679877770164,-7.105427357601002e-15,0.0086792343968999,0.0100753230954028,822013796520.029,9,0.9395215347602422,0.3645364372695825,0,1.0
ising_confirmatory_10,full,exact_natural,target_biased,101,1,29.0,0.0942356072701922,29,0.0119415797685036,0.0942356072701922,0.9057643931434702,0.9057643931434702,-7.105427357601002e-15,0.0083782372008038,0.0126604057549629,774644646268.4576,9,0.9425372193438488,0.3544699993625147,0,1.0
ising_confirmatory_11,chain,adam,random,0,0,,0.1305389802327421,199,0.1085388107457312,0.1305389802327421,0.9776845965077195,0.9776845965077195,7.105427357601002e-15,0.0237635884384618,0.0333413245599687,441.3101817691004,31,0.3366007546436871,2.797520336238819,0,
ising_confirmatory_11,chain,adam,random,19,0,,4.488145453137999,199,3.731743338801373,4.488145453137999,3.198753846756364e-20,0.9668621998672684,3.6508771856226048,0.0184957432249545,0.0363058640754946,1510.864647377335,31,0.3152868950643177,3.009945602963633,0,
ising_confirmatory_11,chain,adam,random,42,0,,11.177308821655064,199,9.29355970666546,11.177308821655064,1.8270921409309282e-13,0.9644068456795504,9.254856083486189,0.0216573826643664,0.0352913340234754,959.3918532758998,31,0.180681094873653,5.443523210886096,0,
ising_confirmatory_11,chain,adam,random,50,0,,3.4388425059130148,199,2.859282915097033,3.4388425059130148,7.2655392111073955e-12,0.9825995973871184,2.751332537228034,0.0242204622670773,0.0364039069421215,259.3712204927538,31,0.3508249445402731,2.669254493648189,0,
ising_confirmatory_11,chain,adam,random,101,0,,8.821056346907495,199,7.33441431599509,8.821056346907495,8.011534521991185e-14,0.9784872045604904,7.262316295226675,0.0156578604564199,0.0220033132785119,255.1574756676844,31,0.2597210855856598,3.7181566200105727,0,
ising_confirmatory_11,chain,adam,target_biased,0,0,,0.1125738389231922,199,0.0936013945874236,0.1125738389231922,0.9819706858116456,0.9819706858116456,7.105427357601002e-15,0.0236412427911487,0.0250015129492978,1157.2586426192634,31,0.5541009396713872,1.50234267359857,0,
ising_confirmatory_11,chain,adam,target_biased,19,0,,2.8204900898181067,199,2.345143492948729,2.8204900898181067,6.914608856035179e-07,0.9805718112437724,2.270311845039913,0.0180375745448303,0.0305438700119404,899.0956259033748,31,0.6491377747439284,1.1718172696673148,0,
ising_confirmatory_11,chain,adam,target_biased,42,0,,2.5596361109468644,199,2.128252104686794,2.5596361109468644,9.276048842798135e-10,0.9861372677983502,2.062303565193496,0.0157435273921104,0.0189603691134373,3764.481380432742,31,0.6113872456944336,1.2943213393435835,0,
ising_confirmatory_11,chain,adam,target_biased,50,0,,3.4204073873288063,199,2.8439547285008224,3.4204073873288063,9.291534958531906e-11,0.9836657061318804,2.751332537228034,0.0217520085704963,0.0346605288814664,1263.9865707111774,31,0.5538825232463656,1.5031975098609565,0,
ising_confirmatory_11,chain,adam,target_biased,101,0,,2.825702156364072,199,2.3494771525454112,2.825702156364072,3.089450577134859e-07,0.9791171789940244,2.270311845039913,0.0180809316169009,0.0287011109422846,1095.590357518961,31,0.5818600471696626,1.3977397745242943,0,
ising_confirmatory_11,chain,exact_natural,target_biased,0,1,23.0,0.0959481197032073,23,0.079777663248997,0.0959481197032073,0.9546859200504806,0.9546859200504806,7.105427357601002e-15,0.0463370282683307,0.0490031688484832,651248253187.233,25,0.4047180910193301,2.259453001220574,0,1.0
ising_confirmatory_11,chain,exact_natural,target_biased,19,0,,2.122270365646836,101,1.7645970663898218,2.122270365646836,1.3960692036901858e-26,0.9999999999997208,1.7645970663896795,8.783695890516154e-14,1.4873843755297736e-13,1.0,1,0.4583633202138157,1.9389965811244616,0,1.0
ising_confirmatory_11,chain,exact_natural,target_biased,42,0,,2.480320195891737,78,2.0623035651935027,2.480320195891737,8.05239256661208e-49,0.9999999999999892,2.062303565193496,5.143476896464561e-15,6.194432674108066e-15,1.0,1,0.4637618627719233,1.9103767808567984,0,1.0
ising_confirmatory_11,chain,exact_natural,target_biased,50,0,,3.309011230400586,137,2.751332537235985,3.309011230400586,1.7140310038805248e-87,0.9999999999660392,2.751332537228034,4.945283775913609e-12,7.880014877090028e-12,1.0,1,0.3407598392851056,2.7589823356786662,0,1.0
ising_confirmatory_11,chain,exact_natural,target_biased,101,0,,2.1222703656470063,120,1.764597066389964,2.1222703656470063,1.357427468883188e-26,0.9999999999994402,1.7645970663896795,1.7612803611048895e-13,2.795801904216435e-13,1.0,1,0.4645073610283527,1.9064698060142244,0,1.0
ising_confirmatory_11,random_tree,adam,random,0,0,,0.1593550600703266,199,0.1324984205906147,0.1593550600703266,0.968268865731527,0.968268865731527,7.105427357601002e-15,0.0244756002466784,0.0239581918644441,1128.0094638801916,31,0.5395054497852114,1.5606554262139507,0,
ising_confirmatory_11,random_tree,adam,random,19,0,,1.670314776120845,199,1.388811058949166,1.670314776120845,1.4872856290195567e-10,0.7422705617471593,1.211615173289843,0.0334907017050123,0.036605982883825,39418.55056356942,31,0.597028469624852,1.343688097746752,0,
ising_confirmatory_11,random_tree,adam,random,42,0,,3.208059840234327,199,2.6673948213733496,3.208059840234327,1.997228729227696e-08,0.9692593216762488,2.556049999081875,0.0209379216187844,0.022647171643307,2662.933883697517,31,0.5671685358464653,1.4521287829246157,0,
ising_confirmatory_11,random_tree,adam,random,50,0,,0.1657722832479122,199,0.1378341277544308,0.1657722832479122,0.9636369305528232,0.9636369305528232,7.105427357601002e-15,0.026116626022732,0.0271815624750685,15192.546090550908,31,0.5584537017564278,1.4854153327356556,0,
ising_confirmatory_11,random_tree,adam,random,101,0,,4.213290030092225,199,3.5032102164250998,4.213290030092225,2.510476330147783e-13,0.9591444487704311,3.387161615203375,0.0238791481977627,0.0232076928373382,1261.3387704599745,31,0.6573098489178311,1.1465223560499695,0,
ising_confirmatory_11,random_tree,adam,target_biased,0,0,,1.5058554162008733,199,1.2520685831776213,1.5058554162008733,2.6223564492321043e-08,0.960791338001614,1.211615173289843,0.0116538841526601,0.0249706788136376,34577.11746020334,31,0.8700999010410563,0.5664584052089568,0,
ising_confirmatory_11,random_tree,adam,target_biased,19,0,,1.4990784635397494,199,1.2464337729392767,1.4990784635397494,6.391457076757535e-10,0.9771675377078382,1.211615173289843,0.0094808219961677,0.0168879852715108,41927.001748187366,31,0.8543624266627371,0.6082636810625097,0,
ising_confirmatory_11,random_tree,adam,target_biased,42,0,,1.5000370883267031,199,1.2472308374953336,1.5000370883267031,1.1449568021596674e-09,0.9798674165939804,1.211615173289843,0.0098199735856268,0.0223936342602019,11891.10196112046,31,0.8726963452317154,0.5594882372259196,0,
ising_confirmatory_11,random_tree,adam,target_biased,50,0,,1.50273707668359,199,1.2494757878140916,1.50273707668359,4.5633313643247935e-09,0.9789082591943358,1.211615173289843,0.0097131350724676,0.0096652843481968,13773.236554691828,31,0.8366088882985118,0.6547870482322803,0,
ising_confirmatory_11,random_tree,adam,target_biased,101,0,,4.111536267742612,199,3.418605354837858,4.111536267742612,5.0663783244281976e-12,0.979788323948894,3.387161615203375,0.006503712635789,0.0120381316187643,14242.170098585302,31,0.8924984764879473,0.5053794697401897,0,
ising_confirmatory_11,random_tree,exact_natural,target_biased,0,1,11.0,0.0687486922934675,11,0.0571622460092235,0.0687486922934675,0.9666673266250996,0.9666673266250996,7.105427357601002e-15,0.0316245990373957,0.0677617603563201,629341151344.6831,29,0.8910292280821284,0.5094624550774035,0,1.0
ising_confirmatory_11,random_tree,exact_natural,target_biased,19,0,,1.4572023414433168,122,1.2116151732927491,1.4572023414433168,2.2802203553630992e-104,0.9999999999875632,1.211615173289843,1.4786736293239833e-12,2.633929682835798e-12,1.0,1,0.7242762160854916,0.9519986003152858,0,1.0
ising_confirmatory_11,random_tree,exact_natural,target_biased,42,0,,1.4572023414446116,117,1.2116151732938256,1.4572023414446116,4.661016043595621e-92,0.9999999999829754,1.211615173289843,2.0247747299283663e-12,4.617330623748314e-12,42301.6551758392,2,0.7835530307800372,0.7929583435294965,0,1.0
ising_confirmatory_11,random_tree,exact_natural,target_biased,50,0,,1.4572023414462054,122,1.2116151732951508,1.4572023414462054,4.9968142319367926e-107,0.9999999999773042,1.211615173289843,2.6984473726566613e-12,2.6851537593973544e-12,1.0,1,0.7123815700044316,0.9851354622887332,0,1.0
ising_confirmatory_11,random_tree,exact_natural,target_biased,101,0,,3.823548752290945,162,3.1791533353643544,3.823548752290945,4.271219820988578e-105,0.999999999964432,3.179153335356954,5.9434503102791795e-12,1.1001106769540609e-11,526074.0568011777,3,0.875534662137546,0.5518403014429761,0,1.0
ising_confirmatory_11,problem_tree,adam,random,0,0,,0.1920649129936425,199,0.1596955729632974,0.1920649129936425,0.9640766411256528,0.9640766411256528,7.105427357601002e-15,0.0288769802095746,0.0263577739985992,6197.208701704487,31,0.5430100059469404,1.5464286405305618,0,
ising_confirmatory_11,problem_tree,adam,random,19,0,,1.877116354874062,199,1.5607596782672744,1.877116354874062,2.2912021235902303e-09,0.9446832637734724,1.4456617983535835,0.022447038070646,0.0233685734413766,12861.45570373136,31,0.5908052821658457,1.3656177471921205,0,
ising_confirmatory_11,problem_tree,adam,random,42,0,,3.2246216506732925,199,2.6811654146906605,3.2246216506732925,0.0001038998593131,0.9614997212234648,2.556049999081875,0.0226278391619173,0.0230322400749789,5907.701745608239,31,0.5741578441113767,1.425992240533829,0,
ising_confirmatory_11,problem_tree,adam,random,50,0,,0.175975197942611,199,0.1463175112244741,0.175975197942611,0.9595440865745613,0.9595440865745613,7.105427357601002e-15,0.0285404810950911,0.0272675282092557,5450.13745993827,31,0.5707187527878229,1.4387920518777284,0,
ising_confirmatory_11,problem_tree,adam,random,101,0,,2.8970821242964577,199,2.408827216538836,2.8970821242964577,6.615828442251946e-09,0.5450459911320967,2.00987005732469,0.080954019433459,0.0698106085014554,73188.1239391823,31,0.6249844099348801,1.2490507269891733,0,
ising_confirmatory_11,problem_tree,adam,target_biased,0,1,113.0,0.0993179691862845,113,0.0825795807653833,0.0993179691862845,0.9700569481774254,0.9700569481774254,7.105427357601002e-15,0.0181941713818132,0.0612996462356924,54701.47779147328,31,0.8428022833434792,0.6386115721775368,0,
ising_confirmatory_11,problem_tree,adam,target_biased,19,0,,1.7545111043494963,199,1.4588174993151135,1.7545111043494963,2.3277158312826226e-08,0.9287421967733972,1.4456617983535835,0.0097837950108324,0.0291403171722535,317396.5387744118,31,0.8609204056819937,0.5909253280967668,0,
ising_confirmatory_11,problem_tree,adam,target_biased,42,0,,1.7802014447117755,199,1.4801781609780384,1.7802014447117755,2.7065280843905894e-06,0.97655307832603,1.4456617983535835,0.0085538470263214,0.0223790797689669,85814.10840722897,31,0.8975944295708509,0.4911151598376842,0,
ising_confirmatory_11,problem_tree,adam,target_biased,50,1,114.0,0.0992585995683931,114,0.0825302169071022,0.0992585995683931,0.9694423591327418,0.9694423591327418,7.105427357601002e-15,0.0177515833639831,0.0447287141409665,79304.26060831064,31,0.8451399563238718,0.6324929816872623,0,
ising_confirmatory_11,problem_tree,adam,target_biased,101,0,,2.4539126629363373,199,2.0403465817959194,2.4539126629363373,4.967299295917888e-08,0.9794134700769892,2.00987005732469,0.0068581289369269,0.0191200914802237,30106.85420590477,31,0.7992313614234667,0.7520018797693432,0,
ising_confirmatory_11,problem_tree,exact_natural,target_biased,0,1,12.0,0.0581712367613525,12,0.0483674443176163,0.0581712367613525,0.9645804354693468,0.9645804354693468,7.105427357601002e-15,0.0233552532126065,0.0786883188925311,315153560325.7422,28,0.8855817816689807,0.5244953032722138,0,1.0
ising_confirmatory_11,problem_tree,exact_natural,target_biased,19,1,17.0,0.0556844835129134,17,0.0462997918836656,0.0556844835129134,0.9639962296849804,0.9639962296849804,7.105427357601002e-15,0.04303453165396,0.128175201991385,564192697091.7766,29,0.8619933540039469,0.5880782894103185,0,1.0
ising_confirmatory_11,problem_tree,exact_natural,target_biased,42,1,14.0,0.0506517595937742,14,0.0421152497030767,0.0506517595937742,0.9699667843078212,0.9699667843078212,7.105427357601002e-15,0.0241670032268475,0.0632271411127899,611040555649.5283,29,0.8644664808031755,0.5815037090842321,0,1.0
ising_confirmatory_11,problem_tree,exact_natural,target_biased,50,1,14.0,0.0412895548741623,14,0.0343308885535336,0.0412895548741623,0.9747314815457342,0.9747314815457342,7.105427357601002e-15,0.0168534798308682,0.0424657601622583,315795335618.7152,27,0.8830686416013405,0.5313786610317885,0,1.0
ising_confirmatory_11,problem_tree,exact_natural,target_biased,101,1,14.0,0.074049961897025,14,0.0615700749748455,0.074049961897025,0.9566068252688672,0.9566068252688672,7.105427357601002e-15,0.0429542267898437,0.1197540543838203,783582394635.0554,29,0.8685948211057927,0.5704880815742033,0,1.0
ising_confirmatory_11,full,adam,random,0,1,150.0,0.0996890514232297,150,0.0828881232759428,0.0996890514232297,0.9799519267184514,0.9799519267184514,7.105427357601002e-15,0.0183588083779521,0.0170202429974671,2321.7148200211886,40,0.6419729655113539,1.1943295348020708,0,
ising_confirmatory_11,full,adam,random,19,1,122.0,0.0995557138294676,122,0.082777257511335,0.0995557138294676,0.9780301514372948,0.9780301514372948,7.105427357601002e-15,0.0197272528947413,0.0199955374529922,2754.959850606488,40,0.7454128696218222,0.8942736271642432,0,
ising_confirmatory_11,full,adam,random,42,0,,3.127654140230176,199,2.6005401620212645,3.127654140230176,1.1194384079166835e-06,0.9882237123433798,2.556049999081875,0.010016232443306,0.0101480142918802,4190.24947085128,40,0.618363624386555,1.2709223042836504,0,
ising_confirmatory_11,full,adam,random,50,1,137.0,0.0994645516939807,137,0.0827014592344284,0.0994645516939807,0.9804349882576576,0.9804349882576576,7.105427357601002e-15,0.0197926830207261,0.0200172029508053,2324.8489165367428,40,0.6948553876841584,1.0349628190381754,0,
ising_confirmatory_11,full,adam,random,101,0,,2.478748420430541,199,2.060996686290256,2.478748420430541,2.0413232249946327e-08,0.9776903870632944,2.00987005732469,0.0126579385987553,0.0118491791579934,8620.888271307358,40,0.7249246214890588,0.9502066594459048,0,
ising_confirmatory_11,full,adam,target_biased,0,1,26.0,0.0944671606259974,26,0.078546295141809,0.0944671606259974,0.9619733879274792,0.9619733879274792,7.105427357601002e-15,0.0263639056793932,0.0556446070396057,44265.41243608607,40,0.9513622414679336,0.3238245822979755,0,
ising_confirmatory_11,full,adam,target_biased,19,1,21.0,0.0985134708134815,21,0.0819106671851237,0.0985134708134815,0.966179368388154,0.966179368388154,7.105427357601002e-15,0.0319996772588932,0.0881884927109247,155976.8149847212,40,0.952481003752963,0.3197942972576332,0,
ising_confirmatory_11,full,adam,target_biased,42,1,26.0,0.0976330954881788,26,0.0811786644481031,0.0976330954881788,0.959284252070816,0.959284252070816,7.105427357601002e-15,0.0266110076340239,0.0750285953148987,108183.79059376316,40,0.965577854814082,0.2693870996375014,0,
ising_confirmatory_11,full,adam,target_biased,50,1,23.0,0.0944462382965444,23,0.0785288989222827,0.0944462382965444,0.9620860701113524,0.9620860701113524,7.105427357601002e-15,0.0255249478348754,0.0492563240875106,64576.15253327201,40,0.94680636935777,0.3398834555834163,0,
ising_confirmatory_11,full,adam,target_biased,101,1,35.0,0.0948355225940784,35,0.078852575839484,0.0948355225940784,0.9603200318074406,0.9603200318074406,7.105427357601002e-15,0.0285966258979829,0.06704254612177,236387.4263145812,40,0.9500487219790528,0.3285111807890498,0,
ising_confirmatory_11,full,exact_natural,target_biased,0,1,4.0,0.0758531578803385,4,0.063069372328183,0.0758531578803385,0.9624807124841248,0.9624807124841248,7.105427357601002e-15,0.025970022671174,0.0548132634033805,4175134388.151053,40,0.9968873810575802,0.0790849174692299,0,1.0
ising_confirmatory_11,full,exact_natural,target_biased,19,1,6.0,0.0736152717858864,6,0.0612086446371655,0.0736152717858864,0.932879755475963,0.932879755475963,7.105427357601002e-15,0.0615393295029314,0.169597357729376,703273964644.2666,37,0.99480629242585,0.1023176573082988,0,1.0
ising_confirmatory_11,full,exact_natural,target_biased,42,1,6.0,0.0584555773795587,6,0.0486038640635939,0.0584555773795587,0.9547637823233778,0.9547637823233778,7.105427357601002e-15,0.037872954247006,0.1067811710348198,917630742431.6776,38,0.9968665384255196,0.0793505037268813,0,1.0
ising_confirmatory_11,full,exact_natural,target_biased,50,1,4.0,0.0954367138982794,4,0.0793524463691319,0.0954367138982794,0.9385076960119336,0.9385076960119336,7.105427357601002e-15,0.0406604464118545,0.0784637891901021,5560793662.627746,40,0.9957263138061464,0.0927495524002359,0,1.0
ising_confirmatory_11,full,exact_natural,target_biased,101,1,8.0,0.0943996993860391,8,0.0784902033695011,0.0943996993860391,0.909903427235238,0.909903427235238,7.105427357601002e-15,0.082827849742728,0.1941833961934467,872758567719.983,34,0.9830343004847598,0.1865874059119893,0,1.0
ising_confirmatory_12,chain,adam,random,0,0,,0.1800487045488745,199,0.0920007144372974,0.1800487045488745,0.9791410683565832,0.9791410683565832,7.105427357601002e-15,0.020050645748106,0.032094021859704,621.2929491803053,31,0.3288037406717768,2.8722248480781203,0,
ising_confirmatory_12,chain,adam,random,19,0,,7.887941319271568,199,4.0305551691179815,7.887941319271568,1.0623661946500708e-14,0.9775744164838251,3.932255601276058,0.0218413110645624,0.0339306257976686,389.9197535003917,31,0.319515246121863,2.965683630273217,0,
ising_confirmatory_12,chain,adam,random,42,0,,8.2377654422226,199,4.209307186909697,8.2377654422226,1.3358206056273568e-15,0.961466263208616,4.178289132704752,0.0226835238758012,0.042148787984935,2413.888642260662,31,0.3608918527696521,2.584174913439494,0,
ising_confirmatory_12,chain,adam,random,50,0,,4.958412779694819,199,2.5336339928128666,4.958412779694819,3.0585066938137374e-14,0.9806828821638632,2.4459132214846058,0.0195618332963324,0.0291602462760066,398.0530373486367,31,0.1543366590560374,6.401708599373931,0,
ising_confirmatory_12,chain,adam,random,101,0,,1.684101537139241,199,0.8605368474600859,1.684101537139241,6.357455470476182e-07,0.9821300697020532,0.7634878160429004,0.0214220520261536,0.0304763484036036,475.941860616464,31,0.289328407365203,3.3084545832885883,0,
ising_confirmatory_12,chain,adam,target_biased,0,0,,0.1568811168784505,199,0.0801626141698825,0.1568811168784505,0.9803450050026944,0.9803450050026944,7.105427357601002e-15,0.0176849043825759,0.0272132736843795,1967.0216540954812,31,0.5244066459990051,1.6236787926933918,0,
ising_confirmatory_12,chain,adam,target_biased,19,0,,7.835221199684422,199,4.003616410078365,7.835221199684422,1.453363145392387e-14,0.9829657820368862,3.932255601276058,0.0158008874417505,0.0247476626350362,288.03993686737545,31,0.5042474030676463,1.7125705202383286,0,
ising_confirmatory_12,chain,adam,target_biased,42,0,,1.3164461913996008,199,0.6726734881568994,1.3164461913996008,5.764059469223187e-14,0.97630249334516,0.5748800145623036,0.022897461378945,0.0323061630342425,2076.233840749042,31,0.5622874112416466,1.4706747118952368,0,
ising_confirmatory_12,chain,adam,target_biased,50,0,,1.6704223603468078,199,0.8535471052068928,1.6704223603468078,1.633753975434526e-07,0.984062524120072,0.7634878160429004,0.020685311341305,0.0359050386551808,379.9066967423889,31,0.3826837609109409,2.4142111340807024,0,
ising_confirmatory_12,chain,adam,target_biased,101,0,,0.1628085185049373,199,0.0831913790019314,0.1628085185049373,0.9789167554683564,0.9789167554683564,7.105427357601002e-15,0.019156999605337,0.034638874481036,1860.106528039044,31,0.5391838588133809,1.5619682762888052,0,
ising_confirmatory_12,chain,exact_natural,target_biased,0,1,24.0,0.0956449227109845,24,0.0488723384250846,0.0956449227109845,0.9627378474914464,0.9627378474914464,7.105427357601002e-15,0.0180401888477003,0.027759980252653,302290572206.74506,28,0.4139497512290684,2.199058533201595,0,1.0
ising_confirmatory_12,chain,exact_natural,target_biased,19,0,,1.1250608489950926,67,0.5748800145623036,1.1250608489950926,5.242002704712682e-88,1.0,0.5748800145623036,0.0,0.0,inf,0,0.3805156848943639,2.4303189146391366,0,0.9925373134328358
ising_confirmatory_12,chain,exact_natural,target_biased,42,0,,1.1250608489950926,66,0.5748800145623036,1.1250608489950926,1.3871656728824389e-86,0.9999999999999998,0.5748800145623036,2.91265023550439e-16,4.109475361161871e-16,1.0,1,0.3777666909676823,2.450985863619366,0,0.9924242424242424
ising_confirmatory_12,chain,exact_natural,target_biased,50,0,,1.4941730948302747,71,0.7634878160428968,1.4941730948302747,3.2466636278467156e-35,0.9999999999999998,0.7634878160429004,1.6704286307056032e-16,2.8994876396393556e-16,1.0,1,0.3199431736106016,2.96126566381124,0,0.9929577464788732
ising_confirmatory_12,chain,exact_natural,target_biased,101,1,34.0,0.0644522694450975,34,0.032933615662003,0.0644522694450975,0.9874395716754572,0.9874395716754572,7.105427357601002e-15,0.0150567857861114,0.0272250416911668,379797105173.3424,20,0.3997076466060216,2.293282814963424,0,1.0
ising_confirmatory_12,random_tree,adam,random,0,0,,0.3141785145387233,199,0.1605379381697531,0.3141785145387233,0.9719641734479564,0.9719641734479564,7.105427357601002e-15,0.0297849318054996,0.0308302984844719,2650.634361776683,31,0.5573716171290792,1.4896042671486822,0,
ising_confirmatory_12,random_tree,adam,random,19,0,,1.4294928025163671,199,0.7304376859805757,1.4294928025163671,3.0679112660648616e-10,0.9692090271906704,0.5748800145623036,0.0279785495433596,0.0287577588926198,6622.016331390408,31,0.5280908205154006,1.60803381639366,0,
ising_confirmatory_12,random_tree,adam,random,42,0,,3.151306450760027,199,1.6102445480360927,3.151306450760027,3.4662493199935445e-11,0.9702010283117802,1.4517404878863616,0.0310178919502338,0.0365511498691089,4866.231073861016,31,0.5730109246433659,1.4302480002271658,0,
ising_confirmatory_12,random_tree,adam,random,50,0,,1.8032617893458915,199,0.9214249741645162,1.8032617893458915,5.395631841075656e-08,0.9706771673047868,0.7634878160429004,0.0290528874080135,0.0311974263758574,2881.038903518619,31,0.4997112270342963,1.7333852350956072,0,
ising_confirmatory_12,random_tree,adam,random,101,0,,2.495040027041704,199,1.2749076179838887,2.495040027041704,9.075778514831275e-10,0.9710062078897924,1.1306843267915774,0.0254192426710559,0.0254508464401407,1317.6433970518842,31,0.5212626810993131,1.6371712666110632,0,
ising_confirmatory_12,random_tree,adam,target_biased,0,1,173.0,0.0996067818115198,173,0.0508967565882834,0.0996067818115198,0.990382473007149,0.990382473007149,7.105427357601002e-15,0.01061372991619,0.0240062751251746,13431.417545760074,31,0.7775867418591323,0.8086244898954879,0,
ising_confirmatory_12,random_tree,adam,target_biased,19,1,187.0,0.0998396158299644,187,0.0510157293745408,0.0998396158299644,0.9881907637837564,0.9881907637837564,7.105427357601002e-15,0.010972091005077,0.0333542151183538,33229.1441101088,31,0.8028761285896684,0.7425129092178606,0,
ising_confirmatory_12,random_tree,adam,target_biased,42,0,,2.349045878657584,199,1.20030799235116,2.349045878657584,1.493893441182091e-10,0.9835065140129652,1.1306843267915774,0.0167547028938102,0.0310379884520407,28981.89813736908,31,0.8126932409967574,0.7169885735648301,0,
ising_confirmatory_12,random_tree,adam,target_biased,50,0,,2.3423894330261685,199,1.1969067029320684,2.3423894330261685,1.6248224326030684e-11,0.9856145179296312,1.1306843267915774,0.0185087606331834,0.0288963013101758,40035.95579264123,31,0.794058110992927,0.7654878692486297,0,
ising_confirmatory_12,random_tree,adam,target_biased,101,0,,2.3348061308381376,199,1.1930318112973808,2.3348061308381376,1.4298510104360354e-09,0.9850374177739472,1.1306843267915774,0.0166958407022001,0.022541081855573,24471.604800241366,31,0.8000674375209296,0.7498243830987011,0,
ising_confirmatory_12,random_tree,exact_natural,target_biased,0,1,15.0,0.0609070697482611,15,0.0311221007957946,0.0609070697482611,0.9596704477739698,0.9596704477739698,7.105427357601002e-15,0.0275158602817371,0.0622357378080307,548651328441.8872,20,0.7092409644366747,0.9939726727349132,0,1.0
ising_confirmatory_12,random_tree,exact_natural,target_biased,19,1,13.0,0.0867095166497793,13,0.0443065530534099,0.0867095166497793,0.9526709374063856,0.9526709374063856,7.105427357601002e-15,0.024259255942643,0.0737460563303364,159669819816.8673,25,0.7840508327527104,0.7916535409721743,0,1.0
ising_confirmatory_12,random_tree,exact_natural,target_biased,42,1,23.0,0.0521162711702776,23,0.026630206495998,0.0521162711702776,0.9651213093165214,0.9651213093165214,7.105427357601002e-15,0.0244239461630769,0.0452452164486211,579056119030.5071,17,0.6887274041598405,1.0526957159597767,0,1.0
ising_confirmatory_12,random_tree,exact_natural,target_biased,50,0,,2.212789862966697,55,1.1306843267916094,2.212789862966697,2.4778796476942464e-61,0.9999999999999504,1.1306843267915774,3.2150873158893494e-14,5.0194680054320086e-14,1207.0839171235434,4,0.719319162742646,0.965746189815506,0,1.0
ising_confirmatory_12,random_tree,exact_natural,target_biased,101,0,,2.2127898629676013,64,1.1306843267920712,2.2127898629676013,9.038808987334132e-81,0.999999999998856,1.1306843267915774,4.00290081297414e-13,5.404322938532991e-13,1.0,1,0.6450904416401102,1.184494723587224,0,1.0
ising_confirmatory_12,problem_tree,adam,random,0,0,,1.7554039450308143,199,0.8969707250798145,1.7554039450308143,1.2752091405022908e-05,0.9688963931391092,0.7634878160429004,0.0252542143402556,0.0245661737668365,2715.879212177551,31,0.5901862467755313,1.3678175641809651,0,
ising_confirmatory_12,problem_tree,adam,random,19,0,,1.3861956767004429,199,0.7083138583300119,1.3861956767004429,1.835074426480001e-09,0.9687109497847792,0.5748800145623036,0.0242293064674606,0.0218049531878243,1639.819696074155,31,0.5688061801545823,1.445961078897675,0,
ising_confirmatory_12,problem_tree,adam,random,42,0,,2.0741036819434484,199,1.0598189030792398,2.0741036819434484,7.385932610187701e-14,0.9671606339347952,0.9312839244612476,0.0246304796084028,0.0250753638529292,2648.3307941226662,31,0.6374586861105739,1.2086815270087228,0,
ising_confirmatory_12,problem_tree,adam,random,50,0,,1.7409149479603938,199,0.8895671834364656,1.7409149479603938,7.628742798259787e-07,0.9700690719645624,0.7634878160429004,0.0243423070874157,0.0227384971196983,1705.5014576092508,31,0.6329764809402201,1.2230644382920592,0,
ising_confirmatory_12,problem_tree,adam,random,101,0,,2.471656562452531,199,1.26295920961509,2.471656562452531,4.650370507942016e-08,0.9622371048693776,1.1306843267915774,0.0239630820605367,0.0213564091427505,2663.2234710095104,31,0.5948909663391736,1.351182740003255,0,
ising_confirmatory_12,problem_tree,adam,target_biased,0,0,,1.542791233728703,199,0.7883305580358169,1.542791233728703,3.688605089482668e-07,0.9921299740887952,0.7634878160429004,0.0053879965944831,0.0133234472861314,75794.16432846354,31,0.8841604065521615,0.5283921854412406,0,
ising_confirmatory_12,problem_tree,adam,target_biased,19,0,,1.878829833376664,199,0.9600384929725508,1.878829833376664,2.303883389870872e-12,0.9876492310307932,0.9312839244612476,0.0065301583084618,0.0180005481835617,25294.370802427773,31,0.8564039410029081,0.6028771782956612,0,
ising_confirmatory_12,problem_tree,adam,target_biased,42,0,,1.8693244793211363,199,0.955181477387356,1.8693244793211363,3.244332981551343e-13,0.9895383325641413,0.9312839244612476,0.0057793331634835,0.0233333208274965,106622.84750959366,31,0.8732140336376615,0.5580955854062327,0,
ising_confirmatory_12,problem_tree,adam,target_biased,50,0,,1.531919899560606,199,0.7827755582769598,1.531919899560606,1.2343212225824725e-07,0.9934062261464446,0.7634878160429004,0.0040567397731752,0.0123557285053243,57992.09818578618,31,0.8929382603811055,0.5041548398025617,0,
ising_confirmatory_12,problem_tree,adam,target_biased,101,0,,3.440136139183118,199,1.7578298236547418,3.440136139183118,1.8242006836155631e-09,0.9878944201261024,1.7286193272696622,0.0069864974674898,0.0124978190816431,70504.4239913967,31,0.9094437604554813,0.4572321688638426,0,
ising_confirmatory_12,problem_tree,exact_natural,target_biased,0,0,,1.4941730948315053,87,0.7634878160435257,1.4941730948315053,1.830629483283216e-47,0.9999999999983208,0.7634878160429004,4.4549474584367043e-13,1.1016201770754852e-12,19945.019809846417,5,0.8652904694598405,0.5793092681019907,0,1.0
ising_confirmatory_12,problem_tree,exact_natural,target_biased,19,0,,1.4941730948436311,160,0.7634878160497216,1.4941730948436311,4.4343898626109273e-97,0.9999999999593748,0.7634878160429004,7.743231703749752e-12,2.1344415984404263e-11,312747.9145300952,2,0.8456968952276882,0.6310340398295948,0,1.0
ising_confirmatory_12,problem_tree,exact_natural,target_biased,42,0,,1.4941730948425325,165,0.7634878160491603,1.4941730948425325,5.199592257896424e-78,0.9999999999627104,0.7634878160429004,7.106752505113869e-12,2.8692607183666607e-11,18719.5607608576,2,0.8581154689507903,0.5983539234521386,0,1.0
ising_confirmatory_12,problem_tree,exact_natural,target_biased,50,0,,1.4941730948441316,144,0.7634878160499774,1.4941730948441316,7.280259431204615e-64,0.999999999957828,0.7634878160429004,8.037712358680228e-12,2.448069071731537e-11,37458.23668777703,2,0.8711302447407399,0.5636953067639549,0,1.0
ising_confirmatory_12,problem_tree,exact_natural,target_biased,101,0,,1.4941730948310603,86,0.7634878160432983,1.4941730948310603,2.511882168279467e-48,0.9999999999989242,0.7634878160429004,2.837995463944226e-13,5.076757563849794e-13,1.0,1,0.8657104359620676,0.5781900310907694,0,1.0
ising_confirmatory_12,full,adam,random,0,0,,0.1157415363700293,199,0.059141242158855,0.1157415363700293,0.9875844761462842,0.9875844761462842,7.105427357601002e-15,0.013811637094977,0.0134923609790757,5263.643527880414,40,0.6344524104304001,1.2183134829306177,0,
ising_confirmatory_12,full,adam,random,19,0,,1.2300640518697517,199,0.6285342172230663,1.2300640518697517,4.688292920227978e-08,0.9877111650059982,0.5748800145623036,0.0118497271481921,0.0105886125409411,4287.288488745022,40,0.6545743842325809,1.1549452912532865,0,
ising_confirmatory_12,full,adam,random,42,0,,2.9460147298908126,199,1.5053452374003804,2.9460147298908126,3.2289846935059436e-09,0.9886613405652326,1.4517404878863616,0.0125619218173816,0.0125565408600109,2119.7451430824576,40,0.6557290204003793,1.1513846454875285,0,
ising_confirmatory_12,full,adam,random,50,0,,2.314845726551197,199,1.1828325073953785,2.314845726551197,1.902276710427078e-09,0.988145551682208,1.1306843267915774,0.0116720052399193,0.0106826104964458,2672.6446936560696,40,0.6549056356089578,1.1539229828172064,0,
ising_confirmatory_12,full,adam,random,101,0,,2.3175680184896144,199,1.1842235354723023,2.3175680184896144,1.7354521841280831e-09,0.9884115927050114,1.1306843267915774,0.0126750038684498,0.0117637956066107,3047.987812571789,40,0.5902461160704058,1.3676046638025154,0,
ising_confirmatory_12,full,adam,target_biased,0,1,28.0,0.0981629763240259,28,0.0501590054520519,0.0981629763240259,0.9776946074138052,0.9776946074138052,7.105427357601002e-15,0.0157813299583207,0.0409676748997055,53437.618732774856,40,0.9333453584026772,0.3846161770210717,0,
ising_confirmatory_12,full,adam,target_biased,19,1,37.0,0.0984221944147154,37,0.0502914598876351,0.0984221944147154,0.9739719637644784,0.9739719637644784,7.105427357601002e-15,0.0163796066487923,0.0501393986192873,212444.8576499057,40,0.9288993713090818,0.3986785199071058,0,
ising_confirmatory_12,full,adam,target_biased,42,0,,1.8277690555694537,199,0.9339476191184026,1.8277690555694537,1.9005936942552247e-10,0.998336007834348,0.9312839244612476,0.0007530338300254,0.006989594875334,207315.950278142,40,0.9137345427384648,0.4446714729972471,0,
ising_confirmatory_12,full,adam,target_biased,50,0,,1.5012578153211824,199,0.7671079439876394,1.5012578153211824,8.317967836103518e-07,0.9983475005628036,0.7634878160429004,0.001001155558613,0.0044147807886022,406916.204574305,40,0.9050928215611648,0.4698015885390803,0,
ising_confirmatory_12,full,adam,target_biased,101,0,,1.5046615815027238,199,0.7688471896060065,1.5046615815027238,2.828560601216229e-05,0.9977098462692882,0.7634878160429004,0.0014718232408624,0.0047290506446794,325078.264302577,40,0.8889283956563857,0.5152790562466145,0,
ising_confirmatory_12,full,exact_natural,target_biased,0,1,6.0,0.0793341684219554,6,0.040537921071948,0.0793341684219554,0.9468768223408358,0.9468768223408358,7.105427357601002e-15,0.026920565863275,0.0698846670917512,17787746369.53549,40,0.9974079498195776,0.0721410176026716,0,1.0
ising_confirmatory_12,full,exact_natural,target_biased,19,1,10.0,0.0703344878700042,10,0.0359392929254056,0.0703344878700042,0.938001272782299,0.938001272782299,7.105427357601002e-15,0.0318847041196784,0.0976018486885851,907690894832.5656,38,0.9917781340627616,0.1290301334999248,0,1.0
ising_confirmatory_12,full,exact_natural,target_biased,42,1,12.0,0.086170713389754,12,0.0440312370771707,0.086170713389754,0.9300325896214828,0.9300325896214828,7.105427357601002e-15,0.0348028942215233,0.3230374538268489,281914290318.3431,38,0.9815608531144016,0.1947407729781433,0,1.0
ising_confirmatory_12,full,exact_natural,target_biased,50,1,13.0,0.0670337780697565,13,0.0342527067289992,0.0670337780697565,0.9576967030252032,0.9576967030252032,7.105427357601002e-15,0.0277378130177287,0.1223150218513109,536669306630.2894,37,0.9743031714885592,0.2311812291486996,0,1.0
ising_confirmatory_12,full,exact_natural,target_biased,101,1,12.0,0.098117578802133,12,0.0501358083706939,0.098117578802133,0.9194288223404252,0.9194288223404252,7.105427357601002e-15,0.0368978160803704,0.1185547530964524,445388412178.9265,37,0.9877621322941796,0.157900211164134,0,1.0
ising_confirmatory_13,chain,adam,random,0,0,,1.39169738046842,199,0.8931584764130811,1.39169738046842,6.562318766893307e-20,0.9842651548253312,0.7906999209035526,0.0227133950175365,0.0400240692864876,360.64060486523647,31,0.2905819620047045,3.292875092302442,0,
ising_confirmatory_13,chain,adam,random,19,0,,14.07679308021501,199,9.034152996735012,14.07679308021501,6.303931532794553e-10,0.9816273509328656,8.970843902793469,0.0142718916362645,0.0220965934530399,207.9101440645547,31,0.2941506219697644,3.249216573891773,0,
ising_confirmatory_13,chain,adam,random,42,0,,0.1603692728774058,199,0.1029212078982624,0.1603692728774058,0.9829310801597702,0.9829310801597702,-3.552713678800501e-15,0.0215354731264884,0.0313092564997487,185.11496441456677,31,0.3295219532813652,2.865204894423933,0,
ising_confirmatory_13,chain,adam,random,50,0,,9.041451716909275,199,5.802589954806898,9.041451716909275,4.919879996169495e-21,0.9772532586036984,5.727453253575412,0.0165144181245082,0.0297955745981011,637.6460086011293,31,0.1669079870170411,5.90728157378496,0,
ising_confirmatory_13,chain,adam,random,101,0,,7.858071630813685,199,5.043124592905468,7.858071630813685,9.018651589702088e-20,0.980042470807129,4.973840315689383,0.0154417240904605,0.0248081852851244,410.9730746063467,31,0.293533945723722,3.2566885860777317,0,
ising_confirmatory_13,chain,adam,target_biased,0,0,,7.0861662287729725,199,4.547733955186757,7.0861662287729725,1.0466482458780417e-18,0.9496744604047954,4.502271040110426,0.0208095761203567,0.0354501980714965,3652.330164212391,31,0.5978228247824263,1.34091277315248,0,
ising_confirmatory_13,chain,adam,target_biased,19,0,,16.19611744819432,199,10.394285271247451,16.19611744819432,2.2993139511223625e-11,0.8304349759995294,10.35467644311657,0.0106261151764283,0.0189109894999738,35137.3274278698,31,0.5933770624561866,1.356514570630303,0,
ising_confirmatory_13,chain,adam,target_biased,42,0,,0.1250851741844239,199,0.0802767075402712,0.1250851741844239,0.9861573066760538,0.9861573066760538,-3.552713678800501e-15,0.0176967665282022,0.0226425520782022,319.1486061714454,31,0.6213888786516054,1.260888843732755,0,
ising_confirmatory_13,chain,adam,target_biased,50,0,,9.981535152954608,199,6.405913278701359,9.981535152954608,3.363416925805679e-16,0.980378804547092,6.347770450952854,0.01412966916954,0.0246605493928243,501.9097725100232,31,0.5484633320425079,1.5245770467351891,0,
ising_confirmatory_13,chain,adam,target_biased,101,0,,7.833359594623332,199,5.02726499231801,7.833359594623332,6.261039797607359e-19,0.9842307926543664,4.973840315689383,0.0127981635930775,0.0238410862072582,603.5120888918913,31,0.5450327709276289,1.538283175126977,0,
ising_confirmatory_13,chain,exact_natural,target_biased,0,0,,1.2320490010656904,80,0.7906999209035739,1.2320490010656904,1.8823962523726863e-145,0.9999999999999728,0.7906999209035526,1.1345571531820256e-14,1.9327772738432115e-14,1.0,1,0.3621655003368914,2.5737233578522294,0,1.0
ising_confirmatory_13,chain,exact_natural,target_biased,19,0,,1.0000000000000056,74,0.6417763580991043,1.0000000000000056,1.3831451915977011e-45,0.9999999999999912,0.6417763580990936,4.0586352323907756e-15,7.223035605168718e-15,1.0,1,0.371331446584387,2.50046256287297,0,1.0
ising_confirmatory_13,chain,exact_natural,target_biased,42,1,16.0,0.0867137045178469,16,0.0556508054827453,0.0867137045178469,0.9399966815829282,0.9399966815829282,-3.552713678800501e-15,0.0255224861583167,0.0326553566203143,461334348124.0946,29,0.4613603194830437,1.9230367689839607,0,1.0
ising_confirmatory_13,chain,exact_natural,target_biased,50,0,,1.2320490010657126,77,0.7906999209035881,1.2320490010657126,5.158131063310885e-126,0.9999999999999578,0.7906999209035526,1.763319910875949e-14,3.0775269566288536e-14,1.0,1,0.3716113664955752,2.498277684981343,0,1.0
ising_confirmatory_13,chain,exact_natural,target_biased,101,0,,7.587272692442348,199,4.869332236460409,7.587272692442348,1.8391412867150827e-135,0.9999997257872958,4.869332222131696,7.278989642741711e-09,1.355968130210571e-08,681348355.224599,2,0.3408043876085061,2.7585743131091705,0,1.0
ising_confirmatory_13,random_tree,adam,random,0,0,,2.46580081480088,199,1.5824926667207038,2.46580081480088,7.173640168588913e-19,0.9730680207498996,1.462480599800955,0.0237985774557511,0.0263638765860534,7339.723701131026,31,0.454409947766216,1.960328299880536,0,
ising_confirmatory_13,random_tree,adam,random,19,0,,1.1783796123163208,199,0.7562561760505986,1.1783796123163208,2.585131836756075e-06,0.97654481328918,0.6417763580990936,0.0241838665010413,0.0279368569712983,10934.811736946222,31,0.508757688718584,1.69218034181576,0,
ising_confirmatory_13,random_tree,adam,random,42,0,,1.2146923070162428,199,0.779560805007879,1.2146923070162428,1.1457420217035648e-05,0.9728415941694916,0.6417763580990936,0.0276285712061459,0.0287413871058731,2374.064371862548,31,0.3814582160439238,2.423295772807852,0,
ising_confirmatory_13,random_tree,adam,random,50,0,,9.162495287919498,199,5.880272856981147,9.162495287919498,1.372243797826322e-16,0.9752681812376456,5.7797072452753895,0.0196765222283885,0.0242423725794884,546.7523330594482,31,0.4215625313936129,2.151043478632801,0,
ising_confirmatory_13,random_tree,adam,random,101,0,,7.744084338278227,199,4.969970243432485,7.744084338278227,8.09806454986098e-15,0.9701690960400076,4.869332222131696,0.0198919467047977,0.0245159032483782,4116.328613345786,31,0.4656797962834707,1.9003471872922788,0,
ising_confirmatory_13,random_tree,adam,target_biased,0,0,,1.3149718317126062,199,0.8439178331594199,1.3149718317126062,2.012914697347984e-18,0.9884294008947898,0.7906999209035526,0.0139004026432249,0.022632563715297,24892.701640076823,31,0.8022210798420677,0.7442176465127961,0,
ising_confirmatory_13,random_tree,adam,target_biased,19,0,,1.324628121732108,199,0.8501150118008844,1.324628121732108,3.770529659851523e-18,0.9872517591793172,0.7906999209035526,0.0159578072005225,0.041328643991184,12833.991058003028,31,0.7949019412767936,0.7632864994401017,0,
ising_confirmatory_13,random_tree,adam,target_biased,42,0,,1.108701075768819,199,0.7115381386274677,1.108701075768819,7.957995467012729e-07,0.9822732327741256,0.6417763580990936,0.0170381365315959,0.0205516423431686,23030.384610270823,31,0.6681288365945965,1.1136259373192838,0,
ising_confirmatory_13,random_tree,adam,target_biased,50,0,,1.3251080381584386,199,0.8504230108171669,1.3251080381584386,9.761735906965212e-18,0.9885600333900372,0.7906999209035526,0.0150201331970549,0.0270987166437187,5663.544044891582,31,0.7957376176119304,0.7611070545821553,0,
ising_confirmatory_13,random_tree,adam,target_biased,101,0,,1.3178557986186006,199,0.8457686949372274,1.3178557986186006,4.2513221182396516e-18,0.9882776995813394,0.7906999209035526,0.0142594552787275,0.0242174932393239,25022.685659453746,31,0.785058809692333,0.7890125255707319,0,
ising_confirmatory_13,random_tree,exact_natural,target_biased,0,0,,1.2320490010656795,57,0.7906999209035668,1.2320490010656795,7.755261713678465e-133,0.9999999999999838,0.7906999209035526,6.7748607102075955e-15,1.1030793180712222e-14,1.0,1,0.5746346461869712,1.4242267911519584,0,1.0
ising_confirmatory_13,random_tree,exact_natural,target_biased,19,0,,1.2320490010657348,75,0.7906999209036023,1.2320490010657348,2.434872448877394e-92,0.9999999999999276,0.7906999209035526,6.094753840932741e-14,1.5784619311450946e-13,1.0,1,0.7314561106303114,0.9322343656711972,0,1.0
ising_confirmatory_13,random_tree,exact_natural,target_biased,42,1,16.0,0.0682782729880829,16,0.043819381375588,0.0682782729880829,0.9433726518555432,0.9433726518555432,-3.552713678800501e-15,0.0239140473337977,0.0288454636380218,984453275841.3336,19,0.6951179616378979,1.0342067592286337,0,1.0
ising_confirmatory_13,random_tree,exact_natural,target_biased,50,0,,1.2320490010656573,52,0.7906999209035526,1.2320490010656573,3.702057462446425e-66,0.9999999999999992,0.7906999209035526,3.84695407658956e-15,6.940518908536502e-15,15.620076356654703,3,0.7882111265287819,0.7807615281080745,0,0.8332483273632122
ising_confirmatory_13,random_tree,exact_natural,target_biased,101,0,,1.2320490010656628,53,0.7906999209035561,1.2320490010656628,5.454408726666541e-68,0.9999999999999996,0.7906999209035526,4.4072462951875535e-16,7.485030477774743e-16,7.561552812808829,3,0.7776633384004102,0.8084230220850829,0,0.8370968059257224
ising_confirmatory_13,problem_tree,adam,random,0,0,,2.221275429973299,199,1.4255620557832778,2.221275429973299,3.381968912121948e-16,0.9378095638495016,1.3048550411133668,0.0244974024192324,0.0218021408104019,4099.873420206919,31,0.646341613981642,1.180564826601553,0,
ising_confirmatory_13,problem_tree,adam,random,19,0,,0.1819747987734306,199,0.116787123622629,0.1819747987734306,0.9530581547230884,0.9530581547230884,-3.552713678800501e-15,0.023104578830536,0.0212479202245595,5794.687572872173,31,0.6787821035599767,1.0818490022174512,0,
ising_confirmatory_13,problem_tree,adam,random,42,0,,0.2285917315869789,199,0.1467047689894585,0.2285917315869789,0.9633056708027834,0.9633056708027834,-3.552713678800501e-15,0.0284172187741952,0.0231573784717828,4165.6914431579935,31,0.5243431538219485,1.6239499730029758,0,
ising_confirmatory_13,problem_tree,adam,random,50,0,,9.144310235396633,199,5.8686021202011815,9.144310235396633,3.907996371846899e-13,0.9537937966041712,5.7797072452753895,0.0177820541722387,0.0179387479467002,4210.387121743378,31,0.5312753245797368,1.5946519391529936,0,
ising_confirmatory_13,problem_tree,adam,random,101,0,,8.358298975634249,199,5.364158676485992,8.358298975634249,1.6594978711478154e-12,0.4327972895653023,4.869332222131696,0.1078637032164852,0.1037881769806931,36067.73398506054,31,0.5370123961129963,1.5708656961254506,0,
ising_confirmatory_13,problem_tree,adam,target_biased,0,0,,1.2577071395237098,199,0.8071667075587641,1.2577071395237098,2.6199990464177653e-11,0.9910536104908602,0.7906999209035526,0.0037755791581961,0.0080163996434693,7759.444209703634,31,0.8847648874154239,0.5267361528588426,0,
ising_confirmatory_13,problem_tree,adam,target_biased,19,1,114.0,0.0994586268315985,114,0.0638301953095208,0.0994586268315985,0.961296231721732,0.961296231721732,-3.552713678800501e-15,0.0155899682881758,0.0280707958719182,11667.097484488248,31,0.8739609705322545,0.5560844586036019,0,
ising_confirmatory_13,problem_tree,adam,target_biased,42,1,101.0,0.0993499657197372,101,0.0637604591768834,0.0993499657197372,0.9696843862713634,0.9696843862713634,-3.552713678800501e-15,0.0136391645164967,0.0259204216486167,24028.82198069171,31,0.8752906755131835,0.5524989519638309,0,
ising_confirmatory_13,problem_tree,adam,target_biased,50,0,,1.2593409577860273,199,0.8082152534929499,1.2593409577860273,2.0417772151252194e-10,0.9926359791346222,0.7906999209035526,0.0043306038989741,0.0068570326850968,3068.2384271788987,31,0.8909994879274782,0.5095449717604058,0,
ising_confirmatory_13,problem_tree,adam,target_biased,101,0,,2.067369819687356,199,1.3267890737229455,2.067369819687356,8.942114143794433e-11,0.9924083052202664,1.3048550411133668,0.0052397513234206,0.0077588818819558,2602.4521580197943,31,0.9232469527361612,0.4161476601280004,0,
ising_confirmatory_13,problem_tree,exact_natural,target_biased,0,1,17.0,0.0878727332863893,17,0.0563946427447525,0.0878727332863893,0.9296102469522514,0.9296102469522514,-3.552713678800501e-15,0.0534683553382135,0.1135252862437275,791911428403.3807,25,0.9303282963398792,0.3941917885784672,0,1.0
ising_confirmatory_13,problem_tree,exact_natural,target_biased,19,1,15.0,0.0969027195459372,15,0.0621898744400901,0.0969027195459372,0.916147351821587,0.916147351821587,-3.552713678800501e-15,0.0282984041498673,0.0509531970629031,674835514048.6292,27,0.923134443263232,0.4164911296375921,0,1.0
ising_confirmatory_13,problem_tree,exact_natural,target_biased,42,1,13.0,0.0604706843753687,13,0.0388086555901843,0.0604706843753687,0.9470744490642578,0.9470744490642578,-3.552713678800501e-15,0.018336506871774,0.0348474416526262,702981572437.5431,28,0.9273876227718498,0.4033931926251696,0,1.0
ising_confirmatory_13,problem_tree,exact_natural,target_biased,50,1,17.0,0.0856807975130063,17,0.0549879101869237,0.0856807975130063,0.9293449464682982,0.9293449464682982,-3.552713678800501e-15,0.0467786132758698,0.0740687644677086,874505988598.2126,25,0.9309336322934154,0.3922818919236979,0,1.0
ising_confirmatory_13,problem_tree,exact_natural,target_biased,101,1,16.0,0.074114902924037,16,0.0475651924794569,0.074114902924037,0.9392956547174875,0.9392956547174875,-3.552713678800501e-15,0.0252027980573716,0.0373196209422909,522367448078.7033,29,0.9270218742843408,0.4045290297855201,0,1.0
ising_confirmatory_13,full,adam,random,0,0,,2.3276390115147647,199,1.4938236877793365,2.3276390115147647,5.417195318692953e-15,0.9434266641199976,1.462480599800955,0.0191005590870057,0.0177881541656061,40476.04613446364,40,0.6139855396134284,1.2855632940480033,0,
ising_confirmatory_13,full,adam,random,19,0,,1.0716353320768002,199,0.6877502206305692,1.0716353320768002,1.6611932077591644e-05,0.9893974040073044,0.6417763580990936,0.0114316683588596,0.0120055926381471,6959.96066039104,40,0.6676594192940879,1.115039846041181,0,
ising_confirmatory_13,full,adam,random,42,0,,0.1072949589735317,199,0.0688593680124256,0.1072949589735317,0.9869765058684266,0.9869765058684266,-3.552713678800501e-15,0.0155225647246817,0.012666374700503,2415.9288621875776,40,0.5463436005267482,1.5330300260252452,0,
ising_confirmatory_13,full,adam,random,50,0,,9.07046068229352,199,5.82120722296342,9.07046068229352,1.0628852659903056e-14,0.9865664378727128,5.7797072452753895,0.0094837579889596,0.0094708517697919,4008.889383994744,40,0.4943991285293433,1.758164526033454,0,
ising_confirmatory_13,full,adam,random,101,0,,7.666953124513791,199,4.920469253966981,7.666953124513791,8.767198101341539e-12,0.9761804969330125,4.869332222131696,0.0117530618325152,0.0114500848187422,6177.767995086235,40,0.5662825419739295,1.4554769519597592,0,
ising_confirmatory_13,full,adam,target_biased,0,0,,1.2428989017416587,199,0.7976631306451338,1.2428989017416587,1.3404641747876923e-10,0.9962739450031712,0.7906999209035526,0.0019453435613168,0.0051237060574632,281102.78368249466,40,0.9088891675692324,0.4588433444528184,0,
ising_confirmatory_13,full,adam,target_biased,19,1,43.0,0.095522326263943,43,0.0613039706668274,0.095522326263943,0.9652592363035396,0.9652592363035396,-3.552713678800501e-15,0.0211444653298255,0.0368647895338559,44399.061879888926,40,0.9383378965183488,0.3684382024457299,0,
ising_confirmatory_13,full,adam,target_biased,42,1,23.0,0.0971093559433414,23,0.0623224887946669,0.0971093559433414,0.9723505904287388,0.9723505904287388,-3.552713678800501e-15,0.0202103836178983,0.0693903212579199,217315.1293991098,40,0.9337656344955396,0.383270790699157,0,
ising_confirmatory_13,full,adam,target_biased,50,0,,1.2383436583776748,199,0.794739683148741,1.2383436583776748,2.505512801601183e-10,0.997736589237483,0.7906999209035526,0.00108989106624,0.0031802765847375,108874.84619187524,40,0.9111414654925448,0.4522829116082963,0,
ising_confirmatory_13,full,adam,target_biased,101,1,31.0,0.0989506634622689,31,0.0635041964283047,0.0989506634622689,0.967164300661546,0.967164300661546,-3.552713678800501e-15,0.0209575241079828,0.0496400124944202,17103.15036161379,40,0.9407289545489044,0.3605281874447442,0,
ising_confirmatory_13,full,exact_natural,target_biased,0,1,10.0,0.0484821276139497,10,0.0311146832929765,0.0484821276139497,0.961133381469504,0.961133381469504,-3.552713678800501e-15,0.0384919631990982,0.1013813235505189,820830253124.4896,31,0.9754131642872224,0.2259392479650477,0,1.0
ising_confirmatory_13,full,exact_natural,target_biased,19,1,11.0,0.059294429079703,11,0.0380537627503372,0.059294429079703,0.9422382446196608,0.9422382446196608,-3.552713678800501e-15,0.0267139160330985,0.0465749725435756,794217674721.8938,25,0.9683904025840632,0.2575814745977969,0,1.0
ising_confirmatory_13,full,exact_natural,target_biased,42,1,6.0,0.0874908574087043,6,0.056149563834726,0.0874908574087043,0.9154570791154784,0.9154570791154784,-3.552713678800501e-15,0.0347145184893313,0.1191888108524203,33372596481.946056,40,0.9982803971817886,0.0587205000105158,0,1.0
ising_confirmatory_13,full,exact_natural,target_biased,50,1,12.0,0.0550295056821962,12,0.0353166357447136,0.0550295056821962,0.9547917598125284,0.9547917598125284,-3.552713678800501e-15,0.0445348091811936,0.1299515293149872,982818326053.656,23,0.9643253438980396,0.2745130700602828,0,1.0
ising_confirmatory_13,full,exact_natural,target_biased,101,1,9.0,0.0789026098106374,9,0.0506378295687852,0.0789026098106374,0.926665518018219,0.926665518018219,-3.552713678800501e-15,0.0342334307727209,0.0810853382550732,854398270737.6804,37,0.9851403950108044,0.1743416365479891,0,1.0
ising_confirmatory_14,chain,adam,random,0,0,,9.855244713237036,199,4.225467424257513,9.855244713237036,2.052256130863597e-11,0.9833144976220396,4.129369921730095,0.0206961610148462,0.0321953954122638,291.1858696033418,31,0.2672232974495526,3.606102626352504,0,
ising_confirmatory_14,chain,adam,random,19,0,,7.083526354477806,199,3.0370843881241782,7.083526354477806,5.771129162149148e-19,0.9835585598387389,2.950131893913273,0.017962674927409,0.0348284886719889,392.528073764609,31,0.2018696719242754,4.851706468146153,0,
ising_confirmatory_14,chain,adam,random,42,0,,8.889703966121038,199,3.8114887669592257,8.889703966121038,1.2691754686711586e-15,0.9832788844014422,3.711527522329519,0.0234909310696264,0.042313768090353,265.0269907122335,31,0.3619634017791862,2.575377238793044,0,
ising_confirmatory_14,chain,adam,random,50,0,,0.2413883087706311,199,0.1034960028883844,0.2413883087706311,0.983442642871669,0.983442642871669,0.0,0.022263981489482,0.0309996421131462,191.9915014805416,31,0.341917269678853,2.7484135511408176,0,
ising_confirmatory_14,chain,adam,random,101,0,,0.3173221953769439,199,0.136052897576274,0.3173221953769439,0.9775950590960872,0.9775950590960872,0.0,0.0315390831417768,0.045464125508164,419.21136931306376,31,0.4132451244265631,2.203582745379819,0,
ising_confirmatory_14,chain,adam,target_biased,0,0,,7.053953932397604,199,3.024405118375711,7.053953932397604,1.0762853744331644e-07,0.985192333846252,2.937286333906819,0.0208822915986593,0.0256859616933623,377.3168336722742,31,0.5931730533911281,1.357234585580771,0,
ising_confirmatory_14,chain,adam,target_biased,19,0,,15.043932183304143,199,6.450133631680419,15.043932183304143,9.13052042314858e-19,0.983889582044318,6.385438978204295,0.0144675424853275,0.0250424003043478,396.8244658401858,31,0.6009668225662788,1.329980190912632,0,
ising_confirmatory_14,chain,adam,target_biased,42,0,,15.831290635475929,199,6.787716064960549,15.831290635475929,4.6554814219734894e-08,0.9641743130338294,6.755776341721749,0.0201483185203127,0.0321219657119153,1431.972406208,31,0.6252252401167828,1.2482611224971225,0,
ising_confirmatory_14,chain,adam,target_biased,50,0,,11.712199695078814,199,5.021642761592986,11.712199695078814,1.3266115393169142e-11,0.98017369396853,4.9430073336612175,0.0204338474157909,0.0246320547457756,1345.6804473336667,31,0.5884089173131087,1.3741523691013176,0,
ising_confirmatory_14,chain,adam,target_biased,101,0,,0.2190265549418354,199,0.0939083300195484,0.2190265549418354,0.9840851031493716,0.9840851031493716,0.0,0.0238863072165745,0.0299176706408653,2160.8441362370727,31,0.6420893397389253,1.193961294516279,0,
ising_confirmatory_14,chain,exact_natural,target_biased,0,1,36.0,0.0525369755653101,36,0.0225253948815762,0.0525369755653101,0.9910453443662692,0.9910453443662692,0.0,0.0138848220329954,0.0170788251458747,769790560747.3754,17,0.4924570706008774,1.767335241423379,0,1.0
ising_confirmatory_14,chain,exact_natural,target_biased,19,0,,12.29994441669042,199,5.273640174870145,12.29994441669042,2.644060832750448e-78,0.963176995761684,5.274336820648067,0.0004174725156459,0.0007226185002374,507046145625.3085,8,0.4291247732162714,2.104854525394435,0,1.0
ising_confirmatory_14,chain,exact_natural,target_biased,42,0,,6.688002372612913,85,2.8675022265936825,6.688002372612913,2.0507976766929978e-50,0.9999999999997732,2.867502226593551,8.367664009903287e-14,1.334035970018856e-13,1057.020054604592,3,0.3571277592219001,2.615466096350094,0,1.0
ising_confirmatory_14,chain,exact_natural,target_biased,50,1,28.0,0.0537639575575213,28,0.0230514673018049,0.0537639575575213,0.9908536620820916,0.9908536620820916,0.0,0.014155627885199,0.0170639524673946,673224151439.5189,24,0.4777936704495225,1.838601349933634,0,1.0
ising_confirmatory_14,chain,exact_natural,target_biased,101,1,26.0,0.0961035052759109,26,0.0412046826554082,0.0961035052759109,0.9836376627889568,0.9836376627889568,0.0,0.0241235581550547,0.0302148281450508,80077934793.81483,24,0.4916322955370832,1.7712483602628408,0,1.0
ising_confirmatory_14,random_tree,adam,random,0,0,,0.3058680889849599,199,0.1311419131368616,0.3058680889849599,0.9775258625893132,0.9775258625893132,0.0,0.0251496455989338,0.0246717549810581,2322.8376319202125,31,0.5618989447775745,1.4721613067516068,0,
ising_confirmatory_14,random_tree,adam,random,19,0,,2.2973235796281344,199,0.9849847701558404,2.2973235796281344,5.8670598077625415e-15,0.9659243177466244,0.8358799096655929,0.0291067091519492,0.0327614873949193,3809.2728984441337,31,0.4329667245785686,2.0819380636867573,0,
ising_confirmatory_14,random_tree,adam,random,42,0,,8.941414236681782,199,3.833659709448405,8.941414236681782,5.531035785442425e-12,0.9627092833509624,3.711527522329519,0.0226544606360638,0.0246971367721613,2746.5158831732333,31,0.4534769993427503,1.9654094489272813,0,
ising_confirmatory_14,random_tree,adam,random,50,0,,0.2853244802284229,199,0.1223337757335514,0.2853244802284229,0.9784860788473716,0.9784860788473716,0.0,0.0242013559527234,0.0242425935051325,11943.60208356668,31,0.5781188789783287,1.4113923249933715,0,
ising_confirmatory_14,random_tree,adam,random,101,0,,0.3387899835496078,199,0.1452572798350537,0.3387899835496078,0.970286730829284,0.970286730829284,0.0,0.0290336885353378,0.0308688714785742,64642.1907936457,31,0.5791630665607473,1.407568547324104,0,
ising_confirmatory_14,random_tree,adam,target_biased,0,1,179.0,0.0998740213362752,179,0.0428213033735431,0.0998740213362752,0.989840887695608,0.989840887695608,0.0,0.0101394599743523,0.0128586045442051,77963.13353875047,31,0.8825147085619601,0.532891736816687,0,
ising_confirmatory_14,random_tree,adam,target_biased,19,0,,2.1104001199426934,199,0.904840744034452,2.1104001199426934,2.6144282493771453e-13,0.9805201225812964,0.8358799096655929,0.0171809678597417,0.0444254777083249,40983.07982625172,31,0.7624960239686565,0.8485197040589487,0,
ising_confirmatory_14,random_tree,adam,target_biased,42,0,,6.964927964010553,199,2.9862349521060487,6.964927964010553,5.045459729656917e-13,0.9921906013491004,2.950131893913273,0.0096175224038446,0.0265626943090248,37161.96618535812,31,0.8372786712898956,0.6530399187058498,0,
ising_confirmatory_14,random_tree,adam,target_biased,50,1,166.0,0.0994210895762146,166,0.0426271074450568,0.0994210895762146,0.9888149601792936,0.9888149601792936,0.0,0.0111385878541414,0.011141785478484,39544.33636715926,31,0.8776270926985055,0.5461818812289092,0,
ising_confirmatory_14,random_tree,adam,target_biased,101,0,,0.1070271806537718,199,0.0458882431153853,0.1070271806537718,0.9885394304311872,0.9885394304311872,0.0,0.0100810717143883,0.0290948496477046,192395.40860245505,31,0.8583552383280343,0.5977196936942961,0,
ising_confirmatory_14,random_tree,exact_natural,target_biased,0,1,6.0,0.0846462024097709,6,0.0362923277175646,0.0846462024097709,0.9820117189788926,0.9820117189788926,0.0,0.016762878345929,0.0212582548003687,715059547.3471959,31,0.796279139039689,0.7596951020197669,0,1.0
ising_confirmatory_14,random_tree,exact_natural,target_biased,19,0,,6.836598129132568,81,2.931213128435964,6.836598129132568,9.114117189552923e-115,0.9999999999999344,2.931213128435939,4.47176797954358e-14,1.1562819412375134e-13,1.0,1,0.7270681308318702,0.9442929580896964,0,1.0
ising_confirmatory_14,random_tree,exact_natural,target_biased,42,0,,6.839962824670271,199,2.9326557523180483,6.839962824670271,6.7095783970527e-58,0.923746409369904,2.931213128435939,0.0009573814317715,0.0026441976676986,336964137513.7612,8,0.6956633895332772,1.0326372163211883,0,1.0
ising_confirmatory_14,random_tree,exact_natural,target_biased,50,1,7.0,0.0857426670946354,7,0.0367624404283652,0.0857426670946354,0.9809894902316748,0.9809894902316748,0.0,0.0203377059922944,0.0203435444652323,100261263551.92143,31,0.8016605140142711,0.7456767104476613,0,1.0
ising_confirmatory_14,random_tree,exact_natural,target_biased,101,1,11.0,0.0881591760536315,11,0.0377985263078919,0.0881591760536315,0.9798303196545052,0.9798303196545052,0.0,0.0230173034043858,0.0664299392782235,910454091856.2448,28,0.7642967782897078,0.8437359441754805,0,1.0
ising_confirmatory_14,problem_tree,adam,random,0,0,,0.3176682152140083,199,0.1362012546787312,0.3176682152140083,0.9769860022665284,0.9769860022665284,0.0,0.025804391979153,0.0243746499206056,1648.8657769272288,31,0.5770627971974168,1.4152701965857089,0,
ising_confirmatory_14,problem_tree,adam,random,19,0,,2.2816802616272254,199,0.9782776479540588,2.2816802616272254,1.1850038713797184e-12,0.9678534723158402,0.8358799096655929,0.0265622231995955,0.0286992179769539,969.0192253409854,31,0.5995917160881135,1.3347516797409422,0,
ising_confirmatory_14,problem_tree,adam,random,42,0,,7.171731301606039,199,3.074902538925457,7.171731301606039,3.649104116057794e-14,0.5801604257751906,2.950131893913273,0.025725781300159,0.0276519792165692,476838.669119357,31,0.6153565307238748,1.2809629346459306,0,
ising_confirmatory_14,problem_tree,adam,random,50,0,,0.2890881699351092,199,0.1239474696308988,0.2890881699351092,0.977203584386497,0.977203584386497,0.0,0.0240444405553425,0.0230249802006589,19381.269883677414,31,0.5890213732878126,1.3719662682928808,0,
ising_confirmatory_14,problem_tree,adam,random,101,0,,5.041634422679597,199,2.161616747013351,5.041634422679597,1.1613555258446543e-08,0.9697128166055846,2.040862699455989,0.0230099265236657,0.0247329688929303,1645.1759002952545,31,0.6120351796155442,1.2921324847941709,0,
ising_confirmatory_14,problem_tree,adam,target_biased,0,1,142.0,0.0994498037066531,142,0.042639418719542,0.0994498037066531,0.9903587850336624,0.9903587850336624,0.0,0.0096340691785342,0.0208586490847675,24361.306901039185,31,0.8867380075870919,0.5213178241656478,0,
ising_confirmatory_14,problem_tree,adam,target_biased,19,0,,2.025684740499328,199,0.8685187564443559,2.025684740499328,6.691171363614353e-10,0.9923306051408536,0.8358799096655929,0.0076225004327021,0.0175073962709826,22666.866164064493,31,0.8974373880804231,0.4915572483019084,0,
ising_confirmatory_14,problem_tree,adam,target_biased,42,0,,1.068494056754184,199,0.4581202152964714,1.068494056754184,1.011363196642245e-09,0.9932585830615536,0.4287531712512553,0.0066459301000586,0.0184563493556078,10248.305073520698,31,0.8965189112850164,0.4941395647899996,0,
ising_confirmatory_14,problem_tree,adam,target_biased,50,1,126.0,0.0995812479123966,126,0.0426957758395971,0.0995812479123966,0.988194655524988,0.988194655524988,0.0,0.0105454443908909,0.0252795243351404,426201.2380614325,31,0.8811737622302436,0.5365486082300601,0,
ising_confirmatory_14,problem_tree,adam,target_biased,101,0,,1.0638846337473151,199,0.4561439105646379,1.0638846337473151,2.676813766466605e-09,0.9932654143503512,0.4287531712512553,0.0059142524453335,0.0130168114732634,14816.750960226867,31,0.8864589814140235,0.5220852596487601,0,
ising_confirmatory_14,problem_tree,exact_natural,target_biased,0,1,10.0,0.0834345463036038,10,0.0357728263195795,0.0834345463036038,0.9717586285908396,0.9717586285908396,0.0,0.0291059947247532,0.063017165330244,265307465045.3292,29,0.8969527808729089,0.4929204289070064,0,1.0
ising_confirmatory_14,problem_tree,exact_natural,target_biased,19,0,,1.0000000000003395,87,0.4287531712513974,1.0000000000003395,8.191714365249538e-55,0.999999999999651,0.4287531712512553,2.0602000511118214e-13,4.731877552616473e-13,13412.266910606824,2,0.8569039816997139,0.6015563806346309,0,1.0
ising_confirmatory_14,problem_tree,exact_natural,target_biased,42,0,,1.0000000000000082,51,0.4287531712512553,1.0000000000000082,1.0551271131169948e-55,0.999999999999998,0.4287531712512553,1.3451280088229284e-15,3.735542216826661e-15,1.0,1,0.8365785762454283,0.6548661061253228,0,1.0
ising_confirmatory_14,problem_tree,exact_natural,target_biased,50,1,11.0,0.0689178587922899,11,0.0295487505130402,0.0689178587922899,0.9766792614685432,0.9766792614685432,0.0,0.024124458006983,0.0578311165138039,429498513359.33685,27,0.91422130630964,0.4432354096935016,0,1.0
ising_confirmatory_14,problem_tree,exact_natural,target_biased,101,1,16.0,0.0450723015912608,16,0.0193248922428459,0.0450723015912608,0.984467404504818,0.984467404504818,0.0,0.0167380012326006,0.0368390440715649,819556514729.8727,18,0.8837466797886702,0.5295245957910393,0,1.0
ising_confirmatory_14,full,adam,random,0,0,,0.1404512404539889,199,0.0602189147508198,0.1404512404539889,0.989323763124766,0.989323763124766,0.0,0.0138812820717639,0.0141803665090723,2582.512491141138,40,0.6429378071201123,1.1912791236256708,0,
ising_confirmatory_14,full,adam,random,19,0,,4.890393320368842,199,2.09677164477408,4.890393320368842,4.180719672189023e-10,0.9872474213972392,2.040862699455989,0.0125487540341266,0.0144788336111222,3748.077408657092,40,0.636085366195232,1.2130741150481614,0,
ising_confirmatory_14,full,adam,random,42,0,,6.958622680004352,199,2.9835315415927504,6.958622680004352,1.3354616019028048e-12,0.9824620471938016,2.931213128435939,0.0117431550922805,0.0125249556706469,8710.310985010514,40,0.618499319076412,1.2704708162322234,0,
ising_confirmatory_14,full,adam,random,50,0,,0.1228277980736991,199,0.0526628079419069,0.1228277980736991,0.989687566727668,0.989687566727668,0.0,0.0126746129176198,0.0115188296186463,20494.30063070665,40,0.6521316963546618,1.1625039897232723,0,
ising_confirmatory_14,full,adam,random,101,0,,6.967411693303204,199,2.9872998589168027,6.967411693303204,1.7702696824872952e-06,0.9864653245125816,2.937286333906819,0.0116831415453579,0.0116259336333709,10831.735448518952,40,0.635958871872717,1.2134793384486593,0,
ising_confirmatory_14,full,adam,target_biased,0,1,22.0,0.0943701754034277,22,0.0404615119757565,0.0943701754034277,0.9862408117922355,0.9862408117922355,0.0,0.0117823074307054,0.0349155515235429,14816.669706064184,40,0.9407127771057628,0.3605820833617154,0,
ising_confirmatory_14,full,adam,target_biased,19,0,,1.965572902269057,199,0.842745615173385,1.965572902269057,8.215465651923054e-09,0.9974901022900536,0.8358799096655929,0.0018284802900242,0.0041325214550172,44056.91025154333,40,0.9125102592254029,0.4482731178391817,0,
ising_confirmatory_14,full,adam,target_biased,42,0,,1.0142933871188462,199,0.4348815063063789,1.0142933871188462,7.336390426872897e-08,0.997652903803893,0.4287531712512553,0.0018650681310998,0.0072587740948046,362084.9041990696,40,0.9238994256349936,0.4141526577115711,0,
ising_confirmatory_14,full,adam,target_biased,50,1,31.0,0.0960978547820168,31,0.041202259988232,0.0960978547820168,0.9837901319016152,0.9837901319016152,0.0,0.0136540408311204,0.0355986142196871,124078.86717597157,40,0.9355645808107168,0.3774786477417041,0,
ising_confirmatory_14,full,adam,target_biased,101,1,46.0,0.0981909564904056,46,0.042099683983455,0.0981909564904056,0.9836609281100918,0.9836609281100918,0.0,0.0152851912709075,0.0500361822629866,449611.6428675809,40,0.9401047358428204,0.3626039992551028,0,
ising_confirmatory_14,full,exact_natural,target_biased,0,1,3.0,0.0691808925490701,3,0.0296615270704059,0.0691808925490701,0.9791494977392696,0.9791494977392696,0.0,0.0186282388756699,0.0552027044006733,19502233.515321016,40,0.9928464212961584,0.1202587043818592,0,1.0
ising_confirmatory_14,full,exact_natural,target_biased,19,1,18.0,0.0821744346022035,18,0.0352325494314733,0.0821744346022035,0.9186509971581872,0.9186509971581872,0.0,0.0378333889372744,0.0855066868110566,984871347627.2664,14,0.9639864555176983,0.2758870058176108,0,1.0
ising_confirmatory_14,full,exact_natural,target_biased,42,1,11.0,0.0931807200496149,11,0.0399515292207475,0.0931807200496149,0.9089253996334714,0.9089253996334714,0.0,0.0419558101310926,0.1632904142362155,992909281317.0092,29,0.9832668724855048,0.185271122030495,0,1.0
ising_confirmatory_14,full,exact_natural,target_biased,50,1,5.0,0.079415380335623,5,0.0340495961650226,0.079415380335623,0.9457282786439438,0.9457282786439438,0.0,0.0285547467690309,0.0744475153504614,316187462142.7335,40,0.9957023618985128,0.0930107762651513,0,1.0
ising_confirmatory_14,full,exact_natural,target_biased,101,1,7.0,0.0970744076537646,7,0.0416209601288883,0.0970744076537646,0.9243414993460878,0.9243414993460878,0.0,0.0368744442384347,0.1207087552951429,137803824394.6966,39,0.9966574505857912,0.0819680836984025,0,1.0
ising_confirmatory_15,chain,adam,random,0,0,,3.3370593768488668,199,0.2337871730891692,3.3370593768488668,0.0259682982986074,0.9551109755566984,0.1499398814317416,0.0205702151155006,0.0291425240434319,1253.9750709387745,31,0.3125490956555833,3.039207664046329,0,
ising_confirmatory_15,chain,adam,random,19,0,,75.11198755482174,199,5.262183633104087,75.11198755482174,1.6261680011209909e-12,0.9738549907206748,5.197067599257082,0.0144827348605178,0.0261487549883266,796.6537422076779,31,0.2832485483823747,3.385883325173737,0,
ising_confirmatory_15,chain,adam,random,42,0,,52.47562559628789,199,3.676329000722305,52.47562559628789,1.214654395170512e-14,0.9607828527616924,3.5382007885508173,0.0332530532742336,0.0589987326669102,1650.5750385295182,31,0.5352699174830423,1.5780469733494258,0,
ising_confirmatory_15,chain,adam,random,50,0,,29.797047179952934,199,2.087516774479404,29.797047179952934,9.822020612773065e-20,0.9739817092804072,2.0037796318172347,0.0188188439744688,0.0315830762238925,757.5849529577705,31,0.2372194352614011,4.0951791802690325,0,
ising_confirmatory_15,chain,adam,random,101,0,,24.57072321279525,199,1.7213718043279478,24.57072321279525,5.1292648577369006e-21,0.9761685062524544,1.6465203091949905,0.0162494925862079,0.0217970467451229,491.8608885490871,31,0.4006144561188499,2.28710349584782,0,
ising_confirmatory_15,chain,adam,target_biased,0,0,,14.40735111013656,199,1.0093479040587283,14.40735111013656,3.2870718904251465e-08,0.897322818494429,0.959710609456792,0.0166097980049026,0.0187172232635621,13179.495525920816,31,0.6590425210122896,1.1412096444319917,0,
ising_confirmatory_15,chain,adam,target_biased,19,0,,32.91257735259908,199,2.305784089945856,32.91257735259908,4.6660959768734623e-11,0.9674691130066586,2.24225008332342,0.0146971687319315,0.0191281732163805,1834.795141039048,31,0.7307951946043965,0.9340466375619414,0,
ising_confirmatory_15,chain,adam,target_biased,42,0,,12.56457722104788,199,0.8802471451206628,12.56457722104788,9.467640415767484e-08,0.9683176983657183,0.8097707280250432,0.0169033603501621,0.0208435607971437,1032.8321596758246,31,0.7246909863662531,0.9508521709863462,0,
ising_confirmatory_15,chain,adam,target_biased,50,0,,12.489578955989172,199,0.8749929286400366,12.489578955989172,3.6509659654155787e-07,0.9752154375501796,0.8097707280250432,0.0156198391094975,0.0215129814836735,963.661413085992,31,0.7229583378535157,0.9556451483977176,0,
ising_confirmatory_15,chain,adam,target_biased,101,0,,16.80347705652168,199,1.1772153130887588,16.80347705652168,1.2280824006557396e-14,0.9817706290146816,1.1146609795775646,0.0143422812809389,0.0168683329510284,615.1301638807105,31,0.7395038484882108,0.9102756265578024,0,
ising_confirmatory_15,chain,exact_natural,target_biased,0,0,,11.558602490375652,199,0.8097707280348274,11.558602490375652,3.918583740112343e-55,0.9999999999347148,0.8097707280250432,4.972753494898909e-12,5.6036887005614775e-12,1.0,1,0.6151846103992836,1.2815390303017693,0,1.0
ising_confirmatory_15,chain,exact_natural,target_biased,19,0,,15.910581512069244,188,1.1146609795789466,15.910581512069244,3.878996475303117e-128,0.9999999999907724,1.1146609795775646,7.028549753162699e-13,9.147565738042342e-13,1.0,1,0.6186057230629037,1.270116880861022,0,1.0
ising_confirmatory_15,chain,exact_natural,target_biased,42,0,,15.91058151207132,183,1.1146609795790925,15.91058151207132,1.246265079436225e-156,0.9999999999897916,1.1146609795775646,7.781348931575647e-13,9.595193865551673e-13,25364.827591850084,2,0.6120106554722355,1.2922152732597676,0,1.0
ising_confirmatory_15,chain,exact_natural,target_biased,50,0,,11.558602490256074,188,0.8097707280264501,11.558602490256074,8.424492921269272e-57,0.9999999999905858,0.8097707280250432,7.170788373429069e-13,9.87622448730083e-13,1.0,1,0.6157790985125878,1.2795478834308025,0,1.0
ising_confirmatory_15,chain,exact_natural,target_biased,101,0,,15.910581512071778,197,1.1146609795791242,15.910581512071778,3.3350460311170046e-138,0.9999999999895792,1.1146609795775646,7.937498510554598e-13,9.33550005411433e-13,1.0,1,0.6110285937006661,1.2955343394461083,0,1.0
ising_confirmatory_15,random_tree,adam,random,0,0,,13.338917589188023,199,0.934495759014748,13.338917589188023,1.8856762726429003e-05,0.9539374302630744,0.8097707280250432,0.022909635953129,0.0232361392256431,1510.9680138038748,31,0.5036183770666407,1.715438254425944,0,
ising_confirmatory_15,random_tree,adam,random,19,0,,17.408269391757,199,1.219585757960548,17.408269391757,3.323845986153859e-11,0.943282851756986,1.1146609795775646,0.0192818221925408,0.0204056586840477,14981.80896289164,31,0.6138780094245211,1.2859247168708732,0,
ising_confirmatory_15,random_tree,adam,random,42,0,,44.55045539777893,199,3.1211086921434656,44.55045539777893,1.4639348586079094e-17,0.9686818235381623,3.005246293219699,0.0212050137051648,0.0243274286107941,4980.68953409069,31,0.4845558144574687,1.805282941102712,0,
ising_confirmatory_15,random_tree,adam,random,50,0,,30.26793646888832,199,2.120506261110034,30.26793646888832,5.930474846430389e-14,0.9674299914550392,2.0037796318172347,0.022220952102609,0.0250465702694317,3045.488183916466,31,0.4529099077306202,1.9685069220939024,0,
ising_confirmatory_15,random_tree,adam,random,101,0,,30.044341158446468,199,2.1048416565462524,30.044341158446468,2.510629561138621e-13,0.9701232725494042,2.0037796318172347,0.0193892821435643,0.0180084932509288,1231.8906343013773,31,0.4956329997561216,1.7523693031861354,0,
ising_confirmatory_15,random_tree,adam,target_biased,0,0,,0.5422617419970738,199,0.0379896865531996,0.5422617419970738,0.9850373298464408,0.9850373298464408,-7.105427357601002e-15,0.0101612878842497,0.017808132059015,7696.137272081932,31,0.7920122632119074,0.7708279384696074,0,
ising_confirmatory_15,random_tree,adam,target_biased,19,0,,16.37635422473043,199,1.1472920099257775,16.37635422473043,1.1298040667961295e-11,0.9853193163163688,1.1146609795775646,0.0073250501199869,0.0137844855272671,13438.806109568724,31,0.7330481387455281,0.9278746171033072,0,
ising_confirmatory_15,random_tree,adam,target_biased,42,0,,0.6081519141316166,199,0.0426058097137769,0.6081519141316166,0.9836368590807044,0.9836368590807044,-7.105427357601002e-15,0.0091671008374017,0.0182719677722439,23648.583534105564,31,0.7855131117133921,0.7878226407053712,0,
ising_confirmatory_15,random_tree,adam,target_biased,50,0,,0.6617087959053272,199,0.0463578891871634,0.6617087959053272,0.9828776104278651,0.9828776104278651,-7.105427357601002e-15,0.0109512699734536,0.0377179644424304,14152.858910552866,31,0.7894945637961986,0.7774056732503585,0,
ising_confirmatory_15,random_tree,adam,target_biased,101,0,,29.253398462098104,199,2.049429919392981,29.253398462098104,2.162311185989096e-12,0.9842833968108532,2.0037796318172347,0.0132890815848048,0.0420802090055705,33328.033857878465,31,0.7618191460803863,0.8503196267777605,0,
ising_confirmatory_15,random_tree,exact_natural,target_biased,0,1,14.0,0.0555987720440738,14,0.0038951298959766,0.0555987720440738,0.9865976821722496,0.9865976821722496,-7.105427357601002e-15,0.0013898804114155,0.0024358303981415,916053549268.4644,21,0.7939384575317874,0.7658000741459793,0,1.0
ising_confirmatory_15,random_tree,exact_natural,target_biased,19,0,,1.0000000000180025,173,0.0700578403594782,1.0000000000180025,1.8443763021334318e-76,0.999999999991584,0.070057840358217,6.410420624246481e-13,1.2063309993950017e-12,1.0,1,0.6229177020821363,1.255843865038094,0,1.0
ising_confirmatory_15,random_tree,exact_natural,target_biased,42,0,,1.000000000018256,168,0.070057840359496,1.000000000018256,1.283298353747267e-71,0.9999999999914672,0.070057840358217,6.499340903206104e-13,1.2954558876421182e-12,1.0,1,0.6316545391306869,1.2273322512911886,0,1.0
ising_confirmatory_15,random_tree,exact_natural,target_biased,50,1,15.0,0.0654846483587568,15,0.0045877130406317,0.0654846483587568,0.9812977496197032,0.9812977496197032,-7.105427357601002e-15,0.0016399127966448,0.0056481278155375,791416855964.6248,22,0.8008332971855643,0.7478302024099538,0,1.0
ising_confirmatory_15,random_tree,exact_natural,target_biased,101,0,,1.0000000000161768,168,0.0700578403593503,1.0000000000161768,3.1037738578299855e-66,0.9999999999924484,0.070057840358217,5.752123038358481e-13,1.821424137817152e-12,1.0,1,0.6513357062181389,1.1649748132859177,0,1.0
ising_confirmatory_15,problem_tree,adam,random,0,0,,15.32892353907574,199,1.0739112781638838,15.32892353907574,0.0001690561103059,0.8805342484393103,0.959710609456792,0.0263066913989561,0.0244708275397408,4854.696405603536,31,0.5585236375493329,1.4851450315069976,0,
ising_confirmatory_15,problem_tree,adam,random,19,0,,25.12975885316015,199,1.7605366339751851,25.12975885316015,4.748914690905408e-12,0.8839125390507594,1.6465203091949905,0.0237146390250689,0.0217211177383371,26334.134915494924,31,0.5532070075907617,1.5058446639269027,0,
ising_confirmatory_15,problem_tree,adam,random,42,0,,44.443729249668,199,3.113631688697062,44.443729249668,4.644447127550075e-16,0.9677814075742248,3.005246293219699,0.0234163911289449,0.0244833348861654,1028.2890843832204,31,0.5412328221530721,1.5536248830994444,0,
ising_confirmatory_15,problem_tree,adam,random,50,0,,31.928385484631093,199,2.2368337331779,31.928385484631093,2.091766008168108e-12,0.8106471173844167,2.153719513248987,0.0249048521984494,0.0243591831717327,15323.888234617518,31,0.5488364597574554,1.523094414108394,0,
ising_confirmatory_15,problem_tree,adam,random,101,0,,24.91374036374734,199,1.7454028451294796,24.91374036374734,4.432055297487342e-13,0.967853787078728,1.6465203091949905,0.0205893382850812,0.0197123811097981,1073.7408011266834,31,0.4858603385919976,1.798945889211484,0,
ising_confirmatory_15,problem_tree,adam,target_biased,0,0,,1.2695447040861778,199,0.0889415602064893,1.2695447040861778,0.0447156435341568,0.9342843338882744,0.070057840358217,0.0044177460016691,0.0062019477317044,146313.07194182117,31,0.8380287694598441,0.6510827138773025,0,
ising_confirmatory_15,problem_tree,adam,target_biased,19,0,,3.278648199194894,199,0.2296950121299517,3.278648199194894,1.4409275598074209e-05,0.9645560255700578,0.2199977217899658,0.0035388916738138,0.004722578424586,155478.0536006295,31,0.9269756788025536,0.4046723592224043,0,
ising_confirmatory_15,problem_tree,adam,target_biased,42,0,,1.340493160192607,199,0.0939120558180555,1.340493160192607,0.0012539327716767,0.9703849495812789,0.070057840358217,0.005528716251747,0.0081571166230636,79266.57108485997,31,0.8459976147244596,0.630246079730799,0,
ising_confirmatory_15,problem_tree,adam,target_biased,50,0,,1.2641011216235694,199,0.0885601945753471,1.2641011216235694,0.0297682534987977,0.9478610339630616,0.070057840358217,0.0043982949733226,0.0132078325070405,32418.95921322357,31,0.8507360496668568,0.6178099117482004,0,
ising_confirmatory_15,problem_tree,adam,target_biased,101,0,,1.2966094527002512,199,0.0908376580442293,1.2966094527002512,0.0007658540955708,0.976076036051306,0.070057840358217,0.0050728627616775,0.0095676227167628,8820.215065578503,31,0.8676102377441048,0.5731201213049396,0,
ising_confirmatory_15,problem_tree,exact_natural,target_biased,0,1,56.0,0.0945100991789471,56,0.0066211734405179,0.0945100991789471,0.9154266598592088,0.9154266598592088,-7.105427357601002e-15,0.0031600422196103,0.0044362932293069,805276670096.1594,11,0.8765162297412642,0.5491881288228118,0,1.0
ising_confirmatory_15,problem_tree,exact_natural,target_biased,19,1,92.0,0.0993750712203987,92,0.0069620028751451,0.0993750712203987,0.9006613845483324,0.9006613845483324,-7.105427357601002e-15,0.0038989098079053,0.0052030152475324,788209753069.2017,9,0.84894987135278,0.6225024589277063,0,1.0
ising_confirmatory_15,problem_tree,exact_natural,target_biased,42,1,77.0,0.0970664420055366,77,0.006800265298164,0.0970664420055366,0.9034884351197916,0.9034884351197916,-7.105427357601002e-15,0.0037866203865409,0.0055868130491457,744732182713.4393,9,0.8768897681086182,0.5481778149952687,0,1.0
ising_confirmatory_15,problem_tree,exact_natural,target_biased,50,1,59.0,0.0971194170746617,59,0.0068039766170997,0.0971194170746617,0.9096921529129768,0.9096921529129768,-7.105427357601002e-15,0.0034241074933814,0.0102824022792894,585866307439.2478,9,0.8904442690931252,0.5110845429917804,0,1.0
ising_confirmatory_15,problem_tree,exact_natural,target_biased,101,1,90.0,0.0961276656618549,90,0.0067344966549462,0.0961276656618549,0.9038986332875129,0.9038986332875129,-7.105427357601002e-15,0.0037856302466543,0.0071398505433199,586366833011.8845,8,0.8813323538885575,0.5361165480340411,0,1.0
ising_confirmatory_15,full,adam,random,0,0,,12.41861301709488,199,0.8700212082221093,12.41861301709488,0.0002217144455358,0.9807785576177834,0.8097707280250432,0.0135050330239959,0.0139912597837199,1548.4877455861729,40,0.610907934598917,1.2959426464028827,0,
ising_confirmatory_15,full,adam,random,19,0,,16.628624127408028,199,1.1649654944947478,16.628624127408028,7.72737107761912e-08,0.9784896873703544,1.1146609795775646,0.0117802545170325,0.0111805511089503,4213.881662133569,40,0.6514144082365985,1.1647303455585347,0,
ising_confirmatory_15,full,adam,random,42,0,,43.57072547286932,199,3.05247092946998,43.57072547286932,8.778298964572271e-15,0.987080036041855,3.005246293219699,0.0108008350028159,0.0116249736353569,1030.1860922617254,40,0.5298947914605162,1.6004372973993328,0,
ising_confirmatory_15,full,adam,random,50,0,,29.27725401271674,199,2.051101187749879,29.27725401271674,3.3008389110162685e-13,0.9892163901417496,2.0037796318172347,0.0112685466766723,0.0110569993981645,3868.151691812418,40,0.4594986330571926,1.9329295294032909,0,
ising_confirmatory_15,full,adam,random,101,0,,29.23519984376953,199,2.048154963495378,29.23519984376953,4.593801993529501e-12,0.9864416112249298,2.0037796318172347,0.0104206188542382,0.0099637760279711,4350.356547970938,40,0.5489082679329446,1.5228092639392612,0,
ising_confirmatory_15,full,adam,target_biased,0,1,186.0,0.0997775051933273,186,0.0069901965301752,0.0997775051933273,0.9955336857546478,0.9955336857546478,-7.105427357601002e-15,0.0019890051919357,0.0059912690040039,30968.991290201466,40,0.8950915353932845,0.4981417145425381,0,
ising_confirmatory_15,full,adam,target_biased,19,1,192.0,0.0997976499634857,192,0.0069916078292671,0.0997976499634857,0.9955066591355264,0.9955066591355264,-7.105427357601002e-15,0.0018956367296302,0.0050495401565579,17528.879018775307,40,0.9055749568668044,0.4684165277167487,0,
ising_confirmatory_15,full,adam,target_biased,42,1,189.0,0.0995862807343046,189,0.0069767997575524,0.0995862807343046,0.993767646598984,0.993767646598984,-7.105427357601002e-15,0.0019860356336342,0.0063031932152247,76356.83171439881,40,0.9204984690297292,0.4244940997206236,0,
ising_confirmatory_15,full,adam,target_biased,50,0,,1.08063836065808,199,0.0757071897559491,1.08063836065808,9.308892724883788e-05,0.996684819564268,0.070057840358217,0.001645933793144,0.0068052387735027,15195.4169163529,40,0.8915459377210538,0.5080279809233181,0,
ising_confirmatory_15,full,adam,target_biased,101,1,137.0,0.0995559809886307,137,0.0069746770228071,0.0995559809886307,0.9884748348347872,0.9884748348347872,-7.105427357601002e-15,0.0022182394315028,0.0209547989334053,262900.8605196984,40,0.9048133821120882,0.4706034965370838,0,
ising_confirmatory_15,full,exact_natural,target_biased,0,1,29.0,0.0896774608119225,29,0.0062826092332919,0.0896774608119225,0.9366999173961484,0.9366999173961484,-7.105427357601002e-15,0.0030050619896117,0.009051828937632,167548462578.36145,8,0.9121601676684798,0.4493003730056846,0,1.0
ising_confirmatory_15,full,exact_natural,target_biased,19,1,39.0,0.0957329264547156,39,0.0067068420785894,0.0957329264547156,0.907028919709686,0.907028919709686,-7.105427357601002e-15,0.0044908666953022,0.0119626357525222,439831678800.11926,8,0.8981402896216738,0.4895772104652998,0,1.0
ising_confirmatory_15,full,exact_natural,target_biased,42,1,30.0,0.0996993956945502,30,0.0069847243473795,0.0996993956945502,0.9276014446549504,0.9276014446549504,-7.105427357601002e-15,0.0033640653989427,0.0106767239414448,179240915858.06204,8,0.914297030819346,0.4430117933113951,0,1.0
ising_confirmatory_15,full,exact_natural,target_biased,50,1,51.0,0.097778572550741,51,0.0068501556262141,0.097778572550741,0.9025946640644912,0.9025946640644912,-7.105427357601002e-15,0.0047591652227004,0.0196771315091206,829892934263.2616,8,0.9142109322997024,0.4432660399463575,0,1.0
ising_confirmatory_15,full,exact_natural,target_biased,101,1,50.0,0.0968420312443179,50,0.0067845435648798,0.0968420312443179,0.9040704422573465,0.9040704422573465,-7.105427357601002e-15,0.00467757665078,0.0441871498722094,526422248413.2335,8,0.9055626065281884,0.4684520307835387,0,1.0
ising_confirmatory_16,chain,adam,random,0,0,,56.32232943930731,199,6.005765318351436,56.32232943930731,1.378656972305269e-21,0.9799731854284844,5.9219859078534896,0.0180765309491149,0.0338798858991965,503.6332452842288,31,0.1324245901577362,7.484962437015688,0,
ising_confirmatory_16,chain,adam,random,19,0,,68.81659343534946,199,7.338054272532871,68.81659343534946,1.2162863136366231e-14,0.9216416270084968,7.3150519082616,0.0313117975655946,0.0598876853070499,2536.8092594690474,31,0.274550038259725,3.502359060032469,0,
ising_confirmatory_16,chain,adam,random,42,0,,22.45509475480921,199,2.3944327346057825,22.45509475480921,0.0001921807872532,0.9763880736048886,2.311193312077222,0.0173004072088342,0.0314817763468531,1247.4709795155904,31,0.3198720026532163,2.9619996670943936,0,
ising_confirmatory_16,chain,adam,random,50,0,,29.678486960975228,199,3.1646778367617614,29.678486960975228,6.625764712163291e-14,0.9807926424028638,3.088827332848716,0.0184704024246609,0.0339219201059613,291.0537842129536,31,0.248447199882196,3.898797976734424,0,
ising_confirmatory_16,chain,adam,random,101,0,,48.75226815891742,199,5.198554182942832,48.75226815891742,3.765214661636007e-15,0.9468721088945392,5.099363712111156,0.0475325569022246,0.0614701450995714,1572.601443665998,31,0.2497031115908759,3.877894985340413,0,
ising_confirmatory_16,chain,adam,target_biased,0,0,,3.037927814099133,199,0.3239404635284586,3.037927814099133,5.294636238116377e-12,0.9767843458377208,0.2408808051132567,0.0191941212680778,0.0453467453041449,4483.623396030765,31,0.4765184340875061,1.8449747514195147,0,
ising_confirmatory_16,chain,adam,target_biased,19,0,,60.26121383171669,199,6.425776626697971,60.26121383171669,3.1182970011907697e-12,0.974628304924945,6.372269990663725,0.0126994852222212,0.0266275016917761,889.8509635333493,31,0.5506416001180687,1.5159438974413053,0,
ising_confirmatory_16,chain,adam,target_biased,42,0,,51.74632022528904,199,5.517816085647514,51.74632022528904,1.0031986877231134e-14,0.9735270620776328,5.465833764726455,0.0128723484721114,0.0227707745956392,8536.940416068419,31,0.6400523672748106,1.2004194135514898,0,
ising_confirmatory_16,chain,adam,target_biased,50,0,,3.0390258827107512,199,0.3240575528330112,3.0390258827107512,4.104542674295915e-12,0.9795908540162248,0.2408808051132567,0.0187307797088383,0.028182251758046,362.2757642039993,31,0.4677750529988212,1.8894713365855516,0,
ising_confirmatory_16,chain,adam,target_biased,101,0,,3.0781644508824555,199,0.3282309785005139,3.0781644508824555,4.189759833190691e-12,0.9819848926301292,0.2408808051132567,0.0230933507270292,0.0294423694055712,4400.435861648758,31,0.4953601391680529,1.7536487869040256,0,
ising_confirmatory_16,chain,exact_natural,target_biased,0,0,,22.63891644638512,60,2.4140340179869497,22.63891644638512,2.5752959150018864e-140,1.0,2.414034017986946,0.0,0.0,inf,0,0.3800057204105127,2.4341321370821603,0,1.0
ising_confirmatory_16,chain,exact_natural,target_biased,19,0,,22.25412037341525,75,2.3730024247860584,22.25412037341525,2.1401035429371844e-100,0.9999999999999992,2.3730024247860584,4.2329643103309663e-16,8.875419937285529e-16,1.0,1,0.4077604579733395,2.239277792300435,0,1.0
ising_confirmatory_16,chain,exact_natural,target_biased,42,0,,1.0000000000362494,199,0.1066320476861832,1.0000000000362494,3.3365740415667474e-98,0.9999999999712244,0.106632047682325,2.775334773578057e-12,4.9094788486734894e-12,1.0,1,0.4005758119049006,2.287366314812876,0,1.0
ising_confirmatory_16,chain,exact_natural,target_biased,50,0,,1.0000000117784706,199,0.1066320489382803,1.0000000117784706,3.3467191188633207e-65,0.9999999906445728,0.106632047682325,9.023043255768591e-10,1.3576032637756258e-09,1.0,1,0.4069303773510269,2.244755436827631,0,1.0
ising_confirmatory_16,chain,exact_natural,target_biased,101,0,,1.0000000250221452,199,0.1066320503504805,1.0000000250221452,2.055344290970017e-72,0.9999999801252364,0.106632047682325,1.9168626437708804e-09,2.4438626825853673e-09,1.0,1,0.4040998027136065,2.263586605324293,0,1.0
ising_confirmatory_16,random_tree,adam,random,0,0,,36.20478376544997,199,3.860590228805471,36.20478376544997,3.191087938436141e-23,0.9733583755369194,3.751523681213726,0.0193461608139283,0.022230238633129,2297.6992805737787,31,0.250273009859665,3.8684766894909752,0,
ising_confirmatory_16,random_tree,adam,random,19,0,,34.93870119872741,199,3.72558525218096,34.93870119872741,7.25722703553479e-16,0.968059211374455,3.6179836721296255,0.0203574466919112,0.0221300208801841,1762.744161474711,31,0.4263586738425438,2.1215803611307384,0,
ising_confirmatory_16,random_tree,adam,random,42,0,,7.839426289217145,199,0.8359340778738193,7.839426289217145,1.4825970800581075e-06,0.9749297435904638,0.7366535724167207,0.0191238526898415,0.0220373431520194,5507.691668955978,31,0.5612849296410326,1.4745142660659676,0,
ising_confirmatory_16,random_tree,adam,random,50,0,,41.57398238198672,199,4.433118871699854,41.57398238198672,1.0453864102838134e-17,0.966159315871436,4.325642401098925,0.0203914484092402,0.0216279387904189,7932.870123003096,31,0.4555446178903294,1.954172912410024,0,
ising_confirmatory_16,random_tree,adam,random,101,0,,3.4692804581048207,199,0.369936479231967,3.4692804581048207,8.705068046832118e-11,0.9594128237840992,0.2408808051132567,0.0251001645985128,0.024298239393247,2873.0261495142427,31,0.5939427588632029,1.3545199265972865,0,
ising_confirmatory_16,random_tree,adam,target_biased,0,0,,2.6912695917750047,199,0.2869755874361246,2.6912695917750047,1.248424174525523e-11,0.988092381140096,0.2408808051132567,0.0123013740289246,0.0165770314872197,5449.294053575359,31,0.8867542625875111,0.5212731038225986,0,
ising_confirmatory_16,random_tree,adam,target_biased,19,0,,22.68639139192972,199,2.4190963686439773,22.68639139192972,2.726893200834575e-13,0.9828198310760128,2.3730024247860584,0.0128648319292894,0.016797629377924,62238.763399563424,31,0.8351549183109687,0.6585781532996979,0,
ising_confirmatory_16,random_tree,adam,target_biased,42,0,,2.5914232623798603,199,0.2763287688791571,2.5914232623798603,8.810779964986014e-11,0.9901656514266304,0.2408808051132567,0.0085807987580473,0.0159173671008075,4986.987346801254,31,0.9120885665615256,0.4495103246725767,0,
ising_confirmatory_16,random_tree,adam,target_biased,50,0,,2.7504518241463867,199,0.2932863100602958,2.7504518241463867,6.73706144932443e-11,0.9877768905873192,0.2408808051132567,0.0133494120131349,0.0220147641349871,5038.563031782245,31,0.8965779463522354,0.4939737542842524,0,
ising_confirmatory_16,random_tree,adam,target_biased,101,0,,2.852672688020711,199,0.3041863300910705,2.852672688020711,1.0736821862509923e-11,0.9873920437378282,0.2408808051132567,0.0237044687544448,0.0319773390724624,10911.824143771491,31,0.8775444389499948,0.5464057366242421,0,
ising_confirmatory_16,random_tree,exact_natural,target_biased,0,0,,2.258990710099794,67,0.2408808051132744,2.258990710099794,1.810702099666901e-72,0.9999999999999644,0.2408808051132567,1.5280778363490038e-14,2.059200407086156e-14,916.5422040625432,3,0.7580805689617698,0.860279151713273,0,1.0
ising_confirmatory_16,random_tree,exact_natural,target_biased,19,0,,2.2589907100996607,61,0.2408808051132602,2.2589907100996607,4.442492929868001e-60,0.9999999999999982,0.2408808051132567,6.187791971975665e-16,8.079408793231161e-16,1.0,1,0.8722765434033721,0.5606168359191028,0,1.0
ising_confirmatory_16,random_tree,exact_natural,target_biased,42,0,,2.258990710099628,59,0.2408808051132567,2.258990710099628,5.653153312696909e-68,0.9999999999999972,0.2408808051132567,1.0055161954460457e-15,1.8652308322361418e-15,1.0,1,0.8642395834398132,0.5821076271713603,0,1.0
ising_confirmatory_16,random_tree,exact_natural,target_biased,50,0,,2.2589907100997277,62,0.2408808051132673,2.2589907100997277,6.948618962702264e-46,0.9999999999999868,0.2408808051132567,5.1181302701409404e-15,8.440404011683713e-15,53.00452549927094,2,0.7907025092477242,0.774248931899207,0,1.0
ising_confirmatory_16,random_tree,exact_natural,target_biased,101,0,,2.2589907100996607,61,0.2408808051132602,2.2589907100996607,4.7088414278863996e-71,0.9999999999999918,0.2408808051132567,2.6199173219346603e-15,3.534269652409548e-15,5.406195115031975,2,0.7400036872398502,0.9089181901627036,0,1.0
ising_confirmatory_16,problem_tree,adam,random,0,0,,20.41357660507641,199,2.176741473919158,20.41357660507641,7.487049520522417e-21,0.9294179481172848,2.012717738529563,0.0362506417376841,0.0326947891848847,9714.99640295172,31,0.4750136136954997,1.852533109393887,0,
ising_confirmatory_16,problem_tree,adam,random,19,0,,28.206284649987385,199,3.007693889738487,28.206284649987385,4.3851018353834766e-05,0.9423440474567256,2.913598127063004,0.0230430946149237,0.0236122034701371,4049.2337790303222,31,0.6529015679761196,1.16011785288718,0,
ising_confirmatory_16,problem_tree,adam,random,42,0,,8.13380181425577,199,0.8673239428962454,8.13380181425577,1.0893862173974093e-07,0.9628693788794338,0.7366535724167207,0.025586150082445,0.0269766471326118,2128.540899766609,31,0.6293662331190321,1.2347482215423111,0,
ising_confirmatory_16,problem_tree,adam,random,50,0,,3.409745960302599,199,0.3635881938235776,3.409745960302599,1.4004044530416209e-11,0.9641890875670256,0.2408808051132567,0.0227441746903781,0.0228929556815804,2051.4288235935896,31,0.5361777268474084,1.574300969196894,0,
ising_confirmatory_16,problem_tree,adam,random,101,0,,3.332891789616229,199,0.3553930762303636,3.332891789616229,2.81287591162036e-12,0.9651266092407637,0.2408808051132567,0.0221083490794837,0.0203241300280413,3834.549074526476,31,0.5476900349727137,1.5276548105682164,0,
ising_confirmatory_16,problem_tree,adam,target_biased,0,0,,7.13198930808269,199,0.760498623969255,7.13198930808269,1.9532388262255224e-10,0.9836473442542776,0.7366535724167207,0.0058957214570035,0.0068955749598839,4154.372494919712,31,0.8565632327049957,0.6024564916429233,0,
ising_confirmatory_16,problem_tree,adam,target_biased,19,0,,0.3075094622800963,199,0.0327903636446151,0.3075094622800963,0.980748907984456,0.980748907984456,7.105427357601002e-15,0.0074102454558979,0.0162570291339649,10570.393870327262,31,0.7932787948650224,0.767521544918047,0,
ising_confirmatory_16,problem_tree,adam,target_biased,42,0,,7.109605981663727,199,0.7581118440392594,7.109605981663727,6.00802617558689e-10,0.9895652909838408,0.7366535724167207,0.005195970412687,0.0115661499590992,29877.82819460945,31,0.8755704585546291,0.5517436479590234,0,
ising_confirmatory_16,problem_tree,adam,target_biased,50,0,,5.873799624257395,199,0.6263352816101957,5.873799624257395,0.0020670318770099,0.9832375393428384,0.602404814985789,0.0057259245383496,0.0070412350193718,8055.204604968441,31,0.8745189930649331,0.554580600994567,0,
ising_confirmatory_16,problem_tree,adam,target_biased,101,0,,7.176322823970638,199,0.7652259975493436,7.176322823970638,1.6577811699543875e-09,0.9829334817776484,0.7366535724167207,0.007038058370332,0.010698149710126,8101.316476618707,31,0.88094649127219,0.5371675756810859,0,
ising_confirmatory_16,problem_tree,exact_natural,target_biased,0,0,,2.2589907100997606,77,0.2408808051132709,2.2589907100997606,1.9546344550708775e-107,0.9999999999999698,0.2408808051132567,1.0755756103287782e-14,1.257982131641282e-14,1.0,1,0.7132201459488676,0.982782249931728,0,1.0
ising_confirmatory_16,problem_tree,exact_natural,target_biased,19,0,,1.0000000000001998,83,0.1066320476823392,1.0000000000001998,9.327742072734642e-45,0.9999999999999628,0.106632047682325,1.3286522245237827e-14,2.914874824530727e-14,1.0,1,0.742371253646728,0.9024982368264868,0,1.0
ising_confirmatory_16,problem_tree,exact_natural,target_biased,42,0,,2.258990710099794,80,0.2408808051132744,2.258990710099794,2.3606252673559714e-90,0.999999999999972,0.2408808051132567,1.1015048498778761e-14,2.4519327983952408e-14,149.03919008977724,2,0.7245122502264209,0.951346127475696,0,1.0
ising_confirmatory_16,problem_tree,exact_natural,target_biased,50,0,,2.258990710099794,78,0.2408808051132744,2.258990710099794,9.000765902107312e-92,0.999999999999972,0.2408808051132567,9.964891683928387e-15,1.2253941493498707e-14,1.0,1,0.7374324545503125,0.9159088172939236,0,1.0
ising_confirmatory_16,problem_tree,exact_natural,target_biased,101,0,,2.2589907100997606,77,0.2408808051132709,2.2589907100997606,7.404469789751222e-97,0.9999999999999668,0.2408808051132567,1.1862966290390931e-14,1.803221608899421e-14,1.0,1,0.7340993743770953,0.9250001781981644,0,1.0
ising_confirmatory_16,full,adam,random,0,0,,19.34011297306359,199,2.0622758487251325,19.34011297306359,4.311769583564171e-16,0.9857310189108374,2.012717738529563,0.0112109846149054,0.0120697189478856,3357.936454871431,40,0.5501431638789551,1.5179146278447588,0,
ising_confirmatory_16,full,adam,random,19,0,,29.928180319703788,199,3.1913031508956635,29.928180319703788,7.280037109555311e-14,0.9869209123195468,3.144963894980563,0.0106876718690614,0.0106500647297675,2747.4624655205603,40,0.562712766802598,1.4690487589671697,0,
ising_confirmatory_16,full,adam,random,42,0,,0.4767608043687703,199,0.0508379808245109,0.4767608043687703,0.9826038132056316,0.9826038132056316,7.105427357601002e-15,0.0119764821620246,0.013629613545899,16211.154253659752,40,0.6422137253835922,1.1935677996937073,0,
ising_confirmatory_16,full,adam,random,50,0,,2.71337906508234,199,0.2893331658480633,2.71337906508234,1.152435298116898e-09,0.9879779554223174,0.2408808051132567,0.0111683019278867,0.0114979575187,3919.2921936486914,40,0.6033971203122477,1.321585448266848,0,
ising_confirmatory_16,full,adam,random,101,0,,2.7736590782139,199,0.2957609470825986,2.7736590782139,2.69901305593628e-10,0.985141250262821,0.2408808051132567,0.0132183108653469,0.0105990396966615,1774.3742514469832,40,0.5860174072047523,1.3827208076310242,0,
ising_confirmatory_16,full,adam,target_biased,0,0,,2.3470959508987024,199,0.2502756473512058,2.3470959508987024,3.237159668976008e-09,0.9963301296796876,0.2408808051132567,0.002556360678125,0.0032696831079063,11860.417892326754,40,0.8998191213596676,0.4848342898032796,0,
ising_confirmatory_16,full,adam,target_biased,19,0,,1.0814425986402438,199,0.1153164387438963,1.0814425986402438,6.201724337908495e-06,0.9959327666462784,0.106632047682325,0.0023054957046024,0.0054421961682644,14579.54723017155,40,0.9067297805878516,0.4650912769597614,0,
ising_confirmatory_16,full,adam,target_biased,42,0,,2.3235799997223383,199,0.2477680933240726,2.3235799997223383,1.797488752234257e-07,0.9961503081465636,0.2408808051132567,0.0018920673742429,0.0040655693600328,22246.920039715587,40,0.9180872984996864,0.4317435222872868,0,
ising_confirmatory_16,full,adam,target_biased,50,0,,2.3377955215576947,199,0.2492839235262494,2.3377955215576947,1.5378096258904846e-08,0.9970436793903508,0.2408808051132567,0.0024197418272039,0.0036310082071344,12481.389098073436,40,0.90017539577257,0.4838252229152163,0,
ising_confirmatory_16,full,adam,target_biased,101,0,,2.321308067395837,199,0.2475258325279021,2.321308067395837,2.41827856718654e-09,0.9964834935713278,0.2408808051132567,0.0017914955671549,0.0038039849271867,26781.708712298918,40,0.8904930905688728,0.5109492361668838,0,
ising_confirmatory_16,full,exact_natural,target_biased,0,1,46.0,0.0923922267692551,46,0.0098519723303347,0.0923922267692551,0.910645485244678,0.910645485244678,7.105427357601002e-15,0.0079736243372119,0.0101985705801466,700948150725.8066,12,0.9153286988733548,0.4399594956620704,0,1.0
ising_confirmatory_16,full,exact_natural,target_biased,19,1,47.0,0.0929179144614479,47,0.0099080274853946,0.0929179144614479,0.9072440042107396,0.9072440042107396,7.105427357601002e-15,0.0080367157782671,0.0189709240084898,558790025159.7267,10,0.9162497001513378,0.437225406028186,0,1.0
ising_confirmatory_16,full,exact_natural,target_biased,42,1,31.0,0.0947273459952034,31,0.0101009708749799,0.0947273459952034,0.910922377830202,0.910922377830202,7.105427357601002e-15,0.0081527211901284,0.0175181148000744,685690789454.766,13,0.9246961087118708,0.4117093816893632,0,1.0
ising_confirmatory_16,full,exact_natural,target_biased,50,1,36.0,0.0982509897192959,36,0.0104767042205828,0.0982509897192959,0.9092665522232828,0.9092665522232828,7.105427357601002e-15,0.0084327931524415,0.0126540529247142,734487820347.194,14,0.9120122592836136,0.4497340224706458,0,1.0
ising_confirmatory_16,full,exact_natural,target_biased,101,1,45.0,0.0955607361657334,45,0.0101898369753818,0.0955607361657334,0.922410518127088,0.922410518127088,7.105427357601002e-15,0.008425678934855,0.0178907256356769,937362627129.1642,13,0.9094122358723912,0.4573238255361184,0,1.0
ising_confirmatory_17,chain,adam,random,0,0,,1.1326221225788369,199,0.8569996900933319,1.1326221225788369,7.183145888363847e-10,0.98161232216575,0.756651025093916,0.0212861554680805,0.0391013271713567,772.9600053198398,31,0.1652914044556055,5.966703325652634,0,
ising_confirmatory_17,chain,adam,random,19,0,,8.798137286843849,199,6.6571195970074655,8.798137286843849,2.6274065916555827e-17,0.9683936607346127,6.603687112867679,0.0172945283846194,0.0385253461839283,2035.3351157212903,31,0.0358442322767755,27.88056335856651,0,
ising_confirmatory_17,chain,adam,random,42,0,,6.187357818225316,199,4.681670635783085,6.187357818225316,1.9859267792497985e-17,0.9826066320939904,4.594201196335177,0.0184878185839139,0.0393147514136104,259.08452325119634,31,0.3220252292585508,2.9399283078281946,0,
ising_confirmatory_17,chain,adam,random,50,0,,10.19054467071231,199,7.710686071359884,10.19054467071231,4.233557053807694e-13,0.9812951095296216,7.633325882991123,0.0187941796715252,0.0343662970729581,1095.5490192657385,31,0.1148860688322991,8.646641709616507,0,
ising_confirmatory_17,chain,adam,random,101,0,,6.661458174271197,199,5.040399156182595,6.661458174271197,0.1722813456407339,0.7941635552912303,5.885348670308854,0.4968077818447512,1.053030854069494,13610.686380524598,31,0.3603771654335201,2.5884178231389354,0,
ising_confirmatory_17,chain,adam,target_biased,0,0,,0.130836718303629,199,0.0989977370243657,0.130836718303629,0.9828667887745922,0.9828667887745922,-7.105427357601002e-15,0.0216533452099506,0.0479346379340111,703.8863291607925,31,0.5430804444538497,1.5461441864246208,0,
ising_confirmatory_17,chain,adam,target_biased,19,0,,1.8593451347658017,199,1.4068754022239425,1.8593451347658017,0.0004002476515221,0.9772944674099734,1.2814513541413604,0.0298583053811229,0.0682764334588989,912.9072635621123,31,0.4680555987859758,1.888021468905009,0,
ising_confirmatory_17,chain,adam,target_biased,42,0,,6.167840022127018,199,4.666902475357734,6.167840022127018,2.3690492558171528e-17,0.9851384568878804,4.594201196335177,0.0173152162894282,0.0277615000946211,363.3232082380516,31,0.5346533409227826,1.5805970234665716,0,
ising_confirmatory_17,chain,adam,target_biased,50,0,,3.598978322558011,199,2.723170637054327,3.598978322558011,4.0862096874157127e-10,0.9840396202135546,2.634163260287582,0.0198535466464991,0.0282299626487054,671.7720250465361,31,0.4968475493641837,1.7466883733154417,0,
ising_confirmatory_17,chain,adam,target_biased,101,0,,4.012290901437852,199,3.035904023547971,4.012290901437852,0.0013148877604713,0.982313377712725,2.952678199498763,0.0216686125165028,0.0348214323283917,4957.9892563766025,31,0.5627167424624407,1.4690335706259483,0,
ising_confirmatory_17,chain,exact_natural,target_biased,0,1,21.0,0.0969291225363302,21,0.0733415199285687,0.0969291225363302,0.964446539997072,0.964446539997072,-7.105427357601002e-15,0.0289386841957386,0.0640624040193085,74673808139.5029,29,0.4487992819735196,1.991163143758732,0,1.0
ising_confirmatory_17,chain,exact_natural,target_biased,19,1,43.0,0.0972019535632568,43,0.0735479578047701,0.0972019535632568,0.9426057360486758,0.9426057360486758,-7.105427357601002e-15,0.0431330796991842,0.0986316138296519,417234024340.03766,14,0.4435690042845188,2.0205204037366413,0,1.0
ising_confirmatory_17,chain,exact_natural,target_biased,42,0,,1.725695984567828,71,1.3057496357237142,1.725695984567828,2.0330160128861168e-106,0.9999999999999998,1.305749635723707,2.4497002185212043e-16,3.92760631524954e-16,1.0,1,0.1721619282024007,5.721756680523434,0,0.9929577464788732
ising_confirmatory_17,chain,exact_natural,target_biased,50,0,,3.4813449964739034,70,2.634163260287579,3.4813449964739034,4.4601878155241935e-50,0.9999999999999998,2.634163260287582,7.631899919508034e-17,1.0851877173510528e-16,3.535322165454391,2,0.4226565965810396,2.14427011798976,0,1.0
ising_confirmatory_17,chain,exact_natural,target_biased,101,1,32.0,0.093531572204001,32,0.0707707599868037,0.093531572204001,0.9449781335972078,0.9449781335972078,-7.105427357601002e-15,0.0413553007069895,0.0664579148245864,250745871254.9961,21,0.4690169180794943,1.8830646562822675,0,1.0
ising_confirmatory_17,random_tree,adam,random,0,0,,0.1718554135186661,199,0.1300345748068387,0.1718554135186661,0.9770324632534992,0.9770324632534992,-7.105427357601002e-15,0.024601979365904,0.0256355570591949,650.198967766088,31,0.6210590569650802,1.2619794552403467,0,
ising_confirmatory_17,random_tree,adam,random,19,0,,7.117268120342017,199,5.385288219125087,7.117268120342017,1.6439667328420526e-14,0.9709946496649896,5.26236088700378,0.0238451082813188,0.0268924115192432,3365.9505866209797,31,0.4618358004301545,1.9205211898355952,0,
ising_confirmatory_17,random_tree,adam,random,42,0,,1.921560903916019,199,1.4539510277284613,1.921560903916019,8.864656733795568e-13,0.9745735677844696,1.305749635723707,0.0285346344963229,0.0332040037811289,3712.854117639864,31,0.5433483847597218,1.5450626873066553,0,
ising_confirmatory_17,random_tree,adam,random,50,0,,3.6558103656462015,199,2.7661726607151884,3.6558103656462015,9.217156839231934e-05,0.9681403299715704,2.634163260287582,0.0261826234880307,0.0270588588708953,1259.0061529647985,31,0.5578141473225875,1.4878896368440482,0,
ising_confirmatory_17,random_tree,adam,random,101,0,,0.2134193605949836,199,0.1614839779690839,0.2134193605949836,0.9723134924090208,0.9723134924090208,-7.105427357601002e-15,0.0336880917635228,0.041060490629391,3793.157590048956,31,0.5822743192114391,1.3962360310842996,0,
ising_confirmatory_17,random_tree,adam,target_biased,0,1,156.0,0.0993361189830906,156,0.0751627762574074,0.0993361189830906,0.9879151491106998,0.9879151491106998,-7.105427357601002e-15,0.0194283212644286,0.020934777238597,10926.763532787674,31,0.8793641041988953,0.5414707570569804,0,
ising_confirmatory_17,random_tree,adam,target_biased,19,0,,1.0865056299238742,199,0.8221055986522181,1.0865056299238742,3.3190849474804263e-06,0.9831232165990618,0.756651025093916,0.0159555128786424,0.0201878988977816,11543.029182069611,31,0.825481318077687,0.6837579825464343,0,
ising_confirmatory_17,random_tree,adam,target_biased,42,1,142.0,0.0994051750957149,142,0.0752150276358136,0.0994051750957149,0.9787866548841146,0.9787866548841146,-7.105427357601002e-15,0.0176218178155207,0.0261466692819044,21979.614130441456,31,0.8603707332539782,0.5923826759411417,0,
ising_confirmatory_17,random_tree,adam,target_biased,50,1,133.0,0.0999013425676147,133,0.0755904532620448,0.0999013425676147,0.984393884490891,0.984393884490891,-7.105427357601002e-15,0.0167664266082069,0.0244556129122263,18482.876308943854,31,0.8586003350405296,0.5970712259185487,0,
ising_confirmatory_17,random_tree,adam,target_biased,101,0,,1.0863729900548076,199,0.8220052365593205,1.0863729900548076,1.696568051974104e-05,0.9882982977704288,0.756651025093916,0.0191878581967516,0.0182454651930513,71995.23994808384,31,0.8203228363253627,0.6971654378017735,0,
ising_confirmatory_17,random_tree,exact_natural,target_biased,0,1,10.0,0.0743451946820181,10,0.0562533677669563,0.0743451946820181,0.9366976643011672,0.9366976643011672,-7.105427357601002e-15,0.0391872788469963,0.0422258280621844,401727099722.4032,30,0.8677949432348158,0.5726265970434959,0,1.0
ising_confirmatory_17,random_tree,exact_natural,target_biased,19,1,15.0,0.0621354691276761,15,0.0470148664101479,0.0621354691276761,0.9514351104760076,0.9514351104760076,-7.105427357601002e-15,0.0231300383227262,0.0292655509548722,830670996080.3197,22,0.8418143709110545,0.6411949690954268,0,1.0
ising_confirmatory_17,random_tree,exact_natural,target_biased,42,1,14.0,0.0869048210200724,14,0.0657566219104417,0.0869048210200724,0.9491620865944268,0.9491620865944268,-7.105427357601002e-15,0.030762894319783,0.0456449630993784,457421135556.9216,26,0.847028565538943,0.6275436202251101,0,1.0
ising_confirmatory_17,random_tree,exact_natural,target_biased,50,1,10.0,0.0715804990630212,10,0.0541614579927696,0.0715804990630212,0.9434702821134736,0.9434702821134736,-7.105427357601002e-15,0.0350557537376349,0.0511325378858149,860978579534.8038,29,0.8783738902788167,0.5441579913257574,0,1.0
ising_confirmatory_17,random_tree,exact_natural,target_biased,101,1,11.0,0.0690495947645074,11,0.0522464466608845,0.0690495947645074,0.9448364989287222,0.9448364989287222,-7.105427357601002e-15,0.0305859194780181,0.0290837217740194,299767981219.1242,27,0.8602976305647291,0.5925764334100239,0,1.0
ising_confirmatory_17,problem_tree,adam,random,0,0,,0.1839125332415233,199,0.1391576068048188,0.1839125332415233,0.9691161179577577,0.9691161179577577,-7.105427357601002e-15,0.0264712217156347,0.0272018838797207,548.2894952710549,31,0.6212552638693631,1.261330568047851,0,
ising_confirmatory_17,problem_tree,adam,random,19,0,,1.1852113032160754,199,0.896791347531348,1.1852113032160754,8.647471690592122e-05,0.9584282514539856,0.756651025093916,0.0268491516453202,0.0280026135366244,3379.207904739742,31,0.605578067196338,1.3140930076715531,0,
ising_confirmatory_17,problem_tree,adam,random,42,0,,1.8950964374738728,199,1.4339266620664477,1.8950964374738728,2.1966502365523088e-12,0.9687063191073636,1.305749635723707,0.0245651706215281,0.0248220390699628,1273.7104654569337,31,0.565417681388001,1.4587529872776128,0,
ising_confirmatory_17,problem_tree,adam,random,50,0,,3.656794558278965,199,2.766917351079659,3.656794558278965,7.07504333771596e-05,0.9307745345464706,2.634163260287582,0.029134258307844,0.026040800646217,11861.19116595182,31,0.5908901392418541,1.3653164603578911,0,
ising_confirmatory_17,problem_tree,adam,random,101,0,,0.2005276094361844,199,0.1517294212395228,0.2005276094361844,0.9570962216982792,0.9570962216982792,-7.105427357601002e-15,0.02947831096044,0.029016332196973,1972.1789460136329,31,0.5990047971221509,1.3367930268519923,0,
ising_confirmatory_17,problem_tree,adam,target_biased,0,1,108.0,0.099670212103111,108,0.0754155681591477,0.099670212103111,0.9693715842326518,0.9693715842326518,-7.105427357601002e-15,0.0189925664818423,0.0318497341289906,6938.615750643511,31,0.9093062408874678,0.4576319376469166,0,
ising_confirmatory_17,problem_tree,adam,target_biased,19,1,106.0,0.0998542717760383,106,0.0755548370993466,0.0998542717760383,0.9689863777914254,0.9689863777914254,-7.105427357601002e-15,0.0187258482979991,0.026563329091687,41327.78532189205,31,0.898782572830452,0.487764987169453,0,
ising_confirmatory_17,problem_tree,adam,target_biased,42,1,113.0,0.099407063150235,113,0.0752164562342017,0.099407063150235,0.970300616114934,0.970300616114934,-7.105427357601002e-15,0.0194536614229179,0.0293704741228791,20213.43304506376,31,0.9074023904040636,0.4631494258827088,0,
ising_confirmatory_17,problem_tree,adam,target_biased,50,1,97.0,0.0989777286048086,97,0.0748915998102965,0.0989777286048086,0.9657715471955908,0.9657715471955908,-7.105427357601002e-15,0.0186407379158072,0.0373786710180544,43836.324563886905,31,0.8952962509547676,0.4975685272454629,0,
ising_confirmatory_17,problem_tree,adam,target_biased,101,1,96.0,0.0994948289619271,96,0.0752828643255867,0.0994948289619271,0.9686095098382432,0.9686095098382432,-7.105427357601002e-15,0.0175151780612992,0.0315732814537926,20854.043870943653,31,0.8899561486125386,0.5124366068203554,0,
ising_confirmatory_17,problem_tree,exact_natural,target_biased,0,1,9.0,0.0882439786864356,9,0.0667698969314578,0.0882439786864356,0.9481082719219784,0.9481082719219784,-7.105427357601002e-15,0.0317069820814171,0.0531712736291398,334999823495.3442,31,0.9254982184202374,0.409241155863889,0,1.0
ising_confirmatory_17,problem_tree,exact_natural,target_biased,19,1,10.0,0.0628433211023401,10,0.0475504633323922,0.0628433211023401,0.962539490332849,0.962539490332849,-7.105427357601002e-15,0.0228770968364491,0.0324520332675109,295899527947.5651,31,0.9316225627332966,0.3901014338748337,0,1.0
ising_confirmatory_17,problem_tree,exact_natural,target_biased,42,1,12.0,0.0487310559788237,12,0.0368724034602863,0.0487310559788237,0.9711963645121938,0.9711963645121938,-7.105427357601002e-15,0.0181478826886841,0.0273990539521347,784718127569.4486,27,0.9253863845830684,0.4095857937805172,0,1.0
ising_confirmatory_17,problem_tree,exact_natural,target_biased,50,1,11.0,0.0958713261786074,11,0.0725411372301572,0.0958713261786074,0.943229061324554,0.943229061324554,-7.105427357601002e-15,0.0345835055389455,0.069347333889331,827700202238.7186,31,0.9175983800175124,0.433205601750247,0,1.0
ising_confirmatory_17,problem_tree,exact_natural,target_biased,101,1,10.0,0.0557412744032078,10,0.0421766924172288,0.0557412744032078,0.9669963066623728,0.9669963066623728,-7.105427357601002e-15,0.0206047715064946,0.0371426569452379,272944612869.43863,31,0.9127088137462208,0.4476899888250537,0,1.0
ising_confirmatory_17,full,adam,random,0,1,163.0,0.0995423389943837,163,0.0753188128403472,0.0995423389943837,0.9842671705098776,0.9842671705098776,-7.105427357601002e-15,0.0169665330371863,0.0178059990705939,1724.428886387361,40,0.6736185509778367,1.0971776059896,0,
ising_confirmatory_17,full,adam,random,19,0,,1.0710328733624972,199,0.8103981215390235,1.0710328733624972,7.741804118843608e-06,0.986881480144566,0.756651025093916,0.0123962687324755,0.013444873531558,14029.966720358734,40,0.7031826021776499,1.0111303950417845,0,
ising_confirmatory_17,full,adam,random,42,0,,1.7988689079260876,199,1.36111600319186,1.7988689079260876,3.259553880258351e-11,0.987593528735652,1.305749635723707,0.0123682286016301,0.0124533498657708,2894.507839511076,40,0.6315968363888821,1.227518812757313,0,
ising_confirmatory_17,full,adam,random,50,0,,3.5644495385715578,199,2.6970443972557305,3.5644495385715578,3.3740573524335867e-06,0.9846973002267144,2.634163260287582,0.0146962374579265,0.0145988031453868,2798.35260303874,40,0.5958610052260683,1.3477767025636065,0,
ising_confirmatory_17,full,adam,random,101,1,163.0,0.0999521136751726,163,0.0756288692726236,0.0999521136751726,0.9856621906424125,0.9856621906424125,-7.105427357601002e-15,0.0187392872973567,0.0209062124905835,3917.389166899228,40,0.6730143991199257,1.0989800220740842,0,
ising_confirmatory_17,full,adam,target_biased,0,1,24.0,0.0954920137764464,24,0.0722541301122312,0.0954920137764464,0.9675424109736463,0.9675424109736463,-7.105427357601002e-15,0.0221348637871787,0.0587889555522661,47992.363629198095,40,0.949798816927238,0.3293974653571114,0,
ising_confirmatory_17,full,adam,target_biased,19,1,44.0,0.0966350027981995,44,0.0731189739272117,0.0966350027981995,0.9466941296585358,0.9466941296585358,-7.105427357601002e-15,0.0306186814613212,0.0678882468038239,164377.94307975323,40,0.9423798184952212,0.3550000486714991,0,
ising_confirmatory_17,full,adam,target_biased,42,1,22.0,0.0950847281506137,22,0.0719459570259388,0.0950847281506137,0.9632968339015306,0.9632968339015306,-7.105427357601002e-15,0.0269160271875958,0.0599492387694328,30390.20142655009,40,0.9554361432574662,0.3089666027609211,0,
ising_confirmatory_17,full,adam,target_biased,50,1,46.0,0.0978521068556264,46,0.0740398969599098,0.0978521068556264,0.9506778095821208,0.9506778095821208,-7.105427357601002e-15,0.0298246076603721,0.0834179704405389,1779890.3106834888,40,0.9376954544885456,0.3705448790404315,0,
ising_confirmatory_17,full,adam,target_biased,101,1,28.0,0.0981020445842929,28,0.074229012598515,0.0981020445842929,0.9681993494728806,0.9681993494728806,-7.105427357601002e-15,0.0286715483449987,0.0782111135385832,283225.5008987788,40,0.9300128448796544,0.3951848828816637,0,
ising_confirmatory_17,full,exact_natural,target_biased,0,1,6.0,0.0732922760856743,6,0.0554566758316923,0.0732922760856743,0.9342110165091926,0.9342110165091926,-7.105427357601002e-15,0.0360453530056778,0.0957344339721172,589411690417.9034,40,0.9975389873393866,0.0702869467002297,0,1.0
ising_confirmatory_17,full,exact_natural,target_biased,19,1,9.0,0.0998728916562074,9,0.0755689258507636,0.0998728916562074,0.9029187501081598,0.9029187501081598,-7.105427357601002e-15,0.0521293813989085,0.1155821263763287,357437424542.54486,34,0.9850000482342378,0.1751817822128261,0,1.0
ising_confirmatory_17,full,exact_natural,target_biased,42,1,6.0,0.0755613725421493,6,0.0571735899915211,0.0755613725421493,0.9486817287199202,0.9486817287199202,-7.105427357601002e-15,0.0445842395036534,0.0993011041610295,463774764117.4155,40,0.9978215717783058,0.0661145563109349,0,1.0
ising_confirmatory_17,full,exact_natural,target_biased,50,1,7.0,0.0717037985633982,7,0.0542547526861234,0.0717037985633982,0.9341184023024616,0.9341184023024616,-7.105427357601002e-15,0.0349629699826495,0.0977897188032627,642166824734.358,38,0.9968853078688684,0.0791113741642751,0,1.0
ising_confirmatory_17,full,exact_natural,target_biased,101,1,6.0,0.0758988873712288,6,0.0574289709329285,0.0758988873712288,0.9334416416087954,0.9334416416087954,-7.105427357601002e-15,0.0424436453697705,0.115779054798932,655872684871.6365,40,0.9954931454779288,0.0952628600212481,0,1.0
ising_confirmatory_18,chain,adam,random,0,0,,9.95192659164747,199,3.268449641159595,9.95192659164747,1.326953819453655e-12,0.9841039458413956,3.187076392172841,0.019672028399429,0.0455078990781377,273.2414391957291,31,0.1106803530724986,8.979516491468598,0,
ising_confirmatory_18,chain,adam,random,19,0,,3.450702480253594,199,1.1332928533455269,3.450702480253594,4.232963019573196e-06,0.9795536411757004,1.0465106095572416,0.0188903292074185,0.0425505939713905,348.8446515422428,31,0.1158038173257457,8.577196577823667,0,
ising_confirmatory_18,chain,adam,random,42,0,,18.631743870901115,199,6.11910829608955,18.631743870901115,1.2631850997477492e-11,0.9788715714738132,6.04912313216639,0.0148121573194969,0.0218636288781003,257.6287193067281,31,0.2253614045963537,4.323168107187716,0,
ising_confirmatory_18,chain,adam,random,50,0,,4.36751491215822,199,1.4343958846504703,4.36751491215822,5.144875018196694e-15,0.985563163831976,1.3411328910943787,0.0199637771216484,0.0388574039880421,166.44816205840806,31,0.2765198292279977,3.475368167807444,0,
ising_confirmatory_18,chain,adam,random,101,0,,24.346280668608,199,7.995898239610064,24.346280668608,7.644677446737816e-22,0.9273318766031252,8.014932679939452,0.0530832852892484,0.1193579298676239,8193.088226223046,31,0.0461087844019722,21.664774670599083,0,
ising_confirmatory_18,chain,adam,target_biased,0,0,,6.279262949479728,199,2.0622594575003035,6.279262949479728,0.0009977946383599,0.9847030970843864,1.9891847063714645,0.0175051211676242,0.0321109310917383,277.9681900215345,31,0.3626003603545309,2.5701704446638742,0,
ising_confirmatory_18,chain,adam,target_biased,19,0,,12.857291354410302,199,4.222640603968728,12.857291354410302,0.000292818368349,0.7863049437328435,4.605142800964526,0.2522339432941452,0.4354933335071788,7363.235927292906,31,0.4449597445228266,2.0126552622406457,0,
ising_confirmatory_18,chain,adam,target_biased,42,0,,15.409619972367668,199,5.060886091278249,15.409619972367668,3.50879967861646e-09,0.9765389812986198,5.0183338227569685,0.0192148268840501,0.0339756263060739,663.2810600856933,31,0.4547706584098873,1.9583686119735049,0,
ising_confirmatory_18,chain,adam,target_biased,50,0,,4.33681489633558,199,1.4243132685082536,4.33681489633558,4.1155987560854256e-15,0.9870925834265546,1.3411328910943787,0.0203747616397078,0.0309611869472327,437.0422733217997,31,0.4548967536272515,1.957684192805043,0,
ising_confirmatory_18,chain,adam,target_biased,101,0,,1.4552961240224882,199,0.477953896719292,1.4552961240224882,1.1397383724296442e-18,0.9870806893699432,0.3943853280478357,0.0200317121536414,0.042487293717727,275.1448403704783,31,0.4543760771738816,1.9605124528185995,0,
ising_confirmatory_18,chain,exact_natural,target_biased,0,1,37.0,0.0962149236669576,37,0.0315992717427597,0.0962149236669576,0.9829107722648094,0.9829107722648094,-3.552713678800501e-15,0.0133759725974607,0.0245365302101665,602357652535.8969,24,0.304843333743935,3.1242359763367142,0,1.0
ising_confirmatory_18,chain,exact_natural,target_biased,19,1,32.0,0.0981269053823832,32,0.0322272120610627,0.0981269053823832,0.9836209871533804,0.9836209871533804,-3.552713678800501e-15,0.0140631464284241,0.0242806596040564,906232365800.6094,29,0.3326361914405406,2.835095076370411,0,1.0
ising_confirmatory_18,chain,exact_natural,target_biased,42,0,,3.015783940891474,101,0.9904552499105465,3.015783940891474,1.5988405012092843e-33,0.9999999999999968,0.9904552499105465,1.5046523856315465e-15,2.6605239528436828e-15,1.0,1,0.2981060647835081,3.201990380271405,0,1.0
ising_confirmatory_18,chain,exact_natural,target_biased,50,0,,4.812975656202679,80,1.580695799105705,4.812975656202679,6.310156481739807e-103,0.9999999999999998,1.5806957991057082,1.8737758110652816e-16,2.8473620555409133e-16,1.0,1,0.3322098355992243,2.8391859727669457,0,0.99375
ising_confirmatory_18,chain,exact_natural,target_biased,101,0,,1.2008426821477174,80,0.3943853280478322,1.2008426821477174,2.3248190276537024e-115,0.9999999999999998,0.3943853280478357,2.342219763831601e-16,4.96785188875074e-16,1.0,1,0.3869271761394528,2.3831623428445416,0,1.0
ising_confirmatory_18,random_tree,adam,random,0,0,,5.711657254764442,199,1.8758442330582987,5.711657254764442,4.331278627189336e-12,0.969135620917207,1.7507223826688223,0.0254954961683314,0.0302427789791804,8258.023798627493,31,0.6088356399199207,1.302972984376738,0,
ising_confirmatory_18,random_tree,adam,random,19,0,,0.5412545692248032,199,0.1777608874289278,0.5412545692248032,0.961146611335881,0.961146611335881,-3.552713678800501e-15,0.0361214828289584,0.0435079323585598,3567.1451418208167,31,0.470984564955489,1.8729731643840737,0,
ising_confirmatory_18,random_tree,adam,random,42,0,,3.3935280121974807,199,1.114515396751511,3.3935280121974807,2.995570827081421e-06,0.9717645482048404,0.9904552499105465,0.0228977442732663,0.0233120707022847,3146.3178543313297,31,0.417767651592092,2.174782792732949,0,
ising_confirmatory_18,random_tree,adam,random,50,0,,1.5867997247232195,199,0.5211428101988425,1.5867997247232195,1.793497136973677e-15,0.9748244117083484,0.3943853280478357,0.0234790066581983,0.0268749174186271,2339.3483198572358,31,0.6066812985612721,1.3103175563001026,0,
ising_confirmatory_18,random_tree,adam,random,101,0,,1.5847360939345052,199,0.5204650647142124,1.5847360939345052,1.7013984980414969e-15,0.9746811623585546,0.3943853280478357,0.0234840397511922,0.0275746664767034,1112.542365790795,31,0.626442803086493,1.2442754353489125,0,
ising_confirmatory_18,random_tree,adam,target_biased,0,0,,1.4241028046970488,199,0.467709267961542,1.4241028046970488,2.0887054732772375e-13,0.985695532618914,0.3943853280478357,0.0191599086009266,0.034628605338537,149432.3806565887,31,0.819411526019259,0.6995333374164068,0,
ising_confirmatory_18,random_tree,adam,target_biased,19,0,,5.492450040389494,199,1.8038513646859864,5.492450040389494,2.8039765023900398e-12,0.9782352765190124,1.7507223826688223,0.0173422342539686,0.0229132904561056,23818.974108388484,31,0.8414497710310437,0.6421480658073099,0,
ising_confirmatory_18,random_tree,adam,target_biased,42,0,,0.2184187161029796,199,0.0717339067662017,0.2184187161029796,0.9825463301133136,0.9825463301133136,-3.552713678800501e-15,0.0185398969176661,0.0262054778515557,61079.607549652304,31,0.7548526316414922,0.8689039468374578,0,
ising_confirmatory_18,random_tree,adam,target_biased,50,0,,1.369102626990571,199,0.4496459000866899,1.369102626990571,2.172539314016085e-14,0.9887963251987888,0.3943853280478357,0.0135355910650025,0.017223649397693,20279.62590759974,31,0.8561277360688009,0.6036064916221437,0,
ising_confirmatory_18,random_tree,adam,target_biased,101,0,,1.32934726421063,199,0.4365892924021715,1.32934726421063,5.0420656710457556e-14,0.9910573172844308,0.3943853280478357,0.0096446171327311,0.0087810241497081,29936.11030376209,31,0.8792683392764592,0.5417308280507419,0,
ising_confirmatory_18,random_tree,exact_natural,target_biased,0,0,,1.2008426821477065,42,0.3943853280478286,1.2008426821477065,2.566581184524888e-87,0.9999999999999996,0.3943853280478357,4.552288076171836e-15,8.227564674784441e-15,2.9240330418234888,2,0.7436195472560113,0.8991197185043052,0,0.988095238095238
ising_confirmatory_18,random_tree,exact_natural,target_biased,19,0,,1.2008426821477285,43,0.3943853280478357,1.2008426821477285,1.4444357971111055e-84,0.9999999999999996,0.3943853280478357,2.663135861648628e-16,3.5186472877945523e-16,1.3333333333333333,2,0.7254362023378829,0.9487938580846732,0,1.0
ising_confirmatory_18,random_tree,exact_natural,target_biased,42,0,,1.2008426821477285,44,0.3943853280478357,1.2008426821477285,1.9533879703706764e-101,0.9999999999999996,0.3943853280478357,3.052681143276853e-16,4.314855063286603e-16,9.761756955405463,2,0.7173326057192965,0.9712801066391872,0,1.0
ising_confirmatory_18,random_tree,exact_natural,target_biased,50,0,,1.2008426821477285,43,0.3943853280478357,1.2008426821477285,7.074653164721396e-100,0.9999999999999996,0.3943853280478357,3.7848417813513023e-16,4.816102049380375e-16,1.0,1,0.7252705785117224,0.9492511540573988,0,1.0
ising_confirmatory_18,random_tree,exact_natural,target_biased,101,0,,1.2008426821477065,46,0.3943853280478286,1.2008426821477065,5.9098091567091855e-99,0.9999999999999972,0.3943853280478357,4.612976067439111e-15,4.199923510985201e-15,13.27264473277966,2,0.7321786321782403,0.930254758023597,0,0.8519475713689276
ising_confirmatory_18,problem_tree,adam,random,0,0,,9.488101654187608,199,3.1161184883480466,9.488101654187608,5.609037459531316e-12,0.9618192171514676,3.0434125112968253,0.0251802352210607,0.0274261544146497,4028.6266203796094,31,0.5925218409019923,1.3595353452429089,0,
ising_confirmatory_18,problem_tree,adam,random,19,0,,21.18542456079908,199,6.957797836016258,21.18542456079908,4.66806870132163e-13,0.926590914629732,6.822839203697512,0.0253272816958558,0.0276221760743629,15085.964600021289,31,0.4456626581415118,2.0086964073626827,0,
ising_confirmatory_18,problem_tree,adam,random,42,0,,16.569726063927586,199,5.44189255306711,16.569726063927586,1.286935736623156e-07,0.9572101470965076,5.3230256723727365,0.0224654768852543,0.0200411214984202,5653.847229605883,31,0.3785848558630529,2.4448061580745595,0,
ising_confirmatory_18,problem_tree,adam,random,50,0,,4.4353716502592295,199,1.4566816530646634,4.4353716502592295,1.4884976236852624e-07,0.97132295285688,1.3411328910943787,0.0227657749890978,0.0238926235756661,830.356721919339,31,0.5208260921497717,1.6390553702392745,0,
ising_confirmatory_18,problem_tree,adam,random,101,0,,1.5169044983434443,199,0.4981875536989122,1.5169044983434443,3.172045837031563e-12,0.9728834304072403,0.3943853280478357,0.0210133454391805,0.02379549939347,2160.879639336504,31,0.6423174829845834,1.1932396374992458,0,
ising_confirmatory_18,problem_tree,adam,target_biased,0,0,,0.1123899479880632,199,0.0369115348459097,0.1123899479880632,0.9858123927352028,0.9858123927352028,-3.552713678800501e-15,0.009497237427886,0.0258856979787174,54654.02825521759,31,0.8804962068150824,0.5383932256846262,0,
ising_confirmatory_18,problem_tree,adam,target_biased,19,0,,0.1187165495046357,199,0.0389893414159416,0.1187165495046357,0.9855993569619976,0.9855993569619976,-3.552713678800501e-15,0.0098056015917873,0.0128192821974583,13677.38342987926,31,0.8441062425062134,0.635199605059794,0,
ising_confirmatory_18,problem_tree,adam,target_biased,42,0,,0.1189205149953975,199,0.0390563285393845,0.1189205149953975,0.9861836475687316,0.9861836475687316,-3.552713678800501e-15,0.0088438346420632,0.0124872586249692,35873.71523835755,31,0.8694203953503438,0.5682786486535286,0,
ising_confirmatory_18,problem_tree,adam,target_biased,50,1,193.0,0.0999681927832221,193,0.0328319346832728,0.0999681927832221,0.988038356178864,0.988038356178864,-3.552713678800501e-15,0.0087445825521194,0.0202150882149255,65279.78263013158,31,0.8818381404599871,0.5347378346178726,0,
ising_confirmatory_18,problem_tree,adam,target_biased,101,0,,1.099112147503217,199,0.3609745983371795,1.099112147503217,2.797579478907292e-13,0.9898123467159028,0.3284238093057006,0.0092575666876671,0.0284869711588906,44186.84400359557,31,0.8795498290997658,0.5409662657097114,0,
ising_confirmatory_18,problem_tree,exact_natural,target_biased,0,1,15.0,0.0990744941115564,15,0.0325384227611529,0.0990744941115564,0.9016003611118496,0.9016003611118496,-3.552713678800501e-15,0.0418290412385717,0.1140093565589132,519047585337.52216,29,0.932843876030799,0.3862177541336193,0,1.0
ising_confirmatory_18,problem_tree,exact_natural,target_biased,19,1,12.0,0.094726433347135,12,0.0311104160818089,0.094726433347135,0.9820099204035584,0.9820099204035584,-3.552713678800501e-15,0.0141576463037112,0.0185088963201491,188609023791.90244,30,0.943092517078255,0.3525957952943734,0,1.0
ising_confirmatory_18,problem_tree,exact_natural,target_biased,42,1,10.0,0.0713046547548551,10,0.0234181463358176,0.0713046547548551,0.980035880741182,0.980035880741182,-3.552713678800501e-15,0.0096869212634229,0.0136776744468694,44420842118.22028,30,0.942841654497032,0.3534433105792129,0,1.0
ising_confirmatory_18,problem_tree,exact_natural,target_biased,50,1,24.0,0.0758038463306045,24,0.0248957879719213,0.0758038463306045,0.9241961597095107,0.9241961597095107,-3.552713678800501e-15,0.0330597185960052,0.0764250464554001,945099429037.5072,26,0.9046423273271316,0.4710940653103084,0,1.0
ising_confirmatory_18,problem_tree,exact_natural,target_biased,101,0,,1.0000001618473695,199,0.3284238624602338,1.0000001618473695,1.4176420425707234e-37,0.9999991941585064,0.3284238093057006,5.7280963844129424e-08,1.7626242618965216e-07,502508215188.3702,15,0.8265202744065032,0.6810564348926519,0,1.0
ising_confirmatory_18,full,adam,random,0,0,,13.227125561906698,199,4.34410296320625,13.227125561906698,5.548810870315173e-12,0.987633437810653,4.299720717248061,0.0108222079847566,0.0120691924280477,7667.631619621507,40,0.5811630896691369,1.4002732213880815,0,
ising_confirmatory_18,full,adam,random,19,0,,15.426354026688982,199,5.066381953143583,15.426354026688982,3.2056743212301374e-14,0.985186984170821,5.018155081363805,0.0112926300811762,0.0131107293841129,9613.28572707043,40,0.5672443743934193,1.4518425601532357,0,
ising_confirmatory_18,full,adam,random,42,0,,3.171525033986995,199,1.0416043329704117,3.171525033986995,0.0001690297230911,0.9873869844206872,0.9904552499105465,0.0117522957525276,0.0104631322098753,4976.525959274671,40,0.6145262836370958,1.2837471207744942,0,
ising_confirmatory_18,full,adam,random,50,0,,4.23521031019237,199,1.390943903284171,4.23521031019237,5.872841094520867e-09,0.9878555863669604,1.3411328910943787,0.0118180872865305,0.0122977442906106,2184.725053554708,40,0.6313514489461376,1.2283124410195747,0,
ising_confirmatory_18,full,adam,random,101,0,,1.354364087786551,199,0.4448054128977041,1.354364087786551,1.0819764033155268e-12,0.9887818523654084,0.3943853280478357,0.0118879149806243,0.0129474940256702,17847.837453731416,40,0.6705755280507008,1.1062754799531371,0,
ising_confirmatory_18,full,adam,target_biased,0,1,55.0,0.0989644449701227,55,0.0325022800029124,0.0989644449701227,0.987641429562586,0.987641429562586,-3.552713678800501e-15,0.0095489377459848,0.0176099632980418,44362.85432517741,40,0.9312053864337918,0.3914226657510537,0,
ising_confirmatory_18,full,adam,target_biased,19,1,85.0,0.0996781949719409,85,0.0327366924974015,0.0996781949719409,0.9888453174734974,0.9888453174734974,-3.552713678800501e-15,0.0090354115031413,0.0123258004960131,88268.55089199007,40,0.9192009832546316,0.4284032791338188,0,
ising_confirmatory_18,full,adam,target_biased,42,1,38.0,0.0973738460162861,38,0.0319798894354157,0.0973738460162861,0.9853150840754846,0.9853150840754846,-3.552713678800501e-15,0.0099045754741995,0.0276309953777818,161522.4892933153,40,0.9326219639104965,0.3869251773786192,0,
ising_confirmatory_18,full,adam,target_biased,50,0,,1.0211473614377184,199,0.3353691063058441,1.0211473614377184,2.5703319297039853e-10,0.9977322515704542,0.3284238093057006,0.0024497365603175,0.0088210333657805,962211.6100987364,40,0.9205480998648108,0.4243441822362397,0,
ising_confirmatory_18,full,adam,target_biased,101,0,,1.2217550207173946,199,0.4012534379423762,1.2217550207173946,4.536167842127208e-09,0.9977265148784504,0.3943853280478357,0.0019492754497737,0.0043071690158247,243460.33508483836,40,0.9170416616576148,0.4348672795357609,0,
ising_confirmatory_18,full,exact_natural,target_biased,0,1,8.0,0.0675200845140669,8,0.0221752033607529,0.0675200845140669,0.9438133659386966,0.9438133659386966,-3.552713678800501e-15,0.0223596899402768,0.0412353006876951,670306154787.3652,38,0.9918517295325548,0.1284441906960471,0,1.0
ising_confirmatory_18,full,exact_natural,target_biased,19,1,8.0,0.0611692158031074,8,0.0200894268662992,0.0611692158031074,0.9672697665979268,0.9672697665979268,-3.552713678800501e-15,0.0142710843285988,0.0194681269618907,397378591609.7261,40,0.9940785721499787,0.1093109432487966,0,1.0
ising_confirmatory_18,full,exact_natural,target_biased,42,1,8.0,0.0657567210774708,8,0.0215960728237156,0.0657567210774708,0.959098623847216,0.959098623847216,-3.552713678800501e-15,0.0162496718148532,0.0453320395181103,475076280103.03015,39,0.9929578784941624,0.1193081168894584,0,1.0
ising_confirmatory_18,full,exact_natural,target_biased,50,1,20.0,0.0741948249750487,20,0.0243673470490755,0.0741948249750487,0.9293434038472836,0.9293434038472836,-3.552713678800501e-15,0.0277022012058602,0.0997503344239792,163875892292.43396,13,0.9379540033485472,0.3696979766196785,0,1.0
ising_confirmatory_18,full,exact_natural,target_biased,101,1,18.0,0.0859970660058906,18,0.0282434840067686,0.0859970660058906,0.9262090669424669,0.9262090669424669,-3.552713678800501e-15,0.0317957560969952,0.0702567179571526,914956362680.6516,14,0.9426337147904604,0.3541447889902464,0,1.0
ising_confirmatory_19,chain,adam,random,0,0,,10.112284246569242,199,6.86540467728479,10.112284246569242,1.2500786210905215e-16,0.9760571514064442,6.798609448873751,0.0142749500005794,0.0179246936115056,437.1080842642847,31,0.3137339635921257,3.026484336971184,0,
ising_confirmatory_19,chain,adam,random,19,0,,12.125763798373972,199,8.232390770191273,12.125763798373972,2.1374124139514573e-17,0.9754137697141324,8.166368904892245,0.0137219696809047,0.0273409370332761,286.93063607961204,31,0.1407331694455815,7.034926918068431,0,
ising_confirmatory_19,chain,adam,random,42,0,,11.842757171417242,199,8.040252676261556,11.842757171417242,3.5468461069288967e-10,0.9402814968241168,7.980621497822373,0.0180762316057542,0.0286874994372725,1684.7494113909834,31,-0.0153070557769049,65.32169574158848,0,
ising_confirmatory_19,chain,adam,random,50,0,,2.81662269803776,199,1.9122538660654664,2.81662269803776,6.812862594597952e-16,0.9698951516194748,1.8160833714810456,0.0215029679264695,0.0295040178012854,548.5932598476888,31,0.2126353671235576,4.595339110869496,0,
ising_confirmatory_19,chain,adam,random,101,0,,6.468644257230028,199,4.391674468045654,6.468644257230028,1.4960332337461896e-16,0.9758195161196814,4.3100466151603065,0.0178848666068004,0.0299490893721269,1048.75375063777,31,0.1387787501086992,7.135987392139078,0,
ising_confirmatory_19,chain,adam,target_biased,0,0,,11.279488131054556,199,7.657839582445717,11.279488131054556,6.316337232860437e-16,0.9806339326742224,7.612840418220646,0.010473620741868,0.0157033246478981,531.8572068447173,31,0.5646871654025113,1.4615261126000454,0,
ising_confirmatory_19,chain,adam,target_biased,19,0,,3.277927638214347,199,2.22544176869166,3.277927638214347,1.8374342198125413e-06,0.9833104506509835,2.1523806171908184,0.0168049779415604,0.043467786188016,903.903313018644,31,0.5860200372153048,1.3827113563646474,0,
ising_confirmatory_19,chain,adam,target_biased,42,0,,3.22715821255306,199,2.190973527501118,3.22715821255306,6.032063123652321e-06,0.9585004859771664,2.1523806171908184,0.024880554084024,0.0446803123286361,2581.6100773723265,31,0.5347235943831552,1.5803062303882982,0,
ising_confirmatory_19,chain,adam,target_biased,50,0,,5.502362797676322,199,3.73564927232944,5.502362797676322,5.167643723042443e-22,0.9853397838040694,3.6625585429861296,0.0161983471442298,0.0281779268512758,770.1363266699799,31,0.5365734475441215,1.572671226798377,0,
ising_confirmatory_19,chain,adam,target_biased,101,0,,2.5559113586465,199,1.735252428483726,2.5559113586465,5.165660290512321e-07,0.9799251319004972,1.6608882687543591,0.016670703749303,0.0294102681480663,1231.2711377168985,31,0.4076646646636905,2.239908900388424,0,
ising_confirmatory_19,chain,exact_natural,target_biased,0,0,,8.152797387006544,121,5.535075157000204,8.152797387006544,1.6974897374374123e-128,0.999999999997111,5.535075156999248,5.950895805008929e-13,8.922305960374358e-13,1.0,1,0.3960859589311324,2.318217585850636,0,1.0
ising_confirmatory_19,chain,exact_natural,target_biased,19,1,38.0,0.0674370988148387,38,0.0457842127789263,0.0674370988148387,0.9361252106375654,0.9361252106375654,3.552713678800501e-15,0.0243496572917021,0.0629828673734566,880443964943.5148,16,0.3891026457074156,2.3674842995358296,0,1.0
ising_confirmatory_19,chain,exact_natural,target_biased,42,1,32.0,0.0939441336284633,32,0.0637802971801484,0.0939441336284633,0.9155735113972976,0.9155735113972976,3.552713678800501e-15,0.0306870812063118,0.0551076301645802,995545245496.4824,15,0.4238803711975445,2.136730659625229,0,1.0
ising_confirmatory_19,chain,exact_natural,target_biased,50,0,,5.054644984581183,120,3.4316859052820874,5.054644984581183,1.6002536279552556e-97,0.9999999999994152,3.431685905281828,1.8667016537953026e-13,3.24723147278252e-13,1.0,1,0.4061056350143737,2.2502178268335986,0,1.0
ising_confirmatory_19,chain,exact_natural,target_biased,101,0,,7.141037216582881,147,4.8481736778736,7.141037216582881,4.644312022524764e-85,0.9999999999763528,4.848173677867937,3.5211475470456974e-12,6.2119689189395744e-12,8674.361725142144,3,0.0362249603778237,27.58715676453784,0,1.0
ising_confirmatory_19,random_tree,adam,random,0,0,,7.47007783313484,199,5.071565043544407,7.47007783313484,7.949918111130421e-10,0.8937033054037248,4.848173677867937,0.0508652890246051,0.0537013504380099,10614.780064515438,31,0.4615691259799844,1.9219315056382569,0,
ising_confirmatory_19,random_tree,adam,random,19,0,,2.853037252218393,199,1.9369763367256208,2.853037252218393,5.772267418386658e-12,0.9706188575274366,1.8160833714810456,0.02168824530996,0.0242387697706096,1465.1060141830233,31,0.4590562345846919,1.9352905909846685,0,
ising_confirmatory_19,random_tree,adam,random,42,0,,0.2381176902453088,199,0.1616622183963052,0.2381176902453088,0.9476695238148036,0.9476695238148036,3.552713678800501e-15,0.0295201510114203,0.0346389734855812,5535.559402703485,31,0.4631712645704264,1.9134796657496196,0,
ising_confirmatory_19,random_tree,adam,random,50,0,,5.899281369332736,199,4.005124155739253,5.899281369332736,7.704955170171839e-14,0.9656625490492646,3.8759485234775006,0.0232514276555458,0.0236931800287091,1566.2539816809106,31,0.4732759705499187,1.8613119420241049,0,
ising_confirmatory_19,random_tree,adam,random,101,0,,6.543548170308474,199,4.442528030174326,6.543548170308474,1.1394365851959028e-12,0.962418637591784,4.3100466151603065,0.0229760893683987,0.0229404873941879,1833.768932281767,31,0.4816499533128014,1.819503328111076,0,
ising_confirmatory_19,random_tree,adam,target_biased,0,0,,0.1630569624360579,199,0.1107021920346191,0.1630569624360579,0.9542269315540388,0.9542269315540388,3.552713678800501e-15,0.023256572628463,0.0434946682494397,35865.836260820884,31,0.669946905415748,1.1081609720130077,0,
ising_confirmatory_19,random_tree,adam,target_biased,19,0,,0.1149447122164477,199,0.0780379532099964,0.1149447122164477,0.9695832562878758,0.9695832562878758,3.552713678800501e-15,0.0183823408364657,0.0312496494254582,34791.92509271311,31,0.6648965241562173,1.1233860509925315,0,
ising_confirmatory_19,random_tree,adam,target_biased,42,0,,0.1205017721920423,199,0.0818107373424581,0.1205017721920423,0.9710902166716484,0.9710902166716484,3.552713678800501e-15,0.0193595229729237,0.026820006325904,11924.141496739969,31,0.6719893284562396,1.1020425448881657,0,
ising_confirmatory_19,random_tree,adam,target_biased,50,0,,0.1204010377163105,199,0.0817423469645781,0.1204010377163105,0.9680958743748964,0.9680958743748964,3.552713678800501e-15,0.0189306204927615,0.0379575686759501,72496.14837163188,31,0.6886820836621913,1.0528275007861208,0,
ising_confirmatory_19,random_tree,adam,target_biased,101,0,,0.1251566268863413,199,0.0849709987048861,0.1251566268863413,0.9717772077662242,0.9717772077662242,3.552713678800501e-15,0.0190833357070158,0.0219596996626144,32767.045585809727,31,0.6774547687922721,1.0857764498289897,0,
ising_confirmatory_19,random_tree,exact_natural,target_biased,0,1,19.0,0.0592653979396575,19,0.0402363037168491,0.0592653979396575,0.9596453266715312,0.9596453266715312,3.552713678800501e-15,0.019394206984697,0.0362712344693438,594357476684.8878,13,0.6300511721921077,1.2325246765582345,0,1.0
ising_confirmatory_19,random_tree,exact_natural,target_biased,19,1,17.0,0.0762139779357359,17,0.0517429878191961,0.0762139779357359,0.9488264227841956,0.9488264227841956,3.552713678800501e-15,0.0230976549204193,0.0392655987196966,334945215915.9476,15,0.6772123886139912,1.086494583507377,0,1.0
ising_confirmatory_19,random_tree,exact_natural,target_biased,42,1,17.0,0.0686699348177087,17,0.0466212064644331,0.0686699348177087,0.9535027225814484,0.9535027225814484,3.552713678800501e-15,0.0224514802546497,0.0311034958504815,959445949840.7772,15,0.6281970995017004,1.2385511538597966,0,1.0
ising_confirmatory_19,random_tree,exact_natural,target_biased,50,1,17.0,0.0870157752112202,17,0.0590765148176437,0.0870157752112202,0.9350779460451258,0.9350779460451258,3.552713678800501e-15,0.0261506283479589,0.0524343231018906,953684589781.0424,16,0.6122492649584327,1.2914099739891602,0,1.0
ising_confirmatory_19,random_tree,exact_natural,target_biased,101,1,21.0,0.0978684881215987,21,0.0664446093212589,0.0978684881215987,0.9340455468476492,0.9340455468476492,3.552713678800501e-15,0.0315270118246841,0.0362789672392145,572775746287.7726,9,0.7029510630442899,1.0117890925084383,0,1.0
ising_confirmatory_19,problem_tree,adam,random,0,0,,6.854716337331778,199,4.653785480737852,6.854716337331778,1.644307981186602e-09,0.9244821870540404,4.549525345717118,0.0208260688781919,0.0190457261973122,3728.4069035543625,31,0.6025067046932729,1.3246555009058056,0,
ising_confirmatory_19,problem_tree,adam,random,19,0,,2.853082066207686,199,1.937006761718056,2.853082066207686,2.6923294858792805e-08,0.9520288706470704,1.8160833714810456,0.0222915045976263,0.0225647891266569,2825.8551732181345,31,0.5716436506546493,1.4353382599482,0,
ising_confirmatory_19,problem_tree,adam,random,42,0,,6.802412137726123,199,4.618275254970996,6.802412137726123,5.83070060244994e-10,0.8055168414971207,4.549525345717118,0.0250805769421587,0.0241457983808227,93965.23074150842,31,0.5892030353000929,1.3713184858284195,0,
ising_confirmatory_19,problem_tree,adam,random,50,0,,0.2330376346524962,199,0.1582132807895924,0.2330376346524962,0.937111681057236,0.937111681057236,3.552713678800501e-15,0.029470530831399,0.0286505316243173,37525.523001748064,31,0.6350508785055946,1.2163912173985452,0,
ising_confirmatory_19,problem_tree,adam,random,101,0,,6.677103273599648,199,4.533200899770684,6.677103273599648,7.54272828392763e-09,0.5056533006998628,4.3100466151603065,0.0349944154726032,0.0331327039564248,38210.45769314367,31,0.5603804598473053,1.4779875036371422,0,
ising_confirmatory_19,problem_tree,adam,target_biased,0,0,,3.4668304061665265,199,2.3536911251207897,3.4668304061665265,5.665690173301091e-11,0.9927462201228416,2.331115560444996,0.0063207213827305,0.0205759935016319,18902.751329223065,31,0.9218264981522476,0.4204725843393524,0,
ising_confirmatory_19,problem_tree,adam,target_biased,19,0,,2.714892480863893,199,1.843187462098072,2.714892480863893,7.710682997741807e-09,0.9860812316902108,1.8160833714810456,0.0057757083963452,0.0100227659891767,45920.30299534319,31,0.853858078737249,0.609592978994938,0,
ising_confirmatory_19,problem_tree,adam,target_biased,42,0,,3.4693722311722364,199,2.355416814080627,3.4693722311722364,2.642737810427113e-11,0.9923644767437976,2.331115560444996,0.0064830497040657,0.0143160796484461,21654.481286907678,31,0.9256970918079468,0.40862787957448,0,
ising_confirmatory_19,problem_tree,adam,target_biased,50,0,,2.719334712087678,199,1.846203369708828,2.719334712087678,3.583059561026326e-08,0.9842536091070276,1.8160833714810456,0.0064083437338128,0.0171383670351028,27287.70909211449,31,0.8552657072932012,0.6058815408555407,0,
ising_confirmatory_19,problem_tree,adam,target_biased,101,0,,3.4572965913701457,199,2.347218453358458,3.4572965913701457,2.497980333114424e-11,0.9941849867940074,2.331115560444996,0.0038637676478626,0.0079483532154817,18826.528154165266,31,0.90199721070336,0.4786509900479372,0,
ising_confirmatory_19,problem_tree,exact_natural,target_biased,0,1,22.0,0.0256076958095978,22,0.0173855075964013,0.0256076958095978,0.9894079047354856,0.9894079047354856,3.552713678800501e-15,0.0106402014762673,0.0346372990003745,161822692790.18063,14,0.9010917366126844,0.4812257060247022,0,1.0
ising_confirmatory_19,problem_tree,exact_natural,target_biased,19,1,17.0,0.0645388981288765,17,0.0438165742058842,0.0645388981288765,0.9730074931909394,0.9730074931909394,3.552713678800501e-15,0.0241656819826419,0.0419354577585944,865165166754.2172,24,0.9166801205243328,0.4359446201805999,0,1.0
ising_confirmatory_19,problem_tree,exact_natural,target_biased,42,1,22.0,0.0343813133746987,22,0.0233420683100291,0.0343813133746987,0.98589210404131,0.98589210404131,3.552713678800501e-15,0.0142911283075085,0.0315581308883228,800846118021.973,16,0.9009175205474044,0.4817203983332712,0,1.0
ising_confirmatory_19,problem_tree,exact_natural,target_biased,50,1,14.0,0.0913969643774272,14,0.062050979919725,0.0913969643774272,0.9312109133320504,0.9312109133320504,3.552713678800501e-15,0.0292840836353292,0.0783168622776533,650753713997.1919,21,0.9025239016221877,0.4771505375042087,0,1.0
ising_confirmatory_19,problem_tree,exact_natural,target_biased,101,1,22.0,0.0440598451159644,22,0.0299129909092705,0.0440598451159644,0.9819774038869514,0.9819774038869514,3.552713678800501e-15,0.0182691363647861,0.0375823708885408,971450499122.8804,14,0.900744575998745,0.482211261672411,0,1.0
ising_confirmatory_19,full,adam,random,0,0,,6.765212518425954,199,4.593019790022684,6.765212518425954,6.067130262441721e-11,0.9690631095953732,4.549525345717118,0.0100863841078651,0.0096731792050619,12418.822665848802,40,0.5850432209975626,1.3862259834740531,0,
ising_confirmatory_19,full,adam,random,19,0,,6.088166492573735,199,4.133361532868779,6.088166492573735,3.204145889461338e-12,0.9832276954510802,4.089022460126117,0.0098210721604574,0.009847406694107,4835.803513201027,40,0.5902627707086271,1.3675454440977537,0,
ising_confirmatory_19,full,adam,random,42,1,164.0,0.0994768534535767,164,0.0675365563634606,0.0994768534535767,0.9759975052640844,0.9759975052640844,3.552713678800501e-15,0.0156066406400817,0.0159789579882053,19209.07661342609,40,0.7146292219238924,0.978834096825287,0,
ising_confirmatory_19,full,adam,random,50,0,,1.0542111977310198,199,0.7157222157994632,1.0542111977310198,0.0254509220949321,0.9631258143030292,0.6789172960218153,0.014540023335341,0.0132273832164628,27683.233324843502,40,0.6984109431109468,1.0247505114721298,0,
ising_confirmatory_19,full,adam,random,101,0,,6.419779187676988,199,4.358499127154786,6.419779187676988,6.05104485914824e-10,0.9806616861795808,4.3100466151603065,0.011056616399806,0.0107911085610443,3958.57193632222,40,0.5985292143221365,1.33844925274281,0,
ising_confirmatory_19,full,adam,target_biased,0,1,28.0,0.0987798207568745,28,0.0670633288097768,0.0987798207568745,0.9551758917177464,0.9551758917177464,3.552713678800501e-15,0.0203302917277008,0.0461705823715536,28634.058432754555,40,0.9509955993601048,0.3251375871678213,0,
ising_confirmatory_19,full,adam,target_biased,19,1,30.0,0.0967683749379749,30,0.0656977234533151,0.0967683749379749,0.9554740399123888,0.9554740399123888,3.552713678800501e-15,0.0209819287248465,0.0417056176235424,42982.599704788365,40,0.9533925727887324,0.3164831311965081,0,
ising_confirmatory_19,full,adam,target_biased,42,1,32.0,0.0977513160862224,32,0.0663650591998319,0.0977513160862224,0.969524694354606,0.969524694354606,3.552713678800501e-15,0.0187091863134414,0.0272665997805921,32745.47196353921,40,0.951643845798079,0.3228135209550405,0,
ising_confirmatory_19,full,adam,target_biased,50,1,33.0,0.0954239323549949,33,0.0647849581302217,0.0954239323549949,0.9502747422180872,0.9502747422180872,3.552713678800501e-15,0.021727108153868,0.0302334451721217,109336.29735368444,40,0.9397052671570516,0.3639283588802743,0,
ising_confirmatory_19,full,adam,target_biased,101,1,24.0,0.0971268274764631,24,0.0659410830814977,0.0971268274764631,0.9699040972311508,0.9699040972311508,3.552713678800501e-15,0.0222201190485142,0.0293767116449441,30320.55219811289,40,0.9410104446874824,0.3595895427092769,0,
ising_confirmatory_19,full,exact_natural,target_biased,0,1,7.0,0.0906979824754559,7,0.0615764290168705,0.0906979824754559,0.9252975256349892,0.9252975256349892,3.552713678800501e-15,0.030184778834163,0.0685503600339745,191858257662.5064,40,0.9971799163957124,0.0752603205649982,0,1.0
ising_confirmatory_19,full,exact_natural,target_biased,19,1,6.0,0.0938154236356554,6,0.0636929137398603,0.0938154236356554,0.9244349964761072,0.9244349964761072,3.552713678800501e-15,0.0330527178714559,0.0656986319533658,66887311321.29715,40,0.998115361798284,0.0614813697472746,0,1.0
ising_confirmatory_19,full,exact_natural,target_biased,42,1,5.0,0.0952146106507962,5,0.0646428460048085,0.0952146106507962,0.9319353230160616,0.9319353230160616,3.552713678800501e-15,0.0289789554743779,0.0422336689443065,352080853.8497731,40,0.997426381857958,0.0718830662999724,0,1.0
ising_confirmatory_19,full,exact_natural,target_biased,50,1,9.0,0.0719913457815135,9,0.0488761698149566,0.0719913457815135,0.9287965726999784,0.9287965726999784,3.552713678800501e-15,0.0280786586336839,0.0390716785821753,224459034048.1612,35,0.983171225356892,0.1858134701767787,0,1.0
ising_confirmatory_19,full,exact_natural,target_biased,101,1,4.0,0.0946813688658355,4,0.0642808189340371,0.0946813688658355,0.9424110516199078,0.9424110516199078,3.552713678800501e-15,0.0343463937784996,0.0454085823694994,142751084.04921195,40,0.9949972328930368,0.1004047868955153,0,1.0
ising_confirmatory_20,chain,adam,random,0,0,,4.860633294596633,199,2.9548565455976856,4.860633294596633,1.3834807954977878e-17,0.982276407712157,2.87307701045388,0.0178864580159943,0.0304592062450784,317.5338015220254,31,0.1753179873197848,5.615578158740683,0,
ising_confirmatory_20,chain,adam,random,19,0,,8.109035422743492,199,4.929612037183222,8.109035422743492,4.170802384752533e-18,0.9821169563612896,4.847686114304427,0.0176424750376982,0.0321831271216084,296.97056872461843,31,0.238960344100441,4.06355845645799,0,
ising_confirmatory_20,chain,adam,random,42,0,,11.209916805441711,199,6.814687313479748,11.209916805441711,5.9150474387835745e-18,0.9806279415545652,6.740566913453453,0.0162654007269861,0.0292641084917706,231.6787598469432,31,0.1970144976560557,4.9762864499474295,0,
ising_confirmatory_20,chain,adam,random,50,0,,13.935946447780369,199,8.471884234941017,13.935946447780369,2.6360736009933395e-19,0.6688037614525641,8.03862935450984,0.1428398089675729,0.2424529731198025,14082.559878177572,31,0.1593374883097567,6.195806034005064,0,
ising_confirmatory_20,chain,adam,random,101,0,,1.7984765709862232,199,1.093322607527366,1.7984765709862232,0.0018256500238023,0.9812279775216576,0.991658025055731,0.0218722203496021,0.0293079891217488,202.90116750971097,31,0.2158099855827022,4.52451436272833,0,
ising_confirmatory_20,chain,adam,target_biased,0,0,,1.5189015636127885,199,0.9233644990970796,1.5189015636127885,4.849291542193002e-07,0.9808196681769016,0.8265734026925848,0.0217173715864243,0.050433392381315,472.2474156299971,31,0.574831187253828,1.4234997033801968,0,
ising_confirmatory_20,chain,adam,target_biased,19,0,,14.630148790299138,199,8.89390091701435,14.630148790299138,8.506660818531024e-09,0.979471382006615,8.826772762555944,0.0154960792502538,0.022978996217422,569.9270568178954,31,0.6077142093112442,1.3067915659375071,0,
ising_confirmatory_20,chain,adam,target_biased,42,0,,7.579987120684855,199,4.607995131827881,7.579987120684855,4.733082914873935e-15,0.8898701388732473,4.648147946073284,0.0671564329117319,0.1162289687328191,3801.7355010953647,31,0.538358503440252,1.5653433810117603,0,
ising_confirmatory_20,chain,adam,target_biased,50,0,,8.811790976222596,199,5.356828352691174,8.811790976222596,5.0893785000806484e-09,0.7600449510024577,5.888193301343311,0.2896522298175604,0.4559139282208753,44037.36611095168,31,0.4639390027958984,1.9094474519448847,0,
ising_confirmatory_20,chain,adam,target_biased,101,0,,0.1552016003943343,199,0.0943495295813079,0.1552016003943343,0.982853297334114,0.982853297334114,1.0658141036401504e-14,0.0219463000937637,0.0254948790570249,289.29007390488465,31,0.5102688898874281,1.6854151517498432,0,
ising_confirmatory_20,chain,exact_natural,target_biased,0,0,,1.359683673152092,84,0.8265734026926168,1.359683673152092,7.815799170912649e-42,0.9999999999999528,0.8265734026925848,1.9127588968139232e-14,4.4419242720039726e-14,1.0,1,0.4407524301434763,2.0365825471145045,0,1.0
ising_confirmatory_20,chain,exact_natural,target_biased,19,0,,4.726108885305477,75,2.8730770104538763,4.726108885305477,1.1648897406749504e-107,0.9999999999999998,2.87307701045388,1.7943274741374214e-16,2.660792034884903e-16,1.0,1,0.2524542157929437,3.832809199997182,0,1.0
ising_confirmatory_20,chain,exact_natural,target_biased,42,0,,1.5698569387397328,76,0.954341084780804,1.5698569387397328,6.79144198765151e-103,0.9999999999999456,0.9543410847807614,2.2878287563899177e-14,3.959590547967216e-14,209.78679645569932,2,0.399015049954237,2.2980195277770963,0,1.0
ising_confirmatory_20,chain,exact_natural,target_biased,50,0,,11.84405547918809,199,7.200190332812461,11.84405547918809,1.4714020799331024e-124,0.9999999942010812,7.2001903307701305,1.2706780528274235e-09,2.0000530392377595e-09,22385150.24357805,2,0.3461646011598323,2.710195645286813,0,1.0
ising_confirmatory_20,chain,exact_natural,target_biased,101,1,29.0,0.0862916976160372,29,0.0524581000206154,0.0862916976160372,0.9146950843581572,0.9146950843581572,1.0658141036401504e-14,0.0291367514468018,0.0338479812577563,537520073204.09015,16,0.439992970759874,2.0409444619545174,0,1.0
ising_confirmatory_20,random_tree,adam,random,0,0,,0.1999605661034552,199,0.1215592190978576,0.1999605661034552,0.9699880438134106,0.9699880438134106,1.0658141036401504e-14,0.0231898771149812,0.0228968104390382,1391.860695344967,31,0.6061714347086011,1.3120611878938613,0,
ising_confirmatory_20,random_tree,adam,random,19,0,,7.38566216322758,199,4.4898618891588775,7.38566216322758,3.048797848421173e-14,0.95603688704801,4.369920384020869,0.0246138712775696,0.0254934087361679,5667.955072502263,31,0.4610440585727026,1.9247124632147965,0,
ising_confirmatory_20,random_tree,adam,random,42,0,,1.7827364227722304,199,1.0837539202473572,1.7827364227722304,1.9523213180884887e-10,0.9774090852507205,0.9543410847807614,0.0261052983049356,0.0270227227689982,1907.591618153952,31,0.6533330338543434,1.1587821158541791,0,
ising_confirmatory_20,random_tree,adam,random,50,0,,8.336837786858764,199,5.068096729590881,8.336837786858764,7.355143263285303e-16,0.9580724951128062,4.9676020266992325,0.0196320039909495,0.0206781340565992,10553.146360806297,31,0.5891627515978181,1.371462106819641,0,
ising_confirmatory_20,random_tree,adam,random,101,0,,0.2104192289265027,199,0.1279172071269556,0.2104192289265027,0.9698094151814582,0.9698094151814582,1.0658141036401504e-14,0.0256703333031279,0.0251487732729728,3497.23184687218,31,0.5698589024799923,1.4420105647245185,0,
ising_confirmatory_20,random_tree,adam,target_biased,0,0,,1.6254029453666263,199,0.9881083886104812,1.6254029453666263,4.3150434069644726e-10,0.9915624537437518,0.9543410847807614,0.0079654364372928,0.0099490626943788,2038.2923239517384,31,0.8657958468498058,0.5779623400558035,0,
ising_confirmatory_20,random_tree,adam,target_biased,19,1,172.0,0.0995208992410174,172,0.0605003427995676,0.0995208992410174,0.9829183043950362,0.9829183043950362,1.0658141036401504e-14,0.0154779213291445,0.019484833525605,35582.41576124183,31,0.8485816241476812,0.6234691724781851,0,
ising_confirmatory_20,random_tree,adam,target_biased,42,0,,1.6308531828558204,199,0.9914216749548572,1.6308531828558204,3.5703010970725657e-10,0.991993583628122,0.9543410847807614,0.0094772860559396,0.0102495881209683,4114.18791819559,31,0.8688631175221884,0.5697703059582743,0,
ising_confirmatory_20,random_tree,adam,target_biased,50,0,,1.6364285258345008,199,0.9948110149227212,1.6364285258345008,1.5574940996681964e-09,0.9901552949229668,0.9543410847807614,0.0095313561555689,0.0140102428060029,11396.554669341964,31,0.9015986433580472,0.4797850627902536,0,
ising_confirmatory_20,random_tree,adam,target_biased,101,1,154.0,0.0997202922428406,154,0.0606215569872823,0.0997202922428406,0.98324912917283,0.98324912917283,1.0658141036401504e-14,0.0203609669281749,0.0370926592166575,54103.29402971065,31,0.8426186009350116,0.6390920046288878,0,
ising_confirmatory_20,random_tree,exact_natural,target_biased,0,1,14.0,0.0423426897058291,14,0.0257407967753025,0.0423426897058291,0.9742564159472946,0.9742564159472946,1.0658141036401504e-14,0.0115810491342723,0.0144650685258262,229734017030.5286,17,0.8351206080956765,0.6586675892795775,0,1.0
ising_confirmatory_20,random_tree,exact_natural,target_biased,19,1,13.0,0.0739497169056904,13,0.0449552129939085,0.0739497169056904,0.9571289828188037,0.9571289828188037,1.0658141036401504e-14,0.0202150478071139,0.0254483036098706,942511952547.1332,24,0.8496897448372162,0.6205594217237806,0,1.0
ising_confirmatory_20,random_tree,exact_natural,target_biased,42,0,,1.5698569387397034,58,0.9543410847807864,1.5698569387397034,2.7146880378168224e-91,0.9999999999999654,0.9543410847807614,1.6202051994870457e-14,1.7522353834393464e-14,1.0,1,0.7528896943554964,0.8741608860887161,0,1.0
ising_confirmatory_20,random_tree,exact_natural,target_biased,50,0,,1.5698569387396684,44,0.954341084780765,1.5698569387396684,9.61176243473488e-67,0.9999999999999984,0.9543410847807614,9.372384593116454e-16,1.377656879856282e-15,166.15880691906227,6,0.7922558317375609,0.7701919534337897,0,1.0
ising_confirmatory_20,random_tree,exact_natural,target_biased,101,1,13.0,0.0372601566810356,13,0.0226510438426501,0.0372601566810356,0.9813691611696936,0.9813691611696936,1.0658141036401504e-14,0.0077103344548965,0.0140463274357676,730033503536.6296,25,0.8405570156130641,0.6444810731608591,0,1.0
ising_confirmatory_20,problem_tree,adam,random,0,0,,4.917057717410106,199,2.9891578526449187,4.917057717410106,5.282546671543384e-12,0.9637438202516736,2.87307701045388,0.0232626036723529,0.0218333837975232,1931.506451774996,31,0.6838656462331154,1.0668878686994785,0,
ising_confirmatory_20,problem_tree,adam,random,19,0,,5.468584514506826,199,3.324439793844931,5.468584514506826,3.4705259251536014e-08,0.9476622697605188,3.1867878985861147,0.028336246045697,0.0264620298344808,1886.1888280448009,31,0.6478690151002271,1.1757805038250504,0,
ising_confirmatory_20,problem_tree,adam,random,42,0,,3.0535537816376435,199,1.8563040723596345,3.0535537816376435,2.321832910965208e-15,0.9073825233510758,1.7406928802137251,0.024884929267659,0.0235934007745251,50960.86389217253,31,0.6391219999021737,1.2033780240994052,0,
ising_confirmatory_20,problem_tree,adam,random,50,0,,6.591415688493279,199,4.007026782611039,6.591415688493279,7.079460447414899e-11,0.9586897241376752,3.8741302210214847,0.0278195103503039,0.0272342378716222,4645.870806691161,31,0.5243994328145546,1.6237095981179956,0,
ising_confirmatory_20,problem_tree,adam,random,101,0,,0.1977785352704741,199,0.1202327277337182,0.1977785352704741,0.96312386400059,0.96312386400059,1.0658141036401504e-14,0.0244453477758935,0.0243216290327164,2726.672105256281,31,0.6744335818161497,1.0947490492193412,0,
ising_confirmatory_20,problem_tree,adam,target_biased,0,1,66.0,0.0987276436425678,66,0.0600181100625256,0.0987276436425678,0.977507411044954,0.977507411044954,1.0658141036401504e-14,0.0150717385278948,0.0219216652167721,765.6458044316687,31,0.9559254033078824,0.3071470257283848,0,
ising_confirmatory_20,problem_tree,adam,target_biased,19,1,47.0,0.0991761996799605,47,0.0602907944356978,0.0991761996799605,0.9799352195578876,0.9799352195578876,1.0658141036401504e-14,0.016752785215994,0.0209477329059448,935.175415430361,31,0.959051936412473,0.2953231777034867,0,
ising_confirmatory_20,problem_tree,adam,target_biased,42,1,52.0,0.0987282552776419,52,0.0600184818852476,0.0987282552776419,0.9820263044961546,0.9820263044961546,1.0658141036401504e-14,0.016029416710603,0.0224595082039477,385.1862407493047,31,0.958638111128214,0.2969084730629392,0,
ising_confirmatory_20,problem_tree,adam,target_biased,50,1,76.0,0.0996111161157603,76,0.0605551870774014,0.0996111161157603,0.9793571703589068,0.9793571703589068,1.0658141036401504e-14,0.0152254016198949,0.0337872480891544,2225.74327398658,31,0.9523095827113454,0.3204141963200611,0,
ising_confirmatory_20,problem_tree,adam,target_biased,101,1,66.0,0.0991311152022583,66,0.0602633868622461,0.0991311152022583,0.9772193004938436,0.9772193004938436,1.0658141036401504e-14,0.0152427185333843,0.0165197857713913,1304.7849997852368,31,0.9400470280612908,0.3627955123101143,0,
ising_confirmatory_20,problem_tree,exact_natural,target_biased,0,1,4.0,0.0907127442875029,4,0.0551457248431042,0.0907127442875029,0.9592892054575654,0.9592892054575654,1.0658141036401504e-14,0.0317741450473077,0.0462151177176432,1531315.9847389648,31,0.965454215145442,0.2698965385507319,0,1.0
ising_confirmatory_20,problem_tree,exact_natural,target_biased,19,1,3.0,0.088958316346608,3,0.0540791801007358,0.088958316346608,0.9667340847731428,0.9667340847731428,1.0658141036401504e-14,0.0272136263460148,0.0340280000458757,328953.8642195484,31,0.9588799011347872,0.2959829978657639,0,1.0
ising_confirmatory_20,problem_tree,exact_natural,target_biased,42,1,4.0,0.0469278880587522,4,0.0285282120244758,0.0469278880587522,0.9820819051776992,0.9820819051776992,1.0658141036401504e-14,0.0223777949285608,0.0313544951671084,9425982.96564788,31,0.9586262655311988,0.2969537571089181,0,1.0
ising_confirmatory_20,problem_tree,exact_natural,target_biased,50,1,5.0,0.0396698892640107,5,0.0241159587342671,0.0396698892640107,0.98442098575119,0.98442098575119,1.0658141036401504e-14,0.022850043590021,0.0507073712009742,12115218.116603144,31,0.9576846148895622,0.3005370382476426,0,1.0
ising_confirmatory_20,problem_tree,exact_natural,target_biased,101,1,3.0,0.0870681283485331,3,0.0529301046531536,0.0870681283485331,0.953790196742228,0.953790196742228,1.0658141036401504e-14,0.0191953887642511,0.0208036190847116,521505.0126934668,31,0.9456891253047164,0.3437413113429164,0,1.0
ising_confirmatory_20,full,adam,random,0,0,,1.449700730115849,199,0.8812962081098625,1.449700730115849,0.000206125236109,0.984665986484107,0.8265734026925848,0.0125430903691395,0.0112883980304827,4981.407283285351,40,0.7115583315826051,0.9874482484605154,0,
ising_confirmatory_20,full,adam,random,19,1,170.0,0.0993927305953857,170,0.0604224270345774,0.0993927305953857,0.980834221386526,0.980834221386526,1.0658141036401504e-14,0.0138245546023262,0.0128340630131818,8798.103096938,40,0.6916311084227168,1.0442719015338786,0,
ising_confirmatory_20,full,adam,random,42,0,,2.936733960605676,199,1.7852874389477726,2.936733960605676,2.4230179917608013e-11,0.9630037655451158,1.7406928802137251,0.0104939964366094,0.011057789315895,38894.17580703303,40,0.7331823978408738,0.9275073148412292,0,
ising_confirmatory_20,full,adam,random,50,0,,6.460737522683373,199,3.9275854402576975,6.460737522683373,3.915074216194443e-13,0.982276666913455,3.8741302210214847,0.0122123898482548,0.012009985565493,11407.625055936918,40,0.556272298725511,1.4938728387603708,0,
ising_confirmatory_20,full,adam,random,101,0,,1.087282791136394,199,0.6609765595517345,1.087282791136394,0.0023415304314944,0.98422087010146,0.6079159579642592,0.0126035507128659,0.0140714616846027,8211.25065835957,40,0.6455684898928506,1.1829920321714151,0,
ising_confirmatory_20,full,adam,target_biased,0,1,38.0,0.0979905223361906,38,0.0595700022574234,0.0979905223361906,0.9432335391911194,0.9432335391911194,1.0658141036401504e-14,0.020725277911638,0.0487947687485995,260540.94341137205,40,0.94638749645225,0.3413333343346705,0,
ising_confirmatory_20,full,adam,target_biased,19,1,26.0,0.0939905208643988,26,0.0571383375308407,0.0939905208643988,0.9676190496889628,0.9676190496889628,1.0658141036401504e-14,0.0209951527863785,0.0487748275194255,93592.06628020662,40,0.9417802084804956,0.3570144534896274,0,
ising_confirmatory_20,full,adam,target_biased,42,1,22.0,0.0989578735399151,22,0.0601580704911235,0.0989578735399151,0.9576918883986678,0.9576918883986678,1.0658141036401504e-14,0.0196306807565423,0.0446168571409909,17148.04515249339,40,0.9534705805603512,0.316198610427421,0,
ising_confirmatory_20,full,adam,target_biased,50,1,41.0,0.0974366852103718,41,0.0592333158305251,0.0974366852103718,0.9403316029096748,0.9403316029096748,1.0658141036401504e-14,0.0204888140022018,0.047278197223486,289224.30101819825,40,0.9371942856557058,0.3721830045502751,0,
ising_confirmatory_20,full,adam,target_biased,101,1,37.0,0.0982407974037057,37,0.0597221484648464,0.0982407974037057,0.9477959958149708,0.9477959958149708,1.0658141036401504e-14,0.0204291203416144,0.0488007560495549,129606.6566448004,40,0.9245745988448127,0.4120825566734748,0,
ising_confirmatory_20,full,exact_natural,target_biased,0,1,11.0,0.0678307129915445,11,0.0412353728676535,0.0678307129915445,0.9345383897606554,0.9345383897606554,1.0658141036401504e-14,0.0227855897418756,0.0536454848516382,583661259416.2318,34,0.9890221083820034,0.1494078013341873,0,1.0
ising_confirmatory_20,full,exact_natural,target_biased,19,1,5.0,0.0888914329431156,5,0.0540385206124298,0.0888914329431156,0.9431430366476466,0.9431430366476466,1.0658141036401504e-14,0.0279139424436779,0.0648481933867315,3021429466.3176546,40,0.9963063826503678,0.086187966832275,0,1.0
ising_confirmatory_20,full,exact_natural,target_biased,42,1,6.0,0.0904117647904129,6,0.0549627546038031,0.0904117647904129,0.93114653981753,0.93114653981753,1.0658141036401504e-14,0.0272089302613247,0.0618407975497019,12245110372.99166,40,0.9978578119893924,0.0655605243796809,0,1.0
ising_confirmatory_20,full,exact_natural,target_biased,50,1,10.0,0.0879965112257142,10,0.0534944834192927,0.0879965112257142,0.9172287436140047,0.9172287436140047,1.0658141036401504e-14,0.0283982311551766,0.0655292772538337,574228083552.1785,38,0.9952957044440268,0.0973416724551155,0,1.0
ising_confirmatory_20,full,exact_natural,target_biased,101,1,10.0,0.075198352235046,10,0.0457142783363018,0.075198352235046,0.9323346728259102,0.9323346728259102,1.0658141036401504e-14,0.0231136950551737,0.0552136252040652,642037209440.091,37,0.9930920431622422,0.1181541507809034,0,1.0
ising_confirmatory_21,chain,adam,random,0,0,,3.363207222165287,199,2.463823919906304,3.363207222165287,0.0012264924623587,0.9798565697440564,2.396300765420733,0.0147667170585668,0.0234649024722412,347.7102409927457,31,0.286765870004178,3.340706818310724,0,
ising_confirmatory_21,chain,adam,random,19,0,,1.1315768244767692,199,0.8289724251848263,1.1315768244767692,1.3090558768677226e-19,0.98373422373348,0.7325816570767429,0.021763873426995,0.034352277612818,502.6433027299038,31,0.2088019694863488,4.683662443550534,0,
ising_confirmatory_21,chain,adam,random,42,0,,6.783318969578023,199,4.969335051213548,6.783318969578023,1.858984285652405e-19,0.9823925453860756,4.894965988195182,0.0173502855095121,0.0281452830324713,440.33773712601936,31,0.0820525467489006,12.146216590442467,0,
ising_confirmatory_21,chain,adam,random,50,0,,4.566403763434195,199,3.345263635898082,4.566403763434195,1.2183682151216262e-07,0.981268082882968,3.266726439379134,0.0174816341404052,0.0316675371543787,566.0198813584492,31,0.3079622937948424,3.089334578060031,0,
ising_confirmatory_21,chain,adam,random,101,0,,8.343229223340213,199,6.11209668980565,8.343229223340213,3.06555224159239e-20,0.984635721169252,6.05188452250052,0.0141308272932998,0.0244191747462071,360.4593117450704,31,0.3731485310867982,2.4863332961095987,0,
ising_confirmatory_21,chain,adam,target_biased,0,0,,1.27336773715162,199,0.9328458469505918,1.27336773715162,0.0013079067316033,0.985209025582756,0.870425673958394,0.0147549739171612,0.0175817201690652,848.5387616096475,31,0.5590578401892442,1.4830820682210248,0,
ising_confirmatory_21,chain,adam,target_biased,19,0,,1.115855025618477,199,0.8174549237249913,1.115855025618477,3.538530394840283e-18,0.983480249341711,0.7325816570767429,0.0201381248454965,0.0616045816376794,309.3111202608549,31,0.448279528900478,1.9940536478762487,0,
ising_confirmatory_21,chain,adam,target_biased,42,0,,5.460605269393664,199,4.000339256894385,5.460605269393664,1.2427601107693286e-15,0.9782589939205228,3.94289734764763,0.0133037536705572,0.0156617639383897,2756.254538868406,31,0.498738678937373,1.737888880034704,0,
ising_confirmatory_21,chain,adam,target_biased,50,0,,9.445866046521616,199,6.919868200885714,9.445866046521616,5.439733345633791e-12,0.8323296142219659,7.191423172617807,0.1773228433177631,0.2393102702979024,27096.161235737825,31,0.5521572001425287,1.509968579621726,0,
ising_confirmatory_21,chain,adam,target_biased,101,0,,6.436006818612813,199,4.7149005401365685,6.436006818612813,2.9320045769399152e-18,0.9799147572781688,4.659116574981898,0.0127300082860763,0.0194327437690251,2101.2582922198867,31,0.6005428628241437,1.331449617404625,0,
ising_confirmatory_21,chain,exact_natural,target_biased,0,1,37.0,0.082574160748189,37,0.0604923155126293,0.082574160748189,0.930502659385503,0.930502659385503,-3.552713678800501e-15,0.0350208938391477,0.0417301690268863,560933219375.525,14,0.3870380965136599,2.382359082224067,0,1.0
ising_confirmatory_21,chain,exact_natural,target_biased,19,0,,1.0,62,0.7325816570767394,1.0,2.1091273779374382e-154,1.0,0.7325816570767429,7.191438753836436e-17,2.1999345976949846e-16,1.0,1,0.2703238499761873,3.561540912018242,0,1.0
ising_confirmatory_21,chain,exact_natural,target_biased,42,0,,5.382195021618744,83,3.942897347647637,5.382195021618744,1.3464805493873675e-128,0.999999999999988,3.94289734764763,6.160952256185747e-15,7.252943963147534e-15,127.53708583951014,3,0.3423071759265134,2.7448682525258663,0,1.0
ising_confirmatory_21,chain,exact_natural,target_biased,50,0,,5.364825043200369,85,3.930172420074516,5.364825043200369,2.301340649107539e-99,0.9999999999999916,3.930172420074509,3.759928392652056e-15,5.074300993098196e-15,1.0,1,0.3345987935202861,2.8163899458529493,0,1.0
ising_confirmatory_21,chain,exact_natural,target_biased,101,0,,5.382195021618779,93,3.942897347647662,5.382195021618779,5.979706734586303e-132,0.9999999999999516,3.94289734764763,2.1570115515740742e-14,3.2927435588878013e-14,1.0,1,0.3884063829846002,2.3724846679391547,0,1.0
ising_confirmatory_21,random_tree,adam,random,0,0,,5.537239213201575,199,4.056479878437511,5.537239213201575,4.3507716139344127e-16,0.9622038844721832,3.94289734764763,0.0203524470113442,0.0214094993589794,3449.653553325817,31,0.4196577275466873,2.1629112710336083,0,
ising_confirmatory_21,random_tree,adam,random,19,0,,5.6823953141000185,199,4.16281857536849,5.6823953141000185,8.965446049439886e-18,0.9656441801106002,4.049898072917404,0.0203731525404418,0.0212693784083933,1753.4111534694766,31,0.4195100285042362,2.1638355218523917,0,
ising_confirmatory_21,random_tree,adam,random,42,0,,6.839009657074268,199,5.01013302734329,6.839009657074268,2.196635229366112e-15,0.955893908401359,4.894965988195182,0.0213981838262056,0.0220836162020575,13790.029631991174,31,0.4737256214701623,1.859034957385655,0,
ising_confirmatory_21,random_tree,adam,random,50,0,,0.1640887024263836,199,0.1202083735310921,0.1640887024263836,0.9694490012750252,0.9694490012750252,-3.552713678800501e-15,0.0228545721795122,0.025323014021316,2538.874400727016,31,0.5945562412986365,1.352359910897658,0,
ising_confirmatory_21,random_tree,adam,random,101,0,,5.550172458399304,199,4.065954536635843,5.550172458399304,5.01333074229494e-17,0.959132707687435,3.94289734764763,0.0233831956788229,0.0263050857055184,16309.046728391731,31,0.4198842764739224,2.1614947327859886,0,
ising_confirmatory_21,random_tree,adam,target_biased,0,0,,3.900181824876207,199,2.857201664168393,3.900181824876207,0.0035227606988552,0.9795342330963556,2.8328279151476465,0.009626359727297,0.012625582202549,6229.577802940761,31,0.8935285787968636,0.5025091916728243,0,
ising_confirmatory_21,random_tree,adam,target_biased,19,1,196.0,0.099838535963425,196,0.0731398801162015,0.099838535963425,0.9749785421198424,0.9749785421198424,-3.552713678800501e-15,0.0181114135944346,0.0413114128686704,7615.856380341808,31,0.8298115161102598,0.6724946060851874,0,
ising_confirmatory_21,random_tree,adam,target_biased,42,0,,0.4454440929526689,199,0.3263241717503113,0.4454440929526689,0.8899220097531936,0.8899220097531936,-3.552713678800501e-15,0.1286578558573512,0.185839833245186,45344.06714761652,31,0.8681363420844035,0.5717141049000843,0,
ising_confirmatory_21,random_tree,adam,target_biased,50,1,167.0,0.0994261205673603,167,0.0728377521619485,0.0994261205673603,0.9772514753288236,0.9772514753288236,-3.552713678800501e-15,0.0180839382101567,0.0206911232594252,6373.668612890922,31,0.8291301629867089,0.6742676035046952,0,
ising_confirmatory_21,random_tree,adam,target_biased,101,1,172.0,0.0998182079225046,172,0.0731249881662989,0.0998182079225046,0.9697321931703728,0.9697321931703728,-3.552713678800501e-15,0.0175485014530475,0.025918077421711,44498.31212508074,31,0.8272412069027236,0.6791815213613753,0,
ising_confirmatory_21,random_tree,exact_natural,target_biased,0,1,13.0,0.0350023957351083,13,0.0256421130692814,0.0350023957351083,0.9881753079240154,0.9881753079240154,-3.552713678800501e-15,0.0112825641184001,0.0147977994556401,929539592778.1298,27,0.9148410622193324,0.4414035629064125,0,1.0
ising_confirmatory_21,random_tree,exact_natural,target_biased,19,1,21.0,0.0852109532222499,21,0.0624239813126443,0.0852109532222499,0.9541816720760774,0.9541816720760774,-3.552713678800501e-15,0.0818592753508821,0.1867177458853662,583097811505.0474,27,0.8218027295877447,0.693319824572809,0,1.0
ising_confirmatory_21,random_tree,exact_natural,target_biased,42,1,17.0,0.0641497503112243,17,0.0469949303840557,0.0641497503112243,0.9833094339595672,0.9833094339595672,-3.552713678800501e-15,0.023387118747729,0.033781522466706,622298619963.7588,20,0.9148997192078374,0.4412299865326321,0,1.0
ising_confirmatory_21,random_tree,exact_natural,target_biased,50,1,11.0,0.0442532761576118,11,0.0324191383786178,0.0442532761576118,0.9856748288202564,0.9856748288202564,-3.552713678800501e-15,0.0145393583680171,0.0166355167004849,749573383289.419,31,0.8866966665852613,0.5214315542742117,0,1.0
ising_confirmatory_21,random_tree,exact_natural,target_biased,101,1,14.0,0.0854090005233935,14,0.0625690671326957,0.0854090005233935,0.941995758292767,0.941995758292767,-3.552713678800501e-15,0.0235458835937265,0.0347758488425701,841951500081.8529,25,0.8867341621794066,0.5213284033519034,0,1.0
ising_confirmatory_21,problem_tree,adam,random,0,0,,5.5188057490315785,199,4.0429758607101896,5.5188057490315785,5.471892745999145e-15,0.9473309964876364,3.94289734764763,0.0194180457941025,0.0193564828061878,6909.185030953146,31,0.4566265038682007,1.948328637242944,0,
ising_confirmatory_21,problem_tree,adam,random,19,0,,1.1680073403238018,199,0.8556607528522058,1.1680073403238018,1.8953701839582537e-17,0.9629246837915434,0.7325816570767429,0.0241001023945328,0.0218665069346551,1466.9402123191255,31,0.550825020059941,1.515219389408896,0,
ising_confirmatory_21,problem_tree,adam,random,42,0,,6.346694626078684,199,4.649472066132759,6.346694626078684,1.7618697367464022e-08,0.8117249581448722,4.64639164740878,0.0473841304795138,0.0446488301876852,5596.656729526786,31,0.6608749092971631,1.1356098734541102,0,
ising_confirmatory_21,problem_tree,adam,random,50,0,,5.501539824704691,199,4.030327161255837,5.501539824704691,6.109775907597915e-10,0.9550438879033002,3.930172420074509,0.0198573381226084,0.0202938309530125,2738.785282157941,31,0.5546395060879853,1.5002370766938955,0,
ising_confirmatory_21,problem_tree,adam,random,101,0,,1.1619551421434704,199,0.8512270234803019,1.1619551421434704,2.319937787637932e-17,0.9686735107826656,0.7325816570767429,0.0234579713191917,0.024570566522543,2429.4761487992955,31,0.5744132934773617,1.4250461164484731,0,
ising_confirmatory_21,problem_tree,adam,target_biased,0,1,94.0,0.0996420706301263,94,0.0729959532167754,0.0996420706301263,0.9594319478837752,0.9594319478837752,-3.552713678800501e-15,0.0217516375853669,0.1157985748434015,152308.23446468785,31,0.8717449041124092,0.562045179345321,0,
ising_confirmatory_21,problem_tree,adam,target_biased,19,1,120.0,0.0992842963623903,120,0.072733854350858,0.0992842963623903,0.9717343204957306,0.9717343204957306,-3.552713678800501e-15,0.0242117463923127,0.0334764697605526,29641.98103492636,31,0.8589460206800302,0.5961563700767486,0,
ising_confirmatory_21,problem_tree,adam,target_biased,42,1,106.0,0.0999509085808133,106,0.0732222022344579,0.0999509085808133,0.9682458615311924,0.9682458615311924,-3.552713678800501e-15,0.0202061613056003,0.0919130951330999,194419.98489888015,31,0.8740889811840977,0.5557395781974974,0,
ising_confirmatory_21,problem_tree,adam,target_biased,50,1,148.0,0.0956992533338894,148,0.0701075175883474,0.0956992533338894,0.954862644924574,0.954862644924574,-3.552713678800501e-15,0.0241944018361707,0.1377361798193858,630604.9202601225,31,0.8776666593867352,0.546074710647034,0,
ising_confirmatory_21,problem_tree,adam,target_biased,101,0,,1.2239633118921938,199,0.8966530712271172,1.2239633118921938,8.799331185110666e-05,0.9935541408939412,0.870425673958394,0.0090153507697566,0.0498149858483842,43031.57518882516,31,0.881568074509188,0.5354741483927649,0,
ising_confirmatory_21,problem_tree,exact_natural,target_biased,0,1,12.0,0.048380281828381,12,0.035442507031675,0.048380281828381,0.959282282956852,0.959282282956852,-3.552713678800501e-15,0.0211524941548463,0.1126089319896778,772473118890.8989,18,0.8242846560464613,0.686869022869918,0,1.0
ising_confirmatory_21,problem_tree,exact_natural,target_biased,19,1,17.0,0.0722293416600925,17,0.0529138908029125,0.0722293416600925,0.9392091969279704,0.9392091969279704,-3.552713678800501e-15,0.0309201551435683,0.0427518784429324,857797581302.2208,14,0.8382374769583639,0.6505380299157906,0,1.0
ising_confirmatory_21,problem_tree,exact_natural,target_biased,42,1,11.0,0.0599302577592052,11,0.0439038075382747,0.0599302577592052,0.9495712296003196,0.9495712296003196,-3.552713678800501e-15,0.0259305339597493,0.1179519255858645,883543224272.7993,20,0.8448199163132606,0.6333311316839012,0,1.0
ising_confirmatory_21,problem_tree,exact_natural,target_biased,50,1,11.0,0.0715761308369656,11,0.0524353605356857,0.0715761308369656,0.9397669682573048,0.9397669682573048,-3.552713678800501e-15,0.0306530452510454,0.1745045561075835,856834930777.4154,23,0.8333836400857378,0.6631939049824214,0,1.0
ising_confirmatory_21,problem_tree,exact_natural,target_biased,101,1,19.0,0.0742090743795769,19,0.0543642066791214,0.0742090743795769,0.9375429651826128,0.9375429651826128,-3.552713678800501e-15,0.0317112973408935,0.1752231131782329,836077127258.8154,10,0.819935287713882,0.698172439586829,0,1.0
ising_confirmatory_21,full,adam,random,0,0,,1.3969048607689116,199,1.0233468776806411,1.3969048607689116,1.1158924215508909e-12,0.9869060353590074,0.979965491524645,0.0101304121056867,0.0100867032578013,3638.8126470961374,40,0.6697165868710626,1.10885231482685,0,
ising_confirmatory_21,full,adam,random,19,0,,8.053088143297629,199,5.89954465660202,8.053088143297629,3.526003962408674e-14,0.9842732004823452,5.849694066990711,0.011155340499486,0.0097137921013447,3803.3435973862593,40,0.4677214677080168,1.8897484368239243,0,
ising_confirmatory_21,full,adam,random,42,0,,5.426519202694026,199,3.975368429668336,5.426519202694026,5.70422713541686e-10,0.9853099392651204,3.930172420074509,0.0103574599107926,0.0097415602558376,7366.018278516945,40,0.6627770354106288,1.1298170589916103,0,
ising_confirmatory_21,full,adam,random,50,1,140.0,0.099693825891127,140,0.0730338681716418,0.099693825891127,0.9813245503250578,0.9813245503250578,-3.552713678800501e-15,0.0175553687906413,0.0187974610278241,3931.430516072256,40,0.6597447224146813,1.1390614616841752,0,
ising_confirmatory_21,full,adam,random,101,0,,5.446383083530858,199,3.989920344407757,5.446383083530858,1.1927041097281472e-12,0.980607638827486,3.94289734764763,0.0108633969873727,0.0108567111631055,12664.078369193734,40,0.6204315690375417,1.264056547125516,0,
ising_confirmatory_21,full,adam,target_biased,0,0,,1.3464001061939954,199,0.9863480208838952,1.3464001061939954,7.701763859085408e-10,0.9970187136294162,0.979965491524645,0.0017106707631098,0.0055965745598268,60030.02123248193,40,0.9113141402032652,0.4517780409377256,0,
ising_confirmatory_21,full,adam,target_biased,19,0,,1.3491595940729584,199,0.9883695710869488,1.3491595940729584,1.8186543779085582e-09,0.9960940555134888,0.979965491524645,0.0021884375420998,0.0057673066392451,60707.476234754846,40,0.9013277450532332,0.4805551983332215,0,
ising_confirmatory_21,full,adam,target_biased,42,1,34.0,0.097287905334561,34,0.0712713349035176,0.097287905334561,0.9689547644637128,0.9689547644637128,-3.552713678800501e-15,0.021530308268413,0.0486175245706264,20260.54768887233,40,0.9549119005545448,0.310907539710124,0,
ising_confirmatory_21,full,adam,target_biased,50,1,31.0,0.0979048562293859,31,0.0717233018123835,0.0979048562293859,0.9663678552493092,0.9663678552493092,-3.552713678800501e-15,0.0212124005212225,0.0467827876840727,24334.785963137278,40,0.9395249770483308,0.3645250507643973,0,
ising_confirmatory_21,full,adam,target_biased,101,1,72.0,0.0988863002695906,72,0.0724422897136847,0.0988863002695906,0.938194959144572,0.938194959144572,-3.552713678800501e-15,0.0308407918011393,0.0662033274140083,159859.63279118808,40,0.9222993172123072,0.4190357113506199,0,
ising_confirmatory_21,full,exact_natural,target_biased,0,1,10.0,0.0741753160360249,10,0.0543394759358619,0.0741753160360249,0.941100495294242,0.941100495294242,-3.552713678800501e-15,0.0513390296557619,0.1679590915408616,100342431234.37088,40,0.9950581510079168,0.0997870199739319,0,1.0
ising_confirmatory_21,full,exact_natural,target_biased,19,1,10.0,0.0992863500816598,10,0.0727353588679236,0.0992863500816598,0.9170868949975848,0.9170868949975848,-3.552713678800501e-15,0.073077154184782,0.192584137495015,65101555219.91394,40,0.9966377351605809,0.0822106856450795,0,1.0
ising_confirmatory_21,full,exact_natural,target_biased,42,1,7.0,0.0845291681130006,7,0.0619245180475402,0.0845291681130006,0.9333002916308576,0.9333002916308576,-3.552713678800501e-15,0.0482639384756154,0.1089846548159073,58753784822.37124,40,0.9984700674436588,0.0553796130847902,0,1.0
ising_confirmatory_21,full,exact_natural,target_biased,50,1,7.0,0.0637542623840115,7,0.0467052031829844,0.0637542623840115,0.9504593111444128,0.9504593111444128,-3.552713678800501e-15,0.0332247233219323,0.0732753077840787,23937177591.67017,40,0.9976528813168272,0.0686353854629334,0,1.0
ising_confirmatory_21,full,exact_natural,target_biased,101,1,13.0,0.048389683453695,13,0.0354493944899267,0.048389683453695,0.957372358887612,0.957372358887612,-3.552713678800501e-15,0.0215172045492668,0.0461891687799151,626484970998.6025,37,0.9857298330315102,0.1707720166156826,0,1.0
ising_confirmatory_22,chain,adam,random,0,0,,7.442566182907705,199,11.51527449777165,7.442566182907705,4.673756598631312e-19,0.9835019527155384,11.467057831419194,0.010536190592882,0.0213082003993841,286.1361192646476,31,0.2229755999417424,4.371886548746571,0,
ising_confirmatory_22,chain,adam,random,19,0,,1.6620699758314337,199,2.5715850602925023,1.6620699758314337,1.2922351117146482e-07,0.9844277504028286,2.467529416451331,0.0219511166690019,0.0361406083033417,143.7698052161701,31,0.2167455171757854,4.504029206425567,0,
ising_confirmatory_22,chain,adam,random,42,0,,3.1640351969129994,199,4.895453116256956,3.1640351969129994,1.8347224683702786e-18,0.9810529639371792,4.814834368631974,0.0180579014766297,0.0418253206668304,218.30361137618868,31,0.2400289179450513,4.044369930739402,0,
ising_confirmatory_22,chain,adam,random,50,0,,5.092016940197124,199,7.878461725786753,5.092016940197124,8.02559594956229e-18,0.9737463304572644,7.810857463615818,0.018011523536826,0.0302241888121002,1819.365214922832,31,0.3034909557981451,3.139580606754717,0,
ising_confirmatory_22,chain,adam,random,101,0,,5.205787222389672,199,8.054489186871997,5.205787222389672,7.785363854093643e-14,0.9840738966956092,7.987256418851931,0.0143852896222767,0.0204681494671771,175.9125031622246,31,0.3699477709253296,2.5113073420419703,0,
ising_confirmatory_22,chain,adam,target_biased,0,0,,2.285877184444498,199,3.5367509808005444,2.285877184444498,2.0605176928001282e-10,0.985706960397,3.4564021199426342,0.0193818125670344,0.0365314514781812,440.7042172021904,31,0.4859012127734664,1.7987477977603783,0,
ising_confirmatory_22,chain,adam,target_biased,19,1,139.0,0.0997709422424201,139,0.1543674263134242,0.0997709422424201,0.9718558505825654,0.9718558505825654,-3.552713678800501e-15,0.0338963072990333,0.0526029734740813,1314.3856414094298,31,0.5019700627602078,1.7229812294399405,0,
ising_confirmatory_22,chain,adam,target_biased,42,0,,2.636399647366002,199,4.079085745313066,2.636399647366002,8.564171575721188e-17,0.9841593525623648,4.0047705644263125,0.0174531740041322,0.0377987459893802,410.8035506474912,31,0.511565722108894,1.6796358989851732,0,
ising_confirmatory_22,chain,adam,target_biased,50,1,154.0,0.0995337851138555,154,0.1540004924673006,0.0995337851138555,0.976202085290964,0.976202085290964,-3.552713678800501e-15,0.0381523371799598,0.0686067491355125,864.6058773012743,31,0.5336526090401865,1.5847459024962252,0,
ising_confirmatory_22,chain,adam,target_biased,101,0,,2.631793032761037,199,4.071958306956731,2.631793032761037,1.0438700390927983e-16,0.98255989373452,4.0047705644263125,0.0159907358205223,0.0223110033265765,679.8793355665505,31,0.5648108441950996,1.4610562270774534,0,
ising_confirmatory_22,chain,exact_natural,target_biased,0,0,,0.9999999999999954,72,1.547218286646494,0.9999999999999954,2.3178873570000832e-67,0.9999999999999992,1.5472182866465012,4.882667242911567e-15,9.20300518084217e-15,10.441555708968432,2,0.2533111472498414,3.8189588894320456,0,1.0
ising_confirmatory_22,chain,exact_natural,target_biased,19,1,18.0,0.0947522140704685,18,0.1466023583100728,0.0947522140704685,0.9500704729020272,0.9500704729020272,-3.552713678800501e-15,0.0475334371435119,0.0737661513135792,76047236697.24194,31,0.4618135416192483,1.9206388523609157,0,1.0
ising_confirmatory_22,chain,exact_natural,target_biased,42,0,,1.8800659322689608,79,2.9088723905076392,1.8800659322689608,1.0223595495732681e-104,0.9999999999999998,2.908872390507636,1.8924752909715014e-16,4.0985778745845323e-16,1.0,1,0.3944801068435793,2.32940638859719,0,1.0
ising_confirmatory_22,chain,exact_natural,target_biased,50,1,16.0,0.0833882646572923,16,0.1290198479694808,0.0833882646572923,0.9547094670410442,0.9547094670410442,-3.552713678800501e-15,0.0458225525187674,0.0823995749087485,5501155800.947148,31,0.5236244997526679,1.6270231195543372,0,1.0
ising_confirmatory_22,chain,exact_natural,target_biased,101,0,,4.182934006847934,79,6.471911987230644,4.182934006847934,4.3565580210549984e-67,0.9999999999999998,6.471911987230644,1.8924752909715014e-16,2.640467767476985e-16,1.0,1,0.3934555866951678,2.3365880580773264,0,1.0
ising_confirmatory_22,random_tree,adam,random,0,0,,4.218818530015264,199,6.527433177682728,4.218818530015264,3.1967856654079588e-12,0.9671096546811416,6.43090968717431,0.0192349937085753,0.0223496388726763,2597.7064829161905,31,0.5118143448331124,1.6785306814712655,0,
ising_confirmatory_22,random_tree,adam,random,19,1,191.0,0.0995669029811909,191,0.1540517330372566,0.0995669029811909,0.9689176996070912,0.9689176996070912,-3.552713678800501e-15,0.0293174917617402,0.0350414141243504,1500.0874546266425,31,0.5595635435060738,1.4811319674606018,0,
ising_confirmatory_22,random_tree,adam,random,42,0,,2.491393711994341,199,3.8547299104337513,2.491393711994341,1.606547893379497e-15,0.9655423859576734,3.718936194713297,0.0249278643355472,0.0273875937013514,2532.470717339099,31,0.5311875106043988,1.5950192184708034,0,
ising_confirmatory_22,random_tree,adam,random,50,0,,2.805976169504407,199,4.341457641351521,2.805976169504407,1.838144900682417e-12,0.5895641369255784,2.908872390507636,0.4793633936673268,0.4768715430877375,68748.35071838516,31,0.6259886751508082,1.2457607919343128,0,
ising_confirmatory_22,random_tree,adam,random,101,0,,1.9635972700408488,199,3.038113603816349,1.9635972700408488,8.525297503323482e-15,0.971887259899624,2.908872390507636,0.0249574629014675,0.0277439663157231,1354.5873526261269,31,0.591337343608271,1.3637296972011732,0,
ising_confirmatory_22,random_tree,adam,target_biased,0,1,132.0,0.0993431338388829,132,0.1537055133282905,0.0993431338388829,0.964423758530914,0.964423758530914,-3.552713678800501e-15,0.0369130354977757,0.0457082820153701,5458.497057261612,31,0.8346737526998022,0.6598322997607903,0,
ising_confirmatory_22,random_tree,adam,target_biased,19,1,152.0,0.0996317374108785,152,0.1541520460524736,0.0996317374108785,0.9654459766347828,0.9654459766347828,-3.552713678800501e-15,0.039933628417239,0.0499640059441193,90050.72925710384,31,0.8113577100074073,0.7204590058385912,0,
ising_confirmatory_22,random_tree,adam,target_biased,42,1,125.0,0.0990886623758547,125,0.1533117904272636,0.0990886623758547,0.9625253084935648,0.9625253084935648,-3.552713678800501e-15,0.0369431863258925,0.0437373086883651,5547.4792822389445,31,0.8148293250843324,0.7114384749261095,0,
ising_confirmatory_22,random_tree,adam,target_biased,50,1,133.0,0.0994186430759404,133,0.1538223426006766,0.0994186430759404,0.9634186558699112,0.9634186558699112,-3.552713678800501e-15,0.038388092769573,0.0520829874434257,43868.37975404084,31,0.8235835871003969,0.688691381095114,0,
ising_confirmatory_22,random_tree,adam,target_biased,101,1,142.0,0.0993621423285471,142,0.1537349236111005,0.0993621423285471,0.966336926580485,0.966336926580485,-3.552713678800501e-15,0.0379824516872781,0.0358374096826324,8283.8839771141,31,0.8224394414568011,0.6916651192711624,0,
ising_confirmatory_22,random_tree,exact_natural,target_biased,0,1,7.0,0.0736703747565462,7,0.113984151007429,0.0736703747565462,0.9507292772646012,0.9507292772646012,-3.552713678800501e-15,0.053065795198192,0.0657097499455182,287104108300.60724,31,0.8774156408297683,0.5467545105067609,0,1.0
ising_confirmatory_22,random_tree,exact_natural,target_biased,19,1,8.0,0.0666707774288418,8,0.1031542460228429,0.0666707774288418,0.9550476470774596,0.9550476470774596,-3.552713678800501e-15,0.0486743642907614,0.0609002067465517,418988635501.3922,30,0.8314822526593707,0.6681457278805343,0,1.0
ising_confirmatory_22,random_tree,exact_natural,target_biased,42,1,9.0,0.0905394968429219,9,0.1400843651791419,0.0905394968429219,0.9385565462700513,0.9385565462700513,-3.552713678800501e-15,0.0662093913431393,0.0783857830155316,823702723545.4102,30,0.8652813774149902,0.5793334930635503,0,1.0
ising_confirmatory_22,random_tree,exact_natural,target_biased,50,1,7.0,0.0990379568813509,7,0.1532333379589339,0.0990379568813509,0.9338551138252098,0.9338551138252098,-3.552713678800501e-15,0.0699004225202467,0.0948372936958643,139393518266.60382,31,0.8519911586589699,0.6145089265210045,0,1.0
ising_confirmatory_22,random_tree,exact_natural,target_biased,101,1,6.0,0.0740259915291823,6,0.1145343677810899,0.0740259915291823,0.9537130924019628,0.9537130924019628,-3.552713678800501e-15,0.0473592011482284,0.044684611403316,9577602638.712034,31,0.883392909564516,0.5304922405783227,0,1.0
ising_confirmatory_22,problem_tree,adam,random,0,0,,1.964627350575576,199,3.0397073632563973,1.964627350575576,2.127367879608829e-13,0.9637386458793926,2.908872390507636,0.0251431277551748,0.0252238836695418,9205.977204843804,31,0.5919231125139242,1.3616539339741351,0,
ising_confirmatory_22,problem_tree,adam,random,19,1,175.0,0.099539500576701,175,0.1540093355359317,0.099539500576701,0.970990726282179,0.970990726282179,-3.552713678800501e-15,0.0306309051701942,0.0294500555928549,1224.1228717804663,31,0.68859040683612,1.053094111584289,0,
ising_confirmatory_22,problem_tree,adam,random,42,0,,4.422070318419491,199,6.841908061495353,4.422070318419491,7.832862211999403e-17,0.9658814003841172,6.718958538932927,0.0236404564005758,0.024715572957478,1480.0431663726508,31,0.4867004952505968,1.7948798312622178,0,
ising_confirmatory_22,problem_tree,adam,random,50,0,,1.9585710096167943,199,3.0303368817748044,1.9585710096167943,3.643799348019789e-12,0.959656245600208,2.908872390507636,0.0235792723982364,0.0218425205192291,1116.206817424766,31,0.6251644537557282,1.248460382380501,0,
ising_confirmatory_22,problem_tree,adam,random,101,0,,1.9740764670289552,199,3.0543272090257183,1.9740764670289552,2.540972899499772e-13,0.9612312859514628,2.908872390507636,0.0296595056437841,0.0331924661627307,2474.3629087484646,31,0.5620424584804329,1.4716119202228557,0,
ising_confirmatory_22,problem_tree,adam,target_biased,0,1,54.0,0.0992930823094145,54,0.1536280726866223,0.0992930823094145,0.9717091075318506,0.9717091075318506,-3.552713678800501e-15,0.0499715718795107,0.0768445351211655,5335.712910381919,31,0.930542349877516,0.393517061525877,0,
ising_confirmatory_22,problem_tree,adam,target_biased,19,1,66.0,0.099699721398376,66,0.1542572321211288,0.099699721398376,0.9623754448702764,0.9623754448702764,-3.552713678800501e-15,0.0514803678891632,0.1138220173321511,23682.09646813618,31,0.9175829280649984,0.4332517674280643,0,
ising_confirmatory_22,problem_tree,adam,target_biased,42,1,64.0,0.097941470082952,64,0.1515368335333846,0.097941470082952,0.9682608855218112,0.9682608855218112,-3.552713678800501e-15,0.041841104210685,0.0512751146418099,1593.4457823420985,31,0.925344518987116,0.4097147683768579,0,
ising_confirmatory_22,problem_tree,adam,target_biased,50,1,56.0,0.0992911878852567,56,0.1536251415989227,0.0992911878852567,0.9730267341981352,0.9730267341981352,-3.552713678800501e-15,0.0478087526374494,0.0741667763651819,13603.392555792214,31,0.919070886737007,0.4287941880309055,0,
ising_confirmatory_22,problem_tree,adam,target_biased,101,1,53.0,0.0992537648974407,53,0.1535672400678329,0.0992537648974407,0.9704520721104336,0.9704520721104336,-3.552713678800501e-15,0.0525605857367312,0.0873307342637336,2556.24562381648,31,0.9178031819782568,0.4325934717057053,0,
ising_confirmatory_22,problem_tree,exact_natural,target_biased,0,1,4.0,0.0274348672346373,4,0.0424477282771498,0.0274348672346373,0.9854657582513484,0.9854657582513484,-3.552713678800501e-15,0.0207235056624004,0.0318678820539714,108099056.96550338,31,0.8954556356158667,0.497122077844316,0,1.0
ising_confirmatory_22,problem_tree,exact_natural,target_biased,19,1,5.0,0.0424555649793895,5,0.0656880265060202,0.0424555649793895,0.975170346987871,0.975170346987871,-3.552713678800501e-15,0.0363308208524734,0.0803266854981314,6460455467.171913,31,0.8845523373604083,0.5273186595320098,0,1.0
ising_confirmatory_22,problem_tree,exact_natural,target_biased,42,1,5.0,0.0760526302874592,5,0.1176700203283225,0.0760526302874592,0.9338837038504908,0.9338837038504908,-3.552713678800501e-15,0.0818581457751175,0.1003148910184176,20446629403.48365,31,0.8867792014842472,0.5212044898873686,0,1.0
ising_confirmatory_22,problem_tree,exact_natural,target_biased,50,1,3.0,0.0870550969201881,3,0.1346932379006986,0.0870550969201881,0.9697036132713424,0.9697036132713424,-3.552713678800501e-15,0.0603377241866412,0.0936032472980512,2438282.575576475,31,0.912368517866447,0.4486891628692083,0,1.0
ising_confirmatory_22,problem_tree,exact_natural,target_biased,101,1,4.0,0.0908606190648893,4,0.1405812113532185,0.0908606190648893,0.9685152686001388,0.9685152686001388,-3.552713678800501e-15,0.0654551265331748,0.1087553378894845,10711644.87022329,31,0.9022820777290346,0.4778397112212248,0,1.0
ising_confirmatory_22,full,adam,random,0,0,,4.187854348990168,199,6.479524830569666,4.187854348990168,1.7291200918251923e-10,0.9764102683027964,6.43090968717431,0.0111600444816516,0.0117167442725413,8187.886865085871,40,0.6186820315343459,1.2698631050050335,0,
ising_confirmatory_22,full,adam,random,19,1,79.0,0.0990206194817335,79,0.1532065132172029,0.0990206194817335,0.9680942071261324,0.9680942071261324,-3.552713678800501e-15,0.0368844886725847,0.0404507811574853,5377.154828480497,40,0.7080424292043708,0.9973553340095852,0,
ising_confirmatory_22,full,adam,random,42,0,,2.440570384604132,199,3.776095128907397,2.440570384604132,2.4271709663424613e-12,0.9821099654552984,3.718936194713297,0.0127304915333303,0.0129619630956837,6440.416902140031,40,0.6170566109496816,1.275278067855068,0,
ising_confirmatory_22,full,adam,random,50,0,,1.9094389400136884,199,2.9543188452240905,1.9094389400136884,1.5147929557514783e-11,0.985796141974268,2.908872390507636,0.010687902768398,0.0105646963871948,11822.227169421873,40,0.6977479536434684,1.0266505905624628,0,
ising_confirmatory_22,full,adam,random,101,0,,1.911728121787173,199,2.957860709125484,1.911728121787173,2.7586691752979957e-11,0.9836360716396738,2.908872390507636,0.0113816834513868,0.0119590927512309,12683.215784889157,40,0.680832812078494,1.0757984131873135,0,
ising_confirmatory_22,full,adam,target_biased,0,1,16.0,0.0975269321558131,16,0.1508954528720067,0.0975269321558131,0.9622338745074336,0.9622338745074336,-3.552713678800501e-15,0.044733169352789,0.0463191430950416,4944.252664457346,40,0.9601013707239532,0.291273627360456,0,
ising_confirmatory_22,full,adam,target_biased,19,1,19.0,0.0989395500876426,19,0.1530810811681782,0.0989395500876426,0.952162669089892,0.952162669089892,-3.552713678800501e-15,0.0517496250465241,0.1114744579673139,28069.09329708511,40,0.9626187758213348,0.2813781735203385,0,
ising_confirmatory_22,full,adam,target_biased,42,1,20.0,0.0990110550652916,20,0.1531917149771828,0.0990110550652916,0.9513747627282062,0.9513747627282062,-3.552713678800501e-15,0.0500504607111233,0.0731475808657766,8592.42139003836,40,0.9617887055228568,0.2846704038042335,0,
ising_confirmatory_22,full,adam,target_biased,50,1,8.0,0.0898883294204494,8,0.1390768670354241,0.0898883294204494,0.9663277113040594,0.9663277113040594,-3.552713678800501e-15,0.0429623202989442,0.1207793959248052,3587.3551322556123,40,0.9539532514718846,0.3144339825392079,0,
ising_confirmatory_22,full,adam,target_biased,101,1,11.0,0.0964268285320335,11,0.1491933524280888,0.0964268285320335,0.960556487076706,0.960556487076706,-3.552713678800501e-15,0.0464798023054922,0.0609599525646263,9971.527128544882,40,0.9421624887208094,0.3557310467438301,0,
ising_confirmatory_22,full,exact_natural,target_biased,0,1,2.0,0.0486855326807846,2,0.0753271464588358,0.0486855326807846,0.9707660840952428,0.9707660840952428,-3.552713678800501e-15,0.0394961677507773,0.0408964683750935,9222698.852614911,40,0.9907584179014908,0.136903538207995,0,1.0
ising_confirmatory_22,full,exact_natural,target_biased,19,1,4.0,0.0458908584950936,4,0.0710031754535158,0.0458908584950936,0.9570118888091323,0.9570118888091323,-3.552713678800501e-15,0.0608236866491608,0.1310209976341158,65532845140.32668,40,0.9948940864682096,0.1014424664216038,0,1.0
ising_confirmatory_22,full,exact_natural,target_biased,42,1,4.0,0.0461489372416514,4,0.0714024796095849,0.0461489372416514,0.9587516658140764,0.9587516658140764,-3.552713678800501e-15,0.0576558018841058,0.0842626095899485,95817528648.16736,40,0.9969215066830978,0.0786481732074631,0,1.0
ising_confirmatory_22,full,exact_natural,target_biased,50,1,1.0,0.0611646971937515,1,0.0946351379953682,0.0611646971937515,0.9722699939286752,0.9722699939286752,-3.552713678800501e-15,0.0437201501949616,0.1229098729664827,200527.6563833395,40,0.9785743102429272,0.2104019587584894,0,1.0
ising_confirmatory_22,full,exact_natural,target_biased,101,1,2.0,0.0319303232205525,2,0.0494031799853722,0.0319303232205525,0.9824724332236618,0.9824724332236618,-3.552713678800501e-15,0.0319345476078145,0.0418833215888037,25172229.306551937,40,0.9848920508441932,0.1758257875224043,0,1.0
ising_confirmatory_23,chain,adam,random,0,0,,3.161877650510134,199,1.5951526410619437,3.161877650510134,1.6244816755372804e-09,0.984612113912136,1.5088273603103026,0.018719103030012,0.023698676901265,95.2333696499758,31,0.2784821862966732,3.4488431992296174,0,
ising_confirmatory_23,chain,adam,random,19,0,,9.896849554236544,199,4.992914796082033,9.896849554236544,6.265288376113391e-17,0.9631769828462382,4.919411073855684,0.0169086263072962,0.0224477581256729,511.0776719511842,31,0.2346566409968741,4.142556188439192,0,
ising_confirmatory_23,chain,adam,random,42,0,,7.941575746799824,199,4.006488209516068,7.941575746799824,1.477089638020389e-18,0.9798759629906496,3.937699999641193,0.0166401654648228,0.0261037088324373,280.4198003858922,31,0.2892131536360744,3.3098934538017533,0,
ising_confirmatory_23,chain,adam,random,50,0,,3.1020332460780837,199,1.5649614159944072,3.1020332460780837,9.888780959321417e-19,0.982731243379388,1.4769201584495235,0.0192967716316288,0.029453800335701,210.77292918288157,31,0.2560809558543356,3.7748036966843466,0,
ising_confirmatory_23,chain,adam,random,101,0,,8.569655336129305,199,4.323351455490933,8.569655336129305,4.933623181585415e-14,0.9703679983479934,4.251456239317985,0.0179969291344747,0.0249801508011577,1135.2015941512063,31,0.2184237031445453,4.467711218816868,0,
ising_confirmatory_23,chain,adam,target_biased,0,0,,8.074948221433239,199,4.073774005701804,8.074948221433239,8.35110479726105e-10,0.9586962623237012,3.992384617432762,0.018980656617438,0.0161938297056308,2083.040016353193,31,0.6018427235984983,1.3269490586102943,0,
ising_confirmatory_23,chain,adam,target_biased,19,0,,6.199164801643047,199,3.127449951810668,6.199164801643047,1.443313436336739e-16,0.9574538542351296,3.040189273978644,0.0211519198918773,0.0360199959929198,5995.063799070491,31,0.5085375685641436,1.6931685201851303,0,
ising_confirmatory_23,chain,adam,target_biased,42,0,,7.92277409434572,199,3.9970028628696994,7.92277409434572,5.182336167572433e-17,0.9822811690664618,3.937699999641193,0.0147395215383971,0.0265209064879663,734.0273069439357,31,0.5705845819651726,1.4392937830410208,0,
ising_confirmatory_23,chain,adam,target_biased,50,0,,6.155710900203294,199,3.105527659645162,6.155710900203294,1.4795688186551153e-15,0.9778411936511634,3.031564430286611,0.0175873775597886,0.0219768277383611,826.7695466696699,31,0.5365569068866488,1.572739309687288,0,
ising_confirmatory_23,chain,adam,target_biased,101,0,,8.53591064655712,199,4.306327415776998,8.53591064655712,2.7900908322733296e-13,0.975839866993085,4.251456239317985,0.0137027553450545,0.0232623420362701,1463.5904312778075,31,0.5351334842895946,1.5786108318010454,0,
ising_confirmatory_23,chain,exact_natural,target_biased,0,0,,1.7605917008562828,111,0.8882103648126716,1.7605917008562828,1.3890836061420726e-64,0.9999999999999688,0.8882103648126538,1.2110501354138388e-14,1.0332382094650575e-14,1.0,1,0.3353346898150536,2.8094291831547755,0,1.0
ising_confirmatory_23,chain,exact_natural,target_biased,19,0,,4.195700793058973,75,2.1167116317969814,4.195700793058973,7.784522931042503e-136,0.9999999999999972,2.116711631796978,2.6738716520078505e-15,4.553385540566906e-15,6.509228023225854,2,0.2718004180850396,3.540662847460856,0,1.0
ising_confirmatory_23,chain,exact_natural,target_biased,42,0,,4.535426205081089,175,2.2881015298645124,4.535426205081089,9.667824450675469e-154,0.9999999999883746,2.288101529861848,1.65891931842071e-12,2.984903139515404e-12,1.0,1,0.3444924971937648,2.725136478752728,0,1.0
ising_confirmatory_23,chain,exact_natural,target_biased,50,0,,2.927519737221244,60,1.4769201584495235,2.927519737221244,8.542637648331379e-125,0.9999999999999972,1.4769201584495235,1.3447737288845916e-15,1.680401781692692e-15,1.0,1,0.3545768285360255,2.637021960099048,0,1.0
ising_confirmatory_23,chain,exact_natural,target_biased,101,0,,7.42714616719858,92,3.746960867460654,7.42714616719858,1.5092830350976867e-104,0.9999999999997128,3.746960867460512,9.011678986567883e-14,1.5298584381590832e-13,1.0,1,0.3136908863548246,3.0269453160154094,0,1.0
ising_confirmatory_23,random_tree,adam,random,0,0,,0.2537976334481399,199,0.128039731462966,0.2537976334481399,0.9721007280222794,0.9721007280222794,-3.552713678800501e-15,0.0240649931622587,0.0235476039109803,4178.872478695282,31,0.5409641645784911,1.5547160006064655,0,
ising_confirmatory_23,random_tree,adam,random,19,0,,3.5828922935208327,199,1.8075525799450676,3.5828922935208327,2.1629903299651e-14,0.9720604550324368,1.6877225545858856,0.0226410162138964,0.0229343777972782,1902.5444403455376,31,0.5211556814224381,1.6376327870932192,0,
ising_confirmatory_23,random_tree,adam,random,42,0,,4.804447991607121,199,2.423821776095725,4.804447991607121,4.712702402440136e-14,0.8263615407513026,2.288101529861848,0.0267839401983202,0.0294800734758889,77277.8528513244,31,0.4547469984015683,1.958497070457828,0,
ising_confirmatory_23,random_tree,adam,random,50,0,,6.247101416487904,199,3.1516337521424127,6.247101416487904,3.1605862912439816e-19,0.9610081441652332,3.031564430286611,0.0229326821863605,0.0259674139011295,26412.698410081743,31,0.2742536549236965,3.506452407052969,0,
ising_confirmatory_23,random_tree,adam,random,101,0,,5.378753700180693,199,2.7135563481024185,5.378753700180693,9.257120947246189e-18,0.9682879999911296,2.5970843737889915,0.0207553193783046,0.0235937311397524,8369.448789430035,31,0.3657710521142592,2.5445011439849585,0,
ising_confirmatory_23,random_tree,adam,target_biased,0,0,,0.1167441909333171,199,0.0588969040171036,0.1167441909333171,0.9852564087528236,0.9852564087528236,-3.552713678800501e-15,0.0153740959642563,0.0196947490687185,992848.1166922078,31,0.833139904523717,0.6638288354594729,0,
ising_confirmatory_23,random_tree,adam,target_biased,19,0,,0.1450921341304433,199,0.0731983101617324,0.1450921341304433,0.9822755959329807,0.9822755959329807,-3.552713678800501e-15,0.0189772356093393,0.037547406161438,92078.6172725352,31,0.829815948712622,0.6724830707069253,0,
ising_confirmatory_23,random_tree,adam,target_biased,42,0,,0.1115975740777252,199,0.0563004596327338,0.1115975740777252,0.9841919376698656,0.9841919376698656,-3.552713678800501e-15,0.0149015235164794,0.0147753826159061,46206.5935220351,31,0.8500302709349032,0.6196648028769394,0,
ising_confirmatory_23,random_tree,adam,target_biased,50,0,,0.1746701648046235,199,0.0881202897455146,0.1746701648046235,0.9615825536629024,0.9615825536629024,-3.552713678800501e-15,0.0203090650774724,0.0433275505122072,1893320.972838713,31,0.8575680149970574,0.5998015048593501,0,
ising_confirmatory_23,random_tree,adam,target_biased,101,0,,0.1522714455095175,199,0.076820239525599,0.1522714455095175,0.983335260372149,0.983335260372149,-3.552713678800501e-15,0.0209400678531829,0.0320163587763844,6115453.014905148,31,0.8167600442882512,0.7064222831543843,0,
ising_confirmatory_23,random_tree,exact_natural,target_biased,0,1,7.0,0.0570755941573242,7,0.0287943730983855,0.0570755941573242,0.9800416422339124,0.9800416422339124,-3.552713678800501e-15,0.0107592576408413,0.0137829814445502,28070908728.30047,31,0.7017067126787125,1.0153329142859642,0,1.0
ising_confirmatory_23,random_tree,exact_natural,target_biased,19,1,18.0,0.0897745920163258,18,0.0452908661826292,0.0897745920163258,0.9197795758899736,0.9197795758899736,-3.552713678800501e-15,0.0494999773506932,0.0979381714401961,559122420281.2358,27,0.8480837015848859,0.6247759252846362,0,1.0
ising_confirmatory_23,random_tree,exact_natural,target_biased,42,1,12.0,0.090986036873999,12,0.0459020345065859,0.090986036873999,0.9660597716288488,0.9660597716288488,-3.552713678800501e-15,0.0173566062361961,0.0172096831421175,64796166322.38248,31,0.8721721638297852,0.560897350938792,0,1.0
ising_confirmatory_23,random_tree,exact_natural,target_biased,50,1,13.0,0.0857728615065734,13,0.0432720116610383,0.0857728615065734,0.9169652053221898,0.9169652053221898,-3.552713678800501e-15,0.0192479096083158,0.0410636714505278,309144071151.31226,20,0.7196413052327857,0.9648501445041276,0,1.0
ising_confirmatory_23,random_tree,exact_natural,target_biased,101,1,8.0,0.0755359059756375,8,0.0381075149737704,0.0755359059756375,0.9775444812151808,0.9775444812151808,-3.552713678800501e-15,0.0144163231520805,0.0220418662207501,54284669932.415535,31,0.8364133584663196,0.6552969995468723,0,1.0
ising_confirmatory_23,problem_tree,adam,random,0,0,,0.2609967118970076,199,0.1316716332220586,0.2609967118970076,0.954492837195458,0.954492837195458,-3.552713678800501e-15,0.0251100411546463,0.0246021963476516,6188.238803281748,31,0.5404249318927361,1.55690861999314,0,
ising_confirmatory_23,problem_tree,adam,random,19,0,,4.806000111141706,199,2.424604813217492,4.806000111141706,1.0845738676969675e-11,0.9577103359431864,2.327141607965629,0.0188617088781501,0.0166527328070984,2612.4380872939014,31,0.6223330264466188,1.2577712389654037,0,
ising_confirmatory_23,problem_tree,adam,random,42,0,,5.035654892171126,199,2.540464587371776,5.035654892171126,5.708863547634318e-14,0.5703374201002418,2.517456842341925,0.0396868368545639,0.0383480932868745,51046.469640887655,31,0.5480223091775454,1.5263315056093556,0,
ising_confirmatory_23,problem_tree,adam,random,50,0,,5.376943917913393,199,2.712643321324496,5.376943917913393,6.619543135955343e-14,0.918566113361167,2.5970843737889915,0.0218852041002935,0.0196874061541542,5241.161035740705,31,0.5747659724949441,1.423740918574474,0,
ising_confirmatory_23,problem_tree,adam,random,101,0,,5.389335443211169,199,2.7188947884874786,5.389335443211169,1.348940320659861e-12,0.9011259909384192,2.5970843737889915,0.0232744018548301,0.0234190281421408,7849.1421048919665,31,0.5869170507919491,1.3794914756390464,0,
ising_confirmatory_23,problem_tree,adam,target_biased,0,0,,2.533235078262208,199,1.2780053728102878,2.533235078262208,1.1722733046504433e-06,0.98886431831487,1.2577277722560822,0.0043606436114868,0.0181796460509576,110848.64567383337,31,0.8844292115962378,0.5276559911055266,0,
ising_confirmatory_23,problem_tree,adam,target_biased,19,0,,4.651683792770994,199,2.346752944797384,4.651683792770994,1.5259708862919314e-10,0.9898361795145688,2.327141607965629,0.0047421697924124,0.0119642067910781,16331.237297508344,31,0.886522059182214,0.52191180547671,0,
ising_confirmatory_23,problem_tree,adam,target_biased,42,0,,5.181882241316639,199,2.614235608254674,5.181882241316639,2.616847465958629e-11,0.9828735053732148,2.5970843737889915,0.0037920586826619,0.0090760269082055,24890.662275187457,31,0.8751771003836704,0.5528054720632839,0,
ising_confirmatory_23,problem_tree,adam,target_biased,50,0,,5.185263699391303,199,2.6159415382034723,5.185263699391303,1.8074557094894104e-13,0.9840088599067952,2.5970843737889915,0.0042866811036056,0.012838455824774,35057.09546609595,31,0.8433070866098028,0.6372909837599243,0,
ising_confirmatory_23,problem_tree,adam,target_biased,101,0,,5.181432971216775,199,2.614008953568579,5.181432971216775,4.700097683857689e-12,0.9852423908280796,2.5970843737889915,0.0037168525121623,0.011637947706882,45532.83562665324,31,0.8551157280771767,0.6062771922053025,0,
ising_confirmatory_23,problem_tree,exact_natural,target_biased,0,1,14.0,0.09071564320867,14,0.0457656221538478,0.09071564320867,0.9099216025313202,0.9099216025313202,-3.552713678800501e-15,0.0254327414618591,0.1060298155676377,328054763313.3356,19,0.8651492366537474,0.5796855425002159,0,1.0
ising_confirmatory_23,problem_tree,exact_natural,target_biased,19,0,,2.493041249569261,97,1.2577277722574642,2.493041249569261,1.291520686882083e-46,0.9999999999950776,1.2577277722560822,9.936698039581974e-13,2.506968652962764e-12,1.0,1,0.7387576313948673,0.912303520412175,0,1.0
ising_confirmatory_23,problem_tree,exact_natural,target_biased,42,0,,2.927519737221251,59,1.476920158449527,2.927519737221251,3.228458717960289e-108,0.9999999999999932,1.4769201584495235,4.096177032306314e-15,9.803912881403094e-15,25.509275166567395,2,0.8256809876475997,0.6832388298916506,0,1.0
ising_confirmatory_23,problem_tree,exact_natural,target_biased,50,0,,1.1304821341909914,117,0.5703230046669141,1.1304821341909914,2.4344434517467844e-174,0.9999999999996014,0.57032300466674,8.932142820314028e-14,2.67514466897789e-13,1.0,1,0.6627727854366879,1.129829979436769,0,1.0
ising_confirmatory_23,problem_tree,exact_natural,target_biased,101,0,,1.1304821341909703,127,0.5703230046669034,1.1304821341909703,5.969281220432446e-150,0.9999999999996284,0.57032300466674,8.328871790115955e-14,2.607877876064389e-13,1.0,1,0.675737910706053,1.090869630017753,0,1.0
ising_confirmatory_23,full,adam,random,0,0,,1.8689058957759277,199,0.9428543748561004,1.8689058957759277,3.550537111199933e-07,0.9847731513415832,0.8882103648126538,0.0124381258631451,0.0117739369725457,4372.697410289895,40,0.5979966267369404,1.3403062525968863,0,
ising_confirmatory_23,full,adam,random,19,0,,1.5684986725171954,199,0.7913003210495155,1.5684986725171954,5.511917801512267e-13,0.9872777748580416,0.7359161971227195,0.0127985497051117,0.0123415259996886,3677.633656054656,40,0.6487933030273488,1.1728923221314926,0,
ising_confirmatory_23,full,adam,random,42,0,,4.624675592313227,199,2.333127432664241,4.624675592313227,2.305301975360697e-11,0.9732549346377332,2.288101529861848,0.0109449038634426,0.0108117352370512,13253.27922366504,40,0.6215588521177707,1.2603271074368807,0,
ising_confirmatory_23,full,adam,random,50,0,,5.262181160937958,199,2.654746041568785,5.262181160937958,2.962389696402111e-13,0.9455656135930172,2.5970843737889915,0.013416415476301,0.0139029418389524,31290.98111734101,40,0.5662155481091277,1.4557304469827637,0,
ising_confirmatory_23,full,adam,random,101,0,,5.6116160068213485,199,2.831034304082685,5.6116160068213485,5.938512971221663e-13,0.9804534523404972,2.784480643607626,0.0109877790099932,0.0105088308252172,7361.245553936069,40,0.5754348014794647,1.421269020225355,0,
ising_confirmatory_23,full,adam,target_biased,0,1,32.0,0.096224482066292,32,0.0485448058618267,0.096224482066292,0.9742332357589764,0.9742332357589764,-3.552713678800501e-15,0.0160124758183921,0.0369760017051663,104590.25362239148,40,0.9266901485271356,0.4055576165490844,0,
ising_confirmatory_23,full,adam,target_biased,19,0,,1.4716699866449954,199,0.7424506971639495,1.4716699866449954,4.156503117850328e-09,0.9979773018233888,0.7359161971227195,0.001612240929363,0.0051535138237544,318512.425853562,40,0.8909858975197085,0.5095826778479945,0,
ising_confirmatory_23,full,adam,target_biased,42,1,28.0,0.0980177726355767,28,0.0494495126544265,0.0980177726355767,0.9607626258647406,0.9607626258647406,-3.552713678800501e-15,0.0165684482476704,0.0524407396662678,17606.745686576596,40,0.9515368774246544,0.3231978428517653,0,
ising_confirmatory_23,full,adam,target_biased,50,0,,1.291548355821193,199,0.6515801680419209,1.291548355821193,0.0001519048462648,0.9963046791470797,0.6443280363340094,0.0019967117278614,0.0075630289994674,103214.0390372276,40,0.9001099544751336,0.4840106384561363,0,
ising_confirmatory_23,full,adam,target_biased,101,1,37.0,0.0996883914245365,37,0.0502923321015948,0.0996883914245365,0.9720731790206054,0.9720731790206054,-3.552713678800501e-15,0.0174818329926576,0.0441414710079288,56322.88063897716,40,0.930016422714227,0.3951736275895428,0,
ising_confirmatory_23,full,exact_natural,target_biased,0,1,8.0,0.0983769756272814,8,0.0496307289012989,0.0983769756272814,0.9304916976551272,0.9304916976551272,-3.552713678800501e-15,0.0300000412016999,0.0692760811763335,71026586565.22871,40,0.9983559236776164,0.0574132338219939,0,1.0
ising_confirmatory_23,full,exact_natural,target_biased,19,1,12.0,0.0655101683731907,12,0.0330495767538785,0.0655101683731907,0.9508781492144598,0.9508781492144598,-3.552713678800501e-15,0.0338053837671898,0.1080586092243167,880747351521.5907,37,0.9883639308239548,0.1538984328619646,0,1.0
ising_confirmatory_23,full,exact_natural,target_biased,42,1,11.0,0.0797831022332444,11,0.0402502058291034,0.0797831022332444,0.9329877824960928,0.9329877824960928,-3.552713678800501e-15,0.0249646366333107,0.0790154872068033,463843266093.2776,37,0.9851225325273985,0.1744487699097111,0,1.0
ising_confirmatory_23,full,exact_natural,target_biased,50,1,15.0,0.0962416349479093,15,0.0485534594112166,0.0962416349479093,0.924533470659456,0.924533470659456,-3.552713678800501e-15,0.0294595731761391,0.1115852644796685,330442782518.0393,35,0.9802080495239396,0.2019674787136325,0,1.0
ising_confirmatory_23,full,exact_natural,target_biased,101,1,10.0,0.090773066791548,10,0.0457945920856452,0.090773066791548,0.9339599937918802,0.9339599937918802,-3.552713678800501e-15,0.0318578378457563,0.0804407539091665,372284503526.0299,39,0.994080320419955,0.1092946610174784,0,1.0
ising_confirmatory_24,chain,adam,random,0,0,,31.158147666715458,199,4.934138519750054,31.158147666715458,2.0116702803948772e-20,0.984946842725678,4.8686054459061445,0.0144402271367294,0.0211514951600983,117.45256235248682,31,0.3485956827734842,2.6887114371293466,0,
ising_confirmatory_24,chain,adam,random,19,0,,22.618238656685,199,3.581776548420013,22.618238656685,6.251970630933416e-11,0.5559424032155188,1.5413289812223103,0.6739893445022423,1.099574671893632,12973.902640107195,31,0.2902129209723942,3.2974482894082078,0,
ising_confirmatory_24,chain,adam,random,42,0,,15.410849302473546,199,2.4404295781236875,15.410849302473546,2.5429173314236138e-17,0.9805746628200246,2.365522701327496,0.0157977557684622,0.0213132494244371,369.4176864441899,31,0.421100816500735,2.153911373403496,0,
ising_confirmatory_24,chain,adam,random,50,0,,23.137300869190128,199,3.663974145153407,23.137300869190128,5.0597837800130057e-17,0.9838083968871396,3.593377114455283,0.0158100630852635,0.0207490820800047,146.4304294937079,31,0.3326548803567782,2.834915980690806,0,
ising_confirmatory_24,chain,adam,random,101,0,,33.29468946212543,199,5.272476770295343,33.29468946212543,1.4573822878574388e-15,0.9785136249645864,5.204353629416413,0.0151539682236965,0.0198233776747251,425.19885505227353,31,0.2330475532414558,4.172819352503218,0,
ising_confirmatory_24,chain,adam,target_biased,0,0,,26.571902993363157,199,4.207870490410183,26.571902993363157,6.492147614965676e-19,0.983264874568628,4.152914142040554,0.0128485605270425,0.020247641254236,821.7375108844359,31,0.6735345247960659,1.097428174940915,0,
ising_confirmatory_24,chain,adam,target_biased,19,0,,19.91056705795856,199,3.1529953873248324,19.91056705795856,2.2446446875408132e-08,0.9759588515790948,3.0930570612141786,0.0143837483212216,0.0256338205103043,580.7300956345679,31,0.6721567962501921,1.1015418396248873,0,
ising_confirmatory_24,chain,adam,target_biased,42,0,,14.886876813171378,199,2.3574544003175646,14.886876813171378,1.2721874319880198e-16,0.9822669395741002,2.3104864106787737,0.0106968116090385,0.0147555976604704,9278.589403962034,31,0.5726535490948633,1.4315767081809312,0,
ising_confirmatory_24,chain,adam,target_biased,50,0,,9.488420554799475,199,1.502566258168052,9.488420554799475,7.554237954606199e-15,0.9757010233435616,1.445256033422531,0.0140783683184408,0.0219727524440455,6368.768039808541,31,0.6670995742910892,1.116727682717303,0,
ising_confirmatory_24,chain,adam,target_biased,101,0,,10.080306242092224,199,1.5962960267088064,10.080306242092224,2.2192495572760234e-09,0.981251219399669,1.5395698308782748,0.0132822631846898,0.0218227339133521,1575.7923401032724,31,0.6751476966813811,1.0926240033599004,0,
ising_confirmatory_24,chain,exact_natural,target_biased,0,0,,14.937826601727313,71,2.365522701327496,14.937826601727313,4.634329467268811e-137,0.999999999999998,2.365522701327496,9.145711017360326e-16,1.4412437510387117e-15,1.0,1,0.4803829906799269,1.8257491249200333,0,0.9930555555555556
ising_confirmatory_24,chain,exact_natural,target_biased,19,0,,9.60267130868125,199,1.5206587664797944,9.60267130868125,6.839423278642654e-40,0.7714735005345609,1.51505691563122,0.0031047861257404,0.0055331564827709,378216450594.0526,9,0.5153602618777711,1.6628632283141038,0,1.0
ising_confirmatory_24,chain,exact_natural,target_biased,42,0,,14.937826601727288,73,2.3655227013274924,14.937826601727288,1.2031006938645779e-127,0.9999999999999984,2.365522701327496,6.921078607732139e-16,9.547204816236094e-16,1.0,1,0.4831526505344633,1.812131486395112,0,1.0
ising_confirmatory_24,chain,exact_natural,target_biased,50,0,,9.126517369818735,76,1.4452560334225275,9.126517369818735,2.4302908118722287e-102,0.9999999999999958,1.445256033422531,1.0767003487311853e-15,1.6804554110222357e-15,1.142857142857143,2,0.4709474743236047,1.8731627223243343,0,0.9837662337662336
ising_confirmatory_24,chain,exact_natural,target_biased,101,0,,9.721758772398784,199,1.5395172059555051,9.721758772398784,9.108104015271395e-47,0.997853175656733,1.5395698308782748,3.772569601371687e-05,6.198324896560632e-05,564763420858.1223,6,0.5108246886918326,1.68293531014739,0,1.0
ising_confirmatory_24,random_tree,adam,random,0,0,,8.364224656851109,199,1.3245409678605178,8.364224656851109,1.172410965408962e-16,0.9719799811720304,1.2003619374066652,0.0255593180510168,0.026218831914626,1246.580224654261,31,0.6356761722502158,1.214385349118234,0,
ising_confirmatory_24,random_tree,adam,random,19,0,,9.110163107465713,199,1.4426662069443523,9.110163107465713,4.769332549698345e-09,0.9726294036321594,1.3354817806448374,0.0210586541898216,0.024159267513743,860.5954590588846,31,0.5554800204790612,1.496957320984297,0,
ising_confirmatory_24,random_tree,adam,random,42,0,,5.94496236158023,199,0.9414316955071236,5.94496236158023,3.902885451465518e-16,0.9684912208281506,0.8171637134670675,0.0264174894360237,0.0269967804803488,3406.40022776064,31,0.5869740565651256,1.379287095569263,0,
ising_confirmatory_24,random_tree,adam,random,50,0,,10.209856498057796,199,1.6168113318880692,10.209856498057796,2.3092961444926165e-13,0.9179431212004566,1.445256033422531,0.0382837977618509,0.0381943451738632,16958.129111789403,31,0.4731618122956526,1.861890616652291,0,
ising_confirmatory_24,random_tree,adam,random,101,0,,9.25396803920329,199,1.4654388525010198,9.25396803920329,6.874451067239626e-09,0.953417137081455,1.3354817806448374,0.0265362839026856,0.0314424331492019,4867.27879601318,31,0.5473716747572411,1.5289238861369376,0,
ising_confirmatory_24,random_tree,adam,target_biased,0,0,,11.486440727357936,199,1.8189685168039096,11.486440727357936,1.054268661562568e-13,0.9899894862803128,1.7904441337304142,0.0071923965365776,0.019162014232323,20684.734519923884,31,0.8372059942401445,0.653229519862802,0,
ising_confirmatory_24,random_tree,adam,target_biased,19,0,,15.971658352489955,199,2.5292381159581225,15.971658352489955,2.3531225581147287e-10,0.9910902668700216,2.507105144319315,0.0053263871499701,0.0104647690004945,918.9068719713084,31,0.9051739442587567,0.4695686733421284,0,
ising_confirmatory_24,random_tree,adam,target_biased,42,0,,9.720507709219964,199,1.5393190902302931,9.720507709219964,3.9116766199285766e-08,0.991821014605348,1.51505691563122,0.0052257575292109,0.0142908936739531,11308.408193201283,31,0.8085066522118322,0.7278691349170753,0,
ising_confirmatory_24,random_tree,adam,target_biased,50,0,,15.994582647829477,199,2.532868358997046,15.994582647829477,6.744873667579736e-14,0.991718236302077,2.507105144319315,0.0060440837416502,0.0145204360855839,1757.49453223587,31,0.9100310561506594,0.4555230020881635,0,
ising_confirmatory_24,random_tree,adam,target_biased,101,0,,19.83835964669107,199,3.1415607740366056,19.83835964669107,7.803010116569164e-16,0.9919847942454167,3.122003010020432,0.0046107527371268,0.0153927768602485,21371.642197767404,31,0.8914657376690804,0.508250731708907,0,
ising_confirmatory_24,random_tree,exact_natural,target_biased,0,0,,8.433313811726618,188,1.3354817806461377,8.433313811726618,3.4953301252009568e-87,0.9999999999927592,1.3354817806448374,1.3221330496718188e-12,3.522432639245417e-12,90737.39131345802,2,0.7244140999865648,0.9516174225760468,0,1.0
ising_confirmatory_24,random_tree,exact_natural,target_biased,19,0,,8.433313811729624,165,1.3354817806466135,8.433313811729624,1.1570079289527797e-89,0.9999999999900862,1.3354817806448374,1.8087083987132373e-12,3.553574880844772e-12,95246.42666723412,2,0.729048757948655,0.9388422353266294,0,1.0
ising_confirmatory_24,random_tree,exact_natural,target_biased,42,0,,9.56729668447176,113,1.5150569156316394,9.56729668447176,8.597117517975792e-94,0.999999999998482,1.51505691563122,2.6012089547481255e-13,7.113533375447761e-13,1.0,1,0.7128248734062163,0.9838911304382318,0,1.0
ising_confirmatory_24,random_tree,exact_natural,target_biased,50,0,,8.433313811733193,148,1.3354817806471786,8.433313811733193,1.6045026277214917e-109,0.9999999999869704,1.3354817806448374,2.3743066400116357e-12,5.704085066904487e-12,187697.09606683848,3,0.7227690111311493,0.9561695052380657,0,1.0
ising_confirmatory_24,random_tree,exact_natural,target_biased,101,0,,8.433313811730029,164,1.3354817806466777,8.433313811730029,6.007645261493373e-99,0.9999999999897516,1.3354817806448374,1.870782785782966e-12,6.245518599094065e-12,156034.09175943898,3,0.7251883304878162,0.9494782796562132,0,1.0
ising_confirmatory_24,problem_tree,adam,random,0,0,,3.561187893103192,199,0.5639422005242807,3.561187893103192,3.5295236287189034e-16,0.9684694554779216,0.453461187116325,0.0220239136857559,0.0212041924239068,1530.685813034046,31,0.6497260325251313,1.1699830678013083,0,
ising_confirmatory_24,problem_tree,adam,random,19,0,,0.7142769854321216,199,0.1131113962643048,0.7142769854321216,0.975021246731727,0.975021246731727,0.0,0.021540203909214,0.0210506355286301,847.1015228538295,31,0.5598882997167347,1.4798810721804625,0,
ising_confirmatory_24,problem_tree,adam,random,42,0,,8.263352913767262,199,1.3085671314685676,8.263352913767262,1.0438856522777992e-12,0.9622198152414808,1.2003619374066652,0.0216314489027141,0.0205130432057498,2113.39157672587,31,0.561785251927728,1.4725966889975874,0,
ising_confirmatory_24,problem_tree,adam,random,50,0,,14.34383359006432,199,2.271459221345996,14.34383359006432,1.1039384361771728e-10,0.885842279834605,2.2159836279368363,0.0363327642679733,0.0358233806848738,32388.405083166406,31,0.4781717827981814,1.8367171828989373,0,
ising_confirmatory_24,problem_tree,adam,random,101,0,,9.8300384709414,199,1.5566641505428684,9.8300384709414,1.0221506246684947e-08,0.9585988542694583,1.445256033422531,0.0228376612049668,0.0252058053152474,4847.234692611613,31,0.4999038876224261,1.7324948027509726,0,
ising_confirmatory_24,problem_tree,adam,target_biased,0,0,,3.0176140082478597,199,0.4778629870779696,3.0176140082478597,8.278931672383784e-14,0.988673124440156,0.453461187116325,0.0055493715907393,0.0138939602477537,47161.43054741636,31,0.912242855166162,0.4490578527957042,0,
ising_confirmatory_24,problem_tree,adam,target_biased,19,0,,1.105118226306312,199,0.1750041904808341,1.105118226306312,4.2162245824974926e-05,0.9937068382577212,0.1583578899660018,0.0035668868039533,0.0064544225693918,3445.93486716264,31,0.9203359503066246,0.424984811644348,0,
ising_confirmatory_24,problem_tree,adam,target_biased,42,0,,3.0228183422545247,199,0.4786871344299435,3.0228183422545247,9.637093211323872e-12,0.9891360462155768,0.453461187116325,0.0059930850141759,0.0137734299914001,9529.05827733993,31,0.9150704929103936,0.4407244380862712,0,
ising_confirmatory_24,problem_tree,adam,target_biased,50,0,,2.997502490072031,199,0.4746781694956326,2.997502490072031,1.1252774097822185e-12,0.9904682338963114,0.453461187116325,0.0046790643548723,0.0132631168025526,9169.178132417672,31,0.9188459957041382,0.4294694834496265,0,
ising_confirmatory_24,problem_tree,adam,target_biased,101,0,,3.004143389051936,199,0.4757298082455676,3.004143389051936,2.2358266345544507e-13,0.9924480344128116,0.453461187116325,0.0060457796653261,0.0119480250908186,93731.28325626692,31,0.898699094596628,0.4880006842983913,0,
ising_confirmatory_24,problem_tree,exact_natural,target_biased,0,0,,1.0000000000025129,111,0.1583578899663962,1.0000000000025129,7.12440059348922e-41,0.9999999999986636,0.1583578899660018,5.66598748337789e-13,1.418593142864901e-12,1.0,1,0.9744183654356772,0.2306419364050996,0,1.0
ising_confirmatory_24,problem_tree,exact_natural,target_biased,19,1,58.0,0.0910102863112906,58,0.0144121969054573,0.0910102863112906,0.9089897359160052,0.9089897359160052,0.0,0.0105226012027237,0.0190410625356255,677711330261.9878,7,0.8969770808798456,0.4928521111991787,0,1.0
ising_confirmatory_24,problem_tree,exact_natural,target_biased,42,0,,1.0000000000026472,107,0.1583578899664175,1.0000000000026472,1.1101103695105111e-40,0.9999999999985842,0.1583578899660018,6.003046891661247e-13,1.3796324581047434e-12,1.0,1,0.9738211987004612,0.2334261776767494,0,1.0
ising_confirmatory_24,problem_tree,exact_natural,target_biased,50,0,,1.0000000000027145,106,0.1583578899664282,1.0000000000027145,5.590151472691548e-43,0.9999999999985532,0.1583578899660018,6.150983051301432e-13,1.7435367516366409e-12,55601.066725501376,2,0.9740736990792876,0.232252363784432,0,1.0
ising_confirmatory_24,problem_tree,exact_natural,target_biased,101,0,,1.0000000000026248,111,0.1583578899664139,1.0000000000026248,2.783501094669325e-40,0.9999999999985948,0.1583578899660018,5.958796075489959e-13,1.1776123008476305e-12,1.0,1,0.9724924022702042,0.2395233101091815,0,1.0
ising_confirmatory_24,full,adam,random,0,0,,7.912876199139895,199,1.2530663784579623,7.912876199139895,1.5361345682820412e-14,0.9873756282164192,1.2003619374066652,0.0120000686972795,0.0106518819326217,1825.443265397861,40,0.5909391418767769,1.365142504312732,0,
ising_confirmatory_24,full,adam,random,19,0,,0.288960469564776,199,0.045759170243862,0.288960469564776,0.9899489290547296,0.9899489290547296,0.0,0.0106053947952461,0.0103849686832476,1954.5771339080795,40,0.6053461594795588,1.3148878790908416,0,
ising_confirmatory_24,full,adam,random,42,0,,9.894133629148875,199,1.566814124553641,9.894133629148875,1.5440682859967137e-07,0.9799878691633498,1.51505691563122,0.0126193503577865,0.0116597101642453,4560.205681716357,40,0.6366553921932214,1.211249360743463,0,
ising_confirmatory_24,full,adam,random,50,0,,9.389733494027622,199,1.4869383834572751,9.389733494027622,4.7688194203909065e-11,0.9850519789493052,1.445256033422531,0.0101222135460299,0.0106224967033845,16564.323121294743,40,0.5668075954625746,1.453491811314218,0,
ising_confirmatory_24,full,adam,random,101,0,,14.268705414581044,199,2.2595620819994693,14.268705414581044,4.240091643632718e-11,0.9821564621663428,2.2159836279368363,0.0112203017541596,0.013325052729328,5280.9309277012135,40,0.596726285576906,1.3447452729104246,0,
ising_confirmatory_24,full,adam,target_biased,0,0,,7.612883034587846,199,1.2055600939152775,7.612883034587846,1.4225076506681029e-12,0.99747882737731,1.2003619374066652,0.0014736899829171,0.0054017750652314,548827.0891261494,40,0.8847219326238891,0.5268538912085788,0,
ising_confirmatory_24,full,adam,target_biased,19,1,105.0,0.0995334943669958,105,0.0157619141489,0.0995334943669958,0.9945439422019162,0.9945439422019162,0.0,0.0045436671010703,0.0090371728446683,17114.635047430176,40,0.9109457855978186,0.4528547115058255,0,
ising_confirmatory_24,full,adam,target_biased,42,1,79.0,0.0995562143507167,79,0.0157655120375821,0.0995562143507167,0.9903374766969274,0.9903374766969274,0.0,0.0044895744210882,0.012672763206871,54135.550537347655,40,0.9155728335489648,0.4392356112247185,0,
ising_confirmatory_24,full,adam,target_biased,50,0,,9.1590698255937,199,1.4504109716322624,9.1590698255937,6.423056075671587e-09,0.9953011787970478,1.445256033422531,0.0014886730917426,0.0043990016057109,826653.5869076786,40,0.8721861975323257,0.560859638351228,0,
ising_confirmatory_24,full,adam,target_biased,101,1,91.0,0.099251875504488,91,0.0157173175800586,0.099251875504488,0.9898753365508584,0.9898753365508584,0.0,0.0044890566635882,0.0187745388873601,24460.4352005621,40,0.917868450053496,0.432398296868809,0,
ising_confirmatory_24,full,exact_natural,target_biased,0,1,31.0,0.0982643069923489,31,0.0155609283142794,0.0982643069923489,0.9036113646670676,0.9036113646670676,0.0,0.0121996002040549,0.0447173401135318,923093266918.5226,16,0.9474524363451702,0.337638766755552,0,1.0
ising_confirmatory_24,full,exact_natural,target_biased,19,1,7.0,0.0685160812174268,7,0.0108500620503306,0.0685160812174268,0.9783044286155288,0.9783044286155288,0.0,0.0060624050628094,0.0120578821441539,691242642996.9895,39,0.9963351536089288,0.0858497750548508,0,1.0
ising_confirmatory_24,full,exact_natural,target_biased,42,1,13.0,0.095929000901593,13,0.0151911141693226,0.095929000901593,0.932859634517678,0.932859634517678,0.0,0.0099265289371703,0.028019704962686,538704438960.4842,36,0.9735371821617084,0.2347405712125144,0,1.0
ising_confirmatory_24,full,exact_natural,target_biased,50,1,33.0,0.0899387931902113,33,0.0142425175156901,0.0899387931902113,0.9112237991235448,0.9112237991235448,0.0,0.0113470493942191,0.0335303222595404,553205605958.6477,15,0.9511030676571076,0.3247531185444731,0,1.0
ising_confirmatory_24,full,exact_natural,target_biased,101,1,16.0,0.0761160111536643,16,0.0120535709189226,0.0761160111536643,0.9502349305300978,0.9502349305300978,0.0,0.0090688172543247,0.037928427944495,707675727582.7747,36,0.958261904206818,0.2983441182528865,0,1.0
