instance_id,width,split,parameter_seed,sample_budget,method,stream_seed,success,first_success_step,minimum_gap,final_gap,final_pstar,final_dominant_probability,final_fisher_condition,final_gradient_rms_ratio,final_trap,sample_batches,total_samples,first_direction_cosine,first_direction_relative_error,first_sample_rank,maximum_sample_identity_residual,parameter_dimension,stored_metric_entries
ct_w3_i1,3,calibration,0,0,analytic_target_cooling,0,1,11.0,0.0666344283987712,0.0666344283987712,0.934312087500622,0.934312087500622,,0.22582744095596255,0,0,0,1.0,0.0,-1,0.0,49,49
ct_w3_i1,3,calibration,19,0,analytic_target_cooling,0,1,11.0,0.08107516046218244,0.08107516046218244,0.9204986983780722,0.9204986983780722,,0.4051567856930489,0,0,0,1.0,0.0,-1,0.0,49,49
ct_w3_i1,3,calibration,42,0,analytic_target_cooling,0,1,10.0,0.09898132897015799,0.09898132897015799,0.9028975760660616,0.9028975760660616,,0.21592237738984563,0,0,0,1.0,0.0,-1,0.0,49,49
ct_w3_i1,3,calibration,50,0,analytic_target_cooling,0,1,13.0,0.09761722702202746,0.09761722702202746,0.9028468735392272,0.9028468735392272,,0.36847998011132277,0,0,0,1.0,0.0,-1,0.0,49,49
ct_w3_i1,3,calibration,101,0,analytic_target_cooling,0,1,14.0,0.09112926789100406,0.09112926789100406,0.9093645422736005,0.9093645422736005,,0.4565907717581914,0,0,0,1.0,0.0,-1,0.0,49,49
ct_w3_i1,3,calibration,0,64,sampled_adam,4200857634972012624,0,,1.014305199812986,1.014305199812986,2.186096879668502e-12,0.8773680458198085,,0.011886624407328643,0,199,12736,0.12777540545392774,0.9955277743340868,40,0.0,49,98
ct_w3_i1,3,calibration,0,64,sampled_diagonal_fisher,4200857634972012624,0,,1.0006912166626023,1.0006912166626023,3.0683880848595548e-16,0.7953950174950231,,0.00157015309970936,0,199,12736,0.22575147037477458,1.0811340173244217,40,0.0,49,49
ct_w3_i1,3,calibration,0,64,sampled_two_block_fisher,4200857634972012624,1,4.0,0.09756119837491006,0.09756119837491006,0.9235486399349445,0.9235486399349445,,0.14838650821421956,0,4,256,0.5683721360996069,0.8656795230134212,40,0.0,49,697
ct_w3_i1,3,calibration,0,64,sampled_full_fisher,4200857634972012624,1,7.0,0.0791040517653201,0.0791040517653201,0.9389086367283922,0.9389086367283922,,0.11343019390830074,0,7,448,0.5414733020850885,0.9576290491781371,40,0.0,49,1225
ct_w3_i1,3,calibration,0,64,ray_plus_residual,4200857634972012624,1,8.0,0.04676638094340646,0.04676638094340646,0.9549042751757469,0.9549042751757469,,0.08717381647730427,0,8,512,0.9787764903486995,0.20937433414003104,40,0.0,49,697
ct_w3_i1,3,calibration,19,64,sampled_adam,14697661633870353367,0,,1.0164320784317464,1.0164320784317464,6.475214338630151e-15,0.9059998483003405,695675374.5915837,0.018356651778769634,1,199,12736,0.234254804454035,0.9910533104714142,40,0.0,49,98
ct_w3_i1,3,calibration,19,64,sampled_diagonal_fisher,14697661633870353367,0,,1.0001548598605634,1.0001548598605634,4.20262774361272e-21,0.9994759391157115,434014828103.1259,0.0002532921983429532,1,199,12736,0.30691488168597586,0.9868218930351488,40,0.0,49,49
ct_w3_i1,3,calibration,19,64,sampled_two_block_fisher,14697661633870353367,0,,1.0014686406452746,1.0015697985549572,3.1236919249969667e-34,0.6848453449318284,,0.003410724415675038,0,199,12736,0.3108879164778134,1.025636597893369,40,0.0,49,697
ct_w3_i1,3,calibration,19,64,sampled_full_fisher,14697661633870353367,1,8.0,0.06219928272990494,0.06219928272990494,0.945438516937654,0.945438516937654,,0.13827073605563814,0,8,512,0.6263797420138064,0.86443074677639,40,0.0,49,1225
ct_w3_i1,3,calibration,19,64,ray_plus_residual,14697661633870353367,1,9.0,0.08001191821316667,0.08001191821316667,0.9228013659548219,0.9228013659548219,,0.31725708589247353,0,9,576,0.978158018980031,0.2125041831173602,40,0.0,49,697
ct_w3_i1,3,calibration,42,64,sampled_adam,419538968690674893,1,49.0,0.09762714541766293,0.09762714541766293,0.9194212798851976,0.9194212798851976,,0.07378382985093161,0,49,3136,0.19166311636635425,0.9928455130574071,40,0.0,49,98
ct_w3_i1,3,calibration,42,64,sampled_diagonal_fisher,419538968690674893,1,3.0,0.08089060664738668,0.08089060664738668,0.9253984297131699,0.9253984297131699,,0.113224504853818,0,3,192,0.23639056726072732,1.0377847878416762,40,0.0,49,49
ct_w3_i1,3,calibration,42,64,sampled_two_block_fisher,419538968690674893,1,4.0,0.03092077073974764,0.03092077073974764,0.9758954423024752,0.9758954423024752,,0.027743915508012938,0,4,256,0.17549066542484223,1.0624243091751449,40,0.0,49,697
ct_w3_i1,3,calibration,42,64,sampled_full_fisher,419538968690674893,1,6.0,0.0976014107300518,0.0976014107300518,0.9227796476010537,0.9227796476010537,,0.18088987298424813,0,6,384,0.49951642304301286,1.0000002470136704,40,0.0,49,1225
ct_w3_i1,3,calibration,42,64,ray_plus_residual,419538968690674893,1,10.0,0.015586124968574921,0.015586124968574921,0.9848751602588086,0.9848751602588086,,0.023094060457937216,0,10,640,0.9800798779954949,0.2026403278447058,40,0.0,49,697
ct_w3_i1,3,calibration,50,64,sampled_adam,14908523422959039371,0,,1.0142352248483224,1.0142352248483224,7.730525685337142e-15,0.7322499399882729,,0.009515719759668053,0,199,12736,0.2259240171321239,0.9914837379648319,37,0.0,49,98
ct_w3_i1,3,calibration,50,64,sampled_diagonal_fisher,14908523422959039371,0,,1.0002253940272237,1.0002253940272237,1.8100325941833917e-24,0.7444575065834734,,0.00022677966528531783,0,199,12736,0.19057504314194296,1.1051658204526655,37,0.0,49,49
ct_w3_i1,3,calibration,50,64,sampled_two_block_fisher,14908523422959039371,0,,1.0003709171993247,1.0003709171993247,8.073762255012191e-22,0.7233576983904064,,0.00030540086327328315,0,199,12736,0.21115394806545942,1.0830510403147273,37,0.0,49,697
ct_w3_i1,3,calibration,50,64,sampled_full_fisher,14908523422959039371,0,,1.002711294424948,1.002711294424948,1.3347985028410624e-13,0.37592175765902747,,0.002579277351944471,0,199,12736,0.54480416497361,0.9541444702207208,37,0.0,49,1225
ct_w3_i1,3,calibration,50,64,ray_plus_residual,14908523422959039371,1,10.0,0.09324997441443372,0.09324997441443372,0.9098256689372072,0.9098256689372072,,0.28675909051587656,0,10,640,0.9782711492539966,0.21193468631726586,37,0.0,49,697
ct_w3_i1,3,calibration,101,64,sampled_adam,4511963335753330819,0,,1.0130583663702701,1.0130583663702701,1.6465706302379827e-15,0.8496734637621114,,0.011696696077687857,0,199,12736,0.21516577966803022,0.9919318967320233,36,0.0,49,98
ct_w3_i1,3,calibration,101,64,sampled_diagonal_fisher,4511963335753330819,0,,1.0001548776403801,1.0001548776403801,3.855687985372689e-29,0.9794159777466135,822490090924.302,0.00021290630710556544,1,199,12736,0.20651323732154275,1.0404102154839254,36,0.0,49,49
ct_w3_i1,3,calibration,101,64,sampled_two_block_fisher,4511963335753330819,0,,1.0004193108262385,1.0004193108262385,4.566386531652228e-18,0.38724891036477166,,0.00047310735945124943,0,199,12736,0.30578724160970355,0.991868352751276,36,0.0,49,697
ct_w3_i1,3,calibration,101,64,sampled_full_fisher,4511963335753330819,1,9.0,0.06529739873801255,0.06529739873801255,0.9468394652999094,0.9468394652999094,,0.14675792521624367,0,9,576,0.5796825523576954,0.9168614373418749,36,0.0,49,1225
ct_w3_i1,3,calibration,101,64,ray_plus_residual,4511963335753330819,1,10.0,0.06996282408929844,0.06996282408929844,0.938068936237745,0.938068936237745,,0.2751512942972926,0,10,640,0.9788072275938363,0.20921771929981342,36,0.0,49,697
ct_w3_i1,3,calibration,0,256,sampled_adam,1487403728334756843,1,51.0,0.09609527836445153,0.09609527836445153,0.9157020217414887,0.9157020217414887,,0.10517885906025005,0,51,13056,0.12777533115386402,0.9955277771891524,49,0.0,49,98
ct_w3_i1,3,calibration,0,256,sampled_diagonal_fisher,1487403728334756843,1,3.0,0.059572230983128804,0.059572230983128804,0.9423808547993506,0.9423808547993506,,0.08775443168714896,0,3,768,0.2932783021076421,1.0102570840322733,49,0.0,49,49
ct_w3_i1,3,calibration,0,256,sampled_two_block_fisher,1487403728334756843,1,5.0,0.0328739955377344,0.0328739955377344,0.9723530971124639,0.9723530971124639,,0.05469578266692922,0,5,1280,0.6968953408258162,0.718422327559286,49,0.0,49,697
ct_w3_i1,3,calibration,0,256,sampled_full_fisher,1487403728334756843,1,7.0,0.0814919846050639,0.0814919846050639,0.9329063896119466,0.9329063896119466,,0.26974553460814726,0,7,1792,0.9999999999999999,6.308654316171757e-09,49,0.0,49,1225
ct_w3_i1,3,calibration,0,256,ray_plus_residual,1487403728334756843,1,6.0,0.09924992493512796,0.09924992493512796,0.9062495193818461,0.9062495193818461,,0.2687940780457144,0,6,1536,0.9787815352630176,0.20934863591907568,49,0.0,49,697
ct_w3_i1,3,calibration,19,256,sampled_adam,2320458721164979333,0,,1.0139576121794995,1.0139576121794995,2.862789512014914e-15,0.78935732837159,,0.015649375513876393,0,199,50944,0.21295930446612407,0.9919498059398458,48,0.0,49,98
ct_w3_i1,3,calibration,19,256,sampled_diagonal_fisher,2320458721164979333,0,,1.0000355438085737,1.0000355438085737,4.105690493607376e-30,0.8449106410369333,,5.358317447864201e-05,0,199,50944,0.3729827638674638,0.9511367686682589,48,0.0,49,49
ct_w3_i1,3,calibration,19,256,sampled_two_block_fisher,2320458721164979333,1,7.0,0.058818177987665976,0.058818177987665976,0.948212950873031,0.948212950873031,,0.10261285968998328,0,7,1792,0.4904314157359868,0.8829312094236582,48,0.0,49,697
ct_w3_i1,3,calibration,19,256,sampled_full_fisher,2320458721164979333,1,8.0,0.05385342093669365,0.05385342093669365,0.9545641986865674,0.9545641986865674,,0.1984694448938598,0,8,2048,0.921954416005147,0.39508374807084307,48,0.0,49,1225
ct_w3_i1,3,calibration,19,256,ray_plus_residual,2320458721164979333,1,7.0,0.06025116322616775,0.06025116322616775,0.9423101128004343,0.9423101128004343,,0.18588919999584502,0,7,1792,0.9792335675419238,0.20703471769569345,48,0.0,49,697
ct_w3_i1,3,calibration,42,256,sampled_adam,14362848659160179700,0,,1.0117573923743208,1.0117573923743208,9.15784012988591e-06,0.9907002255206061,97899659.17545643,0.008811455027291915,1,199,50944,0.1703671108925346,0.9937404083519986,47,0.0,49,98
ct_w3_i1,3,calibration,42,256,sampled_diagonal_fisher,14362848659160179700,1,3.0,0.06148938451002728,0.06148938451002728,0.9423453328672245,0.9423453328672245,,0.06946884517099708,0,3,768,0.30030240929701996,1.00302319104737,47,0.0,49,49
ct_w3_i1,3,calibration,42,256,sampled_two_block_fisher,14362848659160179700,1,4.0,0.033560909352480905,0.033560909352480905,0.9690025806131314,0.9690025806131314,,0.03935666432937466,0,4,1024,0.3883566021996721,0.9258566684042008,47,0.0,49,697
ct_w3_i1,3,calibration,42,256,sampled_full_fisher,14362848659160179700,1,7.0,0.07353623273660226,0.07353623273660226,0.9401733711211627,0.9401733711211627,,0.15487434288129806,0,7,1792,0.7934920924671504,0.6426630649614922,47,0.0,49,1225
ct_w3_i1,3,calibration,42,256,ray_plus_residual,14362848659160179700,1,8.0,0.0720662860617498,0.0720662860617498,0.9333782311371563,0.9333782311371563,,0.14512034605666965,0,8,2048,0.9793390618936948,0.2064914333758691,47,0.0,49,697
ct_w3_i1,3,calibration,50,256,sampled_adam,5495670537373802616,0,,1.012715066192273,1.012715066192273,1.157043061958959e-15,0.9640882533406538,445139623.5311051,0.008711983644204713,1,199,50944,0.12777531547055615,0.9955277775501274,48,0.0,49,98
ct_w3_i1,3,calibration,50,256,sampled_diagonal_fisher,5495670537373802616,0,,1.0000963717111517,1.0000963717111517,1.0961435594481604e-26,0.826062631393472,,7.53499003363626e-05,0,199,50944,0.2589600761528451,1.0918522171041045,48,0.0,49,49
ct_w3_i1,3,calibration,50,256,sampled_two_block_fisher,5495670537373802616,0,,1.0000939952100136,1.0000939952100136,1.7587599108395798e-23,0.5587986776283553,,8.597565008159057e-05,0,199,50944,0.5632157229894479,0.8274215993612726,48,0.0,49,697
ct_w3_i1,3,calibration,50,256,sampled_full_fisher,5495670537373802616,1,9.0,0.044015230885637635,0.044015230885637635,0.9606325650827943,0.9606325650827943,,0.12717413700903352,0,9,2304,0.953550903778719,0.3047920478663474,48,0.0,49,1225
ct_w3_i1,3,calibration,50,256,ray_plus_residual,5495670537373802616,1,11.0,0.01609465349448236,0.01609465349448236,0.9842071504766325,0.9842071504766325,,0.03977942264843616,0,11,2816,0.97775945894741,0.21450004281587923,48,0.0,49,697
ct_w3_i1,3,calibration,101,256,sampled_adam,10311287363227687916,0,,1.0115848953899675,1.0115848953899675,1.6220572930994435e-16,0.9345816498157424,7805339897.830708,0.010735954879934458,1,199,50944,0.1490716525645497,0.9946344777281394,45,0.0,49,98
ct_w3_i1,3,calibration,101,256,sampled_diagonal_fisher,10311287363227687916,0,,1.0000284201538445,1.0000284201538445,6.254047396880655e-28,0.7991871844445654,,4.015198615968199e-05,0,199,50944,0.33616792128380263,0.9818672485915785,45,0.0,49,49
ct_w3_i1,3,calibration,101,256,sampled_two_block_fisher,10311287363227687916,1,6.0,0.05889077325672787,0.05889077325672787,0.948927629065265,0.948927629065265,,0.1972468901584762,0,6,1536,0.5196822829613841,0.8695905296611012,45,0.0,49,697
ct_w3_i1,3,calibration,101,256,sampled_full_fisher,10311287363227687916,1,9.0,0.06280114794057212,0.06280114794057212,0.9449570578780875,0.9449570578780875,,0.2402559409522479,0,9,2304,0.7678430621619785,0.6814058083668226,45,0.0,49,1225
ct_w3_i1,3,calibration,101,256,ray_plus_residual,10311287363227687916,1,8.0,0.08031653930382632,0.08031653930382632,0.921947914712413,0.921947914712413,,0.3089071378015843,0,8,2048,0.9784219832727825,0.2111733090674549,45,0.0,49,697
ct_w3_i1,3,calibration,0,1024,sampled_adam,16821916582050233909,1,49.0,0.09818645313845842,0.09818645313845842,0.9130583541114934,0.9130583541114934,,0.11031264328031987,0,49,50176,0.21295881571368272,0.9919498222001779,49,0.0,49,98
ct_w3_i1,3,calibration,0,1024,sampled_diagonal_fisher,16821916582050233909,0,,1.000017285261821,1.000017285261821,6.179970073876209e-24,0.6286503311835165,,1.9014612261095997e-05,0,199,203776,0.29473616805263136,0.9977032727749079,49,0.0,49,49
ct_w3_i1,3,calibration,0,1024,sampled_two_block_fisher,16821916582050233909,1,5.0,0.06785727672502517,0.06785727672502517,0.9377957909934193,0.9377957909934193,,0.17860614222789178,0,5,5120,0.6878240079802163,0.7401547691070978,49,0.0,49,697
ct_w3_i1,3,calibration,0,1024,sampled_full_fisher,16821916582050233909,1,8.0,0.04649276584340356,0.04649276584340356,0.9573821243305548,0.9573821243305548,,0.15258032381700332,0,8,8192,0.9999999999999999,2.4488172137119875e-09,49,0.0,49,1225
ct_w3_i1,3,calibration,0,1024,ray_plus_residual,16821916582050233909,1,8.0,0.06187136507703883,0.06187136507703883,0.940665462230256,0.940665462230256,,0.19318837844650075,0,8,8192,0.9784281293561299,0.21114223424346978,49,0.0,49,697
ct_w3_i1,3,calibration,19,1024,sampled_adam,5824722746864609930,0,,1.0123604744877515,1.0123604744877515,4.467142249221259e-16,0.9688764506206088,1423704638.054385,0.014108903438634666,1,199,203776,0.2555506603802554,0.9901559918812843,49,0.0,49,98
ct_w3_i1,3,calibration,19,1024,sampled_diagonal_fisher,5824722746864609930,0,,1.0000302581400433,1.0000302581400433,4.191926429098473e-29,0.6478398738502138,,4.8969136374955055e-05,0,199,203776,0.3823918390723453,0.940063802367925,49,0.0,49,49
ct_w3_i1,3,calibration,19,1024,sampled_two_block_fisher,5824722746864609930,1,7.0,0.020719655745628174,0.020719655745628174,0.98065956188293,0.98065956188293,,0.04453981753362624,0,7,7168,0.43174718576607773,0.9089566087005609,49,0.0,49,697
ct_w3_i1,3,calibration,19,1024,sampled_full_fisher,5824722746864609930,1,8.0,0.06734533229063544,0.06734533229063544,0.9404388682230496,0.9404388682230496,,0.324296832704681,0,8,8192,0.9999999999999999,1.0360451150836474e-08,49,0.0,49,1225
ct_w3_i1,3,calibration,19,1024,ray_plus_residual,5824722746864609930,1,7.0,0.07380512766509995,0.07380512766509995,0.9295656612128064,0.9295656612128064,,0.2303319194602219,0,7,7168,0.9787741332164103,0.20938634015949797,49,0.0,49,697
ct_w3_i1,3,calibration,42,1024,sampled_adam,13474555248759750866,0,,1.01072274140693,1.01072274140693,3.355216711898252e-07,0.9917236877095686,146476760.6346383,0.008340979888523965,1,199,203776,0.27684651880939287,0.9892578594197623,49,0.0,49,98
ct_w3_i1,3,calibration,42,1024,sampled_diagonal_fisher,13474555248759750866,1,6.0,0.0053058150778539925,0.0053058150778539925,0.994927217154108,0.994927217154108,,0.007956489931219432,0,6,6144,0.313017321863633,1.0321079162952629,49,0.0,49,49
ct_w3_i1,3,calibration,42,1024,sampled_two_block_fisher,13474555248759750866,1,4.0,0.06484560196481581,0.06484560196481581,0.9420001355454773,0.9420001355454773,,0.11765825753900358,0,4,4096,0.45431758461149757,0.8917165254662448,49,0.0,49,697
ct_w3_i1,3,calibration,42,1024,sampled_full_fisher,13474555248759750866,1,7.0,0.09688809478209848,0.09688809478209848,0.9093050784285889,0.9093050784285889,,0.21512751883804856,0,7,7168,0.9999999999999999,2.377837652395731e-09,49,0.0,49,1225
ct_w3_i1,3,calibration,42,1024,ray_plus_residual,13474555248759750866,1,7.0,0.07906195628381418,0.07906195628381418,0.923614014102992,0.923614014102992,,0.14350925809757778,0,7,7168,0.9795034897490341,0.20564213792098013,49,0.0,49,697
ct_w3_i1,3,calibration,50,1024,sampled_adam,11259307126705107991,0,,1.0114273164904706,1.0114273164904706,2.887002134359655e-16,0.9656464646814559,662017779.3645889,0.007745028318867542,1,199,203776,0.23425473114529144,0.9910533130455311,48,0.0,49,98
ct_w3_i1,3,calibration,50,1024,sampled_diagonal_fisher,11259307126705107991,0,,1.000013311304702,1.000013311304702,1.0867278321843851e-30,0.8539719362733506,,1.970748639557472e-05,0,199,203776,0.24048385003225398,1.1171383080225048,48,0.0,49,49
ct_w3_i1,3,calibration,50,1024,sampled_two_block_fisher,11259307126705107991,0,,1.0000256953877589,1.0000256953877589,8.943586826879532e-29,0.6190319772707654,,2.6066944719967695e-05,0,199,203776,0.4916356368913111,0.874046734323505,48,0.0,49,697
ct_w3_i1,3,calibration,50,1024,sampled_full_fisher,11259307126705107991,1,9.0,0.062920499812682,0.062920499812682,0.941193483566534,0.941193483566534,,0.21102917203887006,0,9,9216,0.9535508417518602,0.3047922513717814,48,0.0,49,1225
ct_w3_i1,3,calibration,50,1024,ray_plus_residual,11259307126705107991,1,11.0,0.05274659833793649,0.05274659833793649,0.9474545991414335,0.9474545991414335,,0.20508588034382938,0,11,11264,0.9780703046507215,0.21294482359508918,48,0.0,49,697
ct_w3_i1,3,calibration,101,1024,sampled_adam,880714170207861392,0,,1.0103921378487755,1.0103921378487755,1.110392317426365e-16,0.83078948556947,,0.009611781913800112,0,199,203776,0.31943827869689384,0.987459142423678,48,0.0,49,98
ct_w3_i1,3,calibration,101,1024,sampled_diagonal_fisher,880714170207861392,0,,1.0000119879558973,1.0000119879558973,3.845785895074639e-32,0.8470584301983188,,1.432419122537868e-05,0,199,203776,0.2985046586107686,0.9943446303343623,48,0.0,49,49
ct_w3_i1,3,calibration,101,1024,sampled_two_block_fisher,880714170207861392,0,,1.0000932919739434,1.0000932919739434,2.9304739547468106e-22,0.4256744336108087,,0.0001795618119029183,0,199,203776,0.5815276836334661,0.8142730833045536,48,0.0,49,697
ct_w3_i1,3,calibration,101,1024,sampled_full_fisher,880714170207861392,1,10.0,0.046869684132294864,0.046869684132294864,0.9549609551455983,0.9549609551455983,,0.2190697350044523,0,10,10240,0.9219544595188711,0.3950836379328525,48,0.0,49,1225
ct_w3_i1,3,calibration,101,1024,ray_plus_residual,880714170207861392,1,9.0,0.08653688301351536,0.08653688301351536,0.9144356021610316,0.9144356021610316,,0.4275107998139225,0,9,9216,0.9789915761196624,0.20827625192554974,48,0.0,49,697
ct_w3_i1,3,calibration,0,4096,sampled_adam,4713557951386956388,1,61.0,0.091178206624285,0.091178206624285,0.9171854676923634,0.9171854676923634,,0.11509491095462382,0,61,249856,0.19166297586971595,0.9928455181194538,49,0.0,49,98
ct_w3_i1,3,calibration,0,4096,sampled_diagonal_fisher,4713557951386956388,0,,1.000004430207948,1.000004430207948,1.9412368139684937e-25,0.5058840800279114,,4.79595156580385e-06,0,199,815104,0.3270979630744209,0.9740757675780589,49,0.0,49,49
ct_w3_i1,3,calibration,0,4096,sampled_two_block_fisher,4713557951386956388,1,5.0,0.026880069423295794,0.026880069423295794,0.9749567124708739,0.9749567124708739,,0.04977039489547468,0,5,20480,0.7492640476511113,0.6910722581154528,49,0.0,49,697
ct_w3_i1,3,calibration,0,4096,sampled_full_fisher,4713557951386956388,1,8.0,0.07561191959041302,0.07561191959041302,0.9268149091728813,0.9268149091728813,,0.2525349223685884,0,8,32768,0.9999999999999999,1.5572098456856158e-09,49,0.0,49,1225
ct_w3_i1,3,calibration,0,4096,ray_plus_residual,4713557951386956388,1,6.0,0.08967885606661596,0.08967885606661596,0.9147918129838745,0.9147918129838745,,0.24749228572476914,0,6,24576,0.9783840835951745,0.2113648432141822,49,0.0,49,697
ct_w3_i1,3,calibration,19,4096,sampled_adam,4162753281432147283,0,,1.0120379262366317,1.0120379262366317,5.011858054945135e-16,0.9765864969187574,1318948783.1232407,0.013706629821151523,1,199,815104,0.3194380893670147,0.9874591541016674,49,0.0,49,98
ct_w3_i1,3,calibration,19,4096,sampled_diagonal_fisher,4162753281432147283,0,,1.0000033743447645,1.0000033743447645,6.793344885324722e-36,0.6625096094723025,,4.857313538063045e-06,0,199,815104,0.39456206732863736,0.9273247055595879,49,0.0,49,49
ct_w3_i1,3,calibration,19,4096,sampled_two_block_fisher,4162753281432147283,1,7.0,0.023215608674789223,0.023215608674789223,0.9785422984732338,0.9785422984732338,,0.06823246567780744,0,7,28672,0.4581494520654293,0.8931809412330753,49,0.0,49,697
ct_w3_i1,3,calibration,19,4096,sampled_full_fisher,4162753281432147283,1,9.0,0.04709959571870037,0.04709959571870037,0.9543855590825558,0.9543855590825558,,0.24424456552570437,0,9,36864,0.9999999999999999,4.018227053166861e-09,49,0.0,49,1225
ct_w3_i1,3,calibration,19,4096,ray_plus_residual,4162753281432147283,1,7.0,0.0484311746632855,0.0484311746632855,0.9532440832914009,0.9532440832914009,,0.16179317526577175,0,7,28672,0.978993533584209,0.2082662351849377,49,0.0,49,697
ct_w3_i1,3,calibration,42,4096,sampled_adam,14923239500281315325,0,,1.010169010780439,1.010169010780439,7.609340430604823e-07,0.9922705671118011,144296337.76751745,0.008198066815740944,1,199,815104,0.23425463649807748,0.9910533231782247,49,0.0,49,98
ct_w3_i1,3,calibration,42,4096,sampled_diagonal_fisher,14923239500281315325,1,5.0,0.006547279110829862,0.006547279110829862,0.9934867840286412,0.9934867840286412,,0.008857701078456147,0,5,20480,0.3356708673561528,0.9934855312487996,49,0.0,49,49
ct_w3_i1,3,calibration,42,4096,sampled_two_block_fisher,14923239500281315325,1,4.0,0.055282462229454765,0.055282462229454765,0.9486693661832915,0.9486693661832915,,0.09955773757510557,0,4,16384,0.5254289938983013,0.8521226599337097,49,0.0,49,697
ct_w3_i1,3,calibration,42,4096,sampled_full_fisher,14923239500281315325,1,8.0,0.0674777072908288,0.0674777072908288,0.9354111120805453,0.9354111120805453,,0.15031294613360358,0,8,32768,1.0,1.7927115942344198e-09,49,0.0,49,1225
ct_w3_i1,3,calibration,42,4096,ray_plus_residual,14923239500281315325,1,7.0,0.0683624792503501,0.0683624792503501,0.9333771524260451,0.9333771524260451,,0.11978859432507255,0,7,28672,0.979275486187258,0.20681899113471006,49,0.0,49,697
ct_w3_i1,3,calibration,50,4096,sampled_adam,16422874265189268121,0,,1.0118155761375718,1.0118155761375718,2.9581031470417155e-16,0.966256721629929,524171099.99653506,0.00811437717113882,1,199,815104,0.21295884894082098,0.9919498206069728,49,0.0,49,98
ct_w3_i1,3,calibration,50,4096,sampled_diagonal_fisher,16422874265189268121,0,,1.000006025783767,1.000006025783767,4.9653447767644724e-33,0.8255599681819814,,5.316099974042176e-06,0,199,815104,0.25343628575840954,1.088631574172349,49,0.0,49,49
ct_w3_i1,3,calibration,50,4096,sampled_two_block_fisher,16422874265189268121,0,,1.000015109396978,1.000015109396978,9.251158469280142e-28,0.6252521533102436,,1.5625383163731097e-05,0,199,815104,0.5199215418198889,0.8542418780842294,49,0.0,49,697
ct_w3_i1,3,calibration,50,4096,sampled_full_fisher,16422874265189268121,1,9.0,0.09650491096695468,0.09650491096695468,0.9048368914892736,0.9048368914892736,,0.36200186830180614,0,9,36864,1.0,4.604332080749057e-09,49,0.0,49,1225
ct_w3_i1,3,calibration,50,4096,ray_plus_residual,16422874265189268121,1,11.0,0.059391310715165346,0.059391310715165346,0.9415123239569997,0.9415123239569997,,0.23046131387985103,0,11,45056,0.9781228297082231,0.21268105486818692,49,0.0,49,697
ct_w3_i1,3,calibration,101,4096,sampled_adam,18025147527040657085,0,,1.0108237988330586,1.0108237988330586,8.929886154431477e-17,0.9046889086342715,15474521698.927174,0.00998443384728204,1,199,815104,0.23425477150751672,0.9910533112445209,49,0.0,49,98
ct_w3_i1,3,calibration,101,4096,sampled_diagonal_fisher,18025147527040657085,0,,1.0000024956580518,1.0000024956580518,3.415793066921069e-39,0.9157500067499409,863653239743.9617,3.216000745874185e-06,1,199,815104,0.295320462461405,1.0005393684930852,49,0.0,49,49
ct_w3_i1,3,calibration,101,4096,sampled_two_block_fisher,18025147527040657085,0,,1.0000473622392754,1.0000473622392754,7.760865783236173e-24,0.4814469941999746,,0.00010196809539930885,0,199,815104,0.5923162362504597,0.8061535454183338,49,0.0,49,697
ct_w3_i1,3,calibration,101,4096,sampled_full_fisher,18025147527040657085,1,10.0,0.06781441794946019,0.06781441794946019,0.934171295444482,0.934171295444482,,0.3436617263431128,0,10,40960,0.9999999999999999,8.981536449169358e-09,49,0.0,49,1225
ct_w3_i1,3,calibration,101,4096,ray_plus_residual,18025147527040657085,1,9.0,0.08796406084995567,0.08796406084995567,0.9126477230712267,0.9126477230712267,,0.45264519363188777,0,9,36864,0.9787424411063074,0.2095477050842702,49,0.0,49,697
ct_w3_i2,3,evaluation,0,0,analytic_target_cooling,0,1,9.0,0.08899985701765978,0.08899985701765978,0.913066469349523,0.913066469349523,,0.2181913586903779,0,0,0,1.0,0.0,-1,0.0,47,47
ct_w3_i2,3,evaluation,19,0,analytic_target_cooling,0,1,15.0,0.08344205521778747,0.08344205521778747,0.9168222289643649,0.9168222289643649,,0.5482381269862681,0,0,0,1.0,0.0,-1,0.0,47,47
ct_w3_i2,3,evaluation,42,0,analytic_target_cooling,0,1,10.0,0.07666216823102268,0.07666216823102268,0.9248412494075636,0.9248412494075636,,0.2725454589912578,0,0,0,1.0,0.0,-1,0.0,47,47
ct_w3_i2,3,evaluation,50,0,analytic_target_cooling,0,1,12.0,0.0651848308198737,0.0651848308198737,0.9356570395496993,0.9356570395496993,,0.2898692229839699,0,0,0,1.0,0.0,-1,0.0,47,47
ct_w3_i2,3,evaluation,101,0,analytic_target_cooling,0,1,15.0,0.06839833798558814,0.06839833798558814,0.9319468111712899,0.9319468111712899,,0.2939577367043935,0,0,0,1.0,0.0,-1,0.0,47,47
ct_w3_i2,3,evaluation,0,64,sampled_adam,6904418865426495508,1,37.0,0.09662699913606865,0.09662699913606865,0.922703157954723,0.922703157954723,,0.0959653227595138,0,37,2368,0.18641829325441395,0.9918870901898319,41,0.0,47,94
ct_w3_i2,3,evaluation,0,64,sampled_diagonal_fisher,6904418865426495508,1,5.0,0.015589961787847884,0.015589961787847884,0.9863089529471277,0.9863089529471277,,0.017902061591678963,0,5,320,0.27296959258988596,1.0491342160470192,41,0.0,47,47
ct_w3_i2,3,evaluation,0,64,sampled_two_block_fisher,6904418865426495508,1,4.0,0.055626706948485705,0.055626706948485705,0.9520049221295098,0.9520049221295098,,0.07820992690447207,0,4,256,0.3332764542498861,1.0065434512093738,41,0.0,47,632
ct_w3_i2,3,evaluation,0,64,sampled_full_fisher,6904418865426495508,1,7.0,0.07478961452759947,0.07478961452759947,0.9434852949002323,0.9434852949002323,,0.17367292569729786,0,7,448,0.7076642956215853,0.7646380900509926,41,0.0,47,1128
ct_w3_i2,3,evaluation,0,64,ray_plus_residual,6904418865426495508,1,13.0,0.030395046004404236,0.030395046004404236,0.969786855365764,0.969786855365764,,0.10842448818342214,0,13,832,0.9792104684883072,0.2071535085273795,41,0.0,47,632
ct_w3_i2,3,evaluation,19,64,sampled_adam,9849811286045721981,0,,1.0104919822530096,1.0104919822530096,8.083652276040941e-15,0.9669298345110298,4725499.788851276,0.01587334438492743,1,199,12736,0.21304944620091962,0.9905419415992375,41,0.0,47,94
ct_w3_i2,3,evaluation,19,64,sampled_diagonal_fisher,9849811286045721981,0,,2.000243605349386,2.000243605349386,6.624920717603616e-19,0.4733745384316341,,0.0004089588241260678,0,199,12736,0.36355285564831236,0.9835680872370033,41,0.0,47,47
ct_w3_i2,3,evaluation,19,64,sampled_two_block_fisher,9849811286045721981,0,,1.000501386998959,1.000501386998959,7.044341641621003e-23,0.5191271211382554,,0.0009584522378664335,0,199,12736,0.561499644881973,0.8630199420900281,41,0.0,47,632
ct_w3_i2,3,evaluation,19,64,sampled_full_fisher,9849811286045721981,1,9.0,0.06618947435227795,0.06618947435227795,0.9470706256631755,0.9470706256631755,,0.27858440402472007,0,9,576,0.739516472513787,0.721780475610435,41,0.0,47,1128
ct_w3_i2,3,evaluation,19,64,ray_plus_residual,9849811286045721981,1,9.0,0.0997969342372933,0.0997969342372933,0.9029870128857448,0.9029870128857448,,0.4750051693120994,0,9,576,0.9797656577439605,0.20428158851970224,41,0.0,47,632
ct_w3_i2,3,evaluation,42,64,sampled_adam,4559225215343348012,0,,1.0136537765177618,1.0136537765177618,1.9959326097843058e-06,0.9110197598330237,20225668.942896254,0.0140094014481434,1,199,12736,0.18843369280102715,0.9918602047842281,43,0.0,47,94
ct_w3_i2,3,evaluation,42,64,sampled_diagonal_fisher,4559225215343348012,0,,1.0003349004205813,1.0003349004205813,1.5563887319659249e-16,0.9835858336401975,268308360645.24295,0.00047403042076008645,1,199,12736,0.2839992883113497,1.0065201174821325,43,0.0,47,47
ct_w3_i2,3,evaluation,42,64,sampled_two_block_fisher,4559225215343348012,0,,1.0005960630193904,1.0005960630193904,8.608199498169107e-13,0.5330271707348175,,0.000672968859715611,0,199,12736,0.3474664858435553,0.9965249102666549,43,0.0,47,632
ct_w3_i2,3,evaluation,42,64,sampled_full_fisher,4559225215343348012,1,7.0,0.06940683495582256,0.06940683495582256,0.9419758997718266,0.9419758997718266,,0.11504837313863979,0,7,448,0.7392082912794994,0.722207323031968,43,0.0,47,1128
ct_w3_i2,3,evaluation,42,64,ray_plus_residual,4559225215343348012,1,9.0,0.09845094063636495,0.09845094063636495,0.9042252762168654,0.9042252762168654,,0.3282054592562651,0,9,576,0.9792495841217242,0.20695231460373464,43,0.0,47,632
ct_w3_i2,3,evaluation,50,64,sampled_adam,8614888843070157587,0,,1.0126328572986463,1.0126328572986463,1.4920682887659843e-07,0.9798440981779061,37579109.452475294,0.019062096177060558,1,199,12736,0.3728365250361083,0.9824323585849469,34,0.0,47,94
ct_w3_i2,3,evaluation,50,64,sampled_diagonal_fisher,8614888843070157587,0,,1.0002979111370358,1.0002979111370358,5.00051077020269e-10,0.9691047332089957,439458537947.58685,0.0006308501038303491,1,199,12736,0.2687240091459887,1.0770628035247367,34,0.0,47,47
ct_w3_i2,3,evaluation,50,64,sampled_two_block_fisher,8614888843070157587,1,5.0,0.0496048365456776,0.0496048365456776,0.9672196906050226,0.9672196906050226,,0.09740276190896065,0,5,320,0.23585003614826797,1.097897313497002,34,0.0,47,632
ct_w3_i2,3,evaluation,50,64,sampled_full_fisher,8614888843070157587,1,7.0,0.0811024012187822,0.0811024012187822,0.934366116263703,0.934366116263703,,0.19135668746000123,0,7,448,0.4998716333471696,0.9999997407016202,34,0.0,47,1128
ct_w3_i2,3,evaluation,50,64,ray_plus_residual,8614888843070157587,1,9.0,0.0768413628591933,0.0768413628591933,0.9257476095196203,0.9257476095196203,,0.3671231354040711,0,9,576,0.9786257169861255,0.2101410888554074,34,0.0,47,632
ct_w3_i2,3,evaluation,101,64,sampled_adam,5164628756814863163,0,,1.0123150605817308,1.0123150605817308,2.996509538317737e-11,0.6430161462239874,,0.016118507896001503,0,199,12736,0.1597871120278826,0.9932304195757938,38,0.0,47,94
ct_w3_i2,3,evaluation,101,64,sampled_diagonal_fisher,5164628756814863163,1,5.0,0.018972482959270565,0.018972482959270565,0.9834761155038214,0.9834761155038214,,0.04062676468362039,0,5,320,0.14792765225927834,1.1596176380121561,38,0.0,47,47
ct_w3_i2,3,evaluation,101,64,sampled_two_block_fisher,5164628756814863163,1,7.0,0.09999293042339907,0.09999293042339907,0.914828927618321,0.914828927618321,,0.23426531048194196,0,7,448,0.039297887495792924,1.225852861669181,38,0.0,47,632
ct_w3_i2,3,evaluation,101,64,sampled_full_fisher,5164628756814863163,1,9.0,0.07368177396958941,0.07368177396958941,0.9374107550723878,0.9374107550723878,,0.18598460898465033,0,9,576,0.6161053672726645,0.8762358503591774,38,0.0,47,1128
ct_w3_i2,3,evaluation,101,64,ray_plus_residual,5164628756814863163,1,18.0,0.012581707717604473,0.012581707717604473,0.9874244513244467,0.9874244513244467,,0.08805270035468121,0,18,1152,0.978558653604463,0.21048135424296238,38,0.0,47,632
ct_w3_i2,3,evaluation,0,256,sampled_adam,10346655554568566116,1,32.0,0.09969075052429766,0.09969075052429766,0.9187408168491924,0.9187408168491924,,0.0959576141259159,0,32,8192,0.1597876865182549,0.9932303935889533,45,0.0,47,94
ct_w3_i2,3,evaluation,0,256,sampled_diagonal_fisher,10346655554568566116,1,3.0,0.0071034020220981375,0.0071034020220981375,0.9933542104816003,0.9933542104816003,,0.007802156868596854,0,3,768,0.36420908886908204,1.0204598272704335,45,0.0,47,47
ct_w3_i2,3,evaluation,0,256,sampled_two_block_fisher,10346655554568566116,1,4.0,0.022037485551845037,0.022037485551845037,0.9853769613183533,0.9853769613183533,,0.030645441298036813,0,4,1024,0.4665421797498325,0.9290631218649152,45,0.0,47,632
ct_w3_i2,3,evaluation,0,256,sampled_full_fisher,10346655554568566116,1,7.0,0.06424956871675214,0.06424956871675214,0.9430313303212619,0.9430313303212619,,0.13006152259830867,0,7,1792,0.8920949151860561,0.46455373169084324,45,0.0,47,1128
ct_w3_i2,3,evaluation,0,256,ray_plus_residual,10346655554568566116,1,6.0,0.08114584003444492,0.08114584003444492,0.9229755650665897,0.9229755650665897,,0.16069314781623487,0,6,1536,0.9779153784311869,0.2137211777096291,45,0.0,47,632
ct_w3_i2,3,evaluation,19,256,sampled_adam,18106284279717595877,0,,1.0084974251083008,1.0084974251083008,6.955715224273953e-09,0.9875785298162352,6146792.578399158,0.01297709423925923,1,199,50944,0.3728362415387186,0.9824323833902626,47,0.0,47,94
ct_w3_i2,3,evaluation,19,256,sampled_diagonal_fisher,18106284279717595877,0,,1.0002003000143311,1.0002003000143311,9.7460208573842e-10,0.9023363344165541,681005261648.3287,0.00046055858051266253,1,199,50944,0.37649876329497806,0.9327612918353517,47,0.0,47,47
ct_w3_i2,3,evaluation,19,256,sampled_two_block_fisher,18106284279717595877,0,,1.0000964375982324,1.0000964375982324,1.53013300568067e-26,0.48091326549135377,,0.00014468397246104214,0,199,50944,0.4718025338056408,0.8916423906581492,47,0.0,47,632
ct_w3_i2,3,evaluation,19,256,sampled_full_fisher,18106284279717595877,1,10.0,0.0831946158786554,0.0831946158786554,0.9290957203907866,0.9290957203907866,,0.4330757090567502,0,10,2560,1.0,2.409632477791263e-09,47,0.0,47,1128
ct_w3_i2,3,evaluation,19,256,ray_plus_residual,18106284279717595877,1,9.0,0.08227936931884905,0.08227936931884905,0.9196191589802084,0.9196191589802084,,0.4326513318170132,0,9,2304,0.9793838180119044,0.2062605651202601,47,0.0,47,632
ct_w3_i2,3,evaluation,42,256,sampled_adam,5933741188944333887,1,41.0,0.09560747326985819,0.09560747326985819,0.914142853143963,0.914142853143963,,0.1088643470443556,0,41,10496,0.1597872771093238,0.9932304118684313,47,0.0,47,94
ct_w3_i2,3,evaluation,42,256,sampled_diagonal_fisher,5933741188944333887,1,3.0,0.021364560036468916,0.021364560036468916,0.9791561793523523,0.9791561793523523,,0.031279664973011434,0,3,768,0.3184418037827069,0.9930011511188843,47,0.0,47,47
ct_w3_i2,3,evaluation,42,256,sampled_two_block_fisher,5933741188944333887,1,4.0,0.03550913134444578,0.03550913134444578,0.969821035001799,0.969821035001799,,0.05520889973769748,0,4,1024,0.6668727567861443,0.7519522017848823,47,0.0,47,632
ct_w3_i2,3,evaluation,42,256,sampled_full_fisher,5933741188944333887,1,8.0,0.053996567616142244,0.053996567616142244,0.9574500055513732,0.9574500055513732,,0.15563186063846682,0,8,2048,1.0000000000000002,2.281592378338208e-09,47,0.0,47,1128
ct_w3_i2,3,evaluation,42,256,ray_plus_residual,5933741188944333887,1,7.0,0.07983850650127167,0.07983850650127167,0.9246635162746932,0.9246635162746932,,0.2197716075625283,0,7,1792,0.9781650082670037,0.2124690376283678,47,0.0,47,632
ct_w3_i2,3,evaluation,50,256,sampled_adam,15630078816806967066,1,42.0,0.09612461967201469,0.09612461967201469,0.9157240845815172,0.9157240845815172,,0.15077188771536543,0,42,10752,0.2929429432303797,0.9864954895890158,46,0.0,47,94
ct_w3_i2,3,evaluation,50,256,sampled_diagonal_fisher,15630078816806967066,1,4.0,0.010949660742094025,0.010949660742094025,0.9893058447125678,0.9893058447125678,,0.023699860685191393,0,4,1024,0.3866905812686661,0.9309672019030546,46,0.0,47,47
ct_w3_i2,3,evaluation,50,256,sampled_two_block_fisher,15630078816806967066,1,4.0,0.0502958155666704,0.0502958155666704,0.9559369037360875,0.9559369037360875,,0.11221913378423372,0,4,1024,0.5869574175296345,0.8099859751502461,46,0.0,47,632
ct_w3_i2,3,evaluation,50,256,sampled_full_fisher,15630078816806967066,1,8.0,0.06305101555107306,0.06305101555107306,0.9518223207551636,0.9518223207551636,,0.27165329200524746,0,8,2048,0.964653059151399,0.2658832106342978,46,0.0,47,1128
ct_w3_i2,3,evaluation,50,256,ray_plus_residual,15630078816806967066,1,7.0,0.09846794645515544,0.09846794645515544,0.9062624677945074,0.9062624677945074,,0.34299058654472675,0,7,1792,0.9782283315452186,0.21215038684595855,46,0.0,47,632
ct_w3_i2,3,evaluation,101,256,sampled_adam,8742000232473688272,0,,1.0107569758772872,1.0107569758772872,6.687544656593832e-05,0.9854244995806303,9389898.110142741,0.013954156589427023,1,199,50944,0.15978716845383273,0.9932304165507172,46,0.0,47,94
ct_w3_i2,3,evaluation,101,256,sampled_diagonal_fisher,8742000232473688272,0,,1.0000543607026842,1.0000543607026842,8.71450171439915e-09,0.8141288917985847,,9.268461627932358e-05,0,199,50944,0.30529868113349795,1.045176638244952,46,0.0,47,47
ct_w3_i2,3,evaluation,101,256,sampled_two_block_fisher,8742000232473688272,1,9.0,0.03589690444299798,0.03589690444299798,0.9657477781452682,0.9657477781452682,,0.1314284927574638,0,9,2304,0.36763351371884084,0.9736516568134903,46,0.0,47,632
ct_w3_i2,3,evaluation,101,256,sampled_full_fisher,8742000232473688272,1,10.0,0.054529713790662626,0.054529713790662626,0.95279571406628,0.95279571406628,,0.22391788949843394,0,10,2560,0.8803412214393843,0.48920093736749076,46,0.0,47,1128
ct_w3_i2,3,evaluation,101,256,ray_plus_residual,8742000232473688272,1,8.0,0.08305833885517266,0.08305833885517266,0.9192465042386269,0.9192465042386269,,0.28702900421361593,0,8,2048,0.9781762277324704,0.21241261018823127,46,0.0,47,632
ct_w3_i2,3,evaluation,0,1024,sampled_adam,14350773030669756350,1,31.0,0.0990397353836272,0.0990397353836272,0.9192968757312089,0.9192968757312089,,0.09578391996701724,0,31,31744,0.10652477512565815,0.9959116406648797,47,0.0,47,94
ct_w3_i2,3,evaluation,0,1024,sampled_diagonal_fisher,14350773030669756350,1,3.0,0.006973960483772856,0.006973960483772856,0.9933196870055195,0.9933196870055195,,0.009490940599617395,0,3,3072,0.3486112168602858,1.0001873972853452,47,0.0,47,47
ct_w3_i2,3,evaluation,0,1024,sampled_two_block_fisher,14350773030669756350,1,3.0,0.0789838465510293,0.0789838465510293,0.9285862042765615,0.9285862042765615,,0.13016754208118023,0,3,3072,0.5269908441653911,0.8568087141418896,47,0.0,47,632
ct_w3_i2,3,evaluation,0,1024,sampled_full_fisher,14350773030669756350,1,7.0,0.08756725461027592,0.08756725461027592,0.9255659543169771,0.9255659543169771,,0.21559733206617362,0,7,7168,1.0000000000000002,2.1012794214163238e-09,47,0.0,47,1128
ct_w3_i2,3,evaluation,0,1024,ray_plus_residual,14350773030669756350,1,5.0,0.05495381310220537,0.05495381310220537,0.9481697801428162,0.9481697801428162,,0.10380436736538183,0,5,5120,0.97815844484242,0.21250204182164484,47,0.0,47,632
ct_w3_i2,3,evaluation,19,1024,sampled_adam,4817191207344345405,0,,1.007462732298933,1.007462732298933,6.136981193606921e-15,0.9922964530884643,1992226.4308185938,0.011481366650250305,1,199,203776,0.3462056566653057,0.9837885873042651,47,0.0,47,94
ct_w3_i2,3,evaluation,19,1024,sampled_diagonal_fisher,4817191207344345405,0,,1.0000121504420143,1.0000121504420143,1.9107547785409525e-11,0.5046533247168019,,2.8013016643149326e-05,0,199,203776,0.4526857457177729,0.8917522567718001,47,0.0,47,47
ct_w3_i2,3,evaluation,19,1024,sampled_two_block_fisher,4817191207344345405,0,,1.000067888688415,1.000067888688415,9.511924223956702e-13,0.5922743475346365,,0.0001936721047130624,0,199,203776,0.5466434840756381,0.8419169214711615,47,0.0,47,632
ct_w3_i2,3,evaluation,19,1024,sampled_full_fisher,4817191207344345405,1,11.0,0.07440482236011547,0.07440482236011547,0.929980939993735,0.929980939993735,,0.4573264142888737,0,11,11264,1.0,1.9192075857632742e-09,47,0.0,47,1128
ct_w3_i2,3,evaluation,19,1024,ray_plus_residual,4817191207344345405,1,8.0,0.09285268046287776,0.09285268046287776,0.9098489091007221,0.9098489091007221,,0.4701580828718747,0,8,8192,0.9774714181599408,0.21593247732183574,47,0.0,47,632
ct_w3_i2,3,evaluation,42,1024,sampled_adam,5299556876119562303,1,41.0,0.09727591235295563,0.09727591235295563,0.9116076957885392,0.9116076957885392,,0.11491519486246572,0,41,41984,0.21304952413092948,0.9905419377637283,47,0.0,47,94
ct_w3_i2,3,evaluation,42,1024,sampled_diagonal_fisher,5299556876119562303,1,3.0,0.018462927525446204,0.018462927525446204,0.9818568844969023,0.9818568844969023,,0.03674243232935967,0,3,3072,0.3197826573380207,0.9923079212875447,47,0.0,47,47
ct_w3_i2,3,evaluation,42,1024,sampled_two_block_fisher,5299556876119562303,1,4.0,0.033320053190765364,0.033320053190765364,0.9697969207586243,0.9697969207586243,,0.053714866177752285,0,4,4096,0.5393769711126096,0.843315548755768,47,0.0,47,632
ct_w3_i2,3,evaluation,42,1024,sampled_full_fisher,5299556876119562303,1,8.0,0.06802572970188159,0.06802572970188159,0.9392637116489352,0.9392637116489352,,0.2428809541664588,0,8,8192,1.0000000000000004,2.2175643572706947e-09,47,0.0,47,1128
ct_w3_i2,3,evaluation,42,1024,ray_plus_residual,5299556876119562303,1,5.0,0.07465574344832149,0.07465574344832149,0.9304090901186223,0.9304090901186223,,0.1495008867100827,0,5,5120,0.9779909479414147,0.21334279655341257,47,0.0,47,632
ct_w3_i2,3,evaluation,50,1024,sampled_adam,8428393354373233068,1,40.0,0.09630759671960121,0.09630759671960121,0.9158282402348773,0.9158282402348773,,0.15060646012403558,0,40,40960,0.3195742481491534,0.9851429692240907,47,0.0,47,94
ct_w3_i2,3,evaluation,50,1024,sampled_diagonal_fisher,8428393354373233068,1,4.0,0.007284481553330835,0.007284481553330835,0.9928602372797266,0.9928602372797266,,0.013497215387095722,0,4,4096,0.38880601279383914,0.9254579525357446,47,0.0,47,47
ct_w3_i2,3,evaluation,50,1024,sampled_two_block_fisher,8428393354373233068,1,5.0,0.020363396078346696,0.020363396078346696,0.9814132595257699,0.9814132595257699,,0.04348203448915052,0,5,5120,0.5568912088325464,0.8306219951928794,47,0.0,47,632
ct_w3_i2,3,evaluation,50,1024,sampled_full_fisher,8428393354373233068,1,8.0,0.09229896748146338,0.09229896748146338,0.9159120596133523,0.9159120596133523,,0.40222126150484677,0,8,8192,0.9999999999999999,4.897979025195194e-09,47,0.0,47,1128
ct_w3_i2,3,evaluation,50,1024,ray_plus_residual,8428393354373233068,1,6.0,0.07300803085434993,0.07300803085434993,0.9309563224271831,0.9309563224271831,,0.2162159524320599,0,6,6144,0.9783703420656565,0.2114342516144228,47,0.0,47,632
ct_w3_i2,3,evaluation,101,1024,sampled_adam,7218071045758421997,0,,1.0097423387707796,1.0097423387707796,0.00025588107910885853,0.5438921783416202,,0.01264056284872454,0,199,203776,0.2663124446227969,0.9878461161467913,47,0.0,47,94
ct_w3_i2,3,evaluation,101,1024,sampled_diagonal_fisher,7218071045758421997,0,,1.0000136673672007,1.0000136673672007,1.7307531900190293e-09,0.7216506399118628,,2.0299161766995056e-05,0,199,203776,0.3794421786311157,0.9572296141173713,47,0.0,47,47
ct_w3_i2,3,evaluation,101,1024,sampled_two_block_fisher,7218071045758421997,1,12.0,0.08204047303395434,0.08204047303395434,0.9202059184920341,0.9202059184920341,,0.3043778280419258,0,12,12288,0.45600817891463047,0.9083741371458519,47,0.0,47,632
ct_w3_i2,3,evaluation,101,1024,sampled_full_fisher,7218071045758421997,1,11.0,0.057135532649263965,0.057135532649263965,0.9467119514626501,0.9467119514626501,,0.22999305887005156,0,11,11264,1.0,3.5834638042460706e-09,47,0.0,47,1128
ct_w3_i2,3,evaluation,101,1024,ray_plus_residual,7218071045758421997,1,7.0,0.06167250230340393,0.06167250230340393,0.9403476803679433,0.9403476803679433,,0.19797757559804002,0,7,7168,0.978107073139095,0.2127602105967206,47,0.0,47,632
ct_w3_i2,3,evaluation,0,4096,sampled_adam,10612731113902184855,1,31.0,0.09649307020341702,0.09649307020341702,0.9220565212832992,0.9220565212832992,,0.09272799085716187,0,31,126976,0.15978710784670858,0.993230419768671,47,0.0,47,94
ct_w3_i2,3,evaluation,0,4096,sampled_diagonal_fisher,10612731113902184855,1,3.0,0.008865652206953456,0.008865652206953456,0.9914158488178031,0.9914158488178031,,0.013041554394180862,0,3,12288,0.33985462370529973,0.9958502607865715,47,0.0,47,47
ct_w3_i2,3,evaluation,0,4096,sampled_two_block_fisher,10612731113902184855,1,3.0,0.06290480065710646,0.06290480065710646,0.9426461994242761,0.9426461994242761,,0.10237119869772751,0,3,12288,0.4928091694684008,0.8815807880254279,47,0.0,47,632
ct_w3_i2,3,evaluation,0,4096,sampled_full_fisher,10612731113902184855,1,8.0,0.07293201154557138,0.07293201154557138,0.9311963502282259,0.9311963502282259,,0.1829198548431571,0,8,32768,0.9999999999999999,2.3896617993440304e-09,47,0.0,47,1128
ct_w3_i2,3,evaluation,0,4096,ray_plus_residual,10612731113902184855,1,5.0,0.06100171417233291,0.06100171417233291,0.9424781565267515,0.9424781565267515,,0.11475348271519156,0,5,20480,0.9781473499741395,0.2125578222455261,47,0.0,47,632
ct_w3_i2,3,evaluation,19,4096,sampled_adam,9674015490057376427,0,,1.0074609213060484,1.0074609213060484,1.3058841383237399e-15,0.9920435791039605,2811205.5535771656,0.011772158638300109,1,199,815104,0.37283651504866316,0.9824323646805597,47,0.0,47,94
ct_w3_i2,3,evaluation,19,4096,sampled_diagonal_fisher,9674015490057376427,0,,1.0000039017091407,1.0000039017091407,2.135120790515791e-32,0.9071318683298968,875558577417.6365,7.0175350312089315e-06,1,199,815104,0.45398050093476217,0.8911291741090004,47,0.0,47,47
ct_w3_i2,3,evaluation,19,4096,sampled_two_block_fisher,9674015490057376427,0,,1.0000108335433602,1.0000108335433602,2.9599370922009905e-20,0.5862109295562544,,3.704499348261768e-05,0,199,815104,0.5748868385218563,0.8189604049981828,47,0.0,47,632
ct_w3_i2,3,evaluation,19,4096,sampled_full_fisher,9674015490057376427,1,12.0,0.04660273715882646,0.04660273715882646,0.9544141344237024,0.9544141344237024,,0.3106709278385573,0,12,49152,1.0,1.498613542909655e-09,47,0.0,47,1128
ct_w3_i2,3,evaluation,19,4096,ray_plus_residual,9674015490057376427,1,8.0,0.09027386348636668,0.09027386348636668,0.9117926215903484,0.9117926215903484,,0.5005495594865278,0,8,32768,0.9784846587181159,0.21085623243427107,47,0.0,47,632
ct_w3_i2,3,evaluation,42,4096,sampled_adam,4615615222888025718,1,39.0,0.09898389918682682,0.09898389918682682,0.9106162475731373,0.9106162475731373,,0.11561935006426277,0,39,159744,0.15978717149175817,0.9932304166365521,47,0.0,47,94
ct_w3_i2,3,evaluation,42,4096,sampled_diagonal_fisher,4615615222888025718,1,3.0,0.06359078841880539,0.06359078841880539,0.9393656847712057,0.9393656847712057,,0.12279799730670733,0,3,12288,0.358742278249558,0.9485346885448034,47,0.0,47,47
ct_w3_i2,3,evaluation,42,4096,sampled_two_block_fisher,4615615222888025718,1,4.0,0.09727042272616337,0.09727042272616337,0.9126076491388704,0.9126076491388704,,0.19728556310533135,0,4,16384,0.6178446589179615,0.7882882154262683,47,0.0,47,632
ct_w3_i2,3,evaluation,42,4096,sampled_full_fisher,4615615222888025718,1,9.0,0.04716507361368727,0.04716507361368727,0.9555743080261141,0.9555743080261141,,0.17495627487758367,0,9,36864,1.0,1.56655934148561e-09,47,0.0,47,1128
ct_w3_i2,3,evaluation,42,4096,ray_plus_residual,4615615222888025718,1,5.0,0.07671848925103397,0.07671848925103397,0.928998727976189,0.928998727976189,,0.166960710185179,0,5,20480,0.9776002028496159,0.21529304918017228,47,0.0,47,632
ct_w3_i2,3,evaluation,50,4096,sampled_adam,3378604413019962486,1,39.0,0.09813375895322096,0.09813375895322096,0.91387895726609,0.91387895726609,,0.15489895789236327,0,39,159744,0.39946773207127967,0.9810742437557162,47,0.0,47,94
ct_w3_i2,3,evaluation,50,4096,sampled_diagonal_fisher,3378604413019962486,1,3.0,0.07568844031853672,0.07568844031853672,0.9291499197649542,0.9291499197649542,,0.15853448708311735,0,3,12288,0.41593894347206356,0.9155355503049005,47,0.0,47,47
ct_w3_i2,3,evaluation,50,4096,sampled_two_block_fisher,3378604413019962486,1,4.0,0.08063815619015102,0.08063815619015102,0.9267849024061937,0.9267849024061937,,0.173234964160489,0,4,16384,0.5147665255523594,0.8581938674645753,47,0.0,47,632
ct_w3_i2,3,evaluation,50,4096,sampled_full_fisher,3378604413019962486,1,9.0,0.0986533493037065,0.0986533493037065,0.9055466364233458,0.9055466364233458,,0.42929747534042023,0,9,36864,1.0000000000000002,4.037541428401293e-09,47,0.0,47,1128
ct_w3_i2,3,evaluation,50,4096,ray_plus_residual,3378604413019962486,1,6.0,0.08067565678888045,0.08067565678888045,0.9237989961564756,0.9237989961564756,,0.23669811520328318,0,6,24576,0.9784786119270866,0.21088684142146896,47,0.0,47,632
ct_w3_i2,3,evaluation,101,4096,sampled_adam,520277141019916912,0,,1.0092098693130769,1.0092098693130769,2.8119966050209475e-07,0.9900120474418165,18378477.98729924,0.014267012270919564,1,199,815104,0.29294302028738345,0.9864954857146608,47,0.0,47,94
ct_w3_i2,3,evaluation,101,4096,sampled_diagonal_fisher,520277141019916912,0,,1.0000032741444649,1.0000032741444649,2.306989510651997e-08,0.7062967744012906,,4.763845308215282e-06,0,199,815104,0.38631447920116246,0.9593815426790973,47,0.0,47,47
ct_w3_i2,3,evaluation,101,4096,sampled_two_block_fisher,520277141019916912,1,10.0,0.0972436708272717,0.0972436708272717,0.9057005976447093,0.9057005976447093,,0.3433508069803085,0,10,40960,0.46463218887090457,0.8995282263956629,47,0.0,47,632
ct_w3_i2,3,evaluation,101,4096,sampled_full_fisher,520277141019916912,1,12.0,0.04078229252433374,0.04078229252433374,0.9601427727590071,0.9601427727590071,,0.18034302161696322,0,12,49152,1.0,4.057486476175532e-09,47,0.0,47,1128
ct_w3_i2,3,evaluation,101,4096,ray_plus_residual,520277141019916912,1,7.0,0.049469030458253016,0.049469030458253016,0.9520543826603008,0.9520543826603008,,0.15854030600598004,0,7,28672,0.9785436920465473,0.21055720052944665,47,0.0,47,632
ct_w3_i3,3,evaluation,0,0,analytic_target_cooling,0,1,12.0,0.08356371929051676,0.08356371929051676,0.9166558603157415,0.9166558603157415,,0.2545512260041842,0,0,0,1.0,0.0,-1,0.0,47,47
ct_w3_i3,3,evaluation,19,0,analytic_target_cooling,0,1,12.0,0.07859838161206589,0.07859838161206589,0.9219496140772402,0.9219496140772402,,0.36573127146995515,0,0,0,1.0,0.0,-1,0.0,47,47
ct_w3_i3,3,evaluation,42,0,analytic_target_cooling,0,1,11.0,0.09257332036897026,0.09257332036897026,0.9084922912602952,0.9084922912602952,,0.5413584386793657,0,0,0,1.0,0.0,-1,0.0,47,47
ct_w3_i3,3,evaluation,50,0,analytic_target_cooling,0,1,13.0,0.09763678427203537,0.09763678427203537,0.9027825720537114,0.9027825720537114,,0.4811734915795126,0,0,0,1.0,0.0,-1,0.0,47,47
ct_w3_i3,3,evaluation,101,0,analytic_target_cooling,0,1,11.0,0.09513496070441185,0.09513496070441185,0.9066181033474339,0.9066181033474339,,0.4987146308619951,0,0,0,1.0,0.0,-1,0.0,47,47
ct_w3_i3,3,evaluation,0,64,sampled_adam,2656863106541558751,0,,1.0100404560598761,1.0100404560598761,7.197607864294994e-07,0.9568372762152217,425688220.77578723,0.007967721694190919,1,199,12736,0.21582067592524828,0.9912481840713877,44,0.0,47,94
ct_w3_i3,3,evaluation,0,64,sampled_diagonal_fisher,2656863106541558751,0,,1.0002894647382572,1.0002894647382572,2.7257028712735942e-09,0.7870072498691006,,0.0005266588087853385,0,199,12736,0.28862018322669425,1.1927948832664446,44,0.0,47,47
ct_w3_i3,3,evaluation,0,64,sampled_two_block_fisher,2656863106541558751,0,,1.0005385132150746,1.0005385132150746,5.717756411479682e-06,0.384668331209092,,0.0006024996861763297,0,199,12736,0.5249885694184593,0.8992094612648103,44,0.0,47,632
ct_w3_i3,3,evaluation,0,64,sampled_full_fisher,2656863106541558751,1,8.0,0.08337248535311836,0.08337248535311836,0.9355362791590631,0.9355362791590631,,0.12019178351899093,0,8,512,0.8341791325832243,0.575883438582454,44,0.0,47,1128
ct_w3_i3,3,evaluation,0,64,ray_plus_residual,2656863106541558751,1,9.0,0.04719483071731645,0.04719483071731645,0.9545503236111424,0.9545503236111424,,0.12765404660391083,0,9,576,0.9808953954442322,0.19832483504385337,44,0.0,47,632
ct_w3_i3,3,evaluation,19,64,sampled_adam,749347334577915869,0,,1.0099696795522544,1.0099696795522544,3.7481879252467747e-06,0.9484873767139043,513862526.9243039,0.011608547797899917,1,199,12736,0.19184045964700983,0.9923382164026624,36,0.0,47,94
ct_w3_i3,3,evaluation,19,64,sampled_diagonal_fisher,749347334577915869,0,,1.000126571684243,1.000126571684243,2.1348952527004686e-12,0.7880139285906298,,0.0002086036195512953,0,199,12736,0.2189694517643704,1.0948113466546445,36,0.0,47,47
ct_w3_i3,3,evaluation,19,64,sampled_two_block_fisher,749347334577915869,1,6.0,0.056811541178444,0.056811541178444,0.9583348310647485,0.9583348310647485,,0.1343396446450565,0,6,384,0.37213660734943427,0.9609384935027743,36,0.0,47,632
ct_w3_i3,3,evaluation,19,64,sampled_full_fisher,749347334577915869,1,9.0,0.06096851246581281,0.06096851246581281,0.9564193161091112,0.9564193161091112,,0.1562960204808102,0,9,576,0.5335339835205252,0.965884068073881,36,0.0,47,1128
ct_w3_i3,3,evaluation,19,64,ray_plus_residual,749347334577915869,1,7.0,0.07817403421405267,0.07817403421405267,0.9270240217235876,0.9270240217235876,,0.2792259840851359,0,7,448,0.9771511900902888,0.21751537845952063,36,0.0,47,632
ct_w3_i3,3,evaluation,42,64,sampled_adam,9661341444718652753,0,,1.0136075933334823,1.0136075933334823,4.033867336307872e-14,0.9871342914057729,31428768.67003265,0.016043831690514817,1,199,12736,0.2877606827163263,0.987970894630968,41,0.0,47,94
ct_w3_i3,3,evaluation,42,64,sampled_diagonal_fisher,9661341444718652753,0,,1.000261604759059,1.000261604759059,8.107621155480394e-26,0.8377247235340133,,0.000429511348717237,0,199,12736,0.3011137962546696,1.048241961001326,41,0.0,47,47
ct_w3_i3,3,evaluation,42,64,sampled_two_block_fisher,9661341444718652753,0,,1.0003373215655245,1.0003373215655245,2.79260338594079e-25,0.7260757099929703,,0.00046643771990805113,0,199,12736,0.486884353666684,0.9057371267432724,41,0.0,47,632
ct_w3_i3,3,evaluation,42,64,sampled_full_fisher,9661341444718652753,0,,1.0050738247614994,1.0051842681911989,1.0989303662553297e-18,0.15746985665300567,,0.004580055757176333,0,199,12736,0.6052111742971027,0.888581820321457,41,0.0,47,1128
ct_w3_i3,3,evaluation,42,64,ray_plus_residual,9661341444718652753,1,9.0,0.05139459473850572,0.05139459473850572,0.9502319164197497,0.9502319164197497,,0.2601396581018692,0,9,576,0.9785359714558073,0.21059633005266312,41,0.0,47,632
ct_w3_i3,3,evaluation,50,64,sampled_adam,6584796093548625458,0,,1.010729486049705,1.010729486049705,1.695399736556871e-16,0.9895674326584752,4788065.555107383,0.009846819203509766,1,199,12736,0.2328179709088839,0.9906590766622434,34,0.0,47,94
ct_w3_i3,3,evaluation,50,64,sampled_diagonal_fisher,6584796093548625458,0,,1.000344882433124,1.000344882433124,1.1748346373464319e-32,0.7779244682339291,,0.0005925375838320248,0,199,12736,0.23678265975289192,1.0758369601428075,34,0.0,47,47
ct_w3_i3,3,evaluation,50,64,sampled_two_block_fisher,6584796093548625458,0,,1.0004279779171164,1.0004279779171164,7.900129314724506e-29,0.277908758448479,,0.00035035604688055897,0,199,12736,0.18618856761925148,1.0973502322225437,34,0.0,47,632
ct_w3_i3,3,evaluation,50,64,sampled_full_fisher,6584796093548625458,0,,1.0043895719859908,1.0046858768607017,3.546849884723767e-14,0.2905391748503785,,0.01248158746295833,0,199,12736,0.49075356073387993,0.9999995454953245,34,0.0,47,1128
ct_w3_i3,3,evaluation,50,64,ray_plus_residual,6584796093548625458,1,9.0,0.04035200919440207,0.04035200919440207,0.9612965401852669,0.9612965401852669,,0.1479017504422221,0,9,576,0.9786919080819888,0.20980477688580956,34,0.0,47,632
ct_w3_i3,3,evaluation,101,64,sampled_adam,6692660829451164385,0,,1.0144056848639256,1.0144056848639256,1.8701682815597813e-16,0.9868455284642649,7185031.507744526,0.01698670500784795,1,199,12736,0.07194025208316802,0.9977704841193904,42,0.0,47,94
ct_w3_i3,3,evaluation,101,64,sampled_diagonal_fisher,6692660829451164385,0,,1.0000927151292185,1.0000927151292185,6.396750004245059e-34,0.9999020395235425,562928361195.8136,0.0001586167590963944,1,199,12736,0.24761793037489083,1.0633405263390925,42,0.0,47,47
ct_w3_i3,3,evaluation,101,64,sampled_two_block_fisher,6692660829451164385,0,,1.000603023768397,1.000603023768397,7.564543916581383e-24,0.7735595775974771,,0.0008562148278253234,0,199,12736,0.27957417726750633,1.0565601772955573,42,0.0,47,632
ct_w3_i3,3,evaluation,101,64,sampled_full_fisher,6692660829451164385,1,9.0,0.04494226397573797,0.04494226397573797,0.96564956657654,0.96564956657654,,0.07378198243586859,0,9,576,0.6682132322128712,0.8146002305267644,42,0.0,47,1128
ct_w3_i3,3,evaluation,101,64,ray_plus_residual,6692660829451164385,1,9.0,0.04204605821793628,0.04204605821793628,0.959214045967858,0.959214045967858,,0.18129952876831712,0,9,576,0.9769270978868136,0.21861717741610054,42,0.0,47,632
ct_w3_i3,3,evaluation,0,256,sampled_adam,6764762104376852672,0,,1.0077214400505508,1.0077214400505508,0.0017120282739639654,0.5888354181508773,,0.007646781374631429,0,199,50944,0.23980051190869178,0.990156966584371,47,0.0,47,94
ct_w3_i3,3,evaluation,0,256,sampled_diagonal_fisher,6764762104376852672,1,3.0,0.08594846504023401,0.08594846504023401,0.9261987612227559,0.9261987612227559,,0.16147385187869706,0,3,768,0.3289808170697818,1.1584637956623576,47,0.0,47,47
ct_w3_i3,3,evaluation,0,256,sampled_two_block_fisher,6764762104376852672,1,5.0,0.022448551722286325,0.022448551722286325,0.9804550230554547,0.9804550230554547,,0.040156349885986146,0,5,1280,0.5653160029792198,0.8398381448116722,47,0.0,47,632
ct_w3_i3,3,evaluation,0,256,sampled_full_fisher,6764762104376852672,1,8.0,0.05236725179033641,0.05236725179033641,0.9531536962414348,0.9531536962414348,,0.13790610349739588,0,8,2048,1.0000000000000002,2.6339724861922104e-09,47,0.0,47,1128
ct_w3_i3,3,evaluation,0,256,ray_plus_residual,6764762104376852672,1,8.0,0.08572969128809937,0.08572969128809937,0.9174055924417335,0.9174055924417335,,0.21784725289538853,0,8,2048,0.9807209491590578,0.19925490422992245,47,0.0,47,632
ct_w3_i3,3,evaluation,19,256,sampled_adam,8839865916969180349,0,,1.0088056229406863,1.0088056229406863,1.5358979614923948e-06,0.9650645967975738,554241790.7274134,0.010831984086146891,1,199,50944,0.21582056217524595,0.9912481883716613,47,0.0,47,94
ct_w3_i3,3,evaluation,19,256,sampled_diagonal_fisher,8839865916969180349,0,,1.0000328664370741,1.0000328664370741,5.463619999254629e-12,0.7152341904467573,,4.703362671620555e-05,0,199,50944,0.39274182120770723,0.9291312515524145,47,0.0,47,47
ct_w3_i3,3,evaluation,19,256,sampled_two_block_fisher,8839865916969180349,0,,1.0002193859587045,1.0002193859587045,9.40718009806668e-10,0.4752881082105426,,0.00042432372328838984,0,199,50944,0.6281916426434041,0.7780680150533023,47,0.0,47,632
ct_w3_i3,3,evaluation,19,256,sampled_full_fisher,8839865916969180349,1,9.0,0.04458123622462651,0.04458123622462651,0.9643368445156223,0.9643368445156223,,0.16512512920447045,0,9,2304,1.0,8.530812855380943e-09,47,0.0,47,1128
ct_w3_i3,3,evaluation,19,256,ray_plus_residual,8839865916969180349,1,7.0,0.062318096577255844,0.062318096577255844,0.9408495679238794,0.9408495679238794,,0.2352425081892165,0,7,1792,0.9784780222381764,0.21088982623212554,47,0.0,47,632
ct_w3_i3,3,evaluation,42,256,sampled_adam,11282483006822038841,0,,1.0102025298470085,1.0102025298470085,7.99110601661694e-15,0.9911885817312032,101096665.36112751,0.01206143991699013,1,199,50944,0.26378078817122685,0.9890645289205254,46,0.0,47,94
ct_w3_i3,3,evaluation,42,256,sampled_diagonal_fisher,11282483006822038841,0,,1.0000608190944167,1.0000608190944167,2.634258403388619e-21,0.39192425742403864,,0.00011768929546724279,0,199,50944,0.3256777790854692,0.9710174435239672,46,0.0,47,47
ct_w3_i3,3,evaluation,42,256,sampled_two_block_fisher,11282483006822038841,0,,1.0001452002260542,1.0001452002260542,8.924616642922134e-20,0.31647628043946086,,0.0003168883676455779,0,199,50944,0.43443852471255817,0.9142232032176265,46,0.0,47,632
ct_w3_i3,3,evaluation,42,256,sampled_full_fisher,11282483006822038841,1,9.0,0.048945646307188895,0.048945646307188895,0.9599995705774569,0.9599995705774569,,0.17801826696340842,0,9,2304,0.9041944248918088,0.4377341090392463,46,0.0,47,1128
ct_w3_i3,3,evaluation,42,256,ray_plus_residual,11282483006822038841,1,7.0,0.09311031477762732,0.09311031477762732,0.9127590877001335,0.9127590877001335,,0.38133505813577306,0,7,1792,0.97793028045631,0.21364660846402245,46,0.0,47,632
ct_w3_i3,3,evaluation,50,256,sampled_adam,18188260613220336000,0,,1.009721299752309,1.009721299752309,1.049630801227443e-16,0.9917150810608938,9765756.952126434,0.008918875015310334,1,199,50944,0.21582055355281402,0.9912481887266298,44,0.0,47,94
ct_w3_i3,3,evaluation,50,256,sampled_diagonal_fisher,18188260613220336000,0,,1.0000679350793362,1.0000679350793362,5.387269780371967e-37,0.6283490540112099,,9.411620679605369e-05,0,199,50944,0.25994335332376933,1.0071028409817273,44,0.0,47,47
ct_w3_i3,3,evaluation,50,256,sampled_two_block_fisher,18188260613220336000,0,,1.0000731941784728,1.0000731941784728,3.0705984781033348e-30,0.6058861544671521,,7.154696022783034e-05,0,199,50944,0.444033354529779,0.8996880943147615,44,0.0,47,632
ct_w3_i3,3,evaluation,50,256,sampled_full_fisher,18188260613220336000,1,9.0,0.05104048528906446,0.05104048528906446,0.9614151620183344,0.9614151620183344,,0.1911927969595554,0,9,2304,0.7725583846253108,0.6744503174803748,44,0.0,47,1128
ct_w3_i3,3,evaluation,50,256,ray_plus_residual,18188260613220336000,1,10.0,0.04821050876840971,0.04821050876840971,0.9523772812805181,0.9523772812805181,,0.2276483089523034,0,10,2560,0.9794318446142587,0.20601257401584497,44,0.0,47,632
ct_w3_i3,3,evaluation,101,256,sampled_adam,1828094651240552815,0,,1.0113039547790486,1.0113039547790486,2.8473757595251305e-18,0.9903179465247645,75261331.84239376,0.014158473288127929,1,199,50944,0.28776084581770534,0.9879708882753139,44,0.0,47,94
ct_w3_i3,3,evaluation,101,256,sampled_diagonal_fisher,1828094651240552815,0,,1.0000570975429781,1.0000570975429781,1.164260855905603e-32,0.9998678062444131,9089127680.066187,9.606803833548389e-05,1,199,50944,0.3656287982215405,0.9375892562202492,44,0.0,47,47
ct_w3_i3,3,evaluation,101,256,sampled_two_block_fisher,1828094651240552815,0,,1.000161532065981,1.000161532065981,1.8098353192523956e-16,0.9211637225805586,44471967412.81444,0.0004357489709458396,1,199,50944,0.38013493945595433,0.9412612474369937,44,0.0,47,632
ct_w3_i3,3,evaluation,101,256,sampled_full_fisher,1828094651240552815,1,8.0,0.08309207532754925,0.08309207532754925,0.9336142476010838,0.9336142476010838,,0.3678739132815108,0,8,2048,0.7275155730073091,0.7382200579673938,44,0.0,47,1128
ct_w3_i3,3,evaluation,101,256,ray_plus_residual,1828094651240552815,1,6.0,0.07879661016064432,0.07879661016064432,0.9260308762445638,0.9260308762445638,,0.3307245254558251,0,6,1536,0.9771849483587829,0.2173489802906212,44,0.0,47,632
ct_w3_i3,3,evaluation,0,1024,sampled_adam,16841052877140613966,0,,1.0073727665956351,1.0073727665956351,2.308589842410755e-06,0.6079622964426719,,0.0060420985130273455,0,199,203776,0.2637806392018175,0.9890645322487442,47,0.0,47,94
ct_w3_i3,3,evaluation,0,1024,sampled_diagonal_fisher,16841052877140613966,0,,1.0000123143396156,1.0000123143396156,2.8169558004106496e-13,0.9410108944296695,350258352882.2944,1.2296259275144352e-05,1,199,203776,0.3427442970409594,1.04509741593701,47,0.0,47,47
ct_w3_i3,3,evaluation,0,1024,sampled_two_block_fisher,16841052877140613966,1,5.0,0.07292950864570535,0.07292950864570535,0.9301646392747517,0.9301646392747517,,0.20059223684130373,0,5,5120,0.6268454923772383,0.7792137875090112,47,0.0,47,632
ct_w3_i3,3,evaluation,0,1024,sampled_full_fisher,16841052877140613966,1,8.0,0.08389066538554424,0.08389066538554424,0.9214039395306048,0.9214039395306048,,0.24397081358154368,0,8,8192,1.0,1.9426328521094814e-09,47,0.0,47,1128
ct_w3_i3,3,evaluation,0,1024,ray_plus_residual,16841052877140613966,1,7.0,0.0778489929744044,0.0778489929744044,0.9235230134919756,0.9235230134919756,,0.21094880498610996,0,7,7168,0.9806527822681245,0.1996172962596866,47,0.0,47,632
ct_w3_i3,3,evaluation,19,1024,sampled_adam,15631180892294550919,0,,1.0090126951546132,1.0090126951546132,1.4847249877054987e-06,0.9224392716017299,992541626.5087756,0.010772869456714003,1,199,203776,0.263781038283951,0.9890645177640806,47,0.0,47,94
ct_w3_i3,3,evaluation,19,1024,sampled_diagonal_fisher,15631180892294550919,0,,1.000011336624576,1.000011336624576,1.7922096909039616e-14,0.6896260635909056,,2.1880947471606265e-05,0,199,203776,0.4122998778037012,0.9221648135793437,47,0.0,47,47
ct_w3_i3,3,evaluation,19,1024,sampled_two_block_fisher,15631180892294550919,1,7.0,0.07765500240252798,0.07765500240252798,0.9253954369750351,0.9253954369750351,,0.32243422914586484,0,7,7168,0.7115739727883472,0.7080772567936099,47,0.0,47,632
ct_w3_i3,3,evaluation,19,1024,sampled_full_fisher,15631180892294550919,1,9.0,0.051515104787602795,0.051515104787602795,0.9525411194353534,0.9525411194353534,,0.22841871791226245,0,9,9216,1.0000000000000004,2.199681459632392e-09,47,0.0,47,1128
ct_w3_i3,3,evaluation,19,1024,ray_plus_residual,15631180892294550919,1,7.0,0.033892609349296166,0.033892609349296166,0.9674233842342254,0.9674233842342254,,0.12733231563361594,0,7,7168,0.9780926147525426,0.21283282215363541,47,0.0,47,632
ct_w3_i3,3,evaluation,42,1024,sampled_adam,8889694436921314089,0,,1.0093798205178999,1.0093798205178999,2.595852962062203e-15,0.9924268236829953,422266435.8735385,0.01169527574968885,1,199,203776,0.2158212622167053,0.9912481589212366,47,0.0,47,94
ct_w3_i3,3,evaluation,42,1024,sampled_diagonal_fisher,8889694436921314089,0,,1.0000155570727927,1.0000155570727927,3.263586644794481e-37,0.9799065933206899,840125444070.244,2.4599360421236103e-05,1,199,203776,0.3487214337482874,0.9423623209954921,47,0.0,47,47
ct_w3_i3,3,evaluation,42,1024,sampled_two_block_fisher,8889694436921314089,0,,1.000040252891056,1.000040252891056,1.0708709984254408e-35,0.6443413068584101,,6.644429618861545e-05,0,199,203776,0.5513883044130831,0.8346843907595327,47,0.0,47,632
ct_w3_i3,3,evaluation,42,1024,sampled_full_fisher,8889694436921314089,1,9.0,0.06874006158489543,0.06874006158489543,0.9460027811281306,0.9460027811281306,,0.3207954374262896,0,9,9216,1.0,3.2615072908937603e-09,47,0.0,47,1128
ct_w3_i3,3,evaluation,42,1024,ray_plus_residual,8889694436921314089,1,7.0,0.05379829042966122,0.05379829042966122,0.9483901936765678,0.9483901936765678,,0.2392003857611372,0,7,7168,0.9781027549216519,0.21278189940240763,47,0.0,47,632
ct_w3_i3,3,evaluation,50,1024,sampled_adam,13783019149650835714,0,,1.0088858434973922,1.0088858434973922,7.591498886062141e-17,0.9923645940671237,8962848.714235635,0.008142815344084772,1,199,203776,0.26378058453057773,0.9890645353084299,47,0.0,47,94
ct_w3_i3,3,evaluation,50,1024,sampled_diagonal_fisher,13783019149650835714,0,,1.0000083354616045,1.0000083354616045,1.031278875854025e-36,0.718021254440571,,7.767002445566897e-06,0,199,203776,0.338016437503784,0.9722333298801759,47,0.0,47,47
ct_w3_i3,3,evaluation,50,1024,sampled_two_block_fisher,13783019149650835714,0,,1.0000274436255623,1.0000274436255623,1.8852774354988864e-31,0.5042080651285131,,2.5401349522055053e-05,0,199,203776,0.5014077668480666,0.8680598713163682,47,0.0,47,632
ct_w3_i3,3,evaluation,50,1024,sampled_full_fisher,13783019149650835714,1,10.0,0.04245789875800554,0.04245789875800554,0.9599487393337363,0.9599487393337363,,0.20502981085903635,0,10,10240,1.0,5.121194508650898e-09,47,0.0,47,1128
ct_w3_i3,3,evaluation,50,1024,ray_plus_residual,13783019149650835714,1,9.0,0.09081857984525676,0.09081857984525676,0.9112223016582762,0.9112223016582762,,0.4364544149516351,0,9,9216,0.9790186549416279,0.20813764668114976,47,0.0,47,632
ct_w3_i3,3,evaluation,101,1024,sampled_adam,5000984899855051578,0,,1.0108475566064001,1.0108475566064001,8.108631593116991e-18,0.990770799601117,111326022.9516618,0.01362829761148767,1,199,203776,0.4316410059642134,0.9813834725319913,47,0.0,47,94
ct_w3_i3,3,evaluation,101,1024,sampled_diagonal_fisher,5000984899855051578,0,,1.0000141649226748,1.0000141649226748,2.984018067157958e-16,0.5428379172333352,,2.0308291543916185e-05,0,199,203776,0.39969986444377054,0.9191963579163421,47,0.0,47,47
ct_w3_i3,3,evaluation,101,1024,sampled_two_block_fisher,5000984899855051578,1,9.0,0.06549619029558329,0.06549619029558329,0.9421915954072848,0.9421915954072848,,0.31558829025840857,0,9,9216,0.4319334205502126,0.9111070035504127,47,0.0,47,632
ct_w3_i3,3,evaluation,101,1024,sampled_full_fisher,5000984899855051578,1,9.0,0.04614562897546115,0.04614562897546115,0.959152822389583,0.959152822389583,,0.22889868418105067,0,9,9216,1.0000000000000004,2.8116886318205022e-09,47,0.0,47,1128
ct_w3_i3,3,evaluation,101,1024,ray_plus_residual,5000984899855051578,1,6.0,0.04419613942656575,0.04419613942656575,0.958446901663219,0.958446901663219,,0.16580064008599937,0,6,6144,0.9771301426698803,0.2176190678074166,47,0.0,47,632
ct_w3_i3,3,evaluation,0,4096,sampled_adam,14596838455971097199,0,,1.007202878327746,1.007202878327746,2.63779532812342e-06,0.7161348191031291,,0.005886344140913828,0,199,815104,0.263780634977335,0.9890645323163412,47,0.0,47,94
ct_w3_i3,3,evaluation,0,4096,sampled_diagonal_fisher,14596838455971097199,0,,1.0000044416260732,1.0000044416260732,9.013004521478195e-15,0.9454227266068744,733554527587.2188,5.350470422734965e-06,1,199,815104,0.3525971006493053,1.0337538966530833,47,0.0,47,47
ct_w3_i3,3,evaluation,0,4096,sampled_two_block_fisher,14596838455971097199,1,5.0,0.07293275113967823,0.07293275113967823,0.9297868780221635,0.9297868780221635,,0.20463718185029348,0,5,20480,0.6684912727899407,0.7441156854892772,47,0.0,47,632
ct_w3_i3,3,evaluation,0,4096,sampled_full_fisher,14596838455971097199,1,9.0,0.06774703574074792,0.06774703574074792,0.933790304474319,0.933790304474319,,0.2077744648537768,0,9,36864,0.9999999999999998,1.9178905952641173e-09,47,0.0,47,1128
ct_w3_i3,3,evaluation,0,4096,ray_plus_residual,14596838455971097199,1,7.0,0.08533006329409787,0.08533006329409787,0.916011405241455,0.916011405241455,,0.22831348137567345,0,7,28672,0.9805137552406193,0.20035459980831632,47,0.0,47,632
ct_w3_i3,3,evaluation,19,4096,sampled_adam,4917586790167093840,0,,1.0087976784967037,1.0087976784967037,1.6399916202321451e-06,0.9646640778643565,518005962.3326701,0.010585449378598564,1,199,815104,0.2637806517429379,0.9890645321820255,47,0.0,47,94
ct_w3_i3,3,evaluation,19,4096,sampled_diagonal_fisher,4917586790167093840,0,,1.0000033922135714,1.0000033922135714,2.1397823720704377e-14,0.6701458957775722,,4.072780364320306e-06,0,199,815104,0.38731198151623714,0.930749579307446,47,0.0,47,47
ct_w3_i3,3,evaluation,19,4096,sampled_two_block_fisher,4917586790167093840,1,7.0,0.04890651175407967,0.04890651175407967,0.9537993106973092,0.9537993106973092,,0.19021881158717616,0,7,28672,0.7074580396968548,0.714575018505848,47,0.0,47,632
ct_w3_i3,3,evaluation,19,4096,sampled_full_fisher,4917586790167093840,1,9.0,0.05970686964301741,0.05970686964301741,0.943215987708215,0.943215987708215,,0.27385741244907796,0,9,36864,1.0000000000000002,2.426513437471085e-09,47,0.0,47,1128
ct_w3_i3,3,evaluation,19,4096,ray_plus_residual,4917586790167093840,1,6.0,0.08785696564568646,0.08785696564568646,0.9154259253535656,0.9154259253535656,,0.3194358908880274,0,6,24576,0.9782789652231486,0.21189529157904033,47,0.0,47,632
ct_w3_i3,3,evaluation,42,4096,sampled_adam,662423978241281641,0,,1.0089492421158255,1.0089492421158255,2.400431577819986e-15,0.9929217138794847,534722942.0064174,0.011226007742269305,1,199,815104,0.2398004355648826,0.9901569710946773,47,0.0,47,94
ct_w3_i3,3,evaluation,42,4096,sampled_diagonal_fisher,662423978241281641,0,,1.00001024954401,1.00001024954401,6.777729215982184e-35,0.9883623071999575,702862662380.9647,2.1008409051533374e-05,1,199,815104,0.36451540109287905,0.9351295341481897,47,0.0,47,47
ct_w3_i3,3,evaluation,42,4096,sampled_two_block_fisher,662423978241281641,0,,1.0000095092801722,1.0000095092801722,1.3246165845199338e-35,0.6763545980339774,,2.53079616081229e-05,0,199,815104,0.5068223774275532,0.8625109012220553,47,0.0,47,632
ct_w3_i3,3,evaluation,42,4096,sampled_full_fisher,662423978241281641,1,9.0,0.08127776385634888,0.08127776385634888,0.924980890915463,0.924980890915463,,0.4775964423083872,0,9,36864,1.0,2.7329686206439874e-09,47,0.0,47,1128
ct_w3_i3,3,evaluation,42,4096,ray_plus_residual,662423978241281641,1,6.0,0.07504682593192946,0.07504682593192946,0.929425162805203,0.929425162805203,,0.2998970449719153,0,6,24576,0.9778800276514376,0.21389798149551337,47,0.0,47,632
ct_w3_i3,3,evaluation,50,4096,sampled_adam,6773778156147827987,0,,1.0083727037006511,1.0083727037006511,4.998019396366919e-17,0.9928724487658798,9432832.716682965,0.007722884461318098,1,199,815104,0.21582051618410625,0.9912481898307766,47,0.0,47,94
ct_w3_i3,3,evaluation,50,4096,sampled_diagonal_fisher,6773778156147827987,0,,1.0000032093551106,1.0000032093551106,3.5131656207071285e-39,0.6585163560075439,,3.4560950026141007e-06,0,199,815104,0.32561801348619224,0.9804137300312363,47,0.0,47,47
ct_w3_i3,3,evaluation,50,4096,sampled_two_block_fisher,6773778156147827987,0,,1.0000105501553715,1.0000105501553715,6.350613713894392e-35,0.5095478063247143,,1.3300959929178134e-05,0,199,815104,0.4565995714242591,0.8951700551425769,47,0.0,47,632
ct_w3_i3,3,evaluation,50,4096,sampled_full_fisher,6773778156147827987,1,10.0,0.06026448437766163,0.06026448437766163,0.941081211218266,0.941081211218266,,0.30401132942430104,0,10,40960,1.0,4.296183325414045e-09,47,0.0,47,1128
ct_w3_i3,3,evaluation,50,4096,ray_plus_residual,6773778156147827987,1,9.0,0.0859570760865811,0.0859570760865811,0.9150962974545337,0.9150962974545337,,0.4237802850889612,0,9,36864,0.9788744899866468,0.20887464055690344,47,0.0,47,632
ct_w3_i3,3,evaluation,101,4096,sampled_adam,6487373610784007903,0,,1.0109555226897644,1.0109555226897644,1.7327479031731099e-18,0.9906532844530201,131689190.43876639,0.013665557495402774,1,199,815104,0.4316409454874633,0.9813834783422279,47,0.0,47,94
ct_w3_i3,3,evaluation,101,4096,sampled_diagonal_fisher,6487373610784007903,0,,1.0000063628427007,1.0000063628427007,1.9642189658312994e-38,0.9999941472879771,843333672617.8185,1.3747012577763067e-05,1,199,815104,0.39300470032446416,0.9219511846438367,47,0.0,47,47
ct_w3_i3,3,evaluation,101,4096,sampled_two_block_fisher,6487373610784007903,0,,1.0000540780217069,1.0000540780217069,3.0438762494723613e-15,0.6784860650189547,,0.00011547907305847853,0,199,815104,0.40514008061429946,0.9229922820696529,47,0.0,47,632
ct_w3_i3,3,evaluation,101,4096,sampled_full_fisher,6487373610784007903,1,9.0,0.06532070522328404,0.06532070522328404,0.938777774212142,0.938777774212142,,0.34254634013373864,0,9,36864,1.0000000000000002,2.507708973272799e-09,47,0.0,47,1128
ct_w3_i3,3,evaluation,101,4096,ray_plus_residual,6487373610784007903,1,6.0,0.04744761275964038,0.04744761275964038,0.9551351995294195,0.9551351995294195,,0.19407051973540798,0,6,24576,0.9773964830182982,0.2163037834117273,47,0.0,47,632
ct_w3_i4,3,evaluation,0,0,analytic_target_cooling,0,1,11.0,0.09557982812932941,0.09557982812932941,0.9054169083312672,0.9054169083312672,,0.452769848051647,0,0,0,1.0,0.0,-1,0.0,46,46
ct_w3_i4,3,evaluation,19,0,analytic_target_cooling,0,1,13.0,0.07489599384972045,0.07489599384972045,0.9254199615697649,0.9254199615697649,,0.33801423288272636,0,0,0,1.0,0.0,-1,0.0,46,46
ct_w3_i4,3,evaluation,42,0,analytic_target_cooling,0,1,15.0,0.06986783534422258,0.06986783534422258,0.9302427803042231,0.9302427803042231,,0.29399407954638596,0,0,0,1.0,0.0,-1,0.0,46,46
ct_w3_i4,3,evaluation,50,0,analytic_target_cooling,0,1,9.0,0.09694978344937866,0.09694978344937866,0.9061744133038944,0.9061744133038944,,0.23706508107915808,0,0,0,1.0,0.0,-1,0.0,46,46
ct_w3_i4,3,evaluation,101,0,analytic_target_cooling,0,1,10.0,0.09673671605980338,0.09673671605980338,0.9052909218146875,0.9052909218146875,,0.32382269796848157,0,0,0,1.0,0.0,-1,0.0,46,46
ct_w3_i4,3,evaluation,0,64,sampled_adam,17365687404303608196,1,62.0,0.09702559004945499,0.09702559004945499,0.91741546194823,0.91741546194823,,0.10455433441057826,0,62,3968,0.23099722237458128,0.9901576226139644,36,0.0,46,92
ct_w3_i4,3,evaluation,0,64,sampled_diagonal_fisher,17365687404303608196,1,3.0,0.019674111625120005,0.019674111625120005,0.9824377803103709,0.9824377803103709,,0.030021888947841538,0,3,192,0.22870144776431992,1.0284951442176382,36,0.0,46,46
ct_w3_i4,3,evaluation,0,64,sampled_two_block_fisher,17365687404303608196,1,4.0,0.08813911716639744,0.08813911716639744,0.9269682994332722,0.9269682994332722,,0.11287268765239553,0,4,256,0.40551921783729106,0.9583140055323023,36,0.0,46,601
ct_w3_i4,3,evaluation,0,64,sampled_full_fisher,17365687404303608196,1,9.0,0.04603550581474991,0.04603550581474991,0.9568270324226683,0.9568270324226683,,0.07736126744638941,0,9,576,0.5657761814127599,0.9319053799471706,36,0.0,46,1081
ct_w3_i4,3,evaluation,0,64,ray_plus_residual,17365687404303608196,1,10.0,0.09893774381235154,0.09893774381235154,0.9027755635836399,0.9027755635836399,,0.39589340172298676,0,10,640,0.9787708994379152,0.2094028103849633,36,0.0,46,601
ct_w3_i4,3,evaluation,19,64,sampled_adam,16476917975408690863,0,,1.0183135264370407,1.0183135264370407,5.012818365940583e-15,0.9532176481137439,1544065331.947341,0.015205319613301687,1,199,12736,0.20533076731640085,0.9913810412616472,34,0.0,46,92
ct_w3_i4,3,evaluation,19,64,sampled_diagonal_fisher,16476917975408690863,0,,1.0003229709871047,1.0003229709871047,2.1610693552940792e-26,0.9643457167504083,44677319453.14637,0.0004211693077136985,1,199,12736,0.2953393603474043,1.147279773273819,34,0.0,46,46
ct_w3_i4,3,evaluation,19,64,sampled_two_block_fisher,16476917975408690863,0,,1.00050226145793,1.00050226145793,9.777586763121284e-22,0.6639474089422399,,0.0005141958719390416,0,199,12736,0.4647599805284948,0.9488030612783255,34,0.0,46,601
ct_w3_i4,3,evaluation,19,64,sampled_full_fisher,16476917975408690863,1,8.0,0.046978564135960355,0.046978564135960355,0.9629498221729642,0.9629498221729642,,0.07009935249809707,0,8,512,0.437491343632586,1.0000001447418587,34,0.0,46,1081
ct_w3_i4,3,evaluation,19,64,ray_plus_residual,16476917975408690863,1,11.0,0.0808337979778031,0.0808337979778031,0.9205017242875403,0.9205017242875403,,0.2769591691814801,0,11,704,0.9799518986689291,0.20331020836739983,34,0.0,46,601
ct_w3_i4,3,evaluation,42,64,sampled_adam,12235894777675822170,0,,1.015576403448689,1.015576403448689,2.3858495196211976e-10,0.982200292259868,173330327.99197033,0.013825912959686135,1,199,12736,0.15399809473446976,0.9938233505160036,42,0.0,46,92
ct_w3_i4,3,evaluation,42,64,sampled_diagonal_fisher,12235894777675822170,0,,1.0002283923690243,1.0002283923690243,1.56355371593476e-20,0.9997918133496984,527396077117.20074,0.00032194089459355483,1,199,12736,0.25069899431162534,1.0645724942400059,42,0.0,46,46
ct_w3_i4,3,evaluation,42,64,sampled_two_block_fisher,12235894777675822170,1,6.0,0.08771621148563291,0.08771621148563291,0.9229870336963051,0.9229870336963051,,0.22670974884470738,0,6,384,0.3060901943182559,1.0034873096994497,42,0.0,46,601
ct_w3_i4,3,evaluation,42,64,sampled_full_fisher,12235894777675822170,1,10.0,0.0651257505322409,0.0651257505322409,0.9471236852346141,0.9471236852346141,,0.12125769949925372,0,10,640,0.77014174192847,0.678023979032497,42,0.0,46,1081
ct_w3_i4,3,evaluation,42,64,ray_plus_residual,12235894777675822170,1,12.0,0.08155743689207107,0.08155743689207107,0.9196492191492327,0.9196492191492327,,0.2712774298017341,0,12,768,0.9796341263173395,0.20496517756334776,42,0.0,46,601
ct_w3_i4,3,evaluation,50,64,sampled_adam,17133868556955706614,1,53.0,0.09984612971426898,0.09984612971426898,0.9122890361439673,0.9122890361439673,,0.09326368893283069,0,53,3392,0.3336623219253765,0.9852487918793722,41,0.0,46,92
ct_w3_i4,3,evaluation,50,64,sampled_diagonal_fisher,17133868556955706614,1,3.0,0.03138947560500149,0.03138947560500149,0.9718571645608719,0.9718571645608719,,0.03223066381137505,0,3,192,0.2980175496416441,1.0139678438144664,41,0.0,46,46
ct_w3_i4,3,evaluation,50,64,sampled_two_block_fisher,17133868556955706614,1,3.0,0.0818327159676322,0.0818327159676322,0.931746814564308,0.931746814564308,,0.10046878818791245,0,3,192,0.3196881861208103,1.0264822182696065,41,0.0,46,601
ct_w3_i4,3,evaluation,50,64,sampled_full_fisher,17133868556955706614,1,7.0,0.07977523854269108,0.07977523854269108,0.936564555735413,0.936564555735413,,0.10776820281356254,0,7,448,0.6844884550976609,0.7943696178761359,41,0.0,46,1081
ct_w3_i4,3,evaluation,50,64,ray_plus_residual,17133868556955706614,1,15.0,0.06277115361583796,0.06277115361583796,0.9373350381801899,0.9373350381801899,,0.3327643512539031,0,15,960,0.9790836892693502,0.20780443239078572,41,0.0,46,601
ct_w3_i4,3,evaluation,101,64,sampled_adam,2302859120308249635,1,78.0,0.0966825943595726,0.0966825943595726,0.9112891595545252,0.9112891595545252,,0.14290875918299295,0,78,4992,0.2566634833626772,0.9889326992283987,35,0.0,46,92
ct_w3_i4,3,evaluation,101,64,sampled_diagonal_fisher,2302859120308249635,0,,1.0001243543704703,1.0001243543704703,1.3265133729606662e-23,0.9181027399350187,644295194641.6022,0.00018534331583025,1,199,12736,0.27103532250632084,1.0371677475335048,35,0.0,46,46
ct_w3_i4,3,evaluation,101,64,sampled_two_block_fisher,2302859120308249635,0,,1.0013231007003363,1.0013231007003363,4.0160044515853865e-06,0.4758940948269222,,0.0022046124333538852,0,199,12736,0.26407161126469203,1.0233443075417112,35,0.0,46,601
ct_w3_i4,3,evaluation,101,64,sampled_full_fisher,2302859120308249635,1,7.0,0.07428837358745355,0.07428837358745355,0.9348976879207515,0.9348976879207515,,0.1351198048813827,0,7,448,0.48499306895422906,1.0000003018961874,35,0.0,46,1081
ct_w3_i4,3,evaluation,101,64,ray_plus_residual,2302859120308249635,1,9.0,0.03474945928124029,0.03474945928124029,0.966003179204966,0.966003179204966,,0.11834360118542643,0,9,576,0.9803266324272721,0.20134319967059222,35,0.0,46,601
ct_w3_i4,3,evaluation,0,256,sampled_adam,17132178373895094345,0,,1.0104078169044843,1.0104078169044843,1.5184663069155936e-13,0.9859445682732962,62781333.19103223,0.011148560831933814,1,199,50944,0.2465247529044386,0.9895208490034468,44,0.0,46,92
ct_w3_i4,3,evaluation,0,256,sampled_diagonal_fisher,17132178373895094345,1,3.0,0.023703190090817117,0.023703190090817117,0.9772053951856712,0.9772053951856712,,0.03372227385474524,0,3,768,0.29040730326878933,1.0177337216882492,44,0.0,46,46
ct_w3_i4,3,evaluation,0,256,sampled_two_block_fisher,17132178373895094345,1,4.0,0.07175105019103079,0.07175105019103079,0.9399277092069346,0.9399277092069346,,0.12125025002296089,0,4,1024,0.4517757515386718,0.911898724817602,44,0.0,46,601
ct_w3_i4,3,evaluation,0,256,sampled_full_fisher,17132178373895094345,1,9.0,0.05047077752954188,0.05047077752954188,0.9539659666054645,0.9539659666054645,,0.15099170290680922,0,9,2304,0.827250423195895,0.5877917604119759,44,0.0,46,1081
ct_w3_i4,3,evaluation,0,256,ray_plus_residual,17132178373895094345,1,6.0,0.08322316057473778,0.08322316057473778,0.9211496548290344,0.9211496548290344,,0.2739990569398512,0,6,1536,0.9790626145817402,0.2079124633025194,44,0.0,46,601
ct_w3_i4,3,evaluation,19,256,sampled_adam,12556481055851994542,0,,1.012668183350355,1.012668183350355,1.282509886538676e-15,0.9868317896948735,1107724168.5443776,0.010578094387021557,1,199,50944,0.2823298754401687,0.9877062516136457,41,0.0,46,92
ct_w3_i4,3,evaluation,19,256,sampled_diagonal_fisher,12556481055851994542,0,,1.000035894600396,1.000035894600396,1.520143630225154e-30,0.768401055636535,,3.385178517881494e-05,0,199,50944,0.37957440946291876,1.0104346246285263,41,0.0,46,46
ct_w3_i4,3,evaluation,19,256,sampled_two_block_fisher,12556481055851994542,1,9.0,0.06400952689210726,0.06400952689210726,0.9429725835900802,0.9429725835900802,,0.21980028919040012,0,9,2304,0.4290922273352424,0.9546112691156207,41,0.0,46,601
ct_w3_i4,3,evaluation,19,256,sampled_full_fisher,12556481055851994542,1,8.0,0.05362042243907261,0.05362042243907261,0.9492976000224654,0.9492976000224654,,0.20373772615196742,0,8,2048,0.7884906340899325,0.6503989020748231,41,0.0,46,1081
ct_w3_i4,3,evaluation,19,256,ray_plus_residual,12556481055851994542,1,9.0,0.029456679260706053,0.029456679260706053,0.971139595819195,0.971139595819195,,0.09335019389363712,0,9,2304,0.9802193716425162,0.2019079470598683,41,0.0,46,601
ct_w3_i4,3,evaluation,42,256,sampled_adam,4213725664898043900,0,,1.0135468794768503,1.0135468794768503,4.832107331189763e-11,0.9832396767260987,270100994.91229725,0.01231491080994219,1,199,50944,0.1283317562363385,0.9950422560821325,46,0.0,46,92
ct_w3_i4,3,evaluation,42,256,sampled_diagonal_fisher,4213725664898043900,0,,1.0001091082214923,1.0001091082214923,2.965229059526047e-18,0.9989212658491693,496594880624.8985,0.00014608124509729443,1,199,50944,0.2794379426221859,1.064300698664769,46,0.0,46,46
ct_w3_i4,3,evaluation,42,256,sampled_two_block_fisher,4213725664898043900,0,,1.0001007762983622,1.0001007762983622,9.266127889454901e-15,0.7726697220848587,,0.00013111705614065526,0,199,50944,0.402935614816513,0.9357137211384796,46,0.0,46,601
ct_w3_i4,3,evaluation,42,256,sampled_full_fisher,4213725664898043900,1,10.0,0.06475764153861618,0.06475764153861618,0.9438106904409042,0.9438106904409042,,0.19607747474092596,0,10,2560,1.0000000000000002,2.8707126972014246e-09,46,0.0,46,1081
ct_w3_i4,3,evaluation,42,256,ray_plus_residual,4213725664898043900,1,8.0,0.07766200827203029,0.07766200827203029,0.9247653776072519,0.9247653776072519,,0.25626311835030047,0,8,2048,0.9787562492099904,0.2094774124976044,46,0.0,46,601
ct_w3_i4,3,evaluation,50,256,sampled_adam,15105338583762147397,1,48.0,0.0986061162937748,0.0986061162937748,0.912703279890671,0.912703279890671,,0.0938000756418121,0,48,12288,0.30799618779332727,0.9864782800809571,45,0.0,46,92
ct_w3_i4,3,evaluation,50,256,sampled_diagonal_fisher,15105338583762147397,1,3.0,0.02201326061012665,0.02201326061012665,0.9783443887205744,0.9783443887205744,,0.03083563156333226,0,3,768,0.28346489633824945,1.033694042799751,45,0.0,46,46
ct_w3_i4,3,evaluation,50,256,sampled_two_block_fisher,15105338583762147397,1,3.0,0.06284522611627708,0.06284522611627708,0.9417343729330242,0.9417343729330242,,0.0795286777154188,0,3,768,0.5560810933382617,0.8318754676592185,45,0.0,46,601
ct_w3_i4,3,evaluation,50,256,sampled_full_fisher,15105338583762147397,1,8.0,0.03668266758609917,0.03668266758609917,0.9734893008854464,0.9734893008854464,,0.07191409027965681,0,8,2048,0.9534626988326949,0.3050813044658924,45,0.0,46,1081
ct_w3_i4,3,evaluation,50,256,ray_plus_residual,15105338583762147397,1,6.0,0.06978537135876373,0.06978537135876373,0.9368454406680576,0.9368454406680576,,0.12795891394500405,0,6,1536,0.9785761288559716,0.2103927347986966,45,0.0,46,601
ct_w3_i4,3,evaluation,101,256,sampled_adam,10074127974003568962,1,56.0,0.09542066344592826,0.09542066344592826,0.9111535141154123,0.9111535141154123,,0.14491765072037435,0,56,14336,0.2566635625653215,0.9889326955735193,46,0.0,46,92
ct_w3_i4,3,evaluation,101,256,sampled_diagonal_fisher,10074127974003568962,1,4.0,0.034506688488116666,0.034506688488116666,0.9662133072321795,0.9662133072321795,,0.0797943862187816,0,4,1024,0.3764044915905234,0.9478794933185154,46,0.0,46,46
ct_w3_i4,3,evaluation,101,256,sampled_two_block_fisher,10074127974003568962,1,4.0,0.07775682492301428,0.07775682492301428,0.9324364599965097,0.9324364599965097,,0.13950923067319929,0,4,1024,0.5925506485019756,0.8076694508584511,46,0.0,46,601
ct_w3_i4,3,evaluation,101,256,sampled_full_fisher,10074127974003568962,1,8.0,0.061370833926071455,0.061370833926071455,0.9460895472780225,0.9460895472780225,,0.21004169086010585,0,8,2048,1.0,2.9375490605558794e-09,46,0.0,46,1081
ct_w3_i4,3,evaluation,101,256,ray_plus_residual,10074127974003568962,1,7.0,0.07558970284473254,0.07558970284473254,0.9275509241653815,0.9275509241653815,,0.23904969222959882,0,7,1792,0.9794000469532076,0.20617679432841796,46,0.0,46,601
ct_w3_i4,3,evaluation,0,1024,sampled_adam,10065393985771061421,0,,1.009432067375462,1.009432067375462,9.651693739920334e-14,0.9801874796633141,166916972.8004889,0.009930577599143306,1,199,203776,0.25666349918337955,0.9889326986610266,46,0.0,46,92
ct_w3_i4,3,evaluation,0,1024,sampled_diagonal_fisher,10065393985771061421,1,7.0,0.0360490188390461,0.0360490188390461,0.972273208151593,0.972273208151593,,0.0676939835334618,0,7,7168,0.34576814618903867,0.9525573377483845,46,0.0,46,46
ct_w3_i4,3,evaluation,0,1024,sampled_two_block_fisher,10065393985771061421,1,5.0,0.03560786377885172,0.03560786377885172,0.9681795550825701,0.9681795550825701,,0.0939180731252627,0,5,5120,0.5332143317030994,0.847811399160555,46,0.0,46,601
ct_w3_i4,3,evaluation,0,1024,sampled_full_fisher,10065393985771061421,1,9.0,0.061754166215328254,0.061754166215328254,0.9435022900625645,0.9435022900625645,,0.284365081686492,0,9,9216,1.0000000000000004,2.2335852292278562e-09,46,0.0,46,1081
ct_w3_i4,3,evaluation,0,1024,ray_plus_residual,10065393985771061421,1,6.0,0.0910467926675409,0.0910467926675409,0.9132776157439731,0.9132776157439731,,0.34349895033575967,0,6,6144,0.979266337520697,0.2068660898837867,46,0.0,46,601
ct_w3_i4,3,evaluation,19,1024,sampled_adam,3288487228811575201,0,,1.0107129606296308,1.0107129606296308,5.772811219760685e-16,0.9898039242834582,2019819073.9938107,0.009040245867341527,1,199,203776,0.23099716686619481,0.9901576244258603,46,0.0,46,92
ct_w3_i4,3,evaluation,19,1024,sampled_diagonal_fisher,3288487228811575201,0,,1.000015023933555,1.000015023933555,7.97449821366395e-35,0.7839797243981351,,1.6845984713286866e-05,0,199,203776,0.4282340607749051,0.9614408164175193,46,0.0,46,46
ct_w3_i4,3,evaluation,19,1024,sampled_two_block_fisher,3288487228811575201,0,,1.0000532393905566,1.0000532393905566,9.402006351269676e-17,0.49105092772545333,,8.132436027495156e-05,0,199,203776,0.48334072607157824,0.9065266036575973,46,0.0,46,601
ct_w3_i4,3,evaluation,19,1024,sampled_full_fisher,3288487228811575201,1,9.0,0.08716147994055667,0.08716147994055667,0.9187925357769491,0.9187925357769491,,0.3636259648559799,0,9,9216,1.0,4.233447271831135e-09,46,0.0,46,1081
ct_w3_i4,3,evaluation,19,1024,ray_plus_residual,3288487228811575201,1,8.0,0.06643137698873858,0.06643137698873858,0.9353303721645747,0.9353303721645747,,0.24907021735787874,0,8,8192,0.9803981105661864,0.20096607643993453,46,0.0,46,601
ct_w3_i4,3,evaluation,42,1024,sampled_adam,9655811487331311534,0,,1.012246857192407,1.012246857192407,4.4766200296178986e-11,0.9854328583863751,375836602.4372086,0.011327597292292043,1,199,203776,0.17966447088953005,0.9926029445734761,46,0.0,46,92
ct_w3_i4,3,evaluation,42,1024,sampled_diagonal_fisher,9655811487331311534,0,,1.000014247298056,1.000014247298056,8.9056244619887e-22,0.999602225162069,719327867690.4725,1.5745174790478064e-05,1,199,203776,0.35357044963329504,0.9680828348759667,46,0.0,46,46
ct_w3_i4,3,evaluation,42,1024,sampled_two_block_fisher,9655811487331311534,0,,1.0000496425290422,1.0000496425290422,3.8541201813668325e-11,0.8321846890821843,,8.448532405855156e-05,0,199,203776,0.5886716925936962,0.8083733734893972,46,0.0,46,601
ct_w3_i4,3,evaluation,42,1024,sampled_full_fisher,9655811487331311534,1,10.0,0.0956180567233389,0.0956180567233389,0.9137864034939219,0.9137864034939219,,0.35899011409753395,0,10,10240,1.0,1.5377430795899897e-09,46,0.0,46,1081
ct_w3_i4,3,evaluation,42,1024,ray_plus_residual,9655811487331311534,1,7.0,0.03850449452687954,0.03850449452687954,0.9633018955982104,0.9633018955982104,,0.1090081149933075,0,7,7168,0.978368464513186,0.2114437335808756,46,0.0,46,601
ct_w3_i4,3,evaluation,50,1024,sampled_adam,2203158184926262274,1,46.0,0.09989756039342446,0.09989756039342446,0.912150250727039,0.912150250727039,,0.0947695366162789,0,46,47104,0.17966468167994104,0.9926029351858248,46,0.0,46,92
ct_w3_i4,3,evaluation,50,1024,sampled_diagonal_fisher,2203158184926262274,1,3.0,0.013624574563037228,0.013624574563037228,0.9865976987434084,0.9865976987434084,,0.01682124262472666,0,3,3072,0.3252430022291538,0.9882117570671127,46,0.0,46,46
ct_w3_i4,3,evaluation,50,1024,sampled_two_block_fisher,2203158184926262274,1,3.0,0.06652031253226731,0.06652031253226731,0.9375357985638223,0.9375357985638223,,0.07320519803573901,0,3,3072,0.4521999959021035,0.9037580949454971,46,0.0,46,601
ct_w3_i4,3,evaluation,50,1024,sampled_full_fisher,2203158184926262274,1,8.0,0.06356091569698741,0.06356091569698741,0.9551163348155357,0.9551163348155357,,0.22335439964495513,0,8,8192,0.9999999999999996,2.645036353250465e-09,46,0.0,46,1081
ct_w3_i4,3,evaluation,50,1024,ray_plus_residual,2203158184926262274,1,5.0,0.07550799744396564,0.07550799744396564,0.9297005460926154,0.9297005460926154,,0.11550655574450018,0,5,5120,0.9784930529313013,0.21081373431907932,46,0.0,46,601
ct_w3_i4,3,evaluation,101,1024,sampled_adam,9315194753425354323,1,52.0,0.09638093694134042,0.09638093694134042,0.9107138685641412,0.9107138685641412,,0.13881033954553154,0,52,53248,0.307996187882276,0.9864782806474386,46,0.0,46,92
ct_w3_i4,3,evaluation,101,1024,sampled_diagonal_fisher,9315194753425354323,1,4.0,0.034870166776165945,0.034870166776165945,0.9661011913567571,0.9661011913567571,,0.09281942830748828,0,4,4096,0.3096862386193941,0.9701100986542757,46,0.0,46,46
ct_w3_i4,3,evaluation,101,1024,sampled_two_block_fisher,9315194753425354323,1,4.0,0.057872713942987986,0.057872713942987986,0.9479675628451281,0.9479675628451281,,0.11861982827466327,0,4,4096,0.549202210958382,0.8383919947130721,46,0.0,46,601
ct_w3_i4,3,evaluation,101,1024,sampled_full_fisher,9315194753425354323,1,8.0,0.0748422389706036,0.0748422389706036,0.9337505781493723,0.9337505781493723,,0.2534359435473354,0,8,8192,0.9999999999999998,2.158126565195977e-09,46,0.0,46,1081
ct_w3_i4,3,evaluation,101,1024,ray_plus_residual,9315194753425354323,1,6.0,0.08958194260137553,0.08958194260137553,0.9153442234998332,0.9153442234998332,,0.23884649751909284,0,6,6144,0.9787726805037276,0.20939373923102375,46,0.0,46,601
ct_w3_i4,3,evaluation,0,4096,sampled_adam,534358759970153711,0,,1.0091913567434254,1.0091913567434254,3.901852983946071e-14,0.9781779732654632,408579320.19426167,0.009795046420867967,1,199,815104,0.28232983270129897,0.9877062531997517,46,0.0,46,92
ct_w3_i4,3,evaluation,0,4096,sampled_diagonal_fisher,534358759970153711,1,3.0,0.05496937565468407,0.05496937565468407,0.9471366424027061,0.9471366424027061,,0.08848371048487742,0,3,12288,0.34955117294986016,0.9519770687463291,46,0.0,46,46
ct_w3_i4,3,evaluation,0,4096,sampled_two_block_fisher,534358759970153711,1,5.0,0.020457234792843337,0.020457234792843337,0.9826803679296358,0.9826803679296358,,0.04439813006843834,0,5,20480,0.5571764736613358,0.8305513243882775,46,0.0,46,601
ct_w3_i4,3,evaluation,0,4096,sampled_full_fisher,534358759970153711,1,10.0,0.04383085922088803,0.04383085922088803,0.9598235614841867,0.9598235614841867,,0.20978386348901434,0,10,40960,0.9999999999999998,1.9827774617714845e-09,46,0.0,46,1081
ct_w3_i4,3,evaluation,0,4096,ray_plus_residual,534358759970153711,1,6.0,0.0453884921390415,0.0453884921390415,0.9567504200598017,0.9567504200598017,,0.15418906787187822,0,6,24576,0.9789589582079095,0.20844310235087737,46,0.0,46,601
ct_w3_i4,3,evaluation,19,4096,sampled_adam,16542925619573329179,0,,1.0104488765238475,1.0104488765238475,4.3275262703411773e-16,0.9901614152901467,2339534148.342011,0.00888686033283554,1,199,815104,0.25666347828770003,0.9889326990264058,46,0.0,46,92
ct_w3_i4,3,evaluation,19,4096,sampled_diagonal_fisher,16542925619573329179,0,,1.0000027045475246,1.0000027045475246,8.218634215690237e-36,0.9156677946428505,767485831152.0148,2.732036992783685e-06,1,199,815104,0.4486748052935254,0.9286258484442473,46,0.0,46,46
ct_w3_i4,3,evaluation,19,4096,sampled_two_block_fisher,16542925619573329179,1,10.0,0.031194491629781496,0.031194491629781496,0.9708231606780079,0.9708231606780079,,0.12369514383084704,0,10,40960,0.49754102848713755,0.8922760584285736,46,0.0,46,601
ct_w3_i4,3,evaluation,19,4096,sampled_full_fisher,16542925619573329179,1,10.0,0.04151464171464525,0.04151464171464525,0.959278535570701,0.959278535570701,,0.18933963678110727,0,10,40960,0.9999999999999998,4.543001484536315e-09,46,0.0,46,1081
ct_w3_i4,3,evaluation,19,4096,ray_plus_residual,16542925619573329179,1,7.0,0.061068807580399564,0.061068807580399564,0.9409844163356278,0.9409844163356278,,0.20980948903207428,0,7,28672,0.9803887314023636,0.2010155971312303,46,0.0,46,601
ct_w3_i4,3,evaluation,42,4096,sampled_adam,11846756143333499435,0,,1.0119435756106672,1.0119435756106672,3.1670003163989404e-11,0.9862761710541802,303236127.1460559,0.011049748482426097,1,199,815104,0.23099714909248603,0.9901576254955474,46,0.0,46,92
ct_w3_i4,3,evaluation,42,4096,sampled_diagonal_fisher,11846756143333499435,0,,1.0000027781635943,1.0000027781635943,8.748766986059972e-26,0.9890268361783554,856648169200.0859,3.508753565317324e-06,1,199,815104,0.3318704266796062,0.9787984309798983,46,0.0,46,46
ct_w3_i4,3,evaluation,42,4096,sampled_two_block_fisher,11846756143333499435,0,,1.0000112663054637,1.0000112663054637,1.0442523756102408e-18,0.8158607799931443,,2.1914197845685324e-05,0,199,815104,0.5309809056617633,0.8484834441815561,46,0.0,46,601
ct_w3_i4,3,evaluation,42,4096,sampled_full_fisher,11846756143333499435,1,11.0,0.0901325355454734,0.0901325355454734,0.9124552586823943,0.9124552586823943,,0.3601553915982058,0,11,45056,1.0,1.7351683913769345e-09,46,0.0,46,1081
ct_w3_i4,3,evaluation,42,4096,ray_plus_residual,11846756143333499435,1,7.0,0.04028499979031963,0.04028499979031963,0.9613805681617942,0.9613805681617942,,0.12627619278559454,0,7,28672,0.9786802197058654,0.20986419886277283,46,0.0,46,601
ct_w3_i4,3,evaluation,50,4096,sampled_adam,13816528251692811472,1,45.0,0.09812260234606818,0.09812260234606818,0.9136268719562518,0.9136268719562518,,0.09302448068784804,0,45,184320,0.17966442609151662,0.9926029499035723,46,0.0,46,92
ct_w3_i4,3,evaluation,50,4096,sampled_diagonal_fisher,13816528251692811472,1,3.0,0.01621660693024829,0.01621660693024829,0.9839910148144921,0.9839910148144921,,0.023196150854663696,0,3,12288,0.34061194820708507,0.9718785726374227,46,0.0,46,46
ct_w3_i4,3,evaluation,50,4096,sampled_two_block_fisher,13816528251692811472,1,3.0,0.06561281755004522,0.06561281755004522,0.9387125633482515,0.9387125633482515,,0.07066215072452722,0,3,12288,0.5234453891683517,0.8531480507951289,46,0.0,46,601
ct_w3_i4,3,evaluation,50,4096,sampled_full_fisher,13816528251692811472,1,8.0,0.06873479779010516,0.06873479779010516,0.937608933137964,0.937608933137964,,0.19057525377200413,0,8,32768,1.0,1.6518746453508583e-09,46,0.0,46,1081
ct_w3_i4,3,evaluation,50,4096,ray_plus_residual,13816528251692811472,1,5.0,0.06788325117868332,0.06788325117868332,0.9367513100913397,0.9367513100913397,,0.10064334764038091,0,5,20480,0.9783801194345665,0.21138486820935473,46,0.0,46,601
ct_w3_i4,3,evaluation,101,4096,sampled_adam,312779398363046296,1,54.0,0.09692994068862326,0.09692994068862326,0.9096984347900692,0.9096984347900692,,0.1449623708706949,0,54,221184,0.2309971903554664,0.9901576236761044,46,0.0,46,92
ct_w3_i4,3,evaluation,101,4096,sampled_diagonal_fisher,312779398363046296,1,4.0,0.029459736612121645,0.029459736612121645,0.9710796747781988,0.9710796747781988,,0.08036368175780004,0,4,16384,0.37091101989909864,0.9355240733753291,46,0.0,46,46
ct_w3_i4,3,evaluation,101,4096,sampled_two_block_fisher,312779398363046296,1,5.0,0.017360904963144463,0.017360904963144463,0.9837865184969643,0.9837865184969643,,0.03980585886516351,0,5,20480,0.6741799634209886,0.755418598038084,46,0.0,46,601
ct_w3_i4,3,evaluation,101,4096,sampled_full_fisher,312779398363046296,1,8.0,0.09878338293346545,0.09878338293346545,0.9053630283413167,0.9053630283413167,,0.342763400652956,0,8,32768,1.0,9.15589110145829e-10,46,0.0,46,1081
ct_w3_i4,3,evaluation,101,4096,ray_plus_residual,312779398363046296,1,6.0,0.04595672010421836,0.04595672010421836,0.9559181092742091,0.9559181092742091,,0.11781083283721354,0,6,24576,0.9787812686735725,0.20934999396445111,46,0.0,46,601
ct_w3_i5,3,evaluation,0,0,analytic_target_cooling,0,1,10.0,0.09988167156684646,0.09988167156684646,0.9017785163524309,0.9017785163524309,,0.26845317150464776,0,0,0,1.0,0.0,-1,0.0,47,47
ct_w3_i5,3,evaluation,19,0,analytic_target_cooling,0,1,12.0,0.08705271579161256,0.08705271579161256,0.9139947234161702,0.9139947234161702,,0.4752722462622243,0,0,0,1.0,0.0,-1,0.0,47,47
ct_w3_i5,3,evaluation,42,0,analytic_target_cooling,0,1,13.0,0.08442130085755828,0.08442130085755828,0.9161871662738084,0.9161871662738084,,0.3362958991258801,0,0,0,1.0,0.0,-1,0.0,47,47
ct_w3_i5,3,evaluation,50,0,analytic_target_cooling,0,1,12.0,0.09474092151028302,0.09474092151028302,0.9060055972086565,0.9060055972086565,,0.4454778866423874,0,0,0,1.0,0.0,-1,0.0,47,47
ct_w3_i5,3,evaluation,101,0,analytic_target_cooling,0,1,19.0,0.0946848018885671,0.0946848018885671,0.9053278604088045,0.9053278604088045,,0.42478919533286796,0,0,0,1.0,0.0,-1,0.0,47,47
ct_w3_i5,3,evaluation,0,64,sampled_adam,3889582494645845476,1,49.0,0.09843729704447846,0.09843729704447846,0.9141503869834928,0.9141503869834928,,0.09397044622099239,0,49,3136,0.20958500687829937,0.9908484476962329,41,0.0,47,94
ct_w3_i5,3,evaluation,0,64,sampled_diagonal_fisher,3889582494645845476,1,4.0,0.05703098537422058,0.05703098537422058,0.9447897374900969,0.9447897374900969,,0.08504315205083247,0,4,256,0.3175603082278353,1.0800993875017353,41,0.0,47,47
ct_w3_i5,3,evaluation,0,64,sampled_two_block_fisher,3889582494645845476,1,6.0,0.05838771598548931,0.05838771598548931,0.949055091853767,0.949055091853767,,0.0960454436921789,0,6,384,0.44904239583453304,0.9811764584225515,41,0.0,47,632
ct_w3_i5,3,evaluation,0,64,sampled_full_fisher,3889582494645845476,1,7.0,0.06295341116025277,0.06295341116025277,0.9489869066696139,0.9489869066696139,,0.08877133428902266,0,7,448,0.7200562925355859,0.7482562495087012,41,0.0,47,1128
ct_w3_i5,3,evaluation,0,64,ray_plus_residual,3889582494645845476,1,9.0,0.04115072446826851,0.04115072446826851,0.959644883485441,0.959644883485441,,0.09363818368541674,0,9,576,0.9792467446960949,0.2069669251543002,41,0.0,47,632
ct_w3_i5,3,evaluation,19,64,sampled_adam,2942910251209603362,1,122.0,0.09588114377702439,0.09588114377702439,0.9093454582852436,0.9093454582852436,,0.21570847021262227,0,122,7808,0.15718876796675676,0.9934495131847759,37,0.0,47,94
ct_w3_i5,3,evaluation,19,64,sampled_diagonal_fisher,2942910251209603362,1,4.0,0.026106746461866948,0.026106746461866948,0.9756151869859285,0.9756151869859285,,0.050046957569145865,0,4,256,0.26098859207154435,1.0944403079575353,37,0.0,47,47
ct_w3_i5,3,evaluation,19,64,sampled_two_block_fisher,2942910251209603362,1,4.0,0.07811204111754577,0.07811204111754577,0.9285224474234383,0.9285224474234383,,0.16640391747610375,0,4,256,0.36187485640212513,0.9797826848983464,37,0.0,47,632
ct_w3_i5,3,evaluation,19,64,sampled_full_fisher,2942910251209603362,1,7.0,0.05856865268674838,0.05856865268674838,0.9519358363060677,0.9519358363060677,,0.1597620013602729,0,7,448,0.5465578367522261,0.9523047445516313,37,0.0,47,1128
ct_w3_i5,3,evaluation,19,64,ray_plus_residual,2942910251209603362,1,10.0,0.09411350224298509,0.09411350224298509,0.9087181580760165,0.9087181580760165,,0.4356909700653021,0,10,640,0.9810519362770952,0.19748692595753198,37,0.0,47,632
ct_w3_i5,3,evaluation,42,64,sampled_adam,14529142301814078029,1,67.0,0.09824924500120247,0.09824924500120247,0.9127371874894487,0.9127371874894487,,0.15451525042906603,0,67,4288,0.2357832870771331,0.989545344162285,39,0.0,47,94
ct_w3_i5,3,evaluation,42,64,sampled_diagonal_fisher,14529142301814078029,0,,1.0000338638946467,1.0000338638946467,7.808056333187681e-08,0.5571633240435893,,5.1570448598325996e-05,0,199,12736,0.2166676603829634,1.1992027487128953,39,0.0,47,47
ct_w3_i5,3,evaluation,42,64,sampled_two_block_fisher,14529142301814078029,0,,1.0003139506188017,1.0003139506188017,1.0386427859438856e-12,0.5449630164105547,,0.00043976836676674533,0,199,12736,0.28924764877222753,1.051178864251302,39,0.0,47,632
ct_w3_i5,3,evaluation,42,64,sampled_full_fisher,14529142301814078029,1,9.0,0.05472527495415669,0.05472527495415669,0.9569163697123619,0.9569163697123619,,0.09620606365986273,0,9,576,0.6958541703108149,0.7799305477915133,39,0.0,47,1128
ct_w3_i5,3,evaluation,42,64,ray_plus_residual,14529142301814078029,1,11.0,0.03340805530545765,0.03340805530545765,0.9670201861071591,0.9670201861071591,,0.10769331814017188,0,11,704,0.9791381239792175,0.2075251668433159,39,0.0,47,632
ct_w3_i5,3,evaluation,50,64,sampled_adam,1619162143400448264,0,,1.0106912319006458,1.0106912319006458,2.500774726470367e-10,0.9760363030955643,634716325.0126663,0.012068337158162473,1,199,12736,0.07859422191617561,0.9973384021069712,38,0.0,47,94
ct_w3_i5,3,evaluation,50,64,sampled_diagonal_fisher,1619162143400448264,0,,1.0000789227178544,1.0000789227178544,3.7930254559864627e-19,0.9928044531169722,549604289702.7459,0.00012097332745932129,1,199,12736,0.24830562616376933,1.0274981835314132,38,0.0,47,47
ct_w3_i5,3,evaluation,50,64,sampled_two_block_fisher,1619162143400448264,0,,1.0005029503340577,1.0005029503340577,1.2900782567753039e-10,0.6330172415545685,,0.0007550269723138814,0,199,12736,0.20243137364599778,1.146490485233927,38,0.0,47,632
ct_w3_i5,3,evaluation,50,64,sampled_full_fisher,1619162143400448264,1,8.0,0.04192546254892271,0.04192546254892271,0.9671810747290329,0.9671810747290329,,0.10748509093151479,0,8,512,0.5699192735229903,0.927448895063237,38,0.0,47,1128
ct_w3_i5,3,evaluation,50,64,ray_plus_residual,1619162143400448264,1,9.0,0.09277382677401036,0.09277382677401036,0.909640773904652,0.909640773904652,,0.3394665362493164,0,9,576,0.9793699459874022,0.20633214628258273,38,0.0,47,632
ct_w3_i5,3,evaluation,101,64,sampled_adam,14898426384089508681,0,,1.0101208781450115,1.0101208781450115,6.6977219633401214e-15,0.9907029429981126,20801456.386988617,0.007617374290776963,1,199,12736,0.1456474940639387,0.9940727555272797,24,0.0,47,94
ct_w3_i5,3,evaluation,101,64,sampled_diagonal_fisher,14898426384089508681,0,,1.0001956084777195,1.0001956084777195,4.0860101650243545e-25,0.9998078305516883,137523612610.0538,0.00023188994184961153,1,199,12736,0.2137528558103943,1.2539913430240304,24,0.0,47,47
ct_w3_i5,3,evaluation,101,64,sampled_two_block_fisher,14898426384089508681,0,,1.0005184013477457,1.0005184013477457,4.275937353876745e-22,0.9995526154334005,213209306.94621783,0.0004981268583055578,1,199,12736,0.101431146659172,1.1855398315273475,24,0.0,47,632
ct_w3_i5,3,evaluation,101,64,sampled_full_fisher,14898426384089508681,0,,1.0014868161506119,1.0014868161506119,1.0967515160533564e-11,0.8934312928936622,,0.0015961602924138751,0,199,12736,0.3639350322782341,1.000000475120503,24,0.0,47,1128
ct_w3_i5,3,evaluation,101,64,ray_plus_residual,14898426384089508681,1,13.0,0.08008432258616871,0.08008432258616871,0.9205563516328336,0.9205563516328336,,0.2440647492194724,0,13,832,0.9806376440267044,0.1996976958930883,24,0.0,47,632
ct_w3_i5,3,evaluation,0,256,sampled_adam,13785846427959707264,1,43.0,0.09762641504240754,0.09762641504240754,0.9132120181190551,0.9132120181190551,,0.10096780839784136,0,43,11008,0.3143783593241338,0.9856256954653956,45,0.0,47,94
ct_w3_i5,3,evaluation,0,256,sampled_diagonal_fisher,13785846427959707264,1,7.0,0.01828589754334331,0.01828589754334331,0.9820924647704696,0.9820924647704696,,0.030426564950143536,0,7,1792,0.3168115465832093,1.0204570328842646,45,0.0,47,47
ct_w3_i5,3,evaluation,0,256,sampled_two_block_fisher,13785846427959707264,1,5.0,0.0664841808404617,0.0664841808404617,0.9375556970438477,0.9375556970438477,,0.10075958944413561,0,5,1280,0.4988046615709221,0.8716984730706032,45,0.0,47,632
ct_w3_i5,3,evaluation,0,256,sampled_full_fisher,13785846427959707264,1,8.0,0.05294568637256347,0.05294568637256347,0.9600200696067417,0.9600200696067417,,0.1180570163967497,0,8,2048,0.7964978551371489,0.6379688783363205,45,0.0,47,1128
ct_w3_i5,3,evaluation,0,256,ray_plus_residual,13785846427959707264,1,7.0,0.08193422405499184,0.08193422405499184,0.921306937389129,0.921306937389129,,0.1800482304761685,0,7,1792,0.977773710257249,0.2144289552249609,45,0.0,47,632
ct_w3_i5,3,evaluation,19,256,sampled_adam,8568653552657227265,0,,1.0090306563966536,1.0090306563966536,1.640552796982418e-13,0.9903030867234242,132249340.27762443,0.013186496478864237,1,199,50944,0.26198086978993507,0.9882405598020342,45,0.0,47,94
ct_w3_i5,3,evaluation,19,256,sampled_diagonal_fisher,8568653552657227265,0,,1.0000586711831634,1.0000586711831634,2.0694214773867912e-27,0.7032390089837223,,0.00010385541383517014,0,199,50944,0.303563722079742,0.9731488136869557,45,0.0,47,47
ct_w3_i5,3,evaluation,19,256,sampled_two_block_fisher,8568653552657227265,0,,1.0002479989979935,1.0002479989979935,1.2464466454349986e-06,0.20023917470740207,,0.0005612971672532345,0,199,50944,0.28358219542349433,1.010286992437929,45,0.0,47,632
ct_w3_i5,3,evaluation,19,256,sampled_full_fisher,8568653552657227265,1,9.0,0.06304613173448281,0.06304613173448281,0.9476679425670209,0.9476679425670209,,0.29986757092328203,0,9,2304,0.8844535102572625,0.4807213116614191,45,0.0,47,1128
ct_w3_i5,3,evaluation,19,256,ray_plus_residual,8568653552657227265,1,8.0,0.07261390381217048,0.07261390381217048,0.929226071260052,0.929226071260052,,0.3193740130290387,0,8,2048,0.9810498727666078,0.1974979917248999,45,0.0,47,632
ct_w3_i5,3,evaluation,42,256,sampled_adam,4134274516273442031,1,50.0,0.09749621013589405,0.09749621013589405,0.9150289139302308,0.9150289139302308,,0.14870515694419387,0,50,12800,0.1309906489488837,0.9947474953150011,47,0.0,47,94
ct_w3_i5,3,evaluation,42,256,sampled_diagonal_fisher,4134274516273442031,1,4.0,0.015386203306654522,0.015386203306654522,0.986080709205978,0.986080709205978,,0.02019889530952787,0,4,1024,0.25276217200534795,1.0605325813956696,47,0.0,47,47
ct_w3_i5,3,evaluation,42,256,sampled_two_block_fisher,4134274516273442031,1,6.0,0.034312253674697146,0.034312253674697146,0.9709105127311349,0.9709105127311349,,0.07010883667521972,0,6,1536,0.4615240637699195,0.8946934419029149,47,0.0,47,632
ct_w3_i5,3,evaluation,42,256,sampled_full_fisher,4134274516273442031,1,9.0,0.08842956592028983,0.08842956592028983,0.9293825805724631,0.9293825805724631,,0.28130637435152406,0,9,2304,0.9999999999999999,2.889147245803634e-09,47,0.0,47,1128
ct_w3_i5,3,evaluation,42,256,ray_plus_residual,4134274516273442031,1,7.0,0.0888057183994615,0.0888057183994615,0.914793560292628,0.914793560292628,,0.2768674892316303,0,7,1792,0.9777582299826518,0.214506172111691,47,0.0,47,632
ct_w3_i5,3,evaluation,50,256,sampled_adam,18297364184888359103,0,,1.0087864900613095,1.0087864900613095,6.91164506907162e-09,0.5505229100060123,,0.010011937102633178,0,199,50944,0.23578325868447841,0.9895453463986217,46,0.0,47,94
ct_w3_i5,3,evaluation,50,256,sampled_diagonal_fisher,18297364184888359103,0,,1.0000200470974434,1.0000200470974434,3.10881363031189e-16,0.9999803003195605,472825629789.81836,2.6399744087797846e-05,1,199,50944,0.3865351499610403,0.9553438724650613,46,0.0,47,47
ct_w3_i5,3,evaluation,50,256,sampled_two_block_fisher,18297364184888359103,1,6.0,0.023649889365803034,0.023649889365803034,0.9795430172220789,0.9795430172220789,,0.049656425491134706,0,6,1536,0.595173682584375,0.8037036224775831,46,0.0,47,632
ct_w3_i5,3,evaluation,50,256,sampled_full_fisher,18297364184888359103,1,9.0,0.04989494943640338,0.04989494943640338,0.9577295201065921,0.9577295201065921,,0.17295269883551537,0,9,2304,0.9318151863342121,0.36928258465784153,46,0.0,47,1128
ct_w3_i5,3,evaluation,50,256,ray_plus_residual,18297364184888359103,1,9.0,0.08666293832221861,0.08666293832221861,0.9149909282022863,0.9149909282022863,,0.3439339023070884,0,9,2304,0.9793027288287869,0.20667868606446452,46,0.0,47,632
ct_w3_i5,3,evaluation,101,256,sampled_adam,8569611837972367982,0,,1.010323935586392,1.010323935586392,7.72985483908275e-15,0.9904833094961925,36593056.74566234,0.008020114520958795,1,199,50944,0.2619812515666176,0.9882405359367277,42,0.0,47,94
ct_w3_i5,3,evaluation,101,256,sampled_diagonal_fisher,8569611837972367982,0,,1.0001187218457783,1.0001187218457783,1.046442984817165e-28,0.9998949998523555,230072639555.4758,0.00014014229253015494,1,199,50944,0.2905048343674275,1.191213805857347,42,0.0,47,47
ct_w3_i5,3,evaluation,101,256,sampled_two_block_fisher,8569611837972367982,0,,1.0002349877080388,1.0002349877080388,7.798761426622939e-21,0.9997867326805325,954459592.2990694,0.00022738817030096698,1,199,50944,0.4255517918346644,0.9454771957047285,42,0.0,47,632
ct_w3_i5,3,evaluation,101,256,sampled_full_fisher,8569611837972367982,1,11.0,0.044497465735389596,0.044497465735389596,0.9570528308759622,0.9570528308759622,,0.14574139623079582,0,11,2816,0.6559351226124609,0.8295358670817545,42,0.0,47,1128
ct_w3_i5,3,evaluation,101,256,ray_plus_residual,8569611837972367982,1,12.0,0.08056428384000291,0.08056428384000291,0.9199628976973453,0.9199628976973453,,0.28159163681207294,0,12,3072,0.9803708823633059,0.20110980783588026,42,0.0,47,632
ct_w3_i5,3,evaluation,0,1024,sampled_adam,4688999811143474852,1,40.0,0.09424817207181668,0.09424817207181668,0.9170607079313724,0.9170607079313724,,0.09453000606419512,0,40,40960,0.20958505238375433,0.9908484462292543,47,0.0,47,94
ct_w3_i5,3,evaluation,0,1024,sampled_diagonal_fisher,4688999811143474852,1,4.0,0.02298374625794075,0.02298374625794075,0.9774603229522919,0.9774603229522919,,0.03848944241128394,0,4,4096,0.3581846371932762,0.9822560327695024,47,0.0,47,47
ct_w3_i5,3,evaluation,0,1024,sampled_two_block_fisher,4688999811143474852,1,5.0,0.016064748161580766,0.016064748161580766,0.985332449173992,0.985332449173992,,0.022844077604291767,0,5,5120,0.5587617633042705,0.8364497980493886,47,0.0,47,632
ct_w3_i5,3,evaluation,0,1024,sampled_full_fisher,4688999811143474852,1,8.0,0.05475612592194423,0.05475612592194423,0.9491025529340643,0.9491025529340643,,0.13574458996328015,0,8,8192,1.0000000000000002,2.2292495613686303e-09,47,0.0,47,1128
ct_w3_i5,3,evaluation,0,1024,ray_plus_residual,4688999811143474852,1,6.0,0.07256861865418784,0.07256861865418784,0.9308484275125286,0.9308484275125286,,0.1391835293418123,0,6,6144,0.9775788065570853,0.21539939775540531,47,0.0,47,632
ct_w3_i5,3,evaluation,19,1024,sampled_adam,10393794595110663358,0,,1.0075135307560679,1.0075135307560679,1.2974167713135173e-13,0.9928278718020481,130339572.76181968,0.01132421714859068,1,199,203776,0.28817946141421247,0.9869339934017692,47,0.0,47,94
ct_w3_i5,3,evaluation,19,1024,sampled_diagonal_fisher,10393794595110663358,0,,1.000010514480035,1.000010514480035,9.857482466272186e-31,0.639147965746806,,2.39299385073168e-05,0,199,203776,0.36083325792084,0.9434551676259153,47,0.0,47,47
ct_w3_i5,3,evaluation,19,1024,sampled_two_block_fisher,10393794595110663358,1,11.0,0.017809565406651018,0.017809565406651018,0.9837694383801501,0.9837694383801501,,0.08656268601098359,0,11,11264,0.3891689234970033,0.9373309923966183,47,0.0,47,632
ct_w3_i5,3,evaluation,19,1024,sampled_full_fisher,10393794595110663358,1,9.0,0.07766375560585459,0.07766375560585459,0.9280883866166386,0.9280883866166386,,0.41431619537140385,0,9,9216,0.9999999999999999,7.635056514473484e-09,47,0.0,47,1128
ct_w3_i5,3,evaluation,19,1024,ray_plus_residual,10393794595110663358,1,6.0,0.0805288955314456,0.0805288955314456,0.9235433424614112,0.9235433424614112,,0.33709913971725763,0,6,6144,0.9805307945501038,0.20026436417082588,47,0.0,47,632
ct_w3_i5,3,evaluation,42,1024,sampled_adam,2998137632800879214,1,62.0,0.0967305017893576,0.0967305017893576,0.9117468214875174,0.9117468214875174,,0.1727748972418883,0,62,63488,0.18338689238317876,0.9921498327081664,47,0.0,47,94
ct_w3_i5,3,evaluation,42,1024,sampled_diagonal_fisher,2998137632800879214,1,5.0,0.0022942891820321165,0.0022942891820321165,0.9978526361903308,0.9978526361903308,,0.004777306424609016,0,5,5120,0.3291534251593108,0.9712801538875118,47,0.0,47,47
ct_w3_i5,3,evaluation,42,1024,sampled_two_block_fisher,2998137632800879214,1,6.0,0.04435894929853035,0.04435894929853035,0.9596587246495418,0.9596587246495418,,0.11242637279428024,0,6,6144,0.5353092950508345,0.8446561849368539,47,0.0,47,632
ct_w3_i5,3,evaluation,42,1024,sampled_full_fisher,2998137632800879214,1,10.0,0.041252317982937825,0.041252317982937825,0.9611721523734869,0.9611721523734869,,0.1564588839126604,0,10,10240,0.9999999999999999,1.8102971939293184e-09,47,0.0,47,1128
ct_w3_i5,3,evaluation,42,1024,ray_plus_residual,2998137632800879214,1,7.0,0.05982064628707917,0.05982064628707917,0.9421726209153755,0.9421726209153755,,0.19508928190910102,0,7,7168,0.9782799217786978,0.21189046982507015,47,0.0,47,632
ct_w3_i5,3,evaluation,50,1024,sampled_adam,18410321097309637780,0,,1.008139725627741,1.008139725627741,3.959339845840038e-10,0.9436010011877529,7944442503.766506,0.009085564682580337,1,199,203776,0.2881791801843633,0.9869340105462647,47,0.0,47,94
ct_w3_i5,3,evaluation,50,1024,sampled_diagonal_fisher,18410321097309637780,0,,1.000024636418365,1.000024636418365,9.70927873131407e-19,0.9307968364302099,472617611749.8478,3.686117146590575e-05,1,199,203776,0.34120119834130486,0.9896627455897837,47,0.0,47,47
ct_w3_i5,3,evaluation,50,1024,sampled_two_block_fisher,18410321097309637780,1,7.0,0.04409939926573969,0.04409939926573969,0.9584385008849259,0.9584385008849259,,0.19580955828934635,0,7,7168,0.5428980981435352,0.8402433797165622,47,0.0,47,632
ct_w3_i5,3,evaluation,50,1024,sampled_full_fisher,18410321097309637780,1,9.0,0.057541814439751704,0.057541814439751704,0.9464931341374087,0.9464931341374087,,0.2607854383572385,0,9,9216,1.0000000000000002,8.27716912677409e-09,47,0.0,47,1128
ct_w3_i5,3,evaluation,50,1024,ray_plus_residual,18410321097309637780,1,8.0,0.055830148766551346,0.055830148766551346,0.9455042088868667,0.9455042088868667,,0.22292367372727392,0,8,8192,0.9784856036642253,0.2108514487464141,47,0.0,47,632
ct_w3_i5,3,evaluation,101,1024,sampled_adam,3362511512267351781,0,,1.0090003868425619,1.0090003868425619,2.4460575345166383e-15,0.9917598074342872,54717027.65637105,0.006966199632226588,1,199,203776,0.261981252777528,0.9882405357449606,46,0.0,47,94
ct_w3_i5,3,evaluation,101,1024,sampled_diagonal_fisher,3362511512267351781,0,,1.000014534749976,1.000014534749976,3.7969022344668337e-31,0.9999888875054045,716914242858.7522,1.798179481995703e-05,1,199,203776,0.31497981691734694,1.1704872345161679,46,0.0,47,47
ct_w3_i5,3,evaluation,101,1024,sampled_two_block_fisher,3362511512267351781,0,,1.0000325455706598,1.0000325455706598,5.004079507351399e-25,0.9990106871378533,356992853777.15137,2.922750909852305e-05,1,199,203776,0.5110444793314076,0.8779981138125987,46,0.0,47,632
ct_w3_i5,3,evaluation,101,1024,sampled_full_fisher,3362511512267351781,1,11.0,0.09852281981468458,0.09852281981468458,0.9037303174537812,0.9037303174537812,,0.4188157374849361,0,11,11264,0.9318151070957553,0.3692827992318213,46,0.0,47,1128
ct_w3_i5,3,evaluation,101,1024,ray_plus_residual,3362511512267351781,1,13.0,0.08393206818675125,0.08393206818675125,0.916224474874133,0.916224474874133,,0.3455382194058064,0,13,13312,0.9799432678672987,0.20335531446316513,46,0.0,47,632
ct_w3_i5,3,evaluation,0,4096,sampled_adam,17917799811132068988,1,39.0,0.09649071509672247,0.09649071509672247,0.9147515055004196,0.9147515055004196,,0.09644507687532623,0,39,159744,0.3405757402353316,0.9843157125834554,47,0.0,47,94
ct_w3_i5,3,evaluation,0,4096,sampled_diagonal_fisher,17917799811132068988,1,4.0,0.00946199059450592,0.00946199059450592,0.9906643649839193,0.9906643649839193,,0.016733045758172256,0,4,16384,0.3741078108418216,0.9690199566380816,47,0.0,47,47
ct_w3_i5,3,evaluation,0,4096,sampled_two_block_fisher,17917799811132068988,1,4.0,0.06963896178088191,0.06963896178088191,0.9351286915826371,0.9351286915826371,,0.11427658069371817,0,4,16384,0.5957948948185133,0.8051375438543945,47,0.0,47,632
ct_w3_i5,3,evaluation,0,4096,sampled_full_fisher,17917799811132068988,1,9.0,0.0407594089516099,0.0407594089516099,0.9607654573630552,0.9607654573630552,,0.11483626565584966,0,9,36864,1.0000000000000002,2.3000301743039354e-09,47,0.0,47,1128
ct_w3_i5,3,evaluation,0,4096,ray_plus_residual,17917799811132068988,1,5.0,0.07952724971753966,0.07952724971753966,0.9251221966637254,0.9251221966637254,,0.14651526183754987,0,5,20480,0.9776663659132493,0.21496390227924972,47,0.0,47,632
ct_w3_i5,3,evaluation,19,4096,sampled_adam,17381928133363646063,0,,1.0073554891194885,1.0073554891194885,1.2304417480682847e-13,0.9930476221432394,168229219.52899757,0.011149454082407721,1,199,815104,0.36677382400890274,0.9830039570159915,47,0.0,47,94
ct_w3_i5,3,evaluation,19,4096,sampled_diagonal_fisher,17381928133363646063,0,,1.0000109833073108,1.0000109833073108,2.464559165191263e-27,0.5616791867148101,,2.14622186661856e-05,0,199,815104,0.3741776467879607,0.936379907848491,47,0.0,47,47
ct_w3_i5,3,evaluation,19,4096,sampled_two_block_fisher,17381928133363646063,1,9.0,0.07716564828758621,0.07716564828758621,0.9269970556092565,0.9269970556092565,,0.37733022965847873,0,9,36864,0.4427055921317913,0.9032513176305837,47,0.0,47,632
ct_w3_i5,3,evaluation,19,4096,sampled_full_fisher,17381928133363646063,1,10.0,0.056372713961430065,0.056372713961430065,0.9466862100934552,0.9466862100934552,,0.29745797283524766,0,10,40960,1.0000000000000002,3.992612936611154e-09,47,0.0,47,1128
ct_w3_i5,3,evaluation,19,4096,ray_plus_residual,17381928133363646063,1,6.0,0.08299428396269626,0.08299428396269626,0.9206252343334069,0.9206252343334069,,0.34595691777884297,0,6,24576,0.9806634689668582,0.19956052163541563,47,0.0,47,632
ct_w3_i5,3,evaluation,42,4096,sampled_adam,2965887308963581778,1,52.0,0.09888438256546017,0.09888438256546017,0.9109621198358164,0.9109621198358164,,0.16547584782247507,0,52,212992,0.18338689580404918,0.9921498327517425,47,0.0,47,94
ct_w3_i5,3,evaluation,42,4096,sampled_diagonal_fisher,2965887308963581778,1,5.0,0.01194294776289695,0.01194294776289695,0.9900729794738041,0.9900729794738041,,0.02530922611567741,0,5,20480,0.3342774369640751,0.9622346711635834,47,0.0,47,47
ct_w3_i5,3,evaluation,42,4096,sampled_two_block_fisher,2965887308963581778,1,6.0,0.03104957176774903,0.03104957176774903,0.9724552068563357,0.9724552068563357,,0.07450783444805059,0,6,24576,0.5379485831110596,0.8430189097805946,47,0.0,47,632
ct_w3_i5,3,evaluation,42,4096,sampled_full_fisher,2965887308963581778,1,10.0,0.0755600009467976,0.0755600009467976,0.9266396070132368,0.9266396070132368,,0.2976200528387636,0,10,40960,1.0,2.670263667172651e-09,47,0.0,47,1128
ct_w3_i5,3,evaluation,42,4096,ray_plus_residual,2965887308963581778,1,7.0,0.05300738361627921,0.05300738361627921,0.9488333176947342,0.9488333176947342,,0.17199006369626244,0,7,28672,0.9778150182738193,0.21422278917324494,47,0.0,47,632
ct_w3_i5,3,evaluation,50,4096,sampled_adam,15467042244169251827,0,,1.0083922257765927,1.0083922257765927,2.650430571712131e-10,0.962290726746817,6434158762.353298,0.009445970374002147,1,199,815104,0.20958529893797703,0.9908484355215186,47,0.0,47,94
ct_w3_i5,3,evaluation,50,4096,sampled_diagonal_fisher,15467042244169251827,0,,1.0000009547584252,1.0000009547584252,6.3565850335626455e-22,0.9704794932368584,863978281223.5116,1.2433182469124484e-06,1,199,815104,0.37690209245745504,0.9623636273749909,47,0.0,47,47
ct_w3_i5,3,evaluation,50,4096,sampled_two_block_fisher,15467042244169251827,1,8.0,0.08599881648449959,0.08599881648449959,0.9174111736166605,0.9174111736166605,,0.42788470929624356,0,8,32768,0.5569767466538946,0.83210939323266,47,0.0,47,632
ct_w3_i5,3,evaluation,50,4096,sampled_full_fisher,15467042244169251827,1,10.0,0.044017463833581516,0.044017463833581516,0.9575101991087752,0.9575101991087752,,0.214023019208449,0,10,40960,1.0000000000000002,3.3407995453238878e-09,47,0.0,47,1128
ct_w3_i5,3,evaluation,50,4096,ray_plus_residual,15467042244169251827,1,8.0,0.051578249440906276,0.051578249440906276,0.9496108784387278,0.9496108784387278,,0.20524065871882632,0,8,32768,0.9786249393826875,0.21014503700644863,47,0.0,47,632
ct_w3_i5,3,evaluation,101,4096,sampled_adam,15970795235695498110,0,,1.0087111210909345,1.0087111210909345,1.8180931188257026e-15,0.9920181491216314,65194531.631378256,0.006867655401408422,1,199,815104,0.2619812594994319,0.9882405354602474,46,0.0,47,94
ct_w3_i5,3,evaluation,101,4096,sampled_diagonal_fisher,15970795235695498110,0,,1.0000050025305125,1.0000050025305125,2.294604358197032e-30,0.999995657501425,11657486353.963053,4.7917503440358616e-06,1,199,815104,0.31493830629213054,1.1705226983769852,46,0.0,47,47
ct_w3_i5,3,evaluation,101,4096,sampled_two_block_fisher,15970795235695498110,0,,1.0000068402086004,1.0000068402086004,2.5110051949064043e-27,0.99807252694512,496817740580.8047,8.21287722567025e-06,1,199,815104,0.4954496099178282,0.8817881662746125,46,0.0,47,632
ct_w3_i5,3,evaluation,101,4096,sampled_full_fisher,15970795235695498110,1,13.0,0.040129697489897254,0.040129697489897254,0.9607040538919743,0.9607040538919743,,0.17965893560605614,0,13,53248,0.931815102886572,0.3692828106300865,46,0.0,47,1128
ct_w3_i5,3,evaluation,101,4096,ray_plus_residual,15970795235695498110,1,13.0,0.0826672607702239,0.0826672607702239,0.9174143915481364,0.9174143915481364,,0.3485044780069624,0,13,53248,0.9805019307522486,0.20041719802854802,46,0.0,47,632
ct_w4_i1,4,calibration,0,0,analytic_target_cooling,0,1,13.0,0.07217967457935615,0.07217967457935615,0.9280002473690697,0.9280002473690697,,0.3567596827529193,0,0,0,1.0,0.0,-1,0.0,49,49
ct_w4_i1,4,calibration,19,0,analytic_target_cooling,0,1,16.0,0.07970942940258396,0.07970942940258396,0.9204338711986878,0.9204338711986878,,0.4644964446148941,0,0,0,1.0,0.0,-1,0.0,49,49
ct_w4_i1,4,calibration,42,0,analytic_target_cooling,0,1,10.0,0.062156549026374464,0.062156549026374464,0.9395240130662291,0.9395240130662291,,0.23499538888361504,0,0,0,1.0,0.0,-1,0.0,49,49
ct_w4_i1,4,calibration,50,0,analytic_target_cooling,0,1,13.0,0.06402780777976069,0.06402780777976069,0.9362029811479102,0.9362029811479102,,0.3083430101844283,0,0,0,1.0,0.0,-1,0.0,49,49
ct_w4_i1,4,calibration,101,0,analytic_target_cooling,0,1,11.0,0.09080022669077259,0.09080022669077259,0.9104029860029639,0.9104029860029639,,0.4275620631094107,0,0,0,1.0,0.0,-1,0.0,49,49
ct_w4_i1,4,calibration,0,64,sampled_adam,13506988424565556607,0,,1.009858957585461,1.009858957585461,2.1479960685921673e-13,0.90255100517963,547022729.6820959,0.009718014736960707,1,199,12736,0.24147267907238132,0.9896377395230374,43,0.0,49,98
ct_w4_i1,4,calibration,0,64,sampled_diagonal_fisher,13506988424565556607,0,,1.0001843468367326,1.0001843468367326,3.969756670064961e-27,0.7668812388110515,,0.0002933488358172657,0,199,12736,0.3257359828277975,1.1612613979395012,43,0.0,49,49
ct_w4_i1,4,calibration,0,64,sampled_two_block_fisher,13506988424565556607,0,,1.0003030351780993,1.0003030351780993,8.981878511381577e-15,0.5147979785816166,,0.0003567121032321848,0,199,12736,0.409277653932304,0.9871312064725152,43,0.0,49,697
ct_w4_i1,4,calibration,0,64,sampled_full_fisher,13506988424565556607,1,8.0,0.08197722671177488,0.08197722671177488,0.9318020948830199,0.9318020948830199,,0.21823045472952718,0,8,512,0.6854942300561736,0.79310247754477,43,0.0,49,1225
ct_w4_i1,4,calibration,0,64,ray_plus_residual,13506988424565556607,1,8.0,0.06841312331481753,0.06841312331481753,0.9347909544583843,0.9347909544583843,,0.24761949267779368,0,8,512,0.9806276907705641,0.19975054231604294,43,0.0,49,697
ct_w4_i1,4,calibration,19,64,sampled_adam,6232711247273224752,0,,1.9596595526086311,1.9596595526086311,8.666677003739287e-10,0.7701073029473172,,0.19511848502380366,0,199,12736,0.2897672041685654,0.9873253933207684,43,0.0,49,98
ct_w4_i1,4,calibration,19,64,sampled_diagonal_fisher,6232711247273224752,0,,1.0002253006260986,1.0002253006260986,2.1221058231408871e-13,0.9934679320883953,888263816143.147,0.0003685463670787931,1,199,12736,0.3769614398348543,0.9930966561810617,43,0.0,49,49
ct_w4_i1,4,calibration,19,64,sampled_two_block_fisher,6232711247273224752,0,,1.0004479245691726,1.0004479245691726,5.310143660324208e-11,0.7862821678397894,,0.0007602800260715932,0,199,12736,0.25666917826439867,1.114981077401287,43,0.0,49,697
ct_w4_i1,4,calibration,19,64,sampled_full_fisher,6232711247273224752,1,10.0,0.0737967682641365,0.0737967682641365,0.9432368212048826,0.9432368212048826,,0.17502465895745878,0,10,640,0.6141685173756993,0.8784434900712743,43,0.0,49,1225
ct_w4_i1,4,calibration,19,64,ray_plus_residual,6232711247273224752,1,9.0,0.05705107234807194,0.05705107234807194,0.9440849145117375,0.9440849145117375,,0.23720949740674319,0,9,576,0.9794602851223451,0.20586559443767294,43,0.0,49,697
ct_w4_i1,4,calibration,42,64,sampled_adam,16681998305144080123,0,,1.0129363887366232,1.0129363887366232,7.872186426639219e-11,0.8919010357248781,,0.0138257774613551,0,199,12736,0.21732535849509874,0.990791893129934,40,0.0,49,98
ct_w4_i1,4,calibration,42,64,sampled_diagonal_fisher,16681998305144080123,0,,1.0001825791686834,1.0001825791686834,8.153629318819263e-19,0.9010747031480829,224760849680.83746,0.0002878782978492161,1,199,12736,0.2848480114247028,1.0605670104377887,40,0.0,49,49
ct_w4_i1,4,calibration,42,64,sampled_two_block_fisher,16681998305144080123,1,5.0,0.03647947377894312,0.03647947377894312,0.9738966087658043,0.9738966087658043,,0.057803795841296926,0,5,320,0.5353456144716822,0.872821123494537,40,0.0,49,697
ct_w4_i1,4,calibration,42,64,sampled_full_fisher,16681998305144080123,1,6.0,0.08106267405074163,0.08106267405074163,0.9450436591770432,0.9450436591770432,,0.161981007337282,0,6,384,0.5262745361339489,0.9733709096393327,40,0.0,49,1225
ct_w4_i1,4,calibration,42,64,ray_plus_residual,16681998305144080123,1,9.0,0.047805262017313055,0.047805262017313055,0.9541935887522305,0.9541935887522305,,0.19490430275392703,0,9,576,0.9777949207800264,0.21432311617382602,40,0.0,49,697
ct_w4_i1,4,calibration,50,64,sampled_adam,9519684244394107042,0,,1.012557400866017,1.012557400866017,2.2558707163908445e-12,0.9077305046045419,1421573335.0153012,0.012429918989516692,1,199,12736,0.02414727592141292,0.9999771419717649,44,0.0,49,98
ct_w4_i1,4,calibration,50,64,sampled_diagonal_fisher,9519684244394107042,0,,1.0004091447239567,1.0004091447239567,2.554423414894629e-22,0.52340875407277,,0.0007134608088836925,0,199,12736,0.19776942055822877,1.1901069851993575,44,0.0,49,49
ct_w4_i1,4,calibration,50,64,sampled_two_block_fisher,9519684244394107042,0,,1.0003857511200387,1.0003857511200387,3.1393507208979927e-18,0.5617053304699278,,0.0005027302946432427,0,199,12736,0.4119168458698665,0.9430657622487123,44,0.0,49,697
ct_w4_i1,4,calibration,50,64,sampled_full_fisher,9519684244394107042,1,8.0,0.09421916890882365,0.09421916890882365,0.9212628616299496,0.9212628616299496,,0.3236310047928917,0,8,512,0.6839215870014559,0.7950829051093278,44,0.0,49,1225
ct_w4_i1,4,calibration,50,64,ray_plus_residual,9519684244394107042,1,10.0,0.034608629318492845,0.034608629318492845,0.9658988234950743,0.9658988234950743,,0.12046270932869606,0,10,640,0.9781872071329666,0.21235737750084635,44,0.0,49,697
ct_w4_i1,4,calibration,101,64,sampled_adam,15431424217366698151,0,,1.0099460722317435,1.0099460722317435,1.4966856294775558e-15,0.5871982296325955,,0.01197069093361446,0,199,12736,0.24147266210194837,0.9896377408498236,39,0.0,49,98
ct_w4_i1,4,calibration,101,64,sampled_diagonal_fisher,15431424217366698151,0,,1.0000924008042151,1.0000924008042151,3.93139102224312e-26,0.6332758901980884,,0.00017615664285411384,0,199,12736,0.4078567573025456,0.9533628971068691,39,0.0,49,49
ct_w4_i1,4,calibration,101,64,sampled_two_block_fisher,15431424217366698151,0,,1.0007040040539454,1.0007040040539454,3.2321143340418815e-18,0.15960951575132717,,0.0007302214522694599,0,199,12736,0.5030353497746968,0.9900328128720409,39,0.0,49,697
ct_w4_i1,4,calibration,101,64,sampled_full_fisher,15431424217366698151,1,8.0,0.08200200565837967,0.08200200565837967,0.9390680747722454,0.9390680747722454,,0.23274345338130187,0,8,512,0.6277779757124996,0.8628117109630589,39,0.0,49,1225
ct_w4_i1,4,calibration,101,64,ray_plus_residual,15431424217366698151,1,8.0,0.05580749067089563,0.05580749067089563,0.9469880559470691,0.9469880559470691,,0.23493403698265075,0,8,512,0.9775511793945182,0.21553664907637188,39,0.0,49,697
ct_w4_i1,4,calibration,0,256,sampled_adam,16951954410595004343,0,,1.0062429000660167,1.0062429000660167,8.565347427561601e-15,0.9723531562807757,888956497.8423678,0.0059183603114976325,1,199,50944,0.28976711104144764,0.9873253963591209,48,0.0,49,98
ct_w4_i1,4,calibration,0,256,sampled_diagonal_fisher,16951954410595004343,0,,1.000070875834437,1.000070875834437,3.691040664463709e-30,0.920102739735888,532972453888.2713,0.00014570098234971746,1,199,50944,0.3533066189099962,0.9741009667142636,48,0.0,49,49
ct_w4_i1,4,calibration,0,256,sampled_two_block_fisher,16951954410595004343,0,,1.000225662397364,1.000225662397364,2.8797212487403557e-19,0.6344456871837338,,0.0003347499623488113,0,199,50944,0.40647384158675204,0.9491459431795898,48,0.0,49,697
ct_w4_i1,4,calibration,0,256,sampled_full_fisher,16951954410595004343,1,9.0,0.0810412853545941,0.0810412853545941,0.9410819618492073,0.9410819618492073,,0.27681199686420993,0,9,2304,0.843744577072644,0.559026695118142,48,0.0,49,1225
ct_w4_i1,4,calibration,0,256,ray_plus_residual,16951954410595004343,1,9.0,0.08134366335586485,0.08134366335586485,0.9199355419721753,0.9199355419721753,,0.36872522661274293,0,9,2304,0.9800740987964925,0.20267061989948051,48,0.0,49,697
ct_w4_i1,4,calibration,19,256,sampled_adam,4444124490441876938,0,,1.00730119947821,1.00730119947821,2.381706297180163e-09,0.9823814767202684,66021166.71857343,0.010210655395855611,1,199,50944,0.14488370094787206,0.9942463003790994,48,0.0,49,98
ct_w4_i1,4,calibration,19,256,sampled_diagonal_fisher,4444124490441876938,0,,1.0000192058472415,1.0000192058472415,4.308061097258236e-14,0.9213979355980737,302529829913.94696,4.116476928138735e-05,1,199,50944,0.3453782735293292,0.9744146456297954,48,0.0,49,49
ct_w4_i1,4,calibration,19,256,sampled_two_block_fisher,4444124490441876938,0,,1.0000957785549875,1.0000957785549875,2.0288081010894723e-22,0.5153504193166358,,0.000149448593165757,0,199,50944,0.5103651759412946,0.8735855069126842,48,0.0,49,697
ct_w4_i1,4,calibration,19,256,sampled_full_fisher,4444124490441876938,1,11.0,0.046429815804975405,0.046429815804975405,0.9622310946808611,0.9622310946808611,,0.2210932675209736,0,11,2816,0.9206624507198141,0.3983404304867529,48,0.0,49,1225
ct_w4_i1,4,calibration,19,256,ray_plus_residual,4444124490441876938,1,9.0,0.0325488390901878,0.0325488390901878,0.9679861255511918,0.9679861255511918,,0.15804390276933628,0,9,2304,0.9788678533503926,0.20890851330803797,48,0.0,49,697
ct_w4_i1,4,calibration,42,256,sampled_adam,2404293136706004530,0,,1.0094326789752355,1.0094326789752355,7.36672935451469e-12,0.9468848282589749,2882474676.204101,0.0106347149471837,1,199,50944,0.2414726171515291,0.9896377440987502,49,0.0,49,98
ct_w4_i1,4,calibration,42,256,sampled_diagonal_fisher,2404293136706004530,0,,1.0000398445300718,1.0000398445300718,3.26559306926725e-22,0.9902680390832661,940814993622.1371,5.908168968874007e-05,1,199,50944,0.30509704634122947,1.0167303543279078,49,0.0,49,49
ct_w4_i1,4,calibration,42,256,sampled_two_block_fisher,2404293136706004530,1,5.0,0.05693247301008064,0.05693247301008064,0.9504758231731159,0.9504758231731159,,0.165707171397134,0,5,1280,0.5291258248706797,0.8568389353262696,49,0.0,49,697
ct_w4_i1,4,calibration,42,256,sampled_full_fisher,2404293136706004530,1,8.0,0.07225304339792515,0.07225304339792515,0.9516777078410366,0.9516777078410366,,0.2714357339403469,0,8,2048,1.0000000000000002,2.188459033780088e-09,49,0.0,49,1225
ct_w4_i1,4,calibration,42,256,ray_plus_residual,2404293136706004530,1,7.0,0.046276018984354295,0.046276018984354295,0.9570184565176217,0.9570184565176217,,0.15972834393835994,0,7,1792,0.9772293368514199,0.21713001679981594,49,0.0,49,697
ct_w4_i1,4,calibration,50,256,sampled_adam,10914510026707898890,0,,1.00939131487881,1.00939131487881,4.4597864943065953e-13,0.6073366969794275,,0.009383162332948346,0,199,50944,0.21732555292799488,0.9907918853240001,48,0.0,49,98
ct_w4_i1,4,calibration,50,256,sampled_diagonal_fisher,10914510026707898890,0,,1.0000360792879892,1.0000360792879892,2.4084115350955635e-25,0.7436633654743137,,4.862043978894113e-05,0,199,50944,0.2993268389057422,0.9972284429325033,48,0.0,49,49
ct_w4_i1,4,calibration,50,256,sampled_two_block_fisher,10914510026707898890,0,,1.0002674973336543,1.0002674973336543,4.762554045960202e-16,0.47697918783893184,,0.0003344768048719303,0,199,50944,0.5663701946113905,0.8317593505440536,48,0.0,49,697
ct_w4_i1,4,calibration,50,256,sampled_full_fisher,10914510026707898890,1,9.0,0.06993065975905743,0.06993065975905743,0.9434379112376705,0.9434379112376705,,0.25179732548383454,0,9,2304,0.9807674419545463,0.19612525612706735,48,0.0,49,1225
ct_w4_i1,4,calibration,50,256,ray_plus_residual,10914510026707898890,1,10.0,0.061748115504697054,0.061748115504697054,0.939009093260867,0.939009093260867,,0.28179435858285623,0,10,2560,0.9778048045391312,0.2142737813923665,48,0.0,49,697
ct_w4_i1,4,calibration,101,256,sampled_adam,13938225998849201082,0,,1.0076319697934029,1.0076319697934029,1.3270558556664612e-10,0.8536336325384295,,0.010058016653372234,0,199,50944,0.24147282695834787,0.989637734262313,45,0.0,49,98
ct_w4_i1,4,calibration,101,256,sampled_diagonal_fisher,13938225998849201082,0,,1.00006298478041,1.00006298478041,3.889148497451425e-20,0.5537910367422807,,8.548028502312033e-05,0,199,50944,0.4864209725135537,0.8771187059785188,45,0.0,49,49
ct_w4_i1,4,calibration,101,256,sampled_two_block_fisher,13938225998849201082,0,,1.0002107864563854,1.0002107864563854,7.078166103556851e-23,0.2094803290422678,,0.0004531185987036989,0,199,50944,0.5576472029844601,0.8398778584014968,45,0.0,49,697
ct_w4_i1,4,calibration,101,256,sampled_full_fisher,13938225998849201082,1,7.0,0.07053579953573852,0.07053579953573852,0.9407053870327805,0.9407053870327805,,0.2774221458841535,0,7,1792,0.734324908829783,0.7289377081345386,45,0.0,49,1225
ct_w4_i1,4,calibration,101,256,ray_plus_residual,13938225998849201082,1,8.0,0.05450484234490638,0.05450484234490638,0.9470482445099693,0.9470482445099693,,0.23646009493037334,0,8,2048,0.978045972446781,0.2130669180276268,45,0.0,49,697
ct_w4_i1,4,calibration,0,1024,sampled_adam,7609097023506985097,0,,1.0070484671426847,1.0070484671426847,2.1344799737579492e-14,0.9156720295267609,1919750022.966345,0.006836669793630437,1,199,203776,0.31391443716542133,0.986167184860241,49,0.0,49,98
ct_w4_i1,4,calibration,0,1024,sampled_diagonal_fisher,7609097023506985097,0,,1.000009651618182,1.000009651618182,1.224688628832724e-31,0.7970547913775184,,1.3962727671856462e-05,0,199,203776,0.3483005317679313,1.0142040322072527,49,0.0,49,49
ct_w4_i1,4,calibration,0,1024,sampled_two_block_fisher,7609097023506985097,0,,1.0000483300568543,1.0000483300568543,2.792117505958996e-18,0.5238810154348008,,6.0882459686852064e-05,0,199,203776,0.5779204302191976,0.8162556376924262,49,0.0,49,697
ct_w4_i1,4,calibration,0,1024,sampled_full_fisher,7609097023506985097,1,9.0,0.07459808876464535,0.07459808876464535,0.929418453519141,0.929418453519141,,0.34464808859379964,0,9,9216,1.0,4.101340267812653e-09,49,0.0,49,1225
ct_w4_i1,4,calibration,0,1024,ray_plus_residual,7609097023506985097,1,10.0,0.05169400921299072,0.05169400921299072,0.9486460710992715,0.9486460710992715,,0.24898441876440588,0,10,10240,0.9799696386214878,0.20321746854442604,49,0.0,49,697
ct_w4_i1,4,calibration,19,1024,sampled_adam,5840746201218124087,0,,2.004846150956162,2.004846150956162,1.2454769534080614e-14,0.9698986941039254,10160325.095203802,0.006476525554106613,1,199,203776,0.3380618066513661,0.9850076128787447,49,0.0,49,98
ct_w4_i1,4,calibration,19,1024,sampled_diagonal_fisher,5840746201218124087,0,,1.0000187871774688,1.0000187871774688,7.401035992225385e-18,0.9888944542200232,333425438946.6157,3.0506290883993693e-05,1,199,203776,0.405111841081739,0.9188101750528015,49,0.0,49,49
ct_w4_i1,4,calibration,19,1024,sampled_two_block_fisher,5840746201218124087,0,,1.0000849100448512,1.0000849100448512,1.1888862528325506e-22,0.43195439759666704,,0.00016752059232530918,0,199,203776,0.6310151691798874,0.7758039248172313,49,0.0,49,697
ct_w4_i1,4,calibration,19,1024,sampled_full_fisher,5840746201218124087,1,12.0,0.04347957645886602,0.04347957645886602,0.9621655685960153,0.9621655685960153,,0.23155220008507424,0,12,12288,0.9999999999999998,1.3039041277798396e-09,49,0.0,49,1225
ct_w4_i1,4,calibration,19,1024,ray_plus_residual,5840746201218124087,1,8.0,0.0970933855428271,0.0970933855428271,0.9047179381562825,0.9047179381562825,,0.5142020911159638,0,8,8192,0.9788520602853958,0.2089891002802783,49,0.0,49,697
ct_w4_i1,4,calibration,42,1024,sampled_adam,11595308391051959178,0,,1.0087635224339984,1.0087635224339984,5.131198019697225e-12,0.937707368903526,4300622154.878939,0.009939944996937893,1,199,203776,0.14488364764684536,0.9942463023413064,49,0.0,49,98
ct_w4_i1,4,calibration,42,1024,sampled_diagonal_fisher,11595308391051959178,1,4.0,0.009690931566328942,0.009690931566328942,0.9904389741232088,0.9904389741232088,,0.017559261237973,0,4,4096,0.35500963196931296,0.9779076734124799,49,0.0,49,49
ct_w4_i1,4,calibration,42,1024,sampled_two_block_fisher,11595308391051959178,1,5.0,0.024293791834063327,0.024293791834063327,0.9788538826659744,0.9788538826659744,,0.06925798815423803,0,5,5120,0.5788345983239234,0.8175630179766574,49,0.0,49,697
ct_w4_i1,4,calibration,42,1024,sampled_full_fisher,11595308391051959178,1,8.0,0.06137885034833701,0.06137885034833701,0.946417530013424,0.946417530013424,,0.20003771883236535,0,8,8192,1.0,1.412850596702206e-09,49,0.0,49,1225
ct_w4_i1,4,calibration,42,1024,ray_plus_residual,11595308391051959178,1,5.0,0.0968663480461256,0.0968663480461256,0.9128369545350705,0.9128369545350705,,0.27784718589096596,0,5,5120,0.9768245038725482,0.2191200066592274,49,0.0,49,697
ct_w4_i1,4,calibration,50,1024,sampled_adam,610944160172655973,0,,1.00817666400307,1.00817666400307,4.5180194901004065e-14,0.8757751972881518,,0.008640449230905952,0,199,203776,0.19317813268142991,0.9919446990284958,49,0.0,49,98
ct_w4_i1,4,calibration,50,1024,sampled_diagonal_fisher,610944160172655973,0,,1.0000120970720534,1.0000120970720534,5.902833525098297e-30,0.7026541225556323,,2.030411218280575e-05,0,199,203776,0.35887620552929705,0.9619010214657095,49,0.0,49,49
ct_w4_i1,4,calibration,50,1024,sampled_two_block_fisher,610944160172655973,0,,1.0000641604146931,1.0000641604146931,1.388653685863952e-26,0.4460455012923204,,0.0001011284248218437,0,199,203776,0.6773950197559511,0.7387532364572862,49,0.0,49,697
ct_w4_i1,4,calibration,50,1024,sampled_full_fisher,610944160172655973,1,10.0,0.040229656387799295,0.040229656387799295,0.9634779805169748,0.9634779805169748,,0.1783695519781611,0,10,10240,1.0000000000000002,3.78716100819063e-09,49,0.0,49,1225
ct_w4_i1,4,calibration,50,1024,ray_plus_residual,610944160172655973,1,9.0,0.0968087281450849,0.0968087281450849,0.9042979405053846,0.9042979405053846,,0.4297344897901036,0,9,9216,0.9776875791942357,0.21485827821887699,49,0.0,49,697
ct_w4_i1,4,calibration,101,1024,sampled_adam,1929636084251055615,0,,1.006489567834933,1.006489567834933,5.196173918963622e-11,0.852320601995534,,0.00876232701166523,0,199,203776,0.2414729229492223,0.9896377316423846,49,0.0,49,98
ct_w4_i1,4,calibration,101,1024,sampled_diagonal_fisher,1929636084251055615,0,,1.000028115888762,1.000028115888762,1.2496253858073945e-19,0.37231052422995314,,3.483474686002344e-05,0,199,203776,0.4987298075737392,0.8722624568714833,49,0.0,49,49
ct_w4_i1,4,calibration,101,1024,sampled_two_block_fisher,1929636084251055615,1,11.0,0.07432658140570148,0.07432658140570148,0.9319797976834937,0.9319797976834937,,0.3467862082708513,0,11,11264,0.6248627753812909,0.7842961721483616,49,0.0,49,697
ct_w4_i1,4,calibration,101,1024,sampled_full_fisher,1929636084251055615,1,8.0,0.07756587003389903,0.07756587003389903,0.9325036074953514,0.9325036074953514,,0.33937221377313975,0,8,8192,0.9999999999999998,1.2336531684460414e-08,49,0.0,49,1225
ct_w4_i1,4,calibration,101,1024,ray_plus_residual,1929636084251055615,1,7.0,0.06409073210079264,0.06409073210079264,0.9382222648523182,0.9382222648523182,,0.2560385953470116,0,7,7168,0.9779411617654882,0.21359214445856164,49,0.0,49,697
ct_w4_i1,4,calibration,0,4096,sampled_adam,15832456836827549658,0,,1.0068165198096164,1.0068165198096164,5.840325749506245e-15,0.9774747150357456,813426267.5052773,0.0066747105202496805,1,199,815104,0.2897671719035996,0.9873253924991704,49,0.0,49,98
ct_w4_i1,4,calibration,0,4096,sampled_diagonal_fisher,15832456836827549658,0,,1.0000032972780613,1.0000032972780613,4.3604394437819815e-34,0.8732114913941444,,5.028493993790749e-06,0,199,815104,0.362332353249117,1.0052469514433349,49,0.0,49,49
ct_w4_i1,4,calibration,0,4096,sampled_two_block_fisher,15832456836827549658,0,,1.0000494576062877,1.0000494576062877,2.206092768528125e-20,0.6064719262903926,,0.00010850431661507317,0,199,815104,0.6242688603550011,0.7816849052751567,49,0.0,49,697
ct_w4_i1,4,calibration,0,4096,sampled_full_fisher,15832456836827549658,1,10.0,0.07139703096543393,0.07139703096543393,0.9303242801868958,0.9303242801868958,,0.34787383067228794,0,10,40960,1.0,2.1162204772804353e-09,49,0.0,49,1225
ct_w4_i1,4,calibration,0,4096,ray_plus_residual,15832456836827549658,1,9.0,0.07013073837469186,0.07013073837469186,0.930349881182276,0.930349881182276,,0.33724650384861354,0,9,36864,0.9797152863681087,0.2045436136848672,49,0.0,49,697
ct_w4_i1,4,calibration,19,4096,sampled_adam,6175252266516854100,0,,2.0041180725177643,2.0041180725177643,4.253332944172311e-15,0.9791408994149355,18515919.055283915,0.005377545873240665,1,199,815104,0.2656199441784137,0.9884822418972673,49,0.0,49,98
ct_w4_i1,4,calibration,19,4096,sampled_diagonal_fisher,6175252266516854100,0,,1.0000048352672763,1.0000048352672763,5.339097649728502e-28,0.8028946006571711,,6.738985451308541e-06,0,199,815104,0.4040351554182031,0.9195119763860635,49,0.0,49,49
ct_w4_i1,4,calibration,19,4096,sampled_two_block_fisher,6175252266516854100,0,,1.0000411729740772,1.0000411729740772,1.0524875024304928e-27,0.42745631491586245,,0.00013293178762796223,0,199,815104,0.6337426848535245,0.774616856352097,49,0.0,49,697
ct_w4_i1,4,calibration,19,4096,sampled_full_fisher,6175252266516854100,1,12.0,0.06103304828918965,0.06103304828918965,0.9424729090038177,0.9424729090038177,,0.35412059576884464,0,12,49152,0.9999999999999998,1.8330908268726345e-09,49,0.0,49,1225
ct_w4_i1,4,calibration,19,4096,ray_plus_residual,6175252266516854100,1,9.0,0.09182171417942442,0.09182171417942442,0.909052076084975,0.909052076084975,,0.5232015046544205,0,9,36864,0.9786419733316457,0.21005853515146053,49,0.0,49,697
ct_w4_i1,4,calibration,42,4096,sampled_adam,4765317528267827773,0,,1.008431859872461,1.008431859872461,2.1986145083991473e-12,0.9497760258393024,3938767179.8092566,0.009445134197561746,1,199,815104,0.3139144317233678,0.9861671856696023,49,0.0,49,98
ct_w4_i1,4,calibration,42,4096,sampled_diagonal_fisher,4765317528267827773,0,,1.0000014365022434,1.0000014365022434,1.0229697593518996e-30,0.9511260393049915,805520129024.4424,1.7777953300762645e-06,1,199,815104,0.3773574751561354,0.9518767262291703,49,0.0,49,49
ct_w4_i1,4,calibration,42,4096,sampled_two_block_fisher,4765317528267827773,1,6.0,0.031157108378367937,0.031157108378367937,0.9713902070023538,0.9713902070023538,,0.1240365818334303,0,6,24576,0.5831061244754834,0.8124211227348909,49,0.0,49,697
ct_w4_i1,4,calibration,42,4096,sampled_full_fisher,4765317528267827773,1,8.0,0.0960282983321541,0.0960282983321541,0.913596354232099,0.913596354232099,,0.3618030145021737,0,8,32768,1.0000000000000002,1.1238901256131815e-09,49,0.0,49,1225
ct_w4_i1,4,calibration,42,4096,ray_plus_residual,4765317528267827773,1,5.0,0.09981621422737419,0.09981621422737419,0.9097177120925815,0.9097177120925815,,0.28735749999869786,0,5,20480,0.9768204166229804,0.21914001828545082,49,0.0,49,697
ct_w4_i1,4,calibration,50,4096,sampled_adam,4403184479998556363,0,,1.0079014044509975,1.0079014044509975,4.365803632890831e-14,0.8883715248504007,,0.008467334193179512,0,199,815104,0.3139144173561895,0.98616718665712,49,0.0,49,98
ct_w4_i1,4,calibration,50,4096,sampled_diagonal_fisher,4403184479998556363,0,,1.0000040579440501,1.0000040579440501,1.1603229118707698e-28,0.8635876644874684,,5.0525513482841235e-06,0,199,815104,0.34712400079121225,0.9645518340518732,49,0.0,49,49
ct_w4_i1,4,calibration,50,4096,sampled_two_block_fisher,4403184479998556363,0,,1.0000692976712635,1.0000692976712635,3.3618690277699813e-25,0.41020723065832104,,0.00013091568355989418,0,199,815104,0.6456160568793607,0.7693227186891359,49,0.0,49,697
ct_w4_i1,4,calibration,50,4096,sampled_full_fisher,4403184479998556363,1,10.0,0.08084935504571078,0.08084935504571078,0.9239387522712814,0.9239387522712814,,0.37294213293497264,0,10,40960,1.0,3.2420941026895773e-09,49,0.0,49,1225
ct_w4_i1,4,calibration,50,4096,ray_plus_residual,4403184479998556363,1,10.0,0.0643645422796677,0.0643645422796677,0.9359603187156949,0.9359603187156949,,0.3033005141433751,0,10,40960,0.9774145420829176,0.216214350663907,49,0.0,49,697
ct_w4_i1,4,calibration,101,4096,sampled_adam,11810967328162559149,0,,1.0065993685802486,1.0065993685802486,3.444637214017555e-11,0.8693050784122813,,0.009127289735451677,0,199,815104,0.2173253887992157,0.99079189203635,49,0.0,49,98
ct_w4_i1,4,calibration,101,4096,sampled_diagonal_fisher,11810967328162559149,0,,1.0000107437167571,1.0000107437167571,2.8136116815718326e-21,0.7475298023098961,,1.7511350070176876e-05,0,199,815104,0.4949493685344566,0.8839809581598482,49,0.0,49,49
ct_w4_i1,4,calibration,101,4096,sampled_two_block_fisher,11810967328162559149,1,8.0,0.04341169675260481,0.04341169675260481,0.9607346921222878,0.9607346921222878,,0.17006632209063005,0,8,32768,0.5781741391459997,0.8311733214309954,49,0.0,49,697
ct_w4_i1,4,calibration,101,4096,sampled_full_fisher,11810967328162559149,1,9.0,0.0724012162857175,0.0724012162857175,0.9328597645259089,0.9328597645259089,,0.3400704197674209,0,9,36864,1.0,5.673746915141529e-09,49,0.0,49,1225
ct_w4_i1,4,calibration,101,4096,ray_plus_residual,11810967328162559149,1,7.0,0.05271668312719768,0.05271668312719768,0.9492593590901238,0.9492593590901238,,0.20816111821540073,0,7,28672,0.9782800044060208,0.21189005331720212,49,0.0,49,697
ct_w4_i2,4,evaluation,0,0,analytic_target_cooling,0,1,8.0,0.07987122841024075,0.07987122841024075,0.922275490445401,0.922275490445401,,0.11604657828896472,0,0,0,1.0,0.0,-1,0.0,50,50
ct_w4_i2,4,evaluation,19,0,analytic_target_cooling,0,1,10.0,0.08951489850210415,0.08951489850210415,0.9121735078528049,0.9121735078528049,,0.28165355247321094,0,0,0,1.0,0.0,-1,0.0,50,50
ct_w4_i2,4,evaluation,42,0,analytic_target_cooling,0,1,9.0,0.08324040212847272,0.08324040212847272,0.9192619661160193,0.9192619661160193,,0.12010082777509555,0,0,0,1.0,0.0,-1,0.0,50,50
ct_w4_i2,4,evaluation,50,0,analytic_target_cooling,0,1,13.0,0.06968496619860787,0.06968496619860787,0.9307894237788081,0.9307894237788081,,0.30463436214019607,0,0,0,1.0,0.0,-1,0.0,50,50
ct_w4_i2,4,evaluation,101,0,analytic_target_cooling,0,1,9.0,0.08251774695404457,0.08251774695404457,0.9190483730930087,0.9190483730930087,,0.12514375381828222,0,0,0,1.0,0.0,-1,0.0,50,50
ct_w4_i2,4,evaluation,0,64,sampled_adam,1311707314825268507,1,35.0,0.09743634150330571,0.09743634150330571,0.9179340237457304,0.9179340237457304,,0.06231891856855228,0,35,2240,0.2828427091812752,0.9877021599969051,37,0.0,50,100
ct_w4_i2,4,evaluation,0,64,sampled_diagonal_fisher,1311707314825268507,1,2.0,0.025810974384516072,0.025810974384516072,0.9777033372561413,0.9777033372561413,,0.021178367383147552,0,2,128,0.28300635045128403,1.1974920872796746,37,0.0,50,50
ct_w4_i2,4,evaluation,0,64,sampled_two_block_fisher,1311707314825268507,1,4.0,0.07134877775276927,0.07134877775276927,0.9431022086192621,0.9431022086192621,,0.0711898394077342,0,4,256,0.3318600294406359,1.019682607328267,37,0.0,50,731
ct_w4_i2,4,evaluation,0,64,sampled_full_fisher,1311707314825268507,1,5.0,0.06774786131982147,0.06774786131982147,0.9486175321705176,0.9486175321705176,,0.055057850816311774,0,5,320,0.5182941580545907,0.981535370677399,37,0.0,50,1275
ct_w4_i2,4,evaluation,0,64,ray_plus_residual,1311707314825268507,1,11.0,0.039207579056411035,0.039207579056411035,0.9615201999302094,0.9615201999302094,,0.09124664953479841,0,11,704,0.9802528822957021,0.20173165733355547,37,0.0,50,731
ct_w4_i2,4,evaluation,19,64,sampled_adam,15993964887019938474,0,,1.0131373439137814,1.0131373439137814,1.6998279630394561e-12,0.9896078206971526,37695352.97980962,0.010397716940768032,1,199,12736,0.16499162855744842,0.9933109603606828,39,0.0,50,100
ct_w4_i2,4,evaluation,19,64,sampled_diagonal_fisher,15993964887019938474,0,,1.0002417459349537,1.0002417459349537,1.0569260019703877e-27,0.9997840826318471,59504533475.75653,0.00032323677380996296,1,199,12736,0.24048604828099493,1.0940051957001817,39,0.0,50,50
ct_w4_i2,4,evaluation,19,64,sampled_two_block_fisher,15993964887019938474,1,5.0,0.06897891053237615,0.06897891053237615,0.9400037974001181,0.9400037974001181,,0.10461470346271605,0,5,320,0.5006263635439258,0.9238870457826983,39,0.0,50,731
ct_w4_i2,4,evaluation,19,64,sampled_full_fisher,15993964887019938474,1,7.0,0.05266835340235687,0.05266835340235687,0.9621480956245144,0.9621480956245144,,0.10354148931483684,0,7,448,0.6456597009840801,0.8418316922234751,39,0.0,50,1275
ct_w4_i2,4,evaluation,19,64,ray_plus_residual,15993964887019938474,1,9.0,0.09829106012987943,0.09829106012987943,0.9048579626211819,0.9048579626211819,,0.30271413181276513,0,9,576,0.9784605365584647,0.21097831623303623,39,0.0,50,731
ct_w4_i2,4,evaluation,42,64,sampled_adam,821388014854733551,1,47.0,0.0981581571615493,0.0981581571615493,0.912982772961203,0.912982772961203,,0.0704482845702045,0,47,3008,0.18856182231464225,0.9921917374767526,46,0.0,50,100
ct_w4_i2,4,evaluation,42,64,sampled_diagonal_fisher,821388014854733551,1,2.0,0.09336994773041063,0.09336994773041063,0.9170688195647247,0.9170688195647247,,0.07598827863912541,0,2,128,0.29776133986575637,1.1851064594661895,46,0.0,50,50
ct_w4_i2,4,evaluation,42,64,sampled_two_block_fisher,821388014854733551,1,3.0,0.09704521648423992,0.09704521648423992,0.9211896182716435,0.9211896182716435,,0.08982814755145904,0,3,192,0.4695059368097052,1.0300427789080362,46,0.0,50,731
ct_w4_i2,4,evaluation,42,64,sampled_full_fisher,821388014854733551,1,6.0,0.06901357401203079,0.06901357401203079,0.9416808696600281,0.9416808696600281,,0.07088788988103996,0,6,384,0.8338041242279265,0.5765342587775223,46,0.0,50,1275
ct_w4_i2,4,evaluation,42,64,ray_plus_residual,821388014854733551,1,8.0,0.09513916654122845,0.09513916654122845,0.9094521206653119,0.9094521206653119,,0.2471559630850986,0,8,512,0.9797013220005197,0.20461620220222684,46,0.0,50,731
ct_w4_i2,4,evaluation,50,64,sampled_adam,6575447026931757757,0,,1.0135078658936862,1.0135078658936862,6.431280703377896e-16,0.9872040116063446,149632580.8216296,0.012904405312370514,1,199,12736,0.2357020928375848,0.9899495063499719,42,0.0,50,100
ct_w4_i2,4,evaluation,50,64,sampled_diagonal_fisher,6575447026931757757,0,,1.0001768382623837,1.0001768382623837,3.8782187348395485e-28,0.999841728525586,430797671660.8164,0.00017341987983601789,1,199,12736,0.2747696074584504,1.1121031930277951,42,0.0,50,50
ct_w4_i2,4,evaluation,50,64,sampled_two_block_fisher,6575447026931757757,0,,1.0003442309173938,1.0003442309173938,1.1987651036297786e-25,0.7447753548953473,,0.0003248999261222071,0,199,12736,0.4004106819296091,0.9814787568638561,42,0.0,50,731
ct_w4_i2,4,evaluation,50,64,sampled_full_fisher,6575447026931757757,1,8.0,0.0962566961190312,0.0962566961190312,0.9229309654292529,0.9229309654292529,,0.1867513074807972,0,8,512,0.7149695803790483,0.755023734224232,42,0.0,50,1275
ct_w4_i2,4,evaluation,50,64,ray_plus_residual,6575447026931757757,1,11.0,0.08409579080902851,0.08409579080902851,0.9177380148415768,0.9177380148415768,,0.286195603136291,0,11,704,0.9799698877609071,0.20321616584333993,42,0.0,50,731
ct_w4_i2,4,evaluation,101,64,sampled_adam,6156488419884851577,1,44.0,0.09943966551091066,0.09943966551091066,0.9115544088578377,0.9115544088578377,,0.06493671144569252,0,44,2816,0.30641292394857106,0.9865765740088094,39,0.0,50,100
ct_w4_i2,4,evaluation,101,64,sampled_diagonal_fisher,6156488419884851577,1,3.0,0.06390397396938319,0.06390397396938319,0.9412816169383126,0.9412816169383126,,0.05531704772146335,0,3,192,0.2822056221442694,1.1981605717563324,39,0.0,50,50
ct_w4_i2,4,evaluation,101,64,sampled_two_block_fisher,6156488419884851577,1,4.0,0.04064404950089617,0.04064404950089617,0.9688580600987,0.9688580600987,,0.028762280273043967,0,4,256,0.37919181608474406,1.0583584103645391,39,0.0,50,731
ct_w4_i2,4,evaluation,101,64,sampled_full_fisher,6156488419884851577,1,6.0,0.06267084004404211,0.06267084004404211,0.9462087140878731,0.9462087140878731,,0.0631071176430897,0,6,384,0.561345187118377,0.9366480799976294,39,0.0,50,1275
ct_w4_i2,4,evaluation,101,64,ray_plus_residual,6156488419884851577,1,9.0,0.05781757482926686,0.05781757482926686,0.9439583984454069,0.9439583984454069,,0.10990299949242564,0,9,576,0.97853758412448,0.2105881572442392,39,0.0,50,731
ct_w4_i2,4,evaluation,0,256,sampled_adam,5667316299182272206,1,32.0,0.09906426320579875,0.09906426320579875,0.9157742456861984,0.9157742456861984,,0.06673769905984346,0,32,8192,0.2828427071139517,0.9877021600666843,46,0.0,50,100
ct_w4_i2,4,evaluation,0,256,sampled_diagonal_fisher,5667316299182272206,1,2.0,0.05974291400148957,0.05974291400148957,0.9426332409217194,0.9426332409217194,,0.050240524252393504,0,2,512,0.3164175896579512,1.1692582352432237,46,0.0,50,50
ct_w4_i2,4,evaluation,0,256,sampled_two_block_fisher,5667316299182272206,1,3.0,0.027127857257109866,0.027127857257109866,0.9753015633177464,0.9753015633177464,,0.02089452884307501,0,3,768,0.46068716170016266,0.9104818132221801,46,0.0,50,731
ct_w4_i2,4,evaluation,0,256,sampled_full_fisher,5667316299182272206,1,5.0,0.0783838199607203,0.0783838199607203,0.9348056559407453,0.9348056559407453,,0.10560698814950072,0,5,1280,0.7406827755922688,0.7201627932734805,46,0.0,50,1275
ct_w4_i2,4,evaluation,0,256,ray_plus_residual,5667316299182272206,1,6.0,0.0677730907153773,0.0677730907153773,0.935298267368054,0.935298267368054,,0.07207245461328247,0,6,1536,0.9788475517318713,0.2090121010049002,46,0.0,50,731
ct_w4_i2,4,evaluation,19,256,sampled_adam,6347835371625404464,0,,1.0111654028652008,1.0111654028652008,9.415941516519482e-14,0.9912518744073834,185678644.36813134,0.009017765698377941,1,199,50944,0.07071077350783946,0.9977752987919244,49,0.0,50,100
ct_w4_i2,4,evaluation,19,256,sampled_diagonal_fisher,6347835371625404464,0,,1.0000276434282434,1.0000276434282434,5.444233208457137e-25,0.9999820635571741,216577618970.657,3.750101778080252e-05,1,199,50944,0.25350348848287985,1.0842506333447997,49,0.0,50,50
ct_w4_i2,4,evaluation,19,256,sampled_two_block_fisher,6347835371625404464,1,7.0,0.023922579346729478,0.023922579346729478,0.9819224184937226,0.9819224184937226,,0.04646649215417614,0,7,1792,0.5579669329804346,0.8345526696434993,49,0.0,50,731
ct_w4_i2,4,evaluation,19,256,sampled_full_fisher,6347835371625404464,1,8.0,0.05211833358384155,0.05211833358384155,0.9583403975745343,0.9583403975745343,,0.12194036558117168,0,8,2048,0.9415806292162606,0.34181682458222923,49,0.0,50,1275
ct_w4_i2,4,evaluation,19,256,ray_plus_residual,6347835371625404464,1,7.0,0.06835072974706513,0.06835072974706513,0.9341729218397582,0.9341729218397582,,0.1585469487863661,0,7,1792,0.9786108643306191,0.2102164895308952,49,0.0,50,731
ct_w4_i2,4,evaluation,42,256,sampled_adam,18167919499251857639,1,43.0,0.09967028537500688,0.09967028537500688,0.91037844207616,0.91037844207616,,0.07362574932758814,0,43,11008,0.28284270194248634,0.9877021604664441,50,0.0,50,100
ct_w4_i2,4,evaluation,42,256,sampled_diagonal_fisher,18167919499251857639,1,3.0,0.00726576433496362,0.00726576433496362,0.9931202841803263,0.9931202841803263,,0.006897703534386678,0,3,768,0.3018350183519621,1.144571563715978,50,0.0,50,50
ct_w4_i2,4,evaluation,42,256,sampled_two_block_fisher,18167919499251857639,1,3.0,0.07290066755217772,0.07290066755217772,0.9344171386565462,0.9344171386565462,,0.07754470171298332,0,3,768,0.39630277935288766,0.9572601372147026,50,0.0,50,731
ct_w4_i2,4,evaluation,42,256,sampled_full_fisher,18167919499251857639,1,8.0,0.0536239420923863,0.0536239420923863,0.9622950501440158,0.9622950501440158,,0.10070329956002202,0,8,2048,1.0000000000000002,2.2814267213788145e-09,50,0.0,50,1275
ct_w4_i2,4,evaluation,42,256,ray_plus_residual,18167919499251857639,1,6.0,0.07291712763592528,0.07291712763592528,0.9326911361416778,0.9326911361416778,,0.10897202018810812,0,6,1536,0.9786457731076913,0.2100392348729805,50,0.0,50,731
ct_w4_i2,4,evaluation,50,256,sampled_adam,1959769557834218183,0,,1.0130694659073853,1.0130694659073853,4.770742264900114e-16,0.9877407847038624,185522268.22939345,0.011978207343053255,1,199,50944,0.19047620117670203,0.9921693403393698,49,0.0,50,100
ct_w4_i2,4,evaluation,50,256,sampled_diagonal_fisher,1959769557834218183,0,,1.0000600855150577,1.0000600855150577,1.2138851213543746e-31,0.7864811277466549,,5.720501621173979e-05,0,199,50944,0.29981915132169723,1.0796899999266587,49,0.0,50,50
ct_w4_i2,4,evaluation,50,256,sampled_two_block_fisher,1959769557834218183,0,,1.0001097404422818,1.0001097404422818,6.686134628223075e-25,0.518332127605603,,0.00012754255242254745,0,199,50944,0.4014784942616289,0.9274658980675049,49,0.0,50,731
ct_w4_i2,4,evaluation,50,256,sampled_full_fisher,1959769557834218183,1,9.0,0.048202001700030195,0.048202001700030195,0.9595982744255401,0.9595982744255401,,0.16556952972592334,0,9,2304,0.9813067672373627,0.19335580034039604,49,0.0,50,1275
ct_w4_i2,4,evaluation,50,256,ray_plus_residual,1959769557834218183,1,8.0,0.07095753663807436,0.07095753663807436,0.9311474217359733,0.9311474217359733,,0.260561865877983,0,8,2048,0.9784536148536398,0.21101333605034248,49,0.0,50,731
ct_w4_i2,4,evaluation,101,256,sampled_adam,869737378399742996,1,41.0,0.0984796293891943,0.0984796293891943,0.9135136580329297,0.9135136580329297,,0.06577498706966552,0,41,10496,0.18856185238929785,0.9921917364164704,50,0.0,50,100
ct_w4_i2,4,evaluation,101,256,sampled_diagonal_fisher,869737378399742996,1,2.0,0.024582664019652256,0.024582664019652256,0.9778540968648766,0.9778540968648766,,0.016536934537412597,0,2,512,0.25593580193314774,1.1917438540819065,50,0.0,50,50
ct_w4_i2,4,evaluation,101,256,sampled_two_block_fisher,869737378399742996,1,3.0,0.03232673923194085,0.03232673923194085,0.9730465941828356,0.9730465941828356,,0.020168164873055863,0,3,768,0.22972227492546626,1.0747972022104435,50,0.0,50,731
ct_w4_i2,4,evaluation,101,256,sampled_full_fisher,869737378399742996,1,6.0,0.05820268829022979,0.05820268829022979,0.9472704966550874,0.9472704966550874,,0.08370314586881507,0,6,1536,1.0,6.206267747803499e-09,50,0.0,50,1275
ct_w4_i2,4,evaluation,101,256,ray_plus_residual,869737378399742996,1,6.0,0.05580287737757139,0.05580287737757139,0.946887679545112,0.946887679545112,,0.0551347575628306,0,6,1536,0.9783374564355879,0.2116002762006802,50,0.0,50,731
ct_w4_i2,4,evaluation,0,1024,sampled_adam,7807416510685879345,1,32.0,0.09544778658400865,0.09544778658400865,0.9188167357260754,0.9188167357260754,,0.0651384842878538,0,32,32768,0.2828426455561582,0.987702165311655,50,0.0,50,100
ct_w4_i2,4,evaluation,0,1024,sampled_diagonal_fisher,7807416510685879345,1,2.0,0.022665364772459284,0.022665364772459284,0.978099524653891,0.978099524653891,,0.019583706551596466,0,2,2048,0.3330234692742594,1.154968857351349,50,0.0,50,50
ct_w4_i2,4,evaluation,0,1024,sampled_two_block_fisher,7807416510685879345,1,3.0,0.021717290694104108,0.021717290694104108,0.981470336780254,0.981470336780254,,0.01725905569978612,0,3,3072,0.5873696610879262,0.8133855624513195,50,0.0,50,731
ct_w4_i2,4,evaluation,0,1024,sampled_full_fisher,7807416510685879345,1,6.0,0.06941258232700065,0.06941258232700065,0.938444568203391,0.938444568203391,,0.10873464478030163,0,6,6144,1.0,8.393300997950299e-09,50,0.0,50,1275
ct_w4_i2,4,evaluation,0,1024,ray_plus_residual,7807416510685879345,1,6.0,0.06403034701903998,0.06403034701903998,0.9392201834734547,0.9392201834734547,,0.07648276812113954,0,6,6144,0.9788795594735973,0.20884876314783304,50,0.0,50,731
ct_w4_i2,4,evaluation,19,1024,sampled_adam,9432295890848479051,0,,1.008959628692459,1.008959628692459,2.6937102458135093e-14,0.9929936025461075,229080320.8300712,0.007145374539915023,1,199,203776,0.1414213797873108,0.9944289255433617,50,0.0,50,100
ct_w4_i2,4,evaluation,19,1024,sampled_diagonal_fisher,9432295890848479051,0,,1.0000381668233285,1.0000381668233285,4.289235929250633e-09,0.9851270795245037,552870044047.2178,4.0805707702567874e-05,1,199,203776,0.26104083680451645,1.0658528013667012,50,0.0,50,50
ct_w4_i2,4,evaluation,19,1024,sampled_two_block_fisher,9432295890848479051,1,4.0,0.06802361584790617,0.06802361584790617,0.936939882908857,0.936939882908857,,0.1341937409714029,0,4,4096,0.4033416948891501,0.9297918819378844,50,0.0,50,731
ct_w4_i2,4,evaluation,19,1024,sampled_full_fisher,9432295890848479051,1,8.0,0.05901111251425206,0.05901111251425206,0.9465869228540951,0.9465869228540951,,0.17245600186288182,0,8,8192,1.0,3.7976000048889735e-09,50,0.0,50,1275
ct_w4_i2,4,evaluation,19,1024,ray_plus_residual,9432295890848479051,1,7.0,0.0619640181625396,0.0619640181625396,0.940230528047717,0.940230528047717,,0.14594231037149194,0,7,7168,0.979078320899833,0.20783195584644445,50,0.0,50,731
ct_w4_i2,4,evaluation,42,1024,sampled_adam,7643843898153863777,1,42.0,0.09724282561266939,0.09724282561266939,0.9125964705641293,0.9125964705641293,,0.0717486334207603,0,42,43008,0.30641290956219336,0.9865765753333945,50,0.0,50,100
ct_w4_i2,4,evaluation,42,1024,sampled_diagonal_fisher,7643843898153863777,1,2.0,0.08765386108192885,0.08765386108192885,0.9166009867309037,0.9166009867309037,,0.07751732121310245,0,2,2048,0.3247479448514734,1.0591353539145294,50,0.0,50,50
ct_w4_i2,4,evaluation,42,1024,sampled_two_block_fisher,7643843898153863777,1,3.0,0.04496116303326758,0.04496116303326758,0.9589725188086976,0.9589725188086976,,0.04188807473441098,0,3,3072,0.44753673464490906,0.9128935248185158,50,0.0,50,731
ct_w4_i2,4,evaluation,42,1024,sampled_full_fisher,7643843898153863777,1,7.0,0.06289976520564622,0.06289976520564622,0.9419048818222073,0.9419048818222073,,0.09799170878048515,0,7,7168,1.0000000000000004,2.662211768961492e-09,50,0.0,50,1275
ct_w4_i2,4,evaluation,42,1024,ray_plus_residual,7643843898153863777,1,5.0,0.07627060246289474,0.07627060246289474,0.9281535348079678,0.9281535348079678,,0.08314735445666371,0,5,5120,0.9790204480980144,0.20812846540581795,50,0.0,50,731
ct_w4_i2,4,evaluation,50,1024,sampled_adam,9515831089879544497,0,,1.0115178102812443,1.0115178102812443,3.0759886532424453e-16,0.9891121173479018,229177880.26515815,0.01060625564181484,1,199,203776,0.21213211227294915,0.9910712477035585,50,0.0,50,100
ct_w4_i2,4,evaluation,50,1024,sampled_diagonal_fisher,9515831089879544497,0,,1.0000513704306222,1.0000513704306222,1.8496910180376197e-29,0.9999640138791316,9437739599.990322,7.448045108297446e-05,1,199,203776,0.3179036989151371,1.034871727318667,50,0.0,50,50
ct_w4_i2,4,evaluation,50,1024,sampled_two_block_fisher,9515831089879544497,0,,1.0000438226129251,1.0000438226129251,3.14150537849235e-27,0.8347996128772168,,4.189363666593275e-05,0,199,203776,0.6161630918714726,0.7901026631035287,50,0.0,50,731
ct_w4_i2,4,evaluation,50,1024,sampled_full_fisher,9515831089879544497,1,9.0,0.09156162865547834,0.09156162865547834,0.9145962587233019,0.9145962587233019,,0.37035527250351474,0,9,9216,1.0,1.5737260742894588e-09,50,0.0,50,1275
ct_w4_i2,4,evaluation,50,1024,ray_plus_residual,9515831089879544497,1,9.0,0.036297505166174915,0.036297505166174915,0.964202308633448,0.964202308633448,,0.14535597695477434,0,9,9216,0.9779708771820271,0.21344334893274505,50,0.0,50,731
ct_w4_i2,4,evaluation,101,1024,sampled_adam,7043508559364308793,1,40.0,0.09923062396138249,0.09923062396138249,0.9121656608246259,0.9121656608246259,,0.06780836282008626,0,40,40960,0.2357022757656985,0.9899494940046534,50,0.0,50,100
ct_w4_i2,4,evaluation,101,1024,sampled_diagonal_fisher,7043508559364308793,1,2.0,0.06811370205119083,0.06811370205119083,0.9335836178614128,0.9335836178614128,,0.06215222765858731,0,2,2048,0.3183239455748144,1.1666664552116146,50,0.0,50,50
ct_w4_i2,4,evaluation,101,1024,sampled_two_block_fisher,7043508559364308793,1,3.0,0.025377326695389613,0.025377326695389613,0.975460687185863,0.975460687185863,,0.018219276336529477,0,3,3072,0.36627424055461655,0.9983656553608841,50,0.0,50,731
ct_w4_i2,4,evaluation,101,1024,sampled_full_fisher,7043508559364308793,1,7.0,0.05861816409574061,0.05861816409574061,0.9507153450870001,0.9507153450870001,,0.09157711370533175,0,7,7168,0.9999999999999998,5.450649698671757e-09,50,0.0,50,1275
ct_w4_i2,4,evaluation,101,1024,ray_plus_residual,7043508559364308793,1,5.0,0.09420700309320651,0.09420700309320651,0.9112386872969026,0.9112386872969026,,0.08977091915767302,0,5,5120,0.9786832781976268,0.2098486513623837,50,0.0,50,731
ct_w4_i2,4,evaluation,0,4096,sampled_adam,409898888999743738,1,31.0,0.09794595815304064,0.09794595815304064,0.9167718909301446,0.9167718909301446,,0.06667495690715577,0,31,126976,0.28284271024661717,0.9877021599937921,50,0.0,50,100
ct_w4_i2,4,evaluation,0,4096,sampled_diagonal_fisher,409898888999743738,1,2.0,0.04476777641128393,0.04476777641128393,0.9564350984740642,0.9564350984740642,,0.04321487169389659,0,2,8192,0.32992334702244197,1.1576499064722097,50,0.0,50,50
ct_w4_i2,4,evaluation,0,4096,sampled_two_block_fisher,409898888999743738,1,3.0,0.03360971788256961,0.03360971788256961,0.9693495270867899,0.9693495270867899,,0.02671997337289144,0,3,12288,0.6515095464503038,0.7586404843525533,50,0.0,50,731
ct_w4_i2,4,evaluation,0,4096,sampled_full_fisher,409898888999743738,1,7.0,0.04934270686519149,0.04934270686519149,0.9532414393951749,0.9532414393951749,,0.07424915053917486,0,7,28672,0.9999999999999998,1.8868903149760582e-09,50,0.0,50,1275
ct_w4_i2,4,evaluation,0,4096,ray_plus_residual,409898888999743738,1,5.0,0.07110769776299364,0.07110769776299364,0.9328677496702596,0.9328677496702596,,0.07792799273590029,0,5,20480,0.9786724136987776,0.20990387526603535,50,0.0,50,731
ct_w4_i2,4,evaluation,19,4096,sampled_adam,16966229396993127980,0,,1.0089914337675499,1.0089914337675499,2.4760548392543553e-14,0.9929721912570963,273637686.79719317,0.007224754378190829,1,199,815104,0.2121317916825332,0.9910712638870341,50,0.0,50,100
ct_w4_i2,4,evaluation,19,4096,sampled_diagonal_fisher,16966229396993127980,0,,1.0000055440699942,1.0000055440699942,7.063731772707895e-14,0.9970832929124105,503532701938.9109,6.582528359916882e-06,1,199,815104,0.2466854671643209,1.073436446236448,50,0.0,50,50
ct_w4_i2,4,evaluation,19,4096,sampled_two_block_fisher,16966229396993127980,1,5.0,0.03277320754245672,0.03277320754245672,0.9687593676783905,0.9687593676783905,,0.08478571190135901,0,5,20480,0.46062773364289733,0.8934379139360251,50,0.0,50,731
ct_w4_i2,4,evaluation,19,4096,sampled_full_fisher,16966229396993127980,1,9.0,0.04375642233794608,0.04375642233794608,0.9599143864151278,0.9599143864151278,,0.13818302489454443,0,9,36864,1.0000000000000002,1.7310441137017414e-09,50,0.0,50,1275
ct_w4_i2,4,evaluation,19,4096,ray_plus_residual,16966229396993127980,1,6.0,0.0698985761086739,0.0698985761086739,0.93283232666421,0.93283232666421,,0.16330295575671355,0,6,24576,0.9789692721995251,0.20839035582257062,50,0.0,50,731
ct_w4_i2,4,evaluation,42,4096,sampled_adam,3340613247827471968,1,42.0,0.09832703910827334,0.09832703910827334,0.9113703926266004,0.9113703926266004,,0.07256299146758184,0,42,172032,0.30641292684937266,0.9865765736667585,50,0.0,50,100
ct_w4_i2,4,evaluation,42,4096,sampled_diagonal_fisher,3340613247827471968,1,3.0,0.011581642896873134,0.011581642896873134,0.9885049226162035,0.9885049226162035,,0.011700152820831495,0,3,12288,0.33247564562097154,1.0497339376390296,50,0.0,50,50
ct_w4_i2,4,evaluation,42,4096,sampled_two_block_fisher,3340613247827471968,1,3.0,0.04142810192711366,0.04142810192711366,0.9613527090901975,0.9613527090901975,,0.041262640924689134,0,3,12288,0.48206749045403263,0.8813034393303006,50,0.0,50,731
ct_w4_i2,4,evaluation,42,4096,sampled_full_fisher,3340613247827471968,1,8.0,0.05907232618071134,0.05907232618071134,0.9442523857785096,0.9442523857785096,,0.09298019488821747,0,8,32768,1.0000000000000004,1.071271378950275e-09,50,0.0,50,1275
ct_w4_i2,4,evaluation,42,4096,ray_plus_residual,3340613247827471968,1,5.0,0.04920518097335069,0.04920518097335069,0.953025967676909,0.953025967676909,,0.050493092934692806,0,5,20480,0.9789584319313944,0.2084457934553272,50,0.0,50,731
ct_w4_i2,4,evaluation,50,4096,sampled_adam,373798639569075067,0,,1.011383084036483,1.011383084036483,2.251214095609848e-16,0.9892353147444558,264944107.4942724,0.01061227745599728,1,199,815104,0.2592720459367816,0.988826500531971,50,0.0,50,100
ct_w4_i2,4,evaluation,50,4096,sampled_diagonal_fisher,373798639569075067,0,,1.0000034807576448,1.0000034807576448,2.1342709734162028e-38,0.9999967173507283,879596179034.8927,5.284151686510551e-06,1,199,815104,0.3036748558048091,1.0495249983819315,50,0.0,50,50
ct_w4_i2,4,evaluation,50,4096,sampled_two_block_fisher,373798639569075067,0,,1.0000068559662179,1.0000068559662179,1.0725589470784422e-33,0.8221975487752918,,8.108913158092821e-06,0,199,815104,0.5281895576501194,0.8496085122231468,50,0.0,50,731
ct_w4_i2,4,evaluation,50,4096,sampled_full_fisher,373798639569075067,1,10.0,0.05985542795705712,0.05985542795705712,0.9429170785302771,0.9429170785302771,,0.24961680614491735,0,10,40960,1.0,1.5492525583318203e-09,50,0.0,50,1275
ct_w4_i2,4,evaluation,50,4096,ray_plus_residual,373798639569075067,1,9.0,0.07886189743577177,0.07886189743577177,0.9218694024307027,0.9218694024307027,,0.3599435558280587,0,9,36864,0.9779827233554816,0.2133840058394261,50,0.0,50,731
ct_w4_i2,4,evaluation,101,4096,sampled_adam,6566853275061094778,1,40.0,0.0993483703173954,0.0993483703173954,0.9121926473720923,0.9121926473720923,,0.06777380439406587,0,40,163840,0.21213203534282368,0.9910712503152163,50,0.0,50,100
ct_w4_i2,4,evaluation,101,4096,sampled_diagonal_fisher,6566853275061094778,1,2.0,0.07438230612612351,0.07438230612612351,0.9275752503239557,0.9275752503239557,,0.06213319110531603,0,2,8192,0.27049695227919585,1.169684272750074,50,0.0,50,50
ct_w4_i2,4,evaluation,101,4096,sampled_two_block_fisher,6566853275061094778,1,3.0,0.02944614229768483,0.02944614229768483,0.9724228125817799,0.9724228125817799,,0.02023703010005708,0,3,12288,0.33711736609368853,0.992892381570564,50,0.0,50,731
ct_w4_i2,4,evaluation,101,4096,sampled_full_fisher,6566853275061094778,1,8.0,0.04067015300358179,0.04067015300358179,0.9610487551333707,0.9610487551333707,,0.0654528781363341,0,8,32768,1.0,4.83562147539569e-09,50,0.0,50,1275
ct_w4_i2,4,evaluation,101,4096,ray_plus_residual,6566853275061094778,1,5.0,0.08630575476491131,0.08630575476491131,0.91830355203371,0.91830355203371,,0.08142423148356917,0,5,20480,0.9782425791340548,0.2120786337248527,50,0.0,50,731
ct_w4_i3,4,evaluation,0,0,analytic_target_cooling,0,1,9.0,0.06906846346316442,0.06906846346316442,0.9322332735129316,0.9322332735129316,,0.11030306124421982,0,0,0,1.0,0.0,-1,0.0,47,47
ct_w4_i3,4,evaluation,19,0,analytic_target_cooling,0,1,13.0,0.09858243685894585,0.09858243685894585,0.9018975813866275,0.9018975813866275,,0.31743286532523823,0,0,0,1.0,0.0,-1,0.0,47,47
ct_w4_i3,4,evaluation,42,0,analytic_target_cooling,0,1,14.0,0.08914752133163617,0.08914752133163617,0.9110534305555932,0.9110534305555932,,0.3455458205696605,0,0,0,1.0,0.0,-1,0.0,47,47
ct_w4_i3,4,evaluation,50,0,analytic_target_cooling,0,1,13.0,0.07035466400698809,0.07035466400698809,0.9299726815492677,0.9299726815492677,,0.3476402508156864,0,0,0,1.0,0.0,-1,0.0,47,47
ct_w4_i3,4,evaluation,101,0,analytic_target_cooling,0,1,12.0,0.06593043833767709,0.06593043833767709,0.9346909263189532,0.9346909263189532,,0.32292308928218316,0,0,0,1.0,0.0,-1,0.0,47,47
ct_w4_i3,4,evaluation,0,64,sampled_adam,15685562744872927677,1,40.0,0.09914367364241805,0.09914367364241805,0.9150731667955615,0.9150731667955615,,0.07471387676904677,0,40,2560,0.18641829287653833,0.9918870898724025,36,0.0,47,94
ct_w4_i3,4,evaluation,0,64,sampled_diagonal_fisher,15685562744872927677,1,3.0,0.02594397912815083,0.02594397912815083,0.9762138971371089,0.9762138971371089,,0.025756884849286576,0,3,192,0.23748154261501497,1.2349238497858765,36,0.0,47,47
ct_w4_i3,4,evaluation,0,64,sampled_two_block_fisher,15685562744872927677,1,3.0,0.06371828797896839,0.06371828797896839,0.9523185921384192,0.9523185921384192,,0.056442665167513804,0,3,192,0.3732861078940833,1.119565890964812,36,0.0,47,632
ct_w4_i3,4,evaluation,0,64,sampled_full_fisher,15685562744872927677,1,6.0,0.09104490846781488,0.09104490846781488,0.9194256757787235,0.9194256757787235,,0.07707850848026825,0,6,384,0.5836588522671707,0.9125142713764312,36,0.0,47,1128
ct_w4_i3,4,evaluation,0,64,ray_plus_residual,15685562744872927677,1,6.0,0.08481338524098092,0.08481338524098092,0.9194675836653448,0.9194675836653448,,0.11240286340602021,0,6,384,0.9783705233917677,0.21143333586640678,36,0.0,47,632
ct_w4_i3,4,evaluation,19,64,sampled_adam,7548003763508138186,0,,1.0121092887808825,1.0121092887808825,1.1970094584375211e-08,0.9890737335469034,2229080.088762354,0.010475336131079985,1,199,12736,0.13315589420556814,0.9945719360335908,40,0.0,47,94
ct_w4_i3,4,evaluation,19,64,sampled_diagonal_fisher,7548003763508138186,0,,1.0001364902118102,1.0001364902118102,1.5382041380343472e-12,0.9998888861913677,8163255922.058598,0.00014134464462284993,1,199,12736,0.1668450478107543,1.1676248602755255,40,0.0,47,47
ct_w4_i3,4,evaluation,19,64,sampled_two_block_fisher,7548003763508138186,0,,1.000328652527772,1.000328652527772,8.112360371359838e-12,0.999797246095345,13495557.521008769,0.00041812814111744936,1,199,12736,0.2638028629054422,1.0515107576279947,40,0.0,47,632
ct_w4_i3,4,evaluation,19,64,sampled_full_fisher,7548003763508138186,1,9.0,0.06557961277161262,0.06557961277161262,0.9438138702874309,0.9438138702874309,,0.11643916035105761,0,9,576,0.6967690570623019,0.7787566281421919,40,0.0,47,1128
ct_w4_i3,4,evaluation,19,64,ray_plus_residual,7548003763508138186,1,10.0,0.05027487369256889,0.05027487369256889,0.9506344470513967,0.9506344470513967,,0.13790668321752508,0,10,640,0.9784439855531313,0.21106204630479736,40,0.0,47,632
ct_w4_i3,4,evaluation,42,64,sampled_adam,14539244807216466746,0,,1.0144435534500396,1.0144435534500396,2.934624647827696e-11,0.9867236736009358,738094.074944689,0.012962752673718065,0,199,12736,0.18641830766709605,0.9918870895574237,45,0.0,47,94
ct_w4_i3,4,evaluation,42,64,sampled_diagonal_fisher,14539244807216466746,0,,1.000400207335316,1.000400207335316,3.622969509951331e-11,0.9985584234213972,13523361013.764269,0.0005866344085293215,1,199,12736,0.34418510528499996,0.9671066726179689,45,0.0,47,47
ct_w4_i3,4,evaluation,42,64,sampled_two_block_fisher,14539244807216466746,0,,1.0008279150756003,1.0008279150756003,7.477355724284473e-12,0.8038108792319196,,0.0011250412060830387,0,199,12736,0.46144351784054505,0.9881243195999337,45,0.0,47,632
ct_w4_i3,4,evaluation,42,64,sampled_full_fisher,14539244807216466746,1,9.0,0.07175898258335245,0.07175898258335245,0.9362863717025371,0.9362863717025371,,0.13803622345934954,0,9,576,0.8498366516506775,0.5480207082753759,45,0.0,47,1128
ct_w4_i3,4,evaluation,42,64,ray_plus_residual,14539244807216466746,1,10.0,0.09756683915666642,0.09756683915666642,0.9043711891469582,0.9043711891469582,,0.37801614609256196,0,10,640,0.9784813442350699,0.21087301089921237,45,0.0,47,632
ct_w4_i3,4,evaluation,50,64,sampled_adam,4826025834111334810,0,,1.0138175905241908,1.0138175905241908,1.4217691426643683e-12,0.8857217101584062,,0.015016876841996485,0,199,12736,0.15978706191183098,0.9932304236537517,39,0.0,47,94
ct_w4_i3,4,evaluation,50,64,sampled_diagonal_fisher,4826025834111334810,0,,1.0001864876073192,1.0001864876073192,3.613488968504442e-21,0.9998935511137962,165213374131.09146,0.0005567193924765463,1,199,12736,0.18733131918788748,1.0672714352542358,39,0.0,47,47
ct_w4_i3,4,evaluation,50,64,sampled_two_block_fisher,4826025834111334810,0,,1.000331862923952,1.000331862923952,6.937490897669044e-17,0.5255490443012687,,0.00048637339301010966,0,199,12736,0.329118657336444,1.006855984618972,39,0.0,47,632
ct_w4_i3,4,evaluation,50,64,sampled_full_fisher,4826025834111334810,1,10.0,0.06087392466461594,0.06087392466461594,0.946123130384033,0.946123130384033,,0.17197939387976904,0,10,640,0.5837181769092952,0.9124492567707034,39,0.0,47,1128
ct_w4_i3,4,evaluation,50,64,ray_plus_residual,4826025834111334810,1,10.0,0.029277831149917333,0.029277831149917333,0.971197965077202,0.971197965077202,,0.09254821219488753,0,10,640,0.9777221199552375,0.21468619819770235,39,0.0,47,632
ct_w4_i3,4,evaluation,101,64,sampled_adam,535637623058623119,0,,1.0123007985048051,1.0123007985048051,5.054361092853246e-13,0.908860025025951,93912259.39980827,0.01412812731444787,1,199,12736,0.10652475945886783,0.9959116414885801,38,0.0,47,94
ct_w4_i3,4,evaluation,101,64,sampled_diagonal_fisher,535637623058623119,0,,1.0001698679650133,1.0001698679650133,1.4539794458406613e-20,0.8260118159038786,,0.00025834890490767563,0,199,12736,0.2942231379784456,1.1173190387490641,38,0.0,47,47
ct_w4_i3,4,evaluation,101,64,sampled_two_block_fisher,535637623058623119,0,,1.000494164878031,1.000494164878031,5.679329396377425e-18,0.9026270876147711,594086285501.0413,0.0005893188425067813,1,199,12736,0.4697217610420974,0.970683311663405,38,0.0,47,632
ct_w4_i3,4,evaluation,101,64,sampled_full_fisher,535637623058623119,1,8.0,0.09202017586723343,0.09202017586723343,0.9210515236281478,0.9210515236281478,,0.13049248502907246,0,8,512,0.7070534810525182,0.7654365015433764,38,0.0,47,1128
ct_w4_i3,4,evaluation,101,64,ray_plus_residual,535637623058623119,1,9.0,0.06703449584080268,0.06703449584080268,0.9348920423321425,0.9348920423321425,,0.24580089671522215,0,9,576,0.9804387453959383,0.20075140547332923,38,0.0,47,632
ct_w4_i3,4,evaluation,0,256,sampled_adam,7750382077167390961,1,34.0,0.0987546591667563,0.0987546591667563,0.9147872355106453,0.9147872355106453,,0.07583011304234119,0,34,8704,0.2663118211591991,0.9878461426949493,47,0.0,47,94
ct_w4_i3,4,evaluation,0,256,sampled_diagonal_fisher,7750382077167390961,1,3.0,0.008544592891084335,0.008544592891084335,0.9916378514041965,0.9916378514041965,,0.008669570191362832,0,3,768,0.3056443758980672,1.1185807916843762,47,0.0,47,47
ct_w4_i3,4,evaluation,0,256,sampled_two_block_fisher,7750382077167390961,1,3.0,0.037469941554890696,0.037469941554890696,0.9672158409396203,0.9672158409396203,,0.040350634840955774,0,3,768,0.5850741768186141,0.8109848549969294,47,0.0,47,632
ct_w4_i3,4,evaluation,0,256,sampled_full_fisher,7750382077167390961,1,7.0,0.06838377110636351,0.06838377110636351,0.944511499040205,0.944511499040205,,0.11336700373540735,0,7,1792,0.9999999999999997,2.161198591725446e-09,47,0.0,47,1128
ct_w4_i3,4,evaluation,0,256,ray_plus_residual,7750382077167390961,1,5.0,0.09657821210114825,0.09657821210114825,0.909209418302135,0.909209418302135,,0.12158601073033315,0,5,1280,0.9782495784404938,0.21204337636036985,47,0.0,47,632
ct_w4_i3,4,evaluation,19,256,sampled_adam,18389227575775081412,0,,1.0108533997735254,1.0108533997735254,3.885325805741645e-09,0.9902238623805447,3804477.7192988507,0.009331964491031202,1,199,50944,0.15978745510648099,0.9932304044120661,47,0.0,47,94
ct_w4_i3,4,evaluation,19,256,sampled_diagonal_fisher,18389227575775081412,0,,1.0000252451274392,1.0000252451274392,8.905054611340683e-14,0.9999815984768003,2312152873.152939,3.019077992115203e-05,1,199,50944,0.32143963987419294,0.9988689929292388,47,0.0,47,47
ct_w4_i3,4,evaluation,19,256,sampled_two_block_fisher,18389227575775081412,1,7.0,0.06294494933868933,0.06294494933868933,0.9394002303917337,0.9394002303917337,,0.20898245650248806,0,7,1792,0.6544068360923405,0.7589821532091673,47,0.0,47,632
ct_w4_i3,4,evaluation,19,256,sampled_full_fisher,18389227575775081412,1,9.0,0.09218259702059228,0.09218259702059228,0.9221822602891264,0.9221822602891264,,0.23968923595180747,0,9,2304,0.9999999999999999,1.4918902714138732e-09,47,0.0,47,1128
ct_w4_i3,4,evaluation,19,256,ray_plus_residual,18389227575775081412,1,8.0,0.09465003785962445,0.09465003785962445,0.9078070226794371,0.9078070226794371,,0.2529442494670503,0,8,2048,0.9798840620588403,0.2036644972598779,47,0.0,47,632
ct_w4_i3,4,evaluation,42,256,sampled_adam,4757620848395324424,0,,1.0117039690540874,1.0117039690540874,4.92956938850811e-12,0.9892328277479053,1066380.0468987937,0.010510856453495185,1,199,50944,0.2929430352125197,0.9864954801279827,47,0.0,47,94
ct_w4_i3,4,evaluation,42,256,sampled_diagonal_fisher,4757620848395324424,0,,1.0000424244259563,1.0000424244259563,2.9207316147292613e-16,0.8424076800398894,,5.170623756488394e-05,0,199,50944,0.32036540777698586,1.083772234490395,47,0.0,47,47
ct_w4_i3,4,evaluation,42,256,sampled_two_block_fisher,4757620848395324424,0,,1.0001306614049366,1.0001306614049366,1.1850785815463447e-10,0.6992820771267064,,0.00016254809200913245,0,199,50944,0.6440973886822456,0.7681599224843373,47,0.0,47,632
ct_w4_i3,4,evaluation,42,256,sampled_full_fisher,4757620848395324424,1,10.0,0.08322193773074282,0.08322193773074282,0.9273248752008468,0.9273248752008468,,0.276042353626113,0,10,2560,1.0,1.3145030343642705e-09,47,0.0,47,1128
ct_w4_i3,4,evaluation,42,256,ray_plus_residual,4757620848395324424,1,9.0,0.0790984122449725,0.0790984122449725,0.9221052120506791,0.9221052120506791,,0.28180183061599423,0,9,2304,0.9782700460560947,0.21194024623911192,47,0.0,47,632
ct_w4_i3,4,evaluation,50,256,sampled_adam,2059551757240704670,0,,1.0102985612708366,1.0102985612708366,2.416032006054804e-14,0.969683941186289,22480683.943663433,0.011723652914270789,1,199,50944,0.2929430057669216,0.986495481742603,47,0.0,47,94
ct_w4_i3,4,evaluation,50,256,sampled_diagonal_fisher,2059551757240704670,0,,1.000084047556113,1.000084047556113,3.8641366859856174e-27,0.7975564656007077,,0.0001605461362667865,0,199,50944,0.31209953041615357,1.016282884659855,47,0.0,47,47
ct_w4_i3,4,evaluation,50,256,sampled_two_block_fisher,2059551757240704670,0,,1.0002175117398888,1.0002175117398888,5.607072231780853e-17,0.4915559914735292,,0.00045569512366231514,0,199,50944,0.389078571603482,0.9471374967148147,47,0.0,47,632
ct_w4_i3,4,evaluation,50,256,sampled_full_fisher,2059551757240704670,1,10.0,0.0442419890269079,0.0442419890269079,0.963244642775275,0.963244642775275,,0.13559325921826199,0,10,2560,0.9999999999999998,1.967470772472493e-09,47,0.0,47,1128
ct_w4_i3,4,evaluation,50,256,ray_plus_residual,2059551757240704670,1,9.0,0.09379364953108826,0.09379364953108826,0.9081945600717733,0.9081945600717733,,0.3949819630712597,0,9,2304,0.9768764225134743,0.21886566989402287,47,0.0,47,632
ct_w4_i3,4,evaluation,101,256,sampled_adam,3342095051800919486,0,,1.0099301807667675,1.0099301807667675,2.975913663789709e-14,0.9859768487010833,35343144.32535279,0.011824205338030748,1,199,50944,0.31957417968368257,0.9851429694516027,47,0.0,47,94
ct_w4_i3,4,evaluation,101,256,sampled_diagonal_fisher,3342095051800919486,0,,1.0000839354354376,1.0000839354354376,4.7106853624647535e-24,0.9776023889117731,325449737638.0517,0.00016195734110166916,1,199,50944,0.3592517191463136,0.9643974299592997,47,0.0,47,47
ct_w4_i3,4,evaluation,101,256,sampled_two_block_fisher,3342095051800919486,1,8.0,0.046482653357957204,0.046482653357957204,0.9556155648372112,0.9556155648372112,,0.23229600218382554,0,8,2048,0.4095015373519087,0.9508397762918269,47,0.0,47,632
ct_w4_i3,4,evaluation,101,256,sampled_full_fisher,3342095051800919486,1,8.0,0.09513278204121889,0.09513278204121889,0.9197339073383571,0.9197339073383571,,0.29921817631666675,0,8,2048,1.0000000000000002,4.007651207835047e-09,47,0.0,47,1128
ct_w4_i3,4,evaluation,101,256,ray_plus_residual,3342095051800919486,1,7.0,0.09432088463906574,0.09432088463906574,0.9091044383600042,0.9091044383600042,,0.3453373904426544,0,7,1792,0.979286427782201,0.2067626497587649,47,0.0,47,632
ct_w4_i3,4,evaluation,0,1024,sampled_adam,8673043932981338196,1,33.0,0.09923093721052823,0.09923093721052823,0.9147555056465118,0.9147555056465118,,0.07574519225098618,0,33,33792,0.2663118328575984,0.9878461422075981,47,0.0,47,94
ct_w4_i3,4,evaluation,0,1024,sampled_diagonal_fisher,8673043932981338196,1,3.0,0.007113945469857441,0.007113945469857441,0.9929730250677736,0.9929730250677736,,0.007406586238162927,0,3,3072,0.3115203839416545,1.0649012301841148,47,0.0,47,47
ct_w4_i3,4,evaluation,0,1024,sampled_two_block_fisher,8673043932981338196,1,3.0,0.041398256168829306,0.041398256168829306,0.9612422599947046,0.9612422599947046,,0.04660742693661232,0,3,3072,0.6200319619608475,0.7845769456229132,47,0.0,47,632
ct_w4_i3,4,evaluation,0,1024,sampled_full_fisher,8673043932981338196,1,7.0,0.07242922247760575,0.07242922247760575,0.9375791054612306,0.9375791054612306,,0.11617648997784821,0,7,7168,1.0,1.1436176155973233e-09,47,0.0,47,1128
ct_w4_i3,4,evaluation,0,1024,ray_plus_residual,8673043932981338196,1,5.0,0.07647560872823433,0.07647560872823433,0.9271595257870634,0.9271595257870634,,0.0939356367826792,0,5,5120,0.9783980269850266,0.21129439490416668,47,0.0,47,632
ct_w4_i3,4,evaluation,19,1024,sampled_adam,11223062585292375407,0,,1.0104475166559652,1.0104475166559652,4.648561262629542e-09,0.9906129085238035,3601760.091616051,0.008935314151587803,1,199,203776,0.34620532346401817,0.9837885998602048,47,0.0,47,94
ct_w4_i3,4,evaluation,19,1024,sampled_diagonal_fisher,11223062585292375407,0,,1.0000204452593096,1.0000204452593096,4.394882007159972e-17,0.9999810997787852,814047256222.3281,2.9932343639722937e-05,1,199,203776,0.35118680754151993,0.986630878094319,47,0.0,47,47
ct_w4_i3,4,evaluation,19,1024,sampled_two_block_fisher,11223062585292375407,1,7.0,0.026498259602005803,0.026498259602005803,0.9743240613652631,0.9743240613652631,,0.08828757151860243,0,7,7168,0.6793766594940357,0.7385840693728426,47,0.0,47,632
ct_w4_i3,4,evaluation,19,1024,sampled_full_fisher,11223062585292375407,1,10.0,0.07867748348610881,0.07867748348610881,0.9276032088011478,0.9276032088011478,,0.24557346955588039,0,10,10240,0.9999999999999997,1.4419944520477564e-09,47,0.0,47,1128
ct_w4_i3,4,evaluation,19,1024,ray_plus_residual,11223062585292375407,1,8.0,0.05985435206013179,0.05985435206013179,0.941369924147009,0.941369924147009,,0.16960541403844911,0,8,8192,0.9786011229545724,0.21026592957486245,47,0.0,47,632
ct_w4_i3,4,evaluation,42,1024,sampled_adam,13862875966780593917,0,,1.0109696395582368,1.0109696395582368,3.280531029106325e-12,0.9899730050402618,1405076.011379031,0.0098876278640322,1,199,203776,0.2929429993458484,0.9864954817494235,47,0.0,47,94
ct_w4_i3,4,evaluation,42,1024,sampled_diagonal_fisher,13862875966780593917,0,,1.000023654678163,1.000023654678163,6.186044796609641e-19,0.887970474606934,,3.4980843496103125e-05,0,199,203776,0.3542366562847267,0.9778076501104248,47,0.0,47,47
ct_w4_i3,4,evaluation,42,1024,sampled_two_block_fisher,13862875966780593917,0,,1.0000357171389602,1.0000357171389602,7.161720261079636e-14,0.6430096267608684,,4.2167068779045635e-05,0,199,203776,0.6846823684223594,0.7369162832019768,47,0.0,47,632
ct_w4_i3,4,evaluation,42,1024,sampled_full_fisher,13862875966780593917,1,11.0,0.06440728879466029,0.06440728879466029,0.9402427789032806,0.9402427789032806,,0.23491824628989189,0,11,11264,0.9999999999999999,7.743696358492195e-10,47,0.0,47,1128
ct_w4_i3,4,evaluation,42,1024,ray_plus_residual,13862875966780593917,1,8.0,0.09056623370312167,0.09056623370312167,0.9111074371597755,0.9111074371597755,,0.30404474148016536,0,8,8192,0.9780454997974986,0.21306928909049877,47,0.0,47,632
ct_w4_i3,4,evaluation,50,1024,sampled_adam,17450434921654454478,0,,1.009296813840832,1.009296813840832,2.787897926479519e-13,0.9834110373719548,75388465.49090445,0.011117747505897186,1,199,203776,0.346205429977478,0.9837885943459435,47,0.0,47,94
ct_w4_i3,4,evaluation,50,1024,sampled_diagonal_fisher,17450434921654454478,0,,1.0000456024330884,1.0000456024330884,4.548653391583676e-24,0.6432688969740269,,8.279559992453191e-05,0,199,203776,0.46009845916960684,0.8881993001416574,47,0.0,47,47
ct_w4_i3,4,evaluation,50,1024,sampled_two_block_fisher,17450434921654454478,0,,1.000072857637015,1.000072857637015,2.0116636051089272e-19,0.4409093874417484,,0.0001494763244290431,0,199,203776,0.556072006122815,0.8311742756419781,47,0.0,47,632
ct_w4_i3,4,evaluation,50,1024,sampled_full_fisher,17450434921654454478,1,10.0,0.09363916996776567,0.09363916996776567,0.9196981942224842,0.9196981942224842,,0.4031034047859804,0,10,10240,0.9999999999999998,1.133059283604519e-09,47,0.0,47,1128
ct_w4_i3,4,evaluation,50,1024,ray_plus_residual,17450434921654454478,1,7.0,0.07010355219216713,0.07010355219216713,0.9319068246733007,0.9319068246733007,,0.28734022625629124,0,7,7168,0.9769443386565809,0.21853257973836837,47,0.0,47,632
ct_w4_i3,4,evaluation,101,1024,sampled_adam,15817415364142280916,0,,1.0098107215333627,1.0098107215333627,1.2282103097813357e-14,0.9876104726340632,19689961.286313124,0.01195767936238338,1,199,203776,0.29294300449488675,0.9864954815976442,47,0.0,47,94
ct_w4_i3,4,evaluation,101,1024,sampled_diagonal_fisher,15817415364142280916,0,,1.0000080016393298,1.0000080016393298,1.6438092561832278e-30,0.9931633642803115,239033589970.4007,1.2719365585107642e-05,1,199,203776,0.3791902534104731,0.992375959154135,47,0.0,47,47
ct_w4_i3,4,evaluation,101,1024,sampled_two_block_fisher,15817415364142280916,0,,1.0000225576805626,1.0000225576805626,5.894361224615967e-13,0.9072109963691404,653583105393.5114,3.1417535568683546e-05,1,199,203776,0.5384275183930081,0.8554750093984435,47,0.0,47,632
ct_w4_i3,4,evaluation,101,1024,sampled_full_fisher,15817415364142280916,1,9.0,0.08850700237791465,0.08850700237791465,0.9338121866523724,0.9338121866523724,,0.31141534974592505,0,9,9216,1.0000000000000002,2.870163639587839e-09,47,0.0,47,1128
ct_w4_i3,4,evaluation,101,1024,ray_plus_residual,15817415364142280916,1,7.0,0.06471604215980342,0.06471604215980342,0.9373500139986503,0.9373500139986503,,0.24362895467800413,0,7,7168,0.9784221520674828,0.21117245568847673,47,0.0,47,632
ct_w4_i3,4,evaluation,0,4096,sampled_adam,15434853336260217231,1,34.0,0.09551151209582898,0.09551151209582898,0.9174677510906698,0.9174677510906698,,0.073777441857829,0,34,139264,0.2929430095884113,0.9864954812216249,47,0.0,47,94
ct_w4_i3,4,evaluation,0,4096,sampled_diagonal_fisher,15434853336260217231,1,3.0,0.008764708983191483,0.008764708983191483,0.9913541654355421,0.9913541654355421,,0.010058458059091845,0,3,12288,0.31814998032037883,1.0828651803915847,47,0.0,47,47
ct_w4_i3,4,evaluation,0,4096,sampled_two_block_fisher,15434853336260217231,1,3.0,0.04777655403997372,0.04777655403997372,0.9552666919417454,0.9552666919417454,,0.05985691473856238,0,3,12288,0.6426962944931207,0.7683959429890904,47,0.0,47,632
ct_w4_i3,4,evaluation,0,4096,sampled_full_fisher,15434853336260217231,1,8.0,0.04741635527039989,0.04741635527039989,0.954504465273653,0.954504465273653,,0.07919672517554288,0,8,32768,1.0000000000000002,8.972502838877518e-10,47,0.0,47,1128
ct_w4_i3,4,evaluation,0,4096,ray_plus_residual,15434853336260217231,1,5.0,0.05691443449494393,0.05691443449494393,0.9453423478536169,0.9453423478536169,,0.07223014040586133,0,5,20480,0.9785175188905693,0.21068982571370115,47,0.0,47,632
ct_w4_i3,4,evaluation,19,4096,sampled_adam,12685239564047066271,0,,1.0103826981955955,1.0103826981955955,3.382023736827999e-09,0.9907089688255399,3885955.63741863,0.008886006884698917,1,199,815104,0.31957405609280404,0.9851429769164949,47,0.0,47,94
ct_w4_i3,4,evaluation,19,4096,sampled_diagonal_fisher,12685239564047066271,0,,1.0000059425902865,1.0000059425902865,3.1622704840008946e-18,0.9999956381999647,308093412266.6437,7.84389544946048e-06,1,199,815104,0.3364033902374539,1.0012824753149343,47,0.0,47,47
ct_w4_i3,4,evaluation,19,4096,sampled_two_block_fisher,12685239564047066271,1,8.0,0.017620074286302412,0.017620074286302412,0.9825185519183293,0.9825185519183293,,0.06381639648170764,0,8,32768,0.6494957131516517,0.7679419307868754,47,0.0,47,632
ct_w4_i3,4,evaluation,19,4096,sampled_full_fisher,12685239564047066271,1,11.0,0.05204556695787055,0.05204556695787055,0.9495316386540035,0.9495316386540035,,0.17472522816703204,0,11,45056,0.9999999999999998,1.0864173208923198e-09,47,0.0,47,1128
ct_w4_i3,4,evaluation,19,4096,ray_plus_residual,12685239564047066271,1,7.0,0.08570202855225517,0.08570202855225517,0.9162949438731018,0.9162949438731018,,0.24599027284674335,0,7,28672,0.9790452824336366,0.20800127276748773,47,0.0,47,632
ct_w4_i3,4,evaluation,42,4096,sampled_adam,3530795666425474174,0,,1.0103209781706308,1.0103209781706308,1.7110646510237913e-12,0.9905376322573091,1480210.5039547225,0.009376688293544821,1,199,815104,0.2929430042071692,0.9864954817008419,47,0.0,47,94
ct_w4_i3,4,evaluation,42,4096,sampled_diagonal_fisher,3530795666425474174,0,,1.0000036754414463,1.0000036754414463,1.4835475127852964e-20,0.9650559494544385,871327151376.5543,4.387410455750758e-06,1,199,815104,0.3545492244128437,0.9728873899366145,47,0.0,47,47
ct_w4_i3,4,evaluation,42,4096,sampled_two_block_fisher,3530795666425474174,0,,1.000024050286493,1.000024050286493,6.440090703414102e-16,0.5196756907481386,,5.7834443623261345e-05,0,199,815104,0.7221455424237926,0.7157029007030052,47,0.0,47,632
ct_w4_i3,4,evaluation,42,4096,sampled_full_fisher,3530795666425474174,1,11.0,0.09883055596159451,0.09883055596159451,0.9036436478832861,0.9036436478832861,,0.3706673949184194,0,11,45056,0.9999999999999999,6.745958349580849e-10,47,0.0,47,1128
ct_w4_i3,4,evaluation,42,4096,ray_plus_residual,3530795666425474174,1,9.0,0.05202080163738465,0.05202080163738465,0.9484972742965799,0.9484972742965799,,0.18571559529611423,0,9,36864,0.9782578741536713,0.21200158203811711,47,0.0,47,632
ct_w4_i3,4,evaluation,50,4096,sampled_adam,14171882232180383682,0,,1.0089449900211687,1.0089449900211687,2.7498490460922204e-13,0.9882670960640437,54656881.284055956,0.010712753570046715,1,199,815104,0.3195742893099464,0.9851429648959321,47,0.0,47,94
ct_w4_i3,4,evaluation,50,4096,sampled_diagonal_fisher,14171882232180383682,0,,1.0000049611825368,1.0000049611825368,5.301538501982879e-27,0.6084976412684249,,6.38067700339173e-06,0,199,815104,0.40572380042962675,0.9251194031914575,47,0.0,47,47
ct_w4_i3,4,evaluation,50,4096,sampled_two_block_fisher,14171882232180383682,0,,1.0000576108202104,1.0000576108202104,3.2737341430984656e-20,0.4125269911360928,,0.00015511973517864382,0,199,815104,0.4504552694563963,0.8979536938399857,47,0.0,47,632
ct_w4_i3,4,evaluation,50,4096,sampled_full_fisher,14171882232180383682,1,11.0,0.05278915152271679,0.05278915152271679,0.9489347367659199,0.9489347367659199,,0.2607684947777989,0,11,45056,0.9999999999999997,1.1624823304351586e-09,47,0.0,47,1128
ct_w4_i3,4,evaluation,50,4096,ray_plus_residual,14171882232180383682,1,8.0,0.039066437468923354,0.039066437468923354,0.9616368218468907,0.9616368218468907,,0.16555369522212682,0,8,32768,0.9767279833038254,0.21959216201877488,47,0.0,47,632
ct_w4_i3,4,evaluation,101,4096,sampled_adam,13485362832626214005,0,,1.0096896206619945,1.0096896206619945,6.0532384024179494e-15,0.9871043068239838,23440035.386835184,0.011983091146930198,1,199,815104,0.2663118551878275,0.9878461415832142,47,0.0,47,94
ct_w4_i3,4,evaluation,101,4096,sampled_diagonal_fisher,13485362832626214005,0,,1.0000021517323088,1.0000021517323088,2.232387090453501e-30,0.9690519962272509,230852666457.93,3.162138735313004e-06,1,199,815104,0.3865665640733785,0.9871920098249358,47,0.0,47,47
ct_w4_i3,4,evaluation,101,4096,sampled_two_block_fisher,13485362832626214005,0,,1.0000137233424091,1.0000137233424091,6.0690061261230905e-15,0.895330712303085,,2.385700348068177e-05,0,199,815104,0.5336386138357132,0.8552910018521563,47,0.0,47,632
ct_w4_i3,4,evaluation,101,4096,sampled_full_fisher,13485362832626214005,1,10.0,0.04817158596406834,0.04817158596406834,0.9542359056495688,0.9542359056495688,,0.23393433754486037,0,10,40960,1.0000000000000002,1.4279070551098573e-09,47,0.0,47,1128
ct_w4_i3,4,evaluation,101,4096,ray_plus_residual,13485362832626214005,1,7.0,0.060260760816387204,0.060260760816387204,0.9416231598653773,0.9416231598653773,,0.23040467978142568,0,7,28672,0.978581911364812,0.21036340371301954,47,0.0,47,632
ct_w4_i4,4,evaluation,0,0,analytic_target_cooling,0,1,10.0,0.06957620579894552,0.06957620579894552,0.9321211453688348,0.9321211453688348,,0.18620797385453816,0,0,0,1.0,0.0,-1,0.0,51,51
ct_w4_i4,4,evaluation,19,0,analytic_target_cooling,0,1,9.0,0.07767982855774669,0.07767982855774669,0.9249263371457135,0.9249263371457135,,0.07834112143623294,0,0,0,1.0,0.0,-1,0.0,51,51
ct_w4_i4,4,evaluation,42,0,analytic_target_cooling,0,1,9.0,0.06409125138553051,0.06409125138553051,0.9377722561837432,0.9377722561837432,,0.10542596461158664,0,0,0,1.0,0.0,-1,0.0,51,51
ct_w4_i4,4,evaluation,50,0,analytic_target_cooling,0,1,10.0,0.09241698637850959,0.09241698637850959,0.9105646537991148,0.9105646537991148,,0.21120760219958817,0,0,0,1.0,0.0,-1,0.0,51,51
ct_w4_i4,4,evaluation,101,0,analytic_target_cooling,0,1,10.0,0.09152209925488286,0.09152209925488286,0.9107313741405252,0.9107313741405252,,0.31658036572559617,0,0,0,1.0,0.0,-1,0.0,51,51
ct_w4_i4,4,evaluation,0,64,sampled_adam,7175367779479588964,1,52.0,0.09831213610749678,0.09831213610749678,0.911126554741777,0.911126554741777,,0.08846008795048156,0,52,3328,0.14018240545751118,0.9948705746779496,36,0.0,51,102
ct_w4_i4,4,evaluation,0,64,sampled_diagonal_fisher,7175367779479588964,1,3.0,0.029723095045131487,0.029723095045131487,0.9722464881186226,0.9722464881186226,,0.03598034887001454,0,3,192,0.18087225219911063,1.232221516317701,36,0.0,51,51
ct_w4_i4,4,evaluation,0,64,sampled_two_block_fisher,7175367779479588964,1,4.0,0.042246540149371015,0.042246540149371015,0.9679720445851114,0.9679720445851114,,0.05335740704927291,0,4,256,0.25829466047123917,1.0189797660591269,36,0.0,51,766
ct_w4_i4,4,evaluation,0,64,sampled_full_fisher,7175367779479588964,1,6.0,0.04302906701867748,0.04302906701867748,0.965605810017972,0.965605810017972,,0.06713966231768148,0,6,384,0.5033901967550619,0.996604036962462,36,0.0,51,1326
ct_w4_i4,4,evaluation,0,64,ray_plus_residual,7175367779479588964,1,9.0,0.07620074941953447,0.07620074941953447,0.9281646099381694,0.9281646099381694,,0.27569565420500913,0,9,576,0.9784247959177275,0.21115908872577832,36,0.0,51,766
ct_w4_i4,4,evaluation,19,64,sampled_adam,5167441401567005562,1,55.0,0.09887729930285083,0.09887729930285083,0.9137036706773943,0.9137036706773943,,0.059924093830565815,0,55,3520,0.23489478478361386,0.9906727808799485,37,0.0,51,102
ct_w4_i4,4,evaluation,19,64,sampled_diagonal_fisher,5167441401567005562,1,3.0,0.0613585508331429,0.0613585508331429,0.9425374232165117,0.9425374232165117,,0.055158084152866646,0,3,192,0.34845111852017524,1.1415330757186364,37,0.0,51,51
ct_w4_i4,4,evaluation,19,64,sampled_two_block_fisher,5167441401567005562,1,3.0,0.07541363219109698,0.07541363219109698,0.9339478612185608,0.9339478612185608,,0.052546598992055944,0,3,192,0.4706471205817202,0.9614796509677085,37,0.0,51,766
ct_w4_i4,4,evaluation,19,64,sampled_full_fisher,5167441401567005562,1,5.0,0.0779067525490511,0.0779067525490511,0.9330772581224309,0.9330772581224309,,0.07418556924250402,0,5,320,0.5170082590867935,0.9828445868123875,37,0.0,51,1326
ct_w4_i4,4,evaluation,19,64,ray_plus_residual,5167441401567005562,1,7.0,0.09770678943702649,0.09770678943702649,0.9125180231177722,0.9125180231177722,,0.1354693942704774,0,7,448,0.9789701196548125,0.2083860213530933,37,0.0,51,766
ct_w4_i4,4,evaluation,42,64,sampled_adam,16583688616420945990,1,50.0,0.09893447827483293,0.09893447827483293,0.9126474281604321,0.9126474281604321,,0.07326581090260338,0,50,3200,0.06406222992609241,0.9981564395159583,42,0.0,51,102
ct_w4_i4,4,evaluation,42,64,sampled_diagonal_fisher,16583688616420945990,1,3.0,0.06877048745428738,0.06877048745428738,0.9368779027741918,0.9368779027741918,,0.054003882512144614,0,3,192,0.19968704866091286,1.207433183777657,42,0.0,51,51
ct_w4_i4,4,evaluation,42,64,sampled_two_block_fisher,16583688616420945990,1,4.0,0.07467579881351583,0.07467579881351583,0.9376319474069058,0.9376319474069058,,0.06163127815184572,0,4,256,0.3747069115268487,0.9790883266930909,42,0.0,51,766
ct_w4_i4,4,evaluation,42,64,sampled_full_fisher,16583688616420945990,1,7.0,0.05872709436121859,0.05872709436121859,0.9488324829133818,0.9488324829133818,,0.0590372380784575,0,7,448,0.60354409559268,0.8904559555725597,42,0.0,51,1326
ct_w4_i4,4,evaluation,42,64,ray_plus_residual,16583688616420945990,1,7.0,0.09027838758853513,0.09027838758853513,0.9177948294300059,0.9177948294300059,,0.14777487993608518,0,7,448,0.9789943690622062,0.20826195974723577,42,0.0,51,766
ct_w4_i4,4,evaluation,50,64,sampled_adam,13449276357782629589,0,,1.0176971802844772,1.0176971802844772,2.608220549085304e-16,0.9832213015209847,349289097.647778,0.014566743681866112,1,199,12736,0.21354072112452027,0.9916113267999521,36,0.0,51,102
ct_w4_i4,4,evaluation,50,64,sampled_diagonal_fisher,13449276357782629589,0,,1.0000906325589902,1.0000906325589902,1.605331559928717e-32,0.9999101372710693,886822218892.7103,9.725140925337715e-05,1,199,12736,0.279164140301221,1.1362885837795946,36,0.0,51,51
ct_w4_i4,4,evaluation,50,64,sampled_two_block_fisher,13449276357782629589,1,5.0,0.06071581795930392,0.06071581795930392,0.9510172133633085,0.9510172133633085,,0.07950011571684468,0,5,320,0.3722239164178993,0.976740875382212,36,0.0,51,766
ct_w4_i4,4,evaluation,50,64,sampled_full_fisher,13449276357782629589,1,7.0,0.0639465351727857,0.0639465351727857,0.9456868382663932,0.9456868382663932,,0.09104753649122045,0,7,448,0.5571674943255016,0.941097769282765,36,0.0,51,1326
ct_w4_i4,4,evaluation,50,64,ray_plus_residual,13449276357782629589,1,9.0,0.09213657424127497,0.09213657424127497,0.9173996317992795,0.9173996317992795,,0.32122030848892347,0,9,576,0.9777867302713384,0.21436399162638667,36,0.0,51,766
ct_w4_i4,4,evaluation,101,64,sampled_adam,10608408000211129670,0,,1.016480886243274,1.016480886243274,7.143920596050123e-16,0.9839606199372126,293254701.9742325,0.014974911664727855,1,199,12736,0.19218663803068364,0.9925489858407244,35,0.0,51,102
ct_w4_i4,4,evaluation,101,64,sampled_diagonal_fisher,10608408000211129670,0,,1.0001542326116901,1.0001542326116901,5.093226991797825e-26,0.9998458287941253,235035086508.07172,0.00014593905171729393,1,199,12736,0.2558845712330604,1.1892118061675252,35,0.0,51,51
ct_w4_i4,4,evaluation,101,64,sampled_two_block_fisher,10608408000211129670,1,8.0,0.019690014012471835,0.019690014012471835,0.9821612020449828,0.9821612020449828,,0.02983670079343135,0,8,512,0.4013067786438856,0.9485953715957316,35,0.0,51,766
ct_w4_i4,4,evaluation,101,64,sampled_full_fisher,10608408000211129670,1,7.0,0.07870212539525667,0.07870212539525667,0.9390539267645398,0.9390539267645398,,0.18068963691891257,0,7,448,0.3605159787867505,0.9999997156760114,35,0.0,51,1326
ct_w4_i4,4,evaluation,101,64,ray_plus_residual,10608408000211129670,1,13.0,0.09905712558063762,0.09905712558063762,0.9054334341099229,0.9054334341099229,,0.522286892569996,0,13,832,0.9796419838172286,0.20492439724944117,35,0.0,51,766
ct_w4_i4,4,evaluation,0,256,sampled_adam,4538707234977487522,1,44.0,0.0989627033225684,0.0989627033225684,0.9100890941656796,0.9100890941656796,,0.08896660614694901,0,44,11264,0.08541637440227347,0.9972240503177289,49,0.0,51,102
ct_w4_i4,4,evaluation,0,256,sampled_diagonal_fisher,4538707234977487522,1,3.0,0.018010396728181277,0.018010396728181277,0.9832841582805466,0.9832841582805466,,0.023419929222109056,0,3,768,0.28990971714187924,1.0016651591649592,49,0.0,51,51
ct_w4_i4,4,evaluation,0,256,sampled_two_block_fisher,4538707234977487522,1,4.0,0.014154702885944559,0.014154702885944559,0.9874538922403191,0.9874538922403191,,0.0194668158436865,0,4,1024,0.34500564436985376,0.9564319004218512,49,0.0,51,766
ct_w4_i4,4,evaluation,0,256,sampled_full_fisher,4538707234977487522,1,7.0,0.062141980110595796,0.062141980110595796,0.9478611134138717,0.9478611134138717,,0.1826750027276222,0,7,1792,0.8609755842557516,0.5273033581236678,49,0.0,51,1326
ct_w4_i4,4,evaluation,0,256,ray_plus_residual,4538707234977487522,1,7.0,0.06927485348968432,0.06927485348968432,0.9358033334376902,0.9358033334376902,,0.1314284637157748,0,7,1792,0.9784243463000178,0.21116136198645954,49,0.0,51,766
ct_w4_i4,4,evaluation,19,256,sampled_adam,6209520268553814613,1,48.0,0.09816909659162043,0.09816909659162043,0.9121825900968196,0.9121825900968196,,0.06275462596694331,0,48,12288,0.32031062594058596,0.9869097114645958,49,0.0,51,102
ct_w4_i4,4,evaluation,19,256,sampled_diagonal_fisher,6209520268553814613,1,2.0,0.0786797015878502,0.0786797015878502,0.9242979358758061,0.9242979358758061,,0.06129122919065005,0,2,512,0.2838979603660639,1.090880944494203,49,0.0,51,51
ct_w4_i4,4,evaluation,19,256,sampled_two_block_fisher,6209520268553814613,1,3.0,0.027134274387330848,0.027134274387330848,0.975403986436177,0.975403986436177,,0.019058743497083766,0,3,768,0.20455943941815655,1.1002143793222994,49,0.0,51,766
ct_w4_i4,4,evaluation,19,256,sampled_full_fisher,6209520268553814613,1,6.0,0.09375273337867895,0.09375273337867895,0.9259305404662732,0.9259305404662732,,0.1316214122475664,0,6,1536,0.8743769054560946,0.5012446399591826,49,0.0,51,1326
ct_w4_i4,4,evaluation,19,256,ray_plus_residual,6209520268553814613,1,6.0,0.09152245904714462,0.09152245904714462,0.9154550381791592,0.9154550381791592,,0.09897109812200575,0,6,1536,0.9776691563342751,0.21495001093264043,49,0.0,51,766
ct_w4_i4,4,evaluation,42,256,sampled_adam,2638223664482971128,1,45.0,0.09809449199441111,0.09809449199441111,0.913584180388548,0.913584180388548,,0.07282740084886354,0,45,11520,0.2348947981812908,0.9906727806635837,50,0.0,51,102
ct_w4_i4,4,evaluation,42,256,sampled_diagonal_fisher,2638223664482971128,1,3.0,0.01042276781568141,0.01042276781568141,0.9898225465441896,0.9898225465441896,,0.008155090610354177,0,3,768,0.2091117931765611,1.1129023390696466,50,0.0,51,51
ct_w4_i4,4,evaluation,42,256,sampled_two_block_fisher,2638223664482971128,1,3.0,0.08340630364738821,0.08340630364738821,0.9230307739367885,0.9230307739367885,,0.08372979157522736,0,3,768,0.5940747566004315,0.8062800603086862,50,0.0,51,766
ct_w4_i4,4,evaluation,42,256,sampled_full_fisher,2638223664482971128,1,6.0,0.07793371405326077,0.07793371405326077,0.9366314804662272,0.9366314804662272,,0.13567718746086407,0,6,1536,0.8978873395893984,0.45191295712913887,50,0.0,51,1326
ct_w4_i4,4,evaluation,42,256,ray_plus_residual,2638223664482971128,1,6.0,0.07281436141653685,0.07281436141653685,0.9306969081453309,0.9306969081453309,,0.07406461905711562,0,6,1536,0.9774783303662604,0.21589819924962278,50,0.0,51,766
ct_w4_i4,4,evaluation,50,256,sampled_adam,18248870356598059304,1,52.0,0.09705033945529529,0.09705033945529529,0.9114194073711696,0.9114194073711696,,0.0922016151472227,0,52,13312,0.2776029469630311,0.9887930161130641,49,0.0,51,102
ct_w4_i4,4,evaluation,50,256,sampled_diagonal_fisher,18248870356598059304,1,3.0,0.05721865865535669,0.05721865865535669,0.9452275181675523,0.9452275181675523,,0.0947961424756664,0,3,768,0.3577343411003333,0.9794597534797834,49,0.0,51,51
ct_w4_i4,4,evaluation,50,256,sampled_two_block_fisher,18248870356598059304,1,4.0,0.03425236759419015,0.03425236759419015,0.9710614673156853,0.9710614673156853,,0.04291321097964061,0,4,1024,0.5203441387594909,0.8644697080383695,49,0.0,51,766
ct_w4_i4,4,evaluation,50,256,sampled_full_fisher,18248870356598059304,1,7.0,0.0857424086351184,0.0857424086351184,0.9248389206124038,0.9248389206124038,,0.2009481338062518,0,7,1792,0.8609755634181013,0.5273033976410524,49,0.0,51,1326
ct_w4_i4,4,evaluation,50,256,ray_plus_residual,18248870356598059304,1,7.0,0.08126174853983947,0.08126174853983947,0.9227653732796691,0.9227653732796691,,0.14196895825239725,0,7,1792,0.9775271839603472,0.21565579657885822,49,0.0,51,766
ct_w4_i4,4,evaluation,101,256,sampled_adam,3704562252494707156,0,,1.0130504930326474,1.0130504930326474,6.893974562027077e-17,0.9873957932081233,914665091.7000284,0.012180752499680605,1,199,50944,0.1617491652334435,0.9939350978027096,46,0.0,51,102
ct_w4_i4,4,evaluation,101,256,sampled_diagonal_fisher,3704562252494707156,0,,1.0000267132925718,1.0000267132925718,2.1294548094980524e-24,0.9999479375705538,538969053092.3216,2.9711441969689248e-05,1,199,50944,0.3417981084746161,1.0111270411272637,46,0.0,51,51
ct_w4_i4,4,evaluation,101,256,sampled_two_block_fisher,3704562252494707156,1,4.0,0.09240239876316281,0.09240239876316281,0.9193697331116704,0.9193697331116704,,0.24549106858073325,0,4,1024,0.368061556842922,0.9601904754447782,46,0.0,51,766
ct_w4_i4,4,evaluation,101,256,sampled_full_fisher,3704562252494707156,1,6.0,0.08587655418907048,0.08587655418907048,0.9302054241221072,0.9302054241221072,,0.2685543132934364,0,6,1536,0.6709551105172644,0.8112273287836592,46,0.0,51,1326
ct_w4_i4,4,evaluation,101,256,ray_plus_residual,3704562252494707156,1,7.0,0.09480083891897984,0.09480083891897984,0.9092508743207544,0.9092508743207544,,0.2512532295274028,0,7,1792,0.9800461984182,0.2028168054697512,46,0.0,51,766
ct_w4_i4,4,evaluation,0,1024,sampled_adam,8351702184607203372,1,43.0,0.09748076619503898,0.09748076619503898,0.9112975837089621,0.9112975837089621,,0.08776308529309526,0,43,44032,0.10676990299035873,0.9962908186311438,51,0.0,51,102
ct_w4_i4,4,evaluation,0,1024,sampled_diagonal_fisher,8351702184607203372,1,3.0,0.010065414871172962,0.010065414871172962,0.990110349759747,0.990110349759747,,0.013332824062451102,0,3,3072,0.34771611437693667,0.9726594434175079,51,0.0,51,51
ct_w4_i4,4,evaluation,0,1024,sampled_two_block_fisher,8351702184607203372,1,3.0,0.09080489295397776,0.09080489295397776,0.9196436987589421,0.9196436987589421,,0.10092605621134626,0,3,3072,0.5390760641143202,0.8422860258105402,51,0.0,51,766
ct_w4_i4,4,evaluation,0,1024,sampled_full_fisher,8351702184607203372,1,7.0,0.0660622415625216,0.0660622415625216,0.9426371349487038,0.9426371349487038,,0.1800450802694628,0,7,7168,1.0,4.329302649617642e-09,51,0.0,51,1326
ct_w4_i4,4,evaluation,0,1024,ray_plus_residual,8351702184607203372,1,5.0,0.09809623846308924,0.09809623846308924,0.9085488748815947,0.9085488748815947,,0.15711679092404623,0,5,5120,0.9784934707564212,0.21081161876414914,51,0.0,51,766
ct_w4_i4,4,evaluation,19,1024,sampled_adam,12231876205189758569,1,47.0,0.09955170948413361,0.09955170948413361,0.9121118123094696,0.9121118123094696,,0.06218223021323598,0,47,48128,0.21354076767147248,0.9916113248249558,50,0.0,51,102
ct_w4_i4,4,evaluation,19,1024,sampled_diagonal_fisher,12231876205189758569,1,2.0,0.07471579260802841,0.07471579260802841,0.9272984983413913,0.9272984983413913,,0.06551905533760115,0,2,2048,0.2930563151310863,1.064493604223055,50,0.0,51,51
ct_w4_i4,4,evaluation,19,1024,sampled_two_block_fisher,12231876205189758569,1,3.0,0.03378143471720563,0.03378143471720563,0.9695685304102135,0.9695685304102135,,0.023913751580820836,0,3,3072,0.36225584276547895,0.9541683021098174,50,0.0,51,766
ct_w4_i4,4,evaluation,19,1024,sampled_full_fisher,12231876205189758569,1,6.0,0.0783238450024708,0.0783238450024708,0.9284751360577618,0.9284751360577618,,0.08728225015702681,0,6,6144,0.9181629748650615,0.404566496721957,50,0.0,51,1326
ct_w4_i4,4,evaluation,19,1024,ray_plus_residual,12231876205189758569,1,6.0,0.07286316701359041,0.07286316701359041,0.9309820927359321,0.9309820927359321,,0.06357411676512664,0,6,6144,0.9780291172688405,0.2131514584837427,50,0.0,51,766
ct_w4_i4,4,evaluation,42,1024,sampled_adam,14712276460256946070,1,44.0,0.0971416092893822,0.0971416092893822,0.9139492080171369,0.9139492080171369,,0.0729278997914379,0,44,45056,0.21354067430893556,0.9916113311375254,51,0.0,51,102
ct_w4_i4,4,evaluation,42,1024,sampled_diagonal_fisher,14712276460256946070,1,3.0,0.01791428863715261,0.01791428863715261,0.9823803229217583,0.9823803229217583,,0.01750828737013679,0,3,3072,0.20055581754925667,1.104890314855991,51,0.0,51,51
ct_w4_i4,4,evaluation,42,1024,sampled_two_block_fisher,14712276460256946070,1,3.0,0.06640490979193636,0.06640490979193636,0.9385756877722689,0.9385756877722689,,0.054604741916007685,0,3,3072,0.5332812050570139,0.8459869935502309,51,0.0,51,766
ct_w4_i4,4,evaluation,42,1024,sampled_full_fisher,14712276460256946070,1,7.0,0.047746079099370675,0.047746079099370675,0.9597900539962076,0.9597900539962076,,0.09626691310353633,0,7,7168,0.9999999999999997,3.478924828670159e-09,51,0.0,51,1326
ct_w4_i4,4,evaluation,42,1024,ray_plus_residual,14712276460256946070,1,5.0,0.09106311247889565,0.09106311247889565,0.9142406831950719,0.9142406831950719,,0.08708427984709552,0,5,5120,0.9775120552508328,0.21573088771855853,51,0.0,51,766
ct_w4_i4,4,evaluation,50,1024,sampled_adam,11940243313149286625,1,50.0,0.09682581403762391,0.09682581403762391,0.9115208337969128,0.9115208337969128,,0.09584371243988327,0,50,51200,0.21354070297051594,0.991611328035619,51,0.0,51,102
ct_w4_i4,4,evaluation,50,1024,sampled_diagonal_fisher,11940243313149286625,1,4.0,0.010122769090937567,0.010122769090937567,0.9899473642759804,0.9899473642759804,,0.018462429165669293,0,4,4096,0.34076828443163854,0.9962229064428545,51,0.0,51,51
ct_w4_i4,4,evaluation,50,1024,sampled_two_block_fisher,11940243313149286625,1,4.0,0.026910617829184247,0.026910617829184247,0.975215971838597,0.975215971838597,,0.033053578137317845,0,4,4096,0.4913224627789033,0.8821837319482705,51,0.0,51,766
ct_w4_i4,4,evaluation,50,1024,sampled_full_fisher,11940243313149286625,1,8.0,0.06407249687875094,0.06407249687875094,0.946019555765435,0.946019555765435,,0.1603727873718809,0,8,8192,1.0000000000000002,5.2963856979238515e-09,51,0.0,51,1326
ct_w4_i4,4,evaluation,50,1024,ray_plus_residual,11940243313149286625,1,6.0,0.08309512953275977,0.08309512953275977,0.9210160134281802,0.9210160134281802,,0.1446130371044966,0,6,6144,0.9779265732220231,0.21366516145621584,51,0.0,51,766
ct_w4_i4,4,evaluation,101,1024,sampled_adam,2008214017446260092,0,,1.013304270981223,1.013304270981223,5.789854957741529e-17,0.9871390946179526,800071026.697283,0.012541769950219012,1,199,203776,0.2135407625358093,0.9916113266940335,50,0.0,51,102
ct_w4_i4,4,evaluation,101,1024,sampled_diagonal_fisher,2008214017446260092,0,,1.0000097924793447,1.0000097924793447,9.292030013112952e-33,0.9999904032146654,633809181593.1069,1.1794576006037358e-05,1,199,203776,0.3626825704632639,0.9923077907916779,50,0.0,51,51
ct_w4_i4,4,evaluation,101,1024,sampled_two_block_fisher,2008214017446260092,1,5.0,0.02694078679620482,0.02694078679620482,0.9744661542038558,0.9744661542038558,,0.06827143392667413,0,5,5120,0.5022718029317574,0.8755195072881318,50,0.0,51,766
ct_w4_i4,4,evaluation,101,1024,sampled_full_fisher,2008214017446260092,1,7.0,0.04719580338716867,0.04719580338716867,0.9563337353052485,0.9563337353052485,,0.1650383209875213,0,7,7168,0.8978875025104399,0.4519125966147877,50,0.0,51,1326
ct_w4_i4,4,evaluation,101,1024,ray_plus_residual,2008214017446260092,1,7.0,0.06719063655621049,0.06719063655621049,0.9349057419826524,0.9349057419826524,,0.19147437403035147,0,7,7168,0.9799890140198003,0.2031161364189615,50,0.0,51,766
ct_w4_i4,4,evaluation,0,4096,sampled_adam,2642893720670250051,1,42.0,0.09939662445191288,0.09939662445191288,0.9098141695427173,0.9098141695427173,,0.08899873443618768,0,42,172032,0.1494784936143308,0.9944216511926244,51,0.0,51,102
ct_w4_i4,4,evaluation,0,4096,sampled_diagonal_fisher,2642893720670250051,1,3.0,0.014852264110922775,0.014852264110922775,0.9852325713961811,0.9852325713961811,,0.019858863075822394,0,3,12288,0.3584066347961915,0.9562491012176481,51,0.0,51,51
ct_w4_i4,4,evaluation,0,4096,sampled_two_block_fisher,2642893720670250051,1,3.0,0.08961654448651579,0.08961654448651579,0.919454024224788,0.919454024224788,,0.10140096758648125,0,3,12288,0.5921889806992725,0.809017662061799,51,0.0,51,766
ct_w4_i4,4,evaluation,0,4096,sampled_full_fisher,2642893720670250051,1,8.0,0.05647369673720881,0.05647369673720881,0.950221283014716,0.950221283014716,,0.18026697475563877,0,8,32768,1.0000000000000002,3.40539690278453e-09,51,0.0,51,1326
ct_w4_i4,4,evaluation,0,4096,ray_plus_residual,2642893720670250051,1,6.0,0.062244118246066904,0.062244118246066904,0.940828765529632,0.940828765529632,,0.1000437515426752,0,6,24576,0.9784896046463916,0.210831193156194,51,0.0,51,766
ct_w4_i4,4,evaluation,19,4096,sampled_adam,12829450300877326018,1,46.0,0.09925104069517765,0.09925104069517765,0.9124734107157868,0.9124734107157868,,0.062437734824879944,0,46,188416,0.213540728770552,0.9916113264343724,51,0.0,51,102
ct_w4_i4,4,evaluation,19,4096,sampled_diagonal_fisher,12829450300877326018,1,3.0,0.006119358598743574,0.006119358598743574,0.9939130779073526,0.9939130779073526,,0.005274622780371088,0,3,12288,0.31251000815258106,1.0730923454584558,51,0.0,51,51
ct_w4_i4,4,evaluation,19,4096,sampled_two_block_fisher,12829450300877326018,1,3.0,0.029804430854103003,0.029804430854103003,0.9714331139300242,0.9714331139300242,,0.020955998411205656,0,3,12288,0.43673031888766556,0.9175747973789683,51,0.0,51,766
ct_w4_i4,4,evaluation,19,4096,sampled_full_fisher,12829450300877326018,1,7.0,0.056657720561817726,0.056657720561817726,0.9470620987469953,0.9470620987469953,,0.06232853198250674,0,7,28672,1.0000000000000002,3.797453857981201e-09,51,0.0,51,1326
ct_w4_i4,4,evaluation,19,4096,ray_plus_residual,12829450300877326018,1,5.0,0.07408728467252068,0.07408728467252068,0.9292219331021444,0.9292219331021444,,0.05667630748372535,0,5,20480,0.9777247246687474,0.21467321681630103,51,0.0,51,766
ct_w4_i4,4,evaluation,42,4096,sampled_adam,16888541430265587233,1,43.0,0.09919734637236033,0.09919734637236033,0.9122521040140749,0.9122521040140749,,0.07516430585609575,0,43,176128,0.3203110195617492,0.9869096741888327,51,0.0,51,102
ct_w4_i4,4,evaluation,42,4096,sampled_diagonal_fisher,16888541430265587233,1,3.0,0.00943636079237109,0.00943636079237109,0.9906305986834467,0.9906305986834467,,0.008583268307099816,0,3,12288,0.23617056619273055,1.079035935054521,51,0.0,51,51
ct_w4_i4,4,evaluation,42,4096,sampled_two_block_fisher,16888541430265587233,1,3.0,0.0655462530853903,0.0655462530853903,0.9386086650369211,0.9386086650369211,,0.054948725216213704,0,3,12288,0.5734349711246919,0.8218282440689615,51,0.0,51,766
ct_w4_i4,4,evaluation,42,4096,sampled_full_fisher,16888541430265587233,1,7.0,0.06510923480239228,0.06510923480239228,0.940861080274709,0.940861080274709,,0.11596737575254405,0,7,28672,1.0000000000000002,5.4015679491074545e-09,51,0.0,51,1326
ct_w4_i4,4,evaluation,42,4096,ray_plus_residual,16888541430265587233,1,5.0,0.07670967212519564,0.07670967212519564,0.9272872985930612,0.9272872985930612,,0.07264891864626861,0,5,20480,0.9773834162521923,0.21636847315947155,51,0.0,51,766
ct_w4_i4,4,evaluation,50,4096,sampled_adam,15215067998253882408,1,49.0,0.09916616029866887,0.09916616029866887,0.9089882712344797,0.9089882712344797,,0.09664790771015219,0,49,200704,0.19218666777745871,0.9925489864188626,51,0.0,51,102
ct_w4_i4,4,evaluation,50,4096,sampled_diagonal_fisher,15215067998253882408,1,4.0,0.010121302714761526,0.010121302714761526,0.9899202222757661,0.9899202222757661,,0.02009121644086129,0,4,16384,0.36775003501280157,0.9678534446723942,51,0.0,51,51
ct_w4_i4,4,evaluation,50,4096,sampled_two_block_fisher,15215067998253882408,1,4.0,0.04179069850925998,0.04179069850925998,0.9642662033583117,0.9642662033583117,,0.052592357023926006,0,4,16384,0.5078475399955666,0.8694641658759559,51,0.0,51,766
ct_w4_i4,4,evaluation,50,4096,sampled_full_fisher,15215067998253882408,1,8.0,0.08107694479649297,0.08107694479649297,0.9233704540892321,0.9233704540892321,,0.18974978968422399,0,8,32768,1.0000000000000002,3.78866555526539e-09,51,0.0,51,1326
ct_w4_i4,4,evaluation,50,4096,ray_plus_residual,15215067998253882408,1,6.0,0.07583788211020526,0.07583788211020526,0.9276831846474671,0.9276831846474671,,0.13676080798134083,0,6,24576,0.9776577496375708,0.21500679113339474,51,0.0,51,766
ct_w4_i4,4,evaluation,101,4096,sampled_adam,4247314823635144462,0,,1.012667710092403,1.012667710092403,2.692813066421328e-17,0.9877016824001852,1077206587.5585656,0.012020165615379944,1,199,815104,0.17083259513265062,0.9934857587821531,51,0.0,51,102
ct_w4_i4,4,evaluation,101,4096,sampled_diagonal_fisher,4247314823635144462,0,,1.0000040342501535,1.0000040342501535,9.602275853228471e-23,0.9717975035651378,759640293230.1863,4.180368851327818e-06,1,199,815104,0.36053049837645784,0.9948616802236266,51,0.0,51,51
ct_w4_i4,4,evaluation,101,4096,sampled_two_block_fisher,4247314823635144462,1,4.0,0.05750545444303157,0.05750545444303157,0.9464656506944545,0.9464656506944545,,0.1180055226652483,0,4,16384,0.47570688825193164,0.891741559734467,51,0.0,51,766
ct_w4_i4,4,evaluation,101,4096,sampled_full_fisher,4247314823635144462,1,7.0,0.09344076815481372,0.09344076815481372,0.9113432984807297,0.9113432984807297,,0.32257014931387384,0,7,28672,1.0000000000000002,7.639729765221698e-09,51,0.0,51,1326
ct_w4_i4,4,evaluation,101,4096,ray_plus_residual,4247314823635144462,1,6.0,0.07648831460191907,0.07648831460191907,0.9266186568613477,0.9266186568613477,,0.1962994071276797,0,6,24576,0.9799037144445513,0.20356191501703486,51,0.0,51,766
ct_w4_i5,4,evaluation,0,0,analytic_target_cooling,0,1,9.0,0.07944415663092919,0.07944415663092919,0.9224089613746772,0.9224089613746772,,0.12682767625469754,0,0,0,1.0,0.0,-1,0.0,49,49
ct_w4_i5,4,evaluation,19,0,analytic_target_cooling,0,1,15.0,0.09267792331163704,0.09267792331163704,0.9075939817233429,0.9075939817233429,,0.2726485464858974,0,0,0,1.0,0.0,-1,0.0,49,49
ct_w4_i5,4,evaluation,42,0,analytic_target_cooling,0,1,12.0,0.06977477609113691,0.06977477609113691,0.9309497724574314,0.9309497724574314,,0.28649157609081727,0,0,0,1.0,0.0,-1,0.0,49,49
ct_w4_i5,4,evaluation,50,0,analytic_target_cooling,0,1,9.0,0.0885035421864604,0.0885035421864604,0.9142597329418862,0.9142597329418862,,0.1219251212192504,0,0,0,1.0,0.0,-1,0.0,49,49
ct_w4_i5,4,evaluation,101,0,analytic_target_cooling,0,1,9.0,0.06772581988963289,0.06772581988963289,0.9342165447396885,0.9342165447396885,,0.10492915764912557,0,0,0,1.0,0.0,-1,0.0,49,49
ct_w4_i5,4,evaluation,0,64,sampled_adam,11345047271740878876,1,43.0,0.09952159927401283,0.09952159927401283,0.912595721312602,0.912595721312602,,0.06662150211123713,0,43,2752,0.09331398286670027,0.9967734577232961,37,0.0,49,98
ct_w4_i5,4,evaluation,0,64,sampled_diagonal_fisher,11345047271740878876,1,5.0,0.07446513533393251,0.07446513533393251,0.9317894732658779,0.9317894732658779,,0.06336873945833113,0,5,320,0.2826960432267729,1.1977511901669955,37,0.0,49,49
ct_w4_i5,4,evaluation,0,64,sampled_two_block_fisher,11345047271740878876,1,4.0,0.08880158155585605,0.08880158155585605,0.9236540641412389,0.9236540641412389,,0.08550056450315317,0,4,256,0.4570033142887635,0.9456151967675467,37,0.0,49,697
ct_w4_i5,4,evaluation,0,64,sampled_full_fisher,11345047271740878876,1,5.0,0.09995185678948992,0.09995185678948992,0.9183848426911327,0.9183848426911327,,0.09473881047282849,0,5,320,0.40492684721270344,0.9999998677463268,37,0.0,49,1225
ct_w4_i5,4,evaluation,0,64,ray_plus_residual,11345047271740878876,1,9.0,0.06419700675405515,0.06419700675405515,0.9372416497319317,0.9372416497319317,,0.11626885488562812,0,9,576,0.97953569057746,0.20547545480888846,37,0.0,49,697
ct_w4_i5,4,evaluation,19,64,sampled_adam,18212572357705401877,0,,1.0135007148083854,1.0135007148083854,1.925605443010762e-12,0.9857758502308797,38599041.4740354,0.008566755332852729,1,199,12736,0.09331392754269716,0.9967734602136982,38,0.0,49,98
ct_w4_i5,4,evaluation,19,64,sampled_diagonal_fisher,18212572357705401877,0,,1.0002936343667628,1.0002936343667628,3.395703637676899e-12,0.6719261420533568,,0.00021303881936842419,0,199,12736,0.18282530200483083,1.1962316551767962,38,0.0,49,49
ct_w4_i5,4,evaluation,19,64,sampled_two_block_fisher,18212572357705401877,0,,1.000660971253879,1.000660971253879,5.595539910826062e-11,0.5600149139343814,,0.00047623566982785625,0,199,12736,0.1882556025826259,1.097836495577335,38,0.0,49,697
ct_w4_i5,4,evaluation,19,64,sampled_full_fisher,18212572357705401877,1,9.0,0.07176292130860062,0.07176292130860062,0.9404751011053014,0.9404751011053014,,0.12401423311960959,0,9,576,0.5350257621406053,0.9643383616339181,38,0.0,49,1225
ct_w4_i5,4,evaluation,19,64,ray_plus_residual,18212572357705401877,1,12.0,0.08523153384658144,0.08523153384658144,0.9158847209926969,0.9158847209926969,,0.21019559979903502,0,12,768,0.9793795906589907,0.20628238103237265,38,0.0,49,697
ct_w4_i5,4,evaluation,42,64,sampled_adam,4076331512580982773,0,,1.0132185225511723,1.0132185225511723,1.380596211237105e-11,0.9881607927705671,347388966.3256054,0.012532789431827975,1,199,12736,0.25661319982088593,0.989254266713809,35,0.0,49,98
ct_w4_i5,4,evaluation,42,64,sampled_diagonal_fisher,4076331512580982773,0,,1.0001948377869674,1.0001948377869674,8.338641532573293e-21,0.9998381822929623,312773972180.40125,0.00026466860191787694,1,199,12736,0.24765302103458176,1.1351325127400456,35,0.0,49,49
ct_w4_i5,4,evaluation,42,64,sampled_two_block_fisher,4076331512580982773,1,6.0,0.07112641304830802,0.07112641304830802,0.9362448082409327,0.9362448082409327,,0.14879124677011896,0,6,384,0.21021763750041103,1.1694558794038181,35,0.0,49,697
ct_w4_i5,4,evaluation,42,64,sampled_full_fisher,4076331512580982773,1,7.0,0.0898372254425901,0.0898372254425901,0.9289372290589119,0.9289372290589119,,0.19594340944003646,0,7,448,0.448731794672189,0.9999999973711127,35,0.0,49,1225
ct_w4_i5,4,evaluation,42,64,ray_plus_residual,4076331512580982773,1,10.0,0.03351642907767527,0.03351642907767527,0.9669863725130581,0.9669863725130581,,0.13054683158282226,0,10,640,0.9787805925835885,0.209353438030556,35,0.0,49,697
ct_w4_i5,4,evaluation,50,64,sampled_adam,8714038542917394355,1,50.0,0.09902809002194779,0.09902809002194779,0.9133439801047073,0.9133439801047073,,0.06476189483637484,0,50,3200,0.13997083414816502,0.9946309206419982,44,0.0,49,98
ct_w4_i5,4,evaluation,50,64,sampled_diagonal_fisher,8714038542917394355,1,4.0,0.014900369823607207,0.014900369823607207,0.9858264001091837,0.9858264001091837,,0.017680702451213007,0,4,256,0.25525796956287045,1.2204442063749819,44,0.0,49,49
ct_w4_i5,4,evaluation,50,64,sampled_two_block_fisher,8714038542917394355,1,4.0,0.019975224985675055,0.019975224985675055,0.9828887520862256,0.9828887520862256,,0.02022800281263241,0,4,256,0.19087131797750756,1.1494379367193877,44,0.0,49,697
ct_w4_i5,4,evaluation,50,64,sampled_full_fisher,8714038542917394355,1,5.0,0.09268899334753833,0.09268899334753833,0.9207915502021429,0.9207915502021429,,0.1080120614873215,0,5,320,0.7309123175562656,0.7336043653683291,44,0.0,49,1225
ct_w4_i5,4,evaluation,50,64,ray_plus_residual,8714038542917394355,1,9.0,0.04784912277410136,0.04784912277410136,0.9536598009877408,0.9536598009877408,,0.11130628108071128,0,9,576,0.9800778510457087,0.20265095269095862,44,0.0,49,697
ct_w4_i5,4,evaluation,101,64,sampled_adam,4367499403956070338,1,51.0,0.09828980379897168,0.09828980379897168,0.9119865058428679,0.9119865058428679,,0.06859987367746002,0,51,3264,0.20995624119293493,0.9914084283591829,36,0.0,49,98
ct_w4_i5,4,evaluation,101,64,sampled_diagonal_fisher,4367499403956070338,1,3.0,0.0819526134001709,0.0819526134001709,0.9219747622632931,0.9219747622632931,,0.09334378770250888,0,3,192,0.3399682739286078,0.9958574893483872,36,0.0,49,49
ct_w4_i5,4,evaluation,101,64,sampled_two_block_fisher,4367499403956070338,1,4.0,0.096580113410063,0.096580113410063,0.9309011991171525,0.9309011991171525,,0.13872047004100002,0,4,256,0.3960085952975928,0.9761128361386876,36,0.0,49,697
ct_w4_i5,4,evaluation,101,64,sampled_full_fisher,4367499403956070338,1,5.0,0.06946151096242126,0.06946151096242126,0.9412235359336393,0.9412235359336393,,0.0678290639241614,0,5,320,0.5323486185015578,0.9671105226378652,36,0.0,49,1225
ct_w4_i5,4,evaluation,101,64,ray_plus_residual,4367499403956070338,1,9.0,0.04299896813995652,0.04299896813995652,0.958297766933736,0.958297766933736,,0.10741668933052463,0,9,576,0.9802593644466214,0.20169754094004996,36,0.0,49,697
ct_w4_i5,4,evaluation,0,256,sampled_adam,12367861041726401496,1,37.0,0.09548225316983228,0.09548225316983228,0.9163886373397643,0.9163886373397643,,0.06322286928771512,0,37,9472,0.27994166088618166,0.9881754252213751,49,0.0,49,98
ct_w4_i5,4,evaluation,0,256,sampled_diagonal_fisher,12367861041726401496,1,3.0,0.021348932762061068,0.021348932762061068,0.9798552650268643,0.9798552650268643,,0.01871890515926121,0,3,768,0.3472609128554844,1.142575237911723,49,0.0,49,49
ct_w4_i5,4,evaluation,0,256,sampled_two_block_fisher,12367861041726401496,1,4.0,0.04677978708938468,0.04677978708938468,0.9596136950183799,0.9596136950183799,,0.03876459327881982,0,4,1024,0.5933070763631568,0.8127114391723712,49,0.0,49,697
ct_w4_i5,4,evaluation,0,256,sampled_full_fisher,12367861041726401496,1,6.0,0.053476676487576924,0.053476676487576924,0.9526958439579689,0.9526958439579689,,0.06835078377910796,0,6,1536,1.0,4.9552874531577464e-09,49,0.0,49,1225
ct_w4_i5,4,evaluation,0,256,ray_plus_residual,12367861041726401496,1,7.0,0.08959472994370543,0.08959472994370543,0.9139810713670754,0.9139810713670754,,0.14208551538540587,0,7,1792,0.9804456458825586,0.20071493053235306,49,0.0,49,697
ct_w4_i5,4,evaluation,19,256,sampled_adam,8061756880982542909,0,,1.0114854163201805,1.0114854163201805,2.086894618221401e-13,0.9893089040690481,70756084.69046837,0.007824234796893544,1,199,50944,0.23328474356302123,0.9903319315438538,47,0.0,49,98
ct_w4_i5,4,evaluation,19,256,sampled_diagonal_fisher,8061756880982542909,0,,1.0000550431677855,1.0000550431677855,5.8428699210576845e-24,0.9999320489552661,794108160823.697,4.950633978648208e-05,1,199,50944,0.326042139138269,1.0686576486827037,47,0.0,49,49
ct_w4_i5,4,evaluation,19,256,sampled_two_block_fisher,8061756880982542909,0,,1.0001118005194094,1.0001118005194094,3.2129739648479133e-18,0.8026114714103773,,0.00010550820769537387,0,199,50944,0.4674351624741107,0.9096845955097396,47,0.0,49,697
ct_w4_i5,4,evaluation,19,256,sampled_full_fisher,8061756880982542909,1,10.0,0.055799300621597325,0.055799300621597325,0.9601947107470258,0.9601947107470258,,0.11331454018436768,0,10,2560,0.8626507378599387,0.5241168994414538,47,0.0,49,1225
ct_w4_i5,4,evaluation,19,256,ray_plus_residual,8061756880982542909,1,10.0,0.08970535433993021,0.08970535433993021,0.9115777166269036,0.9115777166269036,,0.24948720077476502,0,10,2560,0.9793208890671447,0.20658511076956898,47,0.0,49,697
ct_w4_i5,4,evaluation,42,256,sampled_adam,16768901074385921092,0,,1.0111253615727431,1.0111253615727431,5.631096350352649e-12,0.9900840833205287,620136132.3437442,0.010600498239622233,1,199,50944,0.16329935740948295,0.9935579151593938,46,0.0,49,98
ct_w4_i5,4,evaluation,42,256,sampled_diagonal_fisher,16768901074385921092,0,,1.0000485999677444,1.0000485999677444,1.8335874335810208e-22,0.9999732672112597,243763277609.3727,0.00012415396807854823,1,199,50944,0.2680725779918543,1.0495416582392214,46,0.0,49,49
ct_w4_i5,4,evaluation,42,256,sampled_two_block_fisher,16768901074385921092,1,7.0,0.025108735746508515,0.025108735746508515,0.9754436640304959,0.9754436640304959,,0.07770295875981101,0,7,1792,0.34411976749958423,1.0007798562867374,46,0.0,49,697
ct_w4_i5,4,evaluation,42,256,sampled_full_fisher,16768901074385921092,1,8.0,0.053667883398619054,0.053667883398619054,0.9525350750843172,0.9525350750843172,,0.15694032683907397,0,8,2048,0.7100468077739815,0.7615158464878041,46,0.0,49,1225
ct_w4_i5,4,evaluation,42,256,ray_plus_residual,16768901074385921092,1,8.0,0.09327799638786516,0.09327799638786516,0.9106768677090012,0.9106768677090012,,0.32293736332300005,0,8,2048,0.9790468386674592,0.20799330002369767,46,0.0,49,697
ct_w4_i5,4,evaluation,50,256,sampled_adam,9465251857352130773,1,45.0,0.0997583876430923,0.0997583876430923,0.9109864933286406,0.9109864933286406,,0.06674869263288372,0,45,11520,0.25661327162259173,0.989254263415458,48,0.0,49,98
ct_w4_i5,4,evaluation,50,256,sampled_diagonal_fisher,9465251857352130773,1,2.0,0.09301939004886783,0.09301939004886783,0.9165368347986383,0.9165368347986383,,0.08582636941792524,0,2,512,0.2700082747911669,1.111662201555519,48,0.0,49,49
ct_w4_i5,4,evaluation,50,256,sampled_two_block_fisher,9465251857352130773,1,4.0,0.029001980168326114,0.029001980168326114,0.975210765132021,0.975210765132021,,0.025350527451135394,0,4,1024,0.47296062817796763,0.8843313197015411,48,0.0,49,697
ct_w4_i5,4,evaluation,50,256,sampled_full_fisher,9465251857352130773,1,7.0,0.03934508727423136,0.03934508727423136,0.9646382949253531,0.9646382949253531,,0.04691609316920341,0,7,1792,0.9439868137919942,0.3347034096271078,48,0.0,49,1225
ct_w4_i5,4,evaluation,50,256,ray_plus_residual,9465251857352130773,1,7.0,0.0938679100995099,0.0938679100995099,0.9116125621848956,0.9116125621848956,,0.13674506617549273,0,7,1792,0.9783363935114271,0.2116056405272373,48,0.0,49,697
ct_w4_i5,4,evaluation,101,256,sampled_adam,15412679970917121721,1,44.0,0.0984727725205019,0.0984727725205019,0.9113905772380977,0.9113905772380977,,0.0705707429639606,0,44,11264,0.233284791635852,0.9903319294062307,45,0.0,49,98
ct_w4_i5,4,evaluation,101,256,sampled_diagonal_fisher,15412679970917121721,1,3.0,0.012704038305592746,0.012704038305592746,0.989420145865317,0.989420145865317,,0.01104364372876529,0,3,768,0.32123213043634147,1.1336436114217672,45,0.0,49,49
ct_w4_i5,4,evaluation,101,256,sampled_two_block_fisher,15412679970917121721,1,3.0,0.0704667327813322,0.0704667327813322,0.9412339446046863,0.9412339446046863,,0.05908202646493466,0,3,768,0.27753746166536714,1.0637160413080868,45,0.0,49,697
ct_w4_i5,4,evaluation,101,256,sampled_full_fisher,15412679970917121721,1,5.0,0.07750447170765895,0.07750447170765895,0.9323281583741373,0.9323281583741373,,0.12306485986524009,0,5,1280,0.7702814477614506,0.6778178992008833,45,0.0,49,1225
ct_w4_i5,4,evaluation,101,256,ray_plus_residual,15412679970917121721,1,6.0,0.09891415530157666,0.09891415530157666,0.9062175025045898,0.9062175025045898,,0.12773282152977042,0,6,1536,0.9793671213963318,0.20634671881099703,45,0.0,49,697
ct_w4_i5,4,evaluation,0,1024,sampled_adam,9822678604051735876,1,36.0,0.09609199809652402,0.09609199809652402,0.9157090725029887,0.9157090725029887,,0.0650721728675752,0,36,36864,0.30327064704807244,0.9870953915897299,49,0.0,49,98
ct_w4_i5,4,evaluation,0,1024,sampled_diagonal_fisher,9822678604051735876,1,3.0,0.06558682868828036,0.06558682868828036,0.9371550038261481,0.9371550038261481,,0.07363007766331327,0,3,3072,0.3327517399097431,1.155204103256439,49,0.0,49,49
ct_w4_i5,4,evaluation,0,1024,sampled_two_block_fisher,9822678604051735876,1,4.0,0.03157599245390941,0.03157599245390941,0.9711640138449359,0.9711640138449359,,0.03180354921569243,0,4,4096,0.6827963523054378,0.7306932411285907,49,0.0,49,697
ct_w4_i5,4,evaluation,0,1024,sampled_full_fisher,9822678604051735876,1,6.0,0.099901003262719,0.099901003262719,0.9165965372961521,0.9165965372961521,,0.14902215307303654,0,6,6144,0.9999999999999997,2.3276058988230497e-09,49,0.0,49,1225
ct_w4_i5,4,evaluation,0,1024,ray_plus_residual,9822678604051735876,1,7.0,0.07235015109167975,0.07235015109167975,0.9298497942094677,0.9298497942094677,,0.10596090179294278,0,7,7168,0.980123101932617,0.20241363997573328,49,0.0,49,697
ct_w4_i5,4,evaluation,19,1024,sampled_adam,11502457005626775687,0,,1.011003036820986,1.011003036820986,1.6321261028013212e-13,0.990230547076114,45899733.83860438,0.007620901813910833,1,199,203776,0.11664239682632192,0.9957027658769658,49,0.0,49,98
ct_w4_i5,4,evaluation,19,1024,sampled_diagonal_fisher,11502457005626775687,0,,1.0000157765116047,1.0000157765116047,4.079818865900648e-27,0.9631368856464801,712521229525.3146,2.036669867019073e-05,1,199,203776,0.33471752857715803,1.1095269199868842,49,0.0,49,49
ct_w4_i5,4,evaluation,19,1024,sampled_two_block_fisher,11502457005626775687,0,,1.0000434055156262,1.0000434055156262,2.6835162139261975e-13,0.7644491756271733,,3.278393384098441e-05,0,199,203776,0.5264088583889007,0.8711678993745307,49,0.0,49,697
ct_w4_i5,4,evaluation,19,1024,sampled_full_fisher,11502457005626775687,1,10.0,0.059273341399016743,0.059273341399016743,0.9446338480256352,0.9446338480256352,,0.16492956094717343,0,10,10240,1.0,5.490889366679292e-09,49,0.0,49,1225
ct_w4_i5,4,evaluation,19,1024,ray_plus_residual,11502457005626775687,1,10.0,0.0832967957935935,0.0832967957935935,0.917346833652026,0.917346833652026,,0.22286448677977494,0,10,10240,0.9789313102670917,0.2085844384152032,49,0.0,49,697
ct_w4_i5,4,evaluation,42,1024,sampled_adam,1621954832908178220,0,,1.0114481978579324,1.0114481978579324,3.0641838762116017e-12,0.9897318288543309,694653007.350397,0.011024664343108578,1,199,203776,0.2099563340577152,0.9914084245230977,49,0.0,49,98
ct_w4_i5,4,evaluation,42,1024,sampled_diagonal_fisher,1621954832908178220,0,,1.0000192990320276,1.0000192990320276,5.7044986493694685e-25,0.9999807706742815,78040895503.04272,4.129669812401856e-05,1,199,203776,0.3521043902477769,0.9596672386217105,49,0.0,49,49
ct_w4_i5,4,evaluation,42,1024,sampled_two_block_fisher,1621954832908178220,1,6.0,0.0820625247218647,0.0820625247218647,0.9189835356225854,0.9189835356225854,,0.38232006647029493,0,6,6144,0.4930528036971953,0.8760788370297474,49,0.0,49,697
ct_w4_i5,4,evaluation,42,1024,sampled_full_fisher,1621954832908178220,1,8.0,0.07533053351144403,0.07533053351144403,0.9347425424805552,0.9347425424805552,,0.29635803725581444,0,8,8192,0.9999999999999998,8.09427962388074e-09,49,0.0,49,1225
ct_w4_i5,4,evaluation,42,1024,ray_plus_residual,1621954832908178220,1,6.0,0.09969249585338957,0.09969249585338957,0.904824738982229,0.904824738982229,,0.30970146704111784,0,6,6144,0.9785208902987,0.21067274612891468,49,0.0,49,697
ct_w4_i5,4,evaluation,50,1024,sampled_adam,12881198288006296533,1,43.0,0.0995730497384475,0.0995730497384475,0.9110789895835976,0.9110789895835976,,0.06682699346719448,0,43,44032,0.2799415758260008,0.9881754304002144,49,0.0,49,98
ct_w4_i5,4,evaluation,50,1024,sampled_diagonal_fisher,12881198288006296533,1,3.0,0.004463227698911609,0.004463227698911609,0.9956079641015322,0.9956079641015322,,0.004628019207219579,0,3,3072,0.29870346529672215,1.0816930605514985,49,0.0,49,49
ct_w4_i5,4,evaluation,50,1024,sampled_two_block_fisher,12881198288006296533,1,4.0,0.016175883384306644,0.016175883384306644,0.9852113036226952,0.9852113036226952,,0.019737597313075415,0,4,4096,0.5380785600616989,0.8431920194758624,49,0.0,49,697
ct_w4_i5,4,evaluation,50,1024,sampled_full_fisher,12881198288006296533,1,7.0,0.06929035454436061,0.06929035454436061,0.9378988588527488,0.9378988588527488,,0.09846526649674449,0,7,7168,0.9999999999999997,2.3633452559096168e-09,49,0.0,49,1225
ct_w4_i5,4,evaluation,50,1024,ray_plus_residual,12881198288006296533,1,6.0,0.07321936206207624,0.07321936206207624,0.9296085798127153,0.9296085798127153,,0.09047826160251854,0,6,6144,0.9787958422062332,0.20927574297229118,49,0.0,49,697
ct_w4_i5,4,evaluation,101,1024,sampled_adam,2892610697519019390,1,43.0,0.09638159872356589,0.09638159872356589,0.9135312837789757,0.9135312837789757,,0.06971836008945506,0,43,44032,0.209956345019271,0.9914084240314662,49,0.0,49,98
ct_w4_i5,4,evaluation,101,1024,sampled_diagonal_fisher,2892610697519019390,1,2.0,0.05296411667428025,0.05296411667428025,0.9494422513346259,0.9494422513346259,,0.04694568854377589,0,2,2048,0.2828333850783813,1.1602831948950953,49,0.0,49,49
ct_w4_i5,4,evaluation,101,1024,sampled_two_block_fisher,2892610697519019390,1,3.0,0.06626120059217477,0.06626120059217477,0.9392983763042987,0.9392983763042987,,0.05556232378418734,0,3,3072,0.3300652278503917,1.0150390846691155,49,0.0,49,697
ct_w4_i5,4,evaluation,101,1024,sampled_full_fisher,2892610697519019390,1,6.0,0.055986839620890905,0.055986839620890905,0.9486759285804846,0.9486759285804846,,0.09247847938878287,0,6,6144,1.0,1.0868613810433814e-08,49,0.0,49,1225
ct_w4_i5,4,evaluation,101,1024,ray_plus_residual,2892610697519019390,1,5.0,0.09919885248304539,0.09919885248304539,0.9063294936387889,0.9063294936387889,,0.11421391981284597,0,5,5120,0.9787170446250117,0.20967693658369976,49,0.0,49,697
ct_w4_i5,4,evaluation,0,4096,sampled_adam,9040308575677551983,1,35.0,0.09544038143124922,0.09544038143124922,0.9162660966468316,0.9162660966468316,,0.06431177754510407,0,35,143360,0.25661325591834466,0.9892542634030372,49,0.0,49,98
ct_w4_i5,4,evaluation,0,4096,sampled_diagonal_fisher,9040308575677551983,1,3.0,0.010992880825803297,0.010992880825803297,0.9892271571465507,0.9892271571465507,,0.013491037568662306,0,3,12288,0.32314256365344235,1.1634925322893632,49,0.0,49,49
ct_w4_i5,4,evaluation,0,4096,sampled_two_block_fisher,9040308575677551983,1,4.0,0.018855848742253656,0.018855848742253656,0.9824467316946142,0.9824467316946142,,0.019636448541820378,0,4,16384,0.6374824603136982,0.7705484002709122,49,0.0,49,697
ct_w4_i5,4,evaluation,0,4096,sampled_full_fisher,9040308575677551983,1,7.0,0.05689321291482052,0.05689321291482052,0.9453625636707276,0.9453625636707276,,0.09281134305468217,0,7,28672,1.0,2.5778582235577145e-09,49,0.0,49,1225
ct_w4_i5,4,evaluation,0,4096,ray_plus_residual,9040308575677551983,1,6.0,0.09726123980416723,0.09726123980416723,0.906330286220063,0.906330286220063,,0.12982379033826866,0,6,24576,0.9806239731608327,0.1997702776458036,49,0.0,49,697
ct_w4_i5,4,evaluation,19,4096,sampled_adam,842423339265641755,0,,1.010802451562931,1.010802451562931,1.8202934452678826e-13,0.9904554598093518,47358875.15111579,0.007476161977232824,1,199,815104,0.23328472242483664,0.9903319333050569,49,0.0,49,98
ct_w4_i5,4,evaluation,19,4096,sampled_diagonal_fisher,842423339265641755,0,,1.0000042375058698,1.0000042375058698,5.257332282906729e-31,0.9167603703323781,867532494138.6108,3.851497357565319e-06,1,199,815104,0.32299055998354054,1.1163859419546633,49,0.0,49,49
ct_w4_i5,4,evaluation,19,4096,sampled_two_block_fisher,842423339265641755,0,,1.0000101563969146,1.0000101563969146,3.3092156045522013e-15,0.7213431996825719,,9.71691904752556e-06,0,199,815104,0.5228800486373157,0.8681162662330326,49,0.0,49,697
ct_w4_i5,4,evaluation,19,4096,sampled_full_fisher,842423339265641755,1,11.0,0.041499636981740196,0.041499636981740196,0.9596647677558763,0.9596647677558763,,0.12530910382628865,0,11,45056,1.0000000000000002,2.748621672197601e-09,49,0.0,49,1225
ct_w4_i5,4,evaluation,19,4096,ray_plus_residual,842423339265641755,1,10.0,0.06741127102251276,0.06741127102251276,0.9330554619263356,0.9330554619263356,,0.18662570579558468,0,10,40960,0.9791161998781172,0.20763768329081672,49,0.0,49,697
ct_w4_i5,4,evaluation,42,4096,sampled_adam,2849495867527740172,0,,1.0107871740203702,1.0107871740203702,2.1528739349736157e-12,0.9903288597912615,916712318.7142929,0.010357718101682728,1,199,815104,0.23328474312365058,0.9903319314069633,49,0.0,49,98
ct_w4_i5,4,evaluation,42,4096,sampled_diagonal_fisher,2849495867527740172,0,,1.0000011516250513,1.0000011516250513,4.62371239778069e-25,0.9999989142781889,874895529383.138,1.8557294849330389e-06,1,199,815104,0.35456425888491006,0.9916051068740521,49,0.0,49,49
ct_w4_i5,4,evaluation,42,4096,sampled_two_block_fisher,2849495867527740172,1,6.0,0.02785685858432707,0.02785685858432707,0.972533471333347,0.972533471333347,,0.12209193550212682,0,6,24576,0.5050567820980311,0.8707006310932598,49,0.0,49,697
ct_w4_i5,4,evaluation,42,4096,sampled_full_fisher,2849495867527740172,1,9.0,0.05533607379836347,0.05533607379836347,0.9477202426506512,0.9477202426506512,,0.22559693640150766,0,9,36864,1.0000000000000002,5.660202524091653e-09,49,0.0,49,1225
ct_w4_i5,4,evaluation,42,4096,ray_plus_residual,2849495867527740172,1,7.0,0.059117198809437,0.059117198809437,0.9424932562748163,0.9424932562748163,,0.18497305068839917,0,7,28672,0.9787793883113945,0.20935957258395915,49,0.0,49,697
ct_w4_i5,4,evaluation,50,4096,sampled_adam,5177543968670536504,1,43.0,0.09834009805900834,0.09834009805900834,0.9123210211721193,0.9123210211721193,,0.06596154009795994,0,43,176128,0.25661322986268775,0.9892542646274642,49,0.0,49,98
ct_w4_i5,4,evaluation,50,4096,sampled_diagonal_fisher,5177543968670536504,1,3.0,0.011043325503083068,0.011043325503083068,0.9891739509668855,0.9891739509668855,,0.011269338889600187,0,3,12288,0.296579971000886,1.0858316436817985,49,0.0,49,49
ct_w4_i5,4,evaluation,50,4096,sampled_two_block_fisher,5177543968670536504,1,4.0,0.014512526418664962,0.014512526418664962,0.9865063542973286,0.9865063542973286,,0.016900064203240837,0,4,16384,0.46299502186649394,0.8899537488086919,49,0.0,49,697
ct_w4_i5,4,evaluation,50,4096,sampled_full_fisher,5177543968670536504,1,8.0,0.03925873279984238,0.03925873279984238,0.9637411029688393,0.9637411029688393,,0.05555964147295122,0,8,32768,1.0000000000000002,2.2852047302502582e-09,49,0.0,49,1225
ct_w4_i5,4,evaluation,50,4096,ray_plus_residual,5177543968670536504,1,6.0,0.07132322168674499,0.07132322168674499,0.9310168158746989,0.9310168158746989,,0.08572055432464804,0,6,24576,0.978804022197963,0.20923405647193424,49,0.0,49,697
ct_w4_i5,4,evaluation,101,4096,sampled_adam,8756431830959812566,1,42.0,0.09703613653296195,0.09703613653296195,0.9128127160237858,0.9128127160237858,,0.0700550514114937,0,42,172032,0.3032702386809494,0.9870954009440229,49,0.0,49,98
ct_w4_i5,4,evaluation,101,4096,sampled_diagonal_fisher,8756431830959812566,1,3.0,0.006290428871579934,0.006290428871579934,0.9938817192499171,0.9938817192499171,,0.005937881342160404,0,3,12288,0.31666000975731706,1.109051885759306,49,0.0,49,49
ct_w4_i5,4,evaluation,101,4096,sampled_two_block_fisher,8756431830959812566,1,3.0,0.049358986417820105,0.049358986417820105,0.9544097933022028,0.9544097933022028,,0.04387045851964137,0,3,12288,0.3251833356480477,1.0160978096339994,49,0.0,49,697
ct_w4_i5,4,evaluation,101,4096,sampled_full_fisher,8756431830959812566,1,6.0,0.08493970464900968,0.08493970464900968,0.9204481931612987,0.9204481931612987,,0.13343622403414343,0,6,24576,1.0000000000000002,8.871368458368736e-09,49,0.0,49,1225
ct_w4_i5,4,evaluation,101,4096,ray_plus_residual,8756431830959812566,1,6.0,0.051206456800082734,0.051206456800082734,0.9504123256640323,0.9504123256640323,,0.06035200423605444,0,6,24576,0.9790517553447028,0.2079681096288741,49,0.0,49,697
ct_w5_i1,5,calibration,0,0,analytic_target_cooling,0,1,9.0,0.07717767034486478,0.07717767034486478,0.9244147759745999,0.9244147759745999,,0.3154052938569754,0,0,0,1.0,0.0,-1,0.0,51,51
ct_w5_i1,5,calibration,19,0,analytic_target_cooling,0,1,12.0,0.06413607918619135,0.06413607918619135,0.9361859368186788,0.9361859368186788,,0.22327607364351051,0,0,0,1.0,0.0,-1,0.0,51,51
ct_w5_i1,5,calibration,42,0,analytic_target_cooling,0,1,12.0,0.09350221943524062,0.09350221943524062,0.907270677647377,0.907270677647377,,0.4149962153889807,0,0,0,1.0,0.0,-1,0.0,51,51
ct_w5_i1,5,calibration,50,0,analytic_target_cooling,0,1,19.0,0.09908296247140314,0.09908296247140314,0.9009240006510291,0.9009240006510291,,0.3704425958275633,0,0,0,1.0,0.0,-1,0.0,51,51
ct_w5_i1,5,calibration,101,0,analytic_target_cooling,0,1,15.0,0.0776930210983906,0.0776930210983906,0.9223396895802611,0.9223396895802611,,0.29887166910575164,0,0,0,1.0,0.0,-1,0.0,51,51
ct_w5_i1,5,calibration,0,64,sampled_adam,4436613301099705475,1,41.0,0.09822157264936315,0.09822157264936315,0.9219026580035498,0.9219026580035498,,0.13069654024457386,0,41,2624,0.22454436198314173,0.9898147985367601,44,0.0,51,102
ct_w5_i1,5,calibration,0,64,sampled_diagonal_fisher,4436613301099705475,1,3.0,0.04252908890167362,0.04252908890167362,0.961071301899124,0.961071301899124,,0.09036480762259755,0,3,192,0.2702874613550923,1.1059999559657125,44,0.0,51,51
ct_w5_i1,5,calibration,0,64,sampled_two_block_fisher,4436613301099705475,1,4.0,0.04262454454453213,0.04262454454453213,0.9767059979377434,0.9767059979377434,,0.06015929547276814,0,4,256,0.3679776523233651,1.0410450617859053,44,0.0,51,766
ct_w5_i1,5,calibration,0,64,sampled_full_fisher,4436613301099705475,1,8.0,0.09397389127988554,0.09397389127988554,0.9324278382990534,0.9324278382990534,,0.16399659787525991,0,8,512,0.6521737987875121,0.8340577932163789,44,0.0,51,1326
ct_w5_i1,5,calibration,0,64,ray_plus_residual,4436613301099705475,1,7.0,0.09837963242030412,0.09837963242030412,0.9092834383859939,0.9092834383859939,,0.4003685711649962,0,7,448,0.978925133846357,0.20861600078205542,44,0.0,51,766
ct_w5_i1,5,calibration,19,64,sampled_adam,10270265856195136202,0,,1.0099053795262627,1.0099053795262627,2.623749144322403e-11,0.9932800337932727,2474155.9724926767,0.009449089618128034,1,199,12736,0.19959493824018001,0.9910968788263737,41,0.0,51,102
ct_w5_i1,5,calibration,19,64,sampled_diagonal_fisher,10270265856195136202,1,3.0,0.07098935180297872,0.07098935180297872,0.9399158504801723,0.9399158504801723,,0.1029707377363292,0,3,192,0.3298661890167656,1.1576992795914096,41,0.0,51,51
ct_w5_i1,5,calibration,19,64,sampled_two_block_fisher,10270265856195136202,1,5.0,0.07550879979081415,0.07550879979081415,0.9410505435973598,0.9410505435973598,,0.1708861006865154,0,5,320,0.4786353084355537,1.0211412160562772,41,0.0,51,766
ct_w5_i1,5,calibration,19,64,sampled_full_fisher,10270265856195136202,1,7.0,0.09442582494084384,0.09442582494084384,0.9359379181966658,0.9359379181966658,,0.23010292240676794,0,7,448,0.6862887652944688,0.7921000375022479,41,0.0,51,1326
ct_w5_i1,5,calibration,19,64,ray_plus_residual,10270265856195136202,1,10.0,0.09330399086950791,0.09330399086950791,0.9112538834056554,0.9112538834056554,,0.3521952498070581,0,10,640,0.9786927976571894,0.2098002538149462,41,0.0,51,766
ct_w5_i1,5,calibration,42,64,sampled_adam,6963953559692620160,0,,1.010847452707024,1.010847452707024,1.4169629770530103e-11,0.9583631674353009,15653715.995501842,0.010955511470374841,1,199,12736,0.12474689671455,0.9949331943330295,47,0.0,51,102
ct_w5_i1,5,calibration,42,64,sampled_diagonal_fisher,6963953559692620160,0,,1.0002307081737971,1.0002307081737971,2.8855112544717838e-21,0.9529294971339333,313687971070.6298,0.00040236820276649647,1,199,12736,0.25738886137451494,1.0732946158006613,47,0.0,51,51
ct_w5_i1,5,calibration,42,64,sampled_two_block_fisher,6963953559692620160,0,,1.0004210672774878,1.0004210672774878,2.0094150047052693e-15,0.4921240894417723,,0.0005976723343776464,0,199,12736,0.16559927773146635,1.1407698676699722,47,0.0,51,766
ct_w5_i1,5,calibration,42,64,sampled_full_fisher,6963953559692620160,1,8.0,0.09109980921046557,0.09109980921046557,0.9294291684468736,0.9294291684468736,,0.19570068337355842,0,8,512,0.8690747402843167,0.5117133176216608,47,0.0,51,1326
ct_w5_i1,5,calibration,42,64,ray_plus_residual,6963953559692620160,1,9.0,0.09308142760731286,0.09308142760731286,0.9158716132480185,0.9158716132480185,,0.3719316381929183,0,9,576,0.9770330061591848,0.21809705514900776,47,0.0,51,766
ct_w5_i1,5,calibration,50,64,sampled_adam,16344256764280263241,0,,1.0093198566256483,1.0093198566256483,6.901771181516086e-15,0.9660362799230374,65838569.06632028,0.007137160256444794,1,199,12736,0.2393775042341343,0.9891474606969171,31,0.0,51,102
ct_w5_i1,5,calibration,50,64,sampled_diagonal_fisher,16344256764280263241,0,,1.0006663026367217,1.0006663026367217,1.0131675136579101e-19,0.97252575543637,27688461232.09651,0.0007454702601384842,1,199,12736,0.2409848596764291,1.232083714950872,31,0.0,51,51
ct_w5_i1,5,calibration,50,64,sampled_two_block_fisher,16344256764280263241,0,,1.0004701610669322,1.0004701610669322,8.137738744344751e-22,0.7329498218999855,,0.000503612904831197,0,199,12736,0.38044305607361617,1.1010254662632468,31,0.0,51,766
ct_w5_i1,5,calibration,50,64,sampled_full_fisher,16344256764280263241,0,,1.001091780015102,1.001091780015102,3.4545076949868954e-14,0.5358691920264952,,0.0009317401697511977,0,199,12736,0.46326048826919314,1.0000002975400688,31,0.0,51,1326
ct_w5_i1,5,calibration,50,64,ray_plus_residual,16344256764280263241,1,12.0,0.06984122296400308,0.06984122296400308,0.9333795800369666,0.9333795800369666,,0.20977015228475565,0,12,768,0.9797330648103756,0.20445116633586605,31,0.0,51,766
ct_w5_i1,5,calibration,101,64,sampled_adam,2524416286207405987,0,,1.0081952814911581,1.0081952814911581,6.048532669439112e-14,0.509553322733225,,0.005809230815389131,0,199,12736,0.37424059407018806,0.9820871854655938,35,0.0,51,102
ct_w5_i1,5,calibration,101,64,sampled_diagonal_fisher,2524416286207405987,0,,1.0001518715287965,1.0001518715287965,4.47974960440392e-28,0.6655611463768956,,0.00018586305768311616,0,199,12736,0.31623947090714094,1.1694105601480251,35,0.0,51,51
ct_w5_i1,5,calibration,101,64,sampled_two_block_fisher,2524416286207405987,0,,1.000954127577641,1.000954127577641,6.459838104024946e-23,0.5303158808382903,,0.0010919564978833316,0,199,12736,0.4300370711042863,1.0676731043682928,35,0.0,51,766
ct_w5_i1,5,calibration,101,64,sampled_full_fisher,2524416286207405987,1,9.0,0.09531590639383225,0.09531590639383225,0.9399575654796443,0.9399575654796443,,0.13757634912097474,0,9,576,0.5253711084364928,0.9742986108616876,35,0.0,51,1326
ct_w5_i1,5,calibration,101,64,ray_plus_residual,2524416286207405987,1,15.0,0.06747507722301016,0.06747507722301016,0.9340294757983486,0.9340294757983486,,0.20966929440728535,0,15,960,0.9795212164941071,0.20555039257862673,35,0.0,51,766
ct_w5_i1,5,calibration,0,256,sampled_adam,7494113987743866151,1,34.0,0.09486703188471779,0.09486703188471779,0.9251245516368174,0.9251245516368174,,0.12619430378030216,0,34,8704,0.3492911188392948,0.9833793513873023,51,0.0,51,102
ct_w5_i1,5,calibration,0,256,sampled_diagonal_fisher,7494113987743866151,1,3.0,0.019231555018500046,0.019231555018500046,0.9842653191423013,0.9842653191423013,,0.030664783026379726,0,3,768,0.34412456914134615,1.0130343341752435,51,0.0,51,51
ct_w5_i1,5,calibration,0,256,sampled_two_block_fisher,7494113987743866151,1,5.0,0.010846563362187922,0.010846563362187922,0.9941926085690064,0.9941926085690064,,0.0205304877462193,0,5,1280,0.471944576128063,0.9118057869121748,51,0.0,51,766
ct_w5_i1,5,calibration,0,256,sampled_full_fisher,7494113987743866151,1,7.0,0.05208488646810849,0.05208488646810849,0.9572445931543796,0.9572445931543796,,0.20649150556832505,0,7,1792,1.0,1.963204247513833e-09,51,0.0,51,1326
ct_w5_i1,5,calibration,0,256,ray_plus_residual,7494113987743866151,1,6.0,0.06986476334331115,0.06986476334331115,0.9348578634010501,0.9348578634010501,,0.24749137809874133,0,6,1536,0.976802581864317,0.21922732079999052,51,0.0,51,766
ct_w5_i1,5,calibration,19,256,sampled_adam,12944784000093771084,0,,1.0067461532551771,1.0067461532551771,2.0094346477136955e-12,0.9953062780161283,3694459.344649189,0.006334176200856374,1,199,50944,0.1496962597392937,0.9936560670758791,49,0.0,51,102
ct_w5_i1,5,calibration,19,256,sampled_diagonal_fisher,12944784000093771084,0,,1.0000217374493356,1.0000217374493356,6.7755909519549e-20,0.999982136212105,3207877734.8664584,2.2187810073247877e-05,1,199,50944,0.29989590136629296,1.1833039327524497,49,0.0,51,51
ct_w5_i1,5,calibration,19,256,sampled_two_block_fisher,12944784000093771084,1,5.0,0.04040035013063026,0.04040035013063026,0.9689649225742006,0.9689649225742006,,0.10248076345000728,0,5,1280,0.44363807354017376,0.9556999568879126,49,0.0,51,766
ct_w5_i1,5,calibration,19,256,sampled_full_fisher,12944784000093771084,1,8.0,0.06345735443104772,0.06345735443104772,0.9472563277265904,0.9472563277265904,,0.17143502147154352,0,8,2048,0.8743856626478387,0.5012271687611539,49,0.0,51,1326
ct_w5_i1,5,calibration,19,256,ray_plus_residual,12944784000093771084,1,8.0,0.08322875394133256,0.08322875394133256,0.9199385074646109,0.9199385074646109,,0.26301907889009574,0,8,2048,0.977825228475548,0.2141718040556484,49,0.0,51,766
ct_w5_i1,5,calibration,42,256,sampled_adam,8810274591588479700,0,,1.009081665676689,1.009081665676689,8.110175442699922e-12,0.9653857323515874,32606304.761509366,0.009397215680655184,1,199,50944,0.2494937467856225,0.9885310570186479,50,0.0,51,102
ct_w5_i1,5,calibration,42,256,sampled_diagonal_fisher,8810274591588479700,0,,1.0000105894485358,1.0000105894485358,2.522201587132556e-25,0.9429308667471846,501671692032.4225,1.3292657935100702e-05,1,199,50944,0.3158213585461966,1.0158601610664557,50,0.0,51,51
ct_w5_i1,5,calibration,42,256,sampled_two_block_fisher,8810274591588479700,0,,1.0001662180115378,1.0001662180115378,1.5352560948081109e-21,0.5352416598511369,,0.0002582146686864986,0,199,50944,0.3654969397373022,0.9573308952641912,50,0.0,51,766
ct_w5_i1,5,calibration,42,256,sampled_full_fisher,8810274591588479700,1,9.0,0.0798630404973224,0.0798630404973224,0.9297895975555623,0.9297895975555623,,0.30506705497188846,0,9,2304,0.9511897554403798,0.31244277735169484,50,0.0,51,1326
ct_w5_i1,5,calibration,42,256,ray_plus_residual,8810274591588479700,1,8.0,0.07863546062086613,0.07863546062086613,0.9235406147505618,0.9235406147505618,,0.3565821317128518,0,8,2048,0.9780289969967512,0.21315206162725098,50,0.0,51,766
ct_w5_i1,5,calibration,50,256,sampled_adam,9010424691612919376,0,,1.0081319656456955,1.0081319656456955,1.6383135171531455e-15,0.978772002703853,37915320.276074626,0.006353279553077068,1,199,50944,0.24949377182938667,0.9885310566483049,45,0.0,51,102
ct_w5_i1,5,calibration,50,256,sampled_diagonal_fisher,9010424691612919376,0,,1.0000143820406056,1.0000143820406056,1.4015707010233098e-35,0.9905742296040009,858548606009.9905,2.12870419629119e-05,1,199,50944,0.2809000193829675,1.1992497493158232,45,0.0,51,51
ct_w5_i1,5,calibration,50,256,sampled_two_block_fisher,9010424691612919376,0,,1.0001422990632207,1.0001422990632207,4.961108032673217e-28,0.7945413889114739,,0.00022955672916959751,0,199,50944,0.5545424771670406,0.8723144740108644,45,0.0,51,766
ct_w5_i1,5,calibration,50,256,sampled_full_fisher,9010424691612919376,0,,1.0007851023220837,1.0007851023220837,3.905976183456132e-15,0.4966240196184261,,0.001261123920210843,0,199,50944,0.7754942687405025,0.6700831758214758,45,0.0,51,1326
ct_w5_i1,5,calibration,50,256,ray_plus_residual,9010424691612919376,1,11.0,0.04534541225050681,0.04534541225050681,0.955546103867779,0.955546103867779,,0.1396704904378232,0,11,2816,0.979061893971816,0.20791615635037378,45,0.0,51,766
ct_w5_i1,5,calibration,101,256,sampled_adam,11704915220810836935,0,,1.0058349744743555,1.0058349744743555,1.0142924130618456e-14,0.8903464616358486,,0.0042871465063397726,0,199,50944,0.2744431084843999,0.9872456477445287,51,0.0,51,102
ct_w5_i1,5,calibration,101,256,sampled_diagonal_fisher,11704915220810836935,0,,1.0000225169451138,1.0000225169451138,7.190123412133171e-31,0.9123389236668681,783007807747.8075,2.1938282504978916e-05,1,199,50944,0.3423550132982827,1.146860921560864,51,0.0,51,51
ct_w5_i1,5,calibration,101,256,sampled_two_block_fisher,11704915220810836935,0,,1.0001914259689144,1.0001914259689144,2.1213939039263547e-22,0.5591742588020894,,0.00021239140195680937,0,199,50944,0.6069157686186897,0.8479959689254268,51,0.0,51,766
ct_w5_i1,5,calibration,101,256,sampled_full_fisher,11704915220810836935,1,9.0,0.07014155474872297,0.07014155474872297,0.942799807055183,0.942799807055183,,0.1984709078756145,0,9,2304,1.0,3.3467321730265484e-09,51,0.0,51,1326
ct_w5_i1,5,calibration,101,256,ray_plus_residual,11704915220810836935,1,10.0,0.07373969446650719,0.07373969446650719,0.9274919263468754,0.9274919263468754,,0.25116951592272396,0,10,2560,0.9808589646498097,0.19851938658887872,51,0.0,51,766
ct_w5_i1,5,calibration,0,1024,sampled_adam,10737212344464880500,1,31.0,0.09604454246952798,0.09604454246952798,0.9241852978738471,0.9241852978738471,,0.12818005731758395,0,31,31744,0.39919000612758104,0.9807933320337207,51,0.0,51,102
ct_w5_i1,5,calibration,0,1024,sampled_diagonal_fisher,10737212344464880500,1,3.0,0.011123005568226318,0.011123005568226318,0.9896464925795324,0.9896464925795324,,0.018374272168452912,0,3,3072,0.41600842657993664,0.9350355055604889,51,0.0,51,51
ct_w5_i1,5,calibration,0,1024,sampled_two_block_fisher,10737212344464880500,1,3.0,0.06293496605397841,0.06293496605397841,0.9503206065887762,0.9503206065887762,,0.10619508210091486,0,3,3072,0.6316926091770511,0.7753443918748483,51,0.0,51,766
ct_w5_i1,5,calibration,0,1024,sampled_full_fisher,10737212344464880500,1,7.0,0.07753664490579304,0.07753664490579304,0.9325257935072009,0.9325257935072009,,0.30983205204758996,0,7,7168,1.0,1.245074907654946e-09,51,0.0,51,1326
ct_w5_i1,5,calibration,0,1024,ray_plus_residual,10737212344464880500,1,4.0,0.07188450176912298,0.07188450176912298,0.9392042259072787,0.9392042259072787,,0.22022312124355495,0,4,4096,0.9771421449286657,0.21755994435222187,51,0.0,51,766
ct_w5_i1,5,calibration,19,1024,sampled_adam,5207335095160290605,0,,1.0060604135204478,1.0060604135204478,6.163835992645283e-13,0.9958229328203466,7117837.477516743,0.005861326305379484,1,199,203776,0.2744431403136862,0.9872456471913018,51,0.0,51,102
ct_w5_i1,5,calibration,19,1024,sampled_diagonal_fisher,5207335095160290605,0,,1.0000052246240347,1.0000052246240347,9.774056378964975e-26,0.9999960741276783,31015733947.945038,6.29950922435164e-06,1,199,203776,0.38883818411972587,0.9939337394778286,51,0.0,51,51
ct_w5_i1,5,calibration,19,1024,sampled_two_block_fisher,5207335095160290605,1,6.0,0.016628703002066203,0.016628703002066203,0.9841374784333742,0.9841374784333742,,0.05887827851666693,0,6,6144,0.6126516085577118,0.8000148166357037,51,0.0,51,766
ct_w5_i1,5,calibration,19,1024,sampled_full_fisher,5207335095160290605,1,9.0,0.03573760259784642,0.03573760259784642,0.9672524183589469,0.9672524183589469,,0.12045674119260265,0,9,9216,1.0000000000000002,7.919082615471785e-10,51,0.0,51,1326
ct_w5_i1,5,calibration,19,1024,ray_plus_residual,5207335095160290605,1,7.0,0.077819869089506,0.077819869089506,0.9245290366480109,0.9245290366480109,,0.24381653603059697,0,7,7168,0.9779079149141983,0.213758516408138,51,0.0,51,766
ct_w5_i1,5,calibration,42,1024,sampled_adam,16292169720829935230,0,,1.0090058612075925,1.0090058612075925,4.810884572526838e-12,0.9721152618302847,31273674.443375055,0.009349714095723131,1,199,203776,0.32434003016853424,0.9846699703387264,51,0.0,51,102
ct_w5_i1,5,calibration,42,1024,sampled_diagonal_fisher,16292169720829935230,0,,1.0000432621350832,1.0000432621350832,3.6426034466166492e-25,0.8988113991910405,,9.286147674323237e-05,0,199,203776,0.39896199245571656,0.9321324746913341,51,0.0,51,51
ct_w5_i1,5,calibration,42,1024,sampled_two_block_fisher,16292169720829935230,0,,1.0000654246242,1.0000654246242,8.658389695320959e-24,0.5749171215233891,,0.00010647924902603496,0,199,203776,0.6061384664063959,0.7993323438003347,51,0.0,51,766
ct_w5_i1,5,calibration,42,1024,sampled_full_fisher,16292169720829935230,1,10.0,0.061963321304952856,0.061963321304952856,0.9419461200164496,0.9419461200164496,,0.2651816568372235,0,10,10240,1.0,1.5035984729552542e-09,51,0.0,51,1326
ct_w5_i1,5,calibration,42,1024,ray_plus_residual,16292169720829935230,1,9.0,0.07534268296977409,0.07534268296977409,0.925531575633068,0.925531575633068,,0.34464522333459613,0,9,9216,0.9767927789701868,0.21927529395284823,51,0.0,51,766
ct_w5_i1,5,calibration,50,1024,sampled_adam,5255633338524715434,0,,1.0068380224291769,1.0068380224291769,9.981113817780723e-16,0.9840596901756001,33207675.904229794,0.005348909721124426,1,199,203776,0.32434174772936575,0.9846698078065874,51,0.0,51,102
ct_w5_i1,5,calibration,50,1024,sampled_diagonal_fisher,5255633338524715434,0,,1.0000107526574276,1.0000107526574276,5.9780019480261626e-30,0.9790117102872591,733010111626.4413,9.840053995122574e-06,1,199,203776,0.3315264925112405,1.156264249632202,51,0.0,51,51
ct_w5_i1,5,calibration,50,1024,sampled_two_block_fisher,5255633338524715434,0,,1.0000576866442508,1.0000576866442508,3.5811743317872516e-27,0.7536620192657458,,7.585949792031981e-05,0,199,203776,0.5405947490541578,0.8788581214994161,51,0.0,51,766
ct_w5_i1,5,calibration,50,1024,sampled_full_fisher,5255633338524715434,1,13.0,0.05110813532695424,0.05110813532695424,0.9516939476147737,0.9516939476147737,,0.18080392571352316,0,13,13312,1.0,9.514648650730396e-09,51,0.0,51,1326
ct_w5_i1,5,calibration,50,1024,ray_plus_residual,5255633338524715434,1,11.0,0.056734463365202714,0.056734463365202714,0.9435379675259559,0.9435379675259559,,0.21036081242162954,0,11,11264,0.9786889770754963,0.209819679070558,51,0.0,51,766
ct_w5_i1,5,calibration,101,1024,sampled_adam,10276390245999782725,0,,1.0060585001901003,1.0060585001901003,6.681624555295616e-15,0.9261931853958313,767467048.0735043,0.0047552539459758516,1,199,203776,0.27444346572969563,0.9872456343429914,51,0.0,51,102
ct_w5_i1,5,calibration,101,1024,sampled_diagonal_fisher,10276390245999782725,0,,1.0000417604678198,1.0000417604678198,5.310084408697124e-29,0.9242318697053695,429652575221.61365,8.101942353528248e-05,1,199,203776,0.33955712043551434,1.149297941844921,51,0.0,51,51
ct_w5_i1,5,calibration,101,1024,sampled_two_block_fisher,10276390245999782725,0,,1.0001738780328555,1.0001738780328555,4.600671842072716e-27,0.5127749004217739,,0.00021295764728999385,0,199,203776,0.6245854302243906,0.7864338116987687,51,0.0,51,766
ct_w5_i1,5,calibration,101,1024,sampled_full_fisher,10276390245999782725,1,10.0,0.07107226997694305,0.07107226997694305,0.9329964133672608,0.9329964133672608,,0.2488019916893107,0,10,10240,1.0000000000000002,5.255028413147958e-09,51,0.0,51,1326
ct_w5_i1,5,calibration,101,1024,ray_plus_residual,10276390245999782725,1,11.0,0.056069219189859965,0.056069219189859965,0.9447706073420687,0.9447706073420687,,0.20912435985440606,0,11,11264,0.9796583195777274,0.2048395920394628,51,0.0,51,766
ct_w5_i1,5,calibration,0,4096,sampled_adam,11177861928479843099,1,31.0,0.09688184199975858,0.09688184199975858,0.9229527217427561,0.9229527217427561,,0.1299070123492073,0,31,126976,0.5987848107785895,0.9703804059906206,51,0.0,51,102
ct_w5_i1,5,calibration,0,4096,sampled_diagonal_fisher,11177861928479843099,1,3.0,0.01962474653836388,0.01962474653836388,0.9810352144604608,0.9810352144604608,,0.037224886204954226,0,3,12288,0.43671036115437784,0.9089697752397096,51,0.0,51,51
ct_w5_i1,5,calibration,0,4096,sampled_two_block_fisher,11177861928479843099,1,3.0,0.07553690350276732,0.07553690350276732,0.9437672422650253,0.9437672422650253,,0.12068074420554493,0,3,12288,0.6026965919772423,0.7981924905270196,51,0.0,51,766
ct_w5_i1,5,calibration,0,4096,sampled_full_fisher,11177861928479843099,1,8.0,0.058408285193937814,0.058408285193937814,0.9471405364927251,0.9471405364927251,,0.23073684828927343,0,8,32768,1.0,1.4417318931989091e-09,51,0.0,51,1326
ct_w5_i1,5,calibration,0,4096,ray_plus_residual,11177861928479843099,1,4.0,0.07028803137887962,0.07028803137887962,0.939844843267075,0.939844843267075,,0.2140395460692165,0,4,16384,0.9773962767498882,0.21630480471659425,51,0.0,51,766
ct_w5_i1,5,calibration,19,4096,sampled_adam,4381234619758950531,0,,1.0061864239573186,1.0061864239573186,5.347338020230019e-13,0.9958239510627271,6579170.894013363,0.006016438595672474,1,199,815104,0.32434182726861777,0.9846697996638873,51,0.0,51,102
ct_w5_i1,5,calibration,19,4096,sampled_diagonal_fisher,4381234619758950531,0,,1.0000015810546596,1.0000015810546596,1.0386257542500646e-27,0.9999990169862363,468091464297.48706,2.025967569142772e-06,1,199,815104,0.36863739193843975,1.0235393613989043,51,0.0,51,51
ct_w5_i1,5,calibration,19,4096,sampled_two_block_fisher,4381234619758950531,1,5.0,0.0748040884754797,0.0748040884754797,0.9279843155197711,0.9279843155197711,,0.27233073971332894,0,5,20480,0.6028141923899542,0.8032101966901731,51,0.0,51,766
ct_w5_i1,5,calibration,19,4096,sampled_full_fisher,4381234619758950531,1,9.0,0.07884954441106906,0.07884954441106906,0.9240676911163347,0.9240676911163347,,0.2658925952576185,0,9,36864,1.0,8.211858671884258e-10,51,0.0,51,1326
ct_w5_i1,5,calibration,19,4096,ray_plus_residual,4381234619758950531,1,6.0,0.06761225677596805,0.06761225677596805,0.9349120242202607,0.9349120242202607,,0.20557594002959603,0,6,24576,0.9778613012642102,0.21399158843405047,51,0.0,51,766
ct_w5_i1,5,calibration,42,4096,sampled_adam,4395709261144100302,0,,1.0085351244305176,1.0085351244305176,4.126305867825313e-12,0.9728910092487367,34916938.40555031,0.008893132514041448,1,199,815104,0.27444292875413673,0.9872456595599259,51,0.0,51,102
ct_w5_i1,5,calibration,42,4096,sampled_diagonal_fisher,4395709261144100302,0,,1.0000027791597983,1.0000027791597983,4.536646909873951e-27,0.8388881719833323,,3.656047479925659e-06,0,199,815104,0.3763376836540342,0.9544053290650863,51,0.0,51,51
ct_w5_i1,5,calibration,42,4096,sampled_two_block_fisher,4395709261144100302,0,,1.0000377004523475,1.0000377004523475,4.693681108440276e-25,0.6595520013026699,,9.01206476234232e-05,0,199,815104,0.6234763936119524,0.7872457598750013,51,0.0,51,766
ct_w5_i1,5,calibration,42,4096,sampled_full_fisher,4395709261144100302,1,10.0,0.07820793789740144,0.07820793789740144,0.9264130892695912,0.9264130892695912,,0.33352554247070576,0,10,40960,0.9999999999999998,8.986080657145589e-10,51,0.0,51,1326
ct_w5_i1,5,calibration,42,4096,ray_plus_residual,4395709261144100302,1,8.0,0.09457508611344778,0.09457508611344778,0.9066604174373323,0.9066604174373323,,0.4345247828032768,0,8,32768,0.9768461354576803,0.21901406976261742,51,0.0,51,766
ct_w5_i1,5,calibration,50,4096,sampled_adam,12386041565942430188,0,,1.0069291410367445,1.0069291410367445,5.547486763028802e-16,0.9837680947260778,40108564.61741651,0.005423268034697462,1,199,815104,0.2993925092913265,0.9859585620285563,51,0.0,51,102
ct_w5_i1,5,calibration,50,4096,sampled_diagonal_fisher,12386041565942430188,0,,1.0000152393996729,1.0000152393996729,1.30312593387012e-32,0.9859235412012941,880608835837.0529,2.8172420004909775e-05,1,199,815104,0.31448671563558095,1.1709084373804974,51,0.0,51,51
ct_w5_i1,5,calibration,50,4096,sampled_two_block_fisher,12386041565942430188,0,,1.0000446227627737,1.0000446227627737,1.4311143314430037e-32,0.7558083666490173,,6.776021388620977e-05,0,199,815104,0.5410283621231187,0.8528943157919787,51,0.0,51,766
ct_w5_i1,5,calibration,50,4096,sampled_full_fisher,12386041565942430188,1,13.0,0.07464655504329087,0.07464655504329087,0.9265401570159479,0.9265401570159479,,0.2816306008611779,0,13,53248,0.9999999999999999,4.122786548694414e-09,51,0.0,51,1326
ct_w5_i1,5,calibration,50,4096,ray_plus_residual,12386041565942430188,1,12.0,0.07630310224602432,0.07630310224602432,0.9239214617018942,0.9239214617018942,,0.28745923534349965,0,12,49152,0.979149021991092,0.20746921738065532,51,0.0,51,766
ct_w5_i1,5,calibration,101,4096,sampled_adam,2662737399713395528,0,,1.0058912168019116,1.0058912168019116,7.091487738911736e-15,0.9250742109228351,847762794.3637882,0.004537985278128791,1,199,815104,0.32434192626238034,0.9846697917231845,51,0.0,51,102
ct_w5_i1,5,calibration,101,4096,sampled_diagonal_fisher,2662737399713395528,0,,1.0000032351617403,1.0000032351617403,4.815136950967745e-37,0.9631953401842438,805165043667.4207,4.743465252996455e-06,1,199,815104,0.3447576126800408,1.1447640694221313,51,0.0,51,51
ct_w5_i1,5,calibration,101,4096,sampled_two_block_fisher,2662737399713395528,0,,1.0001290742641782,1.0001290742641782,3.7445026937916327e-29,0.562644505022891,,0.00015735446783580228,0,199,815104,0.5929562302197073,0.819918870363261,51,0.0,51,766
ct_w5_i1,5,calibration,101,4096,sampled_full_fisher,2662737399713395528,1,11.0,0.04500479516060807,0.04500479516060807,0.9558050222580193,0.9558050222580193,,0.17390569980156778,0,11,45056,0.9999999999999999,6.623128883696217e-09,51,0.0,51,1326
ct_w5_i1,5,calibration,101,4096,ray_plus_residual,2662737399713395528,1,10.0,0.038481065456402064,0.038481065456402064,0.9618365747793911,0.9618365747793911,,0.1466156301161751,0,10,40960,0.9797374004394964,0.2044286156214297,51,0.0,51,766
ct_w5_i2,5,evaluation,0,0,analytic_target_cooling,0,1,7.0,0.060481756664581,0.060481756664581,0.9438323718060068,0.9438323718060068,,0.08695551301172179,0,0,0,1.0,0.0,-1,0.0,52,52
ct_w5_i2,5,evaluation,19,0,analytic_target_cooling,0,1,9.0,0.07772722684613598,0.07772722684613598,0.9303855822111969,0.9303855822111969,,0.3004477591423564,0,0,0,1.0,0.0,-1,0.0,52,52
ct_w5_i2,5,evaluation,42,0,analytic_target_cooling,0,1,11.0,0.0629148115016136,0.0629148115016136,0.939170150801069,0.939170150801069,,0.28047772573116436,0,0,0,1.0,0.0,-1,0.0,52,52
ct_w5_i2,5,evaluation,50,0,analytic_target_cooling,0,1,12.0,0.07019405982568472,0.07019405982568472,0.9300720725838506,0.9300720725838506,,0.19110475508839367,0,0,0,1.0,0.0,-1,0.0,52,52
ct_w5_i2,5,evaluation,101,0,analytic_target_cooling,0,1,12.0,0.08389788841247636,0.08389788841247636,0.9167906489455946,0.9167906489455946,,0.3607959558852045,0,0,0,1.0,0.0,-1,0.0,52,52
ct_w5_i2,5,evaluation,0,64,sampled_adam,12955221780407430420,1,36.0,0.09728367695396578,0.09728367695396578,0.9228821133147392,0.9228821133147392,,0.07742221007813847,0,36,2304,0.1323887616292663,0.9949645364390731,43,0.0,52,104
ct_w5_i2,5,evaluation,0,64,sampled_diagonal_fisher,12955221780407430420,1,2.0,0.09551574833915488,0.09551574833915488,0.9091358928903208,0.9091358928903208,,0.1139331414098045,0,2,128,0.22032550614804436,1.0907074342799854,43,0.0,52,52
ct_w5_i2,5,evaluation,0,64,sampled_two_block_fisher,12955221780407430420,1,3.0,0.04592885119574319,0.04592885119574319,0.9670838916166364,0.9670838916166364,,0.040303691914253925,0,3,192,0.25324935665776843,1.0060646506603381,43,0.0,52,802
ct_w5_i2,5,evaluation,0,64,sampled_full_fisher,12955221780407430420,1,6.0,0.05990650967805422,0.05990650967805422,0.9619212760756825,0.9619212760756825,,0.08293081451040095,0,6,384,0.5826505447250782,0.9136185804534864,43,0.0,52,1378
ct_w5_i2,5,evaluation,0,64,ray_plus_residual,12955221780407430420,1,5.0,0.07070314016331558,0.07070314016331558,0.9382309488899855,0.9382309488899855,,0.09189896867517093,0,5,320,0.9788813192339383,0.20883977972155593,43,0.0,52,802
ct_w5_i2,5,evaluation,19,64,sampled_adam,4573225571151929923,0,,2.009082418118602,2.009082418118602,6.027200699150819e-13,0.9847179191790355,25839498.329717316,0.008976574493060786,1,199,12736,0.13368037475563205,0.9949441812354819,41,0.0,52,104
ct_w5_i2,5,evaluation,19,64,sampled_diagonal_fisher,4573225571151929923,0,,2.0000886873360155,2.0000886873360155,2.697169319557725e-25,0.9924675263712197,180874045294.0692,0.00014810569198042868,1,199,12736,0.23746009123746764,1.063965867147616,41,0.0,52,52
ct_w5_i2,5,evaluation,19,64,sampled_two_block_fisher,4573225571151929923,0,,1.0002180635734366,1.0002180635734366,6.315820501350656e-20,0.627806131889853,,0.00025132849855419114,0,199,12736,0.40000081590088854,0.9724403464659248,41,0.0,52,802
ct_w5_i2,5,evaluation,19,64,sampled_full_fisher,4573225571151929923,1,7.0,0.06844043942061973,0.06844043942061973,0.944171769679563,0.944171769679563,,0.23529674253225633,0,7,448,0.5167409713092198,0.9831165024459513,41,0.0,52,1378
ct_w5_i2,5,evaluation,19,64,ray_plus_residual,4573225571151929923,1,8.0,0.03163091501042459,0.03163091501042459,0.9721071047627031,0.9721071047627031,,0.09862138206365387,0,8,512,0.9787992563955381,0.20925834461928144,41,0.0,52,802
ct_w5_i2,5,evaluation,42,64,sampled_adam,13637962833298680877,0,,2.010186928907645,2.010186928907645,2.63457026292836e-08,0.886914709559603,,0.008887439207562976,0,199,12736,0.19858309604827354,0.9919064892921684,36,0.0,52,104
ct_w5_i2,5,evaluation,42,64,sampled_diagonal_fisher,13637962833298680877,1,3.0,0.047069048727136575,0.047069048727136575,0.9544264447061195,0.9544264447061195,,0.07578389056494976,0,3,192,0.21515875281170382,1.2528697036709733,36,0.0,52,52
ct_w5_i2,5,evaluation,42,64,sampled_two_block_fisher,13637962833298680877,1,4.0,0.09378175062733085,0.09378175062733085,0.9320814404532163,0.9320814404532163,,0.12151594775541602,0,4,256,0.39207765213486867,1.0051200629734194,36,0.0,52,802
ct_w5_i2,5,evaluation,42,64,sampled_full_fisher,13637962833298680877,1,7.0,0.05914236910817117,0.05914236910817117,0.9575734171831854,0.9575734171831854,,0.12940425772395575,0,7,448,0.45736882059316575,0.9999996554542944,36,0.0,52,1378
ct_w5_i2,5,evaluation,42,64,ray_plus_residual,13637962833298680877,1,9.0,0.05230169781736471,0.05230169781736471,0.9543202131811288,0.9543202131811288,,0.18210309969720723,0,9,576,0.9797160983978768,0.20453939195622653,36,0.0,52,802
ct_w5_i2,5,evaluation,50,64,sampled_adam,11475877829673362903,0,,1.0113153334454577,1.0113153334454577,4.682952936176761e-10,0.8976044593398577,,0.006914204688146635,0,199,12736,0.19858314776180092,0.9919064884375554,42,0.0,52,104
ct_w5_i2,5,evaluation,50,64,sampled_diagonal_fisher,11475877829673362903,0,,1.0005435624543555,1.0005435624543555,3.9985031670840635e-12,0.5114371330046276,,0.0006698165322425224,0,199,12736,0.3337100996388799,1.1543742030737867,42,0.0,52,52
ct_w5_i2,5,evaluation,50,64,sampled_two_block_fisher,11475877829673362903,1,6.0,0.09759075682298324,0.09759075682298324,0.9336743075867289,0.9336743075867289,,0.10082928660804175,0,6,384,0.5280794566825862,0.9513511510504349,42,0.0,52,802
ct_w5_i2,5,evaluation,50,64,sampled_full_fisher,11475877829673362903,1,7.0,0.06342821742698668,0.06342821742698668,0.9494007147188855,0.9494007147188855,,0.10144233700662483,0,7,448,0.6300452906816506,0.8601798757450088,42,0.0,52,1378
ct_w5_i2,5,evaluation,50,64,ray_plus_residual,11475877829673362903,1,10.0,0.04269375568373057,0.04269375568373057,0.9590487011947257,0.9590487011947257,,0.09517760766436104,0,10,640,0.9790106351355382,0.20817870515747902,42,0.0,52,802
ct_w5_i2,5,evaluation,101,64,sampled_adam,14298840473975347676,0,,1.0142371128580585,1.0142371128580585,3.2648899435594324e-08,0.9576784332989149,165161980.36353275,0.01608314267032701,1,199,12736,0.11032392475068405,0.9959818018898509,44,0.0,52,104
ct_w5_i2,5,evaluation,101,64,sampled_diagonal_fisher,14298840473975347676,0,,1.0001034600112355,1.0001034600112355,8.622997371373493e-14,0.6464081445397841,,0.00015742098645771892,0,199,12736,0.17669762610388826,1.0923678658834888,44,0.0,52,52
ct_w5_i2,5,evaluation,101,64,sampled_two_block_fisher,14298840473975347676,0,,1.0005525798849906,1.0005525798849906,8.030398909726569e-10,0.5258966635081312,,0.0009768504691617164,0,199,12736,0.4869622291821142,0.8765804586884584,44,0.0,52,802
ct_w5_i2,5,evaluation,101,64,sampled_full_fisher,14298840473975347676,1,8.0,0.06497818259545518,0.06497818259545518,0.9634416884989018,0.9634416884989018,,0.1564639112850148,0,8,512,0.5983453224959387,0.8962752674307837,44,0.0,52,1378
ct_w5_i2,5,evaluation,101,64,ray_plus_residual,14298840473975347676,1,9.0,0.036324332777997625,0.036324332777997625,0.9653966071350049,0.9653966071350049,,0.1487778679260493,0,9,576,0.9782593317154161,0.2119942380096032,44,0.0,52,802
ct_w5_i2,5,evaluation,0,256,sampled_adam,109487730620049720,1,34.0,0.09643038841802287,0.09643038841802287,0.9244570674124691,0.9244570674124691,,0.07594714164654677,0,34,8704,0.2647774947008711,0.9888389815541324,52,0.0,52,104
ct_w5_i2,5,evaluation,0,256,sampled_diagonal_fisher,109487730620049720,1,2.0,0.051449945741712355,0.051449945741712355,0.9513953318161891,0.9513953318161891,,0.05206208956814314,0,2,512,0.30696992246924276,1.0250839167177306,52,0.0,52,52
ct_w5_i2,5,evaluation,0,256,sampled_two_block_fisher,109487730620049720,1,3.0,0.025568029225203404,0.025568029225203404,0.981357743783638,0.981357743783638,,0.020775768800661842,0,3,768,0.436680456051356,0.9097082915546897,52,0.0,52,802
ct_w5_i2,5,evaluation,0,256,sampled_full_fisher,109487730620049720,1,5.0,0.08112187188137376,0.08112187188137376,0.9385350154354085,0.9385350154354085,,0.12185996639478834,0,5,1280,1.0,3.148501349437789e-09,52,0.0,52,1378
ct_w5_i2,5,evaluation,0,256,ray_plus_residual,109487730620049720,1,5.0,0.08347568565404906,0.08347568565404906,0.9284998682129382,0.9284998682129382,,0.11822447988156233,0,5,1280,0.9791245555646617,0.2075948074609699,52,0.0,52,802
ct_w5_i2,5,evaluation,19,256,sampled_adam,2603722790102637770,0,,2.007841726581855,2.007841726581855,5.48874444615013e-14,0.9830188273328506,94322375.09833486,0.007633206445103981,1,199,50944,0.2868422354455205,0.9878143652113478,49,0.0,52,104
ct_w5_i2,5,evaluation,19,256,sampled_diagonal_fisher,2603722790102637770,0,,2.00004851189353,2.00004851189353,1.0202782988166332e-28,0.9812540889487069,426250128202.85175,7.917485257819733e-05,1,199,50944,0.3285256665917976,1.026831781112746,49,0.0,52,52
ct_w5_i2,5,evaluation,19,256,sampled_two_block_fisher,2603722790102637770,1,4.0,0.08507092623731793,0.08507092623731793,0.9408089563658637,0.9408089563658637,,0.17108700837495655,0,4,1024,0.4920772960576631,0.880918073752278,49,0.0,52,802
ct_w5_i2,5,evaluation,19,256,sampled_full_fisher,2603722790102637770,1,7.0,0.053205366240701935,0.053205366240701935,0.9588929458301482,0.9588929458301482,,0.18715318939797237,0,7,1792,0.8763175349943007,0.49735794958098195,49,0.0,52,1378
ct_w5_i2,5,evaluation,19,256,ray_plus_residual,2603722790102637770,1,6.0,0.08506715494211292,0.08506715494211292,0.931601400121858,0.931601400121858,,0.22198493625260302,0,6,1536,0.9780375770490243,0.21310903044007568,49,0.0,52,802
ct_w5_i2,5,evaluation,42,256,sampled_adam,8419194838432705032,0,,2.008494799656063,2.008494799656063,1.0269552248793384e-08,0.9514243010239303,265834154.4713777,0.0073943488695347726,1,199,50944,0.22064784217279473,0.9908850442680796,49,0.0,52,104
ct_w5_i2,5,evaluation,42,256,sampled_diagonal_fisher,8419194838432705032,0,,1.0000207983119402,1.0000207983119402,3.653556886169497e-26,0.9172859521348696,931070592716.0806,2.2657641209975917e-05,1,199,50944,0.3044284916056498,1.0584490141014598,49,0.0,52,52
ct_w5_i2,5,evaluation,42,256,sampled_two_block_fisher,8419194838432705032,0,,1.000154097551638,1.000154097551638,1.8984468269724004e-19,0.7949272261292287,,0.00018781045884604932,0,199,50944,0.5529231509693414,0.833874527863829,49,0.0,52,802
ct_w5_i2,5,evaluation,42,256,sampled_full_fisher,8419194838432705032,1,8.0,0.05057419243945738,0.05057419243945738,0.9584680956018427,0.9584680956018427,,0.18037031567177353,0,8,2048,0.7900688127824564,0.6479678807125296,49,0.0,52,1378
ct_w5_i2,5,evaluation,42,256,ray_plus_residual,8419194838432705032,1,9.0,0.07215261664678074,0.07215261664678074,0.9344301691862328,0.9344301691862328,,0.2703313299861404,0,9,2304,0.9794562301731378,0.20588655590797547,49,0.0,52,802
ct_w5_i2,5,evaluation,50,256,sampled_adam,7983570628024025270,0,,1.009998214498241,1.009998214498241,2.6216248671999455e-10,0.7204129680045379,,0.006070200874201913,0,199,50944,0.2427131504603752,0.9898625240667321,51,0.0,52,104
ct_w5_i2,5,evaluation,50,256,sampled_diagonal_fisher,7983570628024025270,0,,1.00000818110221,1.00000818110221,8.096573658956714e-21,0.5227009036382986,,6.906554740960322e-06,0,199,50944,0.3306030960874391,1.1137325559151214,51,0.0,52,52
ct_w5_i2,5,evaluation,50,256,sampled_two_block_fisher,7983570628024025270,1,7.0,0.04003094144738206,0.04003094144738206,0.9665685998585286,0.9665685998585286,,0.0700430764057837,0,7,1792,0.5028142885750018,0.8869556254078652,51,0.0,52,802
ct_w5_i2,5,evaluation,50,256,sampled_full_fisher,7983570628024025270,1,8.0,0.05975843382298862,0.05975843382298862,0.9529617167301743,0.9529617167301743,,0.10372824702694593,0,8,2048,0.9732715760589007,0.2312073698699908,51,0.0,52,1378
ct_w5_i2,5,evaluation,50,256,ray_plus_residual,7983570628024025270,1,10.0,0.02562063610574583,0.02562063610574583,0.9751231567726839,0.9751231567726839,,0.062054274877583596,0,10,2560,0.9778535630343946,0.21403025886922153,51,0.0,52,802
ct_w5_i2,5,evaluation,101,256,sampled_adam,5494213169351428843,0,,1.0106790118729716,1.0106790118729716,8.350123883476487e-09,0.9716540031836256,283455030.98272884,0.011611717797924248,1,199,50944,0.2427127115567291,0.9898625394857901,51,0.0,52,104
ct_w5_i2,5,evaluation,101,256,sampled_diagonal_fisher,5494213169351428843,0,,1.000035634949315,1.000035634949315,3.363132523705179e-20,0.7167473522888,,4.077869639438806e-05,0,199,50944,0.26343223955273704,1.0173116893643344,51,0.0,52,52
ct_w5_i2,5,evaluation,101,256,sampled_two_block_fisher,5494213169351428843,0,,1.000075918225832,1.000075918225832,2.702121478106152e-15,0.7447248484941286,,9.834583317001316e-05,0,199,50944,0.4928988240101169,0.8703587169441902,51,0.0,52,802
ct_w5_i2,5,evaluation,101,256,sampled_full_fisher,5494213169351428843,1,8.0,0.0862941521828322,0.0862941521828322,0.9290465764178281,0.9290465764178281,,0.32004252269608185,0,8,2048,0.9612754804842351,0.278296674488808,51,0.0,52,1378
ct_w5_i2,5,evaluation,101,256,ray_plus_residual,5494213169351428843,1,9.0,0.07653136599864041,0.07653136599864041,0.9266783832043254,0.9266783832043254,,0.33416520068305905,0,9,2304,0.977759825356831,0.21449821536893826,51,0.0,52,802
ct_w5_i2,5,evaluation,0,1024,sampled_adam,1475915374649554288,1,32.0,0.09971968290819255,0.09971968290819255,0.9227515550925502,0.9227515550925502,,0.07833496114279448,0,32,32768,0.2868422571986842,0.9878143633340031,52,0.0,52,104
ct_w5_i2,5,evaluation,0,1024,sampled_diagonal_fisher,1475915374649554288,1,2.0,0.04722090787853084,0.04722090787853084,0.9540892750552574,0.9540892750552574,,0.05492823628783473,0,2,2048,0.30981504770359164,1.0685693156627547,52,0.0,52,52
ct_w5_i2,5,evaluation,0,1024,sampled_two_block_fisher,1475915374649554288,1,3.0,0.014389043455619088,0.014389043455619088,0.9873311420894109,0.9873311420894109,,0.013105083288755677,0,3,3072,0.5454682355253251,0.8381316168374205,52,0.0,52,802
ct_w5_i2,5,evaluation,0,1024,sampled_full_fisher,1475915374649554288,1,6.0,0.038671891918255596,0.038671891918255596,0.966778802226859,0.966778802226859,,0.06125723471385394,0,6,6144,0.9999999999999998,2.5315269175743906e-09,52,0.0,52,1378
ct_w5_i2,5,evaluation,0,1024,ray_plus_residual,1475915374649554288,1,4.0,0.08433991800734297,0.08433991800734297,0.9262017268170695,0.9262017268170695,,0.08889655732598403,0,4,4096,0.978854124493158,0.2089785688304856,52,0.0,52,802
ct_w5_i2,5,evaluation,19,1024,sampled_adam,13377187543895502501,0,,2.007162848414609,2.007162848414609,2.941607660523517e-14,0.9774287041211233,209805562.28115097,0.007000447392532291,1,199,203776,0.22064791115232016,0.9908850409397447,51,0.0,52,104
ct_w5_i2,5,evaluation,19,1024,sampled_diagonal_fisher,13377187543895502501,0,,2.0000096905431413,2.0000096905431413,5.826734959390449e-31,0.8858125898322073,,1.826153766871548e-05,0,199,203776,0.3613669953453128,0.9921076150694975,51,0.0,52,52
ct_w5_i2,5,evaluation,19,1024,sampled_two_block_fisher,13377187543895502501,0,,1.0000161479096192,1.0000161479096192,7.90205821679719e-26,0.9718031365160391,569639325911.2968,2.234021451725021e-05,1,199,203776,0.6137406785627546,0.79310945768927,51,0.0,52,802
ct_w5_i2,5,evaluation,19,1024,sampled_full_fisher,13377187543895502501,1,8.0,0.0334396827651986,0.0334396827651986,0.9718981100551642,0.9718981100551642,,0.1231527579404284,0,8,8192,0.8882734764743145,0.47270820497572413,51,0.0,52,1378
ct_w5_i2,5,evaluation,19,1024,ray_plus_residual,13377187543895502501,1,6.0,0.09835965051859219,0.09835965051859219,0.9129031732881583,0.9129031732881583,,0.298441215252375,0,6,6144,0.9785129990039556,0.2107127216059229,51,0.0,52,802
ct_w5_i2,5,evaluation,42,1024,sampled_adam,13067859050624249027,0,,2.0079541308040145,2.0079541308040145,3.7127700410500867e-09,0.9592861111080813,314774215.8992814,0.007189733206724318,1,199,203776,0.24271267116252582,0.9898625410742401,51,0.0,52,104
ct_w5_i2,5,evaluation,42,1024,sampled_diagonal_fisher,13067859050624249027,0,,2.000003347450395,2.000003347450395,2.1659181281218557e-16,0.8579701071258189,,3.6336150062514826e-06,0,199,203776,0.3119665971404472,1.0788121076996304,51,0.0,52,52
ct_w5_i2,5,evaluation,42,1024,sampled_two_block_fisher,13067859050624249027,1,9.0,0.04301253441186503,0.04301253441186503,0.9594631268053143,0.9594631268053143,,0.19225576589695118,0,9,9216,0.5571700282442898,0.8304125839028195,51,0.0,52,802
ct_w5_i2,5,evaluation,42,1024,sampled_full_fisher,13067859050624249027,1,8.0,0.0573479867839648,0.0573479867839648,0.9467955807406665,0.9467955807406665,,0.23385108982503647,0,8,8192,0.8629750379737307,0.523497778459984,51,0.0,52,1378
ct_w5_i2,5,evaluation,42,1024,ray_plus_residual,13067859050624249027,1,7.0,0.08168879075091695,0.08168879075091695,0.922132335263547,0.922132335263547,,0.310363321016745,0,7,7168,0.9787898660397699,0.20930619385092863,51,0.0,52,802
ct_w5_i2,5,evaluation,50,1024,sampled_adam,1845973340931993607,0,,1.0095272042908636,1.0095272042908636,1.5721859057320158e-10,0.7627255919238581,,0.005862856709313491,0,199,203776,0.22064791791102936,0.9908850406657571,52,0.0,52,104
ct_w5_i2,5,evaluation,50,1024,sampled_diagonal_fisher,1845973340931993607,0,,1.0000218015881028,1.0000218015881028,7.878755295194164e-20,0.6819203202762342,,1.754150687687696e-05,0,199,203776,0.3227022574142664,1.0730303008310853,52,0.0,52,52
ct_w5_i2,5,evaluation,50,1024,sampled_two_block_fisher,1845973340931993607,1,8.0,0.03636982625251406,0.03636982625251406,0.9660119685554701,0.9660119685554701,,0.09658186407570171,0,8,8192,0.5323471463325937,0.8513514777845774,52,0.0,52,802
ct_w5_i2,5,evaluation,50,1024,sampled_full_fisher,1845973340931993607,1,8.0,0.06458798513251196,0.06458798513251196,0.9380926822301376,0.9380926822301376,,0.17132930980712802,0,8,8192,0.9999999999999998,2.55781462784573e-09,52,0.0,52,1378
ct_w5_i2,5,evaluation,50,1024,ray_plus_residual,1845973340931993607,1,8.0,0.08219914858559108,0.08219914858559108,0.9196527671427988,0.9196527671427988,,0.21540098686539044,0,8,8192,0.9774972678738213,0.21580426277580347,52,0.0,52,802
ct_w5_i2,5,evaluation,101,1024,sampled_adam,7305494847424594810,0,,1.0109492511702243,1.0109492511702243,8.319812511300626e-09,0.9689638403168761,400641776.58550125,0.012162876587946379,1,199,203776,0.22064793078386383,0.9908850403480818,52,0.0,52,104
ct_w5_i2,5,evaluation,101,1024,sampled_diagonal_fisher,7305494847424594810,0,,1.000003910039398,1.000003910039398,1.9060938074001385e-18,0.9603885601340886,606457504770.878,5.4278833164234345e-06,1,199,203776,0.2790102730644757,0.9932938360689673,52,0.0,52,52
ct_w5_i2,5,evaluation,101,1024,sampled_two_block_fisher,7305494847424594810,1,9.0,0.08411642956818888,0.08411642956818888,0.920007880657639,0.920007880657639,,0.4035969188454765,0,9,9216,0.6364020307520996,0.7777453307677434,52,0.0,52,802
ct_w5_i2,5,evaluation,101,1024,sampled_full_fisher,7305494847424594810,1,8.0,0.09519743502682054,0.09519743502682054,0.9081091585230249,0.9081091585230249,,0.39770865834415026,0,8,8192,1.0000000000000002,6.170578919859628e-09,52,0.0,52,1378
ct_w5_i2,5,evaluation,101,1024,ray_plus_residual,7305494847424594810,1,8.0,0.09151715002917804,0.09151715002917804,0.9098754333010604,0.9098754333010604,,0.4165578456231722,0,8,8192,0.9775458345933953,0.21556319322078218,52,0.0,52,802
ct_w5_i2,5,evaluation,0,4096,sampled_adam,4923460634492747111,1,32.0,0.0964634789594303,0.0964634789594303,0.9249635555280546,0.9249635555280546,,0.07603733658900581,0,32,131072,0.2868422649820369,0.9878143638952297,52,0.0,52,104
ct_w5_i2,5,evaluation,0,4096,sampled_diagonal_fisher,4923460634492747111,1,2.0,0.08796457105872513,0.08796457105872513,0.9151509506698191,0.9151509506698191,,0.09294581216531976,0,2,8192,0.32585322304610914,1.0236385213529022,52,0.0,52,52
ct_w5_i2,5,evaluation,0,4096,sampled_two_block_fisher,4923460634492747111,1,3.0,0.02341544832120057,0.02341544832120057,0.9790471456372578,0.9790471456372578,,0.02215184026838467,0,3,12288,0.5568875114705801,0.8306035110474826,52,0.0,52,802
ct_w5_i2,5,evaluation,0,4096,sampled_full_fisher,4923460634492747111,1,6.0,0.06281080804379968,0.06281080804379968,0.9511108144271896,0.9511108144271896,,0.1359297866514668,0,6,24576,0.9999999999999998,2.165810946851955e-09,52,0.0,52,1378
ct_w5_i2,5,evaluation,0,4096,ray_plus_residual,4923460634492747111,1,4.0,0.06448512301166787,0.06448512301166787,0.9417215939886179,0.9417215939886179,,0.06789096969210122,0,4,16384,0.9784352601903761,0.21110617548438543,52,0.0,52,802
ct_w5_i2,5,evaluation,19,4096,sampled_adam,1833490490378947451,0,,2.007339474032662,2.007339474032662,1.9661452870733767e-14,0.9844863544535135,143663560.70564067,0.0072761097920853455,1,199,815104,0.1985830820992846,0.9919064908762031,52,0.0,52,104
ct_w5_i2,5,evaluation,19,4096,sampled_diagonal_fisher,1833490490378947451,0,,2.0000037758659044,2.0000037758659044,3.5267274375538345e-31,0.9200781580514973,834698271156.4763,6.2278028388787495e-06,1,199,815104,0.356038281234878,0.9848904672035007,52,0.0,52,52
ct_w5_i2,5,evaluation,19,4096,sampled_two_block_fisher,1833490490378947451,0,,1.0000018118296587,1.0000018118296587,3.995627485253074e-29,0.999991082494704,372301196884.4632,2.171763069518203e-06,1,199,815104,0.6225207497082713,0.7830758366590704,52,0.0,52,802
ct_w5_i2,5,evaluation,19,4096,sampled_full_fisher,1833490490378947451,1,8.0,0.044904550649699004,0.044904550649699004,0.9622366160572656,0.9622366160572656,,0.16656518388893535,0,8,32768,1.0,4.999470434538407e-09,52,0.0,52,1378
ct_w5_i2,5,evaluation,19,4096,ray_plus_residual,1833490490378947451,1,6.0,0.078945852056437,0.078945852056437,0.9310191336879846,0.9310191336879846,,0.21860219829211988,0,6,24576,0.9781332009524007,0.21262893921650544,52,0.0,52,802
ct_w5_i2,5,evaluation,42,4096,sampled_adam,1503419904179127241,0,,2.007534519987612,2.007534519987612,2.1395333897081822e-09,0.963077222601156,358469494.88269246,0.006840379218178791,1,199,815104,0.132388669621411,0.9949645414899688,52,0.0,52,104
ct_w5_i2,5,evaluation,42,4096,sampled_diagonal_fisher,1503419904179127241,0,,1.0000026649743745,1.0000026649743745,3.3327249831775976e-32,0.9485146455328709,761160846339.8518,3.0203214962026824e-06,1,199,815104,0.3070201004981915,1.0666733905153616,52,0.0,52,52
ct_w5_i2,5,evaluation,42,4096,sampled_two_block_fisher,1503419904179127241,0,,1.0000218943152852,1.0000218943152852,6.630378645452805e-17,0.73629976377085,,4.34573003980593e-05,0,199,815104,0.5527133646851279,0.8343574935740901,52,0.0,52,802
ct_w5_i2,5,evaluation,42,4096,sampled_full_fisher,1503419904179127241,1,8.0,0.09357974948651737,0.09357974948651737,0.9148442905817601,0.9148442905817601,,0.3901488452403731,0,8,32768,0.9999999999999994,4.4806588102802835e-09,52,0.0,52,1378
ct_w5_i2,5,evaluation,42,4096,ray_plus_residual,1503419904179127241,1,7.0,0.08450691552096856,0.08450691552096856,0.9184074468695994,0.9184074468695994,,0.3377596470621973,0,7,28672,0.9791361234796356,0.2075354358017776,52,0.0,52,802
ct_w5_i2,5,evaluation,50,4096,sampled_adam,2290984051788303580,0,,1.0091637283156594,1.0091637283156594,5.7439835381759627e-11,0.8880609691968109,,0.005663587107980832,0,199,815104,0.22064790289962968,0.9908850412714246,52,0.0,52,104
ct_w5_i2,5,evaluation,50,4096,sampled_diagonal_fisher,2290984051788303580,0,,1.0000106654414829,1.0000106654414829,1.3797138858019825e-19,0.5567972418495528,,1.1094118795830202e-05,0,199,815104,0.3296727839768514,1.12645528499401,52,0.0,52,52
ct_w5_i2,5,evaluation,50,4096,sampled_two_block_fisher,2290984051788303580,1,10.0,0.030233556988347843,0.030233556988347843,0.971575157605562,0.971575157605562,,0.08450848570671005,0,10,40960,0.5808841368745973,0.8177119837969677,52,0.0,52,802
ct_w5_i2,5,evaluation,50,4096,sampled_full_fisher,2290984051788303580,1,9.0,0.04451408593464201,0.04451408593464201,0.956091330722247,0.956091330722247,,0.12337146835466392,0,9,36864,0.9999999999999998,1.2834405835721834e-09,52,0.0,52,1378
ct_w5_i2,5,evaluation,50,4096,ray_plus_residual,2290984051788303580,1,8.0,0.0972381976681973,0.0972381976681973,0.9040898166499909,0.9040898166499909,,0.2599708335302301,0,8,32768,0.9773230852737337,0.21666693737494913,52,0.0,52,802
ct_w5_i2,5,evaluation,101,4096,sampled_adam,11959044458446717945,0,,1.0107191649323362,1.0107191649323362,6.862056422147119e-09,0.9672238492855897,332742100.98297435,0.011862725606473877,1,199,815104,0.24271271053047758,0.989862540283434,52,0.0,52,104
ct_w5_i2,5,evaluation,101,4096,sampled_diagonal_fisher,11959044458446717945,0,,1.0000015736152505,1.0000015736152505,1.602707425089725e-18,0.990543852143498,302565905153.87787,2.925782599366296e-06,1,199,815104,0.2909878829714969,0.988727323548744,52,0.0,52,52
ct_w5_i2,5,evaluation,101,4096,sampled_two_block_fisher,11959044458446717945,0,,1.0000141724783855,1.0000141724783855,1.00185376371154e-15,0.5043733970574781,,2.8248540359549655e-05,0,199,815104,0.639461620418912,0.7765672231051199,52,0.0,52,802
ct_w5_i2,5,evaluation,101,4096,sampled_full_fisher,11959044458446717945,1,9.0,0.09309284684453267,0.09309284684453267,0.9089498458754626,0.9089498458754626,,0.3935594247769486,0,9,36864,1.0000000000000004,1.7189494243162781e-09,52,0.0,52,1378
ct_w5_i2,5,evaluation,101,4096,ray_plus_residual,11959044458446717945,1,8.0,0.08339684199960651,0.08339684199960651,0.9174846443786291,0.9174846443786291,,0.39359932757588273,0,8,32768,0.977524732145749,0.21566796766507645,52,0.0,52,802
ct_w5_i3,5,evaluation,0,0,analytic_target_cooling,0,1,9.0,0.08560525856690226,0.08560525856690226,0.9158054112409096,0.9158054112409096,,0.23931989152759395,0,0,0,1.0,0.0,-1,0.0,50,50
ct_w5_i3,5,evaluation,19,0,analytic_target_cooling,0,1,15.0,0.09003041690973568,0.09003041690973568,0.9100909915621753,0.9100909915621753,,0.4817548953700985,0,0,0,1.0,0.0,-1,0.0,50,50
ct_w5_i3,5,evaluation,42,0,analytic_target_cooling,0,1,9.0,0.06522875932607697,0.06522875932607697,0.9378980238826746,0.9378980238826746,,0.15496277619783505,0,0,0,1.0,0.0,-1,0.0,50,50
ct_w5_i3,5,evaluation,50,0,analytic_target_cooling,0,1,9.0,0.06611710574078522,0.06611710574078522,0.935798124559369,0.935798124559369,,0.2210713062905782,0,0,0,1.0,0.0,-1,0.0,50,50
ct_w5_i3,5,evaluation,101,0,analytic_target_cooling,0,1,8.0,0.07293345136744556,0.07293345136744556,0.9322308168643992,0.9322308168643992,,0.2284919266460971,0,0,0,1.0,0.0,-1,0.0,50,50
ct_w5_i3,5,evaluation,0,64,sampled_adam,17520146815135268912,1,39.0,0.09476622737926377,0.09476622737926377,0.9271745764019478,0.9271745764019478,,0.09681929223661986,0,39,2496,0.2012461738630221,0.9919677397013293,44,0.0,50,100
ct_w5_i3,5,evaluation,0,64,sampled_diagonal_fisher,17520146815135268912,1,3.0,0.01720730881233834,0.01720730881233834,0.9876351664282664,0.9876351664282664,,0.02118084565202408,0,3,192,0.334853456115662,1.1003241893391886,44,0.0,50,50
ct_w5_i3,5,evaluation,0,64,sampled_two_block_fisher,17520146815135268912,1,4.0,0.08574917176786379,0.08574917176786379,0.939949192839939,0.939949192839939,,0.1507505045704591,0,4,256,0.45181914377851723,1.0028847658201152,44,0.0,50,731
ct_w5_i3,5,evaluation,0,64,sampled_full_fisher,17520146815135268912,1,6.0,0.060760129983018274,0.060760129983018274,0.9568848752326747,0.9568848752326747,,0.09708494363592975,0,6,384,0.736456874964047,0.7260070592438518,44,0.0,50,1275
ct_w5_i3,5,evaluation,0,64,ray_plus_residual,17520146815135268912,1,8.0,0.04102162197836989,0.04102162197836989,0.9618217888537579,0.9618217888537579,,0.14061196519497426,0,8,512,0.9798776575109631,0.2036979181252839,44,0.0,50,731
ct_w5_i3,5,evaluation,19,64,sampled_adam,11513442822172230876,0,,1.0113610145518042,1.0113610145518042,1.202032814811902e-14,0.974824413561393,209357045.27862927,0.0123974931499324,1,199,12736,0.24596747658044243,0.9899494953747557,38,0.0,50,100
ct_w5_i3,5,evaluation,19,64,sampled_diagonal_fisher,11513442822172230876,0,,1.0000824377093576,1.0000824377093576,8.310726200944394e-27,0.9985054860435459,456228755128.80646,0.00012031228614568786,1,199,12736,0.21969243771776292,1.0717693201091412,38,0.0,50,50
ct_w5_i3,5,evaluation,19,64,sampled_two_block_fisher,11513442822172230876,0,,1.000106731639617,1.000106731639617,1.1173184614135884e-25,0.6185557043232931,,0.00015905455096430112,0,199,12736,0.4886912055690411,0.9301548220224888,38,0.0,50,731
ct_w5_i3,5,evaluation,19,64,sampled_full_fisher,11513442822172230876,0,,1.0076927790221664,1.0076927790221664,4.352867459025716e-11,0.2017442591392602,,0.008778413036991391,0,199,12736,0.715817027761142,0.7539004871186356,38,0.0,50,1275
ct_w5_i3,5,evaluation,19,64,ray_plus_residual,11513442822172230876,1,10.0,0.024970835860097296,0.024970835860097296,0.9755367598431187,0.9755367598431187,,0.1425618081855043,0,10,640,0.9790116320971728,0.20817360146410674,38,0.0,50,731
ct_w5_i3,5,evaluation,42,64,sampled_adam,443096708363966951,1,44.0,0.09814455570997005,0.09814455570997005,0.9189458085242872,0.9189458085242872,,0.09998442926010792,0,44,2816,0.15652480567956667,0.9939818895768867,42,0.0,50,100
ct_w5_i3,5,evaluation,42,64,sampled_diagonal_fisher,443096708363966951,1,3.0,0.043969625193067685,0.043969625193067685,0.9586425103529445,0.9586425103529445,,0.060452828395501076,0,3,192,0.21877528613289668,1.1826821095406623,42,0.0,50,50
ct_w5_i3,5,evaluation,42,64,sampled_two_block_fisher,443096708363966951,1,4.0,0.0491682963225859,0.0491682963225859,0.9676928590667278,0.9676928590667278,,0.053815233930127125,0,4,256,0.334357711805948,1.011337293000946,42,0.0,50,731
ct_w5_i3,5,evaluation,42,64,sampled_full_fisher,443096708363966951,1,6.0,0.0736721626353738,0.0736721626353738,0.9569750606220843,0.9569750606220843,,0.14058855731302544,0,6,384,0.577096316970775,0.9196778599370814,42,0.0,50,1275
ct_w5_i3,5,evaluation,42,64,ray_plus_residual,443096708363966951,1,9.0,0.02296790622414946,0.02296790622414946,0.9779838726565344,0.9779838726565344,,0.08137337376579078,0,9,576,0.979753550698781,0.2043445947330406,42,0.0,50,731
ct_w5_i3,5,evaluation,50,64,sampled_adam,16619410072653295905,1,38.0,0.09925653309691107,0.09925653309691107,0.9252512444870339,0.9252512444870339,,0.11698845311955101,0,38,2432,0.044721449318834997,0.9989994954807695,40,0.0,50,100
ct_w5_i3,5,evaluation,50,64,sampled_diagonal_fisher,16619410072653295905,1,3.0,0.007827644538656031,0.007827644538656031,0.9927765161840406,0.9927765161840406,,0.011291550079396067,0,3,192,0.2710519359138021,1.1537045719360999,40,0.0,50,50
ct_w5_i3,5,evaluation,50,64,sampled_two_block_fisher,16619410072653295905,1,4.0,0.04684248376830347,0.04684248376830347,0.9645084409521896,0.9645084409521896,,0.05869932665033591,0,4,256,0.3334704394573025,1.0621604696025646,40,0.0,50,731
ct_w5_i3,5,evaluation,50,64,sampled_full_fisher,16619410072653295905,1,6.0,0.05576948674158544,0.05576948674158544,0.960824830459209,0.960824830459209,,0.10164148197577814,0,6,384,0.5439980775796516,0.9549889239361348,40,0.0,50,1275
ct_w5_i3,5,evaluation,50,64,ray_plus_residual,16619410072653295905,1,6.0,0.07034167168685457,0.07034167168685457,0.9360353231298503,0.9360353231298503,,0.1913988392815199,0,6,384,0.9786585264467088,0.20997444525771738,40,0.0,50,731
ct_w5_i3,5,evaluation,101,64,sampled_adam,103335093028169586,1,40.0,0.09726074415296715,0.09726074415296715,0.9241582816227749,0.9241582816227749,,0.10897250283030274,0,40,2560,0.24596749261757145,0.9899494943047817,37,0.0,50,100
ct_w5_i3,5,evaluation,101,64,sampled_diagonal_fisher,103335093028169586,1,3.0,0.019543547095945968,0.019543547095945968,0.9895610845023427,0.9895610845023427,,0.03750907433828705,0,3,192,0.3090480758199547,1.135448312882514,37,0.0,50,50
ct_w5_i3,5,evaluation,101,64,sampled_two_block_fisher,103335093028169586,1,3.0,0.0596838969123894,0.0596838969123894,0.9576810525633577,0.9576810525633577,,0.07076389956516664,0,3,192,0.46184581940357455,1.030293303905761,37,0.0,50,731
ct_w5_i3,5,evaluation,101,64,sampled_full_fisher,103335093028169586,1,6.0,0.03497559016686225,0.03497559016686225,0.9756952267318465,0.9756952267318465,,0.054938869326798916,0,6,384,0.48790263022917957,0.9999999941392476,37,0.0,50,1275
ct_w5_i3,5,evaluation,101,64,ray_plus_residual,103335093028169586,1,8.0,0.05050010770046853,0.05050010770046853,0.9537318717834682,0.9537318717834682,,0.23699473995540035,0,8,512,0.9776248442357158,0.2151705146575017,37,0.0,50,731
ct_w5_i3,5,evaluation,0,256,sampled_adam,15464858670484184379,1,34.0,0.09785081721772038,0.09785081721772038,0.9240248932435785,0.9240248932435785,,0.1022027101369476,0,34,8704,0.29068911102301953,0.9879271148856142,50,0.0,50,100
ct_w5_i3,5,evaluation,0,256,sampled_diagonal_fisher,15464858670484184379,1,3.0,0.09350395151972712,0.09350395151972712,0.9128715084214256,0.9128715084214256,,0.14061251477484116,0,3,768,0.3493828555523575,0.9811542163297733,50,0.0,50,50
ct_w5_i3,5,evaluation,0,256,sampled_two_block_fisher,15464858670484184379,1,4.0,0.04108178459058465,0.04108178459058465,0.966889608922294,0.966889608922294,,0.06588984177331214,0,4,1024,0.6405399313986768,0.7719551518909318,50,0.0,50,731
ct_w5_i3,5,evaluation,0,256,sampled_full_fisher,15464858670484184379,1,7.0,0.061010192553389686,0.061010192553389686,0.9510487740871378,0.9510487740871378,,0.1665918568856284,0,7,1792,1.0,1.2425182705786585e-09,50,0.0,50,1275
ct_w5_i3,5,evaluation,0,256,ray_plus_residual,15464858670484184379,1,6.0,0.09055960879488545,0.09055960879488545,0.9149923754249452,0.9149923754249452,,0.23264669063032076,0,6,1536,0.9796983627795673,0.20463158169236859,50,0.0,50,731
ct_w5_i3,5,evaluation,19,256,sampled_adam,17659621794328703778,0,,1.00816572174657,1.00816572174657,5.344214854323529e-16,0.9925856226155958,846083.0914914455,0.008924632155893411,0,199,50944,0.15652486180942418,0.993981887349029,49,0.0,50,100
ct_w5_i3,5,evaluation,19,256,sampled_diagonal_fisher,17659621794328703778,0,,1.0000324439278945,1.0000324439278945,5.630807951985278e-35,0.7568798861300958,,4.458477577841448e-05,0,199,50944,0.3292329018547081,1.0614375652945383,49,0.0,50,50
ct_w5_i3,5,evaluation,19,256,sampled_two_block_fisher,17659621794328703778,0,,1.0001927263982804,1.0001927263982804,9.152203161225411e-23,0.5037625772497066,,0.0003521505755640363,0,199,50944,0.6708325630534927,0.7417591402849844,49,0.0,50,731
ct_w5_i3,5,evaluation,19,256,sampled_full_fisher,17659621794328703778,1,10.0,0.07784184097463864,0.07784184097463864,0.9364688506562333,0.9364688506562333,,0.3361709420971703,0,10,2560,0.990580611429726,0.13725442484870068,49,0.0,50,1275
ct_w5_i3,5,evaluation,19,256,ray_plus_residual,17659621794328703778,1,9.0,0.047506742409282765,0.047506742409282765,0.953424957771322,0.953424957771322,,0.21580552390442997,0,9,2304,0.9801518237145863,0.20226288474216805,49,0.0,50,731
ct_w5_i3,5,evaluation,42,256,sampled_adam,9762917226912774191,1,38.0,0.09910186554685296,0.09910186554685296,0.9172395815225,0.9172395815225,,0.10182052536274269,0,38,9728,0.3354101945821362,0.9859006051901121,47,0.0,50,100
ct_w5_i3,5,evaluation,42,256,sampled_diagonal_fisher,9762917226912774191,1,3.0,0.021394381340684276,0.021394381340684276,0.9830003770155896,0.9830003770155896,,0.022538198387019617,0,3,768,0.3438058767388974,1.0048286099524883,47,0.0,50,50
ct_w5_i3,5,evaluation,42,256,sampled_two_block_fisher,9762917226912774191,1,3.0,0.07800135051532564,0.07800135051532564,0.9359126661440011,0.9359126661440011,,0.09094029786978236,0,3,768,0.6469247417067343,0.7628375514005423,47,0.0,50,731
ct_w5_i3,5,evaluation,42,256,sampled_full_fisher,9762917226912774191,1,7.0,0.05863102891839844,0.05863102891839844,0.9579752131913954,0.9579752131913954,,0.14408934122161868,0,7,1792,0.7832890408962202,0.6583478702081137,47,0.0,50,1275
ct_w5_i3,5,evaluation,42,256,ray_plus_residual,9762917226912774191,1,6.0,0.07363720600708312,0.07363720600708312,0.9312359151597573,0.9312359151597573,,0.15779349591727734,0,6,1536,0.9794007671952275,0.20617307588011308,47,0.0,50,731
ct_w5_i3,5,evaluation,50,256,sampled_adam,18077289204845694769,1,31.0,0.09432742404063532,0.09432742404063532,0.9312030543044258,0.9312030543044258,,0.10628232483637158,0,31,7936,0.17888553731213297,0.9929753233652665,49,0.0,50,100
ct_w5_i3,5,evaluation,50,256,sampled_diagonal_fisher,18077289204845694769,1,3.0,0.00896844656380047,0.00896844656380047,0.9930744696790601,0.9930744696790601,,0.011750135724351376,0,3,768,0.34601001100267337,0.9739644350639508,49,0.0,50,50
ct_w5_i3,5,evaluation,50,256,sampled_two_block_fisher,18077289204845694769,1,4.0,0.035509613405137586,0.035509613405137586,0.9785686562518411,0.9785686562518411,,0.05003229784646455,0,4,1024,0.536717610040242,0.8567571679955174,49,0.0,50,731
ct_w5_i3,5,evaluation,50,256,sampled_full_fisher,18077289204845694769,1,7.0,0.0712866028050847,0.0712866028050847,0.9424826426774982,0.9424826426774982,,0.1782994058548133,0,7,1792,0.9475847086540707,0.32377551280456435,49,0.0,50,1275
ct_w5_i3,5,evaluation,50,256,ray_plus_residual,18077289204845694769,1,6.0,0.08359270943783592,0.08359270943783592,0.9242561199119947,0.9242561199119947,,0.2234519730989934,0,6,1536,0.97744907305958,0.21604325586394849,49,0.0,50,731
ct_w5_i3,5,evaluation,101,256,sampled_adam,17831854826547643378,1,34.0,0.09612635304195294,0.09612635304195294,0.9218731377494145,0.9218731377494145,,0.11206322916621747,0,34,8704,0.15652475293340162,0.9939818921364969,49,0.0,50,100
ct_w5_i3,5,evaluation,101,256,sampled_diagonal_fisher,17831854826547643378,1,3.0,0.009408543516588708,0.009408543516588708,0.9919385941213689,0.9919385941213689,,0.011365341846325452,0,3,768,0.39913326427840007,1.0011809737392392,49,0.0,50,50
ct_w5_i3,5,evaluation,101,256,sampled_two_block_fisher,17831854826547643378,1,3.0,0.07631924629446196,0.07631924629446196,0.9408942830824341,0.9408942830824341,,0.09862102696384273,0,3,768,0.5250500537936034,0.9020261841983661,49,0.0,50,731
ct_w5_i3,5,evaluation,101,256,sampled_full_fisher,17831854826547643378,1,7.0,0.04736430520234336,0.04736430520234336,0.9635382851173413,0.9635382851173413,,0.12823597195270856,0,7,1792,0.930949176961216,0.3716202982582735,49,0.0,50,1275
ct_w5_i3,5,evaluation,101,256,ray_plus_residual,17831854826547643378,1,5.0,0.05125746191441216,0.05125746191441216,0.9541078526166731,0.9541078526166731,,0.10506163716047338,0,5,1280,0.9772583954591869,0.2169865704310132,49,0.0,50,731
ct_w5_i3,5,evaluation,0,1024,sampled_adam,15427903743173690581,1,34.0,0.09459935087690674,0.09459935087690674,0.9263153579904806,0.9263153579904806,,0.09834135900519686,0,34,34816,0.3130495318431516,0.9869143839755743,50,0.0,50,100
ct_w5_i3,5,evaluation,0,1024,sampled_diagonal_fisher,15427903743173690581,1,3.0,0.027538633239730714,0.027538633239730714,0.9735585621990805,0.9735585621990805,,0.046745496835422916,0,3,3072,0.37803430744184086,0.9664127475479067,50,0.0,50,50
ct_w5_i3,5,evaluation,0,1024,sampled_two_block_fisher,15427903743173690581,1,4.0,0.027142399742848156,0.027142399742848156,0.9755890071864592,0.9755890071864592,,0.04639595971079092,0,4,4096,0.7004368851252694,0.7219141525519714,50,0.0,50,731
ct_w5_i3,5,evaluation,0,1024,sampled_full_fisher,15427903743173690581,1,7.0,0.07975566959573754,0.07975566959573754,0.9329570968144433,0.9329570968144433,,0.22749578543434137,0,7,7168,1.0,9.193566819704659e-10,50,0.0,50,1275
ct_w5_i3,5,evaluation,0,1024,ray_plus_residual,15427903743173690581,1,6.0,0.0558292533411926,0.0558292533411926,0.9463575477436744,0.9463575477436744,,0.12328708563644923,0,6,6144,0.9793805055188016,0.2062776599277264,50,0.0,50,731
ct_w5_i3,5,evaluation,19,1024,sampled_adam,2918554570019731407,0,,1.0082120999379978,1.0082120999379978,4.512343071570447e-09,0.9934500423494477,20675440.292605005,0.009298482117508227,1,199,203776,0.33541024144741005,0.9859006042750297,50,0.0,50,100
ct_w5_i3,5,evaluation,19,1024,sampled_diagonal_fisher,2918554570019731407,0,,1.0000125158974313,1.0000125158974313,5.44500651764788e-21,0.9999912921661614,843690373129.1918,2.3281801782810215e-05,1,199,203776,0.3643897359027391,0.9804880971555815,50,0.0,50,50
ct_w5_i3,5,evaluation,19,1024,sampled_two_block_fisher,2918554570019731407,0,,1.0000360285021532,1.0000360285021532,1.1777335410162365e-28,0.3957530150229295,,2.7951093235827205e-05,0,199,203776,0.7316075854142486,0.691700767014899,50,0.0,50,731
ct_w5_i3,5,evaluation,19,1024,sampled_full_fisher,2918554570019731407,1,10.0,0.08965513554157845,0.08965513554157845,0.9155891311929621,0.9155891311929621,,0.4603597075759675,0,10,10240,1.0,1.1355953854900062e-09,50,0.0,50,1275
ct_w5_i3,5,evaluation,19,1024,ray_plus_residual,2918554570019731407,1,9.0,0.03942735037535883,0.03942735037535883,0.9611315986107927,0.9611315986107927,,0.19038322100973096,0,9,9216,0.9801733902399139,0.20214962092133965,50,0.0,50,731
ct_w5_i3,5,evaluation,42,1024,sampled_adam,17312151981576031499,1,36.0,0.09953539933798794,0.09953539933798794,0.9160442667917629,0.9160442667917629,,0.10339547746078602,0,36,36864,0.3130495129648729,0.9869143849249086,50,0.0,50,100
ct_w5_i3,5,evaluation,42,1024,sampled_diagonal_fisher,17312151981576031499,1,3.0,0.01598699641717971,0.01598699641717971,0.9843124104306101,0.9843124104306101,,0.02316109199928872,0,3,3072,0.3513091239512313,0.9802449541801772,50,0.0,50,50
ct_w5_i3,5,evaluation,42,1024,sampled_two_block_fisher,17312151981576031499,1,3.0,0.08335163291638104,0.08335163291638104,0.9261023042798423,0.9261023042798423,,0.1060016908845109,0,3,3072,0.5419268587419785,0.8408782364684692,50,0.0,50,731
ct_w5_i3,5,evaluation,42,1024,sampled_full_fisher,17312151981576031499,1,7.0,0.06765671262704309,0.06765671262704309,0.9415399166112459,0.9415399166112459,,0.17326608357077714,0,7,7168,0.9999999999999997,5.916569684507367e-09,50,0.0,50,1275
ct_w5_i3,5,evaluation,42,1024,ray_plus_residual,17312151981576031499,1,5.0,0.0664812997939972,0.0664812997939972,0.9386129281843922,0.9386129281843922,,0.10921428561489652,0,5,5120,0.9790299161746775,0.20807998131192804,50,0.0,50,731
ct_w5_i3,5,evaluation,50,1024,sampled_adam,17390114906156856096,1,30.0,0.09532541193749289,0.09532541193749289,0.9299224162781168,0.9299224162781168,,0.10758087529111808,0,30,30720,0.22360685413195597,0.9909591297481789,50,0.0,50,100
ct_w5_i3,5,evaluation,50,1024,sampled_diagonal_fisher,17390114906156856096,1,3.0,0.012650268267954345,0.012650268267954345,0.9878929334417691,0.9878929334417691,,0.02088903574614996,0,3,3072,0.32111332064071324,0.9829054192359385,50,0.0,50,50
ct_w5_i3,5,evaluation,50,1024,sampled_two_block_fisher,17390114906156856096,1,3.0,0.07445647047076243,0.07445647047076243,0.9385751985594801,0.9385751985594801,,0.09780362608346264,0,3,3072,0.5395774226678476,0.8447488165200456,50,0.0,50,731
ct_w5_i3,5,evaluation,50,1024,sampled_full_fisher,17390114906156856096,1,7.0,0.06012992431536013,0.06012992431536013,0.9517899630019243,0.9517899630019243,,0.19556077917936276,0,7,7168,0.9999999999999997,2.4106469173152704e-09,50,0.0,50,1275
ct_w5_i3,5,evaluation,50,1024,ray_plus_residual,17390114906156856096,1,5.0,0.06586972809958702,0.06586972809958702,0.9391707031829395,0.9391707031829395,,0.13271288898259206,0,5,5120,0.9766625838136491,0.21991158378518597,50,0.0,50,731
ct_w5_i3,5,evaluation,101,1024,sampled_adam,2403675615568186266,1,33.0,0.09487148714942606,0.09487148714942606,0.924471396975317,0.924471396975317,,0.10957379026915093,0,33,33792,0.20124564469109085,0.9919677878332293,50,0.0,50,100
ct_w5_i3,5,evaluation,101,1024,sampled_diagonal_fisher,2403675615568186266,1,3.0,0.0317457040544884,0.0317457040544884,0.9692969552127018,0.9692969552127018,,0.04596945550821643,0,3,3072,0.4156677747997908,0.9432164887036404,50,0.0,50,50
ct_w5_i3,5,evaluation,101,1024,sampled_two_block_fisher,2403675615568186266,1,3.0,0.06028731323024594,0.06028731323024594,0.9502635554740148,0.9502635554740148,,0.07703166287757841,0,3,3072,0.6734949496434419,0.7393305558516324,50,0.0,50,731
ct_w5_i3,5,evaluation,101,1024,sampled_full_fisher,2403675615568186266,1,6.0,0.09764051050637335,0.09764051050637335,0.9199887623766918,0.9199887623766918,,0.30052561945343237,0,6,6144,0.9999999999999998,1.5636220644732495e-09,50,0.0,50,1275
ct_w5_i3,5,evaluation,101,1024,ray_plus_residual,2403675615568186266,1,4.0,0.08254462400057605,0.08254462400057605,0.9277921483809226,0.9277921483809226,,0.1597978641002844,0,4,4096,0.9769672100274536,0.21842030996039055,50,0.0,50,731
ct_w5_i3,5,evaluation,0,4096,sampled_adam,6053102125166978356,1,34.0,0.09396974344138087,0.09396974344138087,0.9260297416673975,0.9260297416673975,,0.09860543298029431,0,34,139264,0.29068883222823244,0.9879271252672026,50,0.0,50,100
ct_w5_i3,5,evaluation,0,4096,sampled_diagonal_fisher,6053102125166978356,1,3.0,0.03943286443036165,0.03943286443036165,0.9624281030505982,0.9624281030505982,,0.06532254576801474,0,3,12288,0.375493984465562,0.9613814432065155,50,0.0,50,50
ct_w5_i3,5,evaluation,0,4096,sampled_two_block_fisher,6053102125166978356,1,4.0,0.035948116592967594,0.035948116592967594,0.9664996917537307,0.9664996917537307,,0.0661584622246826,0,4,16384,0.7055939090561018,0.7224955923603182,50,0.0,50,731
ct_w5_i3,5,evaluation,0,4096,sampled_full_fisher,6053102125166978356,1,8.0,0.04245676419297162,0.04245676419297162,0.9606187262216759,0.9606187262216759,,0.11852286768239799,0,8,32768,1.0,7.656436482291039e-10,50,0.0,50,1275
ct_w5_i3,5,evaluation,0,4096,ray_plus_residual,6053102125166978356,1,5.0,0.0744248858477885,0.0744248858477885,0.9288309413292398,0.9288309413292398,,0.16074345214263425,0,5,20480,0.9793040069079765,0.20667210164870983,50,0.0,50,731
ct_w5_i3,5,evaluation,19,4096,sampled_adam,17222473167707574482,0,,1.0073723232280845,1.0073723232280845,4.1312983401985636e-15,0.9864607192459752,917866134.9445207,0.008244657943973019,1,199,815104,0.4248529045496674,0.9818350203612884,50,0.0,50,100
ct_w5_i3,5,evaluation,19,4096,sampled_diagonal_fisher,17222473167707574482,0,,1.0000027352356753,1.0000027352356753,9.295989158947459e-26,0.9999981718668943,949794112945.5697,4.1247249322884875e-06,1,199,815104,0.3744601411377852,0.9653429163182252,50,0.0,50,50
ct_w5_i3,5,evaluation,19,4096,sampled_two_block_fisher,17222473167707574482,0,,1.000012869018457,1.000012869018457,1.8757302978725505e-30,0.4458305235834139,,1.9447622871634897e-05,0,199,815104,0.7195112914534038,0.7002351572172987,50,0.0,50,731
ct_w5_i3,5,evaluation,19,4096,sampled_full_fisher,17222473167707574482,1,11.0,0.06497086812261266,0.06497086812261266,0.9379974855551979,0.9379974855551979,,0.3499663741514601,0,11,45056,0.9999999999999998,7.317455687287686e-10,50,0.0,50,1275
ct_w5_i3,5,evaluation,19,4096,ray_plus_residual,17222473167707574482,1,10.0,0.022564437806526172,0.022564437806526172,0.9776508319350393,0.9776508319350393,,0.11052302965986224,0,10,40960,0.9800543887455436,0.2027739014315843,50,0.0,50,731
ct_w5_i3,5,evaluation,42,4096,sampled_adam,16039559304215680086,1,37.0,0.095662565811379,0.095662565811379,0.9190782423017718,0.9190782423017718,,0.09944315116455493,0,37,151552,0.35777085414874404,0.9848857824875729,50,0.0,50,100
ct_w5_i3,5,evaluation,42,4096,sampled_diagonal_fisher,16039559304215680086,1,3.0,0.01951744522775023,0.01951744522775023,0.9808316079541527,0.9808316079541527,,0.02801481145423838,0,3,12288,0.3454462819526633,1.0030936988455341,50,0.0,50,50
ct_w5_i3,5,evaluation,42,4096,sampled_two_block_fisher,16039559304215680086,1,3.0,0.09908347944283769,0.09908347944283769,0.9109221277507786,0.9109221277507786,,0.12870524446171405,0,3,12288,0.5493670890627728,0.8360578576017205,50,0.0,50,731
ct_w5_i3,5,evaluation,42,4096,sampled_full_fisher,16039559304215680086,1,7.0,0.0886052473148986,0.0886052473148986,0.9186102141690399,0.9186102141690399,,0.2100656850079601,0,7,28672,1.0,3.969340096248424e-09,50,0.0,50,1275
ct_w5_i3,5,evaluation,42,4096,ray_plus_residual,16039559304215680086,1,5.0,0.05366112392949596,0.05366112392949596,0.9495828165460024,0.9495828165460024,,0.08735519371738772,0,5,20480,0.9791200409396038,0.20761797447947036,50,0.0,50,731
ct_w5_i3,5,evaluation,50,4096,sampled_adam,7529669860683452777,1,30.0,0.09779692936337092,0.09779692936337092,0.9280701813080383,0.9280701813080383,,0.11147788358120804,0,30,122880,0.26832819300566013,0.9889388247900621,50,0.0,50,100
ct_w5_i3,5,evaluation,50,4096,sampled_diagonal_fisher,7529669860683452777,1,3.0,0.03113312215638686,0.03113312215638686,0.9695903031127867,0.9695903031127867,,0.052689096881574825,0,3,12288,0.3263496460842115,0.9678705606305273,50,0.0,50,50
ct_w5_i3,5,evaluation,50,4096,sampled_two_block_fisher,7529669860683452777,1,4.0,0.015820849600466147,0.015820849600466147,0.98604418217317,0.98604418217317,,0.023788174857030126,0,4,16384,0.5667248735871289,0.8241260263174599,50,0.0,50,731
ct_w5_i3,5,evaluation,50,4096,sampled_full_fisher,7529669860683452777,1,7.0,0.09425990618513858,0.09425990618513858,0.9142788943438098,0.9142788943438098,,0.3177852789089463,0,7,28672,0.9999999999999998,1.729210401365412e-09,50,0.0,50,1275
ct_w5_i3,5,evaluation,50,4096,ray_plus_residual,7529669860683452777,1,5.0,0.05300787644388549,0.05300787644388549,0.9506313579534952,0.9506313579534952,,0.10881918587330468,0,5,20480,0.9768988811733201,0.21875557134903786,50,0.0,50,731
ct_w5_i3,5,evaluation,101,4096,sampled_adam,5589148090106627741,1,34.0,0.09784776548725915,0.09784776548725915,0.9193099277629896,0.9193099277629896,,0.11580164872119462,0,34,139264,0.17888596810267532,0.9929753067709158,50,0.0,50,100
ct_w5_i3,5,evaluation,101,4096,sampled_diagonal_fisher,5589148090106627741,1,3.0,0.02325320992867752,0.02325320992867752,0.9774432067527175,0.9774432067527175,,0.03546002989131843,0,3,12288,0.4117200994417811,0.9506804831651481,50,0.0,50,50
ct_w5_i3,5,evaluation,101,4096,sampled_two_block_fisher,5589148090106627741,1,3.0,0.07213273307330326,0.07213273307330326,0.9386802711036886,0.9386802711036886,,0.10031331509315201,0,3,12288,0.6561122390399523,0.7546920797512828,50,0.0,50,731
ct_w5_i3,5,evaluation,101,4096,sampled_full_fisher,5589148090106627741,1,7.0,0.052224298564269134,0.052224298564269134,0.9540248627033376,0.9540248627033376,,0.17183801974031207,0,7,28672,1.0,1.9857568337871403e-09,50,0.0,50,1275
ct_w5_i3,5,evaluation,101,4096,ray_plus_residual,5589148090106627741,1,5.0,0.03239975851443866,0.03239975851443866,0.9699478229610945,0.9699478229610945,,0.060416485755576774,0,5,20480,0.9773538456982719,0.2165148065570525,50,0.0,50,731
ct_w5_i4,5,evaluation,0,0,analytic_target_cooling,0,1,8.0,0.07970243947709932,0.07970243947709932,0.9233646426643791,0.9233646426643791,,0.14747264568907525,0,0,0,1.0,0.0,-1,0.0,51,51
ct_w5_i4,5,evaluation,19,0,analytic_target_cooling,0,1,15.0,0.08275885347750744,0.08275885347750744,0.9174017240207131,0.9174017240207131,,0.3010693984482962,0,0,0,1.0,0.0,-1,0.0,51,51
ct_w5_i4,5,evaluation,42,0,analytic_target_cooling,0,1,10.0,0.08586193650745955,0.08586193650745955,0.9178905951869141,0.9178905951869141,,0.3548122837097071,0,0,0,1.0,0.0,-1,0.0,51,51
ct_w5_i4,5,evaluation,50,0,analytic_target_cooling,0,1,12.0,0.08488854684438074,0.08488854684438074,0.9160464833127698,0.9160464833127698,,0.32487185146082015,0,0,0,1.0,0.0,-1,0.0,51,51
ct_w5_i4,5,evaluation,101,0,analytic_target_cooling,0,1,12.0,0.06656531120682452,0.06656531120682452,0.9339233222927593,0.9339233222927593,,0.17123360286289,0,0,0,1.0,0.0,-1,0.0,51,51
ct_w5_i4,5,evaluation,0,64,sampled_adam,9811482772081710221,1,37.0,0.09659768101228217,0.09659768101228217,0.9209157080408824,0.9209157080408824,,0.06489476405565422,0,37,2368,0.24014610425443467,0.9893788883755085,31,0.0,51,102
ct_w5_i4,5,evaluation,0,64,sampled_diagonal_fisher,9811482772081710221,1,2.0,0.04650743690249115,0.04650743690249115,0.9616215712634081,0.9616215712634081,,0.04192266164522065,0,2,128,0.34621357975591804,1.1434915130809515,31,0.0,51,51
ct_w5_i4,5,evaluation,0,64,sampled_two_block_fisher,9811482772081710221,1,3.0,0.09082588573114236,0.09082588573114236,0.932114963689258,0.932114963689258,,0.07656322921336903,0,3,192,0.5398438149231328,0.9300379293677985,31,0.0,51,766
ct_w5_i4,5,evaluation,0,64,sampled_full_fisher,9811482772081710221,1,6.0,0.0925970383660637,0.0925970383660637,0.9282056847613095,0.9282056847613095,,0.09985883612613349,0,6,384,0.3919421295326678,1.0000001930527216,31,0.0,51,1326
ct_w5_i4,5,evaluation,0,64,ray_plus_residual,9811482772081710221,1,10.0,0.05018010838042919,0.05018010838042919,0.9589774576154053,0.9589774576154053,,0.1437136488064248,0,10,640,0.9783781589384761,0.21139477106298113,31,0.0,51,766
ct_w5_i4,5,evaluation,19,64,sampled_adam,2018868581107610664,0,,1.0136233551410392,1.0136233551410392,1.7165709411184385e-11,0.9855198804733047,237057079.35106492,0.01104174954153044,1,199,12736,0.14408762931902694,0.9941239129902095,37,0.0,51,102
ct_w5_i4,5,evaluation,19,64,sampled_diagonal_fisher,2018868581107610664,0,,1.0003599644459769,1.0003599644459769,1.2540898596601024e-19,0.9841525919295819,430852068405.4845,0.0004374578547094178,1,199,12736,0.3014455951382645,1.1819935743156436,37,0.0,51,51
ct_w5_i4,5,evaluation,19,64,sampled_two_block_fisher,2018868581107610664,0,,1.0004059872410913,1.0004059872410913,7.785164834348782e-17,0.9296797994488061,656061699616.9153,0.0004695473021226916,1,199,12736,0.48965537636284456,1.0102916644584925,37,0.0,51,766
ct_w5_i4,5,evaluation,19,64,sampled_full_fisher,2018868581107610664,1,9.0,0.08278730178186677,0.08278730178186677,0.9306776396140883,0.9306776396140883,,0.20443837374571042,0,9,576,0.5325570112123874,0.9668950189008242,37,0.0,51,1326
ct_w5_i4,5,evaluation,19,64,ray_plus_residual,2018868581107610664,1,10.0,0.049888367683283974,0.049888367683283974,0.9522414613909149,0.9522414613909149,,0.1605349912922457,0,10,640,0.9775878776462051,0.21535431618658515,37,0.0,51,766
ct_w5_i4,5,evaluation,42,64,sampled_adam,15382510547513786065,0,,2.013706751246202,2.013706751246202,2.8526059857155327e-12,0.9849791843504908,62879289.05084678,0.017537487034036396,1,199,12736,0.33620442176996845,0.9846110079758726,46,0.0,51,102
ct_w5_i4,5,evaluation,42,64,sampled_diagonal_fisher,15382510547513786065,0,,2.0002614306438513,2.0002614306438513,3.9813636791920675e-22,0.9998276118547418,87399098633.16267,0.0004895169970851447,1,199,12736,0.2104821635973234,1.0296044089246887,46,0.0,51,51
ct_w5_i4,5,evaluation,42,64,sampled_two_block_fisher,15382510547513786065,0,,1.0003785787374238,1.0003785787374238,3.6183989716629025e-14,0.5986022869874267,,0.0007103346410354414,0,199,12736,0.07749967317608165,1.114976756429808,46,0.0,51,766
ct_w5_i4,5,evaluation,42,64,sampled_full_fisher,15382510547513786065,1,8.0,0.08238387671097769,0.08238387671097769,0.9355022899229964,0.9355022899229964,,0.22215842892811874,0,8,512,0.6973775191373095,0.7779749107300188,46,0.0,51,1326
ct_w5_i4,5,evaluation,42,64,ray_plus_residual,15382510547513786065,1,7.0,0.05948280671875672,0.05948280671875672,0.9435026929911783,0.9435026929911783,,0.162883617654929,0,7,448,0.9776770546660669,0.21491068702890376,46,0.0,51,766
ct_w5_i4,5,evaluation,50,64,sampled_adam,1109693273241366053,0,,1.0129633890837777,1.0129633890837777,2.1439938000943313e-16,0.9891027891210387,17773911.248460546,0.011646891798661152,1,199,12736,0.1440876178721658,0.9941239134104262,42,0.0,51,102
ct_w5_i4,5,evaluation,50,64,sampled_diagonal_fisher,1109693273241366053,0,,1.0003604182957062,1.0003604182957062,6.441380217740051e-29,0.9997732194134479,331057088458.6415,0.0007126874774570792,1,199,12736,0.26886457438055544,1.2092439171808511,42,0.0,51,51
ct_w5_i4,5,evaluation,50,64,sampled_two_block_fisher,1109693273241366053,0,,1.0004224621567168,1.0004224621567168,7.15029452881389e-21,0.9997365122333873,1900192287.781663,0.000592028661802467,1,199,12736,0.4898893384962875,1.0100600591090736,42,0.0,51,766
ct_w5_i4,5,evaluation,50,64,sampled_full_fisher,1109693273241366053,1,8.0,0.05611219660603339,0.05611219660603339,0.9569853478034455,0.9569853478034455,,0.11281971649397242,0,8,512,0.6684696379162977,0.8142854070701527,42,0.0,51,1326
ct_w5_i4,5,evaluation,50,64,ray_plus_residual,1109693273241366053,1,9.0,0.07192708646909729,0.07192708646909729,0.9313742501084604,0.9313742501084604,,0.2155420086676814,0,9,576,0.9789799787403646,0.20833558940574104,42,0.0,51,766
ct_w5_i4,5,evaluation,101,64,sampled_adam,2959463446880057559,0,,1.01267461639873,1.01267461639873,2.4159337193322974e-06,0.88237327501702,,0.009505199572629595,0,199,12736,0.31218984757897134,0.9858051376092105,37,0.0,51,102
ct_w5_i4,5,evaluation,101,64,sampled_diagonal_fisher,2959463446880057559,0,,1.0001063307095954,1.0001063307095954,3.291343859874601e-11,0.6615118691210478,,9.423969142355025e-05,0,199,12736,0.27660079515649916,1.1739777433866743,37,0.0,51,51
ct_w5_i4,5,evaluation,101,64,sampled_two_block_fisher,2959463446880057559,1,5.0,0.07497809422446444,0.07497809422446444,0.9355564661672459,0.9355564661672459,,0.09706162502453186,0,5,320,0.292504584898727,1.1391699917106164,37,0.0,51,766
ct_w5_i4,5,evaluation,101,64,sampled_full_fisher,2959463446880057559,1,7.0,0.05143839959570329,0.05143839959570329,0.9562041743178424,0.9562041743178424,,0.08616054638385365,0,7,448,0.49649453034390556,1.000000448792403,37,0.0,51,1326
ct_w5_i4,5,evaluation,101,64,ray_plus_residual,2959463446880057559,1,9.0,0.06509175911025622,0.06509175911025622,0.9369499306045459,0.9369499306045459,,0.15846424813882817,0,9,576,0.9774369763573264,0.21610320620662032,37,0.0,51,766
ct_w5_i4,5,evaluation,0,256,sampled_adam,13390535816519271131,1,34.0,0.09948779785948147,0.09948779785948147,0.9175361897061918,0.9175361897061918,,0.06750554493001694,0,34,8704,0.2161314625136354,0.9905672764978446,49,0.0,51,102
ct_w5_i4,5,evaluation,0,256,sampled_diagonal_fisher,13390535816519271131,1,2.0,0.03128386821933127,0.03128386821933127,0.9704551661549665,0.9704551661549665,,0.030299264999067845,0,2,512,0.3548114285683835,1.1359476849147732,49,0.0,51,51
ct_w5_i4,5,evaluation,0,256,sampled_two_block_fisher,13390535816519271131,1,3.0,0.039807809002345707,0.039807809002345707,0.9697351333580453,0.9697351333580453,,0.04380310759130684,0,3,768,0.5157850383772997,0.9077197154661781,49,0.0,51,766
ct_w5_i4,5,evaluation,0,256,sampled_full_fisher,13390535816519271131,1,5.0,0.07275005446416749,0.07275005446416749,0.936621889750615,0.936621889750615,,0.13123802290659894,0,5,1280,0.8744746062925148,0.5010496855751634,49,0.0,51,1326
ct_w5_i4,5,evaluation,0,256,ray_plus_residual,13390535816519271131,1,6.0,0.08799788333612568,0.08799788333612568,0.9179245852375868,0.9179245852375868,,0.14247563294370952,0,6,1536,0.9795026395933788,0.20564653702564611,49,0.0,51,766
ct_w5_i4,5,evaluation,19,256,sampled_adam,4388808114227013605,0,,1.011042870527504,1.011042870527504,1.6160814500541453e-12,0.9899764430010682,343353214.7600893,0.008967262474461267,1,199,50944,0.2881753293636805,0.9869978241770885,49,0.0,51,102
ct_w5_i4,5,evaluation,19,256,sampled_diagonal_fisher,4388808114227013605,0,,1.0000669744337607,1.0000669744337607,1.2617287091194967e-19,0.9999061723822097,88454610777.23639,0.0001090346410254717,1,199,50944,0.33572551309292925,1.0175843148308494,49,0.0,51,51
ct_w5_i4,5,evaluation,19,256,sampled_two_block_fisher,4388808114227013605,0,,1.000142460887945,1.000142460887945,1.1924231094598385e-17,0.7985440669813401,,0.00019181238610604977,0,199,50944,0.39433338680071456,0.9572066034606711,49,0.0,51,766
ct_w5_i4,5,evaluation,19,256,sampled_full_fisher,4388808114227013605,1,10.0,0.06738878749443522,0.06738878749443522,0.9422764227940141,0.9422764227940141,,0.17680639544937976,0,10,2560,0.9361285432059906,0.3574114066282983,49,0.0,51,1326
ct_w5_i4,5,evaluation,19,256,ray_plus_residual,4388808114227013605,1,11.0,0.05777608485037966,0.05777608485037966,0.9427939840814417,0.9427939840814417,,0.19995125848961326,0,11,2816,0.9796085580196022,0.20509782733491883,49,0.0,51,766
ct_w5_i4,5,evaluation,42,256,sampled_adam,6495878595587149629,0,,2.010171296545481,2.010171296545481,4.998826792892951e-14,0.9906193375431015,188241178.68213856,0.013102106018201718,1,199,50944,0.24014622692970353,0.9893788844715529,50,0.0,51,102
ct_w5_i4,5,evaluation,42,256,sampled_diagonal_fisher,6495878595587149629,0,,2.000061680401565,2.000061680401565,1.9554206131567193e-28,0.9544518578987402,484183466442.0223,0.0001175320861929808,1,199,50944,0.24188434949953103,1.014103076932293,50,0.0,51,51
ct_w5_i4,5,evaluation,42,256,sampled_two_block_fisher,6495878595587149629,1,5.0,0.09291956572334925,0.09291956572334925,0.9209771837109838,0.9209771837109838,,0.2099810490103359,0,5,1280,0.41125655169781716,0.9320880351743631,50,0.0,51,766
ct_w5_i4,5,evaluation,42,256,sampled_full_fisher,6495878595587149629,1,8.0,0.07259112126210177,0.07259112126210177,0.9404082880526993,0.9404082880526993,,0.26286272806817423,0,8,2048,0.9182250845552884,0.40441294599632094,50,0.0,51,1326
ct_w5_i4,5,evaluation,42,256,ray_plus_residual,6495878595587149629,1,6.0,0.09330733626456933,0.09330733626456933,0.9134497890819893,0.9134497890819893,,0.24305666742251875,0,6,1536,0.9766893768027057,0.21978077083899544,50,0.0,51,766
ct_w5_i4,5,evaluation,50,256,sampled_adam,4478326699392140188,0,,1.0098628085700216,1.0098628085700216,5.550586658947169e-18,0.9914936611944881,135505011.45518908,0.009302204957754726,1,199,50944,0.2401460334151054,0.9893788923750652,51,0.0,51,102
ct_w5_i4,5,evaluation,50,256,sampled_diagonal_fisher,4478326699392140188,0,,1.0000319410772036,1.0000319410772036,1.7759141984865284e-34,0.9999685666389438,116379020665.21088,4.145921766660026e-05,1,199,50944,0.29121606982953196,1.0231027792561327,51,0.0,51,51
ct_w5_i4,5,evaluation,50,256,sampled_two_block_fisher,4478326699392140188,1,13.0,0.01941336695127127,0.01941336695127127,0.9817587329842209,0.9817587329842209,,0.06097701113122661,0,13,3328,0.5123397219811889,0.8601716604740787,51,0.0,51,766
ct_w5_i4,5,evaluation,50,256,sampled_full_fisher,4478326699392140188,1,8.0,0.0870271070093569,0.0870271070093569,0.9226973154854702,0.9226973154854702,,0.29773408124362605,0,8,2048,1.0,4.790484510157192e-09,51,0.0,51,1326
ct_w5_i4,5,evaluation,50,256,ray_plus_residual,4478326699392140188,1,9.0,0.07998862665730044,0.07998862665730044,0.9228124392279956,0.9228124392279956,,0.24758008242717205,0,9,2304,0.9790543944260048,0.20795458730175653,51,0.0,51,766
ct_w5_i4,5,evaluation,101,256,sampled_adam,16664292885300364758,0,,1.0112268296203482,1.0112268296203482,4.105926401032484e-07,0.8945623727583204,,0.008435456499360472,0,199,50944,0.19211686652606336,0.9917542384477378,49,0.0,51,102
ct_w5_i4,5,evaluation,101,256,sampled_diagonal_fisher,16664292885300364758,0,,1.0000748927244878,1.0000748927244878,9.239217510721372e-12,0.9214782312944251,977075909972.5812,9.567718304549574e-05,1,199,50944,0.3801112902051054,1.1134529265262132,49,0.0,51,51
ct_w5_i4,5,evaluation,101,256,sampled_two_block_fisher,16664292885300364758,1,6.0,0.024528855921021275,0.024528855921021275,0.9774359402253517,0.9774359402253517,,0.05175965513477057,0,6,1536,0.4575492322827103,0.9431400022744165,49,0.0,51,766
ct_w5_i4,5,evaluation,101,256,sampled_full_fisher,16664292885300364758,1,7.0,0.08345365517589265,0.08345365517589265,0.9276996620086154,0.9276996620086154,,0.18011480390450632,0,7,1792,0.8558836472378633,0.5368730813928682,49,0.0,51,1326
ct_w5_i4,5,evaluation,101,256,ray_plus_residual,16664292885300364758,1,9.0,0.0374707227886546,0.0374707227886546,0.9633027471343415,0.9633027471343415,,0.08569060110181596,0,9,2304,0.9781397392240624,0.21259607859349808,49,0.0,51,766
ct_w5_i4,5,evaluation,0,1024,sampled_adam,10016674838062722863,1,35.0,0.09693251405709447,0.09693251405709447,0.9185656108673281,0.9185656108673281,,0.06562930655274192,0,35,35840,0.288175256552448,0.9869978257412367,51,0.0,51,102
ct_w5_i4,5,evaluation,0,1024,sampled_diagonal_fisher,10016674838062722863,1,2.0,0.05143425629467835,0.05143425629467835,0.9521540264721556,0.9521540264721556,,0.05166265867205468,0,2,2048,0.34783071468154314,1.1420764294200776,51,0.0,51,51
ct_w5_i4,5,evaluation,0,1024,sampled_two_block_fisher,10016674838062722863,1,3.0,0.029469896710894616,0.029469896710894616,0.9753142721847305,0.9753142721847305,,0.03260588336337302,0,3,3072,0.49869297865997303,0.8879666649055882,51,0.0,51,766
ct_w5_i4,5,evaluation,0,1024,sampled_full_fisher,10016674838062722863,1,6.0,0.05011473550355028,0.05011473550355028,0.9542433160133991,0.9542433160133991,,0.09992119716478104,0,6,6144,0.9999999999999998,5.033994416418474e-09,51,0.0,51,1326
ct_w5_i4,5,evaluation,0,1024,ray_plus_residual,10016674838062722863,1,6.0,0.07853967845742815,0.07853967845742815,0.9257171182662142,0.9257171182662142,,0.1260126384711308,0,6,6144,0.978875276251478,0.20887062721876698,51,0.0,51,766
ct_w5_i4,5,evaluation,19,1024,sampled_adam,763933896682705978,0,,1.010585346480637,1.010585346480637,1.2136906962451286e-12,0.9903354636475215,482945869.24640226,0.00863642122646411,1,199,203776,0.28817527910209756,0.9869978248780353,51,0.0,51,102
ct_w5_i4,5,evaluation,19,1024,sampled_diagonal_fisher,763933896682705978,0,,1.0000060073817085,1.0000060073817085,5.5939172562556935e-24,0.9969396485338655,932730745447.1304,7.20026799402743e-06,1,199,203776,0.36135795475811244,1.061242708234645,51,0.0,51,51
ct_w5_i4,5,evaluation,19,1024,sampled_two_block_fisher,763933896682705978,0,,1.0000710608859684,1.0000710608859684,4.902129132359114e-16,0.7663925412776541,,0.00011825294805634441,0,199,203776,0.5710654755492675,0.8230479083406467,51,0.0,51,766
ct_w5_i4,5,evaluation,19,1024,sampled_full_fisher,763933896682705978,1,11.0,0.050682194479417575,0.050682194479417575,0.9544660308156083,0.9544660308156083,,0.16383537190998063,0,11,11264,0.9999999999999998,1.862688600951703e-09,51,0.0,51,1326
ct_w5_i4,5,evaluation,19,1024,ray_plus_residual,763933896682705978,1,11.0,0.05735941523620269,0.05735941523620269,0.9431146442088127,0.9431146442088127,,0.2004399871059108,0,11,11264,0.9788515345444727,0.20899178250111664,51,0.0,51,766
ct_w5_i4,5,evaluation,42,1024,sampled_adam,16827046889676446121,0,,2.0089335422319508,2.0089335422319508,3.749396483171226e-14,0.9917499035959825,636855659.7538551,0.011836996864144422,1,199,203776,0.3121899364383649,0.9858051349273705,51,0.0,51,102
ct_w5_i4,5,evaluation,42,1024,sampled_diagonal_fisher,16827046889676446121,0,,1.0000299589290034,1.0000299589290034,3.6628826195580234e-29,0.9999791087743353,868874417786.243,6.124156339604308e-05,1,199,203776,0.3237242449976684,0.9548302728666932,51,0.0,51,51
ct_w5_i4,5,evaluation,42,1024,sampled_two_block_fisher,16827046889676446121,1,5.0,0.044876622681073286,0.044876622681073286,0.9596474944524716,0.9596474944524716,,0.09636992066342207,0,5,5120,0.43978963068605753,0.9007420941914567,51,0.0,51,766
ct_w5_i4,5,evaluation,42,1024,sampled_full_fisher,16827046889676446121,1,8.0,0.08927741588259508,0.08927741588259508,0.9250407626258293,0.9250407626258293,,0.3983683049971422,0,8,8192,1.0,2.6112155410154043e-09,51,0.0,51,1326
ct_w5_i4,5,evaluation,42,1024,ray_plus_residual,16827046889676446121,1,6.0,0.09369008458076067,0.09369008458076067,0.9128415720687831,0.9128415720687831,,0.2522091018379047,0,6,6144,0.976486363052557,0.2207702923237007,51,0.0,51,766
ct_w5_i4,5,evaluation,50,1024,sampled_adam,17351289988572160708,0,,1.0098497867734668,1.0098497867734668,8.95562476898508e-18,0.9916226174120346,98242709.73472406,0.009166549740412352,1,199,203776,0.1681024055733712,0.9929397759024831,51,0.0,51,102
ct_w5_i4,5,evaluation,50,1024,sampled_diagonal_fisher,17351289988572160708,0,,1.0000497280555933,1.0000497280555933,1.9013140889142967e-33,0.9999607891051208,639812022910.9858,7.010271589665271e-05,1,199,203776,0.3238186060075307,1.0293946148831006,51,0.0,51,51
ct_w5_i4,5,evaluation,50,1024,sampled_two_block_fisher,17351289988572160708,0,,1.000047798271508,1.0000478313328678,1.3502082142667907e-11,0.9377531282168968,869214113154.2227,8.011243409284314e-05,1,199,203776,0.5858436140079535,0.8106199512530305,51,0.0,51,766
ct_w5_i4,5,evaluation,50,1024,sampled_full_fisher,17351289988572160708,1,9.0,0.06911696544450585,0.06911696544450585,0.9361431861135937,0.9361431861135937,,0.261848318369433,0,9,9216,1.0000000000000002,6.8221175768206176e-09,51,0.0,51,1326
ct_w5_i4,5,evaluation,50,1024,ray_plus_residual,17351289988572160708,1,7.0,0.09800246275687918,0.09800246275687918,0.9056943312176537,0.9056943312176537,,0.29461195294100717,0,7,7168,0.9783635815523438,0.21146839164708342,51,0.0,51,766
ct_w5_i4,5,evaluation,101,1024,sampled_adam,13692390027625668064,0,,1.0106344830720033,1.0106344830720033,4.783041265671652e-07,0.5962157698245247,,0.00813956617103843,0,199,203776,0.24014606660109694,0.9893788904876714,50,0.0,51,102
ct_w5_i4,5,evaluation,101,1024,sampled_diagonal_fisher,13692390027625668064,0,,1.0000042562327653,1.0000042562327653,6.9683328754537596e-12,0.5293014308296946,,3.8009406676174346e-06,0,199,203776,0.35651903217367703,1.0532894322779323,50,0.0,51,51
ct_w5_i4,5,evaluation,101,1024,sampled_two_block_fisher,13692390027625668064,1,7.0,0.020974491181748434,0.020974491181748434,0.9811921022318798,0.9811921022318798,,0.04562819111071326,0,7,7168,0.476007856488069,0.902633076014845,50,0.0,51,766
ct_w5_i4,5,evaluation,101,1024,sampled_full_fisher,13692390027625668064,1,8.0,0.07232600849974169,0.07232600849974169,0.9342936828710589,0.9342936828710589,,0.17597511834637913,0,8,8192,0.9182250232946911,0.40441309747659976,50,0.0,51,1326
ct_w5_i4,5,evaluation,101,1024,ray_plus_residual,13692390027625668064,1,8.0,0.08866238431087581,0.08866238431087581,0.9131118096126929,0.9131118096126929,,0.21036958991071267,0,8,8192,0.9780809899460671,0.21289118754296502,50,0.0,51,766
ct_w5_i4,5,evaluation,0,4096,sampled_adam,12948242996987707594,1,35.0,0.09645365046181631,0.09645365046181631,0.9195313346752361,0.9195313346752361,,0.06573216133822121,0,35,143360,0.31218986416867545,0.9858051363627889,51,0.0,51,102
ct_w5_i4,5,evaluation,0,4096,sampled_diagonal_fisher,12948242996987707594,1,2.0,0.050185767784659774,0.050185767784659774,0.9524188320055754,0.9524188320055754,,0.04378992274524959,0,2,8192,0.34837876576541477,1.1346930302516147,51,0.0,51,51
ct_w5_i4,5,evaluation,0,4096,sampled_two_block_fisher,12948242996987707594,1,3.0,0.026464556318806842,0.026464556318806842,0.9764729490702582,0.9764729490702582,,0.0290853833345145,0,3,12288,0.49846568025095994,0.8872197631966173,51,0.0,51,766
ct_w5_i4,5,evaluation,0,4096,sampled_full_fisher,12948242996987707594,1,6.0,0.06629141107394432,0.06629141107394432,0.9376713136921673,0.9376713136921673,,0.12490030865931265,0,6,24576,1.0,4.6685352310123365e-09,51,0.0,51,1326
ct_w5_i4,5,evaluation,0,4096,ray_plus_residual,12948242996987707594,1,5.0,0.08781853744327606,0.08781853744327606,0.9177548795184699,0.9177548795184699,,0.13352990171071766,0,5,20480,0.9786705932473633,0.20991312732167802,51,0.0,51,766
ct_w5_i4,5,evaluation,19,4096,sampled_adam,4417277876615333321,0,,1.0099388869880475,1.0099388869880475,7.39672593019398e-13,0.9911279906673183,602526763.315679,0.00814224242054691,1,199,815104,0.24014609426433622,0.9893788891858629,51,0.0,51,102
ct_w5_i4,5,evaluation,19,4096,sampled_diagonal_fisher,4417277876615333321,0,,1.0000044609272898,1.0000044609272898,1.3033453922539483e-23,0.9988986145847535,730268178247.8339,4.851388881153597e-06,1,199,815104,0.3598154776567462,1.0148997927180667,51,0.0,51,51
ct_w5_i4,5,evaluation,19,4096,sampled_two_block_fisher,4417277876615333321,0,,1.0000406526588623,1.0000406526588623,4.132826256632414e-15,0.8157359938771888,,7.70295988546283e-05,0,199,815104,0.5937776361215501,0.8051821639918362,51,0.0,51,766
ct_w5_i4,5,evaluation,19,4096,sampled_full_fisher,4417277876615333321,1,11.0,0.06463659668748711,0.06463659668748711,0.9363178447157683,0.9363178447157683,,0.23643388524416364,0,11,45056,1.0,2.118278447547787e-09,51,0.0,51,1326
ct_w5_i4,5,evaluation,19,4096,ray_plus_residual,4417277876615333321,1,11.0,0.05859230801153714,0.05859230801153714,0.9418368121749285,0.9418368121749285,,0.20721404219377063,0,11,45056,0.9783126233849234,0.21172557178779483,51,0.0,51,766
ct_w5_i4,5,evaluation,42,4096,sampled_adam,3073765104972793261,0,,1.0102518303715886,1.0102518303715886,2.4599616852749642e-17,0.990811731896842,5459049133.8542385,0.012973294591355608,1,199,815104,0.28817535287567847,0.9869978229724138,51,0.0,51,102
ct_w5_i4,5,evaluation,42,4096,sampled_diagonal_fisher,3073765104972793261,0,,2.0000022705047424,2.0000022705047424,1.4518417344961866e-32,0.8696236442095361,,3.834612544935299e-06,0,199,815104,0.3887357727278688,0.921398769002093,51,0.0,51,51
ct_w5_i4,5,evaluation,42,4096,sampled_two_block_fisher,3073765104972793261,1,6.0,0.04661243427480777,0.04661243427480777,0.957679849821157,0.957679849821157,,0.14473612670247468,0,6,24576,0.5795799935074143,0.8201498322737231,51,0.0,51,766
ct_w5_i4,5,evaluation,42,4096,sampled_full_fisher,3073765104972793261,1,9.0,0.059633688049656186,0.059633688049656186,0.943238487818694,0.943238487818694,,0.2500675649750018,0,9,36864,1.0,1.3415982951235313e-09,51,0.0,51,1326
ct_w5_i4,5,evaluation,42,4096,ray_plus_residual,3073765104972793261,1,6.0,0.06254619702679243,0.06254619702679243,0.9407480975583955,0.9407480975583955,,0.1602070100291237,0,6,24576,0.9760804667825256,0.22273734619837518,51,0.0,51,766
ct_w5_i4,5,evaluation,50,4096,sampled_adam,1064775744926141714,0,,1.009299687722553,1.009299687722553,6.756174088626999e-19,0.991990183649351,165566024.97838622,0.008906897874190745,1,199,815104,0.19211685082988592,0.9917542401650906,51,0.0,51,102
ct_w5_i4,5,evaluation,50,4096,sampled_diagonal_fisher,1064775744926141714,0,,1.0000048770046934,1.0000048770046934,1.983501553029364e-39,0.9999968809246074,184005042472.87604,8.038859317993219e-06,1,199,815104,0.3196180738495731,1.0227597660247711,51,0.0,51,51
ct_w5_i4,5,evaluation,50,4096,sampled_two_block_fisher,1064775744926141714,0,,1.0000128891946467,1.0000128891946467,2.1982714042982753e-12,0.9498899900772821,573554662335.9376,2.62108594695971e-05,1,199,815104,0.55519554249863,0.832064281504333,51,0.0,51,766
ct_w5_i4,5,evaluation,50,4096,sampled_full_fisher,1064775744926141714,1,10.0,0.049194221657607784,0.049194221657607784,0.9534349982943958,0.9534349982943958,,0.1933014498617947,0,10,40960,1.0,3.332407984882223e-09,51,0.0,51,1326
ct_w5_i4,5,evaluation,50,4096,ray_plus_residual,1064775744926141714,1,6.0,0.08466189176162509,0.08466189176162509,0.9201210430198637,0.9201210430198637,,0.23457068877408152,0,6,24576,0.978277523644094,0.21190255803296104,51,0.0,51,766
ct_w5_i4,5,evaluation,101,4096,sampled_adam,14773425493631630595,0,,1.0103449704330565,1.0103449704330565,8.529506095327289e-07,0.9403998125561788,46270470138.118805,0.00802258919675055,1,199,815104,0.2641606553390636,0.9881890755491131,51,0.0,51,102
ct_w5_i4,5,evaluation,101,4096,sampled_diagonal_fisher,14773425493631630595,0,,1.0000029127080374,1.0000029127080374,1.6134783813327133e-13,0.5066882315284149,,2.3448509641778182e-06,0,199,815104,0.33890755367976255,1.0985426430828653,51,0.0,51,51
ct_w5_i4,5,evaluation,101,4096,sampled_two_block_fisher,14773425493631630595,1,7.0,0.01911095869088264,0.01911095869088264,0.9830375268791901,0.9830375268791901,,0.03869515391238699,0,7,28672,0.4264339149481718,0.938468644544917,51,0.0,51,766
ct_w5_i4,5,evaluation,101,4096,sampled_full_fisher,14773425493631630595,1,9.0,0.04685933422815047,0.04685933422815047,0.9543781989855019,0.9543781989855019,,0.12049693419990613,0,9,36864,1.0000000000000002,8.159763767099693e-09,51,0.0,51,1326
ct_w5_i4,5,evaluation,101,4096,ray_plus_residual,14773425493631630595,1,8.0,0.05556771563607832,0.05556771563607832,0.9452715503711041,0.9452715503711041,,0.13498915003299675,0,8,32768,0.9777074113887095,0.21475949002947714,51,0.0,51,766
ct_w5_i5,5,evaluation,0,0,analytic_target_cooling,0,1,8.0,0.06563518624669129,0.06563518624669129,0.9365593231410643,0.9365593231410643,,0.12005017257551835,0,0,0,1.0,0.0,-1,0.0,49,49
ct_w5_i5,5,evaluation,19,0,analytic_target_cooling,0,1,10.0,0.0781570141379575,0.0781570141379575,0.9237649051452892,0.9237649051452892,,0.4007550448336303,0,0,0,1.0,0.0,-1,0.0,49,49
ct_w5_i5,5,evaluation,42,0,analytic_target_cooling,0,1,10.0,0.09518612635531731,0.09518612635531731,0.9061731760796142,0.9061731760796142,,0.3507825617636861,0,0,0,1.0,0.0,-1,0.0,49,49
ct_w5_i5,5,evaluation,50,0,analytic_target_cooling,0,1,8.0,0.09263871107659227,0.09263871107659227,0.9108467613709113,0.9108467613709113,,0.19231549831231762,0,0,0,1.0,0.0,-1,0.0,49,49
ct_w5_i5,5,evaluation,101,0,analytic_target_cooling,0,1,14.0,0.0870221746146509,0.0870221746146509,0.9131072947669222,0.9131072947669222,,0.33600444127529183,0,0,0,1.0,0.0,-1,0.0,49,49
ct_w5_i5,5,evaluation,0,64,sampled_adam,121102476076720758,1,34.0,0.09911336744556642,0.09911336744556642,0.9250846014983621,0.9250846014983621,,0.07493771718368981,0,34,2176,0.19599838043919393,0.9917067885746388,43,0.0,49,98
ct_w5_i5,5,evaluation,0,64,sampled_diagonal_fisher,121102476076720758,1,2.0,0.04198523840418211,0.04198523840418211,0.9608647115353052,0.9608647115353052,,0.042629924625921085,0,2,128,0.2768483371225954,1.2026235178786455,43,0.0,49,49
ct_w5_i5,5,evaluation,0,64,sampled_two_block_fisher,121102476076720758,1,3.0,0.06440451060839969,0.06440451060839969,0.9603430144370312,0.9603430144370312,,0.06400204640577874,0,3,192,0.3506838553246262,0.9973013953895864,43,0.0,49,697
ct_w5_i5,5,evaluation,0,64,sampled_full_fisher,121102476076720758,1,6.0,0.046772092596043535,0.046772092596043535,0.9660045576959471,0.9660045576959471,,0.04586387816833394,0,6,384,0.7576851541564285,0.6961534972167728,43,0.0,49,1225
ct_w5_i5,5,evaluation,0,64,ray_plus_residual,121102476076720758,1,8.0,0.03496566535841872,0.03496566535841872,0.9665657957855156,0.9665657957855156,,0.05977366757206055,0,8,512,0.9792840406987655,0.20677494267666524,43,0.0,49,697
ct_w5_i5,5,evaluation,19,64,sampled_adam,10707369829705407124,0,,1.0133350770278255,1.0133350770278255,4.400720402992581e-11,0.9786666428083063,9813874.571472047,0.018935805408636885,1,199,12736,0.3589282778349748,0.9839416661374354,45,0.0,49,98
ct_w5_i5,5,evaluation,19,64,sampled_diagonal_fisher,10707369829705407124,0,,1.0001126697818474,1.0001126697818474,2.31272896255681e-17,0.999922213215382,1867728198.2524917,0.0002019295632564835,1,199,12736,0.2729770239072875,1.0375904734628005,45,0.0,49,49
ct_w5_i5,5,evaluation,19,64,sampled_two_block_fisher,10707369829705407124,0,,1.0006091889154334,1.0006091889154334,3.796463403477863e-24,0.657481855213337,,0.0012726393812933624,0,199,12736,0.4408323283818712,1.0282735396810236,45,0.0,49,697
ct_w5_i5,5,evaluation,19,64,sampled_full_fisher,10707369829705407124,1,7.0,0.06717554669144654,0.06717554669144654,0.957163671069419,0.957163671069419,,0.18190087323156603,0,7,448,0.7586332080920541,0.6947903164379103,45,0.0,49,1225
ct_w5_i5,5,evaluation,19,64,ray_plus_residual,10707369829705407124,1,6.0,0.07995745633051499,0.07995745633051499,0.9297147516779138,0.9297147516779138,,0.29017089449638356,0,6,384,0.9779702186085911,0.21344664761814988,45,0.0,49,697
ct_w5_i5,5,evaluation,42,64,sampled_adam,8488823436568453787,0,,1.0111225944410265,1.0111225944410265,1.9077173449984335e-09,0.8640377464107357,,0.009720843218467367,0,199,12736,0.3184974084927794,0.9857573977183145,46,0.0,49,98
ct_w5_i5,5,evaluation,42,64,sampled_diagonal_fisher,8488823436568453787,0,,1.0000300896335546,1.0000300896335546,8.895568434111629e-26,0.8601923372532118,,3.922144400449055e-05,0,199,12736,0.2954231381096278,1.1870778086464024,46,0.0,49,49
ct_w5_i5,5,evaluation,42,64,sampled_two_block_fisher,8488823436568453787,1,4.0,0.08997728365556057,0.08997728365556057,0.9340594866780388,0.9340594866780388,,0.20861292920480806,0,4,256,0.4839522138220554,1.0057286437825301,46,0.0,49,697
ct_w5_i5,5,evaluation,42,64,sampled_full_fisher,8488823436568453787,1,7.0,0.09344224912237742,0.09344224912237742,0.93968165186473,0.93968165186473,,0.2032295200513447,0,7,448,0.7459037595056635,0.712876203129739,46,0.0,49,1225
ct_w5_i5,5,evaluation,42,64,ray_plus_residual,8488823436568453787,1,8.0,0.08586032001256605,0.08586032001256605,0.9174605310010375,0.9174605310010375,,0.28259268543899846,0,8,512,0.9785657292814072,0.2104454764196815,46,0.0,49,697
ct_w5_i5,5,evaluation,50,64,sampled_adam,5110532538049787666,1,34.0,0.09603550757124601,0.09603550757124601,0.9313899731619801,0.9313899731619801,,0.08032083919693386,0,34,2176,0.17149860595930147,0.9928923873541596,40,0.0,49,98
ct_w5_i5,5,evaluation,50,64,sampled_diagonal_fisher,5110532538049787666,1,2.0,0.041662973515324,0.041662973515324,0.9621921938051942,0.9621921938051942,,0.04125947002784398,0,2,128,0.3175126266857228,1.1683213370595242,40,0.0,49,49
ct_w5_i5,5,evaluation,50,64,sampled_two_block_fisher,5110532538049787666,1,4.0,0.03457543308712907,0.03457543308712907,0.9748910069983818,0.9748910069983818,,0.035017470433654954,0,4,256,0.388006649948392,1.0309243886191126,40,0.0,49,697
ct_w5_i5,5,evaluation,50,64,sampled_full_fisher,5110532538049787666,1,6.0,0.08786935175447397,0.08786935175447397,0.9309777244815938,0.9309777244815938,,0.11782886460884406,0,6,384,0.6399136557787195,0.8486298889637112,40,0.0,49,1225
ct_w5_i5,5,evaluation,50,64,ray_plus_residual,5110532538049787666,1,9.0,0.028573744339391638,0.028573744339391638,0.9721418171264576,0.9721418171264576,,0.06487966512580451,0,9,576,0.9813320150962942,0.19597983220491555,40,0.0,49,697
ct_w5_i5,5,evaluation,101,64,sampled_adam,10177844650690113126,0,,1.0097807289113003,1.0097807289113003,1.803581296637385e-13,0.9936916553170814,535429.6433702401,0.007161782364611541,0,199,12736,0.293997406050547,0.9869501563700335,37,0.0,49,98
ct_w5_i5,5,evaluation,101,64,sampled_diagonal_fisher,10177844650690113126,0,,1.000037606241083,1.000037606241083,1.8250582451202325e-28,0.9999740843666141,14173971361.05529,3.337221226890806e-05,1,199,12736,0.2731524144611477,1.2056928178759732,37,0.0,49,49
ct_w5_i5,5,evaluation,101,64,sampled_two_block_fisher,10177844650690113126,0,,1.0002729850888414,1.0002729850888414,3.2711062983522647e-19,0.6603303965046023,,0.00024213257314013322,0,199,12736,0.33577376961362737,1.1459421724553536,37,0.0,49,697
ct_w5_i5,5,evaluation,101,64,sampled_full_fisher,10177844650690113126,1,9.0,0.05172348184465925,0.05172348184465925,0.9639613112296239,0.9639613112296239,,0.11452524042264577,0,9,576,0.6080845939701649,0.8853422005415027,37,0.0,49,1225
ct_w5_i5,5,evaluation,101,64,ray_plus_residual,10177844650690113126,1,11.0,0.09064416754280558,0.09064416754280558,0.9106395507044241,0.9106395507044241,,0.28440431263629645,0,11,704,0.9780472396963369,0.21306056070939325,37,0.0,49,697
ct_w5_i5,5,evaluation,0,256,sampled_adam,7506899177931537271,1,31.0,0.09955537469742914,0.09955537469742914,0.9237696459226321,0.9237696459226321,,0.07896996504851865,0,31,7936,0.31849736983687305,0.9857573994237842,47,0.0,49,98
ct_w5_i5,5,evaluation,0,256,sampled_diagonal_fisher,7506899177931537271,1,3.0,0.021461031095928007,0.021461031095928007,0.9792790456285326,0.9792790456285326,,0.031021025509872027,0,3,768,0.3170572507760185,1.156406712280554,47,0.0,49,49
ct_w5_i5,5,evaluation,0,256,sampled_two_block_fisher,7506899177931537271,1,3.0,0.04754157547101023,0.04754157547101023,0.9633980230267717,0.9633980230267717,,0.056707274502974886,0,3,768,0.45464387257929056,0.9299018511041989,47,0.0,49,697
ct_w5_i5,5,evaluation,0,256,sampled_full_fisher,7506899177931537271,1,6.0,0.05205251695924851,0.05205251695924851,0.9616423273187308,0.9616423273187308,,0.08881719598255124,0,6,1536,0.8445324734043326,0.5576155065915355,47,0.0,49,1225
ct_w5_i5,5,evaluation,0,256,ray_plus_residual,7506899177931537271,1,6.0,0.07505012660664967,0.07505012660664967,0.9310527441745325,0.9310527441745325,,0.1307817128384055,0,6,1536,0.9787020654235361,0.20975312652119038,47,0.0,49,697
ct_w5_i5,5,evaluation,19,256,sampled_adam,8944293021855193092,1,36.0,0.09929778643872922,0.09929778643872922,0.9217100253190246,0.9217100253190246,,0.1488672891194855,0,36,9216,0.41649654449357104,0.9809719119991716,49,0.0,49,98
ct_w5_i5,5,evaluation,19,256,sampled_diagonal_fisher,8944293021855193092,1,3.0,0.055057373856650216,0.055057373856650216,0.9464366402556998,0.9464366402556998,,0.1368294763504626,0,3,768,0.3680571852176762,0.9311339402144387,49,0.0,49,49
ct_w5_i5,5,evaluation,19,256,sampled_two_block_fisher,8944293021855193092,1,4.0,0.05608308379283322,0.05608308379283322,0.9697954788488645,0.9697954788488645,,0.14640621849125987,0,4,1024,0.7207450704985635,0.7125671465154653,49,0.0,49,697
ct_w5_i5,5,evaluation,19,256,sampled_full_fisher,8944293021855193092,1,9.0,0.05454754442486376,0.05454754442486376,0.9591984423423179,0.9591984423423179,,0.2548867656815374,0,9,2304,1.0,2.0570271648630883e-09,49,0.0,49,1225
ct_w5_i5,5,evaluation,19,256,ray_plus_residual,8944293021855193092,1,5.0,0.08454176879066466,0.08454176879066466,0.9270410127967973,0.9270410127967973,,0.27691518261064646,0,5,1280,0.9776669501615974,0.21496099382336592,49,0.0,49,697
ct_w5_i5,5,evaluation,42,256,sampled_adam,8323003002388879696,0,,1.0087305548164487,1.0087305548164487,2.459473472311461e-10,0.9773050979145024,19744106.27592729,0.00779515594820199,1,199,50944,0.14699898391580335,0.9940765657372916,48,0.0,49,98
ct_w5_i5,5,evaluation,42,256,sampled_diagonal_fisher,8323003002388879696,0,,1.0000441454825708,1.0000441454825708,6.484062976245226e-22,0.926122615279437,115311096151.63464,5.988590628385852e-05,1,199,50944,0.3471814195273899,0.975066761883408,48,0.0,49,49
ct_w5_i5,5,evaluation,42,256,sampled_two_block_fisher,8323003002388879696,1,4.0,0.06819065769401789,0.06819065769401789,0.9441639041706851,0.9441639041706851,,0.10525894653193152,0,4,1024,0.5733390972771882,0.8240583690491002,48,0.0,49,697
ct_w5_i5,5,evaluation,42,256,sampled_full_fisher,8323003002388879696,1,8.0,0.06294208738651541,0.06294208738651541,0.9482008599775192,0.9482008599775192,,0.17389878092104866,0,8,2048,0.9182250069540786,0.40441313788234257,48,0.0,49,1225
ct_w5_i5,5,evaluation,42,256,ray_plus_residual,8323003002388879696,1,6.0,0.09038881738912252,0.09038881738912252,0.9141406234197568,0.9141406234197568,,0.2678841443216324,0,6,1536,0.9776220770553536,0.21518427806516233,48,0.0,49,697
ct_w5_i5,5,evaluation,50,256,sampled_adam,10124276355033248550,1,31.0,0.09447127777378661,0.09447127777378661,0.9334529357155819,0.9334529357155819,,0.08055686459054993,0,31,7936,0.2694977754536865,0.9881414528230039,49,0.0,49,98
ct_w5_i5,5,evaluation,50,256,sampled_diagonal_fisher,10124276355033248550,1,3.0,0.009405676595397594,0.009405676595397594,0.9910259464332064,0.9910259464332064,,0.011581079503082741,0,3,768,0.34764994717443815,1.0362034768816062,49,0.0,49,49
ct_w5_i5,5,evaluation,50,256,sampled_two_block_fisher,10124276355033248550,1,3.0,0.04479284195284272,0.04479284195284272,0.9627345350022071,0.9627345350022071,,0.05910458739543285,0,3,768,0.4920562215660126,0.8815752993245959,49,0.0,49,697
ct_w5_i5,5,evaluation,50,256,sampled_full_fisher,10124276355033248550,1,7.0,0.04798101734835569,0.04798101734835569,0.9610092070626514,0.9610092070626514,,0.08204608787387918,0,7,1792,1.0,2.9017490218032872e-09,49,0.0,49,1225
ct_w5_i5,5,evaluation,50,256,ray_plus_residual,10124276355033248550,1,6.0,0.07291806321638106,0.07291806321638106,0.9320578730801934,0.9320578730801934,,0.13799562387465775,0,6,1536,0.9795735060079493,0.20527955670569167,49,0.0,49,697
ct_w5_i5,5,evaluation,101,256,sampled_adam,16216942943429105610,0,,1.0075670566419976,1.0075670566419976,1.7355707674287715e-13,0.9954646525549683,383051.95700836653,0.0054236908114795625,0,199,50944,0.24499798666120445,0.98933132511275,47,0.0,49,98
ct_w5_i5,5,evaluation,101,256,sampled_diagonal_fisher,16216942943429105610,0,,1.0000055463644024,1.0000055463644024,3.497934880996713e-31,0.9999960269285404,121270109596.49126,5.028067487695185e-06,1,199,50944,0.3166138575851849,1.1690903664087005,47,0.0,49,49
ct_w5_i5,5,evaluation,101,256,sampled_two_block_fisher,16216942943429105610,0,,1.000138466749105,1.000138466749105,1.9330318233568752e-20,0.6027362784731845,,0.00014391672012990092,0,199,50944,0.4772496933395732,0.9290364730384763,47,0.0,49,697
ct_w5_i5,5,evaluation,101,256,sampled_full_fisher,16216942943429105610,1,10.0,0.056903517999273845,0.056903517999273845,0.9533629817399113,0.9533629817399113,,0.1552858185186038,0,10,2560,0.8028746885746103,0.627893799022398,47,0.0,49,1225
ct_w5_i5,5,evaluation,101,256,ray_plus_residual,16216942943429105610,1,9.0,0.08604980497407766,0.08604980497407766,0.9153518764547677,0.9153518764547677,,0.2720905404765705,0,9,2304,0.9777974455260712,0.21431051484222577,47,0.0,49,697
ct_w5_i5,5,evaluation,0,1024,sampled_adam,13208740957764279159,1,28.0,0.09911807655587879,0.09911807655587879,0.9269897716637872,0.9269897716637872,,0.07497167988074478,0,28,28672,0.3184972924272165,0.985757404822357,49,0.0,49,98
ct_w5_i5,5,evaluation,0,1024,sampled_diagonal_fisher,13208740957764279159,1,3.0,0.012479059340442689,0.012479059340442689,0.987888746006816,0.987888746006816,,0.014904542141003257,0,3,3072,0.32889693225354916,1.0493620714690417,49,0.0,49,49
ct_w5_i5,5,evaluation,0,1024,sampled_two_block_fisher,13208740957764279159,1,3.0,0.0469860850021675,0.0469860850021675,0.9581673416860113,0.9581673416860113,,0.051053443758416715,0,3,3072,0.4673383675602764,0.8920652938991371,49,0.0,49,697
ct_w5_i5,5,evaluation,0,1024,sampled_full_fisher,13208740957764279159,1,6.0,0.0876832688629694,0.0876832688629694,0.9233383100487406,0.9233383100487406,,0.1694658066714268,0,6,6144,1.0,8.596325694115812e-10,49,0.0,49,1225
ct_w5_i5,5,evaluation,0,1024,ray_plus_residual,13208740957764279159,1,5.0,0.07381498272071241,0.07381498272071241,0.9318757778275069,0.9318757778275069,,0.10452443281910982,0,5,5120,0.9786366408586495,0.21008561787714003,49,0.0,49,697
ct_w5_i5,5,evaluation,19,1024,sampled_adam,15181183372368316101,0,,1.009071649489515,1.009071649489515,5.343882873090594e-13,0.9897551180999566,15435087.06866711,0.01350898414101963,1,199,203776,0.36749699059186075,0.9833675652178948,49,0.0,49,98
ct_w5_i5,5,evaluation,19,1024,sampled_diagonal_fisher,15181183372368316101,1,4.0,0.01292246097805716,0.01292246097805716,0.9874971844458411,0.9874971844458411,,0.03218290004078932,0,4,4096,0.4308374356019848,0.902585375931773,49,0.0,49,49
ct_w5_i5,5,evaluation,19,1024,sampled_two_block_fisher,15181183372368316101,1,4.0,0.0939825720020675,0.0939825720020675,0.9268189389702652,0.9268189389702652,,0.27604539732845607,0,4,4096,0.7684245118647578,0.6651216030928018,49,0.0,49,697
ct_w5_i5,5,evaluation,19,1024,sampled_full_fisher,15181183372368316101,1,9.0,0.05281920658982564,0.05281920658982564,0.9579872036534879,0.9579872036534879,,0.2836720808785397,0,9,9216,0.9999999999999998,8.379511210603395e-10,49,0.0,49,1225
ct_w5_i5,5,evaluation,19,1024,ray_plus_residual,15181183372368316101,1,5.0,0.07278918934633616,0.07278918934633616,0.9361302525756887,0.9361302525756887,,0.23301840669994525,0,5,5120,0.9767638194826966,0.2194169623211244,49,0.0,49,697
ct_w5_i5,5,evaluation,42,1024,sampled_adam,11857710947490533928,0,,1.007229573386244,1.007229573386244,7.398467759910261e-11,0.9650051094665905,53745471.258688234,0.006398914363098842,1,199,203776,0.2694979020136384,0.988141448442171,49,0.0,49,98
ct_w5_i5,5,evaluation,42,1024,sampled_diagonal_fisher,11857710947490533928,0,,1.0000092688120645,1.0000092688120645,7.405651462627586e-22,0.7757628712620076,,1.0967480416461802e-05,0,199,203776,0.3664603308696122,0.9714233496864404,49,0.0,49,49
ct_w5_i5,5,evaluation,42,1024,sampled_two_block_fisher,11857710947490533928,1,5.0,0.09362159099823764,0.09362159099823764,0.9147470719487752,0.9147470719487752,,0.32420920987714996,0,5,5120,0.6016158936457885,0.7991656232494293,49,0.0,49,697
ct_w5_i5,5,evaluation,42,1024,sampled_full_fisher,11857710947490533928,1,8.0,0.07701042911819478,0.07701042911819478,0.9323801216452217,0.9323801216452217,,0.2702373489704015,0,8,8192,1.0,3.4448346772738267e-09,49,0.0,49,1225
ct_w5_i5,5,evaluation,42,1024,ray_plus_residual,11857710947490533928,1,6.0,0.06185341967707103,0.06185341967707103,0.9406285855604194,0.9406285855604194,,0.1937168149314257,0,6,6144,0.9779583730798695,0.2135059723473074,49,0.0,49,697
ct_w5_i5,5,evaluation,50,1024,sampled_adam,15207681127519151559,1,29.0,0.09395626702593596,0.09395626702593596,0.9347905553915298,0.9347905553915298,,0.08086371404944445,0,29,29696,0.26949776404330045,0.988141453703423,49,0.0,49,98
ct_w5_i5,5,evaluation,50,1024,sampled_diagonal_fisher,15207681127519151559,1,3.0,0.006206073689538627,0.006206073689538627,0.9940417087849466,0.9940417087849466,,0.009215509355716394,0,3,3072,0.334871093054243,1.0303857316498743,49,0.0,49,49
ct_w5_i5,5,evaluation,50,1024,sampled_two_block_fisher,15207681127519151559,1,3.0,0.04867364751470227,0.04867364751470227,0.9566310384430189,0.9566310384430189,,0.07968203264474781,0,3,3072,0.5004302215836861,0.8698148442360122,49,0.0,49,697
ct_w5_i5,5,evaluation,50,1024,sampled_full_fisher,15207681127519151559,1,7.0,0.05085315872901752,0.05085315872901752,0.9545517797860561,0.9545517797860561,,0.10802552957777936,0,7,7168,1.0000000000000002,4.218189665581791e-09,49,0.0,49,1225
ct_w5_i5,5,evaluation,50,1024,ray_plus_residual,15207681127519151559,1,5.0,0.07091465046659629,0.07091465046659629,0.9343839337100477,0.9343839337100477,,0.12231343790618518,0,5,5120,0.9789312176452424,0.20858491175656363,49,0.0,49,697
ct_w5_i5,5,evaluation,101,1024,sampled_adam,3510241811738533861,0,,1.0074642856612943,1.0074642856612943,7.617864991292115e-14,0.9955132176932905,601386.1079659633,0.005575729427741365,0,199,203776,0.2694977949959759,0.9881414520800648,49,0.0,49,98
ct_w5_i5,5,evaluation,101,1024,sampled_diagonal_fisher,3510241811738533861,0,,1.0000093646627395,1.0000093646627395,1.5003656333944824e-32,0.9999938475340462,704496783626.5645,9.349313532665567e-06,1,199,203776,0.3271726616499253,1.128907869831686,49,0.0,49,49
ct_w5_i5,5,evaluation,101,1024,sampled_two_block_fisher,3510241811738533861,0,,1.0000522324526298,1.0000522324526298,3.4192842834162643e-23,0.7631981455162595,,6.0739345830339276e-05,0,199,203776,0.6003670163048797,0.8019706034667924,49,0.0,49,697
ct_w5_i5,5,evaluation,101,1024,sampled_full_fisher,3510241811738533861,1,11.0,0.048693299095120324,0.048693299095120324,0.9554629493645715,0.9554629493645715,,0.1717508537335398,0,11,11264,1.0,1.4091930747898425e-09,49,0.0,49,1225
ct_w5_i5,5,evaluation,101,1024,ray_plus_residual,3510241811738533861,1,9.0,0.08134191283723347,0.08134191283723347,0.9195044894764381,0.9195044894764381,,0.277729954024905,0,9,9216,0.9773914841726477,0.21632853321673765,49,0.0,49,697
ct_w5_i5,5,evaluation,0,4096,sampled_adam,16157264163919956704,1,28.0,0.09924294577140635,0.09924294577140635,0.9263816281358085,0.9263816281358085,,0.07493527908974228,0,28,114688,0.1959982956768734,0.9917067949170908,49,0.0,49,98
ct_w5_i5,5,evaluation,0,4096,sampled_diagonal_fisher,16157264163919956704,1,2.0,0.08294618396281273,0.08294618396281273,0.9238178369099194,0.9238178369099194,,0.09108529655892708,0,2,8192,0.3318037766678185,1.0799184499558876,49,0.0,49,49
ct_w5_i5,5,evaluation,0,4096,sampled_two_block_fisher,16157264163919956704,1,3.0,0.03285242412618494,0.03285242412618494,0.9702361754074665,0.9702361754074665,,0.0337758252113658,0,3,12288,0.49362242284215296,0.876629905478869,49,0.0,49,697
ct_w5_i5,5,evaluation,0,4096,sampled_full_fisher,16157264163919956704,1,7.0,0.05440815445657954,0.05440815445657954,0.9515525851851564,0.9515525851851564,,0.10820206236504687,0,7,28672,1.0000000000000004,1.1017446212562465e-09,49,0.0,49,1225
ct_w5_i5,5,evaluation,0,4096,ray_plus_residual,16157264163919956704,1,4.0,0.07809880139387637,0.07809880139387637,0.9292578605158466,0.9292578605158466,,0.10415640813232392,0,4,16384,0.9784460849491214,0.21105142725047318,49,0.0,49,697
ct_w5_i5,5,evaluation,19,4096,sampled_adam,9545702189061738335,1,35.0,0.09607293475822232,0.09607293475822232,0.9240040498227943,0.9240040498227943,,0.145648689149085,0,35,143360,0.29399751491995346,0.9869501535461096,49,0.0,49,98
ct_w5_i5,5,evaluation,19,4096,sampled_diagonal_fisher,9545702189061738335,1,3.0,0.07081617691900632,0.07081617691900632,0.9331764677021083,0.9331764677021083,,0.13033790010555119,0,3,12288,0.4518062353654856,0.8952525139640681,49,0.0,49,49
ct_w5_i5,5,evaluation,19,4096,sampled_two_block_fisher,9545702189061738335,1,4.0,0.040956734096239344,0.040956734096239344,0.9658610290913897,0.9658610290913897,,0.089563609222858,0,4,16384,0.7678774515890517,0.6749775413538988,49,0.0,49,697
ct_w5_i5,5,evaluation,19,4096,sampled_full_fisher,9545702189061738335,1,9.0,0.07576277666695219,0.07576277666695219,0.9312096200645746,0.9312096200645746,,0.4040174611576905,0,9,36864,1.0,1.0224760478473331e-09,49,0.0,49,1225
ct_w5_i5,5,evaluation,19,4096,ray_plus_residual,9545702189061738335,1,5.0,0.03609034830576263,0.03609034830576263,0.9677195913242519,0.9677195913242519,,0.10168921877772166,0,5,20480,0.976970079039872,0.21840622318669584,49,0.0,49,697
ct_w5_i5,5,evaluation,42,4096,sampled_adam,3112490712277604993,0,,1.0072647747995944,1.0072647747995944,6.573621837864469e-11,0.9572663825384031,88529399.21548505,0.006462065040688983,1,199,815104,0.26949772653566617,0.9881414560231475,49,0.0,49,98
ct_w5_i5,5,evaluation,42,4096,sampled_diagonal_fisher,3112490712277604993,0,,1.0000044275240327,1.0000044275240327,1.790077989734263e-22,0.7396943725062185,,5.975636127786959e-06,0,199,815104,0.3554293230938014,0.9915901126757418,49,0.0,49,49
ct_w5_i5,5,evaluation,42,4096,sampled_two_block_fisher,3112490712277604993,1,5.0,0.020603214862829233,0.020603214862829233,0.9807054213484435,0.9807054213484435,,0.05736813561944078,0,5,20480,0.6083444982254348,0.7962651169042902,49,0.0,49,697
ct_w5_i5,5,evaluation,42,4096,sampled_full_fisher,3112490712277604993,1,9.0,0.06429740826898289,0.06429740826898289,0.9423333571696979,0.9423333571696979,,0.2325842234200148,0,9,36864,1.0,2.281493268615889e-09,49,0.0,49,1225
ct_w5_i5,5,evaluation,42,4096,ray_plus_residual,3112490712277604993,1,5.0,0.09915425476636663,0.09915425476636663,0.9066137565487091,0.9066137565487091,,0.2913359080667767,0,5,20480,0.977829299235629,0.21415147358656708,49,0.0,49,697
ct_w5_i5,5,evaluation,50,4096,sampled_adam,12502223433988018486,1,28.0,0.09871218235225321,0.09871218235225321,0.9323689688601882,0.9323689688601882,,0.08545715817509211,0,28,114688,0.2694977792736156,0.9881414527411638,49,0.0,49,98
ct_w5_i5,5,evaluation,50,4096,sampled_diagonal_fisher,12502223433988018486,1,2.0,0.05629076486994222,0.05629076486994222,0.9500010445925429,0.9500010445925429,,0.07066206295105126,0,2,8192,0.362478883544516,1.0206302169254406,49,0.0,49,49
ct_w5_i5,5,evaluation,50,4096,sampled_two_block_fisher,12502223433988018486,1,3.0,0.03142901514491747,0.03142901514491747,0.971680521861773,0.971680521861773,,0.042547232489230806,0,3,12288,0.548531799998934,0.8379931189321445,49,0.0,49,697
ct_w5_i5,5,evaluation,50,4096,sampled_full_fisher,12502223433988018486,1,7.0,0.08539082757376626,0.08539082757376626,0.9228100793739832,0.9228100793739832,,0.17864227587354098,0,7,28672,0.9999999999999998,1.6785306275038637e-09,49,0.0,49,1225
ct_w5_i5,5,evaluation,50,4096,ray_plus_residual,12502223433988018486,1,4.0,0.09390224914544731,0.09390224914544731,0.9149643755622826,0.9149643755622826,,0.15190435375377304,0,4,16384,0.9790865956077169,0.2077895303564392,49,0.0,49,697
ct_w5_i5,5,evaluation,101,4096,sampled_adam,9570553259198545337,0,,1.0074009349232043,1.0074009349232043,1.1281945688481267e-13,0.9955322895350683,664445.0960477678,0.005556129229582552,0,199,815104,0.29399761900925014,0.9869501439085826,49,0.0,49,98
ct_w5_i5,5,evaluation,101,4096,sampled_diagonal_fisher,9570553259198545337,0,,1.0000010178843954,1.0000010178843954,6.409464704664108e-36,0.9999994366386419,59257363038.82517,8.431961052507121e-07,1,199,815104,0.33060269649458807,1.1285737666326907,49,0.0,49,49
ct_w5_i5,5,evaluation,101,4096,sampled_two_block_fisher,9570553259198545337,0,,1.000030176258667,1.000030176258667,4.068238316997528e-26,0.7316199826405468,,4.637655961838549e-05,0,199,815104,0.5736395756899386,0.8229711715772938,49,0.0,49,697
ct_w5_i5,5,evaluation,101,4096,sampled_full_fisher,9570553259198545337,1,11.0,0.07895480782935671,0.07895480782935671,0.9239251201877173,0.9239251201877173,,0.2906109112668535,0,11,45056,1.0,1.9875977679096706e-09,49,0.0,49,1225
ct_w5_i5,5,evaluation,101,4096,ray_plus_residual,9570553259198545337,1,8.0,0.056503405052184874,0.056503405052184874,0.9443314411282097,0.9443314411282097,,0.1991238905034038,0,8,32768,0.9779495434154546,0.21355018371807863,49,0.0,49,697
ct_w6_i1,6,calibration,0,0,analytic_target_cooling,0,1,9.0,0.09402596277956121,0.09402596277956121,0.9079830988681832,0.9079830988681832,,0.5708947847922917,0,0,0,1.0,0.0,-1,0.0,52,52
ct_w6_i1,6,calibration,19,0,analytic_target_cooling,0,1,12.0,0.07244983139736583,0.07244983139736583,0.927765263027348,0.927765263027348,,0.28686477916720554,0,0,0,1.0,0.0,-1,0.0,52,52
ct_w6_i1,6,calibration,42,0,analytic_target_cooling,0,1,11.0,0.092666452945247,0.092666452945247,0.9078965182351625,0.9078965182351625,,0.43717284275844887,0,0,0,1.0,0.0,-1,0.0,52,52
ct_w6_i1,6,calibration,50,0,analytic_target_cooling,0,1,13.0,0.06895304573490435,0.06895304573490435,0.9313042523983509,0.9313042523983509,,0.24123226439969342,0,0,0,1.0,0.0,-1,0.0,52,52
ct_w6_i1,6,calibration,101,0,analytic_target_cooling,0,1,13.0,0.06833386855005585,0.06833386855005585,0.9318620463769395,0.9318620463769395,,0.3626299274516644,0,0,0,1.0,0.0,-1,0.0,52,52
ct_w6_i1,6,calibration,0,64,sampled_adam,1378002319053934848,0,,1.0100134629813358,1.0100134629813358,1.3809804390134385e-10,0.9825654435620436,9651886.531985996,0.01615323822354868,1,199,12736,0.13832384853942847,0.9942025453384024,48,0.0,52,104
ct_w6_i1,6,calibration,0,64,sampled_diagonal_fisher,1378002319053934848,0,,1.0004978567591891,1.0004978567591891,4.999935029966002e-18,0.6771085387327406,,0.001277599480142775,0,199,12736,0.3535948057679321,0.9821827723997117,48,0.0,52,52
ct_w6_i1,6,calibration,0,64,sampled_two_block_fisher,1378002319053934848,0,,1.0008622397748237,1.0008622397748237,4.903638127466563e-12,0.43433612842027836,,0.0016439255385058828,0,199,12736,0.49657438392728354,0.9282505532873625,48,0.0,52,802
ct_w6_i1,6,calibration,0,64,sampled_full_fisher,1378002319053934848,1,8.0,0.07544104078971259,0.07544104078971259,0.9466332316063971,0.9466332316063971,,0.2649098388764745,0,8,512,0.8874875197697472,0.4743679589311506,48,0.0,52,1378
ct_w6_i1,6,calibration,0,64,ray_plus_residual,1378002319053934848,1,7.0,0.04562228163675286,0.04562228163675286,0.9570078546654408,0.9570078546654408,,0.24649944191865866,0,7,448,0.9774261607038707,0.21615679557320686,48,0.0,52,802
ct_w6_i1,6,calibration,19,64,sampled_adam,18426258143377080489,0,,1.0098945837907678,1.0098945837907678,7.39285425852384e-09,0.9606008423105453,12751547.160572084,0.010146317075637819,1,199,12736,0.29888123577637377,0.9857566323037512,46,0.0,52,104
ct_w6_i1,6,calibration,19,64,sampled_diagonal_fisher,18426258143377080489,0,,1.0002649538390465,1.0002649538390465,7.206747655481443e-20,0.9388007552374259,393488261970.9017,0.0003654738745706994,1,199,12736,0.40689539762868077,1.0606085939442984,46,0.0,52,52
ct_w6_i1,6,calibration,19,64,sampled_two_block_fisher,18426258143377080489,0,,1.0006009469562578,1.0006009469562578,3.9462190137448915e-16,0.3324023936686931,,0.001154671109719709,0,199,12736,0.37815273283216727,1.1152105336373332,46,0.0,52,802
ct_w6_i1,6,calibration,19,64,sampled_full_fisher,18426258143377080489,1,9.0,0.05627476716936641,0.05627476716936641,0.9632001760599221,0.9632001760599221,,0.13292124879848807,0,9,576,0.7727782932588364,0.6741241825378519,46,0.0,52,1378
ct_w6_i1,6,calibration,19,64,ray_plus_residual,18426258143377080489,1,8.0,0.06952780115890533,0.06952780115890533,0.93219554189014,0.93219554189014,,0.26090406166151203,0,8,512,0.9805241448731327,0.20029958336304166,46,0.0,52,802
ct_w6_i1,6,calibration,42,64,sampled_adam,2619972463359620992,0,,1.009465822048135,1.009465822048135,5.054249376911949e-09,0.9946027013917611,1228336.2543838755,0.011107392520166504,1,199,12736,0.1743474255011813,0.9922798778148819,46,0.0,52,104
ct_w6_i1,6,calibration,42,64,sampled_diagonal_fisher,2619972463359620992,0,,1.0000644958524436,1.0000644958524436,1.2465809900579829e-21,0.9999721302396455,50418412347.00993,0.00016424296897674017,1,199,12736,0.2660802360642094,1.0500668080672901,46,0.0,52,52
ct_w6_i1,6,calibration,42,64,sampled_two_block_fisher,2619972463359620992,1,6.0,0.04745085149569839,0.04745085149569839,0.9576321671356539,0.9576321671356539,,0.22284321419951178,0,6,384,0.49668763601567695,0.9035545367924626,46,0.0,52,802
ct_w6_i1,6,calibration,42,64,sampled_full_fisher,2619972463359620992,1,9.0,0.06496378281601345,0.06496378281601345,0.95356851186437,0.95356851186437,,0.16794623133869943,0,9,576,0.7888018157475689,0.6499202785764282,46,0.0,52,1378
ct_w6_i1,6,calibration,42,64,ray_plus_residual,2619972463359620992,1,6.0,0.08233174471244809,0.08233174471244809,0.9242838075349821,0.9242838075349821,,0.3091380967192727,0,6,384,0.9781544224316132,0.21252226631738425,46,0.0,52,802
ct_w6_i1,6,calibration,50,64,sampled_adam,708861223291229722,0,,1.0154222769786418,1.0154222769786418,8.364117872420603e-09,0.7673999455047769,,0.013652520617174426,0,199,12736,0.09962711316408747,0.9961733227366919,42,0.0,52,104
ct_w6_i1,6,calibration,50,64,sampled_diagonal_fisher,708861223291229722,0,,1.0001297950720485,1.0001297950720485,4.2178004684464405e-17,0.8725662394206691,,0.00016921064231814045,0,199,12736,0.18529751023392974,1.1804315680948054,42,0.0,52,52
ct_w6_i1,6,calibration,50,64,sampled_two_block_fisher,708861223291229722,0,,1.000333755298886,1.000333755298886,2.4429193054382414e-11,0.46205894703799705,,0.0004793667761923098,0,199,12736,0.052207929857450826,1.2213675781971414,42,0.0,52,802
ct_w6_i1,6,calibration,50,64,sampled_full_fisher,708861223291229722,1,9.0,0.046290533411449175,0.046290533411449175,0.9695695955048406,0.9695695955048406,,0.05972227935829427,0,9,576,0.6691271528520442,0.8134775315249413,42,0.0,52,1378
ct_w6_i1,6,calibration,50,64,ray_plus_residual,708861223291229722,1,7.0,0.05701361975047092,0.05701361975047092,0.9457877597139104,0.9457877597139104,,0.17318017353132323,0,7,448,0.9760679977061332,0.22279753754013684,42,0.0,52,802
ct_w6_i1,6,calibration,101,64,sampled_adam,4321415049586565906,0,,1.00990381554465,1.00990381554465,8.10115722016259e-12,0.907355942056295,24363827.70303351,0.012129187385468074,1,199,12736,0.19925420776316002,0.990978662793635,44,0.0,52,104
ct_w6_i1,6,calibration,101,64,sampled_diagonal_fisher,4321415049586565906,0,,1.0004010474114562,1.0004010474114562,6.10978406674783e-09,0.9997953137814826,584701392320.5786,0.0009981918690387137,1,199,12736,0.26996523919870247,1.0399142364285505,44,0.0,52,52
ct_w6_i1,6,calibration,101,64,sampled_two_block_fisher,4321415049586565906,1,4.0,0.060203235525229104,0.060203235525229104,0.9535435756009425,0.9535435756009425,,0.16449183784537658,0,4,256,0.3753592524946968,1.0109930305111323,44,0.0,52,802
ct_w6_i1,6,calibration,101,64,sampled_full_fisher,4321415049586565906,1,10.0,0.07281546155428664,0.07281546155428664,0.9466353456443966,0.9466353456443966,,0.27052291894994857,0,10,640,0.7397085043685431,0.7215143735663999,44,0.0,52,1378
ct_w6_i1,6,calibration,101,64,ray_plus_residual,4321415049586565906,1,8.0,0.07851068409113715,0.07851068409113715,0.9232672777237088,0.9232672777237088,,0.3088218778170636,0,8,512,0.9771289662545786,0.21762486211425522,44,0.0,52,802
ct_w6_i1,6,calibration,0,256,sampled_adam,14811752620448814252,0,,1.0065933412512234,1.0065933412512234,1.4868198174596803e-08,0.9765057657562433,229198305.86913192,0.011768100542263385,1,199,50944,0.2988813089856832,0.9857566297042467,51,0.0,52,104
ct_w6_i1,6,calibration,0,256,sampled_diagonal_fisher,14811752620448814252,0,,1.0000542411264117,1.0000542411264117,2.1411474935676907e-22,0.7976268398401717,,0.00011503191189400829,0,199,50944,0.3312704081697654,0.9756415100513051,51,0.0,52,52
ct_w6_i1,6,calibration,0,256,sampled_two_block_fisher,14811752620448814252,1,5.0,0.08588365304908585,0.08588365304908585,0.9318814496746786,0.9318814496746786,,0.42676203379865807,0,5,1280,0.6148386583781347,0.7887944394576365,51,0.0,52,802
ct_w6_i1,6,calibration,0,256,sampled_full_fisher,14811752620448814252,1,7.0,0.09941820611218155,0.09941820611218155,0.9192698129957044,0.9192698129957044,,0.47912583076350945,0,7,1792,0.9318153340195604,0.3692821847325963,51,0.0,52,1378
ct_w6_i1,6,calibration,0,256,ray_plus_residual,14811752620448814252,1,6.0,0.0654043362987089,0.0654043362987089,0.9386688226469448,0.9386688226469448,,0.3730477886650923,0,6,1536,0.9771071873315987,0.21773210777999763,51,0.0,52,802
ct_w6_i1,6,calibration,19,256,sampled_adam,14036631758859541001,0,,1.0073428838210798,1.0073428838210798,2.5577550996126393e-09,0.9839737545496204,10586399.897779532,0.007765056629993368,1,199,50944,0.3736016217706129,0.9818218752627078,52,0.0,52,104
ct_w6_i1,6,calibration,19,256,sampled_diagonal_fisher,14036631758859541001,0,,1.0000146832555998,1.0000146832555998,3.4854276546709096e-18,0.7574040707053975,,1.648236000739877e-05,0,199,50944,0.38703043956906735,1.0681515531934622,52,0.0,52,52
ct_w6_i1,6,calibration,19,256,sampled_two_block_fisher,14036631758859541001,0,,1.0001651819970139,1.0001651819970139,4.0095798138995865e-17,0.7056902440720595,,0.0002399840307794307,0,199,50944,0.5826201308124439,0.8589588671331218,52,0.0,52,802
ct_w6_i1,6,calibration,19,256,sampled_full_fisher,14036631758859541001,1,9.0,0.05591405852476505,0.05591405852476505,0.9516951297746179,0.9516951297746179,,0.19074805429463276,0,9,2304,1.0000000000000002,3.0084150359788237e-09,52,0.0,52,1378
ct_w6_i1,6,calibration,19,256,ray_plus_residual,14036631758859541001,1,9.0,0.06443060787699295,0.06443060787699295,0.9363021075258103,0.9363021075258103,,0.2541959481049014,0,9,2304,0.9793229902154055,0.20657428166340375,52,0.0,52,802
ct_w6_i1,6,calibration,42,256,sampled_adam,10267170748217093384,0,,1.0088215122830153,1.0088215122830153,1.5873423245990249e-10,0.9946349896266329,1273081.4234036412,0.01100306953862097,1,199,50944,0.3486947816239723,0.9831352153330729,52,0.0,52,104
ct_w6_i1,6,calibration,42,256,sampled_diagonal_fisher,10267170748217093384,0,,1.0000546318211594,1.0000546318211594,9.220235663388382e-19,0.6718027390625871,,8.22406194366307e-05,0,199,50944,0.416325148199663,0.9180641386898697,52,0.0,52,52
ct_w6_i1,6,calibration,42,256,sampled_two_block_fisher,10267170748217093384,0,,1.0003310858890853,1.0003310858890853,1.2610334448419814e-17,0.5134081313259988,,0.0005231173148251122,0,199,50944,0.6467468529047181,0.7637924598247589,52,0.0,52,802
ct_w6_i1,6,calibration,42,256,sampled_full_fisher,10267170748217093384,1,9.0,0.08825625945284798,0.08825625945284798,0.9266410733651678,0.9266410733651678,,0.35826031369191835,0,9,2304,0.9999999999999998,2.4674480506451636e-09,52,0.0,52,1378
ct_w6_i1,6,calibration,42,256,ray_plus_residual,10267170748217093384,1,6.0,0.09194867473480528,0.09194867473480528,0.9135143272482277,0.9135143272482277,,0.3933615676316478,0,6,1536,0.9784464109536429,0.21104977822976206,52,0.0,52,802
ct_w6_i1,6,calibration,50,256,sampled_adam,9522941746544845076,0,,1.0105660558570673,1.0105660558570673,2.694714266968648e-09,0.9096893533388327,941238980.8171512,0.009604669103917024,1,199,50944,0.22416097043328168,0.9896757374991942,52,0.0,52,104
ct_w6_i1,6,calibration,50,256,sampled_diagonal_fisher,9522941746544845076,0,,1.0000306380305588,1.0000306380305588,6.3606995493874734e-18,0.9448546469408176,804604501518.369,4.8563265918285054e-05,1,199,50944,0.2527011731227558,1.18505185968714,52,0.0,52,52
ct_w6_i1,6,calibration,50,256,sampled_two_block_fisher,9522941746544845076,0,,1.0002057925029195,1.0002057925029195,6.769673419136101e-14,0.35496568766704933,,0.00030805206078438866,0,199,50944,0.28285863425808366,1.0825536494038108,52,0.0,52,802
ct_w6_i1,6,calibration,50,256,sampled_full_fisher,9522941746544845076,1,9.0,0.0983739653009863,0.0983739653009863,0.9182002850056555,0.9182002850056555,,0.2636248644584485,0,9,2304,1.0,4.323168323692141e-09,52,0.0,52,1378
ct_w6_i1,6,calibration,50,256,ray_plus_residual,9522941746544845076,1,9.0,0.04513666381139281,0.04513666381139281,0.9555634701500607,0.9555634701500607,,0.1375778407403513,0,9,2304,0.9758785568141033,0.22371030649697352,52,0.0,52,802
ct_w6_i1,6,calibration,101,256,sampled_adam,10579145778475829145,0,,1.0073374237438415,1.0073374237438415,2.8501426962695337e-13,0.9608490855975362,62991007.064734384,0.008931813661676589,1,199,50944,0.2389228216220171,0.9889975395828149,51,0.0,52,104
ct_w6_i1,6,calibration,101,256,sampled_diagonal_fisher,10579145778475829145,0,,1.0000145875626067,1.0000145875626067,1.8796417524029477e-24,0.9399744808039668,589181216242.7074,2.3650674384532042e-05,1,199,50944,0.34713791795008636,0.9744545189662247,51,0.0,52,52
ct_w6_i1,6,calibration,101,256,sampled_two_block_fisher,10579145778475829145,0,,1.0002718362194774,1.0002718362194774,1.191671194877667e-16,0.41572181507100375,,0.00048687002787313027,0,199,50944,0.5716621731206083,0.8305703359546402,51,0.0,52,802
ct_w6_i1,6,calibration,101,256,sampled_full_fisher,10579145778475829145,1,10.0,0.04263155464884605,0.04263155464884605,0.9650858501903331,0.9650858501903331,,0.17747546356505553,0,10,2560,0.9318152344007551,0.3692824544958641,51,0.0,52,1378
ct_w6_i1,6,calibration,101,256,ray_plus_residual,10579145778475829145,1,8.0,0.08620503767271614,0.08620503767271614,0.9155589535933377,0.9155589535933377,,0.40497781162253765,0,8,2048,0.975330410658623,0.2263336198440993,51,0.0,52,802
ct_w6_i1,6,calibration,0,1024,sampled_adam,7087324914932265548,0,,1.0062904984194336,1.0062904984194336,1.3769882107385516e-14,0.9958308303287287,9785862.897969631,0.010875304027455695,1,199,203776,0.3486948441840327,0.9831352109620931,52,0.0,52,104
ct_w6_i1,6,calibration,0,1024,sampled_diagonal_fisher,7087324914932265548,0,,1.000046463147381,1.000046463147381,2.3822584156433626e-16,0.8492973230639289,,0.0001352927766573515,0,199,203776,0.4149195913351553,0.9099139087730989,52,0.0,52,52
ct_w6_i1,6,calibration,0,1024,sampled_two_block_fisher,7087324914932265548,1,5.0,0.056144933541752096,0.056144933541752096,0.9512100471223318,0.9512100471223318,,0.3082068063701537,0,5,5120,0.6991641478432898,0.7277327425206758,52,0.0,52,802
ct_w6_i1,6,calibration,0,1024,sampled_full_fisher,7087324914932265548,1,8.0,0.0695524130616505,0.0695524130616505,0.9426319804236382,0.9426319804236382,,0.405275214141865,0,8,8192,0.9999999999999999,1.037839219852715e-09,52,0.0,52,1378
ct_w6_i1,6,calibration,0,1024,ray_plus_residual,7087324914932265548,1,5.0,0.09703552903222246,0.09703552903222246,0.9123865645100618,0.9123865645100618,,0.5255664333152303,0,5,5120,0.977309288333633,0.21673514242122874,52,0.0,52,802
ct_w6_i1,6,calibration,19,1024,sampled_adam,10518763581195686464,0,,1.0071452819213587,1.0071452819213587,2.522693759927907e-09,0.9827848266754028,16365224.065399349,0.007657110955438558,1,199,203776,0.32378807094666023,0.984446791829948,52,0.0,52,104
ct_w6_i1,6,calibration,19,1024,sampled_diagonal_fisher,10518763581195686464,0,,1.0000147295401227,1.0000147295401227,2.1635277461996647e-20,0.9720281541075603,867901599948.0619,2.4185664925793936e-05,1,199,203776,0.4361049901176857,0.9537983687429963,52,0.0,52,52
ct_w6_i1,6,calibration,19,1024,sampled_two_block_fisher,10518763581195686464,0,,1.0001085912689636,1.0001085912689636,6.21650882471673e-16,0.37134985056722114,,0.0001662843331625832,0,199,203776,0.6907699035004462,0.7252040070570596,52,0.0,52,802
ct_w6_i1,6,calibration,19,1024,sampled_full_fisher,10518763581195686464,1,9.0,0.06357640021699495,0.06357640021699495,0.9426605560098817,0.9426605560098817,,0.22651607608333366,0,9,9216,1.0,1.00807206014565e-09,52,0.0,52,1378
ct_w6_i1,6,calibration,19,1024,ray_plus_residual,10518763581195686464,1,8.0,0.0754813400009322,0.0754813400009322,0.9257974744484636,0.9257974744484636,,0.2988187446746558,0,8,8192,0.9782294274896641,0.21214486824591042,52,0.0,52,802
ct_w6_i1,6,calibration,42,1024,sampled_adam,17833652576182526979,0,,1.007841325934983,1.007841325934983,2.216979727652164e-10,0.9953935487428969,1455419.0951311523,0.010039996741674153,1,199,203776,0.1992542795373093,0.9909786594637529,52,0.0,52,104
ct_w6_i1,6,calibration,42,1024,sampled_diagonal_fisher,17833652576182526979,0,,1.000039831535796,1.000039831535796,6.825896649051708e-17,0.9969514003346549,228338824248.81534,6.299523517327775e-05,1,199,203776,0.34974159695559087,0.9710025993728333,52,0.0,52,52
ct_w6_i1,6,calibration,42,1024,sampled_two_block_fisher,17833652576182526979,0,,1.000045547106982,1.000045547106982,1.8027812852523094e-21,0.4632470327576108,,0.00011558700934653108,0,199,203776,0.6058531643686029,0.7959727164574305,52,0.0,52,802
ct_w6_i1,6,calibration,42,1024,sampled_full_fisher,17833652576182526979,1,10.0,0.04515389989694185,0.04515389989694185,0.9620785513417179,0.9620785513417179,,0.192334529282285,0,10,10240,1.0000000000000002,1.7088906958206717e-09,52,0.0,52,1378
ct_w6_i1,6,calibration,42,1024,ray_plus_residual,17833652576182526979,1,5.0,0.07659416212709225,0.07659416212709225,0.9301823779698157,0.9301823779698157,,0.3166908907339706,0,5,5120,0.9780098813985861,0.21324790415653824,52,0.0,52,802
ct_w6_i1,6,calibration,50,1024,sampled_adam,14507952811617491110,0,,1.0104051948387696,1.0104051948387696,1.8739078042230423e-09,0.7870314899460273,,0.009534991407940768,0,199,203776,0.24906781475168052,0.9883710915597672,52,0.0,52,104
ct_w6_i1,6,calibration,50,1024,sampled_diagonal_fisher,14507952811617491110,0,,1.0000227023247916,1.0000227023247916,4.5178270290042565e-17,0.5783009083127799,,3.0748387204024416e-05,0,199,203776,0.3270497324352729,1.0421723785746626,52,0.0,52,52
ct_w6_i1,6,calibration,50,1024,sampled_two_block_fisher,14507952811617491110,0,,1.0000826412718418,1.0000826412718418,8.237922915909314e-15,0.47198115486874725,,0.00011294283800197607,0,199,203776,0.3444700156769263,0.9679548559378904,52,0.0,52,802
ct_w6_i1,6,calibration,50,1024,sampled_full_fisher,14507952811617491110,1,10.0,0.08032720403898708,0.08032720403898708,0.9247644488035769,0.9247644488035769,,0.2574177831942434,0,10,10240,1.0,1.9811846791387025e-09,52,0.0,52,1378
ct_w6_i1,6,calibration,50,1024,ray_plus_residual,14507952811617491110,1,8.0,0.0826637693931751,0.0826637693931751,0.9184838650245098,0.9184838650245098,,0.28595355010323864,0,8,8192,0.9759923935292001,0.22316219942714224,52,0.0,52,802
ct_w6_i1,6,calibration,101,1024,sampled_adam,13196700904546893849,0,,1.0064707256192946,1.0064707256192946,1.9284857129552925e-13,0.9620669769072517,73406738.10784855,0.008055344571857474,1,199,203776,0.17434748794662283,0.9922798747593637,52,0.0,52,104
ct_w6_i1,6,calibration,101,1024,sampled_diagonal_fisher,13196700904546893849,0,,1.0000074099363765,1.0000074099363765,7.0063486558477215e-28,0.8404755889234279,,1.7260101472860233e-05,0,199,203776,0.3547493736898978,0.9586390174126277,52,0.0,52,52
ct_w6_i1,6,calibration,101,1024,sampled_two_block_fisher,13196700904546893849,0,,1.0001407273646699,1.0001407273646699,3.5205191761196186e-19,0.3011269858843001,,0.0002410605706597992,0,199,203776,0.5497476626902391,0.8402156910225459,52,0.0,52,802
ct_w6_i1,6,calibration,101,1024,sampled_full_fisher,13196700904546893849,1,10.0,0.07350409681715497,0.07350409681715497,0.9327202644497163,0.9327202644497163,,0.3444303347396207,0,10,10240,1.0000000000000002,1.2588035183648254e-09,52,0.0,52,1378
ct_w6_i1,6,calibration,101,1024,ray_plus_residual,13196700904546893849,1,6.0,0.06183254372072078,0.06183254372072078,0.940717265331336,0.940717265331336,,0.34340280567390136,0,6,6144,0.975170497560004,0.22709404686506354,52,0.0,52,802
ct_w6_i1,6,calibration,0,4096,sampled_adam,17786546898282174598,0,,1.0066666745568362,1.0066666745568362,1.0601120234330924e-14,0.9955678399340924,12568092.196869716,0.011322381621847661,1,199,815104,0.4234151390966304,0.9791899273200632,52,0.0,52,104
ct_w6_i1,6,calibration,0,4096,sampled_diagonal_fisher,17786546898282174598,0,,1.0000049352234672,1.0000049352234672,3.6582370745715935e-16,0.726736680167284,,8.18608615502118e-06,0,199,815104,0.4100913345457677,0.9138953825574226,52,0.0,52,52
ct_w6_i1,6,calibration,0,4096,sampled_two_block_fisher,17786546898282174598,1,5.0,0.021458446315657298,0.021458446315657298,0.9813600618548933,0.9813600618548933,,0.1138307143643549,0,5,20480,0.684226248445632,0.733066946210743,52,0.0,52,802
ct_w6_i1,6,calibration,0,4096,sampled_full_fisher,17786546898282174598,1,9.0,0.04857249958721077,0.04857249958721077,0.9539890978463876,0.9539890978463876,,0.3019457471568112,0,9,36864,1.0000000000000002,1.3686059138677047e-09,52,0.0,52,1378
ct_w6_i1,6,calibration,0,4096,ray_plus_residual,17786546898282174598,1,5.0,0.053792599919678,0.053792599919678,0.9514418578991878,0.9514418578991878,,0.29114347654488676,0,5,20480,0.9766709781090772,0.21987060704958286,52,0.0,52,802
ct_w6_i1,6,calibration,19,4096,sampled_adam,1461446990486583896,0,,1.0069921471400853,1.0069921471400853,1.928689237733205e-09,0.9874589490681199,11779329.709134955,0.007588412772386101,1,199,815104,0.34869484536257983,0.9831352095713713,52,0.0,52,104
ct_w6_i1,6,calibration,19,4096,sampled_diagonal_fisher,1461446990486583896,0,,1.0000020923385442,1.0000020923385442,1.8395810289199117e-23,0.962972047649197,845529271703.5359,3.4835367604450524e-06,1,199,815104,0.4358520316897223,0.9557192338172937,52,0.0,52,52
ct_w6_i1,6,calibration,19,4096,sampled_two_block_fisher,1461446990486583896,0,,1.0000756895346807,1.0000756895346807,5.093768110135609e-19,0.625657323154364,,0.0001700032249133151,0,199,815104,0.7006142099358462,0.7137073668975858,52,0.0,52,802
ct_w6_i1,6,calibration,19,4096,sampled_full_fisher,1461446990486583896,1,10.0,0.05181521027571456,0.05181521027571456,0.9494520252085128,0.9494520252085128,,0.20485004551000915,0,10,40960,0.9999999999999999,9.215802238095231e-10,52,0.0,52,1378
ct_w6_i1,6,calibration,19,4096,ray_plus_residual,1461446990486583896,1,8.0,0.06320588709443165,0.06320588709443165,0.9377191553030335,0.9377191553030335,,0.2524669636482426,0,8,32768,0.9786489916796722,0.210022885504384,52,0.0,52,802
ct_w6_i1,6,calibration,42,4096,sampled_adam,13409217985272516229,0,,1.0074438959117415,1.0074438959117415,2.4114698441026463e-10,0.9955204356317171,1995648.8614530787,0.009459084537600946,1,199,815104,0.2988830417361185,0.9857565664633103,52,0.0,52,104
ct_w6_i1,6,calibration,42,4096,sampled_diagonal_fisher,13409217985272516229,0,,1.00000287570988,1.00000287570988,2.3325814540312998e-21,0.9960349022819768,670403785399.2802,6.005276727018374e-06,1,199,815104,0.3947344968344071,0.9313023460407882,52,0.0,52,52
ct_w6_i1,6,calibration,42,4096,sampled_two_block_fisher,13409217985272516229,0,,1.000044746312179,1.000044746312179,6.171282328614476e-20,0.4960814320817641,,8.065463205103044e-05,0,199,815104,0.6714211703246018,0.742028187623155,52,0.0,52,802
ct_w6_i1,6,calibration,42,4096,sampled_full_fisher,13409217985272516229,1,10.0,0.07495515374494666,0.07495515374494666,0.9279136143604854,0.9279136143604854,,0.35112008144181955,0,10,40960,1.0,9.961572819694518e-10,52,0.0,52,1378
ct_w6_i1,6,calibration,42,4096,ray_plus_residual,13409217985272516229,1,5.0,0.09055791020798054,0.09055791020798054,0.9172045089467232,0.9172045089467232,,0.38105349035974323,0,5,20480,0.977880711660279,0.2138945616907202,52,0.0,52,802
ct_w6_i1,6,calibration,50,4096,sampled_adam,17436172369351803569,0,,1.009450819520099,1.009450819520099,2.480619468258313e-09,0.9641563976608808,297871774.01628494,0.008944184912426172,1,199,815104,0.27397458094792204,0.9870647246096093,52,0.0,52,104
ct_w6_i1,6,calibration,50,4096,sampled_diagonal_fisher,17436172369351803569,0,,1.0000080407923662,1.0000080407923662,2.775435586742801e-18,0.5964198005277342,,1.1884475947965648e-05,0,199,815104,0.3326377416343501,1.0226806949094585,52,0.0,52,52
ct_w6_i1,6,calibration,50,4096,sampled_two_block_fisher,17436172369351803569,0,,1.0000624727806073,1.0000624727806073,4.4658457892773984e-15,0.4945233665884282,,9.674638314952075e-05,0,199,815104,0.37921045625841754,0.9475075245486497,52,0.0,52,802
ct_w6_i1,6,calibration,50,4096,sampled_full_fisher,17436172369351803569,1,11.0,0.048212732486236476,0.048212732486236476,0.9533199764070845,0.9533199764070845,,0.16778747422201643,0,11,45056,1.0,1.7025970401091197e-09,52,0.0,52,1378
ct_w6_i1,6,calibration,50,4096,ray_plus_residual,17436172369351803569,1,7.0,0.08018960168549327,0.08018960168549327,0.9212564908702007,0.9212564908702007,,0.278771249199515,0,7,28672,0.975913378180355,0.22354276904851583,52,0.0,52,802
ct_w6_i1,6,calibration,101,4096,sampled_adam,14050756013134771749,0,,1.0060567847754616,1.0060567847754616,1.3924056118304631e-13,0.9546436205056167,151762734.62962475,0.007496772035878609,1,199,815104,0.2739745855692167,0.9870647245502508,52,0.0,52,104
ct_w6_i1,6,calibration,101,4096,sampled_diagonal_fisher,14050756013134771749,0,,1.0000032237676493,1.0000032237676493,7.747381728826578e-34,0.974792326136507,749619657632.698,7.563428746480348e-06,1,199,815104,0.3845408536044422,0.9321581588265178,52,0.0,52,52
ct_w6_i1,6,calibration,101,4096,sampled_two_block_fisher,14050756013134771749,0,,1.0001504801212473,1.0001504801212473,5.3971091566033767e-20,0.37104011538220766,,0.0003311800099825261,0,199,815104,0.5736197797684179,0.8208595529082384,52,0.0,52,802
ct_w6_i1,6,calibration,101,4096,sampled_full_fisher,14050756013134771749,1,11.0,0.07324056291881043,0.07324056291881043,0.9333141829297475,0.9333141829297475,,0.37162615667500287,0,11,45056,1.0000000000000002,1.3186419480171328e-09,52,0.0,52,1378
ct_w6_i1,6,calibration,101,4096,ray_plus_residual,14050756013134771749,1,6.0,0.07762740797072176,0.07762740797072176,0.9255761157029092,0.9255761157029092,,0.4169918603838569,0,6,24576,0.975493723414888,0.22555476853134818,52,0.0,52,802
ct_w6_i2,6,evaluation,0,0,analytic_target_cooling,0,1,8.0,0.07055432638389192,0.07055432638389192,0.9344478366075475,0.9344478366075475,,0.19821531614886725,0,0,0,1.0,0.0,-1,0.0,52,52
ct_w6_i2,6,evaluation,19,0,analytic_target_cooling,0,1,14.0,0.09146153140462943,0.09146153140462943,0.9086841299474108,0.9086841299474108,,0.3790370091617616,0,0,0,1.0,0.0,-1,0.0,52,52
ct_w6_i2,6,evaluation,42,0,analytic_target_cooling,0,1,13.0,0.06806956236025563,0.06806956236025563,0.9322710315904073,0.9322710315904073,,0.2611700113465244,0,0,0,1.0,0.0,-1,0.0,52,52
ct_w6_i2,6,evaluation,50,0,analytic_target_cooling,0,1,8.0,0.09590753259982243,0.09590753259982243,0.907649116235336,0.907649116235336,,0.3151640693850059,0,0,0,1.0,0.0,-1,0.0,52,52
ct_w6_i2,6,evaluation,101,0,analytic_target_cooling,0,1,7.0,0.08492742575187506,0.08492742575187506,0.9181457440745944,0.9181457440745944,,0.04924254523678577,0,0,0,1.0,0.0,-1,0.0,52,52
ct_w6_i2,6,evaluation,0,64,sampled_adam,8848034196566987032,1,32.0,0.0939133271967858,0.0939133271967858,0.935987887180436,0.935987887180436,,0.08699947853155687,0,32,2048,0.20114555475533388,0.9916953883765336,43,0.0,52,104
ct_w6_i2,6,evaluation,0,64,sampled_diagonal_fisher,8848034196566987032,1,3.0,0.04389160614513621,0.04389160614513621,0.9637846882392682,0.9637846882392682,,0.05080569524995735,0,3,192,0.22926373798523733,1.2214289569934256,43,0.0,52,52
ct_w6_i2,6,evaluation,0,64,sampled_two_block_fisher,8848034196566987032,1,4.0,0.03683783527896267,0.03683783527896267,0.975143158338307,0.975143158338307,,0.048077001795810224,0,4,256,0.32410303247072725,1.0283351506088152,43,0.0,52,802
ct_w6_i2,6,evaluation,0,64,sampled_full_fisher,8848034196566987032,1,6.0,0.05404985613396285,0.05404985613396285,0.9620006214488745,0.9620006214488745,,0.07976255419686076,0,6,384,0.6887681105601862,0.7889637373666979,43,0.0,52,1378
ct_w6_i2,6,evaluation,0,64,ray_plus_residual,8848034196566987032,1,14.0,0.09389648609356982,0.09389648609356982,0.9088438755377206,0.9088438755377206,,0.3417907545247689,0,14,896,0.9792627970670558,0.20688431416275296,43,0.0,52,802
ct_w6_i2,6,evaluation,19,64,sampled_adam,13893068103077688002,0,,1.009750928487076,1.009750928487076,3.1667160620428683e-15,0.9923819665152934,28118497.98597725,0.007993518647226932,1,199,12736,0.08939802801610268,0.9969199327759103,33,0.0,52,104
ct_w6_i2,6,evaluation,19,64,sampled_diagonal_fisher,13893068103077688002,0,,1.0001558952578868,1.0001558952578868,1.0118394579981488e-25,0.9998771331798475,560716716142.308,0.00014664001828888475,1,199,12736,0.1798711721717611,1.1154588570167232,33,0.0,52,52
ct_w6_i2,6,evaluation,19,64,sampled_two_block_fisher,13893068103077688002,0,,1.0001850332311033,1.0001850332311033,2.801259846443324e-16,0.5616200686888448,,0.0001481763231814311,0,199,12736,0.022694100626169156,1.2575539529767632,33,0.0,52,802
ct_w6_i2,6,evaluation,19,64,sampled_full_fisher,13893068103077688002,1,10.0,0.0670934710501001,0.0670934710501001,0.9462710983041104,0.9462710983041104,,0.16832648952890011,0,10,640,0.39716116581528443,0.9999998237813229,33,0.0,52,1378
ct_w6_i2,6,evaluation,19,64,ray_plus_residual,13893068103077688002,1,9.0,0.09984043204546289,0.09984043204546289,0.9027293477964832,0.9027293477964832,,0.2944532221273356,0,9,576,0.9783814189660686,0.211378303795756,33,0.0,52,802
ct_w6_i2,6,evaluation,42,64,sampled_adam,1675066038149404111,0,,1.0132188710212588,1.0132188710212588,1.129985775193465e-12,0.9911392004246893,5400469.71497113,0.011839540055350541,1,199,12736,0.3128931189891314,0.9864431739414101,48,0.0,52,104
ct_w6_i2,6,evaluation,42,64,sampled_diagonal_fisher,1675066038149404111,0,,1.0002862496254927,1.0002862496254927,1.2181689874962569e-17,0.7292447343183408,,0.0004295877987433415,0,199,12736,0.202024389199094,1.0944777309975582,48,0.0,52,52
ct_w6_i2,6,evaluation,42,64,sampled_two_block_fisher,1675066038149404111,1,5.0,0.043354052438324686,0.043354052438324686,0.9705686477789172,0.9705686477789172,,0.05504322152842185,0,5,320,0.3803443471467959,0.969020685109646,48,0.0,52,802
ct_w6_i2,6,evaluation,42,64,sampled_full_fisher,1675066038149404111,1,9.0,0.040924575837900434,0.040924575837900434,0.9704929303729252,0.9704929303729252,,0.060083461688564925,0,9,576,0.8364661299278087,0.5718983652226878,48,0.0,52,1378
ct_w6_i2,6,evaluation,42,64,ray_plus_residual,1675066038149404111,1,8.0,0.09070561439129321,0.09070561439129321,0.9153797850711775,0.9153797850711775,,0.3062244333836686,0,8,512,0.978173996148892,0.21242383480598626,48,0.0,52,802
ct_w6_i2,6,evaluation,50,64,sampled_adam,2775465166318734959,0,,1.0128421893374249,1.0128421893374249,1.593754907975908e-09,0.9908025992458545,2430285.4217354367,0.012136918675155131,1,199,12736,0.15644655952284992,0.9937885011924549,45,0.0,52,104
ct_w6_i2,6,evaluation,50,64,sampled_diagonal_fisher,2775465166318734959,0,,1.0003208225993632,1.0003208225993632,3.1983198425460807e-17,0.9998191436691372,5624187549.426153,0.000659680570629306,1,199,12736,0.25409628503240067,1.1057936453208799,45,0.0,52,52
ct_w6_i2,6,evaluation,50,64,sampled_two_block_fisher,2775465166318734959,1,4.0,0.05901685705810422,0.05901685705810422,0.9540249540066679,0.9540249540066679,,0.10602313840940802,0,4,256,0.36466108091173,1.0298920606792974,45,0.0,52,802
ct_w6_i2,6,evaluation,50,64,sampled_full_fisher,2775465166318734959,1,7.0,0.052574945222287894,0.052574945222287894,0.9584249157092545,0.9584249157092545,,0.07567170010302933,0,7,448,0.7008318696855067,0.7735219845802616,45,0.0,52,1378
ct_w6_i2,6,evaluation,50,64,ray_plus_residual,2775465166318734959,1,11.0,0.012350314536842433,0.012350314536842433,0.9879192836850232,0.9879192836850232,,0.0383246161616608,0,11,704,0.9779166249807902,0.21371494088280585,45,0.0,52,802
ct_w6_i2,6,evaluation,101,64,sampled_adam,7753908455094093851,1,40.0,0.09646932546878695,0.09646932546878695,0.917376506712975,0.917376506712975,,0.04358919826688043,0,40,2560,0.2905435972136046,0.9874958496711572,35,0.0,52,104
ct_w6_i2,6,evaluation,101,64,sampled_diagonal_fisher,7753908455094093851,1,2.0,0.07358166518586096,0.07358166518586096,0.9300850212374135,0.9300850212374135,,0.04799602629494699,0,2,128,0.2946696226870785,1.187712404004371,35,0.0,52,52
ct_w6_i2,6,evaluation,101,64,sampled_two_block_fisher,7753908455094093851,1,2.0,0.05543626729927276,0.05543626729927276,0.9530982420175735,0.9530982420175735,,0.027448523993939086,0,2,128,0.22838315394512065,1.1957111866454522,35,0.0,52,802
ct_w6_i2,6,evaluation,101,64,sampled_full_fisher,7753908455094093851,1,4.0,0.09510146886980664,0.09510146886980664,0.929925386758288,0.929925386758288,,0.05924759526824886,0,4,256,0.4813166082076355,0.9999996841768409,35,0.0,52,1378
ct_w6_i2,6,evaluation,101,64,ray_plus_residual,7753908455094093851,1,8.0,0.06547431447417118,0.06547431447417118,0.9426004774191368,0.9426004774191368,,0.08022183637730806,0,8,512,0.9783227085226767,0.21167469484394794,35,0.0,52,802
ct_w6_i2,6,evaluation,0,256,sampled_adam,1152584878874953322,1,29.0,0.09704039030718192,0.09704039030718192,0.9337018992431981,0.9337018992431981,,0.0908826063627624,0,29,7424,0.35759197538454845,0.9843344485079135,48,0.0,52,104
ct_w6_i2,6,evaluation,0,256,sampled_diagonal_fisher,1152584878874953322,1,3.0,0.03241632601663902,0.03241632601663902,0.9708922336448702,0.9708922336448702,,0.053862413795385644,0,3,768,0.3190116323521801,1.0489280401552135,48,0.0,52,52
ct_w6_i2,6,evaluation,0,256,sampled_two_block_fisher,1152584878874953322,1,4.0,0.02942002317869097,0.02942002317869097,0.9829840348436745,0.9829840348436745,,0.05842439557259765,0,4,1024,0.3478103446771843,1.0074304489886787,48,0.0,52,802
ct_w6_i2,6,evaluation,0,256,sampled_full_fisher,1152584878874953322,1,7.0,0.03592700039597574,0.03592700039597574,0.9732594637593656,0.9732594637593656,,0.08971550053264915,0,7,1792,0.794272655007468,0.641447339993755,48,0.0,52,1378
ct_w6_i2,6,evaluation,0,256,ray_plus_residual,1152584878874953322,1,6.0,0.048826291882267725,0.048826291882267725,0.9552713420744149,0.9552713420744149,,0.10564792395423907,0,6,1536,0.9785888983740585,0.21032795817960043,48,0.0,52,802
ct_w6_i2,6,evaluation,19,256,sampled_adam,14342251696506388918,0,,1.008142804066411,1.008142804066411,6.638100554167472e-16,0.9937810644898452,56202975.1995099,0.006613909073673531,1,199,50944,0.17879616473927898,0.9927424916326032,46,0.0,52,104
ct_w6_i2,6,evaluation,19,256,sampled_diagonal_fisher,14342251696506388918,0,,1.0000463102822934,1.0000463102822934,4.945852343585106e-29,0.9999660367205248,515979641752.17786,4.643129920173816e-05,1,199,50944,0.24669057002745567,1.1352445418890134,46,0.0,52,52
ct_w6_i2,6,evaluation,19,256,sampled_two_block_fisher,14342251696506388918,0,,1.0001263531017486,1.0001263531017486,6.324849251564236e-20,0.7164382284684354,,0.0001211390885004427,0,199,50944,0.25654680631752264,1.0499189074573887,46,0.0,52,802
ct_w6_i2,6,evaluation,19,256,sampled_full_fisher,14342251696506388918,1,9.0,0.07192382771221162,0.07192382771221162,0.9335568528953927,0.9335568528953927,,0.24181122831283255,0,9,2304,0.7274953820828094,0.7382474082815198,46,0.0,52,1378
ct_w6_i2,6,evaluation,19,256,ray_plus_residual,14342251696506388918,1,10.0,0.08450239342920618,0.08450239342920618,0.9163588542586444,0.9163588542586444,,0.28464405056510156,0,10,2560,0.9789256244217655,0.20861349402639884,46,0.0,52,802
ct_w6_i2,6,evaluation,42,256,sampled_adam,4832045182343730659,0,,1.0089092342625605,1.0089092342625605,2.865603381988639e-10,0.7526599699942305,,0.008697046350070325,0,199,50944,0.20114562046845513,0.9916953856927773,51,0.0,52,104
ct_w6_i2,6,evaluation,42,256,sampled_diagonal_fisher,4832045182343730659,0,,1.0000283092860656,1.0000283092860656,1.4106269646301526e-26,0.9999791003693932,135029477780.3474,3.858016820975309e-05,1,199,50944,0.33073133804379784,0.9988920161484527,51,0.0,52,52
ct_w6_i2,6,evaluation,42,256,sampled_two_block_fisher,4832045182343730659,1,5.0,0.05977272071716122,0.05977272071716122,0.9509491005267207,0.9509491005267207,,0.13800740340629689,0,5,1280,0.589765751390206,0.8137801005242491,51,0.0,52,802
ct_w6_i2,6,evaluation,42,256,sampled_full_fisher,4832045182343730659,1,9.0,0.06539216588175911,0.06539216588175911,0.9445512544915016,0.9445512544915016,,0.20418741753854255,0,9,2304,0.928155050317008,0.3790645055475177,51,0.0,52,1378
ct_w6_i2,6,evaluation,42,256,ray_plus_residual,4832045182343730659,1,7.0,0.06928311434457157,0.06928311434457157,0.9337200983087992,0.9337200983087992,,0.20253768290808116,0,7,1792,0.9781967123999634,0.2123095504491961,51,0.0,52,802
ct_w6_i2,6,evaluation,50,256,sampled_adam,5931720712826268015,0,,1.0105193421140104,1.0105193421140104,1.935921448816764e-09,0.992294215035009,3891001.649114454,0.010114148881464516,1,199,50944,0.2905436979490544,0.9874958479628194,51,0.0,52,104
ct_w6_i2,6,evaluation,50,256,sampled_diagonal_fisher,5931720712826268015,0,,1.0000123808887942,1.0000123808887942,5.3785047423943386e-17,0.9999915093141496,824678835075.2286,1.5201888780374739e-05,1,199,50944,0.3184594421639538,0.9869761743513397,51,0.0,52,52
ct_w6_i2,6,evaluation,50,256,sampled_two_block_fisher,5931720712826268015,1,4.0,0.021725263175317977,0.021725263175317977,0.9824670710087919,0.9824670710087919,,0.06228287070029087,0,4,1024,0.53723747058863,0.8468362035170632,51,0.0,52,802
ct_w6_i2,6,evaluation,50,256,sampled_full_fisher,5931720712826268015,1,6.0,0.08280460317530647,0.08280460317530647,0.9330962063471822,0.9330962063471822,,0.228486690221457,0,6,1536,0.9281550890088132,0.3790644034756806,51,0.0,52,1378
ct_w6_i2,6,evaluation,50,256,ray_plus_residual,5931720712826268015,1,5.0,0.08342436881337179,0.08342436881337179,0.926044850701149,0.926044850701149,,0.23594065245558024,0,5,1280,0.9760757914467819,0.22275991684566523,51,0.0,52,802
ct_w6_i2,6,evaluation,101,256,sampled_adam,15728036725417458913,1,36.0,0.09722986514766951,0.09722986514766951,0.9164530630971343,0.9164530630971343,,0.04395820245903756,0,36,9216,0.2905435884439014,0.9874958503674074,51,0.0,52,104
ct_w6_i2,6,evaluation,101,256,sampled_diagonal_fisher,15728036725417458913,1,2.0,0.036801005857956426,0.036801005857956426,0.9644124446825426,0.9644124446825426,,0.019882953490764677,0,2,512,0.3048059287199844,1.1791472098767102,51,0.0,52,52
ct_w6_i2,6,evaluation,101,256,sampled_two_block_fisher,15728036725417458913,1,2.0,0.0850921476905615,0.0850921476905615,0.9254513845567985,0.9254513845567985,,0.041547112042414035,0,2,512,0.46682570753869324,0.9255799989846103,51,0.0,52,802
ct_w6_i2,6,evaluation,101,256,sampled_full_fisher,15728036725417458913,1,5.0,0.03535255754505329,0.03535255754505329,0.9694950203389212,0.9694950203389212,,0.018061085167295717,0,5,1280,0.9454836033989376,0.3302011405221437,51,0.0,52,1378
ct_w6_i2,6,evaluation,101,256,ray_plus_residual,15728036725417458913,1,7.0,0.08848256013718014,0.08848256013718014,0.9156641991957728,0.9156641991957728,,0.09694214534305488,0,7,1792,0.9800270150164725,0.20291726409867564,51,0.0,52,802
ct_w6_i2,6,evaluation,0,1024,sampled_adam,6166020752879553690,1,27.0,0.09721347334741814,0.09721347334741814,0.9348112869140467,0.9348112869140467,,0.0922586011536595,0,27,27648,0.2011456094655454,0.9916953860511705,52,0.0,52,104
ct_w6_i2,6,evaluation,0,1024,sampled_diagonal_fisher,6166020752879553690,1,2.0,0.024913573185612492,0.024913573185612492,0.9795240884013903,0.9795240884013903,,0.026268300430060346,0,2,2048,0.33417324814637056,1.0356538942255966,52,0.0,52,52
ct_w6_i2,6,evaluation,0,1024,sampled_two_block_fisher,6166020752879553690,1,3.0,0.051182646368081564,0.051182646368081564,0.9605753607260195,0.9605753607260195,,0.07737985551862137,0,3,3072,0.4120037681227925,0.9476832692127933,52,0.0,52,802
ct_w6_i2,6,evaluation,0,1024,sampled_full_fisher,6166020752879553690,1,6.0,0.08421960850290233,0.08421960850290233,0.931270280489968,0.931270280489968,,0.23592386356196424,0,6,6144,0.9999999999999998,4.259813687043417e-09,52,0.0,52,1378
ct_w6_i2,6,evaluation,0,1024,ray_plus_residual,6166020752879553690,1,4.0,0.08171719797791965,0.08171719797791965,0.9316274282459615,0.9316274282459615,,0.1511451428334069,0,4,4096,0.97849559800989,0.21080084765120116,52,0.0,52,802
ct_w6_i2,6,evaluation,19,1024,sampled_adam,5533871472416271034,0,,1.0078870017088217,1.0078870017088217,3.809157961666935e-16,0.9938559279817414,98606597.56718332,0.006563575796281637,1,199,203776,0.2458445735914896,0.9895978468764075,52,0.0,52,104
ct_w6_i2,6,evaluation,19,1024,sampled_diagonal_fisher,5533871472416271034,0,,1.0000107735071335,1.0000107735071335,3.897618503833454e-34,0.9999919492823401,774247881089.4414,1.1259941909106816e-05,1,199,203776,0.307660309478981,1.0603355275850754,52,0.0,52,52
ct_w6_i2,6,evaluation,19,1024,sampled_two_block_fisher,5533871472416271034,0,,1.0000111864175931,1.0000111864175931,1.2437977786813372e-20,0.777256876904193,,8.68871804490023e-06,0,199,203776,0.3750303392479045,0.9773822073235604,52,0.0,52,802
ct_w6_i2,6,evaluation,19,1024,sampled_full_fisher,5533871472416271034,1,10.0,0.05097944588755965,0.05097944588755965,0.9518862513498805,0.9518862513498805,,0.21066616813060568,0,10,10240,0.9999999999999998,6.381171214576376e-09,52,0.0,52,1378
ct_w6_i2,6,evaluation,19,1024,ray_plus_residual,5533871472416271034,1,10.0,0.05600003504918227,0.05600003504918227,0.9442773500868927,0.9442773500868927,,0.2124960032812746,0,10,10240,0.9791350791251952,0.20754079650200583,52,0.0,52,802
ct_w6_i2,6,evaluation,42,1024,sampled_adam,10172293306537942334,0,,1.0080393335264848,1.0080393335264848,1.201904352194691e-10,0.9028050734220958,301246693.05603766,0.007862484030597758,1,199,203776,0.20114562872101507,0.9916953850827264,52,0.0,52,104
ct_w6_i2,6,evaluation,42,1024,sampled_diagonal_fisher,10172293306537942334,0,,1.000019152268555,1.000019152268555,1.496170723380946e-19,0.8513273265206962,,2.770085162820443e-05,0,199,203776,0.2979237741135122,1.0200214816839481,52,0.0,52,52
ct_w6_i2,6,evaluation,42,1024,sampled_two_block_fisher,10172293306537942334,0,,1.000083439130485,1.000083439130485,8.496649960653962e-10,0.4909115637566678,,0.0001707943139889256,0,199,203776,0.6293243193193033,0.7808046419725237,52,0.0,52,802
ct_w6_i2,6,evaluation,42,1024,sampled_full_fisher,10172293306537942334,1,9.0,0.0766276483480155,0.0766276483480155,0.9293048435764131,0.9293048435764131,,0.26136298783086154,0,9,9216,0.9999999999999998,1.3996330106819534e-09,52,0.0,52,1378
ct_w6_i2,6,evaluation,42,1024,ray_plus_residual,10172293306537942334,1,8.0,0.07227588584553502,0.07227588584553502,0.9293664850048903,0.9293664850048903,,0.25573899781819837,0,8,8192,0.978161986531235,0.212484232986805,52,0.0,52,802
ct_w6_i2,6,evaluation,50,1024,sampled_adam,10687915775352821197,1,32.0,0.09633701638163217,0.09633701638163217,0.9364012379546963,0.9364012379546963,,0.10705448814524027,0,32,32768,0.17879607344430978,0.9927424965040138,52,0.0,52,104
ct_w6_i2,6,evaluation,50,1024,sampled_diagonal_fisher,10687915775352821197,1,2.0,0.0787456758934848,0.0787456758934848,0.9388426096864184,0.9388426096864184,,0.09908073335992791,0,2,2048,0.35053290201214665,0.9638914317699596,52,0.0,52,52
ct_w6_i2,6,evaluation,50,1024,sampled_two_block_fisher,10687915775352821197,1,3.0,0.05100857433943595,0.05100857433943595,0.9607382296196684,0.9607382296196684,,0.1012237151436616,0,3,3072,0.5676078372129943,0.8269435413320144,52,0.0,52,802
ct_w6_i2,6,evaluation,50,1024,sampled_full_fisher,10687915775352821197,1,7.0,0.04963950035808473,0.04963950035808473,0.9555229601927762,0.9555229601927762,,0.16254794008638276,0,7,7168,0.9999999999999998,1.1724035406661104e-09,52,0.0,52,1378
ct_w6_i2,6,evaluation,50,1024,ray_plus_residual,10687915775352821197,1,5.0,0.06292691096165193,0.06292691096165193,0.9432051956866113,0.9432051956866113,,0.15088024377799286,0,5,5120,0.97586857110728,0.2237583312947845,52,0.0,52,802
ct_w6_i2,6,evaluation,101,1024,sampled_adam,777746485971389510,1,35.0,0.09925412576931691,0.09925412576931691,0.9141692586291206,0.9141692586291206,,0.0452743984456139,0,35,35840,0.26819410688663536,0.9885474059481866,51,0.0,52,104
ct_w6_i2,6,evaluation,101,1024,sampled_diagonal_fisher,777746485971389510,1,2.0,0.06310923988436556,0.06310923988436556,0.9385889445497666,0.9385889445497666,,0.034131928878444,0,2,2048,0.3084149186794046,1.176082549246094,51,0.0,52,52
ct_w6_i2,6,evaluation,101,1024,sampled_two_block_fisher,777746485971389510,1,3.0,0.012412562390787585,0.012412562390787585,0.9891961202292415,0.9891961202292415,,0.0060103308442535615,0,3,3072,0.48541242686533026,0.8883160408770158,51,0.0,52,802
ct_w6_i2,6,evaluation,101,1024,sampled_full_fisher,777746485971389510,1,5.0,0.06235585800379084,0.06235585800379084,0.9424856354786885,0.9424856354786885,,0.035690128151637336,0,5,5120,0.9281551621684377,0.3790642104751181,51,0.0,52,1378
ct_w6_i2,6,evaluation,101,1024,ray_plus_residual,777746485971389510,1,5.0,0.08557386993489935,0.08557386993489935,0.9203853905934621,0.9203853905934621,,0.050821169181280046,0,5,5120,0.9791295215991875,0.2075693213965489,51,0.0,52,802
ct_w6_i2,6,evaluation,0,4096,sampled_adam,17264512697764381878,1,27.0,0.09321890087854712,0.09321890087854712,0.9363412851663795,0.9363412851663795,,0.08785640332279435,0,27,110592,0.20114557076550946,0.9916953876001597,52,0.0,52,104
ct_w6_i2,6,evaluation,0,4096,sampled_diagonal_fisher,17264512697764381878,1,2.0,0.02059071053606054,0.02059071053606054,0.982730048537233,0.982730048537233,,0.020705337366732107,0,2,8192,0.3568208054741536,0.9985903431978208,52,0.0,52,52
ct_w6_i2,6,evaluation,0,4096,sampled_two_block_fisher,17264512697764381878,1,3.0,0.03766037456872695,0.03766037456872695,0.9688091132319888,0.9688091132319888,,0.05524191413808886,0,3,12288,0.4327262999886444,0.9309069631780365,52,0.0,52,802
ct_w6_i2,6,evaluation,0,4096,sampled_full_fisher,17264512697764381878,1,7.0,0.045186130011055425,0.045186130011055425,0.9591875634657276,0.9591875634657276,,0.13150710318256953,0,7,28672,0.9999999999999998,2.055119304384267e-09,52,0.0,52,1378
ct_w6_i2,6,evaluation,0,4096,ray_plus_residual,17264512697764381878,1,4.0,0.05172528374486873,0.05172528374486873,0.9555218588701309,0.9555218588701309,,0.0864256799732219,0,4,16384,0.9783624721374847,0.21147399364145156,52,0.0,52,802
ct_w6_i2,6,evaluation,19,4096,sampled_adam,3380108281035089055,0,,1.0076172525286964,1.0076172525286964,3.0622480376363674e-16,0.9940567361063803,104986050.89600784,0.006284080770939236,1,199,815104,0.2681939915556951,0.9885474122360327,52,0.0,52,104
ct_w6_i2,6,evaluation,19,4096,sampled_diagonal_fisher,3380108281035089055,0,,1.0000018584321282,1.0000018584321282,7.561410584141592e-39,0.9999983369931043,844968308763.5482,1.8310085279428155e-06,1,199,815104,0.31609888614820864,1.08421468720287,52,0.0,52,52
ct_w6_i2,6,evaluation,19,4096,sampled_two_block_fisher,3380108281035089055,0,,1.0000046120847212,1.0000046120847212,4.301623147397221e-21,0.7425658929868325,,3.942677656709212e-06,0,199,815104,0.3343039784108133,1.0094721471695571,52,0.0,52,802
ct_w6_i2,6,evaluation,19,4096,sampled_full_fisher,3380108281035089055,1,11.0,0.039102029482611655,0.039102029482611655,0.961639034077713,0.961639034077713,,0.16867439811249738,0,11,45056,0.9999999999999998,3.937616071275702e-09,52,0.0,52,1378
ct_w6_i2,6,evaluation,19,4096,ray_plus_residual,3380108281035089055,1,9.0,0.07140770684943831,0.07140770684943831,0.9290691848449597,0.9290691848449597,,0.27259637597504266,0,9,36864,0.979141462406977,0.20750802904447577,52,0.0,52,802
ct_w6_i2,6,evaluation,42,4096,sampled_adam,9845817413960414915,0,,1.0078964104272146,1.0078964104272146,1.2648149288727135e-10,0.916132388972791,246131561.43129212,0.00776439522124254,1,199,815104,0.20114559762324816,0.9916953862064275,52,0.0,52,104
ct_w6_i2,6,evaluation,42,4096,sampled_diagonal_fisher,9845817413960414915,0,,1.0000030983928028,1.0000030983928028,4.2321554134634626e-24,0.7277070745157435,,4.5118380212898575e-06,0,199,815104,0.3123468334663655,1.0078402822918686,52,0.0,52,52
ct_w6_i2,6,evaluation,42,4096,sampled_two_block_fisher,9845817413960414915,1,9.0,0.03173916488836248,0.03173916488836248,0.9703699571163095,0.9703699571163095,,0.11071024614359926,0,9,36864,0.6442146698664738,0.7682517988581047,52,0.0,52,802
ct_w6_i2,6,evaluation,42,4096,sampled_full_fisher,9845817413960414915,1,10.0,0.07410566189229684,0.07410566189229684,0.9286276528738759,0.9286276528738759,,0.2767739958003308,0,10,40960,1.0,1.0347766122153285e-09,52,0.0,52,1378
ct_w6_i2,6,evaluation,42,4096,ray_plus_residual,9845817413960414915,1,7.0,0.06978650228697525,0.06978650228697525,0.9320087969531385,0.9320087969531385,,0.24335116699227882,0,7,28672,0.9778575535685983,0.21401031763811373,52,0.0,52,802
ct_w6_i2,6,evaluation,50,4096,sampled_adam,8230538049356273904,1,31.0,0.09469173213777005,0.09469173213777005,0.9355031045176353,0.9355031045176353,,0.10241147463978634,0,31,126976,0.1787960378309449,0.9927424976675644,52,0.0,52,104
ct_w6_i2,6,evaluation,50,4096,sampled_diagonal_fisher,8230538049356273904,1,2.0,0.042394914031129716,0.042394914031129716,0.9629086226707153,0.9629086226707153,,0.05093262025721866,0,2,8192,0.33452499181833245,0.9799721161904614,52,0.0,52,52
ct_w6_i2,6,evaluation,50,4096,sampled_two_block_fisher,8230538049356273904,1,3.0,0.03639041756864003,0.03639041756864003,0.970831755471377,0.970831755471377,,0.05341541832154553,0,3,12288,0.5359632540136808,0.8492217042071639,52,0.0,52,802
ct_w6_i2,6,evaluation,50,4096,sampled_full_fisher,8230538049356273904,1,7.0,0.07651869077085216,0.07651869077085216,0.9275988664993289,0.9275988664993289,,0.254486633545908,0,7,28672,0.9999999999999998,1.2336973460335566e-09,52,0.0,52,1378
ct_w6_i2,6,evaluation,50,4096,ray_plus_residual,8230538049356273904,1,4.0,0.05760030063454202,0.05760030063454202,0.9490411230504413,0.9490411230504413,,0.12427046055588539,0,4,16384,0.9756012166624318,0.22504086810343046,52,0.0,52,802
ct_w6_i2,6,evaluation,101,4096,sampled_adam,8490268821116932220,1,35.0,0.09837670403771348,0.09837670403771348,0.9153365263521787,0.9153365263521787,,0.04459713742602271,0,35,143360,0.2905435973554086,0.9874958496028746,52,0.0,52,104
ct_w6_i2,6,evaluation,101,4096,sampled_diagonal_fisher,8490268821116932220,1,2.0,0.04805396851971544,0.04805396851971544,0.9528487163276067,0.9528487163276067,,0.026680976035769854,0,2,8192,0.3105809733219308,1.1742393509656106,52,0.0,52,52
ct_w6_i2,6,evaluation,101,4096,sampled_two_block_fisher,8490268821116932220,1,2.0,0.08379199442920715,0.08379199442920715,0.9235991704262754,0.9235991704262754,,0.04275138303319965,0,2,8192,0.46908105123368427,0.9063321096101834,52,0.0,52,802
ct_w6_i2,6,evaluation,101,4096,sampled_full_fisher,8490268821116932220,1,6.0,0.04413449036532846,0.04413449036532846,0.9579847253393553,0.9579847253393553,,0.02596938717945244,0,6,24576,1.0,2.588449033143015e-09,52,0.0,52,1378
ct_w6_i2,6,evaluation,101,4096,ray_plus_residual,8490268821116932220,1,5.0,0.07188128621611689,0.07188128621611689,0.9314215192008478,0.9314215192008478,,0.04070940342839014,0,5,20480,0.9797221293512361,0.2045080347358949,52,0.0,52,802
ct_w6_i3,6,evaluation,0,0,analytic_target_cooling,0,1,10.0,0.0747558195293756,0.0747558195293756,0.9262347047520333,0.9262347047520333,,0.31858884103277124,0,0,0,1.0,0.0,-1,0.0,52,52
ct_w6_i3,6,evaluation,19,0,analytic_target_cooling,0,1,13.0,0.06597945757669876,0.06597945757669876,0.9346182517653869,0.9346182517653869,,0.3948928519103778,0,0,0,1.0,0.0,-1,0.0,52,52
ct_w6_i3,6,evaluation,42,0,analytic_target_cooling,0,1,10.0,0.06996196557912704,0.06996196557912704,0.9317310374253455,0.9317310374253455,,0.31408214541371154,0,0,0,1.0,0.0,-1,0.0,52,52
ct_w6_i3,6,evaluation,50,0,analytic_target_cooling,0,1,8.0,0.08777435768536535,0.08777435768536535,0.9158151832908931,0.9158151832908931,,0.49327973202054487,0,0,0,1.0,0.0,-1,0.0,52,52
ct_w6_i3,6,evaluation,101,0,analytic_target_cooling,0,1,15.0,0.08919566799488443,0.08919566799488443,0.911014957674132,0.911014957674132,,0.3875914588401376,0,0,0,1.0,0.0,-1,0.0,52,52
ct_w6_i3,6,evaluation,0,64,sampled_adam,488993068020423353,0,,1.0091388713872451,1.0091388713872451,5.523325471300204e-12,0.9684487108964215,221993436.87626657,0.00875805983587001,1,199,12736,0.24906775072899826,0.9883710947328653,38,0.0,52,104
ct_w6_i3,6,evaluation,0,64,sampled_diagonal_fisher,488993068020423353,0,,1.0001158545214395,1.0001158545214395,1.0926994099758935e-21,0.9964800765628986,839798238873.0938,0.0001426995453184172,1,199,12736,0.320038094526045,1.1547558486297331,38,0.0,52,52
ct_w6_i3,6,evaluation,0,64,sampled_two_block_fisher,488993068020423353,1,6.0,0.05611977865720519,0.05611977865720519,0.9576883469273072,0.9576883469273072,,0.08092577346058635,0,6,384,0.5489247364275173,0.8935384659262214,38,0.0,52,802
ct_w6_i3,6,evaluation,0,64,sampled_full_fisher,488993068020423353,1,7.0,0.046627426014129725,0.046627426014129725,0.9689839710355821,0.9689839710355821,,0.0875736951992662,0,7,448,0.5673290759472672,0.9302375224132091,38,0.0,52,1378
ct_w6_i3,6,evaluation,0,64,ray_plus_residual,488993068020423353,1,7.0,0.09029977010166057,0.09029977010166057,0.9159276867071641,0.9159276867071641,,0.28142281001059116,0,7,448,0.9784819366344932,0.21087001216018308,38,0.0,52,802
ct_w6_i3,6,evaluation,19,64,sampled_adam,16957665898018704511,0,,2.0103922488206223,2.0103922488206223,8.883883080367851e-14,0.9193951649567651,14118777.281059835,0.014472304827226628,1,199,12736,0.14944066590044572,0.9935793873763107,45,0.0,52,104
ct_w6_i3,6,evaluation,19,64,sampled_diagonal_fisher,16957665898018704511,0,,2.000135616261895,2.000135616261895,1.5431525851475254e-22,0.9998854391560493,5118985972.902492,0.00022560725176839445,1,199,12736,0.23942095164021926,1.0659647092989302,45,0.0,52,52
ct_w6_i3,6,evaluation,19,64,sampled_two_block_fisher,16957665898018704511,0,,1.0002822059546297,1.0002822059546297,3.039464132254237e-21,0.986263965666078,97763283719.48155,0.000505810818698741,1,199,12736,0.4263482147633347,0.9469254427897189,45,0.0,52,802
ct_w6_i3,6,evaluation,19,64,sampled_full_fisher,16957665898018704511,0,,1.0027155163733994,1.0027155163733994,5.696355675134098e-20,0.26179165506817414,,0.006314285291877668,0,199,12736,0.7776901787054239,0.6667980523285534,45,0.0,52,1378
ct_w6_i3,6,evaluation,19,64,ray_plus_residual,16957665898018704511,1,8.0,0.045373191851274086,0.045373191851274086,0.9568139580700238,0.9568139580700238,,0.17482284162394424,0,8,512,0.97700677855794,0.21822596028682953,45,0.0,52,802
ct_w6_i3,6,evaluation,42,64,sampled_adam,1028466704287939130,1,59.0,0.0935352144023085,0.0935352144023085,0.9226223551069913,0.9226223551069913,,0.14851382002327568,0,59,3776,0.11317399414930034,0.9954995498750716,48,0.0,52,104
ct_w6_i3,6,evaluation,42,64,sampled_diagonal_fisher,1028466704287939130,1,4.0,0.012587665619060218,0.012587665619060218,0.9885059601814357,0.9885059601814357,,0.026215386733654835,0,4,256,0.27267342089978147,1.1022794154106434,48,0.0,52,52
ct_w6_i3,6,evaluation,42,64,sampled_two_block_fisher,1028466704287939130,1,5.0,0.0227803937764115,0.0227803937764115,0.9849063193406886,0.9849063193406886,,0.03666664322047185,0,5,320,0.15572723526465243,1.171143755086505,48,0.0,52,802
ct_w6_i3,6,evaluation,42,64,sampled_full_fisher,1028466704287939130,1,7.0,0.07901481873530791,0.07901481873530791,0.9453757095890362,0.9453757095890362,,0.1801190830788553,0,7,448,0.7580270559777698,0.695662193916315,48,0.0,52,1378
ct_w6_i3,6,evaluation,42,64,ray_plus_residual,1028466704287939130,1,9.0,0.0847200596570925,0.0847200596570925,0.9182508511091464,0.9182508511091464,,0.4777400556074767,0,9,576,0.9787259363911893,0.2096316982239538,48,0.0,52,802
ct_w6_i3,6,evaluation,50,64,sampled_adam,13028504632079655517,0,,1.0089999418464295,1.0089999418464295,1.865313218754208e-14,0.8537754544774379,,0.010687954178746744,0,199,12736,0.1743475902241633,0.9922798700559461,45,0.0,52,104
ct_w6_i3,6,evaluation,50,64,sampled_diagonal_fisher,13028504632079655517,0,,1.0001317776875958,1.0001317776875958,6.486020941680505e-29,0.6675863884997407,,0.00019974755086797606,0,199,12736,0.26763627337727514,1.1360371710882886,45,0.0,52,52
ct_w6_i3,6,evaluation,50,64,sampled_two_block_fisher,13028504632079655517,0,,1.000341782580417,1.000341782580417,1.965813579738169e-21,0.6519764469341801,,0.000550095115081963,0,199,12736,0.4136108344429914,1.0392227566286691,45,0.0,52,802
ct_w6_i3,6,evaluation,50,64,sampled_full_fisher,13028504632079655517,1,7.0,0.09455065115198025,0.09455065115198025,0.9417931892243935,0.9417931892243935,,0.27648743790354147,0,7,448,0.7661203105301362,0.6839293669230234,45,0.0,52,1378
ct_w6_i3,6,evaluation,50,64,ray_plus_residual,13028504632079655517,1,9.0,0.024198960855715157,0.024198960855715157,0.9766379307539104,0.9766379307539104,,0.11672653626581671,0,9,576,0.9789510072840937,0.2084837560015424,45,0.0,52,802
ct_w6_i3,6,evaluation,101,64,sampled_adam,1731856930347286322,0,,1.0096307707844243,1.0096307707844243,8.234214566631484e-16,0.9872128340543227,2804222.699661424,0.008500322967357532,1,199,12736,0.29888131336007,0.9857566282334075,38,0.0,52,104
ct_w6_i3,6,evaluation,101,64,sampled_diagonal_fisher,1731856930347286322,0,,1.0000443429107744,1.0000443429107744,3.6541015268404166e-28,0.9999164651223806,140262155073.39847,6.240644330339966e-05,1,199,12736,0.3740160075913336,1.1189137521799135,38,0.0,52,52
ct_w6_i3,6,evaluation,101,64,sampled_two_block_fisher,1731856930347286322,0,,1.0001827950341795,1.0001827950341795,1.0994457519060273e-24,0.9290074588716115,675881985118.9128,0.0001755731969398167,1,199,12736,0.4321910677267819,1.0656537263794632,38,0.0,52,802
ct_w6_i3,6,evaluation,101,64,sampled_full_fisher,1731856930347286322,0,,1.0044564750632752,1.0045003688916587,9.803041195108894e-06,0.4758373424332836,,0.005359846533224167,0,199,12736,0.6309701269885535,0.8591040367865196,38,0.0,52,1378
ct_w6_i3,6,evaluation,101,64,ray_plus_residual,1731856930347286322,1,8.0,0.07288497002939742,0.07288497002939742,0.9311618109384739,0.9311618109384739,,0.2425827796249941,0,8,512,0.9783401118724571,0.2115868743216838,38,0.0,52,802
ct_w6_i3,6,evaluation,0,256,sampled_adam,9005018115750767082,0,,1.0073292022012659,1.0073292022012659,1.102455496647837e-14,0.9903873422270179,37189578.09153862,0.006951485184208053,1,199,50944,0.19925426170648983,0.9909786610833469,52,0.0,52,104
ct_w6_i3,6,evaluation,0,256,sampled_diagonal_fisher,9005018115750767082,0,,1.0000188944819257,1.0000188944819257,3.951210418173347e-26,0.9729291519468495,909363506617.6389,2.4910993327007464e-05,1,199,50944,0.3135058554806397,1.161473686220571,52,0.0,52,52
ct_w6_i3,6,evaluation,0,256,sampled_two_block_fisher,9005018115750767082,1,5.0,0.05837474515766061,0.05837474515766061,0.946564955179996,0.946564955179996,,0.22120053968191256,0,5,1280,0.5398889757120444,0.8648833716760413,52,0.0,52,802
ct_w6_i3,6,evaluation,0,256,sampled_full_fisher,9005018115750767082,1,7.0,0.053905436923473715,0.053905436923473715,0.956012967036428,0.956012967036428,,0.1664036697390416,0,7,1792,1.0000000000000002,3.239992775980416e-09,52,0.0,52,1378
ct_w6_i3,6,evaluation,0,256,ray_plus_residual,9005018115750767082,1,8.0,0.038222821680600205,0.038222821680600205,0.9629311488552418,0.9629311488552418,,0.14269752447617917,0,8,2048,0.9799287271109021,0.20343128710344272,52,0.0,52,802
ct_w6_i3,6,evaluation,19,256,sampled_adam,5142533797460033638,0,,2.0082385100229025,2.0082385100229025,1.8680218823267687e-14,0.7895715524754074,,0.01133265295617716,0,199,50944,0.3736015926824877,0.9818218813610731,52,0.0,52,104
ct_w6_i3,6,evaluation,19,256,sampled_diagonal_fisher,5142533797460033638,0,,1.9929846354561125,2.0000681557384397,3.9810864994560844e-28,0.5478204595558398,,0.00013084663584675098,0,199,50944,0.35612654782722836,0.9760168484994602,52,0.0,52,52
ct_w6_i3,6,evaluation,19,256,sampled_two_block_fisher,5142533797460033638,0,,1.0002894623435594,1.0002894623435594,2.4449418473073035e-49,0.5679387295687629,,0.00040524425055299016,0,199,50944,0.5486357390495297,0.8678333780653626,52,0.0,52,802
ct_w6_i3,6,evaluation,19,256,sampled_full_fisher,5142533797460033638,1,10.0,0.05984345496726995,0.05984345496726995,0.9560025643620618,0.9560025643620618,,0.27530125308759107,0,10,2560,1.0,1.889268816455649e-09,52,0.0,52,1378
ct_w6_i3,6,evaluation,19,256,ray_plus_residual,5142533797460033638,1,9.0,0.07696565662337385,0.07696565662337385,0.9247260691008258,0.9247260691008258,,0.4346509782920413,0,9,2304,0.9765565065248522,0.2204288343397138,52,0.0,52,802
ct_w6_i3,6,evaluation,42,256,sampled_adam,4979520963572111776,1,49.0,0.09545650491474511,0.09545650491474511,0.9176702631939089,0.9176702631939089,,0.15504951509351142,0,49,12544,0.09962749599939051,0.9961733036551691,52,0.0,52,104
ct_w6_i3,6,evaluation,42,256,sampled_diagonal_fisher,4979520963572111776,0,,1.000013747505827,1.000013747505827,7.618051748463018e-30,0.5350538811723942,,2.1719810288675153e-05,0,199,50944,0.33259690961825006,0.9899402048156936,52,0.0,52,52
ct_w6_i3,6,evaluation,42,256,sampled_two_block_fisher,4979520963572111776,1,4.0,0.06255554299492516,0.06255554299492516,0.9638882764987909,0.9638882764987909,,0.11687709951736878,0,4,1024,0.38286933836386233,0.9663928902141476,52,0.0,52,802
ct_w6_i3,6,evaluation,42,256,sampled_full_fisher,4979520963572111776,1,8.0,0.09065065877613598,0.09065065877613598,0.9366160743676306,0.9366160743676306,,0.36907047904631224,0,8,2048,0.9999999999999999,2.0507665011073836e-09,52,0.0,52,1378
ct_w6_i3,6,evaluation,42,256,ray_plus_residual,4979520963572111776,1,6.0,0.09413821697499358,0.09413821697499358,0.9152016189566722,0.9152016189566722,,0.3058828813968015,0,6,1536,0.9773698100158307,0.21643581587456065,52,0.0,52,802
ct_w6_i3,6,evaluation,50,256,sampled_adam,15140007244226977905,1,31.0,0.0989947034726466,0.0989947034726466,0.9293505240862401,0.9293505240862401,,0.11911314654306626,0,31,7936,0.2241609405912106,0.9896757400280283,52,0.0,52,104
ct_w6_i3,6,evaluation,50,256,sampled_diagonal_fisher,15140007244226977905,1,2.0,0.0691373865459628,0.0691373865459628,0.9446211201899205,0.9446211201899205,,0.09166335374837668,0,2,512,0.3415277914224998,1.013464532107136,52,0.0,52,52
ct_w6_i3,6,evaluation,50,256,sampled_two_block_fisher,15140007244226977905,1,4.0,0.08701910464262497,0.08701910464262497,0.9547879384377527,0.9547879384377527,,0.21359838195664055,0,4,1024,0.5345944242506333,0.8585882600686091,52,0.0,52,802
ct_w6_i3,6,evaluation,50,256,sampled_full_fisher,15140007244226977905,1,7.0,0.06642410679417132,0.06642410679417132,0.9517318861036641,0.9517318861036641,,0.265701813950104,0,7,1792,1.0000000000000002,2.3949873439500914e-09,52,0.0,52,1378
ct_w6_i3,6,evaluation,50,256,ray_plus_residual,15140007244226977905,1,5.0,0.07823187054373193,0.07823187054373193,0.9312237581535845,0.9312237581535845,,0.32125012911529977,0,5,1280,0.9779507182247369,0.2135443017417346,52,0.0,52,802
ct_w6_i3,6,evaluation,101,256,sampled_adam,2319036839460308472,0,,1.0087953535029808,1.0087953535029808,6.830957216556848e-16,0.9885552134382195,2500084.5099874474,0.007787654643045838,1,199,50944,0.2241609962454293,0.9896757370761747,47,0.0,52,104
ct_w6_i3,6,evaluation,101,256,sampled_diagonal_fisher,2319036839460308472,0,,1.0000079793058294,1.0000079793058294,6.282810982503735e-33,0.9999768383801775,176438798339.4416,1.0531822942081372e-05,1,199,50944,0.2735810213155194,1.1795355625718864,47,0.0,52,52
ct_w6_i3,6,evaluation,101,256,sampled_two_block_fisher,2319036839460308472,0,,1.0000641220908069,1.0000641220908069,3.0080546236653284e-24,0.9631058472183365,493727639317.8516,7.824282323336151e-05,1,199,50944,0.4236964995332366,0.9760735968824221,47,0.0,52,802
ct_w6_i3,6,evaluation,101,256,sampled_full_fisher,2319036839460308472,1,10.0,0.04823710313428364,0.04823710313428364,0.958151502155159,0.958151502155159,,0.16082365693019013,0,10,2560,0.8281198624839932,0.5863107324891929,47,0.0,52,1378
ct_w6_i3,6,evaluation,101,256,ray_plus_residual,2319036839460308472,1,10.0,0.08039277684296842,0.08039277684296842,0.9207841161273881,0.9207841161273881,,0.30494505737090266,0,10,2560,0.978347389512187,0.21155014058532928,47,0.0,52,802
ct_w6_i3,6,evaluation,0,1024,sampled_adam,13963325921448498228,0,,1.006552527391733,1.006552527391733,4.33102640978106e-15,0.9920716148259843,40567157.9245723,0.006087596179435239,1,199,203776,0.2241609255090302,0.9896757407900967,52,0.0,52,104
ct_w6_i3,6,evaluation,0,1024,sampled_diagonal_fisher,13963325921448498228,0,,1.0000139630040152,1.0000139630040152,5.319181331007665e-23,0.9756529120504478,857922148772.5377,2.0102917631739656e-05,1,199,203776,0.3469671016993399,1.076765073205649,52,0.0,52,52
ct_w6_i3,6,evaluation,0,1024,sampled_two_block_fisher,13963325921448498228,1,4.0,0.09145202497472127,0.09145202497472127,0.9148727833717223,0.9148727833717223,,0.32200133399353864,0,4,4096,0.5480426066396669,0.8567581431261024,52,0.0,52,802
ct_w6_i3,6,evaluation,0,1024,sampled_full_fisher,13963325921448498228,1,8.0,0.0379222491952973,0.0379222491952973,0.9654105063328373,0.9654105063328373,,0.15333016529694213,0,8,8192,1.0000000000000002,2.7853126698441206e-09,52,0.0,52,1378
ct_w6_i3,6,evaluation,0,1024,ray_plus_residual,13963325921448498228,1,6.0,0.08769415075456521,0.08769415075456521,0.9162499980169314,0.9162499980169314,,0.3154814349326298,0,6,6144,0.9798122183170651,0.20403912337948155,52,0.0,52,802
ct_w6_i3,6,evaluation,19,1024,sampled_adam,11516173226120285943,0,,2.0072888093474965,2.0072888093474965,8.868238605696796e-15,0.7721650433782059,,0.009835717740176428,0,199,203776,0.42341522115495045,0.9791899245945358,52,0.0,52,104
ct_w6_i3,6,evaluation,19,1024,sampled_diagonal_fisher,11516173226120285943,0,,1.0000063638977146,1.0000063638977146,2.5818295673946874e-36,0.9999944507246584,4628725527.5177965,1.876462330784568e-05,1,199,203776,0.3935570034993163,0.9282791579862547,52,0.0,52,52
ct_w6_i3,6,evaluation,19,1024,sampled_two_block_fisher,11516173226120285943,0,,1.0000236846918824,1.0000236846918824,3.267660343065752e-35,0.5559758285241337,,3.7625977259975905e-05,0,199,203776,0.674369726488507,0.7423816437770425,52,0.0,52,802
ct_w6_i3,6,evaluation,19,1024,sampled_full_fisher,11516173226120285943,1,10.0,0.07056102563780975,0.07056102563780975,0.937776671696244,0.937776671696244,,0.40568908369969886,0,10,10240,1.0000000000000002,1.0527151820074117e-09,52,0.0,52,1378
ct_w6_i3,6,evaluation,19,1024,ray_plus_residual,11516173226120285943,1,7.0,0.034900684073305044,0.034900684073305044,0.9679447400819877,0.9679447400819877,,0.15674026607734912,0,7,7168,0.9771382722882246,0.2175790226025112,52,0.0,52,802
ct_w6_i3,6,evaluation,42,1024,sampled_adam,14315315763567099322,1,54.0,0.08988878816355594,0.08988878816355594,0.9210765268553217,0.9210765268553217,,0.15548323454116106,0,54,55296,0.19925424630945773,0.9909786607067388,52,0.0,52,104
ct_w6_i3,6,evaluation,42,1024,sampled_diagonal_fisher,14315315763567099322,1,4.0,0.006047256585430816,0.006047256585430816,0.9942537482137396,0.9942537482137396,,0.011704113637485246,0,4,4096,0.39902196005978025,0.9427894896210011,52,0.0,52,52
ct_w6_i3,6,evaluation,42,1024,sampled_two_block_fisher,14315315763567099322,1,4.0,0.034801624400211395,0.034801624400211395,0.9707722288040126,0.9707722288040126,,0.07881310278138548,0,4,4096,0.4838325411032586,0.8877623996334907,52,0.0,52,802
ct_w6_i3,6,evaluation,42,1024,sampled_full_fisher,14315315763567099322,1,9.0,0.0437608190188552,0.0437608190188552,0.9608275810752,0.9608275810752,,0.1995943033081342,0,9,9216,1.0,7.213290694844365e-10,52,0.0,52,1378
ct_w6_i3,6,evaluation,42,1024,ray_plus_residual,14315315763567099322,1,5.0,0.08725261798080908,0.08725261798080908,0.921375280719749,0.921375280719749,,0.239533973658975,0,5,5120,0.9772644071989863,0.21695688353496537,52,0.0,52,802
ct_w6_i3,6,evaluation,50,1024,sampled_adam,8399767971481986033,0,,1.0069794419957283,1.0069794419957283,1.7732953656374772e-15,0.7941710763285585,,0.008366462876169828,0,199,203776,0.22416074858401056,0.9896757522966796,52,0.0,52,104
ct_w6_i3,6,evaluation,50,1024,sampled_diagonal_fisher,8399767971481986033,0,,1.0000065360339168,1.0000065360339168,2.3371385542183334e-36,0.9241427626917406,875736383138.3932,1.4135127153898307e-05,1,199,203776,0.32942229656618893,1.006440884985111,52,0.0,52,52
ct_w6_i3,6,evaluation,50,1024,sampled_two_block_fisher,8399767971481986033,1,4.0,0.03796619215538399,0.03796619215538399,0.9685082863547892,0.9685082863547892,,0.14570782878296118,0,4,4096,0.5389384573383091,0.8456424736751222,52,0.0,52,802
ct_w6_i3,6,evaluation,50,1024,sampled_full_fisher,8399767971481986033,1,7.0,0.09152657303172518,0.09152657303172518,0.9261328722740471,0.9261328722740471,,0.45245212983717187,0,7,7168,1.0000000000000002,2.871749026510173e-09,52,0.0,52,1378
ct_w6_i3,6,evaluation,50,1024,ray_plus_residual,8399767971481986033,1,5.0,0.0787276584029879,0.0787276584029879,0.9271490962078349,0.9271490962078349,,0.38496974179466203,0,5,5120,0.977378066327287,0.2163949542458719,52,0.0,52,802
ct_w6_i3,6,evaluation,101,1024,sampled_adam,9262371761330948966,0,,1.0081662371173312,1.0081662371173312,1.8988475666942844e-16,0.9891409426983158,3426243.7927407217,0.007358201134440086,1,199,203776,0.29888119320147083,0.9857566344983487,52,0.0,52,104
ct_w6_i3,6,evaluation,101,1024,sampled_diagonal_fisher,9262371761330948966,0,,1.0000027005938321,1.0000027005938321,3.513954584607417e-33,0.9848787496474649,636420357508.1982,2.8281983154769247e-06,1,199,203776,0.3345990524012189,1.1136851422249299,52,0.0,52,52
ct_w6_i3,6,evaluation,101,1024,sampled_two_block_fisher,9262371761330948966,0,,1.0000224687416726,1.0000224687416726,6.998379395148375e-29,0.9665535023729995,926074008070.3599,2.2096942117679324e-05,1,199,203776,0.590917408110894,0.8169823796946061,52,0.0,52,802
ct_w6_i3,6,evaluation,101,1024,sampled_full_fisher,9262371761330948966,1,11.0,0.06420822432735385,0.06420822432735385,0.9423745290974784,0.9423745290974784,,0.25275184316372007,0,11,11264,1.0,2.3324833394400907e-09,52,0.0,52,1378
ct_w6_i3,6,evaluation,101,1024,ray_plus_residual,9262371761330948966,1,11.0,0.038861294512713584,0.038861294512713584,0.9613896100537794,0.9613896100537794,,0.16530377220809042,0,11,11264,0.9782243689821045,0.21217033918754313,52,0.0,52,802
ct_w6_i3,6,evaluation,0,4096,sampled_adam,14782827933966770484,0,,1.006319251380555,1.006319251380555,1.6441347845327643e-15,0.9916389792124789,62822216.95971008,0.005972422804988601,1,199,815104,0.24906776002627243,0.9883710949757991,52,0.0,52,104
ct_w6_i3,6,evaluation,0,4096,sampled_diagonal_fisher,14782827933966770484,0,,1.000000661333166,1.000000661333166,1.168061985552049e-28,0.9754634297148042,788758992639.1151,7.20113527042565e-07,1,199,815104,0.3550105346974711,1.0432459051928962,52,0.0,52,52
ct_w6_i3,6,evaluation,0,4096,sampled_two_block_fisher,14782827933966770484,1,5.0,0.03647454587054,0.03647454587054,0.9659051982942913,0.9659051982942913,,0.13860539272483033,0,5,20480,0.5980057086234104,0.8085919800496497,52,0.0,52,802
ct_w6_i3,6,evaluation,0,4096,sampled_full_fisher,14782827933966770484,1,8.0,0.08176864573981568,0.08176864573981568,0.923376318661087,0.923376318661087,,0.33244414214595447,0,8,32768,1.0000000000000002,2.512539370491383e-09,52,0.0,52,1378
ct_w6_i3,6,evaluation,0,4096,ray_plus_residual,14782827933966770484,1,6.0,0.07299308607820088,0.07299308607820088,0.929704925650268,0.929704925650268,,0.27026804816866556,0,6,24576,0.9796341120667634,0.20496525151716086,52,0.0,52,802
ct_w6_i3,6,evaluation,19,4096,sampled_adam,6249773472441325482,0,,1.0081428815138747,1.0081428815138747,1.0421229261367288e-18,0.7547127482150296,,0.011499074764668247,0,199,815104,0.2739751070368949,0.987064701599207,52,0.0,52,104
ct_w6_i3,6,evaluation,19,4096,sampled_diagonal_fisher,6249773472441325482,0,,1.0000042525916797,1.0000042525916797,8.986788075685152e-40,0.8536097700693099,,1.1139891698123654e-05,0,199,815104,0.39754353833823447,0.9252924969977778,52,0.0,52,52
ct_w6_i3,6,evaluation,19,4096,sampled_two_block_fisher,6249773472441325482,0,,1.0000098506060553,1.0000098506060553,9.239977880525239e-42,0.7473040903084036,,1.586229426114613e-05,0,199,815104,0.6765422928631039,0.7375607946687844,52,0.0,52,802
ct_w6_i3,6,evaluation,19,4096,sampled_full_fisher,6249773472441325482,1,11.0,0.04374395787451135,0.04374395787451135,0.9588776212950452,0.9588776212950452,,0.2621862405457579,0,11,45056,1.0,7.904522533416991e-10,52,0.0,52,1378
ct_w6_i3,6,evaluation,19,4096,ray_plus_residual,6249773472441325482,1,8.0,0.09048836097190183,0.09048836097190183,0.9119071444793851,0.9119071444793851,,0.5859129759445599,0,8,32768,0.9771074056753104,0.21773103281947778,52,0.0,52,802
ct_w6_i3,6,evaluation,42,4096,sampled_adam,4593488840746339366,1,73.0,0.09622418256327592,0.09622418256327592,0.9123768970369047,0.9123768970369047,,0.17834909224299472,0,73,299008,0.3237879990876758,0.9844467991117003,52,0.0,52,104
ct_w6_i3,6,evaluation,42,4096,sampled_diagonal_fisher,4593488840746339366,1,4.0,0.025489055756951373,0.025489055756951373,0.9774954736442417,0.9774954736442417,,0.05665698062980785,0,4,16384,0.40294656006505436,0.9351130783084981,52,0.0,52,52
ct_w6_i3,6,evaluation,42,4096,sampled_two_block_fisher,4593488840746339366,1,4.0,0.06788726776350451,0.06788726776350451,0.9590350716331697,0.9590350716331697,,0.17164116879774982,0,4,16384,0.47322213651501943,0.8936948493914681,52,0.0,52,802
ct_w6_i3,6,evaluation,42,4096,sampled_full_fisher,4593488840746339366,1,9.0,0.04974556963172816,0.04974556963172816,0.9539927374142746,0.9539927374142746,,0.2187978487379938,0,9,36864,1.0000000000000002,8.632066052868445e-10,52,0.0,52,1378
ct_w6_i3,6,evaluation,42,4096,ray_plus_residual,4593488840746339366,1,5.0,0.049433810687842694,0.049433810687842694,0.955096127431135,0.955096127431135,,0.13183380442338674,0,5,20480,0.9771084847924895,0.2177257199892493,52,0.0,52,802
ct_w6_i3,6,evaluation,50,4096,sampled_adam,6598828858558627264,0,,1.0065985781462494,1.0065985781462494,1.2112379748163221e-15,0.8022829279035159,,0.007602961337311579,0,199,815104,0.3486948000134494,0.9831352143622851,52,0.0,52,104
ct_w6_i3,6,evaluation,50,4096,sampled_diagonal_fisher,6598828858558627264,1,3.0,0.023137567632472766,0.023137567632472766,0.9788652963438553,0.9788652963438553,,0.03518192268094452,0,3,12288,0.36169467218558543,0.9734952895889981,52,0.0,52,52
ct_w6_i3,6,evaluation,50,4096,sampled_two_block_fisher,6598828858558627264,1,3.0,0.0871556760922445,0.0871556760922445,0.935161673726531,0.935161673726531,,0.2575335000649376,0,3,12288,0.6027377387407228,0.7980633423621757,52,0.0,52,802
ct_w6_i3,6,evaluation,50,4096,sampled_full_fisher,6598828858558627264,1,8.0,0.055128537958006874,0.055128537958006874,0.9489064898133381,0.9489064898133381,,0.30987256416008374,0,8,32768,1.0,1.1864169336333097e-09,52,0.0,52,1378
ct_w6_i3,6,evaluation,50,4096,ray_plus_residual,6598828858558627264,1,5.0,0.054217630983858456,0.054217630983858456,0.9501472185392981,0.9501472185392981,,0.25548829121036326,0,5,20480,0.9775589131244286,0.2154982356620444,52,0.0,52,802
ct_w6_i3,6,evaluation,101,4096,sampled_adam,10117031493688818335,0,,1.0082574445936459,1.0082574445936459,1.8777487295353132e-16,0.9891059370504626,3608757.9696081616,0.0074807331817852915,1,199,815104,0.29888115160714174,0.9857566369437342,52,0.0,52,104
ct_w6_i3,6,evaluation,101,4096,sampled_diagonal_fisher,10117031493688818335,0,,1.0000045929166124,1.0000045929166124,7.825305880319627e-34,0.9983857076788745,567654518369.3947,6.821469093086905e-06,1,199,815104,0.35091689167001483,1.0886196097410001,52,0.0,52,52
ct_w6_i3,6,evaluation,101,4096,sampled_two_block_fisher,10117031493688818335,0,,1.000004742143524,1.000004742143524,1.1120818139541662e-30,0.9595705479718298,713260464643.4579,4.7567872259117535e-06,1,199,815104,0.5561558284008544,0.848494850960557,52,0.0,52,802
ct_w6_i3,6,evaluation,101,4096,sampled_full_fisher,10117031493688818335,1,12.0,0.045419231350249945,0.045419231350249945,0.955409011540944,0.955409011540944,,0.20230083647292274,0,12,49152,1.0000000000000002,1.5819096339165713e-09,52,0.0,52,1378
ct_w6_i3,6,evaluation,101,4096,ray_plus_residual,10117031493688818335,1,10.0,0.06498629398783073,0.06498629398783073,0.935651680822579,0.935651680822579,,0.27891482517138755,0,10,40960,0.9783213769349173,0.21168141297457144,52,0.0,52,802
ct_w6_i4,6,evaluation,0,0,analytic_target_cooling,0,1,6.0,0.06718490375813957,0.06718490375813957,0.9361098804129329,0.9361098804129329,,0.04267744206406607,0,0,0,1.0,0.0,-1,0.0,52,52
ct_w6_i4,6,evaluation,19,0,analytic_target_cooling,0,1,18.0,0.07534678963979324,0.07534678963979324,0.9246709423403927,0.9246709423403927,,0.24163551308988063,0,0,0,1.0,0.0,-1,0.0,52,52
ct_w6_i4,6,evaluation,42,0,analytic_target_cooling,0,1,9.0,0.09296454236823948,0.09296454236823948,0.9112858481053402,0.9112858481053402,,0.3063639522430813,0,0,0,1.0,0.0,-1,0.0,52,52
ct_w6_i4,6,evaluation,50,0,analytic_target_cooling,0,1,9.0,0.0934177017917559,0.0934177017917559,0.9099332440803041,0.9099332440803041,,0.26048228887162805,0,0,0,1.0,0.0,-1,0.0,52,52
ct_w6_i4,6,evaluation,101,0,analytic_target_cooling,0,1,10.0,0.09332685452131528,0.09332685452131528,0.9081292279036159,0.9081292279036159,,0.2965329694538156,0,0,0,1.0,0.0,-1,0.0,52,52
ct_w6_i4,6,evaluation,0,64,sampled_adam,7576970139811638436,1,29.0,0.09957935377199512,0.09957935377199512,0.9151427088821183,0.9151427088821183,,0.04637251848921439,0,29,1856,0.26906911002629363,0.988674326924932,26,0.0,52,104
ct_w6_i4,6,evaluation,0,64,sampled_diagonal_fisher,7576970139811638436,1,2.0,0.02278394535114714,0.02278394535114714,0.979496883249463,0.979496883249463,,0.010467511957515043,0,2,128,0.24599831897645089,1.2280078835443597,26,0.0,52,52
ct_w6_i4,6,evaluation,0,64,sampled_two_block_fisher,7576970139811638436,1,2.0,0.076028620597695,0.076028620597695,0.940111796397805,0.940111796397805,,0.03907623008357105,0,2,128,0.4802049149508999,0.9565666313109704,26,0.0,52,802
ct_w6_i4,6,evaluation,0,64,sampled_full_fisher,7576970139811638436,1,3.0,0.09760509762136493,0.09760509762136493,0.9259396866338615,0.9259396866338615,,0.04910747771703043,0,3,192,0.3324930141734731,0.9999999478032454,26,0.0,52,1378
ct_w6_i4,6,evaluation,0,64,ray_plus_residual,7576970139811638436,1,9.0,0.025732374663530067,0.025732374663530067,0.9760828656298339,0.9760828656298339,,0.03176107018865414,0,9,576,0.9794834412616763,0.2057458562149326,26,0.0,52,802
ct_w6_i4,6,evaluation,19,64,sampled_adam,15190820496318195942,0,,1.0110723253760003,1.0110723253760003,7.460166485520986e-17,0.9911222137791987,7745732.198875091,0.005515905880233657,1,199,12736,0.2886752330635834,0.9876571583616477,41,0.0,52,104
ct_w6_i4,6,evaluation,19,64,sampled_diagonal_fisher,15190820496318195942,0,,1.0001607881851218,1.0001607881851218,4.5031312919494097e-29,0.9999135864243622,27944547669.51342,0.00017693694278714947,1,199,12736,0.2553141957503662,1.2203981352408189,41,0.0,52,52
ct_w6_i4,6,evaluation,19,64,sampled_two_block_fisher,15190820496318195942,0,,1.0002474487663022,1.0002474487663022,6.083324323989306e-26,0.9998130350383301,1516502877.6636992,0.00015538106861718518,1,199,12736,0.35732220816852567,1.088566987929037,41,0.0,52,802
ct_w6_i4,6,evaluation,19,64,sampled_full_fisher,15190820496318195942,0,,1.0021420974898216,1.0021420974898216,9.727545533840503e-12,0.7152618609193024,,0.0015920479124373658,0,199,12736,0.5781878820459635,0.9184901936918396,41,0.0,52,1378
ct_w6_i4,6,evaluation,19,64,ray_plus_residual,15190820496318195942,1,12.0,0.028587631469141783,0.028587631469141783,0.9717085960885414,0.9717085960885414,,0.07885094654018403,0,12,768,0.9784454331526983,0.21105472418271637,41,0.0,52,802
ct_w6_i4,6,evaluation,42,64,sampled_adam,5324839420837474553,0,,1.0126537887379587,1.0126537887379587,2.3820096162740848e-14,0.9886500625170668,13816610.400815098,0.01070977201531922,1,199,12736,0.17937942861649472,0.9928152147685653,45,0.0,52,104
ct_w6_i4,6,evaluation,42,64,sampled_diagonal_fisher,5324839420837474553,0,,1.000187037255536,1.000187037255536,1.0180243846579757e-26,0.9998587478428038,99980769424.69545,0.0002056272915528629,1,199,12736,0.2187621435153426,1.217548311564478,45,0.0,52,52
ct_w6_i4,6,evaluation,42,64,sampled_two_block_fisher,5324839420837474553,0,,1.0003515907531906,1.0003515907531906,2.177146680567975e-21,0.9997881367987518,536288425.0947599,0.00047423820158310154,1,199,12736,0.21932050411302403,1.0646429428993949,45,0.0,52,802
ct_w6_i4,6,evaluation,42,64,sampled_full_fisher,5324839420837474553,1,7.0,0.08311246742532141,0.08311246742532141,0.9354584295958305,0.9354584295958305,,0.1468302290806447,0,7,448,0.7376112245440227,0.7244153165912178,45,0.0,52,1378
ct_w6_i4,6,evaluation,42,64,ray_plus_residual,5324839420837474553,1,10.0,0.04240354104784494,0.04240354104784494,0.9594181422199586,0.9594181422199586,,0.12359987229595665,0,10,640,0.9797147418830356,0.20454644441037212,45,0.0,52,802
ct_w6_i4,6,evaluation,50,64,sampled_adam,16731062250818747715,1,47.0,0.09827120332902695,0.09827120332902695,0.9141122413649461,0.9141122413649461,,0.10236525176456171,0,47,3008,0.10090094226608742,0.9964243758280313,44,0.0,52,104
ct_w6_i4,6,evaluation,50,64,sampled_diagonal_fisher,16731062250818747715,1,3.0,0.026487987885257525,0.026487987885257525,0.974664937629206,0.974664937629206,,0.03669989215153657,0,3,192,0.24601943343224933,1.2279906893521229,44,0.0,52,52
ct_w6_i4,6,evaluation,50,64,sampled_two_block_fisher,16731062250818747715,1,3.0,0.09902248520873513,0.09902248520873513,0.9223333560335211,0.9223333560335211,,0.11547040217232898,0,3,192,0.18144951794610292,1.1407688175024076,44,0.0,52,802
ct_w6_i4,6,evaluation,50,64,sampled_full_fisher,16731062250818747715,1,6.0,0.07242221923501191,0.07242221923501191,0.9405398829050838,0.9405398829050838,,0.12573967830324062,0,6,384,0.6635246080834732,0.8203357750537601,44,0.0,52,1378
ct_w6_i4,6,evaluation,50,64,ray_plus_residual,16731062250818747715,1,8.0,0.06979902806488347,0.06979902806488347,0.9369753641481144,0.9369753641481144,,0.2089679523669617,0,8,512,0.9802943725315358,0.20151320076649382,44,0.0,52,802
ct_w6_i4,6,evaluation,101,64,sampled_adam,7711027860793704803,0,,1.0152722883386662,1.0152722883386662,1.0911072057869287e-10,0.9871062297892005,2280998.895987959,0.011086165402215539,1,199,12736,0.22205770146182088,0.9907676447884751,42,0.0,52,104
ct_w6_i4,6,evaluation,101,64,sampled_diagonal_fisher,7711027860793704803,0,,1.0002758894441488,1.0002758894441488,3.2407481382301787e-24,0.7805303272613505,,0.0002839806653960221,0,199,12736,0.3614948610725846,1.1187561425491566,42,0.0,52,52
ct_w6_i4,6,evaluation,101,64,sampled_two_block_fisher,7711027860793704803,0,,1.0007639547753993,1.0007639547753993,7.55652487532486e-10,0.4508481228394363,,0.00074633368892131,0,199,12736,0.42604013095405197,1.0615212984063416,42,0.0,52,802
ct_w6_i4,6,evaluation,101,64,sampled_full_fisher,7711027860793704803,1,8.0,0.08965809345833797,0.08965809345833797,0.9422982352299107,0.9422982352299107,,0.15048439224357676,0,8,512,0.624635079004649,0.8664466757918241,42,0.0,52,1378
ct_w6_i4,6,evaluation,101,64,ray_plus_residual,7711027860793704803,1,18.0,0.012464058747772455,0.012464058747772455,0.9879278408268087,0.9879278408268087,,0.047668149868053546,0,18,1152,0.9793181182904575,0.20659939031185268,42,0.0,52,802
ct_w6_i4,6,evaluation,0,256,sampled_adam,17750317961263356939,1,28.0,0.09806428951641166,0.09806428951641166,0.9161023804800761,0.9161023804800761,,0.04649591376952088,0,28,7168,0.2886751260084388,0.9876571613720481,40,0.0,52,104
ct_w6_i4,6,evaluation,0,256,sampled_diagonal_fisher,17750317961263356939,1,2.0,0.015435230734038186,0.015435230734038186,0.9855253389397841,0.9855253389397841,,0.008907162155628347,0,2,512,0.2885132023184539,1.192884569169663,40,0.0,52,52
ct_w6_i4,6,evaluation,0,256,sampled_two_block_fisher,17750317961263356939,1,2.0,0.04715016076041145,0.04715016076041145,0.9573389967631152,0.9573389967631152,,0.025438135591569693,0,2,512,0.4818098081438795,0.9997161852836037,40,0.0,52,802
ct_w6_i4,6,evaluation,0,256,sampled_full_fisher,17750317961263356939,1,3.0,0.0862230459821216,0.0862230459821216,0.924517718285632,0.924517718285632,,0.050996764831221314,0,3,768,0.5803613733660066,0.916120763473892,40,0.0,52,1378
ct_w6_i4,6,evaluation,0,256,ray_plus_residual,17750317961263356939,1,5.0,0.06936032634656364,0.06936032634656364,0.935904670774474,0.935904670774474,,0.04795999182011621,0,5,1280,0.9788284405418534,0.20910957361314847,40,0.0,52,802
ct_w6_i4,6,evaluation,19,256,sampled_adam,1532720269711673675,0,,1.0095224321372473,1.0095224321372473,4.052694710312472e-18,0.9921373000043141,12931679.630974738,0.004830960115839529,1,199,50944,0.22205783428777087,0.9907676370867288,48,0.0,52,104
ct_w6_i4,6,evaluation,19,256,sampled_diagonal_fisher,1532720269711673675,0,,1.0000219244148703,1.0000219244148703,6.87363541988536e-40,0.9999813222128346,532540583072.32715,1.5134294322550692e-05,1,199,50944,0.28170465437427167,1.1985786128792122,48,0.0,52,52
ct_w6_i4,6,evaluation,19,256,sampled_two_block_fisher,1532720269711673675,0,,1.0001013287830087,1.0001013287830087,1.176652618784294e-24,0.805534159560253,,5.762382188971291e-05,0,199,50944,0.43395896648572896,0.9438142062443433,48,0.0,52,802
ct_w6_i4,6,evaluation,19,256,sampled_full_fisher,1532720269711673675,0,,1.0005259387328707,1.0005259387328707,5.660034339807123e-13,0.6961663058739853,,0.00035942082017332346,0,199,50944,0.8586880517735083,0.5316238298392791,48,0.0,52,1378
ct_w6_i4,6,evaluation,19,256,ray_plus_residual,1532720269711673675,1,11.0,0.08219351410545528,0.08219351410545528,0.9220131496285494,0.9220131496285494,,0.21909456430642715,0,11,2816,0.9792560205529623,0.2069191919493871,48,0.0,52,802
ct_w6_i4,6,evaluation,42,256,sampled_adam,4241897624224279176,0,,1.0125199197403845,1.0125199197403845,2.2682874798618737e-14,0.9889363219437957,11339011.23769667,0.010154883799708725,1,199,50944,0.19985201551817627,0.9918022969579966,50,0.0,52,104
ct_w6_i4,6,evaluation,42,256,sampled_diagonal_fisher,4241897624224279176,0,,1.0000373640797076,1.0000373640797076,1.163112650497509e-24,0.9999701102107381,6167928315.062212,3.104619690920967e-05,1,199,50944,0.300779391121721,1.1031304094840357,50,0.0,52,52
ct_w6_i4,6,evaluation,42,256,sampled_two_block_fisher,4241897624224279176,1,5.0,0.03709044374202186,0.03709044374202186,0.9647964650384501,0.9647964650384501,,0.09592019586956838,0,5,1280,0.3972470615526312,0.9661789523626136,50,0.0,52,802
ct_w6_i4,6,evaluation,42,256,sampled_full_fisher,4241897624224279176,1,7.0,0.0620837776288532,0.0620837776288532,0.9481238367713416,0.9481238367713416,,0.16110079273214037,0,7,1792,0.8523472675146004,0.5434201551017399,50,0.0,52,1378
ct_w6_i4,6,evaluation,42,256,ray_plus_residual,4241897624224279176,1,7.0,0.08184470853396597,0.08184470853396597,0.9236434567520694,0.9236434567520694,,0.2195801914949563,0,7,1792,0.9780367373705178,0.21311324197908715,50,0.0,52,802
ct_w6_i4,6,evaluation,50,256,sampled_adam,18340440084688497758,1,43.0,0.09609569193515277,0.09609569193515277,0.9130201142093385,0.9130201142093385,,0.10543861232578446,0,43,11008,0.33308662889885265,0.9855780605651827,51,0.0,52,104
ct_w6_i4,6,evaluation,50,256,sampled_diagonal_fisher,18340440084688497758,1,3.0,0.012523406578411667,0.012523406578411667,0.9878801068116774,0.9878801068116774,,0.017088488687378986,0,3,768,0.3771734380958447,0.9883786897906882,51,0.0,52,52
ct_w6_i4,6,evaluation,50,256,sampled_two_block_fisher,18340440084688497758,1,3.0,0.08372886368782417,0.08372886368782417,0.9366794826507332,0.9366794826507332,,0.14475555717436941,0,3,768,0.2199372979712608,1.077516459506724,51,0.0,52,802
ct_w6_i4,6,evaluation,50,256,sampled_full_fisher,18340440084688497758,1,7.0,0.043023071048272854,0.043023071048272854,0.9658014043873422,0.9658014043873422,,0.10029147512165375,0,7,1792,0.9291115039350513,0.37653285664055536,51,0.0,52,1378
ct_w6_i4,6,evaluation,50,256,ray_plus_residual,18340440084688497758,1,7.0,0.07689794008086892,0.07689794008086892,0.9319561551433322,0.9319561551433322,,0.21072301396646717,0,7,1792,0.9785481093064766,0.2105348101040994,51,0.0,52,802
ct_w6_i4,6,evaluation,101,256,sampled_adam,9826525723058142041,0,,1.009021880958393,1.009021880958393,1.2788876939797963e-11,0.9922247302845111,10222804.54395199,0.006602948480614987,1,199,50944,0.19985206990161944,0.9918022946557637,49,0.0,52,104
ct_w6_i4,6,evaluation,101,256,sampled_diagonal_fisher,9826525723058142041,0,,1.000107880894026,1.000107880894026,6.46849205591631e-20,0.9999324149378318,32970644163.44075,0.00012795707482842527,1,199,50944,0.3737813772763552,1.0516188207000485,49,0.0,52,52
ct_w6_i4,6,evaluation,101,256,sampled_two_block_fisher,9826525723058142041,0,,1.0002173260354628,1.0002173260354628,1.7871219184869075e-10,0.43464969246138113,,0.0002965832037297919,0,199,50944,0.42172358725582276,0.9482934365245591,49,0.0,52,802
ct_w6_i4,6,evaluation,101,256,sampled_full_fisher,9826525723058142041,1,7.0,0.05941902391092668,0.05941902391092668,0.9508336643709737,0.9508336643709737,,0.1549224417024036,0,7,1792,0.8693672811026613,0.5111413090278247,49,0.0,52,1378
ct_w6_i4,6,evaluation,101,256,ray_plus_residual,9826525723058142041,1,9.0,0.07049009011677754,0.07049009011677754,0.9333103054916698,0.9333103054916698,,0.216473503677764,0,9,2304,0.9790993297548125,0.20772422592324846,49,0.0,52,802
ct_w6_i4,6,evaluation,0,1024,sampled_adam,11637337925456084738,1,27.0,0.0977761700519153,0.0977761700519153,0.9153681637383896,0.9153681637383896,,0.04692525346343648,0,27,27648,0.28867512841535986,0.9876571611547128,52,0.0,52,104
ct_w6_i4,6,evaluation,0,1024,sampled_diagonal_fisher,11637337925456084738,1,2.0,0.01303227975601473,0.01303227975601473,0.9878850380915951,0.9878850380915951,,0.007834709445218543,0,2,2048,0.2949479646544139,1.187478029561462,52,0.0,52,52
ct_w6_i4,6,evaluation,0,1024,sampled_two_block_fisher,11637337925456084738,1,2.0,0.08888040492222515,0.08888040492222515,0.9226503191419378,0.9226503191419378,,0.04698585395603145,0,2,2048,0.501960357225081,0.8988897961369842,52,0.0,52,802
ct_w6_i4,6,evaluation,0,1024,sampled_full_fisher,11637337925456084738,1,4.0,0.06832396410417729,0.06832396410417729,0.9390685558823693,0.9390685558823693,,0.045386936491520855,0,4,4096,0.9999999999999998,7.558361093545968e-09,52,0.0,52,1378
ct_w6_i4,6,evaluation,0,1024,ray_plus_residual,11637337925456084738,1,5.0,0.06522291412021453,0.06522291412021453,0.9382558737973323,0.9382558737973323,,0.03901211424850502,0,5,5120,0.9792495873586479,0.2069522979473043,52,0.0,52,802
ct_w6_i4,6,evaluation,19,1024,sampled_adam,4463297232282101993,0,,1.0100101834153623,1.0100101834153623,6.906125851555958e-18,0.9917211656414742,17062980.29223257,0.0050780087394737975,1,199,203776,0.2886751267172912,0.9876571614054431,51,0.0,52,104
ct_w6_i4,6,evaluation,19,1024,sampled_diagonal_fisher,4463297232282101993,0,,1.0000066622688557,1.0000066622688557,1.1963030601694513e-38,0.9999936886834201,276314013471.7943,5.18082591834033e-06,1,199,203776,0.2895030687788799,1.1920544712563432,51,0.0,52,52
ct_w6_i4,6,evaluation,19,1024,sampled_two_block_fisher,4463297232282101993,0,,1.0000240884149392,1.0000240884149392,3.084582402324624e-25,0.9268346003075016,745280670043.1709,1.825267409073094e-05,1,199,203776,0.5764227339405456,0.8229598048791609,51,0.0,52,802
ct_w6_i4,6,evaluation,19,1024,sampled_full_fisher,4463297232282101993,1,11.0,0.09185674212367445,0.09185674212367445,0.9122375518633995,0.9122375518633995,,0.27003411724223564,0,11,11264,0.9291113513912836,0.3765332617677127,51,0.0,52,1378
ct_w6_i4,6,evaluation,19,1024,ray_plus_residual,4463297232282101993,1,13.0,0.07388542715161428,0.07388542715161428,0.9272826698660193,0.9272826698660193,,0.2239937750201064,0,13,13312,0.9782025281911073,0.21228028287440387,51,0.0,52,802
ct_w6_i4,6,evaluation,42,1024,sampled_adam,3248447222975466457,0,,1.0116897445264819,1.0116897445264819,9.245262344616385e-15,0.9895889058822893,23366719.066800214,0.009756524574707529,1,199,203776,0.2220578045799791,0.9907676388553794,52,0.0,52,104
ct_w6_i4,6,evaluation,42,1024,sampled_diagonal_fisher,3248447222975466457,0,,1.0000076772508493,1.0000076772508493,4.7064341708909087e-32,0.999992633366114,569865693641.287,1.1071065631160908e-05,1,199,203776,0.3356441364735048,1.0153788087730644,52,0.0,52,52
ct_w6_i4,6,evaluation,42,1024,sampled_two_block_fisher,3248447222975466457,1,5.0,0.06719848592000233,0.06719848592000233,0.9361841464663049,0.9361841464663049,,0.18819049545957928,0,5,5120,0.5415776548715752,0.8413282934201589,52,0.0,52,802
ct_w6_i4,6,evaluation,42,1024,sampled_full_fisher,3248447222975466457,1,8.0,0.05532021446843949,0.05532021446843949,0.9555848832703527,0.9555848832703527,,0.16689280276673388,0,8,8192,0.9999999999999998,3.3809838422266277e-09,52,0.0,52,1378
ct_w6_i4,6,evaluation,42,1024,ray_plus_residual,3248447222975466457,1,7.0,0.07354520127771913,0.07354520127771913,0.929928284394996,0.929928284394996,,0.19732161104580306,0,7,7168,0.9782974478999839,0.21180210816609973,52,0.0,52,802
ct_w6_i4,6,evaluation,50,1024,sampled_adam,13191382762423995340,0,,1.0108103429361073,1.0108103429361073,1.3457008310048519e-11,0.9905299661299389,11802100.936429365,0.010750193598985382,1,199,203776,0.28867452438591384,0.9876572140505002,52,0.0,52,104
ct_w6_i4,6,evaluation,50,1024,sampled_diagonal_fisher,13191382762423995340,1,7.0,0.0052982019252620915,0.0052982019252620915,0.9947135534570949,0.9947135534570949,,0.011320270139407777,0,7,7168,0.37005428276735897,1.0067983909078495,52,0.0,52,52
ct_w6_i4,6,evaluation,50,1024,sampled_two_block_fisher,13191382762423995340,1,4.0,0.02923266296738447,0.02923266296738447,0.9732006757604912,0.9732006757604912,,0.08465617704556244,0,4,4096,0.38836648806301866,0.9381593228796138,52,0.0,52,802
ct_w6_i4,6,evaluation,50,1024,sampled_full_fisher,13191382762423995340,1,7.0,0.04677453802396947,0.04677453802396947,0.9568435030502499,0.9568435030502499,,0.13360891273846603,0,7,7168,1.0000000000000004,8.576344180144892e-09,52,0.0,52,1378
ct_w6_i4,6,evaluation,50,1024,ray_plus_residual,13191382762423995340,1,6.0,0.07259020426175056,0.07259020426175056,0.931794671512121,0.931794671512121,,0.18212620156260964,0,6,6144,0.9786571859580021,0.2099812560402446,52,0.0,52,802
ct_w6_i4,6,evaluation,101,1024,sampled_adam,9589608471325895323,0,,1.0089405422064388,1.0089405422064388,5.289478400626026e-12,0.992325932963298,10305059.464252641,0.006693782379550742,1,199,203776,0.310880892278567,0.9866181584085305,52,0.0,52,104
ct_w6_i4,6,evaluation,101,1024,sampled_diagonal_fisher,9589608471325895323,0,,1.0000280242459567,1.0000280242459567,2.871286080511601e-12,0.6450102530617617,,3.416231797476184e-05,0,199,203776,0.37743074487195144,1.000661201999703,52,0.0,52,52
ct_w6_i4,6,evaluation,101,1024,sampled_two_block_fisher,9589608471325895323,1,8.0,0.016769334154673743,0.016769334154673743,0.9858025737912062,0.9858025737912062,,0.05272647904871049,0,8,8192,0.4736415651499946,0.8990081957256127,52,0.0,52,802
ct_w6_i4,6,evaluation,101,1024,sampled_full_fisher,9589608471325895323,1,8.0,0.051602627767547204,0.051602627767547204,0.953152308383703,0.953152308383703,,0.1552207068253149,0,8,8192,1.0000000000000002,7.369314688708214e-09,52,0.0,52,1378
ct_w6_i4,6,evaluation,101,1024,ray_plus_residual,9589608471325895323,1,7.0,0.06023526814664493,0.06023526814664493,0.9418834763795537,0.9418834763795537,,0.1827405728002739,0,7,7168,0.9793061978805164,0.20666081375563278,52,0.0,52,802
ct_w6_i4,6,evaluation,0,4096,sampled_adam,10993623664615239089,1,27.0,0.09759430579198636,0.09759430579198636,0.9150292234667121,0.9150292234667121,,0.04726659359539194,0,27,110592,0.28867512803601486,0.9876571612048562,52,0.0,52,104
ct_w6_i4,6,evaluation,0,4096,sampled_diagonal_fisher,10993623664615239089,1,2.0,0.024341623777356602,0.024341623777356602,0.9758852451372184,0.9758852451372184,,0.015685838671430617,0,2,8192,0.3003233139034611,1.1829426749395247,52,0.0,52,52
ct_w6_i4,6,evaluation,0,4096,sampled_two_block_fisher,10993623664615239089,1,2.0,0.07202814096129018,0.07202814096129018,0.9324788780936899,0.9324788780936899,,0.0410047833494099,0,2,8192,0.5585197588478626,0.8529886596616504,52,0.0,52,802
ct_w6_i4,6,evaluation,0,4096,sampled_full_fisher,10993623664615239089,1,5.0,0.03531259869947867,0.03531259869947867,0.9675951246477276,0.9675951246477276,,0.0218827835634885,0,5,20480,1.0,4.692225856373224e-09,52,0.0,52,1378
ct_w6_i4,6,evaluation,0,4096,ray_plus_residual,10993623664615239089,1,5.0,0.05373443540724132,0.05373443540724132,0.9488693695781288,0.9488693695781288,,0.031960448110286345,0,5,20480,0.9789350115411446,0.20856552238884915,52,0.0,52,802
ct_w6_i4,6,evaluation,19,4096,sampled_adam,2906041176154922626,0,,1.0101435677412134,1.0101435677412134,1.2156875460680264e-17,0.9917508416470566,14003430.379745215,0.00510570966860156,1,199,815104,0.28867486078648086,0.9876571842582313,52,0.0,52,104
ct_w6_i4,6,evaluation,19,4096,sampled_diagonal_fisher,2906041176154922626,0,,1.0000012822703148,1.0000012822703148,3.409494732988353e-41,0.999998963417859,508090170950.85,8.204067660948516e-07,1,199,815104,0.30161880780662836,1.1818470224131137,52,0.0,52,52
ct_w6_i4,6,evaluation,19,4096,sampled_two_block_fisher,2906041176154922626,0,,1.0000077977899124,1.0000077977899124,8.206141208017139e-25,0.8976932357626697,,5.995262624785056e-06,0,199,815104,0.616531373003771,0.7895519470995741,52,0.0,52,802
ct_w6_i4,6,evaluation,19,4096,sampled_full_fisher,2906041176154922626,1,12.0,0.09171255534466738,0.09171255534466738,0.9090829446010135,0.9090829446010135,,0.28343075840893983,0,12,49152,0.9999999999999998,3.061697732018626e-09,52,0.0,52,1378
ct_w6_i4,6,evaluation,19,4096,ray_plus_residual,2906041176154922626,1,13.0,0.06151694300979749,0.06151694300979749,0.9386869696588118,0.9386869696588118,,0.1917309611832696,0,13,53248,0.9787647284189204,0.20943423737231584,52,0.0,52,802
ct_w6_i4,6,evaluation,42,4096,sampled_adam,3692405449112405791,0,,1.0115235632129629,1.0115235632129629,4.697942427827887e-15,0.9897039157333084,23796577.43943443,0.009588743105597156,1,199,815104,0.2220578053467966,0.9907676384141393,52,0.0,52,104
ct_w6_i4,6,evaluation,42,4096,sampled_diagonal_fisher,3692405449112405791,0,,1.0000006516865643,1.0000006516865643,8.94903857470026e-33,0.9999994278035996,125158390499.54268,6.051224737877113e-07,1,199,815104,0.32319622348804766,1.0327591486339236,52,0.0,52,52
ct_w6_i4,6,evaluation,42,4096,sampled_two_block_fisher,3692405449112405791,1,5.0,0.03639141032241966,0.03639141032241966,0.9652624327189706,0.9652624327189706,,0.0886686500481433,0,5,20480,0.5268903242574051,0.8499562205385589,52,0.0,52,802
ct_w6_i4,6,evaluation,42,4096,sampled_full_fisher,3692405449112405791,1,8.0,0.06121176843518761,0.06121176843518761,0.9433113298781713,0.9433113298781713,,0.2072294577214332,0,8,32768,0.9999999999999997,1.930393498288944e-09,52,0.0,52,1378
ct_w6_i4,6,evaluation,42,4096,ray_plus_residual,3692405449112405791,1,6.0,0.08059769769917402,0.08059769769917402,0.9230995722719585,0.9230995722719585,,0.20747795361639715,0,6,24576,0.9780551680650637,0.21302078329584642,52,0.0,52,802
ct_w6_i4,6,evaluation,50,4096,sampled_adam,3939765570093845215,0,,1.0103279383854247,1.0103279383854247,8.20121752678723e-12,0.990786782625377,13490070.20470642,0.010350861824633933,1,199,815104,0.17764635903313225,0.9928358721257481,52,0.0,52,104
ct_w6_i4,6,evaluation,50,4096,sampled_diagonal_fisher,3939765570093845215,1,3.0,0.05561523522420586,0.05561523522420586,0.9448828708147617,0.9448828708147617,,0.11041249251262646,0,3,12288,0.389572860853768,0.9698896210000357,52,0.0,52,52
ct_w6_i4,6,evaluation,50,4096,sampled_two_block_fisher,3939765570093845215,1,4.0,0.01719641583138376,0.01719641583138376,0.9839260698640333,0.9839260698640333,,0.04502580141265239,0,4,16384,0.4004165518788933,0.9313443304472406,52,0.0,52,802
ct_w6_i4,6,evaluation,50,4096,sampled_full_fisher,3939765570093845215,1,7.0,0.07398302776524268,0.07398302776524268,0.9302932414439954,0.9302932414439954,,0.21171031067422014,0,7,28672,1.0,4.464312199516615e-09,52,0.0,52,1378
ct_w6_i4,6,evaluation,50,4096,ray_plus_residual,3939765570093845215,1,6.0,0.05968689252128634,0.05968689252128634,0.9431015006402971,0.9431015006402971,,0.15118919111043855,0,6,24576,0.9792324540076577,0.2070404456067183,52,0.0,52,802
ct_w6_i4,6,evaluation,101,4096,sampled_adam,803593681462941099,0,,1.0088537671757312,1.0088537671757312,2.656014363377343e-07,0.9802547296052389,744593875.2472396,0.006724992802789747,1,199,815104,0.28867523632749514,0.9876571590423329,52,0.0,52,104
ct_w6_i4,6,evaluation,101,4096,sampled_diagonal_fisher,803593681462941099,0,,1.0000038142075365,1.0000038142075365,2.64491280970728e-14,0.6238988454767779,,3.0992931081762757e-06,0,199,815104,0.3953545087873467,1.0347053466558809,52,0.0,52,52
ct_w6_i4,6,evaluation,101,4096,sampled_two_block_fisher,803593681462941099,1,6.0,0.0944447884963342,0.0944447884963342,0.9153238307842255,0.9153238307842255,,0.28119415080064114,0,6,24576,0.5109641712441767,0.8810869084904253,52,0.0,52,802
ct_w6_i4,6,evaluation,101,4096,sampled_full_fisher,803593681462941099,1,8.0,0.0937209344618033,0.0937209344618033,0.9094680843006777,0.9094680843006777,,0.29122154263394245,0,8,32768,0.9999999999999998,1.4412950920669335e-08,52,0.0,52,1378
ct_w6_i4,6,evaluation,101,4096,ray_plus_residual,803593681462941099,1,6.0,0.09619452883099378,0.09619452883099378,0.9076630353385171,0.9076630353385171,,0.28271080969480394,0,6,24576,0.979672782961619,0.20476448128372274,52,0.0,52,802
ct_w6_i5,6,evaluation,0,0,analytic_target_cooling,0,1,9.0,0.08580482551259117,0.08580482551259117,0.916172209285942,0.916172209285942,,0.22105205689825527,0,0,0,1.0,0.0,-1,0.0,53,53
ct_w6_i5,6,evaluation,19,0,analytic_target_cooling,0,1,9.0,0.09730332288570409,0.09730332288570409,0.909052769168532,0.909052769168532,,0.34746241934231525,0,0,0,1.0,0.0,-1,0.0,53,53
ct_w6_i5,6,evaluation,42,0,analytic_target_cooling,0,1,8.0,0.07302311962333441,0.07302311962333441,0.9297740274394306,0.9297740274394306,,0.14661512099074128,0,0,0,1.0,0.0,-1,0.0,53,53
ct_w6_i5,6,evaluation,50,0,analytic_target_cooling,0,1,9.0,0.06095735174202943,0.06095735174202943,0.9462631272287617,0.9462631272287617,,0.14841821593036728,0,0,0,1.0,0.0,-1,0.0,53,53
ct_w6_i5,6,evaluation,101,0,analytic_target_cooling,0,1,9.0,0.07528340607559514,0.07528340607559514,0.9285120964592175,0.9285120964592175,,0.4500478259892107,0,0,0,1.0,0.0,-1,0.0,53,53
ct_w6_i5,6,evaluation,0,64,sampled_adam,9764610725895886091,1,40.0,0.09999860727926979,0.09999860727926979,0.9168172514547025,0.9168172514547025,,0.10118963845551496,0,40,2560,0.2435145795650579,0.989618832045621,49,0.0,53,106
ct_w6_i5,6,evaluation,0,64,sampled_diagonal_fisher,9764610725895886091,1,3.0,0.048765049851247966,0.048765049851247966,0.954238949375958,0.954238949375958,,0.07657730990489514,0,3,192,0.26255755380807694,1.0607397372988565,49,0.0,53,53
ct_w6_i5,6,evaluation,0,64,sampled_two_block_fisher,9764610725895886091,1,4.0,0.07277246486625444,0.07277246486625444,0.9401289654805952,0.9401289654805952,,0.10673470195447614,0,4,256,0.4358681264612268,1.0097200224285037,49,0.0,53,839
ct_w6_i5,6,evaluation,0,64,sampled_full_fisher,9764610725895886091,1,6.0,0.0880219308211121,0.0880219308211121,0.9310663905327127,0.9310663905327127,,0.1278663997037664,0,6,384,0.8183551863431444,0.6027351220177162,49,0.0,53,1431
ct_w6_i5,6,evaluation,0,64,ray_plus_residual,9764610725895886091,1,10.0,0.07563869373182364,0.07563869373182364,0.9360792056571923,0.9360792056571923,,0.31018373821513845,0,10,640,0.9786391598662211,0.2100728246449782,49,0.0,53,839
ct_w6_i5,6,evaluation,19,64,sampled_adam,8342401483674251885,1,64.0,0.09810516739216446,0.09810516739216446,0.9156031237922216,0.9156031237922216,,0.14783869250472967,0,64,4096,0.2570193445658801,0.9890727665835888,44,0.0,53,106
ct_w6_i5,6,evaluation,19,64,sampled_diagonal_fisher,8342401483674251885,1,4.0,0.029077633989892604,0.029077633989892604,0.9752524607426357,0.9752524607426357,,0.03790219010855436,0,4,256,0.2315047344387271,1.0414446654087002,44,0.0,53,53
ct_w6_i5,6,evaluation,19,64,sampled_two_block_fisher,8342401483674251885,1,6.0,0.02929202783227325,0.02929202783227325,0.98096454589699,0.98096454589699,,0.04964872590858878,0,6,384,0.33821579155624043,1.0258383904021278,44,0.0,53,839
ct_w6_i5,6,evaluation,19,64,sampled_full_fisher,8342401483674251885,1,6.0,0.0967900569486293,0.0967900569486293,0.9416316869049612,0.9416316869049612,,0.19595725758868665,0,6,384,0.6333119273215582,0.8563738350492054,44,0.0,53,1431
ct_w6_i5,6,evaluation,19,64,ray_plus_residual,8342401483674251885,1,8.0,0.030121374404300738,0.030121374404300738,0.9709435659388741,0.9709435659388741,,0.11788304107272896,0,8,512,0.978386882920954,0.21135070139695172,44,0.0,53,839
ct_w6_i5,6,evaluation,42,64,sampled_adam,9627533642403967753,1,41.0,0.09847810085917175,0.09847810085917175,0.9208652589022372,0.9208652589022372,,0.07554982324056603,0,41,2624,0.2435142555226821,0.9896188443901165,47,0.0,53,106
ct_w6_i5,6,evaluation,42,64,sampled_diagonal_fisher,9627533642403967753,1,3.0,0.04452841101193172,0.04452841101193172,0.96104630115317,0.96104630115317,,0.04781065344629556,0,3,192,0.302171975276131,1.0517100873213832,47,0.0,53,53
ct_w6_i5,6,evaluation,42,64,sampled_two_block_fisher,9627533642403967753,1,3.0,0.07125024555159598,0.07125024555159598,0.9453178495118312,0.9453178495118312,,0.06915188140552946,0,3,192,0.36351009326765965,1.0517476938141421,47,0.0,53,839
ct_w6_i5,6,evaluation,42,64,sampled_full_fisher,9627533642403967753,1,6.0,0.04637749562061799,0.04637749562061799,0.973238242054875,0.973238242054875,,0.05544023366963221,0,6,384,0.7542396455390625,0.701085379195626,47,0.0,53,1431
ct_w6_i5,6,evaluation,42,64,ray_plus_residual,9627533642403967753,1,6.0,0.07684343222736523,0.07684343222736523,0.929365629745704,0.929365629745704,,0.20784370014823722,0,6,384,0.9785397888264412,0.21057698363535396,47,0.0,53,839
ct_w6_i5,6,evaluation,50,64,sampled_adam,6137037253206846668,0,,2.008499562766241,2.008499562766241,2.7833819517920305e-08,0.8832560753474864,,0.0066811201486054106,0,199,12736,0.22137657367536673,0.9906681483614839,44,0.0,53,106
ct_w6_i5,6,evaluation,50,64,sampled_diagonal_fisher,6137037253206846668,0,,2.0002164383170538,2.0002164383170538,6.957193135917101e-12,0.9421609082194927,93445884514.32578,0.00027979659738842894,1,199,12736,0.2883804609129272,1.1929958416415984,44,0.0,53,53
ct_w6_i5,6,evaluation,50,64,sampled_two_block_fisher,6137037253206846668,1,5.0,0.041697992088655766,0.041697992088655766,0.9738797534116711,0.9738797534116711,,0.05659105402906705,0,5,320,0.4220180798123659,0.9792446791346336,44,0.0,53,839
ct_w6_i5,6,evaluation,50,64,sampled_full_fisher,6137037253206846668,1,7.0,0.04762310099500766,0.04762310099500766,0.9642776840402442,0.9642776840402442,,0.05355704123597543,0,7,448,0.5474441076821667,0.9513736304079836,44,0.0,53,1431
ct_w6_i5,6,evaluation,50,64,ray_plus_residual,6137037253206846668,1,13.0,0.030017576748679886,0.030017576748679886,0.9718433724939263,0.9718433724939263,,0.112102533285164,0,13,832,0.9792949665258768,0.20671867199017058,44,0.0,53,839
ct_w6_i5,6,evaluation,101,64,sampled_adam,15102061099496412892,0,,1.011969748250193,1.011969748250193,2.7057499258007167e-12,0.989952378578469,11121773.114572877,0.01504858240419749,1,199,12736,0.22137663883245898,0.9906681455741368,44,0.0,53,106
ct_w6_i5,6,evaluation,101,64,sampled_diagonal_fisher,15102061099496412892,1,2.0,0.04496699896578882,0.04496699896578882,0.9647545172988418,0.9647545172988418,,0.05807994645388338,0,2,128,0.19280614851075512,1.0798991001044325,44,0.0,53,53
ct_w6_i5,6,evaluation,101,64,sampled_two_block_fisher,15102061099496412892,1,4.0,0.04206746353805002,0.04206746353805002,0.9725105922909735,0.9725105922909735,,0.06124494497904256,0,4,256,0.2813677238789641,1.0905890276238033,44,0.0,53,839
ct_w6_i5,6,evaluation,101,64,sampled_full_fisher,15102061099496412892,1,7.0,0.08090128792904139,0.08090128792904139,0.9427943695539575,0.9427943695539575,,0.15791269910757444,0,7,448,0.6466159402039688,0.8406950217481142,44,0.0,53,1431
ct_w6_i5,6,evaluation,101,64,ray_plus_residual,15102061099496412892,1,5.0,0.09439554523343574,0.09439554523343574,0.919152177420333,0.919152177420333,,0.3216396994689998,0,5,320,0.9783206436239702,0.21168511259786893,44,0.0,53,839
ct_w6_i5,6,evaluation,0,256,sampled_adam,7667086394979437556,1,38.0,0.09907919640214047,0.09907919640214047,0.9156094347236908,0.9156094347236908,,0.10527205642270511,0,38,9728,0.15496371491070376,0.993809406263623,52,0.0,53,106
ct_w6_i5,6,evaluation,0,256,sampled_diagonal_fisher,7667086394979437556,1,4.0,0.006572460744891373,0.006572460744891373,0.9938861702433217,0.9938861702433217,,0.008486999182849373,0,4,1024,0.26036533096201403,1.015431286875753,52,0.0,53,53
ct_w6_i5,6,evaluation,0,256,sampled_two_block_fisher,7667086394979437556,1,4.0,0.03870989320395957,0.03870989320395957,0.967724516065301,0.967724516065301,,0.05433488847772709,0,4,1024,0.5235368723466174,0.8522738217477244,52,0.0,53,839
ct_w6_i5,6,evaluation,0,256,sampled_full_fisher,7667086394979437556,1,7.0,0.04405378463016696,0.04405378463016696,0.9630540750770002,0.9630540750770002,,0.11112104830718782,0,7,1792,0.9281553908665667,0.3790636071517115,52,0.0,53,1431
ct_w6_i5,6,evaluation,0,256,ray_plus_residual,7667086394979437556,1,7.0,0.07647227223022313,0.07647227223022313,0.9328528675716323,0.9328528675716323,,0.23023549902538476,0,7,1792,0.9786848869691483,0.2098404729486825,52,0.0,53,839
ct_w6_i5,6,evaluation,19,256,sampled_adam,11532437129480565285,0,,2.00829825732672,2.00829825732672,3.291890631044246e-08,0.9019658457311299,7456451794.144161,0.009804255575463518,1,199,50944,0.2656519293267677,0.9885684269130945,52,0.0,53,106
ct_w6_i5,6,evaluation,19,256,sampled_diagonal_fisher,11532437129480565285,1,4.0,0.07881549437925273,0.07881549437925273,0.9269754271354212,0.9269754271354212,,0.1762566142070741,0,4,1024,0.34642499300315527,0.9553390192655612,52,0.0,53,53
ct_w6_i5,6,evaluation,19,256,sampled_two_block_fisher,11532437129480565285,1,4.0,0.060961818398507006,0.060961818398507006,0.9488419915412722,0.9488419915412722,,0.13919851014231815,0,4,1024,0.5455099820064716,0.8453849987089528,52,0.0,53,839
ct_w6_i5,6,evaluation,19,256,sampled_full_fisher,11532437129480565285,1,8.0,0.0691155255897975,0.0691155255897975,0.9492860252936788,0.9492860252936788,,0.1944433492510926,0,8,2048,0.9281549973760402,0.3790646452096524,52,0.0,53,1431
ct_w6_i5,6,evaluation,19,256,ray_plus_residual,11532437129480565285,1,6.0,0.047376357085745724,0.047376357085745724,0.9575166072159302,0.9575166072159302,,0.12324045988426797,0,6,1536,0.9771801940749988,0.21737242133399293,52,0.0,53,839
ct_w6_i5,6,evaluation,42,256,sampled_adam,2205844861894295728,1,35.0,0.09952290065811198,0.09952290065811198,0.9215117035598408,0.9215117035598408,,0.0751255164608068,0,35,8960,0.19923894981400733,0.9917163396843073,53,0.0,53,106
ct_w6_i5,6,evaluation,42,256,sampled_diagonal_fisher,2205844861894295728,1,3.0,0.009941948434891046,0.009941948434891046,0.9917329972932702,0.9917329972932702,,0.010027366494937982,0,3,768,0.3210213208852515,1.0226254021562444,53,0.0,53,53
ct_w6_i5,6,evaluation,42,256,sampled_two_block_fisher,2205844861894295728,1,3.0,0.022588596493175572,0.022588596493175572,0.9809138736900687,0.9809138736900687,,0.019758923716992356,0,3,768,0.4704222653510419,0.9006484722854627,53,0.0,53,839
ct_w6_i5,6,evaluation,42,256,sampled_full_fisher,2205844861894295728,1,6.0,0.068091684262793,0.068091684262793,0.9499043615671559,0.9499043615671559,,0.13026910536320238,0,6,1536,0.9999999999999998,1.8648706651268853e-09,53,0.0,53,1431
ct_w6_i5,6,evaluation,42,256,ray_plus_residual,2205844861894295728,1,5.0,0.04889087895485744,0.04889087895485744,0.9556698185384648,0.9556698185384648,,0.06813709602502566,0,5,1280,0.9785244653096253,0.21065463377060706,53,0.0,53,839
ct_w6_i5,6,evaluation,50,256,sampled_adam,9404556981356567367,0,,2.0074063121777446,2.0074063121777446,1.6825136174800532e-08,0.8904300263078111,,0.005828296336858676,0,199,50944,0.33206497638883165,0.9854104554374821,51,0.0,53,106
ct_w6_i5,6,evaluation,50,256,sampled_diagonal_fisher,9404556981356567367,0,,2.0000226646154626,2.0000226646154626,5.562847354281326e-19,0.8354480886220071,,2.5738358028429833e-05,0,199,50944,0.3096835993669428,1.0858700198769393,51,0.0,53,53
ct_w6_i5,6,evaluation,50,256,sampled_two_block_fisher,9404556981356567367,1,5.0,0.022849489281899338,0.022849489281899338,0.9816381739263141,0.9816381739263141,,0.037971576526701876,0,5,1280,0.47934904599017375,0.8815148774575415,51,0.0,53,839
ct_w6_i5,6,evaluation,50,256,sampled_full_fisher,9404556981356567367,1,7.0,0.05859372906077098,0.05859372906077098,0.9571237369161283,0.9571237369161283,,0.14181320741806488,0,7,1792,0.8900605723322732,0.4689124175530586,51,0.0,53,1431
ct_w6_i5,6,evaluation,50,256,ray_plus_residual,9404556981356567367,1,6.0,0.08115888254155479,0.08115888254155479,0.930482813820066,0.930482813820066,,0.17376864235122713,0,6,1536,0.9781552255895114,0.2125182282104199,51,0.0,53,839
ct_w6_i5,6,evaluation,101,256,sampled_adam,14852752036771898254,0,,1.0076632518316604,1.0076632518316604,5.4904126372537475e-15,0.9938546708661028,11725819.878423,0.00915623168746647,1,199,50944,0.3984779128027311,0.9822423371821053,52,0.0,53,106
ct_w6_i5,6,evaluation,101,256,sampled_diagonal_fisher,14852752036771898254,0,,1.000086807189124,1.000086807189124,1.4947821348985236e-28,0.9998869945199712,114824581679.64671,0.0001950411618864348,1,199,50944,0.2601025740414176,1.0130651413551908,52,0.0,53,53
ct_w6_i5,6,evaluation,101,256,sampled_two_block_fisher,14852752036771898254,0,,1.000076401388867,1.000076401388867,1.2673931492948346e-20,0.8331268489227427,,9.189496770522168e-05,0,199,50944,0.3839909184368332,0.9631240919895181,52,0.0,53,839
ct_w6_i5,6,evaluation,101,256,sampled_full_fisher,14852752036771898254,1,7.0,0.07602365535466049,0.07602365535466049,0.9443984413679873,0.9443984413679873,,0.31145398966667714,0,7,1792,0.885183612931517,0.4792001399592519,52,0.0,53,1431
ct_w6_i5,6,evaluation,101,256,ray_plus_residual,14852752036771898254,1,5.0,0.09512606131935186,0.09512606131935186,0.9153062096433696,0.9153062096433696,,0.4413809817747981,0,5,1280,0.9776252815330816,0.21516833955705822,52,0.0,53,839
ct_w6_i5,6,evaluation,0,1024,sampled_adam,581451738330829050,1,36.0,0.095966409544749,0.095966409544749,0.919095026511417,0.919095026511417,,0.1007832896824997,0,36,36864,0.26565188054410205,0.9885684289528442,53,0.0,53,106
ct_w6_i5,6,evaluation,0,1024,sampled_diagonal_fisher,581451738330829050,1,3.0,0.02125572146792898,0.02125572146792898,0.979807212372465,0.979807212372465,,0.030919954773083062,0,3,3072,0.31417194434219714,0.991241562427861,53,0.0,53,53
ct_w6_i5,6,evaluation,0,1024,sampled_two_block_fisher,581451738330829050,1,4.0,0.026627715055354884,0.026627715055354884,0.9760072636830387,0.9760072636830387,,0.04070156497974069,0,4,4096,0.5457465746883662,0.838777314061426,53,0.0,53,839
ct_w6_i5,6,evaluation,0,1024,sampled_full_fisher,581451738330829050,1,7.0,0.08235964827967734,0.08235964827967734,0.9242351759973961,0.9242351759973961,,0.212900973790823,0,7,7168,0.9999999999999998,2.366988697188258e-09,53,0.0,53,1431
ct_w6_i5,6,evaluation,0,1024,ray_plus_residual,581451738330829050,1,6.0,0.0721988055416336,0.0721988055416336,0.9316392034223104,0.9316392034223104,,0.1522371921449696,0,6,6144,0.9782990938595424,0.21179380806210646,53,0.0,53,839
ct_w6_i5,6,evaluation,19,1024,sampled_adam,16361101798262158582,1,109.0,0.09120327156688646,0.09120327156688646,0.913692996730268,0.913692996730268,,0.180935009217833,0,109,111616,0.22137657748509504,0.9906681488832669,53,0.0,53,106
ct_w6_i5,6,evaluation,19,1024,sampled_diagonal_fisher,16361101798262158582,0,,1.0000041199612895,1.0000041199612895,9.916374652451887e-07,0.9999704465898608,879509304878.6488,7.203046652766835e-06,1,199,203776,0.3592391086348955,0.9501544751163541,53,0.0,53,53
ct_w6_i5,6,evaluation,19,1024,sampled_two_block_fisher,16361101798262158582,1,4.0,0.08329991217847699,0.08329991217847699,0.9226414494602789,0.9226414494602789,,0.1992952182973424,0,4,4096,0.6771473321363527,0.7434614402493757,53,0.0,53,839
ct_w6_i5,6,evaluation,19,1024,sampled_full_fisher,16361101798262158582,1,8.0,0.05676653121297903,0.05676653121297903,0.9563452194635175,0.9563452194635175,,0.21297656180195082,0,8,8192,0.9999999999999998,2.209000913654242e-09,53,0.0,53,1431
ct_w6_i5,6,evaluation,19,1024,ray_plus_residual,16361101798262158582,1,5.0,0.09837279221249418,0.09837279221249418,0.9126275801312871,0.9126275801312871,,0.24214221064680055,0,5,5120,0.9765301117491691,0.22055737734058797,53,0.0,53,839
ct_w6_i5,6,evaluation,42,1024,sampled_adam,16785079644036216425,1,33.0,0.09738779144856302,0.09738779144856302,0.9219220847293154,0.9219220847293154,,0.07443570206059316,0,33,33792,0.35420255849428545,0.9843555483001417,53,0.0,53,106
ct_w6_i5,6,evaluation,42,1024,sampled_diagonal_fisher,16785079644036216425,1,2.0,0.06898940666629727,0.06898940666629727,0.9334276818202089,0.9334276818202089,,0.06606140409112456,0,2,2048,0.30557577420695164,1.0724033029709112,53,0.0,53,53
ct_w6_i5,6,evaluation,42,1024,sampled_two_block_fisher,16785079644036216425,1,3.0,0.04313033299682267,0.04313033299682267,0.9672134306654712,0.9672134306654712,,0.04016738412876098,0,3,3072,0.5297306934529359,0.8533737234797375,53,0.0,53,839
ct_w6_i5,6,evaluation,42,1024,sampled_full_fisher,16785079644036216425,1,6.0,0.08727498524156196,0.08727498524156196,0.9279014998548623,0.9279014998548623,,0.1831585631900283,0,6,6144,0.9999999999999998,1.4325630588526348e-09,53,0.0,53,1431
ct_w6_i5,6,evaluation,42,1024,ray_plus_residual,16785079644036216425,1,4.0,0.09970239725999974,0.09970239725999974,0.9116569123705202,0.9116569123705202,,0.12077905482978253,0,4,4096,0.9782287629283071,0.21214821464243833,53,0.0,53,839
ct_w6_i5,6,evaluation,50,1024,sampled_adam,18044954495498707542,0,,2.0066268435690855,2.0066268435690855,3.201206923711847e-09,0.9568027580928701,460313095.0399878,0.005420934386183143,1,199,203776,0.30992722408820295,0.9864642367482268,53,0.0,53,106
ct_w6_i5,6,evaluation,50,1024,sampled_diagonal_fisher,18044954495498707542,0,,2.0000086465188645,2.0000086465188645,1.1577639905446273e-16,0.7133656062892493,,1.150826074829981e-05,0,199,203776,0.3247134575668814,1.0446528028916011,53,0.0,53,53
ct_w6_i5,6,evaluation,50,1024,sampled_two_block_fisher,18044954495498707542,1,5.0,0.05847180767349336,0.05847180767349336,0.9546810405380904,0.9546810405380904,,0.11468037783446354,0,5,5120,0.4683943970369472,0.8842930887306486,53,0.0,53,839
ct_w6_i5,6,evaluation,50,1024,sampled_full_fisher,18044954495498707542,1,7.0,0.07070035513574702,0.07070035513574702,0.9481845698789187,0.9481845698789187,,0.16877703506304953,0,7,7168,0.9999999999999998,4.16387506416419e-09,53,0.0,53,1431
ct_w6_i5,6,evaluation,50,1024,ray_plus_residual,18044954495498707542,1,5.0,0.09421849389480563,0.09421849389480563,0.9246200129888316,0.9246200129888316,,0.1864263106988751,0,5,5120,0.978137613301638,0.21260676372705933,53,0.0,53,839
ct_w6_i5,6,evaluation,101,1024,sampled_adam,9101864071119326916,0,,1.006938125231045,1.006938125231045,1.5190787494731386e-15,0.9942381695790323,24315378.20704822,0.008618235087912674,1,199,203776,0.28778956949311507,0.987516895526402,53,0.0,53,106
ct_w6_i5,6,evaluation,101,1024,sampled_diagonal_fisher,9101864071119326916,0,,1.000003514763634,1.000003514763634,1.4196144364191202e-31,0.999467559796807,944210632429.97,7.695407329746506e-06,1,199,203776,0.3271246890843888,0.9581132656451641,53,0.0,53,53
ct_w6_i5,6,evaluation,101,1024,sampled_two_block_fisher,9101864071119326916,0,,1.0000137547612464,1.0000137547612464,1.941240151325452e-25,0.7309261997110482,,2.020557996772087e-05,0,199,203776,0.5119689400200679,0.862343193766823,53,0.0,53,839
ct_w6_i5,6,evaluation,101,1024,sampled_full_fisher,9101864071119326916,1,8.0,0.040733554959867746,0.040733554959867746,0.967002008200471,0.967002008200471,,0.21666912457790066,0,8,8192,1.0000000000000004,5.177274300870732e-09,53,0.0,53,1431
ct_w6_i5,6,evaluation,101,1024,ray_plus_residual,9101864071119326916,1,6.0,0.06377232576075542,0.06377232576075542,0.9400981938079696,0.9400981938079696,,0.3499791095091311,0,6,6144,0.977428865656411,0.21614339416178446,53,0.0,53,839
ct_w6_i5,6,evaluation,0,4096,sampled_adam,3156266457812084879,1,35.0,0.09572676574393313,0.09572676574393313,0.9193467145041481,0.9193467145041481,,0.10055824687296681,0,35,143360,0.2656518685499508,0.9885684313531306,53,0.0,53,106
ct_w6_i5,6,evaluation,0,4096,sampled_diagonal_fisher,3156266457812084879,1,3.0,0.024183335046791044,0.024183335046791044,0.9763928629918859,0.9763928629918859,,0.033657483425830775,0,3,12288,0.2965565105810899,0.9856348233401259,53,0.0,53,53
ct_w6_i5,6,evaluation,0,4096,sampled_two_block_fisher,3156266457812084879,1,4.0,0.02580307517901126,0.02580307517901126,0.9760644041181733,0.9760644041181733,,0.03851412502750425,0,4,16384,0.5866372009018924,0.8110841497741617,53,0.0,53,839
ct_w6_i5,6,evaluation,0,4096,sampled_full_fisher,3156266457812084879,1,8.0,0.05357369054978989,0.05357369054978989,0.9491323675874187,0.9491323675874187,,0.14365369233036338,0,8,32768,1.0,2.0122322611853965e-09,53,0.0,53,1431
ct_w6_i5,6,evaluation,0,4096,ray_plus_residual,3156266457812084879,1,5.0,0.08524565908041914,0.08524565908041914,0.9192946872451002,0.9192946872451002,,0.17279575741807307,0,5,20480,0.9780543155657739,0.21302506067944044,53,0.0,53,839
ct_w6_i5,6,evaluation,19,4096,sampled_adam,17893019536802479387,0,,2.0077070139233992,2.0077070139233992,5.907811462901946e-09,0.9412956966152843,5657413028.2056465,0.009319668741859905,1,199,815104,0.33206486964173276,0.9854104586596333,53,0.0,53,106
ct_w6_i5,6,evaluation,19,4096,sampled_diagonal_fisher,17893019536802479387,0,,1.000001391081927,1.000001391081927,6.299897389174129e-09,0.9999988316419993,371283272853.548,2.5026206343547675e-06,1,199,815104,0.37047399625139155,0.9402938465888557,53,0.0,53,53
ct_w6_i5,6,evaluation,19,4096,sampled_two_block_fisher,17893019536802479387,1,4.0,0.06417364908294232,0.06417364908294232,0.9409185007455244,0.9409185007455244,,0.1545450207784643,0,4,16384,0.6338170553852187,0.7768640494598672,53,0.0,53,839
ct_w6_i5,6,evaluation,19,4096,sampled_full_fisher,17893019536802479387,1,9.0,0.0372757767681815,0.0372757767681815,0.9664908458698099,0.9664908458698099,,0.1422884410680978,0,9,36864,1.0,1.879476014845811e-09,53,0.0,53,1431
ct_w6_i5,6,evaluation,19,4096,ray_plus_residual,17893019536802479387,1,5.0,0.0470041131110186,0.0470041131110186,0.9568174840082737,0.9568174840082737,,0.11115948298246754,0,5,20480,0.9767401745421445,0.21953257373286425,53,0.0,53,839
ct_w6_i5,6,evaluation,42,4096,sampled_adam,2259398730550260981,1,33.0,0.09934622856187225,0.09934622856187225,0.9208792795800664,0.9208792795800664,,0.07584297012054643,0,33,135168,0.30992726041306673,0.9864642352637462,53,0.0,53,106
ct_w6_i5,6,evaluation,42,4096,sampled_diagonal_fisher,2259398730550260981,1,3.0,0.006466624804916776,0.006466624804916776,0.9939087588852409,0.9939087588852409,,0.005893537825619022,0,3,12288,0.318647708939781,1.056035854579423,53,0.0,53,53
ct_w6_i5,6,evaluation,42,4096,sampled_two_block_fisher,2259398730550260981,1,3.0,0.02887119563019347,0.02887119563019347,0.9732765682472545,0.9732765682472545,,0.025871634370568244,0,3,12288,0.5761859013387045,0.8179014108754394,53,0.0,53,839
ct_w6_i5,6,evaluation,42,4096,sampled_full_fisher,2259398730550260981,1,7.0,0.050455753778031465,0.050455753778031465,0.9550181968878121,0.9550181968878121,,0.10349599067476349,0,7,28672,1.0,1.0131174379255548e-09,53,0.0,53,1431
ct_w6_i5,6,evaluation,42,4096,ray_plus_residual,2259398730550260981,1,4.0,0.06594448703854283,0.06594448703854283,0.9405875799975958,0.9405875799975958,,0.07421952314815873,0,4,16384,0.9780955972297097,0.21281784560025835,53,0.0,53,839
ct_w6_i5,6,evaluation,50,4096,sampled_adam,452759955999323591,0,,2.0065609492957606,2.0065609492957606,3.1184717317519213e-09,0.9446302956861051,610330915.9356253,0.005308457387783451,1,199,815104,0.2877895982950876,0.9875168936289046,53,0.0,53,106
ct_w6_i5,6,evaluation,50,4096,sampled_diagonal_fisher,452759955999323591,0,,2.0000027529724154,2.0000027529724154,3.961253958233286e-17,0.7650803496971151,,3.145938795573452e-06,0,199,815104,0.32897784646018235,1.0432485815195147,53,0.0,53,53
ct_w6_i5,6,evaluation,50,4096,sampled_two_block_fisher,452759955999323591,1,5.0,0.012194561065271614,0.012194561065271614,0.9892625488092327,0.9892625488092327,,0.022312211618376373,0,5,20480,0.49551052852768784,0.8695325441074162,53,0.0,53,839
ct_w6_i5,6,evaluation,50,4096,sampled_full_fisher,452759955999323591,1,8.0,0.03659662960405541,0.03659662960405541,0.9687484521077314,0.9687484521077314,,0.08453122743460795,0,8,32768,0.9999999999999998,3.1806543407026904e-09,53,0.0,53,1431
ct_w6_i5,6,evaluation,50,4096,ray_plus_residual,452759955999323591,1,5.0,0.0710526409733312,0.0710526409733312,0.9412629625214742,0.9412629625214742,,0.1349288394491509,0,5,20480,0.978151947916401,0.21253470723337914,53,0.0,53,839
ct_w6_i5,6,evaluation,101,4096,sampled_adam,122185023429757019,0,,1.006910583190745,1.006910583190745,1.7936545088815706e-15,0.9943068359585775,22929684.700570717,0.00857137984166979,1,199,815104,0.30992734458345,0.9864642334609698,53,0.0,53,106
ct_w6_i5,6,evaluation,101,4096,sampled_diagonal_fisher,122185023429757019,0,,1.0000040268063994,1.0000040268063994,5.662860904029656e-36,0.9997934227027899,671770531905.7344,7.149848395883529e-06,1,199,815104,0.3344410805239523,0.9557898032403049,53,0.0,53,53
ct_w6_i5,6,evaluation,101,4096,sampled_two_block_fisher,122185023429757019,1,7.0,0.08599001548089547,0.08599001548089547,0.9161160042374572,0.9161160042374572,,0.6096650365362238,0,7,28672,0.5268492117217926,0.8516988081654829,53,0.0,53,839
ct_w6_i5,6,evaluation,101,4096,sampled_full_fisher,122185023429757019,1,8.0,0.04679590099775588,0.04679590099775588,0.9567671324937769,0.9567671324937769,,0.28831116356042746,0,8,32768,0.9999999999999998,4.4344531909873774e-09,53,0.0,53,1431
ct_w6_i5,6,evaluation,101,4096,ray_plus_residual,122185023429757019,1,5.0,0.0590250973766544,0.0590250973766544,0.9453688832851785,0.9453688832851785,,0.2976096322255841,0,5,20480,0.977362515298143,0.21647191288602835,53,0.0,53,839
