instance_id,width,split,parameter_seed,sample_budget,gradient_samples_per_update,fisher_samples_per_update,method,success,first_success_step,minimum_gap,final_gap,final_pstar,final_dominant_probability,final_fisher_condition,final_gradient_rms_ratio,final_trap,sample_batches,total_samples,first_direction_cosine,first_direction_relative_error,first_sample_rank,first_gradient_fisher_mismatch,parameter_dimension,stored_metric_entries
ct_w3_i1,3,calibration,0,64,32,32,independent_full_fisher,1,30.0,0.0004974762366511953,0.0004974762366511953,0.9995086708472202,0.9995086708472202,,0.0009701369065374213,0,30,1920,0.1808480038003061,1.2799624964815914,31,0.7278225806451614,49,1225
ct_w3_i1,3,calibration,19,64,32,32,independent_full_fisher,0,,0.9999999095986354,0.9999999095986354,1.589888984867424e-05,0.9999564935638098,925490067373.3237,7.33458132217565e-05,1,199,12736,0.05894583835579942,1.3718995310475186,31,1.2701612903225805,49,1225
ct_w3_i1,3,calibration,42,64,32,32,independent_full_fisher,0,,1.0001257022037624,1.0001257022037624,2.3860592224368917e-29,0.7901503693973093,,0.00023898755589805425,0,199,12736,0.17897372359143585,1.2814259841353024,23,1.1572580645161288,49,1225
ct_w3_i1,3,calibration,50,64,32,32,independent_full_fisher,0,,1.0000660478437986,1.0000660478437986,3.7526173289508487e-06,0.9999564042211052,662275876045.1837,8.073641440250165e-05,1,199,12736,0.09983958296411678,1.3417603489713674,29,0.625,49,1225
ct_w3_i1,3,calibration,101,64,32,32,independent_full_fisher,1,15.0,0.046813924274038854,0.046813924274038854,0.9561240852256954,0.9561240852256954,,0.09644626297009479,0,15,960,0.0066100297824174805,1.4095318160421795,30,0.9133064516129032,49,1225
ct_w3_i1,3,calibration,0,256,128,128,independent_full_fisher,1,13.0,0.06639256716396424,0.06639256716396424,0.9338791388636037,0.9338791388636037,,0.12787099752243514,0,13,3328,0.7111939782384837,0.7600079233291142,45,0.3425196850393701,49,1225
ct_w3_i1,3,calibration,19,256,128,128,independent_full_fisher,0,,2.0000118829783755,2.0000118829783755,1.186834029105915e-46,0.9999906741666187,452083520603.0103,2.609094354282351e-05,1,199,50944,0.2112202794502134,1.2560093316132541,41,0.45939960629921245,49,1225
ct_w3_i1,3,calibration,42,256,128,128,independent_full_fisher,1,25.0,0.047595099109058125,0.047595099109058125,0.9529907860686541,0.9529907860686541,,0.09602944922660693,0,25,6400,0.3662335125895344,1.1258476694566326,48,0.4131397637795279,49,1225
ct_w3_i1,3,calibration,50,256,128,128,independent_full_fisher,0,,1.0000163334607866,1.0000163334607866,2.723540155425168e-30,0.4533249443141576,,1.9051216394300263e-05,0,199,50944,0.4457751669004853,1.0528293623370453,45,0.4189222440944882,49,1225
ct_w3_i1,3,calibration,101,256,128,128,independent_full_fisher,0,,1.0000244668854084,1.0000244668854084,2.6560148771273845e-39,0.9999698315829626,479191557152.24567,5.3049642891969694e-05,1,199,50944,0.22807908333818255,1.2425143191624133,47,0.5835383858267714,49,1225
ct_w3_i1,3,calibration,0,1024,512,512,independent_full_fisher,1,33.0,0.07230676052275875,0.07230676052275875,0.9280713112856053,0.9280713112856053,,0.13420595687458575,0,33,33792,0.9660059599332278,0.26074523990582066,49,0.22018713307240728,49,1225
ct_w3_i1,3,calibration,19,1024,512,512,independent_full_fisher,0,,1.0000142957839415,1.0000142957839415,2.615263512670588e-26,0.930969372613212,769387900247.1125,3.05009732306753e-05,1,199,203776,0.8789187653790022,0.4921000601930415,49,0.2627660225048926,49,1225
ct_w3_i1,3,calibration,42,1024,512,512,independent_full_fisher,1,57.0,0.08484620461360137,0.08484620461360137,0.9374871734626342,0.9374871734626342,,0.26795987060747234,0,57,58368,0.4303314937869067,1.0673973076723524,48,0.2640426247553817,49,1225
ct_w3_i1,3,calibration,50,1024,512,512,independent_full_fisher,0,,1.0000005499572335,1.0000005499572335,2.939162458714773e-36,0.9261341030922541,289086971795.9712,7.830844515379735e-07,1,199,203776,0.8062325719228945,0.6225229764066631,48,0.20226883561643813,49,1225
ct_w3_i1,3,calibration,101,1024,512,512,independent_full_fisher,1,45.0,0.06600047899749661,0.06600047899749661,0.9344227207508549,0.9344227207508549,,0.20989864135322317,0,45,46080,0.8538631490499844,0.5406234381711835,49,0.22105858610567536,49,1225
ct_w3_i1,3,calibration,0,4096,2048,2048,independent_full_fisher,1,34.0,0.04780078474325933,0.04780078474325933,0.9526876732592562,0.9526876732592562,,0.15728916761358952,0,34,139264,0.9913634350784263,0.13142727967643472,49,0.1281353047142159,49,1225
ct_w3_i1,3,calibration,19,4096,2048,2048,independent_full_fisher,1,37.0,0.09686746159459148,0.09686746159459148,0.9141602688624078,0.9141602688624078,,0.5120450525067358,0,37,151552,0.9836083716923676,0.18106147192394342,49,0.09761951560210078,49,1225
ct_w3_i1,3,calibration,42,4096,2048,2048,independent_full_fisher,1,33.0,0.07623015217063056,0.07623015217063056,0.9265054081576383,0.9265054081576383,,0.1723087813236529,0,33,135168,0.9904986675760613,0.13785015360121,49,0.09417745481192,49,1225
ct_w3_i1,3,calibration,50,4096,2048,2048,independent_full_fisher,1,37.0,0.07649347148792529,0.07649347148792529,0.9264389117258917,0.9264389117258917,,0.27455818808380267,0,37,151552,0.3012320831942878,1.182174197659306,48,0.11228512762579379,49,1225
ct_w3_i1,3,calibration,101,4096,2048,2048,independent_full_fisher,1,38.0,0.09707453077724537,0.09707453077724537,0.9040538140970584,0.9040538140970584,,0.4802927026946936,0,38,155648,0.3872985196224583,1.1069792052044534,48,0.10679834437591598,49,1225
ct_w3_i2,3,evaluation,0,64,32,32,independent_full_fisher,1,19.0,0.09346249806897333,0.09346249806897333,0.9084191863105905,0.9084191863105905,,0.24175206623596474,0,19,1216,0.2846042883825139,1.1961569392161602,30,1.0685483870967742,47,1128
ct_w3_i2,3,evaluation,19,64,32,32,independent_full_fisher,0,,1.0000578659788335,1.0000578659788335,2.07230351652261e-25,0.8550984934650011,,0.00020023484211085832,0,199,12736,0.26922160343116563,1.208948631306421,31,0.9012096774193548,47,1128
ct_w3_i2,3,evaluation,42,64,32,32,independent_full_fisher,0,,1.0005449391923182,1.0005449391923182,2.17341454935395e-20,0.9994906190647258,833051834443.2139,0.0017235274976894566,1,199,12736,0.4502657464491827,1.048555438258576,31,0.6935483870967737,47,1128
ct_w3_i2,3,evaluation,50,64,32,32,independent_full_fisher,1,24.0,0.029638768910302815,0.029638768910302815,0.970397274913002,0.970397274913002,,0.09944583769687852,0,24,1536,0.40189603461246076,1.0937129105826073,30,0.7137096774193548,47,1128
ct_w3_i2,3,evaluation,101,64,32,32,independent_full_fisher,0,,1.0000401679535518,1.0000401679535518,7.231190262505479e-10,0.9986182751666494,798755149237.4622,8.191794666605141e-05,1,199,12736,0.10569139247092399,1.3373919451896483,28,0.9455645161290321,47,1128
ct_w3_i2,3,evaluation,0,256,128,128,independent_full_fisher,0,,1.000033529800664,1.000033529800664,5.630092682162735e-13,0.9932329222428722,462788904262.2263,7.715367187921043e-05,1,199,50944,-0.14569877395621206,1.5137362874399303,44,0.4940944881889763,47,1128
ct_w3_i2,3,evaluation,19,256,128,128,independent_full_fisher,0,,1.0001426422849118,1.0001426422849118,3.3443513586404363e-26,0.9998668078979174,265121026798.66928,0.0003519261916063862,1,199,50944,0.2236068485767544,1.2461084635161142,45,0.4937253937007874,47,1128
ct_w3_i2,3,evaluation,42,256,128,128,independent_full_fisher,0,,1.0000864793640538,1.0000864793640538,7.832691649141852e-12,0.9745620124666169,875131707256.5549,0.0001508224928702192,1,199,50944,0.4060215986692935,1.0899343111680693,45,0.542199803149606,47,1128
ct_w3_i2,3,evaluation,50,256,128,128,independent_full_fisher,0,,1.0000587820365983,1.0000587820365983,1.5639218155708535e-21,0.8885828649431086,,0.0001642326565304382,0,199,50944,0.26147852959825935,1.2153365545409558,45,0.3987450787401574,47,1128
ct_w3_i2,3,evaluation,101,256,128,128,independent_full_fisher,0,,2.000018242567581,2.000018242567581,5.879979103554873e-34,0.9999837015887775,365515200783.7829,3.526730005212456e-05,1,199,50944,0.39545603270108454,1.0995853466638374,38,0.2843257874015751,47,1128
ct_w3_i2,3,evaluation,0,1024,512,512,independent_full_fisher,1,32.0,0.06241615064227268,0.06241615064227268,0.9521133488815458,0.9521133488815458,,0.19201536374460837,0,32,32768,0.9315079806944023,0.3701135482675486,47,0.21237463307240703,47,1128
ct_w3_i2,3,evaluation,19,1024,512,512,independent_full_fisher,1,57.0,0.09848847708783026,0.09848847708783026,0.9090865143054798,0.9090865143054798,,0.6918072608964002,0,57,58368,0.9376257496537844,0.3531975377779844,47,0.2389615949119375,47,1128
ct_w3_i2,3,evaluation,42,1024,512,512,independent_full_fisher,1,40.0,0.07511555855562335,0.07511555855562335,0.9517388297217102,0.9517388297217102,,0.31219906194865304,0,40,40960,0.9242378667059867,0.389261180427778,47,0.22148666829745606,47,1128
ct_w3_i2,3,evaluation,50,1024,512,512,independent_full_fisher,1,40.0,0.048199287253996914,0.048199287253996914,0.9531135018126211,0.9531135018126211,,0.2445018255713043,0,40,40960,0.47434201744453797,1.025337000751911,46,0.28725079500978506,47,1128
ct_w3_i2,3,evaluation,101,1024,512,512,independent_full_fisher,1,63.0,0.08594240202547176,0.08594240202547176,0.9209875882525305,0.9209875882525305,,0.33940864557331507,0,63,64512,0.4743416792439294,1.0253373305952247,46,0.19012964774951077,47,1128
ct_w3_i2,3,evaluation,0,4096,2048,2048,independent_full_fisher,1,28.0,0.05095947895287978,0.05095947895287978,0.9509372440249694,0.9509372440249694,,0.13541053266522907,0,28,114688,0.9850532655775801,0.1728972783037364,47,0.10649015708964327,47,1128
ct_w3_i2,3,evaluation,19,4096,2048,2048,independent_full_fisher,1,46.0,0.06051549043182192,0.06051549043182192,0.940318092833547,0.940318092833547,,0.4325398781162304,0,46,188416,0.9776543142339081,0.21140333850765797,47,0.10558086147410808,47,1128
ct_w3_i2,3,evaluation,42,4096,2048,2048,independent_full_fisher,1,24.0,0.06696230882962517,0.06696230882962517,0.9372692902229635,0.9372692902229635,,0.2617174257260488,0,24,98304,0.9892077599125967,0.1469165755618042,47,0.10044424767953083,47,1128
ct_w3_i2,3,evaluation,50,4096,2048,2048,independent_full_fisher,1,25.0,0.06906046933269394,0.06906046933269394,0.9338081571430022,0.9338081571430022,,0.289878384429862,0,25,102400,0.9615664534758274,0.2772491533771477,47,0.07586702720444545,47,1128
ct_w3_i2,3,evaluation,101,4096,2048,2048,independent_full_fisher,1,54.0,0.043576832295576295,0.043576832295576295,0.9566755078947696,0.9566755078947696,,0.2178991635899421,0,54,221184,0.9651237143591787,0.26410712084614957,47,0.10171325415241816,47,1128
ct_w3_i3,3,evaluation,0,64,32,32,independent_full_fisher,0,,2.00001642252238,2.00001642252238,3.374119532786805e-27,0.9999894050382576,160865563568.23355,2.7368547148557547e-05,1,199,12736,0.11417893229346555,1.3310304787693892,24,0.7358870967741933,47,1128
ct_w3_i3,3,evaluation,19,64,32,32,independent_full_fisher,0,,1.000010302081579,1.000010302081579,7.102197632018254e-16,0.9999816290425856,620690285439.3107,2.8179133345470447e-05,1,199,12736,0.2009177615558933,1.264185301642213,31,0.9939516129032258,47,1128
ct_w3_i3,3,evaluation,42,64,32,32,independent_full_fisher,0,,1.0004204884018133,1.0004204884018133,1.749231251549367e-38,0.7995026179935606,,0.0012228999337109627,0,199,12736,0.3886201053041721,1.10578469395794,31,1.0745967741935483,47,1128
ct_w3_i3,3,evaluation,50,64,32,32,independent_full_fisher,0,,1.000070426208607,1.000070426208607,1.6873675002116544e-35,0.49794004079844245,,0.0001156646068579712,0,199,12736,0.19235200500308944,1.2709429530839775,28,0.7580645161290323,47,1128
ct_w3_i3,3,evaluation,101,64,32,32,independent_full_fisher,0,,2.000009352752654,2.000009352752654,1.036202364313835e-27,0.9997000959441716,545334134586.7994,2.3313760312329028e-05,1,199,12736,0.3736094726633721,1.119277023204379,28,1.05241935483871,47,1128
ct_w3_i3,3,evaluation,0,256,128,128,independent_full_fisher,1,49.0,0.07559583926674307,0.07559583926674307,0.9244756967607097,0.9244756967607097,,0.30505907572427166,0,49,12544,0.29725076835647146,1.1855372045140793,44,0.5756643700787403,47,1128
ct_w3_i3,3,evaluation,19,256,128,128,independent_full_fisher,0,,1.0000638109395332,1.0000638109395332,3.4594550018062005e-35,0.5449043738557389,,0.00011003480565732826,0,199,50944,0.5828135081530034,0.9134401916348953,45,0.3938238188976384,47,1128
ct_w3_i3,3,evaluation,42,256,128,128,independent_full_fisher,1,44.0,0.055396876054617294,0.055396876054617294,0.9472433416549658,0.9472433416549658,,0.19505040179742816,0,44,11264,0.4271212344868284,1.070400640426912,45,0.4318405511811023,47,1128
ct_w3_i3,3,evaluation,50,256,128,128,independent_full_fisher,0,,1.000060558822737,1.000060558822737,1.789127974629187e-38,0.49678818568191013,,7.794003158842585e-05,0,199,50944,0.06926597151583731,1.3643562793377415,42,0.45669291338582674,47,1128
ct_w3_i3,3,evaluation,101,256,128,128,independent_full_fisher,0,,1.0000549002490988,1.0000549002490988,5.24076121543205e-39,0.6618089079121242,,0.0001156463134462719,0,199,50944,0.4244174964522006,1.072923579336198,45,0.5461368110236222,47,1128
ct_w3_i3,3,evaluation,0,1024,512,512,independent_full_fisher,1,35.0,0.08499835886325258,0.08499835886325258,0.9162242640469073,0.9162242640469073,,0.2704502267909799,0,35,35840,0.9269507152886839,0.3822284257124687,47,0.21266511741682953,47,1128
ct_w3_i3,3,evaluation,19,1024,512,512,independent_full_fisher,1,53.0,0.03824660749401332,0.03824660749401332,0.9679063522222946,0.9679063522222946,,0.20188815439317884,0,53,54272,0.964446800407083,0.2666578316604144,47,0.2267765410958903,47,1128
ct_w3_i3,3,evaluation,42,1024,512,512,independent_full_fisher,1,41.0,0.06848033655586505,0.06848033655586505,0.9354042981593175,0.9354042981593175,,0.2771386011847973,0,41,41984,0.9413924716366295,0.34236684525044325,47,0.2977770303326812,47,1128
ct_w3_i3,3,evaluation,50,1024,512,512,independent_full_fisher,1,61.0,0.03305730270503204,0.03305730270503204,0.9669826250510428,0.9669826250510428,,0.13548201064824483,0,61,62464,0.8783142160724293,0.49332703945267525,47,0.23149308953033287,47,1128
ct_w3_i3,3,evaluation,101,1024,512,512,independent_full_fisher,1,40.0,0.04520530313682691,0.04520530313682691,0.9605339980779118,0.9605339980779118,,0.21451845497601532,0,40,40960,0.4271211452235552,1.0704007238193038,46,0.28954409246575347,47,1128
ct_w3_i3,3,evaluation,0,4096,2048,2048,independent_full_fisher,1,24.0,0.0993096145115917,0.0993096145115917,0.9078105743674895,0.9078105743674895,,0.28711921531162937,0,24,98304,0.9911979965423422,0.1326800923850885,47,0.09626415944064481,47,1128
ct_w3_i3,3,evaluation,19,4096,2048,2048,independent_full_fisher,1,32.0,0.0753619520258475,0.0753619520258475,0.928476043276228,0.928476043276228,,0.37195351478919103,0,32,131072,0.9786192331398414,0.2067886208675845,47,0.13465494473619977,47,1128
ct_w3_i3,3,evaluation,42,4096,2048,2048,independent_full_fisher,1,51.0,0.045614597619547226,0.045614597619547226,0.9561616422697534,0.9561616422697534,,0.2859381782371087,0,51,208896,0.9899471514436637,0.14179455953129047,47,0.22333702903639466,47,1128
ct_w3_i3,3,evaluation,50,4096,2048,2048,independent_full_fisher,1,44.0,0.05877461543833995,0.05877461543833995,0.9437898657421204,0.9437898657421204,,0.27707695101539315,0,44,180224,0.9681627541088704,0.25233805060327175,47,0.08254362329018089,47,1128
ct_w3_i3,3,evaluation,101,4096,2048,2048,independent_full_fisher,1,74.0,0.07022245472539446,0.07022245472539446,0.9299559452236265,0.9299559452236265,,0.3114577373688602,0,74,303104,0.9793970351888053,0.20299243735269978,47,0.07232382755251615,47,1128
ct_w3_i4,3,evaluation,0,64,32,32,independent_full_fisher,0,,1.0000989539227554,1.0000989539227554,3.8625514887907204e-30,0.9999267472365769,139706367402.6824,0.0002975731363594458,1,199,12736,0.37752325688620847,1.1157748367065743,30,0.6512096774193544,46,1081
ct_w3_i4,3,evaluation,19,64,32,32,independent_full_fisher,0,,1.0000099396101394,1.0000099396101394,7.235427144863756e-36,0.9999918290393893,335463433803.8317,1.3243709481437204e-05,1,199,12736,0.09396581788956503,1.3461308867345958,30,0.8004032258064516,46,1081
ct_w3_i4,3,evaluation,42,64,32,32,independent_full_fisher,0,,1.0000927210926438,1.0000927210926438,7.917191607634954e-15,0.999932585287381,474877630420.9737,0.00016040195550165635,1,199,12736,0.07745483311927889,1.3583410226307095,26,0.7500000000000002,46,1081
ct_w3_i4,3,evaluation,50,64,32,32,independent_full_fisher,0,,2.000003774900204,2.000003774900204,3.256787479017402e-14,0.9923262180481164,490148402638.572,4.974664902697362e-06,1,199,12736,0.23539317767096363,1.2366137815252072,31,0.9213709677419354,46,1081
ct_w3_i4,3,evaluation,101,64,32,32,independent_full_fisher,0,,1.0003729221675677,1.0003729221675677,2.584322496542517e-30,0.7189094190781492,,0.0007184285128240705,0,199,12736,0.31121670767914855,1.173697825098821,27,0.814516129032258,46,1081
ct_w3_i4,3,evaluation,0,256,128,128,independent_full_fisher,0,,1.0001028759129156,1.0001028759129156,2.0664012398852976e-40,0.619964466851247,,0.00034043119608442445,0,199,50944,0.5204152883248293,0.9793719535244725,42,0.3147145669291339,46,1081
ct_w3_i4,3,evaluation,19,256,128,128,independent_full_fisher,0,,1.000079276355157,1.000079276355157,9.719113204144741e-25,0.4444312920557785,,0.00017056528036344193,0,199,50944,-0.2250023881614393,1.5652491099894863,38,0.641978346456693,46,1081
ct_w3_i4,3,evaluation,42,256,128,128,independent_full_fisher,1,50.0,0.0977251359853728,0.0977251359853728,0.9279363847585725,0.9279363847585725,,0.24551812101291162,0,50,12800,0.6878100329735342,0.7901771535883151,45,0.36811023622047234,46,1081
ct_w3_i4,3,evaluation,50,256,128,128,independent_full_fisher,0,,1.000025044287792,1.000025044287792,2.890184651138092e-30,0.6362704191346213,,5.115312348579472e-05,0,199,50944,0.42059714271558085,1.0764783855558078,45,0.4793307086614173,46,1081
ct_w3_i4,3,evaluation,101,256,128,128,independent_full_fisher,1,58.0,0.06560651073369073,0.06560651073369073,0.9347340908386825,0.9347340908386825,,0.3196986153413026,0,58,14848,0.7837954716080127,0.6575781754164102,46,0.4007135826771654,46,1081
ct_w3_i4,3,evaluation,0,1024,512,512,independent_full_fisher,1,64.0,0.05159389434245121,0.05159389434245121,0.9508874728476517,0.9508874728476517,,0.31646525193626857,0,64,65536,0.25125947263275317,1.2237160842019252,45,0.22309197651663454,46,1081
ct_w3_i4,3,evaluation,19,1024,512,512,independent_full_fisher,1,76.0,0.08764548729964616,0.08764548729964616,0.912517880284896,0.912517880284896,,0.3536185766473353,0,76,77824,0.8086978774707224,0.61855011523607,46,0.2260121086105677,46,1081
ct_w3_i4,3,evaluation,42,1024,512,512,independent_full_fisher,1,40.0,0.07669871898030145,0.07669871898030145,0.9258693332203298,0.9258693332203298,,0.3221394375055856,0,40,40960,0.9354284792542181,0.35936477497323505,46,0.17877782534246556,46,1081
ct_w3_i4,3,evaluation,50,1024,512,512,independent_full_fisher,1,54.0,0.0415446263751349,0.0415446263751349,0.9710491956049703,0.9710491956049703,,0.21372597093588688,0,54,55296,0.9192235400499933,0.40193646251617116,46,0.23179121819960857,46,1081
ct_w3_i4,3,evaluation,101,1024,512,512,independent_full_fisher,1,30.0,0.09830092519118594,0.09830092519118594,0.9077922016823363,0.9077922016823363,,0.32974869866825574,0,30,30720,0.8599516487622294,0.5292416295753211,46,0.24864695450097812,46,1081
ct_w3_i4,3,evaluation,0,4096,2048,2048,independent_full_fisher,1,24.0,0.09456603165881639,0.09456603165881639,0.9096111520223665,0.9096111520223665,,0.4634445405475684,0,24,98304,0.886221727678066,0.47702887191853266,46,0.07395588437347356,46,1081
ct_w3_i4,3,evaluation,19,4096,2048,2048,independent_full_fisher,1,40.0,0.05279102247346934,0.05279102247346934,0.9507971400907504,0.9507971400907504,,0.22456895043124098,0,40,163840,0.9489201493058107,0.3196243128868306,46,0.09505669501099187,46,1081
ct_w3_i4,3,evaluation,42,4096,2048,2048,independent_full_fisher,1,47.0,0.05014982116735567,0.05014982116735567,0.9505931296557615,0.9505931296557615,,0.22204499035469655,0,47,192512,0.9864182153885237,0.16481374100162946,46,0.11919596513190042,46,1081
ct_w3_i4,3,evaluation,50,4096,2048,2048,independent_full_fisher,1,24.0,0.06381783940205743,0.06381783940205743,0.9411772146786059,0.9411772146786059,,0.1988626711310633,0,24,98304,0.9163902445497324,0.40892482304273886,46,0.09187702277723454,46,1081
ct_w3_i4,3,evaluation,101,4096,2048,2048,independent_full_fisher,1,25.0,0.057830268526643636,0.057830268526643636,0.9479449070422108,0.9479449070422108,,0.21230329053594713,0,25,102400,0.9786129288217983,0.20681910539503764,46,0.10742187500000003,46,1081
ct_w3_i5,3,evaluation,0,64,32,32,independent_full_fisher,0,,1.0001559300580372,1.0001559300580372,9.980538615141395e-08,0.29346973382959163,,0.00027155284732133434,0,199,12736,0.030597208646312525,1.3924099908817718,31,0.6532258064516132,47,1128
ct_w3_i5,3,evaluation,19,64,32,32,independent_full_fisher,0,,1.0007667956636581,1.0007667956636581,3.2495210955686227e-24,0.5745714280141865,,0.0034508945978265287,0,199,12736,0.24636467412218327,1.2277095144029933,27,0.5665322580645159,47,1128
ct_w3_i5,3,evaluation,42,64,32,32,independent_full_fisher,0,,2.0000723344812084,2.0000723344812084,7.532551323675203e-27,0.8547412018742842,,0.00010223522432610697,0,199,12736,0.3024982704340526,1.1811026454681637,27,0.9879032258064513,47,1128
ct_w3_i5,3,evaluation,50,64,32,32,independent_full_fisher,0,,1.0000327337359156,1.0000327337359156,2.722571821723722e-20,0.9999636085015041,979811754957.5343,6.422665416546833e-05,1,199,12736,0.11607027071395173,1.3296087614678602,28,0.7258064516129037,47,1128
ct_w3_i5,3,evaluation,101,64,32,32,independent_full_fisher,1,14.0,0.09322681345252803,0.09322681345252803,0.9077727848269439,0.9077727848269439,,0.14716843287643572,0,14,896,0.05957348491445645,1.3714419528988777,16,0.7298387096774196,47,1128
ct_w3_i5,3,evaluation,0,256,128,128,independent_full_fisher,0,,1.0000034529930772,1.0000034529930772,1.6174953139771465e-27,0.593690080096777,,4.0070185829639605e-06,0,199,50944,0.7014660231923913,0.7727017235746387,47,0.4649360236220473,47,1128
ct_w3_i5,3,evaluation,19,256,128,128,independent_full_fisher,1,52.0,0.035846056247018865,0.035846056247018865,0.9643122535976005,0.9643122535976005,,0.1158335570422622,0,52,13312,0.5918408268198659,0.9035033737403909,46,0.3065944881889765,47,1128
ct_w3_i5,3,evaluation,42,256,128,128,independent_full_fisher,0,,2.00006379766017,2.00006379766017,9.463561567677153e-28,0.3608252768412401,,8.93235016287543e-05,0,199,50944,0.23816295884571936,1.234371938399671,45,0.4219980314960631,47,1128
ct_w3_i5,3,evaluation,50,256,128,128,independent_full_fisher,1,69.0,0.05494618445999144,0.05494618445999144,0.9457039088496089,0.9457039088496089,,0.3107793968773255,0,69,17664,0.34205914587089276,1.147118872766992,44,0.4462352362204727,47,1128
ct_w3_i5,3,evaluation,101,256,128,128,independent_full_fisher,1,27.0,0.038569406504198156,0.038569406504198156,0.961933111423037,0.961933111423037,,0.0441282185627362,0,27,6912,0.2818200532523923,1.1984823292377804,36,0.3526082677165352,47,1128
ct_w3_i5,3,evaluation,0,1024,512,512,independent_full_fisher,1,35.0,0.07667134046934443,0.07667134046934443,0.9314522600566655,0.9314522600566655,,0.23015797493601345,0,35,35840,0.8099417559593751,0.6165358773674485,47,0.2086671355185909,47,1128
ct_w3_i5,3,evaluation,19,1024,512,512,independent_full_fisher,1,43.0,0.05302458078577388,0.05302458078577388,0.9497395407780732,0.9497395407780732,,0.29478516787333525,0,43,44032,0.7493811307484093,0.7079814535022663,46,0.22214408023483384,47,1128
ct_w3_i5,3,evaluation,42,1024,512,512,independent_full_fisher,0,,1.0000018763377092,1.0000018763377092,5.308805726265525e-19,0.9999913606955838,956923076514.945,4.378813701657526e-06,1,199,203776,0.8818726060498204,0.4860604776160669,47,0.20697773972602745,47,1128
ct_w3_i5,3,evaluation,50,1024,512,512,independent_full_fisher,1,41.0,0.06143533477908569,0.06143533477908569,0.9437368051884172,0.9437368051884172,,0.3114258853262989,0,41,41984,0.852873881563895,0.5424502160311216,46,0.15713674168297448,47,1128
ct_w3_i5,3,evaluation,101,1024,512,512,independent_full_fisher,1,59.0,0.053299017108185964,0.053299017108185964,0.9476173052752286,0.9476173052752286,,0.224409033520569,0,59,60416,0.48946492538267805,1.0104801577639433,47,0.1740001223091977,47,1128
ct_w3_i5,3,evaluation,0,4096,2048,2048,independent_full_fisher,1,18.0,0.08129755803148875,0.08129755803148875,0.9237313268366782,0.9237313268366782,,0.20321548378115717,0,18,73728,0.9785233925692506,0.20725157384565002,47,0.09853882968978994,47,1128
ct_w3_i5,3,evaluation,19,4096,2048,2048,independent_full_fisher,1,28.0,0.0935932344744792,0.0935932344744792,0.9101724175048738,0.9101724175048738,,0.5199079399751422,0,28,114688,0.9757441050257399,0.22025392152813167,47,0.11563797630679018,47,1128
ct_w3_i5,3,evaluation,42,4096,2048,2048,independent_full_fisher,1,40.0,0.04911507748957433,0.04911507748957433,0.9542334192403822,0.9542334192403822,,0.20340553464310532,0,40,163840,0.9663094144232838,0.2595788341784288,47,0.09450901853321944,47,1128
ct_w3_i5,3,evaluation,50,4096,2048,2048,independent_full_fisher,1,41.0,0.07572732498086943,0.07572732498086943,0.9298270436212982,0.9298270436212982,,0.35652145857742484,0,41,167936,0.981404439771305,0.19284999470414868,47,0.07434087994626289,47,1128
ct_w3_i5,3,evaluation,101,4096,2048,2048,independent_full_fisher,1,51.0,0.05536690630297869,0.05536690630297869,0.944994487948333,0.944994487948333,,0.19978865327993633,0,51,208896,0.3629331734593742,1.1287752890107279,46,0.10739468200415253,47,1128
ct_w4_i1,4,calibration,0,64,32,32,independent_full_fisher,0,,1.0002100646462626,1.0003110251454235,2.7698595414780286e-28,0.5917235050846781,,0.00045616104193804674,0,199,12736,0.16743888425215211,1.2903961529296715,27,0.82258064516129,49,1225
ct_w4_i1,4,calibration,19,64,32,32,independent_full_fisher,0,,1.0004771111159467,1.0004771111159467,4.572801234306945e-11,0.9986786736271379,771313317422.583,0.0015048098957127073,1,199,12736,0.3121882706376678,1.172869753521108,31,1.342741935483871,49,1225
ct_w4_i1,4,calibration,42,64,32,32,independent_full_fisher,0,,3.000253465189987,3.000253465189987,9.980000343321883e-38,0.9999226406100638,400385835145.12714,0.0006318383421493234,1,199,12736,0.20222555773701872,1.2631503808042661,31,1.0423387096774193,49,1225
ct_w4_i1,4,calibration,50,64,32,32,independent_full_fisher,0,,1.0000284139284297,1.0000284139284297,1.2068952367694373e-22,0.9999492432638549,22667321397.291862,5.864781449978745e-05,1,199,12736,0.04201765563749563,1.3841837626287228,30,0.8104838709677423,49,1225
ct_w4_i1,4,calibration,101,64,32,32,independent_full_fisher,0,,1.0002895093315836,1.0002895093315836,1.0122216665139566e-32,0.4136376490976943,,0.0005785719997423687,0,199,12736,0.05130771252751256,1.3774558341177314,28,0.9879032258064517,49,1225
ct_w4_i1,4,calibration,0,256,128,128,independent_full_fisher,0,,1.0000059051885941,1.0000059051885941,1.8081411636634192e-32,0.4305312197137569,,8.118689488338213e-06,0,199,50944,0.2760266005599676,1.203306610502936,47,0.4746555118110236,49,1225
ct_w4_i1,4,calibration,19,256,128,128,independent_full_fisher,0,,1.000030380406523,1.000030380406523,3.30657230307279e-25,0.32044572487229467,,9.831710389786275e-05,0,199,50944,-0.2927699559259754,1.6079614149139123,48,0.5492125984251969,49,1225
ct_w4_i1,4,calibration,42,256,128,128,independent_full_fisher,0,,1.0000393705656165,1.0000393705656165,3.093353577585243e-25,0.5546608280975025,,7.819044033187122e-05,0,199,50944,0.4627828634302717,1.0365492140460366,47,0.43405511811023634,49,1225
ct_w4_i1,4,calibration,50,256,128,128,independent_full_fisher,0,,1.0000382120978255,1.0000382120978255,4.4908045621035365e-28,0.5396306797327758,,6.045475394742834e-05,0,199,50944,0.22159738781524488,1.247720010406786,44,0.5103346456692912,49,1225
ct_w4_i1,4,calibration,101,256,128,128,independent_full_fisher,1,44.0,0.07533925065940039,0.07533925065940039,0.9246979655641027,0.9246979655641027,,0.4274285266114168,0,44,11264,0.16824782795854742,1.28976910494976,38,0.6417322834645669,49,1225
ct_w4_i1,4,calibration,0,1024,512,512,independent_full_fisher,1,61.0,0.08975094348964952,0.08975094348964952,0.9109665873707449,0.9109665873707449,,0.4105586174612277,0,61,62464,0.928115113048921,0.37916984835579604,49,0.1958476027397264,49,1225
ct_w4_i1,4,calibration,19,1024,512,512,independent_full_fisher,1,60.0,0.08082919562500734,0.08082919562500734,0.9202098774145453,0.9202098774145453,,0.49830059183986253,0,60,61440,0.9585928326982058,0.28777479841637993,49,0.1916432240704501,49,1225
ct_w4_i1,4,calibration,42,1024,512,512,independent_full_fisher,1,53.0,0.09290497380928109,0.09290497380928109,0.9281933302607359,0.9281933302607359,,0.3603598174610023,0,53,54272,0.8314704183740322,0.5805679660917711,49,0.17614053326810147,49,1225
ct_w4_i1,4,calibration,50,1024,512,512,independent_full_fisher,1,52.0,0.08969456643435869,0.08969456643435869,0.9157953262002433,0.9157953262002433,,0.38607221612065007,0,52,53248,0.9356695748094386,0.35869325388292805,49,0.23478014921722146,49,1225
ct_w4_i1,4,calibration,101,1024,512,512,independent_full_fisher,1,77.0,0.04703924457070485,0.04703924457070485,0.9535791748506839,0.9535791748506839,,0.163684514357317,0,77,78848,0.40174875950576366,1.093847558386667,48,0.19067239481409026,49,1225
ct_w4_i1,4,calibration,0,4096,2048,2048,independent_full_fisher,1,46.0,0.051935135717032566,0.051935135717032566,0.9496661576340663,0.9496661576340663,,0.25559747458963145,0,46,188416,0.9794982273125921,0.2024933218030062,49,0.09451044974352704,49,1225
ct_w4_i1,4,calibration,19,4096,2048,2048,independent_full_fisher,1,37.0,0.08940130628002407,0.08940130628002407,0.9131509594281542,0.9131509594281542,,0.4995097370922463,0,37,151552,0.9571746324400738,0.2926614684577593,49,0.10202621213971654,49,1225
ct_w4_i1,4,calibration,42,4096,2048,2048,independent_full_fisher,1,24.0,0.09269363920323492,0.09269363920323492,0.9119839859322036,0.9119839859322036,,0.35416154592388244,0,24,98304,0.9802984685471525,0.19850204761083853,49,0.1374791997435269,49,1225
ct_w4_i1,4,calibration,50,4096,2048,2048,independent_full_fisher,1,47.0,0.07970005586283513,0.07970005586283513,0.9235400083081872,0.9235400083081872,,0.31007818027249695,0,47,192512,0.983645637958998,0.1808555337334316,49,0.13571404036394746,49,1225
ct_w4_i1,4,calibration,101,4096,2048,2048,independent_full_fisher,1,40.0,0.08645292591670994,0.08645292591670994,0.9190563350843147,0.9190563350843147,,0.4172583314416906,0,40,163840,0.9378158357228554,0.352658940839856,49,0.07737790821934533,49,1225
ct_w4_i2,4,evaluation,0,64,32,32,independent_full_fisher,0,,2.7467917841597718,3.0001654671835034,2.931684963059473e-20,0.8871272598932152,,0.00022028385684838198,0,199,12736,0.10549248105266508,1.3375406677535713,25,1.004032258064516,50,1275
ct_w4_i2,4,evaluation,19,64,32,32,independent_full_fisher,1,136.0,0.043994269521869356,0.043994269521869356,0.9563955651952167,0.9563955651952167,,0.0809178640952517,0,136,8704,0.11600982409535564,1.3296542226493655,30,0.9374999999999999,50,1275
ct_w4_i2,4,evaluation,42,64,32,32,independent_full_fisher,0,,2.0000463116708804,2.0000463116708804,3.7854552986563437e-22,0.9998886801217235,69780189304.57976,0.00013064288145816973,1,199,12736,0.16083895286529104,1.2955007117981132,26,0.675403225806452,50,1275
ct_w4_i2,4,evaluation,50,64,32,32,independent_full_fisher,0,,1.000010238762881,1.000010238762881,6.907547439442803e-32,0.9999942779630783,288183049037.78925,1.4385457789660616e-05,1,199,12736,0.12937030795057286,1.3195678777913828,22,0.6250000000000004,50,1275
ct_w4_i2,4,evaluation,101,64,32,32,independent_full_fisher,0,,1.0000266309881578,1.0000266309881578,1.1509279768899445e-08,0.9999687537891538,534281147998.62665,3.2457466635862943e-05,1,199,12736,0.1538438302519953,1.3008890573357934,27,0.7943548387096773,50,1275
ct_w4_i2,4,evaluation,0,256,128,128,independent_full_fisher,0,,2.565548525613517,3.0000023599207584,8.556197806404817e-40,0.9999958309884918,546063221480.5079,9.5508422945122e-06,1,199,50944,0.09518058184951421,1.3452281725792734,40,0.5189468503937008,50,1275
ct_w4_i2,4,evaluation,19,256,128,128,independent_full_fisher,0,,1.000000864909671,1.000000864909671,1.3181567158842881e-25,0.9781846998284935,784284616548.1069,1.1843489056789298e-06,1,199,50944,0.5032101144241005,0.9967847165520743,47,0.38496555118110254,50,1275
ct_w4_i2,4,evaluation,42,256,128,128,independent_full_fisher,0,,1.00000335430766,1.00000335430766,3.0975536823820793e-44,0.999994371393144,64129168523.05272,4.280180676962545e-06,1,199,50944,0.5099201434164321,0.9900301577058834,47,0.3687253937007876,50,1275
ct_w4_i2,4,evaluation,50,256,128,128,independent_full_fisher,0,,2.00000439360921,2.00000439360921,4.813126853994299e-40,0.9338828532700403,598468487110.5936,1.0340130165975669e-05,1,199,50944,0.4716500852246431,1.0279590602503166,47,0.5536417322834649,50,1275
ct_w4_i2,4,evaluation,101,256,128,128,independent_full_fisher,1,21.0,0.0622954308305772,0.0622954308305772,0.937725027854299,0.937725027854299,,0.08576120110593911,0,21,5376,0.5318695115733499,0.9676057962069575,48,0.3917322834645668,50,1275
ct_w4_i2,4,evaluation,0,1024,512,512,independent_full_fisher,1,60.0,0.04494786491008895,0.04494786491008895,0.9614388449592358,0.9614388449592358,,0.09910925425301545,0,60,61440,0.7836454200375615,0.6578063240231711,50,0.18516848091976523,50,1275
ct_w4_i2,4,evaluation,19,1024,512,512,independent_full_fisher,1,57.0,0.05907408776032064,0.05907408776032064,0.9444014784208483,0.9444014784208483,,0.13375999131711055,0,57,58368,0.8922121145287608,0.4643013794320219,50,0.30248593444227023,50,1275
ct_w4_i2,4,evaluation,42,1024,512,512,independent_full_fisher,1,35.0,0.06962241669114633,0.06962241669114633,0.9419383390836641,0.9419383390836641,,0.15824325946049667,0,35,35840,0.9746137421304143,0.22532757429833347,50,0.21826076320939358,50,1275
ct_w4_i2,4,evaluation,50,1024,512,512,independent_full_fisher,1,52.0,0.0730410493317315,0.0730410493317315,0.9495690767740331,0.9495690767740331,,0.27447702911654526,0,52,53248,0.9562737341852439,0.2957237420795155,50,0.16291585127201547,50,1275
ct_w4_i2,4,evaluation,101,1024,512,512,independent_full_fisher,1,65.0,0.05354812405332687,0.05354812405332687,0.947077247626356,0.947077247626356,,0.2060052355361988,0,65,66560,0.8949226468358995,0.4584263368614429,50,0.18581824853228962,50,1275
ct_w4_i2,4,evaluation,0,4096,2048,2048,independent_full_fisher,1,37.0,0.08222410735550945,0.08222410735550945,0.9314532060011814,0.9314532060011814,,0.1342216491379336,0,37,151552,0.9551036784872,0.2996542057532318,50,0.14721620053737206,50,1275
ct_w4_i2,4,evaluation,19,4096,2048,2048,independent_full_fisher,1,40.0,0.06854405462422797,0.06854405462422797,0.9425984810510792,0.9425984810510792,,0.23536731824330587,0,40,163840,0.9825662595078573,0.18672836148878313,50,0.12452913180874449,50,1275
ct_w4_i2,4,evaluation,42,4096,2048,2048,independent_full_fisher,1,51.0,0.06710729913839764,0.06710729913839764,0.9513684813214204,0.9513684813214204,,0.1747696757765024,0,51,208896,0.9841088385500991,0.1782759739836024,50,0.08997685255862231,50,1275
ct_w4_i2,4,evaluation,50,4096,2048,2048,independent_full_fisher,1,55.0,0.04993196918939802,0.04993196918939802,0.9563790956176316,0.9563790956176316,,0.18304889040934713,0,55,225280,0.9729528657581447,0.23258174580931842,50,0.08718503831827046,50,1275
ct_w4_i2,4,evaluation,101,4096,2048,2048,independent_full_fisher,1,37.0,0.08877160888087587,0.08877160888087587,0.9271543371884601,0.9271543371884601,,0.16084932077637917,0,37,151552,0.9715210199548832,0.2386586685838877,50,0.0975369824743528,50,1275
ct_w4_i3,4,evaluation,0,64,32,32,independent_full_fisher,0,,1.000022624263698,1.000022624263698,3.0334928512254283e-28,0.9999830653625448,42243174477.703186,2.5523597366161426e-05,1,199,12736,0.21392369772574163,1.2538550971099158,25,0.810483870967742,47,1128
ct_w4_i3,4,evaluation,19,64,32,32,independent_full_fisher,0,,1.0000325130665129,1.0000325130665129,1.880785210412705e-27,0.7796483573891664,,5.828684558357672e-05,0,199,12736,0.3079339079844664,1.1764914721454922,26,0.5564516129032259,47,1128
ct_w4_i3,4,evaluation,42,64,32,32,independent_full_fisher,0,,2.000022801789374,2.000022801789374,2.881427147387094e-22,0.9999823165238356,260962083036.17368,3.6193109798370886e-05,1,199,12736,0.2371388649248553,1.235201307540714,28,0.6532258064516132,47,1128
ct_w4_i3,4,evaluation,50,64,32,32,independent_full_fisher,0,,1.000084558599747,1.000084558599747,3.0646816280090344e-29,0.722509176509302,,0.000167433281028035,0,199,12736,0.13616820757828887,1.3144061719435975,31,0.838709677419355,47,1128
ct_w4_i3,4,evaluation,101,64,32,32,independent_full_fisher,0,,1.0000137256515522,1.0000137256515522,0.00010578700247506992,0.9997766959028261,105920667736.6543,0.0002878359300665584,1,199,12736,0.057868983893577086,1.372684243448888,25,0.6008064516129032,47,1128
ct_w4_i3,4,evaluation,0,256,128,128,independent_full_fisher,0,,0.7877298369507262,1.0000556750560392,4.028667735601974e-11,0.8386355553026945,,0.00011145280420903928,0,199,50944,0.6155624728616086,0.8768552071332999,47,0.46727362204724404,47,1128
ct_w4_i3,4,evaluation,19,256,128,128,independent_full_fisher,0,,0.8903787598636352,1.0000072010656549,1.5385137931676753e-14,0.9999951397970676,864234237920.6542,1.6896948484079437e-05,1,199,50944,0.6461994642559968,0.8411902706807814,47,0.3804133858267715,47,1128
ct_w4_i3,4,evaluation,42,256,128,128,independent_full_fisher,0,,1.0001294140844355,1.0001294140844355,3.793307647755736e-20,0.5204035364580304,,0.00016134076805826466,0,199,50944,0.42163703237095385,1.0755119410113922,46,0.422367125984252,47,1128
ct_w4_i3,4,evaluation,50,256,128,128,independent_full_fisher,0,,1.0000269784714835,1.0000269784714835,7.34566224071871e-25,0.8065519537752595,,4.280451034260673e-05,0,199,50944,-0.12020013224902254,1.4967966677201165,44,0.5067667322834646,47,1128
ct_w4_i3,4,evaluation,101,256,128,128,independent_full_fisher,1,37.0,0.06956341540249511,0.06956341540249511,0.9337280323422027,0.9337280323422027,,0.10807289745601893,0,37,9472,0.15430332846935627,1.3005357907652089,45,0.56373031496063,47,1128
ct_w4_i3,4,evaluation,0,1024,512,512,independent_full_fisher,1,53.0,0.03832461691453304,0.03832461691453304,0.9684464863447045,0.9684464863447045,,0.0956761533944383,0,53,54272,0.9753655003627929,0.22196621201077882,47,0.21758806262230923,47,1128
ct_w4_i3,4,evaluation,19,1024,512,512,independent_full_fisher,1,81.0,0.05361040033767317,0.05361040033767317,0.9464887784311496,0.9464887784311496,,0.2882870069573768,0,81,82944,0.9337537713571215,0.3639951336017513,47,0.17173740215264172,47,1128
ct_w4_i3,4,evaluation,42,1024,512,512,independent_full_fisher,1,49.0,0.08389707080808506,0.08389707080808506,0.9201424352691626,0.9201424352691626,,0.3194008294355821,0,49,50176,0.9622380867206954,0.2748159867231319,47,0.23857937866927598,47,1128
ct_w4_i3,4,evaluation,50,1024,512,512,independent_full_fisher,1,48.0,0.06397633350462684,0.06397633350462684,0.9366544933820244,0.9366544933820244,,0.24010449108191856,0,48,49152,0.42163702860702534,1.0755119445110544,46,0.2932057240704503,47,1128
ct_w4_i3,4,evaluation,101,1024,512,512,independent_full_fisher,1,41.0,0.08621980333712465,0.08621980333712465,0.9323924890184048,0.9323924890184048,,0.3496776731739772,0,41,41984,0.8735079923567598,0.5029751636875126,47,0.16740306996086105,47,1128
ct_w4_i3,4,evaluation,0,4096,2048,2048,independent_full_fisher,1,28.0,0.07802938498610601,0.07802938498610601,0.9287946079384469,0.9287946079384469,,0.1439922551814656,0,28,114688,0.9830093265249238,0.1843403020235992,47,0.09944717116511986,47,1128
ct_w4_i3,4,evaluation,19,4096,2048,2048,independent_full_fisher,1,48.0,0.06254232279636796,0.06254232279636796,0.9404722955116093,0.9404722955116093,,0.20771718272651007,0,48,196608,0.9861296889346919,0.1665551624255934,47,0.0824525029005862,47,1128
ct_w4_i3,4,evaluation,42,4096,2048,2048,independent_full_fisher,1,63.0,0.08463551763848365,0.08463551763848365,0.9159946722119912,0.9159946722119912,,0.3549662998125886,0,63,258048,0.9880327010274935,0.15470810562156367,47,0.10444686584025403,47,1128
ct_w4_i3,4,evaluation,50,4096,2048,2048,independent_full_fisher,1,39.0,0.05094171511611556,0.05094171511611556,0.951052447430207,0.951052447430207,,0.25712295617474473,0,39,159744,0.9791689025666324,0.20411319130995925,47,0.0987420615534928,47,1128
ct_w4_i3,4,evaluation,101,4096,2048,2048,independent_full_fisher,1,31.0,0.07086378248933123,0.07086378248933123,0.9313578488354737,0.9313578488354737,,0.342416155747911,0,31,126976,0.9875394693035845,0.1578640598516038,47,0.09918335139838785,47,1128
ct_w4_i4,4,evaluation,0,64,32,32,independent_full_fisher,0,,2.0010033439552526,2.0010033439552526,2.5641175514081703e-16,0.9996641684748847,988230835162.6649,0.003397848489598419,1,199,12736,0.3141372932471417,1.171206819270498,31,1.4697580645161292,51,1326
ct_w4_i4,4,evaluation,19,64,32,32,independent_full_fisher,0,,1.0007459688853135,1.0007459688853135,1.780806434041737e-20,0.9992570805517863,503509447342.77106,0.0008762792375492385,1,199,12736,0.165505640428427,1.291893462768175,25,1.225806451612903,51,1326
ct_w4_i4,4,evaluation,42,64,32,32,independent_full_fisher,0,,1.000101317861061,1.000101317861061,1.5244785255595005e-37,0.9999462156350598,423884201525.449,0.0002161349459155967,1,199,12736,0.07783209534783773,1.358063256738921,25,0.8245967741935482,51,1326
ct_w4_i4,4,evaluation,50,64,32,32,independent_full_fisher,0,,2.0000252213986016,2.0000252213986016,3.5195790266415243e-20,0.5970232662210335,,5.5209551062215654e-05,0,199,12736,0.1194292236783674,1.327080085241002,28,0.814516129032258,51,1326
ct_w4_i4,4,evaluation,101,64,32,32,independent_full_fisher,0,,1.0000206970835936,1.0000206970835936,1.4332535825530058e-24,0.9999795352633646,967208037283.1986,4.2758590930159406e-05,1,199,12736,0.004811072141430319,1.4108075190177924,27,0.6008064516129031,51,1326
ct_w4_i4,4,evaluation,0,256,128,128,independent_full_fisher,0,,2.000010318791473,2.000010318791473,1.9353592556156584e-13,0.9999897106573347,645809328088.5208,1.629660159391039e-05,1,199,50944,0.44357325049610197,1.0549187167776464,47,0.6162647637795273,51,1326
ct_w4_i4,4,evaluation,19,256,128,128,independent_full_fisher,0,,2.000080513091836,2.000080513091836,3.1020801595197136e-41,0.9999670970220196,607244171337.2869,0.00011168475485614827,1,199,50944,0.519395833047801,0.980412328515099,43,0.5514271653543308,51,1326
ct_w4_i4,4,evaluation,42,256,128,128,independent_full_fisher,0,,1.0000862492666514,1.0000862492666514,2.1543052193591288e-15,0.9665980269473323,316344522485.22675,0.00015425058802583336,1,199,50944,0.5511226293175437,0.9474992038861629,49,0.45349409448818895,51,1326
ct_w4_i4,4,evaluation,50,256,128,128,independent_full_fisher,0,,1.0000104155239242,1.0000104155239242,9.740546497841324e-46,0.9999896460924345,329161115520.4867,1.5323119006043127e-05,1,199,50944,0.3221604043475244,1.1643363737790515,40,0.5625000000000002,51,1326
ct_w4_i4,4,evaluation,101,256,128,128,independent_full_fisher,0,,2.000093800805505,2.000093800805505,8.161585181821764e-40,0.9285903077618175,997262953599.7928,0.0003183504877532977,1,199,50944,0.014810653665967274,1.4037017819565756,39,0.33058562992125995,51,1326
ct_w4_i4,4,evaluation,0,1024,512,512,independent_full_fisher,1,70.0,0.0567516886667363,0.0567516886667363,0.9436245205595434,0.9436245205595434,,0.1476377849108894,0,70,71680,0.9578523200926359,0.2903366318856932,51,0.22358121330724073,51,1326
ct_w4_i4,4,evaluation,19,1024,512,512,independent_full_fisher,1,35.0,0.018379076460352195,0.018379076460352195,0.9845878046024946,0.9845878046024946,,0.03848035784453088,0,35,35840,0.3962029453900772,1.0989058691352256,50,0.3169566413894326,51,1326
ct_w4_i4,4,evaluation,42,1024,512,512,independent_full_fisher,1,32.0,0.06743662726146837,0.06743662726146837,0.9450455451798088,0.9450455451798088,,0.18048936522422204,0,32,32768,0.5197952709286071,0.9800048255711734,49,0.2517811276908025,51,1326
ct_w4_i4,4,evaluation,50,1024,512,512,independent_full_fisher,0,,1.0000231763237988,1.0000231763237988,1.2238240207697678e-27,0.6491292057754547,,3.4386923288728674e-05,0,199,203776,-0.4842478772020141,1.7229323127749474,50,0.2959041707436401,51,1326
ct_w4_i4,4,evaluation,101,1024,512,512,independent_full_fisher,1,52.0,0.07434058547477207,0.07434058547477207,0.9265666416155778,0.9265666416155778,,0.30486187857623687,0,52,53248,0.4899318761924509,1.010017944204507,50,0.18730889187866942,51,1326
ct_w4_i4,4,evaluation,0,4096,2048,2048,independent_full_fisher,1,31.0,0.09954339978079751,0.09954339978079751,0.9029063416580072,0.9029063416580072,,0.3303342515093279,0,31,126976,0.9723044619670824,0.23535308807371794,51,0.13752022777234973,51,1326
ct_w4_i4,4,evaluation,19,4096,2048,2048,independent_full_fisher,1,38.0,0.04075114768567545,0.04075114768567545,0.9622140924834882,0.9622140924834882,,0.05203933228400018,0,38,155648,0.9753052962733613,0.22223727737100632,51,0.1209344085857352,51,1326
ct_w4_i4,4,evaluation,42,4096,2048,2048,independent_full_fisher,1,26.0,0.06333501765915273,0.06333501765915273,0.9436224853765497,0.9436224853765497,,0.12539493481926375,0,26,106496,0.9924158920330217,0.12315931119471442,51,0.09906933164386905,51,1326
ct_w4_i4,4,evaluation,50,4096,2048,2048,independent_full_fisher,1,42.0,0.050554937064493544,0.050554937064493544,0.9609470996561781,0.9609470996561781,,0.14856427238117573,0,42,172032,0.9748348117121282,0.2243443259272307,51,0.11311045890327344,51,1326
ct_w4_i4,4,evaluation,101,4096,2048,2048,independent_full_fisher,1,32.0,0.07370831949307544,0.07370831949307544,0.9282282056850973,0.9282282056850973,,0.29752779794877526,0,32,131072,0.9370906794206183,0.35470923466800686,51,0.14081296562042045,51,1326
ct_w4_i5,4,evaluation,0,64,32,32,independent_full_fisher,0,,1.0000017205557885,1.0000017205557885,2.4596379268994002e-11,0.8224919663045043,,1.4287727988236563e-06,0,199,12736,0.2622359912931219,1.2147131420272672,30,0.7963709677419352,49,1225
ct_w4_i5,4,evaluation,19,64,32,32,independent_full_fisher,0,,2.9999032693237915,2.9999032693237915,1.201072934076157e-30,0.7513285384772382,,0.00042144885182803405,0,199,12736,0.3223188426175368,1.1642002897976476,29,1.0705645161290323,49,1225
ct_w4_i5,4,evaluation,42,64,32,32,independent_full_fisher,1,34.0,0.015773690747350244,0.015773690747350244,0.985171593383337,0.985171593383337,,0.03265733673435636,0,34,2176,0.18082035268301624,1.279984099367632,29,0.6451612903225807,49,1225
ct_w4_i5,4,evaluation,50,64,32,32,independent_full_fisher,0,,1.0000384930248138,1.0000384930248138,2.6821712505271943e-15,0.9999802422328927,359699482302.5178,6.552416755724079e-05,1,199,12736,0.2053932587582296,1.2606401082321397,29,0.6713709677419353,49,1225
ct_w4_i5,4,evaluation,101,64,32,32,independent_full_fisher,1,15.0,0.024738308702655587,0.024738308702655587,0.9816798811076706,0.9816798811076706,,0.033916129154534104,0,15,960,-0.12755383080044697,1.501701588732227,28,0.8387096774193541,49,1225
ct_w4_i5,4,evaluation,0,256,128,128,independent_full_fisher,0,,1.0000320137510972,1.0000320137510972,1.2537709619272283e-15,0.44890194550459045,,2.3868508866727136e-05,0,199,50944,0.23488075537910533,1.23702808749106,45,0.46382874015748043,49,1225
ct_w4_i5,4,evaluation,19,256,128,128,independent_full_fisher,0,,1.0000433815027812,1.0000433815027812,7.336609986367549e-16,0.8603531159306852,,4.366229330295507e-05,0,199,50944,0.4323066715504074,1.065545239255089,45,0.47084153543307083,49,1225
ct_w4_i5,4,evaluation,42,256,128,128,independent_full_fisher,0,,1.0000019448512276,1.0000019448512276,1.148988335916031e-44,0.9999949391092077,197701497979.1095,4.151039630334e-06,1,199,50944,0.40884787027764796,1.0873381532185398,44,0.327017716535433,49,1225
ct_w4_i5,4,evaluation,50,256,128,128,independent_full_fisher,0,,1.0000737643421935,1.0000737643421935,1.795470401223671e-13,0.5478741720762117,,8.165254850717415e-05,0,199,50944,0.20167802428565942,1.263583773015735,46,0.3113927165354331,49,1225
ct_w4_i5,4,evaluation,101,256,128,128,independent_full_fisher,1,36.0,0.06699921678674059,0.06699921678674059,0.9347752600380705,0.9347752600380705,,0.07660394910238065,0,36,9216,0.15322376705953172,1.3013656157594362,39,0.5410925196850392,49,1225
ct_w4_i5,4,evaluation,0,1024,512,512,independent_full_fisher,1,30.0,0.08185116982638796,0.08185116982638796,0.9251748796730949,0.9251748796730949,,0.0775752975709589,0,30,30720,0.8556366569387036,0.5373329378724081,49,0.2028498043052838,49,1225
ct_w4_i5,4,evaluation,19,1024,512,512,independent_full_fisher,1,54.0,0.07992184363295252,0.07992184363295252,0.9218191934847246,0.9218191934847246,,0.1800801419600454,0,54,55296,0.33461372993798527,1.1535911494650215,49,0.20092343444226998,49,1225
ct_w4_i5,4,evaluation,42,1024,512,512,independent_full_fisher,0,,0.5473335052634454,1.0000011023948492,6.917074933692298e-24,0.9999988976411871,261750310190.00662,1.6824338732575718e-06,1,199,203776,0.8491575987370586,0.5492584114293404,49,0.1481928816046965,49,1225
ct_w4_i5,4,evaluation,50,1024,512,512,independent_full_fisher,1,39.0,0.0768577098702572,0.0768577098702572,0.9245445416612711,0.9245445416612711,,0.28404684219122456,0,39,39936,0.968361642360554,0.25154863402310856,49,0.17679794520547962,49,1225
ct_w4_i5,4,evaluation,101,1024,512,512,independent_full_fisher,1,27.0,0.09450493395355686,0.09450493395355686,0.9294174374759078,0.9294174374759078,,0.2186845595581888,0,27,27648,0.4880911533748743,1.011838768406435,46,0.22819838551859106,49,1225
ct_w4_i5,4,evaluation,0,4096,2048,2048,independent_full_fisher,1,20.0,0.08350086519264188,0.08350086519264188,0.9227560506952938,0.9227560506952938,,0.12884859477036728,0,20,81920,0.9504082140021272,0.3149342343978277,49,0.14286245878114318,49,1225
ct_w4_i5,4,evaluation,19,4096,2048,2048,independent_full_fisher,1,49.0,0.056279801176259525,0.056279801176259525,0.9443777213335598,0.9443777213335598,,0.17233164901349812,0,49,200704,0.9716799512762813,0.23799180121894434,49,0.09250532410234508,49,1225
ct_w4_i5,4,evaluation,42,4096,2048,2048,independent_full_fisher,1,41.0,0.0956595008244161,0.0956595008244161,0.9066264161772228,0.9066264161772228,,0.38086900595915846,0,41,167936,0.9751688927131092,0.2228502065823173,49,0.12068346971177349,49,1225
ct_w4_i5,4,evaluation,50,4096,2048,2048,independent_full_fisher,1,39.0,0.05075707814729036,0.05075707814729036,0.9595904080050659,0.9595904080050659,,0.10478987086138443,0,39,159744,0.9825049114085135,0.18705661491370162,49,0.10101959422325343,49,1225
ct_w4_i5,4,evaluation,101,4096,2048,2048,independent_full_fisher,1,36.0,0.07901097788567313,0.07901097788567313,0.9247350074541509,0.9247350074541509,,0.1311473198618,0,36,147456,0.9666694401746033,0.25818814777365995,49,0.13390833002564773,49,1225
ct_w5_i1,5,calibration,0,64,32,32,independent_full_fisher,0,,1.000036925615662,1.000036925615662,1.2305569867848409e-27,0.9998957928018398,606119300375.9183,6.793750797715585e-05,1,199,12736,0.1366179203559221,1.314063985994653,30,0.8528225806451613,51,1326
ct_w5_i1,5,calibration,19,64,32,32,independent_full_fisher,0,,1.0000261941069937,1.0000261941069937,1.8905441600640223e-27,0.8268063427132692,,5.017242508567759e-05,0,199,12736,0.10517470146244712,1.3377782316494413,27,1.01008064516129,51,1326
ct_w5_i1,5,calibration,42,64,32,32,independent_full_fisher,0,,1.0000072338282262,1.0000072338282262,1.0209438323260388e-33,0.9999968823857568,458108049269.8085,1.6801587962558077e-05,1,199,12736,0.27204409365649973,1.206611707504531,31,0.8306451612903225,51,1326
ct_w5_i1,5,calibration,50,64,32,32,independent_full_fisher,0,,2.00000131885232,2.00000131885232,1.0123736755251457e-22,0.9994393672359986,664945463508.5377,6.095463546703855e-05,1,199,12736,0.1928137760714984,1.2705795716353236,23,0.5322580645161282,51,1326
ct_w5_i1,5,calibration,101,64,32,32,independent_full_fisher,0,,1.001207691269368,1.001207691269368,1.863215603461087e-12,0.9990799199543108,3242182729.890718,0.0013374147058721065,1,199,12736,0.2315384387957646,1.239727035443073,27,0.8044354838709675,51,1326
ct_w5_i1,5,calibration,0,256,128,128,independent_full_fisher,0,,1.0000006860714858,1.0000006860714858,5.598205313464197e-20,0.9996131877932465,818592571897.8936,1.5868781960606758e-06,1,199,50944,0.6181996737249292,0.8738424643779573,50,0.501476377952756,51,1326
ct_w5_i1,5,calibration,19,256,128,128,independent_full_fisher,0,,1.0000097205294516,1.0000097205294516,1.0710336781822057e-32,0.38577258112869783,,2.2827812009137542e-05,0,199,50944,0.4377327728024213,1.060440688768192,50,0.7314222440944884,51,1326
ct_w5_i1,5,calibration,42,256,128,128,independent_full_fisher,0,,2.0000239871392065,2.0000239871392065,1.0488677895052792e-23,0.9999434242646402,500571499503.7072,4.160950245196192e-05,1,199,50944,0.816737372285298,0.6054132930729256,51,0.6270915354330708,51,1326
ct_w5_i1,5,calibration,50,256,128,128,independent_full_fisher,0,,1.0000148757011935,1.0000148757011935,2.9347373074784703e-18,0.46926363177834374,,1.905475395481606e-05,0,199,50944,0.30914221870424224,1.1754639775814124,38,0.3813976377952755,51,1326
ct_w5_i1,5,calibration,101,256,128,128,independent_full_fisher,0,,1.000044868234209,1.000044868234209,3.573220269011727e-12,0.9999610810519597,318411113949.5186,7.239250969858329e-05,1,199,50944,0.29205365783537596,1.1899128893869704,46,0.55880905511811,51,1326
ct_w5_i1,5,calibration,0,1024,512,512,independent_full_fisher,1,61.0,0.06886460458443011,0.06886460458443011,0.9530213891064881,0.9530213891064881,,0.3170528193042661,0,61,62464,0.9432610324614207,0.3368648617430414,51,0.26235322896281776,51,1326
ct_w5_i1,5,calibration,19,1024,512,512,independent_full_fisher,1,79.0,0.04879514261550355,0.04879514261550355,0.9541964529269673,0.9541964529269673,,0.20383436188898726,0,79,80896,0.7793164949276274,0.6643545816390107,51,0.2085677592954991,51,1326
ct_w5_i1,5,calibration,42,1024,512,512,independent_full_fisher,1,49.0,0.07892901640562933,0.07892901640562933,0.9427420630134882,0.9427420630134882,,0.3047768587041572,0,49,50176,0.30860672614522106,1.175919447798002,50,0.18615459882583169,51,1326
ct_w5_i1,5,calibration,50,1024,512,512,independent_full_fisher,1,73.0,0.08187151419707561,0.08187151419707561,0.9187011274884018,0.9187011274884018,,0.28251098342561354,0,73,74752,0.9156752631530378,0.41066954317787463,51,0.20325495352250506,51,1326
ct_w5_i1,5,calibration,101,1024,512,512,independent_full_fisher,1,59.0,0.05552449076691346,0.05552449076691346,0.947303295792887,0.947303295792887,,0.17802261076836673,0,59,60416,0.8738691314424165,0.5022566446700004,51,0.2826412671232873,51,1326
ct_w5_i1,5,calibration,0,4096,2048,2048,independent_full_fisher,1,45.0,0.09182329337800788,0.09182329337800788,0.9102255686728281,0.9102255686728281,,0.421161153250977,0,45,184320,0.9849592472577976,0.17344020723120995,51,0.13982543050806062,51,1326
ct_w5_i1,5,calibration,19,4096,2048,2048,independent_full_fisher,1,50.0,0.08958947724315713,0.08958947724315713,0.9258457389385731,0.9258457389385731,,0.3312340430659749,0,50,204800,0.9852891278584405,0.17152767789228415,51,0.09790862008427029,51,1326
ct_w5_i1,5,calibration,42,4096,2048,2048,independent_full_fisher,1,58.0,0.05595799687336189,0.05595799687336189,0.9466624871070534,0.9466624871070534,,0.24206916301946915,0,58,237568,0.983957106295346,0.17912506080754834,51,0.11553349795432358,51,1326
ct_w5_i1,5,calibration,50,4096,2048,2048,independent_full_fisher,1,48.0,0.04866714246536574,0.04866714246536574,0.9518564264903321,0.9518564264903321,,0.17783494300451505,0,48,196608,0.9750344607018133,0.22345263166132875,51,0.09135367687469487,51,1326
ct_w5_i1,5,calibration,101,4096,2048,2048,independent_full_fisher,1,55.0,0.07258949335598075,0.07258949335598075,0.9286606414104605,0.9286606414104605,,0.2764922738813561,0,55,225280,0.9483826139867617,0.3213016838214151,51,0.12238327048729844,51,1326
ct_w5_i2,5,evaluation,0,64,32,32,independent_full_fisher,0,,1.0002954895371943,1.0002954895371943,5.884886020283087e-14,0.9997085742538709,356976098917.1449,0.00047112931551597054,1,199,12736,0.19783762515074713,1.2666194178594081,29,1.1189516129032258,52,1378
ct_w5_i2,5,evaluation,19,64,32,32,independent_full_fisher,0,,2.0000394983354486,2.0000394983354486,5.177885063971574e-31,0.999985247108121,585054806064.5103,7.280932582219655e-05,1,199,12736,0.23423825511515,1.2375473686973357,25,0.9516129032258064,52,1378
ct_w5_i2,5,evaluation,42,64,32,32,independent_full_fisher,0,,2.0004749542894604,2.0004749542894604,9.461557044243472e-31,0.9996875397141615,862571016849.3906,0.0008640077930928091,1,199,12736,0.19976732188180737,1.2650949988978635,28,0.4979838709677418,52,1378
ct_w5_i2,5,evaluation,50,64,32,32,independent_full_fisher,0,,2.000034042068936,2.000034042068936,6.8405960208056865e-06,0.9981655712916196,507184856562.59656,8.173642691049651e-05,1,199,12736,0.07450376422049833,1.3605118417562574,26,1.1250000000000007,52,1378
ct_w5_i2,5,evaluation,101,64,32,32,independent_full_fisher,0,,3.0004380980661836,3.0004380980661836,3.7257342497576507e-20,0.39208650069530804,,0.0014959628585194808,0,199,12736,0.42589910605640585,1.071541780747344,31,0.7661290322580645,52,1378
ct_w5_i2,5,evaluation,0,256,128,128,independent_full_fisher,0,,2.0000069995989183,2.0000069995989183,1.3976311182127846e-17,0.9610317600243936,722149492291.51,7.964514326693633e-06,1,199,50944,0.7235434573314881,0.7435812567144386,50,0.44438976377952766,52,1378
ct_w5_i2,5,evaluation,19,256,128,128,independent_full_fisher,0,,2.0000287469758966,2.0000287469758966,1.3553835062308636e-37,0.3758741289905957,,7.756843844219009e-05,0,199,50944,-0.06412676911998434,1.4588535012947563,49,0.5255905511811024,52,1378
ct_w5_i2,5,evaluation,42,256,128,128,independent_full_fisher,0,,1.000004838779459,1.000004838779459,8.661350982240812e-16,0.9999973167081154,882419545879.3563,1.0762501037388602e-05,1,199,50944,0.29173393738377756,1.1901815513745977,47,0.4165846456692911,52,1378
ct_w5_i2,5,evaluation,50,256,128,128,independent_full_fisher,0,,1.7421165228995719,2.0001961048930497,9.649196578883192e-33,0.9921102846839603,982876775662.0889,0.00024389645879194872,1,199,50944,0.3103513273939046,1.1744349046295375,48,0.5022145669291337,52,1378
ct_w5_i2,5,evaluation,101,256,128,128,independent_full_fisher,1,43.0,0.09432269443290942,0.09432269443290942,0.9058337751438085,0.9058337751438085,,0.2101045922885285,0,43,11008,0.024353913698197525,1.3968865997652082,45,0.42175196850393715,52,1378
ct_w5_i2,5,evaluation,0,1024,512,512,independent_full_fisher,1,46.0,0.04011504464242854,0.04011504464242854,0.9630006116742632,0.9630006116742632,,0.06071678716917423,0,46,47104,0.9315320793371369,0.3700484310542698,52,0.22441444471624264,52,1378
ct_w5_i2,5,evaluation,19,1024,512,512,independent_full_fisher,0,,1.0000045019853854,1.0000045019853854,1.4267851934807403e-31,0.48518293695620485,,9.635031228379322e-06,0,199,203776,0.18078117055648893,1.280014710418213,50,0.23130198140900216,52,1378
ct_w5_i2,5,evaluation,42,1024,512,512,independent_full_fisher,1,58.0,0.05277703361774222,0.05277703361774222,0.948540302953996,0.948540302953996,,0.20799449743387982,0,58,59392,0.45931525328139333,1.0398891736320817,51,0.3362891389432481,52,1378
ct_w5_i2,5,evaluation,50,1024,512,512,independent_full_fisher,1,73.0,0.07335177101170665,0.07335177101170665,0.9268499339024948,0.9268499339024948,,0.2210198504187659,0,73,74752,0.9181050862624353,0.40470955940665665,52,0.26348458904109584,52,1378
ct_w5_i2,5,evaluation,101,1024,512,512,independent_full_fisher,1,42.0,0.07588063269281342,0.07588063269281342,0.9350650993749917,0.9350650993749917,,0.1327945392057453,0,42,43008,0.9293854822725917,0.37580451760831224,52,0.2895976027397259,52,1378
ct_w5_i2,5,evaluation,0,4096,2048,2048,independent_full_fisher,1,39.0,0.05239676264687709,0.05239676264687709,0.9561545526116227,0.9561545526116227,,0.09670889807088223,0,39,159744,0.9368462908172256,0.35539754974612314,52,0.10140506686614581,52,1378
ct_w5_i2,5,evaluation,19,4096,2048,2048,independent_full_fisher,1,30.0,0.09872663768160983,0.09872663768160983,0.9191323324996912,0.9191323324996912,,0.36801554399344033,0,30,122880,0.982121822311685,0.18909350961000798,52,0.14434042195896424,52,1378
ct_w5_i2,5,evaluation,42,4096,2048,2048,independent_full_fisher,1,44.0,0.0435298898662726,0.0435298898662726,0.9600425002221854,0.9600425002221854,,0.18215816001237647,0,44,180224,0.2755891476705997,1.2036700979333168,51,0.0941822255129458,52,1378
ct_w5_i2,5,evaluation,50,4096,2048,2048,independent_full_fisher,1,51.0,0.0801123380489166,0.0801123380489166,0.9241777221855423,0.9241777221855423,,0.21237833745231852,0,51,208896,0.9739852460695233,0.228099776108951,52,0.15084622694797256,52,1378
ct_w5_i2,5,evaluation,101,4096,2048,2048,independent_full_fisher,1,43.0,0.0861607741304784,0.0861607741304784,0.9186296322570634,0.9186296322570634,,0.4066609308084204,0,43,176128,0.9812791100737448,0.19349878514479274,52,0.08556538531998076,52,1378
ct_w5_i3,5,evaluation,0,64,32,32,independent_full_fisher,1,13.0,0.08655679276047401,0.08655679276047401,0.9212563232276647,0.9212563232276647,,0.13898698014190775,0,13,832,0.299126915226478,1.1839536179880714,28,0.7116935483870968,50,1275
ct_w5_i3,5,evaluation,19,64,32,32,independent_full_fisher,0,,1.0002874757469886,1.0002874757469886,2.1048669311434683e-12,0.9998136101626784,298019699016.8169,0.0005299010905685557,1,199,12736,0.0898071609173795,1.3492166905894847,24,0.7661290322580645,50,1275
ct_w5_i3,5,evaluation,42,64,32,32,independent_full_fisher,0,,1.0001219118089395,1.0001219118089395,1.2986213561915555e-26,0.920082527461991,577944944001.9858,0.00017125702441019052,1,199,12736,0.2523754562175934,1.2228037813013228,26,0.8629032258064518,50,1275
ct_w5_i3,5,evaluation,50,64,32,32,independent_full_fisher,1,16.0,0.030420331618445928,0.030420331618445928,0.9724958242500683,0.9724958242500683,,0.057691803922370985,0,16,1024,0.02234359606530594,1.3983250008025274,27,0.7076612903225808,50,1275
ct_w5_i3,5,evaluation,101,64,32,32,independent_full_fisher,0,,1.000012643150379,1.000012643150379,1.3503745707988654e-25,0.9999921917113148,714466077330.0983,2.1594915616534635e-05,1,199,12736,0.09097361799992038,1.3483518695059384,30,0.951612903225806,50,1275
ct_w5_i3,5,evaluation,0,256,128,128,independent_full_fisher,0,,1.000004009888528,1.000004009888528,6.329728125323863e-31,0.6506136061284978,,5.765224866463068e-06,0,199,50944,0.38229362384961224,1.111491229070556,46,0.3101624015748032,50,1275
ct_w5_i3,5,evaluation,19,256,128,128,independent_full_fisher,0,,1.0000583009733663,1.0000583009733663,7.403263097958659e-17,0.9999426484680419,912186743933.2076,0.00010370601902030464,1,199,50944,0.3651484013372253,1.1268110743711874,49,0.6605561023622047,50,1275
ct_w5_i3,5,evaluation,42,256,128,128,independent_full_fisher,0,,2.000134863597154,2.000134863597154,8.949365774168681e-23,0.7157676511739813,,0.0002099630190916944,0,199,50944,0.1639736190027419,1.2930787918740747,44,0.4578001968503938,50,1275
ct_w5_i3,5,evaluation,50,256,128,128,independent_full_fisher,0,,1.0000029484082287,1.0000029484082287,1.394356943940604e-25,0.5626114189359009,,3.726084023129093e-06,0,199,50944,0.27158288532699626,1.206993881238015,47,0.5686515748031498,50,1275
ct_w5_i3,5,evaluation,101,256,128,128,independent_full_fisher,1,25.0,0.0857509221338475,0.0857509221338475,0.9483567139377523,0.9483567139377523,,0.23082968522496775,0,25,6400,0.3421710166619196,1.1470213453446108,43,0.4319635826771652,50,1275
ct_w5_i3,5,evaluation,0,1024,512,512,independent_full_fisher,1,40.0,0.08225981337010246,0.08225981337010246,0.9377265332468262,0.9377265332468262,,0.2902883447604007,0,40,40960,0.9308055209253893,0.3720066641193695,50,0.20966854207436403,50,1275
ct_w5_i3,5,evaluation,19,1024,512,512,independent_full_fisher,1,56.0,0.050961779054144785,0.050961779054144785,0.9496999411509426,0.9496999411509426,,0.2664557390356654,0,56,57344,0.9349437011627301,0.360711238630764,50,0.16825923434442272,50,1275
ct_w5_i3,5,evaluation,42,1024,512,512,independent_full_fisher,1,50.0,0.09268440802935096,0.09268440802935096,0.9134767082714638,0.9134767082714638,,0.32668984482983954,0,50,51200,0.7805124351258936,0.6625519826762368,50,0.2764799412915852,50,1275
ct_w5_i3,5,evaluation,50,1024,512,512,independent_full_fisher,1,51.0,0.028610661071844845,0.028610661071844845,0.9856932041925353,0.9856932041925353,,0.10674213500594719,0,51,52224,0.8507005126515091,0.5464421055308434,50,0.22425391389432503,50,1275
ct_w5_i3,5,evaluation,101,1024,512,512,independent_full_fisher,0,,0.11972317047010783,1.0000008067847528,5.020230068051572e-15,0.7224419507822346,,1.4019869452363966e-06,0,199,203776,0.9493353876595304,0.3183225167670977,50,0.18855491682974573,50,1275
ct_w5_i3,5,evaluation,0,4096,2048,2048,independent_full_fisher,1,42.0,0.06190673515433254,0.06190673515433254,0.9459513745492935,0.9459513745492935,,0.20005555094399152,0,42,172032,0.9872668421125402,0.1595816899738783,50,0.07449354237909127,50,1275
ct_w5_i3,5,evaluation,19,4096,2048,2048,independent_full_fisher,1,58.0,0.07789985770734553,0.07789985770734553,0.9224733124299249,0.9224733124299249,,0.4134850128829156,0,58,237568,0.9661876566860217,0.2600474699510768,50,0.09375095414020537,50,1275
ct_w5_i3,5,evaluation,42,4096,2048,2048,independent_full_fisher,1,35.0,0.053916284683293014,0.053916284683293014,0.9541473785658213,0.9541473785658213,,0.1305569002497244,0,35,143360,0.9469192328633961,0.32582439177140693,50,0.07984960842085978,50,1275
ct_w5_i3,5,evaluation,50,4096,2048,2048,independent_full_fisher,1,26.0,0.040330682433930676,0.040330682433930676,0.9683136311145365,0.9683136311145365,,0.12455076162330164,0,26,106496,0.9682618801708207,0.25194491393627777,50,0.13329481787371772,50,1275
ct_w5_i3,5,evaluation,101,4096,2048,2048,independent_full_fisher,1,35.0,0.06351792121952116,0.06351792121952116,0.9558595388982386,0.9558595388982386,,0.24865646795506843,0,35,143360,0.9820452794813146,0.1894978655219393,50,0.15562885472642896,50,1275
ct_w5_i4,5,evaluation,0,64,32,32,independent_full_fisher,0,,1.00002739084435,1.00002739084435,2.2343338152999252e-27,0.9999832717654974,669780582884.8081,4.4704023035397e-05,1,199,12736,0.0708620184244808,1.363185960590498,23,0.844758064516129,51,1326
ct_w5_i4,5,evaluation,19,64,32,32,independent_full_fisher,0,,2.0001049288972297,2.0001049288972297,4.349799316821955e-33,0.9995516395128976,377378513671.1777,0.00015349943868870787,1,199,12736,0.09700548057361352,1.343870915993338,28,0.5887096774193548,51,1326
ct_w5_i4,5,evaluation,42,64,32,32,independent_full_fisher,0,,1.0000093558119616,1.0000093558119616,3.761507585837841e-16,0.9989499976009111,974826766829.1094,1.9006016718231197e-05,1,199,12736,0.1987442086130869,1.2659034650295522,31,0.9516129032258065,51,1326
ct_w5_i4,5,evaluation,50,64,32,32,independent_full_fisher,0,,2.0000309177462263,2.0000309177462263,6.840955675793824e-30,0.5032205436398414,,6.174651343677549e-05,0,199,12736,0.11497843397215128,1.3304296794854273,27,0.6915322580645162,51,1326
ct_w5_i4,5,evaluation,101,64,32,32,independent_full_fisher,0,,1.0000597144137249,1.0000597144137249,1.746577933544702e-24,0.9999682590281745,460449687921.10095,0.0001240244683120822,1,199,12736,0.0565955985599696,1.3736115909819855,26,0.6955645161290324,51,1326
ct_w5_i4,5,evaluation,0,256,128,128,independent_full_fisher,0,,1.0000005573645243,1.0000005573645243,1.494324271162263e-35,0.9999991319881796,806463531224.9,5.474821047234779e-07,1,199,50944,0.4941692419757752,1.0058138575543936,44,0.3743848425196852,51,1326
ct_w5_i4,5,evaluation,19,256,128,128,independent_full_fisher,0,,2.0000080937138076,2.0000080937138076,6.324146390774219e-32,0.6078477661732796,,1.4099953046151119e-05,0,199,50944,0.24911611000186765,1.2254663520457283,47,0.5027066929133854,51,1326
ct_w5_i4,5,evaluation,42,256,128,128,independent_full_fisher,0,,1.000229755029057,1.000229755029057,9.016424534679885e-28,0.9998757234429523,165764213017.654,0.0008793905954344025,1,199,50944,0.5284415396949291,0.971142070250353,49,0.46764271653543316,51,1326
ct_w5_i4,5,evaluation,50,256,128,128,independent_full_fisher,0,,1.0000009872512479,1.0000009872512479,4.8399615989401635e-18,0.9999937582872743,778663065571.6345,1.4042157973991347e-06,1,199,50944,0.1485222849237127,1.304973344613818,49,0.4333169291338584,51,1326
ct_w5_i4,5,evaluation,101,256,128,128,independent_full_fisher,0,,1.0000383612589712,1.0000383612589712,9.927967902119427e-18,0.5424552020626832,,8.26148330073466e-05,0,199,50944,0.07602481839037087,1.3593933806000595,44,0.31803641732283433,51,1326
ct_w5_i4,5,evaluation,0,1024,512,512,independent_full_fisher,1,46.0,0.08259663621937818,0.08259663621937818,0.9213164032014206,0.9213164032014206,,0.2154784175065765,0,46,47104,0.818962159002469,0.6017272488387588,51,0.2475538160469668,51,1326
ct_w5_i4,5,evaluation,19,1024,512,512,independent_full_fisher,1,61.0,0.07533594030166135,0.07533594030166135,0.9249771778110173,0.9249771778110173,,0.2534906425739874,0,61,62464,0.8892761831766873,0.4705822283582598,51,0.2273804427592952,51,1326
ct_w5_i4,5,evaluation,42,1024,512,512,independent_full_fisher,1,51.0,0.08787735356496462,0.08787735356496462,0.9205497431697437,0.9205497431697437,,0.46314231744954254,0,51,52224,0.9468531559872512,0.32602712774476017,51,0.21206121575342474,51,1326
ct_w5_i4,5,evaluation,50,1024,512,512,independent_full_fisher,0,,1.0000039045540294,1.0000039045540294,1.2050802572499638e-20,0.985642449019118,939007802889.2598,1.0590260812026375e-05,1,199,203776,0.9295333935314584,0.375410725655359,51,0.2153941413894328,51,1326
ct_w5_i4,5,evaluation,101,1024,512,512,independent_full_fisher,1,50.0,0.08223501155768176,0.08223501155768176,0.9409242651146691,0.9409242651146691,,0.21493484514805258,0,50,51200,0.7277195863131831,0.7379436478306686,49,0.2043328033268102,51,1326
ct_w5_i4,5,evaluation,0,4096,2048,2048,independent_full_fisher,1,32.0,0.0843423142387465,0.0843423142387465,0.9260460537659636,0.9260460537659636,,0.1539764426568289,0,32,131072,0.8942477479925934,0.4598961883021136,51,0.074213979298974,51,1326
ct_w5_i4,5,evaluation,19,4096,2048,2048,independent_full_fisher,1,59.0,0.051176102102987286,0.051176102102987286,0.9496732964477795,0.9496732964477795,,0.18683804183105368,0,59,241664,0.9696023212541578,0.24656714601034097,51,0.1261411516853932,51,1326
ct_w5_i4,5,evaluation,42,4096,2048,2048,independent_full_fisher,1,37.0,0.07074770333293579,0.07074770333293579,0.9417857652437932,0.9417857652437932,,0.3573999466496831,0,37,151552,0.9859758980951376,0.1674759797992679,51,0.1273471849047385,51,1326
ct_w5_i4,5,evaluation,50,4096,2048,2048,independent_full_fisher,1,61.0,0.061774150014702656,0.061774150014702656,0.953642223915335,0.953642223915335,,0.2377871703709568,0,61,249856,0.984086234889168,0.1784027192103978,51,0.08782669760625297,51,1326
ct_w5_i4,5,evaluation,101,4096,2048,2048,independent_full_fisher,1,49.0,0.044735908864169005,0.044735908864169005,0.9558852784157789,0.9558852784157789,,0.10159906786826058,0,49,200704,0.8916922068075137,0.46541979586709925,50,0.13812896922325357,51,1326
ct_w5_i5,5,evaluation,0,64,32,32,independent_full_fisher,0,,1.0003695072574246,1.0003695072574246,4.390889974101493e-19,0.9998182572422075,134143239769.36757,0.0005176495662191984,1,199,12736,0.0829101388938493,1.3543189145147094,29,0.774193548387097,49,1225
ct_w5_i5,5,evaluation,19,64,32,32,independent_full_fisher,0,,2.0001011421351578,2.0001011421351578,9.78049845860484e-27,0.5682034097087755,,0.0003296025824100774,0,199,12736,0.26042281878525714,1.2162049014987095,30,0.7600806451612903,49,1225
ct_w5_i5,5,evaluation,42,64,32,32,independent_full_fisher,0,,1.0000239702915685,1.0000239702915685,2.4016709314970814e-21,0.61664866591502,,4.379346808057124e-05,0,199,12736,0.23743039220724088,1.2349652689794632,31,1.181451612903226,49,1225
ct_w5_i5,5,evaluation,50,64,32,32,independent_full_fisher,0,,2.0000260900740443,2.0000260900740443,1.2112015044427886e-38,0.9998907695921442,840373044816.5927,5.477226115242798e-05,1,199,12736,0.3136374223875243,1.1716335413536738,30,0.9778225806451611,49,1225
ct_w5_i5,5,evaluation,101,64,32,32,independent_full_fisher,0,,1.0000119032942418,1.0000119032942418,5.1733170910081234e-33,0.9999826472283165,131503926414.36378,1.4455179761194402e-05,1,199,12736,0.2786414476151416,1.201131593444164,25,0.9314516129032261,49,1225
ct_w5_i5,5,evaluation,0,256,128,128,independent_full_fisher,1,48.0,0.05948535396678345,0.05948535396678345,0.9412916351879868,0.9412916351879868,,0.19765285931900875,0,48,12288,0.6722173074293792,0.8096699235745647,48,0.40317421259842523,49,1225
ct_w5_i5,5,evaluation,19,256,128,128,independent_full_fisher,1,34.0,0.08669441550013524,0.08669441550013524,0.925665678090022,0.925665678090022,,0.3207615656508727,0,34,8704,0.08976979677281216,1.3492443835178178,46,0.41879921259842556,49,1225
ct_w5_i5,5,evaluation,42,256,128,128,independent_full_fisher,0,,1.0000004540842493,1.0000004540842493,3.666790289754625e-32,0.9998113501338436,543346585058.5916,6.240859732740565e-07,1,199,50944,-0.3383531519279855,1.6360642725320942,45,0.4512795275590553,49,1225
ct_w5_i5,5,evaluation,50,256,128,128,independent_full_fisher,1,48.0,0.09017563819231711,0.09017563819231711,0.9211677608341495,0.9211677608341495,,0.13391954584313703,0,48,12288,0.3465516470079744,1.1431958301113816,48,0.4429133858267722,49,1225
ct_w5_i5,5,evaluation,101,256,128,128,independent_full_fisher,0,,1.0000154023741779,1.0000154023741779,9.46762576332136e-38,0.4172967416512522,,1.5183472119937083e-05,0,199,50944,0.43037434733638213,1.0673571592148692,47,0.47637795275590533,49,1225
ct_w5_i5,5,evaluation,0,1024,512,512,independent_full_fisher,1,70.0,0.09230444167205576,0.09230444167205576,0.9093231934063274,0.9093231934063274,,0.23537582167916482,0,70,71680,0.4455664122871027,1.0530276232966513,48,0.2765181629158514,49,1225
ct_w5_i5,5,evaluation,19,1024,512,512,independent_full_fisher,1,75.0,0.06941967045242947,0.06941967045242947,0.9307192382980136,0.9307192382980136,,0.6041096479672593,0,75,76800,0.9713745097508453,0.2392717712107086,49,0.196153375733855,49,1225
ct_w5_i5,5,evaluation,42,1024,512,512,independent_full_fisher,1,67.0,0.03636935265751262,0.03636935265751262,0.9704825991401252,0.9704825991401252,,0.15440700684046657,0,67,68608,0.9267471400279391,0.3827606562123674,49,0.34247339774951063,49,1225
ct_w5_i5,5,evaluation,50,1024,512,512,independent_full_fisher,1,39.0,0.07478831320656631,0.07478831320656631,0.9315626216251954,0.9315626216251954,,0.19363565913514266,0,39,39936,0.9201492367324269,0.39962673400955845,49,0.28186154598825813,49,1225
ct_w5_i5,5,evaluation,101,1024,512,512,independent_full_fisher,0,,0.9999868344769656,1.0000166502583436,7.800654613944531e-12,0.9819503440117245,963237042475.388,2.858042642746581e-05,1,199,203776,0.9301930528495914,0.37364942700453496,49,0.20107632093933459,49,1225
ct_w5_i5,5,evaluation,0,4096,2048,2048,independent_full_fisher,1,40.0,0.07331775174775146,0.07331775174775146,0.9345097317661218,0.9345097317661218,,0.1717999629884743,0,40,163840,0.9635206040093671,0.27010885209719737,49,0.12370093811064972,49,1225
ct_w5_i5,5,evaluation,19,4096,2048,2048,independent_full_fisher,1,30.0,0.09571558547528447,0.09571558547528447,0.9116004309280601,0.9116004309280601,,0.4681169684544207,0,30,122880,0.9871473247679028,0.16032888218968516,49,0.122500152662433,49,1225
ct_w5_i5,5,evaluation,42,4096,2048,2048,independent_full_fisher,1,36.0,0.048590723246119794,0.048590723246119794,0.9584647791703272,0.9584647791703272,,0.21851923640206047,0,36,147456,0.984520928151989,0.17594926455095616,49,0.12822881045432366,49,1225
ct_w5_i5,5,evaluation,50,4096,2048,2048,independent_full_fisher,1,23.0,0.0735987012971222,0.0735987012971222,0.931442216931111,0.931442216931111,,0.15245474362062042,0,23,94208,0.9782674497790053,0.2084828540719575,49,0.11447678767708833,49,1225
ct_w5_i5,5,evaluation,101,4096,2048,2048,independent_full_fisher,1,59.0,0.09770580294674858,0.09770580294674858,0.9250103999453317,0.9250103999453317,,0.2783940121108634,0,59,241664,0.9868006236005946,0.1624769300510423,49,0.10879440568514906,49,1225
ct_w6_i1,6,calibration,0,64,32,32,independent_full_fisher,0,,3.0000298613524556,3.0000298613524556,2.806943804390981e-31,0.9999828955863257,41329163579.58568,7.094473275631701e-05,1,199,12736,0.30900465474146216,1.1755810012572827,30,0.743951612903226,52,1378
ct_w6_i1,6,calibration,19,64,32,32,independent_full_fisher,1,16.0,0.09635842030894892,0.09635842030894892,0.9190645289000846,0.9190645289000846,,0.1367373187146034,0,16,1024,0.2835782188051278,1.1970144370013858,29,0.9314516129032258,52,1378
ct_w6_i1,6,calibration,42,64,32,32,independent_full_fisher,0,,1.000603395884701,1.000603395884701,1.799726646157788e-19,0.5085192567735654,,0.0018147519867834938,0,199,12736,0.32892045245192214,1.1585159019608475,29,1.0665322580645162,52,1378
ct_w6_i1,6,calibration,50,64,32,32,independent_full_fisher,0,,2.00009699829031,2.00009699829031,7.776895908100724e-19,0.9999702030261756,275198850215.6222,0.0002066548855565116,1,199,12736,0.21541494666382194,1.2526652013496489,28,1.1229838709677415,52,1378
ct_w6_i1,6,calibration,101,64,32,32,independent_full_fisher,1,10.0,0.05706136646596072,0.05706136646596072,0.9712970207800607,0.9712970207800607,,0.17822282499194245,0,10,640,0.260769171304447,1.215920086761916,29,0.8629032258064517,52,1378
ct_w6_i1,6,calibration,0,256,128,128,independent_full_fisher,1,45.0,0.07302344413381867,0.07302344413381867,0.9318335463387024,0.9318335463387024,,0.4342518119633417,0,45,11520,0.3110858974836816,1.1738092711478458,51,0.5864911417322833,52,1378
ct_w6_i1,6,calibration,19,256,128,128,independent_full_fisher,0,,1.0000185046690646,1.0000185046690646,8.236092655999471e-30,0.9990048847764683,884546113782.2268,3.1493798379110623e-05,1,199,50944,-0.32792561121578007,1.629678257335343,50,0.4431594488188976,52,1378
ct_w6_i1,6,calibration,42,256,128,128,independent_full_fisher,0,,1.0000330738349987,1.0000330738349987,2.8572957753089467e-30,0.9999774205469049,493789582446.0692,5.3705043178765795e-05,1,199,50944,0.2749635080228024,1.204189762435471,50,0.434547244094488,52,1378
ct_w6_i1,6,calibration,50,256,128,128,independent_full_fisher,0,,2.0000336142238897,2.0000336142238897,5.526146126415398e-30,0.9782770120798804,888611860269.7219,4.640533453125664e-05,1,199,50944,-0.10925191124970801,1.4894642736566113,49,0.5706200787401574,52,1378
ct_w6_i1,6,calibration,101,256,128,128,independent_full_fisher,1,33.0,0.09044595213145001,0.09044595213145001,0.9232621082979118,0.9232621082979118,,0.27462767739302113,0,33,8448,-0.3629330364379501,1.6510197069919854,51,0.5578248031496065,52,1378
ct_w6_i1,6,calibration,0,1024,512,512,independent_full_fisher,1,58.0,0.06999579868065986,0.06999579868065986,0.930833960123811,0.930833960123811,,0.5597830672150905,0,58,59392,0.9335354923703795,0.3645943159996339,52,0.22536998532289684,52,1378
ct_w6_i1,6,calibration,19,1024,512,512,independent_full_fisher,1,67.0,0.06242543398278855,0.06242543398278855,0.9451754879232436,0.9451754879232436,,0.16772854646698862,0,67,68608,0.8911037984865551,0.46668233631335326,52,0.2550452544031311,52,1378
ct_w6_i1,6,calibration,42,1024,512,512,independent_full_fisher,1,36.0,0.09989153471625656,0.09989153471625656,0.9400105985342029,0.9400105985342029,,0.24316400775761354,0,36,36864,0.859958165446008,0.5292293161834327,52,0.18633041829745578,52,1378
ct_w6_i1,6,calibration,50,1024,512,512,independent_full_fisher,1,66.0,0.04740561392817355,0.04740561392817355,0.953811179658475,0.953811179658475,,0.1943297857746086,0,66,67584,0.8113161628805001,0.6143025917567012,52,0.1802073140900196,52,1378
ct_w6_i1,6,calibration,101,1024,512,512,independent_full_fisher,1,68.0,0.07053324791592352,0.07053324791592352,0.9374006083294586,0.9374006083294586,,0.34628569982076507,0,68,69632,0.9139320721647625,0.41489258329171824,52,0.2781081824853229,52,1378
ct_w6_i1,6,calibration,0,4096,2048,2048,independent_full_fisher,1,44.0,0.0795568104511517,0.0795568104511517,0.9239277688342589,0.9239277688342589,,0.4715056084638375,0,44,180224,0.9841207251608606,0.17820928617296886,52,0.11456313736565694,52,1378
ct_w6_i1,6,calibration,19,4096,2048,2048,independent_full_fisher,1,43.0,0.06470446189831058,0.06470446189831058,0.9404412914033854,0.9404412914033854,,0.23878999013458097,0,43,176128,0.9703889789788985,0.24335579311412187,52,0.2284602848680998,52,1378
ct_w6_i1,6,calibration,42,4096,2048,2048,independent_full_fisher,1,50.0,0.05331646203916662,0.05331646203916662,0.9546474319134507,0.9546474319134507,,0.2661136489392717,0,50,204800,0.9881229206393444,0.1541238421572455,52,0.1346721192598926,52,1378
ct_w6_i1,6,calibration,50,4096,2048,2048,independent_full_fisher,1,59.0,0.06313963569937187,0.06313963569937187,0.944203423030663,0.944203423030663,,0.23424755772100594,0,59,241664,0.9670976499925831,0.2565242678867523,52,0.14894510258915458,52,1378
ct_w6_i1,6,calibration,101,4096,2048,2048,independent_full_fisher,1,38.0,0.0747298003953123,0.0747298003953123,0.928392893846348,0.928392893846348,,0.3678007405550839,0,38,155648,0.9700046266320256,0.24493008540387473,52,0.14168695804836345,52,1378
ct_w6_i2,6,evaluation,0,64,32,32,independent_full_fisher,0,,1.0000617010949213,1.0000617010949213,1.991347417021269e-16,0.999959246341317,171858517086.79367,0.00011329108456848218,1,199,12736,0.10582239719059944,1.3372939862344408,28,0.8528225806451609,52,1378
ct_w6_i2,6,evaluation,19,64,32,32,independent_full_fisher,0,,1.000007746314001,1.000007746314001,7.785992441256755e-37,0.999996205490674,816040090173.1125,1.0426832910603841e-05,1,199,12736,0.07350507415908251,1.3612456984989283,21,0.6229838709677417,52,1378
ct_w6_i2,6,evaluation,42,64,32,32,independent_full_fisher,0,,1.0000836015434764,1.0000836015434764,1.3457919431995867e-18,0.9999222097265973,829322837164.2408,0.00016584308591067966,1,199,12736,0.17066245487576176,1.2878956053378225,27,1.5322580645161294,52,1378
ct_w6_i2,6,evaluation,50,64,32,32,independent_full_fisher,0,,1.0000724984868974,1.0000724984868974,2.530198993853116e-21,0.999962861333558,229918821127.20605,0.0001309239331028582,1,199,12736,0.1903823090575671,1.2724918003212697,29,1.2096774193548385,52,1378
ct_w6_i2,6,evaluation,101,64,32,32,independent_full_fisher,1,15.0,0.06092902017194213,0.06092902017194213,0.956447037154675,0.956447037154675,,0.04200181718402778,0,15,960,0.006317609196614757,1.4097392601494685,23,1.122983870967742,52,1378
ct_w6_i2,6,evaluation,0,256,128,128,independent_full_fisher,1,30.0,0.036395809110848276,0.036395809110848276,0.9642126426257709,0.9642126426257709,,0.09702436902866464,0,30,7680,0.42335704170423344,1.0739115031470392,44,0.7172736220472442,52,1378
ct_w6_i2,6,evaluation,19,256,128,128,independent_full_fisher,0,,2.0000040479578036,2.0000040479578036,7.157511104022757e-32,0.9387016921970395,311942185828.4949,4.1679786178662656e-05,1,199,50944,0.2709715462180236,1.2075002722831796,42,0.45435531496063,52,1378
ct_w6_i2,6,evaluation,42,256,128,128,independent_full_fisher,0,,1.0000053338406545,1.0000053338406545,2.479351375632536e-38,0.9999978038855645,280263573829.7349,1.3140408745038082e-05,1,199,50944,0.3693835747703862,1.1230462370086227,49,0.5153789370078738,52,1378
ct_w6_i2,6,evaluation,50,256,128,128,independent_full_fisher,0,,2.0000037776072457,2.0000037776072457,5.754819209205527e-36,0.9869939623361684,297947329806.8199,7.868266287337373e-06,1,199,50944,0.3888739714669321,1.1055550900186457,49,0.45275590551181105,52,1378
ct_w6_i2,6,evaluation,101,256,128,128,independent_full_fisher,0,,1.0000080722979199,1.0000080722979199,9.132537674339773e-42,0.9999898917849436,528117848885.0832,5.894957496947974e-06,1,199,50944,0.20176680064938673,1.263513513462055,43,0.4366387795275589,52,1378
ct_w6_i2,6,evaluation,0,1024,512,512,independent_full_fisher,1,28.0,0.08340700988866523,0.08340700988866523,0.93373304005703,0.93373304005703,,0.2805011460809758,0,28,28672,0.9392165023425725,0.3486645885587678,52,0.28637169765166337,52,1378
ct_w6_i2,6,evaluation,19,1024,512,512,independent_full_fisher,0,,0.12164700038396248,1.000000534961476,8.602943034187948e-10,0.999843465297241,765580738549.3134,7.613994631058261e-07,1,199,203776,0.2791453321504164,1.2007120119742147,51,0.18775990704500967,52,1378
ct_w6_i2,6,evaluation,42,1024,512,512,independent_full_fisher,1,59.0,0.07014292852184312,0.07014292852184312,0.9364174874579895,0.9364174874579895,,0.1702377176927055,0,59,60416,0.9572466704035831,0.29241521710204144,52,0.23478014921722043,52,1378
ct_w6_i2,6,evaluation,50,1024,512,512,independent_full_fisher,1,43.0,0.08589881206676608,0.08589881206676608,0.9224728787177279,0.9224728787177279,,0.3073346070846847,0,43,44032,0.9263597862661018,0.38377132184127133,52,0.23265502690802328,52,1378
ct_w6_i2,6,evaluation,101,1024,512,512,independent_full_fisher,1,26.0,0.06357726855718226,0.06357726855718226,0.9510844094171197,0.9510844094171197,,0.05504133059929452,0,26,26624,0.30925319254101247,1.1753695652508511,52,0.2967679794520548,52,1378
ct_w6_i2,6,evaluation,0,4096,2048,2048,independent_full_fisher,1,27.0,0.06313677570316756,0.06313677570316756,0.958785645562504,0.958785645562504,,0.24424827742646446,0,27,110592,0.9749441787307106,0.22385629885839492,52,0.10246416249389345,52,1378
ct_w6_i2,6,evaluation,19,4096,2048,2048,independent_full_fisher,1,73.0,0.047030802651523373,0.047030802651523373,0.9663280516651096,0.9663280516651096,,0.17668154154747362,0,73,299008,0.9203395107408997,0.39915032070411804,52,0.09563872053615036,52,1378
ct_w6_i2,6,evaluation,42,4096,2048,2048,independent_full_fisher,1,50.0,0.07800035195215571,0.07800035195215571,0.9316326373098114,0.9316326373098114,,0.31446300622935014,0,50,204800,0.9792819713690741,0.2035584860963844,52,0.13864754442476807,52,1378
ct_w6_i2,6,evaluation,50,4096,2048,2048,independent_full_fisher,1,60.0,0.08467799202224313,0.08467799202224313,0.9203212385525055,0.9203212385525055,,0.1577250004460501,0,60,245760,0.9884782808879865,0.15180065291041006,52,0.11267632510991721,52,1378
ct_w6_i2,6,evaluation,101,4096,2048,2048,independent_full_fisher,1,30.0,0.05776829036194897,0.05776829036194897,0.9486977187846272,0.9486977187846272,,0.03927670716444552,0,30,122880,0.9597954630584781,0.2835649376827892,52,0.10133636877137275,52,1378
ct_w6_i3,6,evaluation,0,64,32,32,independent_full_fisher,1,12.0,0.08021994176366043,0.08021994176366043,0.95993488281521,0.95993488281521,,0.18767701186441918,0,12,768,0.2144147741595962,1.2534633826645305,23,1.11491935483871,52,1378
ct_w6_i3,6,evaluation,19,64,32,32,independent_full_fisher,0,,2.0000079992438664,2.0000079992438664,4.314344984902196e-27,0.9997430387482804,627527591206.898,1.8991425580336483e-05,1,199,12736,0.14847954952573747,1.3050060923032218,28,0.8467741935483868,52,1378
ct_w6_i3,6,evaluation,42,64,32,32,independent_full_fisher,0,,2.0000419642155105,2.0000419642155105,9.428600071176195e-25,0.996931402910958,826976364943.6141,7.517458006628191e-05,1,199,12736,0.24447763609687675,1.2292455929578299,29,1.6169354838709675,52,1378
ct_w6_i3,6,evaluation,50,64,32,32,independent_full_fisher,0,,1.0001498762146745,1.0001498762146745,1.0633493578429993e-40,0.9998531571574634,408513716760.9743,0.0003437097298879968,1,199,12736,0.19980104378161895,1.265068342990513,31,0.9032258064516124,52,1378
ct_w6_i3,6,evaluation,101,64,32,32,independent_full_fisher,0,,1.0000292807586355,1.0000292807586355,2.2274613434101693e-06,0.646755725996138,,5.113390753326315e-05,0,199,12736,0.2544389349914635,1.2211151174304056,21,0.6895161290322581,52,1378
ct_w6_i3,6,evaluation,0,256,128,128,independent_full_fisher,0,,1.0000280912483372,1.0000280912483372,9.831850755310261e-26,0.4823470636976701,,8.78514983399722e-05,0,199,50944,0.038659777558547936,1.3866075309484311,50,0.2588582677165354,52,1378
ct_w6_i3,6,evaluation,19,256,128,128,independent_full_fisher,0,,2.0000006418293026,2.0000006418293026,3.1172811670728356e-30,0.9999992617229257,698171819526.6205,1.7221586935452978e-06,1,199,50944,-0.06387725522756507,1.4586824570327601,50,0.483882874015748,52,1378
ct_w6_i3,6,evaluation,42,256,128,128,independent_full_fisher,0,,2.0000606262458778,2.000061346980832,1.303825041478827e-24,0.8324965245059246,,0.00013601066788720796,0,199,50944,0.31108554550441414,1.1738095710085055,51,0.607529527559055,52,1378
ct_w6_i3,6,evaluation,50,256,128,128,independent_full_fisher,0,,1.0000289507752207,1.0000289507752207,3.5089148461299e-08,0.9966283680232225,527645164434.8135,4.821606839723213e-05,1,199,50944,-0.04490135874029253,1.4456149962837912,50,0.39124015748031526,52,1378
ct_w6_i3,6,evaluation,101,256,128,128,independent_full_fisher,0,,1.0000210333676236,1.0000210333676236,1.1698870430340736e-26,0.9999923131826873,729681650394.2965,3.203694487465576e-05,1,199,50944,0.24475848707698247,1.2290170974587924,39,0.47244094488188954,52,1378
ct_w6_i3,6,evaluation,0,1024,512,512,independent_full_fisher,1,59.0,0.05672076464334985,0.05672076464334985,0.9439252922918612,0.9439252922918612,,0.28051756808997713,0,59,60416,0.847135640781694,0.552927407926766,52,0.14101486056751458,52,1378
ct_w6_i3,6,evaluation,19,1024,512,512,independent_full_fisher,1,38.0,0.001201358185447532,0.001201358185447532,0.9988236791222833,0.9988236791222833,,0.0034993504385802893,0,38,38912,0.9598442740041351,0.28339275218630783,52,0.24078858855185875,52,1378
ct_w6_i3,6,evaluation,42,1024,512,512,independent_full_fisher,0,,0.6148429071144381,1.0000118112820449,6.117705422406891e-19,0.9999749619803036,718514328074.3114,3.121182305487377e-05,1,199,203776,0.9369742359504174,0.3550373615539143,52,0.22455968688845387,52,1378
ct_w6_i3,6,evaluation,50,1024,512,512,independent_full_fisher,1,41.0,0.07243813949520295,0.07243813949520295,0.9410388012504718,0.9410388012504718,,0.3622629939794463,0,41,41984,0.9248971837785865,0.3875637140430299,52,0.17990918542074366,52,1378
ct_w6_i3,6,evaluation,101,1024,512,512,independent_full_fisher,1,74.0,0.0555093568193854,0.0555093568193854,0.9452398534526556,0.9452398534526556,,0.18274569652771772,0,74,75776,0.745312086305463,0.7137057008242786,52,0.23562866927592974,52,1378
ct_w6_i3,6,evaluation,0,4096,2048,2048,independent_full_fisher,1,44.0,0.07879938519047869,0.07879938519047869,0.9328690781320103,0.9328690781320103,,0.3227297745552245,0,44,180224,0.9801882150161354,0.19905670038390844,52,0.14019277448705425,52,1378
ct_w6_i3,6,evaluation,19,4096,2048,2048,independent_full_fisher,1,46.0,0.06304854009155925,0.06304854009155925,0.9404204235311114,0.9404204235311114,,0.38009952544841524,0,46,188416,0.9730205081244332,0.2322907310917373,52,0.09470891090620448,52,1378
ct_w6_i3,6,evaluation,42,4096,2048,2048,independent_full_fisher,1,44.0,0.0728712325185299,0.0728712325185299,0.9302248821189508,0.9302248821189508,,0.2724691843326539,0,44,180224,0.9768397411599514,0.2152220195056664,52,0.10698106222520773,52,1378
ct_w6_i3,6,evaluation,50,4096,2048,2048,independent_full_fisher,1,46.0,0.06448129305893957,0.06448129305893957,0.9480323370109527,0.9480323370109527,,0.30826128722245666,0,46,188416,0.9863774116938152,0.16506112992576347,52,0.1350170409440645,52,1378
ct_w6_i3,6,evaluation,101,4096,2048,2048,independent_full_fisher,1,76.0,0.07286681727258149,0.07286681727258149,0.9290130407227504,0.9290130407227504,,0.33610448768705486,0,76,311296,0.974495528099469,0.22585159685302583,52,0.10601547233756703,52,1378
ct_w6_i4,6,evaluation,0,64,32,32,independent_full_fisher,0,,1.0004454191126086,1.0004454191126086,1.7037817177351558e-14,0.9996629586296227,26152367658.54785,0.00048428207420039284,1,199,12736,0.048387842837807095,1.3795739611649627,15,0.782258064516129,52,1378
ct_w6_i4,6,evaluation,19,64,32,32,independent_full_fisher,0,,1.0000008886140268,1.0000008886140268,1.0567352233168245e-38,0.9999993801195431,608322277804.5522,6.415304902528471e-07,1,199,12736,0.15756565552834834,1.2980249184600823,25,1.064516129032258,52,1378
ct_w6_i4,6,evaluation,42,64,32,32,independent_full_fisher,0,,3.000090428278524,3.000090428278524,3.999331807402983e-31,0.9999176329095181,222319533682.2724,0.00012459517335235444,1,199,12736,0.11216090988217542,1.3325457516481933,27,0.6391129032258067,52,1378
ct_w6_i4,6,evaluation,50,64,32,32,independent_full_fisher,1,9.0,0.07624184674810053,0.07624184674810053,0.9302522207833417,0.9302522207833417,,0.09849060540606909,0,9,576,0.1728629147846011,1.2861859004167313,30,0.752016129032258,52,1378
ct_w6_i4,6,evaluation,101,64,32,32,independent_full_fisher,0,,1.0000142249761304,1.0000142249761304,8.353201847170195e-12,0.9999556030186441,896308858259.1223,1.5799037099616574e-05,1,199,12736,0.18424111268698506,1.2773088015926415,25,0.9274193548387096,52,1378
ct_w6_i4,6,evaluation,0,256,128,128,independent_full_fisher,1,19.0,0.04380208491055271,0.04380208491055271,0.9574492503411118,0.9574492503411118,,0.029871408149785766,0,19,4864,-0.045935652976866,1.4463302893715986,34,0.5013533464566929,52,1378
ct_w6_i4,6,evaluation,19,256,128,128,independent_full_fisher,1,35.0,0.04368099207887788,0.04368099207887788,0.9580693532907879,0.9580693532907879,,0.032341207012289375,0,35,8960,0.41665997724702,1.080129642916053,44,0.34350393700787396,52,1378
ct_w6_i4,6,evaluation,42,256,128,128,independent_full_fisher,0,,1.0001206422690583,1.0001206422690583,2.424057873655798e-35,0.9998799974693701,338554315686.66473,0.00021927567262230123,1,199,50944,0.4176210119523951,1.0792395360137665,47,0.5258366141732282,52,1378
ct_w6_i4,6,evaluation,50,256,128,128,independent_full_fisher,0,,1.0000312390659847,1.0000312390659847,6.746199080616815e-14,0.4890611634676629,,6.89116811918702e-05,0,199,50944,0.3739463466471851,1.1189760081009914,45,0.4489419291338582,52,1378
ct_w6_i4,6,evaluation,101,256,128,128,independent_full_fisher,0,,1.000114209205826,1.000114209205826,2.6784936018375646e-13,0.939741864541256,751363960162.2885,0.0001386113202413393,1,199,50944,0.22286947436473112,1.2467000646789659,45,0.5233759842519685,52,1378
ct_w6_i4,6,evaluation,0,1024,512,512,independent_full_fisher,1,46.0,0.0938343060229272,0.0938343060229272,0.9221060425526281,0.9221060425526281,,0.17116652190395124,0,46,47104,0.3339253063005981,1.1541877608945625,49,0.3180803571428571,52,1378
ct_w6_i4,6,evaluation,19,1024,512,512,independent_full_fisher,0,,1.0000075100303487,1.0000075100303487,1.9787464970974462e-30,0.9947051719771329,627033495665.77,8.456493753907913e-06,1,199,203776,0.8936709327047688,0.4611487120121469,52,0.320251345401174,52,1378
ct_w6_i4,6,evaluation,42,1024,512,512,independent_full_fisher,0,,0.13580801336679293,1.9999977595077532,1.6118179212960199e-18,0.9999959277972557,568593801395.2291,8.728611277772659e-06,1,199,203776,0.8694781390145602,0.5109243798947936,52,0.19770517367906082,52,1378
ct_w6_i4,6,evaluation,50,1024,512,512,independent_full_fisher,1,63.0,0.09189851587565911,0.09189851587565911,0.9375982030900425,0.9375982030900425,,0.2613461892067596,0,63,64512,0.4622502616050842,1.0370629087908947,51,0.23971838307240712,52,1378
ct_w6_i4,6,evaluation,101,1024,512,512,independent_full_fisher,1,49.0,0.08180084172184188,0.08180084172184188,0.9340628550484087,0.9340628550484087,,0.3031490589564071,0,49,50176,0.43864231546371524,1.059582639095493,50,0.20853718199608617,52,1378
ct_w6_i4,6,evaluation,0,4096,2048,2048,independent_full_fisher,1,32.0,0.08372755031360235,0.08372755031360235,0.9334768831176787,0.9334768831176787,,0.07355995294307455,0,32,131072,0.9429874220338191,0.3376761109885644,52,0.11094122114680016,52,1378
ct_w6_i4,6,evaluation,19,4096,2048,2048,independent_full_fisher,1,77.0,0.06843422181897019,0.06843422181897019,0.9431202679733214,0.9431202679733214,,0.1720365903392668,0,77,315392,0.7900087070684019,0.6480606344032912,52,0.07261961101612102,52,1378
ct_w6_i4,6,evaluation,42,4096,2048,2048,independent_full_fisher,1,48.0,0.0820093804319093,0.0820093804319093,0.927508968732751,0.927508968732751,,0.2668140083746562,0,48,196608,0.9344888982656148,0.36196989304190863,52,0.14294403776868578,52,1378
ct_w6_i4,6,evaluation,50,4096,2048,2048,independent_full_fisher,1,57.0,0.0622596953132728,0.0622596953132728,0.9553674498857612,0.9553674498857612,,0.19178735369459038,0,57,233472,0.9417535122634499,0.34131067295515366,52,0.11879999694675186,52,1378
ct_w6_i4,6,evaluation,101,4096,2048,2048,independent_full_fisher,1,66.0,0.0349971864165326,0.0349971864165326,0.9773904236823341,0.9773904236823341,,0.12938491093636947,0,66,270336,0.9025505167341277,0.44147363061879996,52,0.12273677943331751,52,1378
ct_w6_i5,6,evaluation,0,64,32,32,independent_full_fisher,0,,1.0001409760010471,1.0001409760010471,1.2976254800822268e-28,0.5578530518130509,,0.0002502785823322529,0,199,12736,0.14983383755890353,1.3039679155877235,29,1.120967741935484,53,1431
ct_w6_i5,6,evaluation,19,64,32,32,independent_full_fisher,0,,2.0000140794326633,2.0000140794326633,6.684534575164756e-15,0.4909546867897867,,3.1444585518842415e-05,0,199,12736,0.23575143573247417,1.2363240386464431,31,0.7580645161290325,53,1431
ct_w6_i5,6,evaluation,42,64,32,32,independent_full_fisher,0,,1.0000556875405877,1.0000556875405877,4.423592982348219e-26,0.9999599843062091,402840597282.22906,6.815367599301698e-05,1,199,12736,0.24581249179897807,1.2281591983134938,29,1.1794354838709675,53,1431
ct_w6_i5,6,evaluation,50,64,32,32,independent_full_fisher,1,13.0,0.08263353907809012,0.08263353907809012,0.9230337205629823,0.9230337205629823,,0.13508153736771433,0,13,832,0.30905200049882203,1.1755407262202173,29,0.7116935483870968,53,1431
ct_w6_i5,6,evaluation,101,64,32,32,independent_full_fisher,0,,1.000014124110363,1.000014124110363,1.5138348006395345e-29,0.9999914166229248,322058988449.3153,2.911825974772731e-05,1,199,12736,0.3912941441002041,1.1033638166079183,29,0.9758064516129032,53,1431
ct_w6_i5,6,evaluation,0,256,128,128,independent_full_fisher,0,,2.000009996667904,2.000009996667904,2.964066563550612e-18,0.6269259686662529,,2.0946860869212056e-05,0,199,50944,-0.23028342823078496,1.5686194109667166,51,0.47145669291338554,53,1431
ct_w6_i5,6,evaluation,19,256,128,128,independent_full_fisher,0,,3.000007762093599,3.000007762093599,4.305508786851394e-25,0.52202901696963,,1.6536206375474736e-05,0,199,50944,0.2621276670715874,1.2148023155463714,50,0.5198080708661418,53,1431
ct_w6_i5,6,evaluation,42,256,128,128,independent_full_fisher,0,,2.000010302692411,2.000010302692411,6.320767851514029e-17,0.9607772806511844,338370713835.67596,2.2203006175571075e-05,1,199,50944,0.2791452947714744,1.2007120431048617,52,0.6958661417322834,53,1431
ct_w6_i5,6,evaluation,50,256,128,128,independent_full_fisher,1,26.0,0.048894524910188863,0.048894524910188863,0.95235913721088,0.95235913721088,,0.0855757571789883,0,26,6656,0.2850593907367402,1.195776408249686,50,0.4258120078740155,53,1431
ct_w6_i5,6,evaluation,101,256,128,128,independent_full_fisher,0,,2.000000103424137,2.000000103424137,2.420628668002191e-34,0.9925890760960234,599259941420.0576,1.9640005356604728e-07,1,199,50944,-0.4652396444665038,1.7118642729296643,50,0.5417076771653543,53,1431
ct_w6_i5,6,evaluation,0,1024,512,512,independent_full_fisher,0,,0.4793172871974374,2.000000294397374,2.217207922172175e-26,0.9999819540715033,550892104694.8851,5.027662020570872e-07,1,199,203776,0.8894196460042146,0.47027726714308665,53,0.1993487035225049,53,1431
ct_w6_i5,6,evaluation,19,1024,512,512,independent_full_fisher,1,55.0,0.030476327962976058,0.030476327962976058,0.9739871290930691,0.9739871290930691,,0.13428788317199658,0,55,56320,0.9390061375653356,0.34926741169099756,53,0.2368058953033269,53,1431
ct_w6_i5,6,evaluation,42,1024,512,512,independent_full_fisher,1,58.0,0.03470774585566261,0.03470774585566261,0.967677351469542,0.967677351469542,,0.16655102592030785,0,58,59392,0.9571719251620036,0.29267071885652146,53,0.2725966242661447,53,1431
ct_w6_i5,6,evaluation,50,1024,512,512,independent_full_fisher,0,,0.4458706408676196,1.0000160587281606,8.347428151287083e-26,0.9999915425837659,721760836410.7627,3.4085940170817544e-05,1,199,203776,0.5785004975361009,0.9181497726012889,51,0.22191475048923676,53,1431
ct_w6_i5,6,evaluation,101,1024,512,512,independent_full_fisher,1,55.0,0.06672382532709165,0.06672382532709165,0.9576794423260961,0.9576794423260961,,0.3433243012412308,0,55,56320,0.9457205593255202,0.3294827481810847,53,0.2131390655577299,53,1431
ct_w6_i5,6,evaluation,0,4096,2048,2048,independent_full_fisher,1,39.0,0.056824429996382264,0.056824429996382264,0.9446958519757281,0.9446958519757281,,0.19914839889834332,0,39,159744,0.9845507209972635,0.17577985665448773,53,0.12646985298607744,53,1431
ct_w6_i5,6,evaluation,19,4096,2048,2048,independent_full_fisher,1,47.0,0.05147118114848759,0.05147118114848759,0.966159441133342,0.966159441133342,,0.16886614435185757,0,47,192512,0.984274369387711,0.1773450343950402,53,0.13683610924523693,53,1431
ct_w6_i5,6,evaluation,42,4096,2048,2048,independent_full_fisher,1,33.0,0.09537579339293245,0.09537579339293245,0.9150024570587715,0.9150024570587715,,0.24144806748129763,0,33,135168,0.980584709310585,0.1970547674602936,53,0.11739264014411321,53,1431
ct_w6_i5,6,evaluation,50,4096,2048,2048,independent_full_fisher,1,24.0,0.09913818964248655,0.09913818964248655,0.9312527065760157,0.9312527065760157,,0.32737910307846296,0,24,98304,0.9694074247626503,0.24735632289209697,53,0.11534266991328757,53,1431
ct_w6_i5,6,evaluation,101,4096,2048,2048,independent_full_fisher,1,53.0,0.06174119369615383,0.06174119369615383,0.9429648103967704,0.9429648103967704,,0.2761442831163704,0,53,217088,0.9788175485412015,0.2058273619264385,53,0.165165486077186,53,1431
